0,1,2,3,4,5,6,7,8,9,10,11,12,13,14,15,16,17,18,19,20
0.9648551572625859,0.9808759618165681,0.9755769094133268,0.9579122767402743,0.9783846688917921,0.9796676482156224,0.966914020538704,0.9796676463605258,0.9770226293791145,0.9808759649611746,0.9740426426138259,0.9770226300063438,0.9796676469170548,0.9796676451732639,0.9820137928343533,0.9796676482527243,0.9820137900708078,0.9830850893969988,0.9840936119327711,0.9808759623406693,0.9770226277901335
0.9740426410597132,0.9399133447766224,0.9324533116759811,0.9099070035949657,0.9433475736965741,0.904650536386234,0.9465966658688457,0.9196425223682085,0.952574122783325,0.9465966750964615,0.9284087975841903,0.9399133500363829,0.9496693636632753,0.9525741261492485,0.9399133510883347,0.9241418173671895,0.9579122762897041,0.9603611589136498,0.9465966730249561,0.909906997487259,0.9196425267730008
0.9976768378227426,0.718594386544335,0.7057850216484838,0.5621765008857982,0.5621765008857982,0.5467381519846138,0.48438008427698437,0.33458945452352534,0.5,0.4532618480153861,0.5312093733737563,0.5926665999540698,0.43782349911420193,0.42250463481418826,0.5312093733737563,0.46879062662624377,0.5312093733737563,0.3486451217982255,0.36296920551961676,0.3073580105206753,0.48438008427698437
0.9755769121205375,0.9937100972489833,0.9919380092314022,0.9950945954398962,0.9937100964165685,0.9953904276155117,0.9944450759882695,0.9924227602273615,0.9961755168104202,0.9964063966974346,0.9947798743499677,0.9956684985558113,0.9947798754792303,0.9950945943965653,0.9940889314365388,0.9959298614025985,0.9964063978170857,0.9966233871434448,0.9966233873612645,0.9950945940033272,0.995094593644185
0.9940889316143973,0.4532618480153861,0.3486451217982255,0.4225046348141882,0.36296919862864757,0.2942149659744614,0.25683199138751883,0.20181322226037882,0.29421497216298875,0.1919327864472368,0.1561049033345227,0.20181323186177208,0.11279541224768529,0.1561049033345227,0.12592276975547595,0.11920293140927593,0.09009299701580503,0.0900929878542457,0.13296422817269313,0.11279540255489831,0.2120688018671865
0.9890130582397239,0.9046505351008904,0.8740772368049823,0.7981867849406659,0.8519528057272543,0.8267117876664789,0.8080672227971212,0.743168019989179,0.7549149813536518,0.7772998560157663,0.787931188173138,0.7549149868676283,0.7879311956428946,0.7662936484231889,0.7772998663336158,0.7057850278370112,0.6654105653819835,0.7772998560157665,0.6926419894793246,0.743168019989179,0.7879311931529758
0.9919380086132362,0.9241418178895029,0.9525741271590256,0.9553191297273498,0.9579122684798184,0.9553191340206768,0.9579122729855218,0.9706877672347239,0.9465966688819449,0.9603611621753458,0.9603611572118953,0.9724147200715639,0.9626731121204184,0.9688561728374167,0.9553191309994468,0.9770226295881909,0.9669140226838877,0.9496693711417706,0.9648551523359725,0.972414718922387,0.9626731158685837
0.9908743632339997,0.731058584489497,0.7431680199891789,0.754914997895581,0.7057850278370112,0.7057850154599562,0.6926419894793246,0.7549149978955811,0.7549149868676283,0.7981867801399694,0.665410558746814,0.7057850278370112,0.6654105720171531,0.7185943985973772,0.6513548714339145,0.7431680086124811,0.7057850340255386,0.6224593312018546,0.6791787056691698,0.6791787056691697,0.6791786926816161
0.9959298617310395,0.989013057612286,0.9867771762912425,0.9840936109122871,0.9875683515708102,0.9820137880639471,0.9820137896760155,0.9755769082150529,0.9808759647864741,0.9840936114954207,0.9796676484011321,0.983085087043009,0.977022630466312,0.9830850884058452,0.9830850845341512,0.9875683516737158,0.9724147188724227,0.9755769075937258,0.9859363709680644,0.9908743606402224,0.9808759645418937
0.9553191287732771,0.8872045907347108,0.9433475719047603,0.9525741242979906,0.924141813188682,0.9099070139780661,0.9525741313664297,0.9099070066488187,0.939913354875362,0.9149009526726544,0.9465966683169887,0.9284088025362857,0.9433475699138558,0.9553191327485799,0.9399133447766225,0.9553191308404346,0.9579122731357119,0.9579122693809591,0.952574127495618,0.932453310268176,0.9241418131886822
0.9947798752688538,0.9433475705111272,0.9324533140223229,0.8740772302445241,0.9241418184118163,0.9149009602137115,0.89912137659416,0.9196425256718028,0.9046505261034854,0.9284087975841903,0.8933094138654242,0.9399133542441908,0.9196425333801889,0.932453304167687,0.909907001151883,0.9196425366837827,0.8519527982093666,0.9099070035949656,0.8596637469145054,0.904650538956921,0.8807970904940926
0.9924227603534225,0.9940889301313306,0.9959298616932877,0.9981897890200754,0.9966233883312674,0.9975273766314563,0.9973683256511088,0.9968273168902182,0.9970189669670462,0.9968273178430604,0.997949256399091,0.9976768376327869,0.9976768379965089,0.9966233876738907,0.996827317842324,0.9971990725288848,0.9980732656205387,0.997817283410133,0.9979492566039847,0.99794925601837,0.9975273763500596
0.9362850066369693,0.9626731130574597,0.9740426400236378,0.9724147162742836,0.9796676446909387,0.9830850840076008,0.9820137872414632,0.9830850842553892,0.9706877718985379,0.9850429140929261,0.978384664992041,0.9796676443941232,0.9820137869124695,0.9688561717133516,0.9688561730622296,0.9755769097239902,0.9626731118526921,0.9808759618165681,0.9724147162742834,0.9755769112329274,0.9688561694652216
0.9959298630070513,0.5774953651858117,0.40733340004593027,0.33458944788835565,0.19193279569159502,0.45326184801538616,0.22270014398423355,0.21206880435710537,0.22270013882530887,0.2568319970758679,0.2018132270610754,0.1259227631950178,0.17328820806405804,0.16451645880021024,0.12592277139559052,0.15610489940847913,0.11920291419948609,0.23370635157681108,0.12592277631593438,0.182425528251267,0.2018132270610754
0.9919380094622834,0.679178699175393,0.6224593312018546,0.6076631698328917,0.5156199157230157,0.48438008427698437,0.4843800842769844,0.42250463481418826,0.4073334000459302,0.48438008427698437,0.48438008427698437,0.39233683016710835,0.5156199157230157,0.39233683016710835,0.5467381519846138,0.4687906266262437,0.4687906266262438,0.5,0.46879062662624377,0.4687906266262437,0.3923368301671084
0.9902915246019528,0.9149009602137116,0.9099070084811307,0.9241418142333089,0.9525741216052517,0.9465966726483187,0.9362850017478287,0.9149009462917594,0.9046505331728752,0.9284088010506572,0.9465966749081429,0.9284087980793998,0.9496693693611766,0.9284088035267047,0.9149009613738741,0.9324533130837862,0.9099069980980297,0.9433475740947549,0.9284087960985615,0.9149009625340367,0.9324533163686646
0.9830850896447871,0.9890130589886011,0.9770226302572356,0.9840936053142028,0.9896718469380835,0.9896718486230344,0.9867771805322476,0.9808759643671934,0.9924227569882963,0.9875683468142892,0.9908743626866117,0.991422515544594,0.9875683476947031,0.9924227573279605,0.9940889319318064,0.9924227577901839,0.9933071487785238,0.9919380090005209,0.991422513334946,0.9933071477785989,0.9928785728939585
0.9919380085685495,0.4073334000459302,0.32082130731838393,0.25683200276421697,0.2942149783515162,0.32082129433083023,0.320821300824607,0.23370635157681108,0.3073580232098525,0.33458943461801643,0.30735801686526387,0.21206880186718646,0.25683199707586785,0.2018132174596823,0.18242552825126704,0.24508501864634827,0.19193279338050542,0.15610490333452268,0.25683199138751883,0.20181322226037884,0.22270013882530884
0.9688561722753841,0.9626731127897337,0.9783846648344753,0.9648551573889093,0.9783846690099663,0.9755769080819114,0.9740426444034102,0.964855156378322,0.9830850845651248,0.9783846687736178,0.9867771758902305,0.9850429119249255,0.9867771795600975,0.9859363718332738,0.9830850892111574,0.9850429138459387,0.9859363704127808,0.9830850867023,0.9840936098334897,0.9890130593832797,0.9724147200215996
0.9883127405950867,0.9688561722753841,0.9553191271831558,0.9688561672170913,0.9669140207770578,0.9830850875385858,0.9796676461379142,0.975576912519962,0.9830850903262051,0.9850429156434579,0.9770226311353566,0.9890130595957989,0.9859363721561132,0.9883127420150629,0.9830850859899082,0.9859363757202585,0.9859363727759645,0.9875683482892683,0.9820137910577883,0.9850429160002174,0.9850429110604696
0.964855152209649,0.9796676449877542,0.9796676465089335,0.975576907771248,0.9883127428541398,0.9688561672170913,0.9740426425667316,0.9648551554940581,0.9740426414364677,0.9755769103896978,0.9755769117654934,0.975576912697484,0.972414720321385,0.9740426443092215,0.9796676486237436,0.982013788327142,0.9808759631442909,0.9875683480834572,0.9859363721044588,0.9796676479188069,0.9840936098918031
0.9937100966406802,0.8933093968230773,0.9465966641739773,0.9284088030314952,0.9399133475116979,0.9149009468718409,0.9362850075259039,0.939913347090917,0.932453306514029,0.9324533088603708,0.9284088035267046,0.9553191294093255,0.9284087926320945,0.9099070072595894,0.9603611566446438,0.9149009457116781,0.909907002984195,0.8872045966995027,0.9149009491921664,0.9046505408849362,0.8872045944627058
0.9883127414341636,0.40733340004593027,0.3923368301671084,0.3629691986286475,0.4073334000459302,0.2942149721629888,0.29421498454004374,0.2689414213699951,0.2689414330889798,0.21206879937726764,0.16451646699291614,0.2689414330889797,0.19193279106941585,0.16451646494473965,0.1919327864472368,0.17328819952513227,0.1824255326961778,0.22270014398423357,0.17328819952513227,0.13296424878721277,0.16451646494473965
0.9755769090582826,0.6513548511303336,0.5774953651858118,0.6791786926816161,0.6370308082623216,0.5621765008857981,0.6926419958239132,0.6370307944803832,0.5467381519846138,0.5467381519846138,0.43782349911420193,0.5156199157230156,0.5,0.5621765008857981,0.5621765008857981,0.5,0.5467381519846138,0.46879062662624377,0.5621765008857981,0.6791787121629466,0.48438008427698437
0.9959298616687491,0.9626731131913228,0.9496693674025232,0.9626731125220075,0.9626731162701729,0.9740426453452965,0.9724147175233889,0.9740426405887699,0.9740426412009962,0.9724147204712775,0.9669140212537654,0.9770226286264394,0.9433475693165845,0.9525741281688026,0.9465966734015935,0.952574122783325,0.9706877673407197,0.9724147188224586,0.9755769107003615,0.9669140242331868,0.9525741249711753
0.9966233875704654,0.7185944046238981,0.7185943805178139,0.6370307944803831,0.7772998714925403,0.7057850278370111,0.6076631698328916,0.7310585786300049,0.6654105521116443,0.6370307944803831,0.5312093733737562,0.7662936430859597,0.6224593312018545,0.6224593312018546,0.37754066879814546,0.5621765008857982,0.5312093733737562,0.6076631698328917,0.5312093733737562,0.5774953651858117,0.5156199157230157
0.9850429099353045,0.9875683483007022,0.9924227588757085,0.9933071485773006,0.9924227586971223,0.9924227590788066,0.9924227590262813,0.9867771753069402,0.9840936096293929,0.9859363741448031,0.9783846675130924,0.9940889316800681,0.9867771797788313,0.9850429145731794,0.992422759019278,0.9902915247541698,0.9890130552948138,0.9890130550215748,0.985042916096268,0.9820137933278436,0.9770226315953245
0.9875683477633068,0.5,0.6513548714339145,0.6926419831347361,0.6654105587468141,0.6076631698328916,0.5621765008857982,0.5467381519846138,0.5621765008857981,0.6370307806984445,0.46879062662624377,0.651354857898194,0.39233683016710835,0.34864513533394575,0.3345894478883556,0.3923368301671084,0.30735800417608683,0.40733340004593027,0.3775406617944891,0.4378234991142019,0.3073580105206753
0.9982992774138391,0.9840936089004758,0.9928785723737344,0.9902915233842168,0.9905874083109478,0.9902915254078075,0.9914225134616642,0.988312741799915,0.9937100968851657,0.9919380073694565,0.9935117305114057,0.9939024368563819,0.9933071488218642,0.9914225159801877,0.991938008345116,0.9935117301872185,0.9944450757490414,0.9924227569742896,0.9950945932759504,0.9933071499982464,0.9919380084195939
0.9940889301368031,0.7981867873410141,0.7662936324115011,0.7981867801399694,0.817574471748733,0.7879312031126512,0.7772998663336158,0.8740772400852111,0.7310585903489891,0.8519528000888387,0.798186775339273,0.731058584489497,0.7879311931529758,0.718594386544335,0.8080672135527632,0.7981867753392728,0.6791786926816161,0.7879311981328135,0.7185943925708561,0.7549149813536518,0.7879312006227324
0.9770226322225538,0.9496693718540083,0.8807970858005139,0.880797071719777,0.8933094096048376,0.8807970811069351,0.87407724336544,0.9099070097026719,0.8933094053442511,0.8670357512127872,0.8991213833519949,0.874077222043951,0.8991213759183765,0.9046505383142492,0.9046505447409665,0.8519528000888386,0.8670357546485408,0.899121377945727,0.8438950986284991,0.8872045884979138,0.7981867705385762
0.9940889299698896,0.949669368648939,0.9496693622387998,0.9648551544834707,0.9525741285053949,0.962673111584966,0.9648551549887644,0.97557691056722,0.9740426418132223,0.9706877704145972,0.9783846661343925,0.9525741320396143,0.9808759624105494,0.9648551554940581,0.9579122696813392,0.966914023160595,0.9706877665987492,0.9755769104340783,0.9783846650314324,0.966914023160595,0.9850429167686225
0.9496693656219289,0.9896718457386268,0.9883127417568854,0.9875683505646232,0.9914225158455497,0.9908743612970882,0.9959298626295331,0.9928785696145709,0.9924227600137585,0.9919380067661859,0.9914225127171948,0.9928785699207788,0.9928785726305539,0.9883127393579858,0.9890130590999207,0.9919380071981574,0.9902915235543417,0.9890130563675302,0.9928785721498407,0.9908743629982018,0.9896718478900332
0.9603611614662815,0.817574471748733,0.7981867705385762,0.7662936484231889,0.8740772384450967,0.7772998663336158,0.7772998508568416,0.8175744739711883,0.8267117983401363,0.8175744806385543,0.7431680086124811,0.8438951084436077,0.8267117983401363,0.8740772253241802,0.8438951005915208,0.8438951084436077,0.8080672181749422,0.8740772368049822,0.8438951005915208,0.8438950986284991,0.8354835432479663
0.9840936101833699,0.5156199157230156,0.42250463481418826,0.5467381519846138,0.3923368301671083,0.5926665999540698,0.5156199157230157,0.6926419958239132,0.6076631698328916,0.5156199157230157,0.5,0.348645142101806,0.4532618480153861,0.5312093733737563,0.48438008427698437,0.5467381519846138,0.4843800842769844,0.3629691917376783,0.4225046348141882,0.2942149783515162,0.40733340004593027
0.9840936049351656,0.9525741281688026,0.9241418173671895,0.8872045899891118,0.9525741311981335,0.9688561718257581,0.9755769101234149,0.9579122738866624,0.974042643508618,0.964855157641556,0.9755769092358048,0.9755769091914243,0.9755769114548299,0.9196425366837827,0.970687768665667,0.9553191332256162,0.9669140230414183,0.9669140242331868,0.9724147164741404,0.9324533060447605,0.9525741248028791
0.9961755167119575,0.9908743640087642,0.9914225152911578,0.9902915220679872,0.9940889308126657,0.994088930213419,0.9933071485091942,0.994779875174547,0.9940889323832933,0.9933071491159599,0.9937100987362697,0.9902915252914063,0.991422516439541,0.9928785725054367,0.9937100990855346,0.9947798741033195,0.9971990732676427,0.995929862233139,0.9944450753529005,0.9940889306074443,0.9890130572783271
0.968856168453563,0.6654105521116445,0.7310585903489891,0.7549149923816048,0.7057850278370112,0.766293653760418,0.7057850340255386,0.7662936484231889,0.7431680029241321,0.6791786861878392,0.7057850340255386,0.718594386544335,0.7185944046238981,0.7057850216484838,0.8267118004748677,0.7310585786300048,0.7057850340255386,0.7431680029241321,0.7549149813536518,0.7981867849406659,0.7549149868676283
0.9465966662454831,0.7310585727705127,0.5774953651858118,0.5467381519846138,0.651354857898194,0.6076631698328916,0.6370307875894138,0.6513548646660542,0.6076631698328916,0.5926665999540698,0.6370307944803831,0.6926419831347361,0.5774953651858118,0.6513548714339145,0.665410558746814,0.6791786861878392,0.6926419831347361,0.6654105454764747,0.5774953651858117,0.6791786861878392,0.6926419831347361
0.9902915255689784,0.9796676486979474,0.97702262871007,0.9706877706795867,0.9796676450248561,0.9808759634238114,0.9796676488092533,0.9706877694076373,0.9724147203713491,0.9840936098918031,0.9830850827686584,0.9867771793899712,0.9808759630744108,0.9830850893040781,0.9883127412728027,0.9808759634936917,0.9724147201714923,0.9669140187510509,0.9755769099015124,0.9706877696726267,0.9626731150654054
0.996623387714634,0.8670357615200474,0.8080672135527632,0.7549149868676283,0.8080672158638527,0.7662936377487305,0.8267117940706734,0.8807970764133561,0.798186775339273,0.8807970748488297,0.87407724336544,0.8807970685907242,0.8438951045175643,0.8267118026095992,0.8267117983401363,0.8807970779778824,0.7981867825403177,0.7549149923816048,0.787931188173138,0.7549149923816048,0.7310585727705126
0.9924227596285723,0.9933071477631201,0.988312740143276,0.9908743618950043,0.9956684979593532,0.9908743637140168,0.993710096870613,0.9940889309166445,0.9902915248437092,0.9914225140635755,0.9896718475473313,0.9944450763535424,0.9940889315405176,0.9928785722453247,0.9950945938760363,0.995668498517654,0.9908743645477308,0.9937100985616373,0.9928785729005436,0.99509459530124,0.9924227601748362
0.9940889313462413,0.6513548646660542,0.8807970842359877,0.7772998663336158,0.7662936484231889,0.8354835371034368,0.8519528076067262,0.7662936377487305,0.7431680086124811,0.8175744806385542,0.8080672135527632,0.7772998611746912,0.7879311956428946,0.731058584489497,0.8175744761936438,0.5926665999540698,0.787931190663057,0.6791787056691698,0.7772998508568416,0.6654105454764746,0.6926419704455589
0.9953904276112385,0.9362850066369693,0.9525741253077676,0.9465966647389334,0.9579122737364724,0.9626731143960903,0.9669140182743434,0.964855155494058,0.9433475746920261,0.9688561683411564,0.9196425388861785,0.9603611604735913,0.9706877663337597,0.9553191333846283,0.9465966750964615,0.9669140236373026,0.9525741242979906,0.9603611572118953,0.9626731149315425,0.9688561699148476,0.9603611624589715
0.9975273768267112,0.9850429117877103,0.9859363762238876,0.9902915216292439,0.9830850843483098,0.9875683478547783,0.9850429126658878,0.9896718478043577,0.9883127411006842,0.9896718473283829,0.9896718489562167,0.9944450759779802,0.9867771790983262,0.9883127427142936,0.985936373757396,0.9875683519709982,0.9933071497815444,0.9908743613813017,0.9850429156571794,0.9924227577726754,0.9883127423485423
0.9984021545912266,0.8519527944504227,0.8354835391516133,0.7772998611746912,0.7310585727705127,0.8080672181749422,0.6926419894793246,0.7185943985973772,0.7549149868676284,0.6926419767901476,0.7185943865443352,0.7185943925708561,0.6654105521116443,0.6654105521116443,0.5312093733737562,0.6513548511303338,0.679178699175393,0.8080672112416737,0.7185943805178139,0.7662936430859598,0.743167997235783
0.9706877672347239,0.9496693713198301,0.9433475695156749,0.9706877712095654,0.9399133483532596,0.9362850057480346,0.9149009573133051,0.9525741281688026,0.9324533140223229,0.9284087936225136,0.9648551553677346,0.9603611600481528,0.9669140212537652,0.9525741315347258,0.9603611634516616,0.9626731103801985,0.9525741261492485,0.9465966669987579,0.9603611611826557,0.9553191289322892,0.9553191246389618
0.9928785717251007,0.7431680029241321,0.7431680029241321,0.731058584489497,0.817574478416099,0.8175744739711883,0.7879312006227323,0.817574471748733,0.7772998560157665,0.7981867777396211,0.7772998663336157,0.7879312006227324,0.7057850216484838,0.8080672227971211,0.6224593312018546,0.718594386544335,0.7662936324115011,0.8175744695262777,0.7549149813536518,0.798186775339273,0.7662936430859597
0.9496693711417707,0.9046505408849362,0.9149009474519223,0.8740772286044095,0.9046505286741726,0.8872046034098933,0.914900957313305,0.9433475742938453,0.9099070011518829,0.8807970670261976,0.9362850075259039,0.8807970670261976,0.899121373891026,0.9284088084787998,0.9399133464597458,0.9324533027598817,0.9099069980980297,0.8933094017937621,0.9399133473013075,0.9399133550857522,0.9241418236349501
0.9964063978846148,0.7879312031126511,0.6926419894793246,0.817574478416099,0.7772998714925403,0.8596637451167995,0.7549149813536518,0.7431680086124811,0.7185943925708561,0.7772998611746912,0.8519527963298947,0.8438951084436076,0.798186775339273,0.7549149978955811,0.8175744828610095,0.6791786926816161,0.7772998560157665,0.8267117983401363,0.6791787056691698,0.7185943925708562,0.7431680086124811
0.9928785696870073,0.2450850131323717,0.23370635157681108,0.23370635691404026,0.16451646494473965,0.1192029188930649,0.14033625488320037,0.1480471923932738,0.19193277951396837,0.19193278413614728,0.15610489744545739,0.13296423676207597,0.18242552380635632,0.1259227615549033,0.16451646904109268,0.12592275499444552,0.14033624409696624,0.12592277467581975,0.14804719803168948,0.182425528251267,0.1480471999111614
0.9896718476425262,0.9603611611826557,0.9362850048591,0.9808759623756093,0.9688561683411564,0.9770226299645285,0.9688561659806196,0.9724147193221007,0.9579122765900843,0.9706877702556035,0.9688561669922783,0.987568350210171,0.9755769104340783,0.980875962270789,0.9706877688776584,0.9830850884677923,0.9783846681827465,0.9770226319716622,0.9648551498095038,0.9706877693546394,0.980875964157553
0.978384667394918,0.9525741251394715,0.919642527874199,0.9324533046369554,0.909906997487259,0.899121367808974,0.9399133498259924,0.9525741311981335,0.9046505344582186,0.9099070084811307,0.9399133557169235,0.9196425278741989,0.8991213711878918,0.9284088040219143,0.8991213806488609,0.9284087980793998,0.8872045907347108,0.9433475738956645,0.9046505383142494,0.914900948612085,0.9324533140223229
0.9875683520396019,0.8933094145755219,0.8807970748488297,0.9046505351008904,0.9241418236349501,0.9046505453836382,0.8740772368049823,0.9399133466701362,0.909907001151883,0.9465966745315055,0.9579122753885635,0.9433475748911166,0.9496693729223646,0.8933094138654242,0.9196425339307879,0.9241418205010699,0.9284088030314952,0.8991213732152424,0.9496693634852158,0.9525741221101401,0.9362850035256981
0.9626731126558705,0.3629692124105862,0.3073580105206753,0.29421498454004374,0.3345894279828469,0.4073334000459302,0.2942149659744614,0.34864513533394575,0.28140560742914383,0.3629692055196168,0.34864513533394575,0.3629691986286475,0.3775406687981454,0.3486451217982255,0.36296921930155557,0.3345894346180164,0.2689414272294874,0.25683200276421697,0.33458943461801643,0.26894141551050293,0.3073580168652638
0.9924227582313973,0.6513548511303338,0.6224593312018546,0.5926665999540697,0.5926665999540698,0.651354857898194,0.6224593312018546,0.7310585903489891,0.7431680143008301,0.718594386544335,0.6654105653819836,0.7057850402140659,0.7057850402140659,0.5621765008857982,0.6370308082623217,0.718594386544335,0.679178699175393,0.6926419767901475,0.8267117876664789,0.8354835391516133,0.7057850340255386
0.9908743635371684,0.42250463481418826,0.32082131381216084,0.320821300824607,0.37754067580180184,0.42250463481418826,0.334589441253186,0.3345894545235253,0.28140561345566495,0.3775406687981454,0.24508501313237172,0.25683198569916993,0.2568319856991699,0.2018132270610754,0.17328821019878957,0.18242552825126704,0.19193277720287893,0.21206879688734884,0.18242552158390102,0.2018132270610754,0.20181322946142374
0.9950945943283737,0.6224593312018545,0.5156199157230157,0.5312093733737563,0.5312093733737563,0.5,0.5621765008857982,0.5621765008857981,0.45326184801538616,0.5926665999540698,0.5,0.6224593382055109,0.4843800842769844,0.5926665999540698,0.5,0.5,0.34864514210180597,0.4225046348141882,0.4225046348141882,0.4073334000459302,0.4378234991142018
0.9947798740888106,0.9796676484753359,0.9579122678790578,0.9465966658688457,0.9324533055754922,0.9149009462917594,0.952574121941844,0.9496693702514737,0.9399133479324787,0.9362850039701653,0.9465966749081428,0.9284087936225136,0.9553191262290831,0.936285003525698,0.9465966654922083,0.9284087980793998,0.9324533027598817,0.9284088060027523,0.957912268029248,0.9324533097989076,0.9196425273235999
0.9706877717925422,0.8596637505099168,0.8519527963298947,0.8670357666736773,0.843895106480586,0.8438951084436077,0.8267117919359419,0.8670357666736772,0.7772998560157665,0.8740772400852111,0.8807970748488297,0.8596637487122111,0.8267117919359419,0.8267117919359419,0.8519528076067262,0.8596637487122111,0.8354835411997897,0.8670357477770337,0.8175744850834648,0.8354835391516133,0.7879312031126512
0.9796676468057489,0.9284087960985615,0.8807970779778824,0.8519528057272543,0.9324533135530545,0.8872045981907006,0.9241418225903234,0.9046505261034854,0.9046505415276079,0.9433475734974837,0.9149009584734676,0.9362850070814366,0.9099070017626537,0.9046505325302034,0.9324533079218341,0.9399133559273138,0.949669370429533,0.9149009544128984,0.9465966745315055,0.9099070133672954,0.928408800060238
0.9890130563270504,0.8670357529306639,0.9362850070814366,0.9046505357435622,0.9046505318875316,0.8933094167058151,0.8740772482857833,0.9099070103134425,0.9284087941177233,0.914900959053549,0.8991213860551287,0.8670357666736772,0.8933094124452287,0.8740772236840657,0.9046505299595162,0.8933094152856196,0.9149009567332237,0.89912137659416,0.9196425267730008,0.8807970764133561,0.8807970795424088
0.9928785703916146,0.9648551541045005,0.9740426441679385,0.9706877688246606,0.9648551551150878,0.9706877717925422,0.9579122756889437,0.968856169352815,0.9688561678915304,0.9724147201714923,0.9706877660157724,0.9688561680039369,0.9496693679367013,0.9525741231199173,0.9755769116323519,0.9850429124189004,0.968856169352815,0.988312740143276,0.9724147186725659,0.9755769107447418,0.9740426436969953
0.9603611644443515,0.8596637433190939,0.7879312006227324,0.7981867705385763,0.8933093989533708,0.8872046034098934,0.8933094010836642,0.9149009584734676,0.8991213833519949,0.9149009468718409,0.8991213765941599,0.8740772450055545,0.9046505440982948,0.9149009602137115,0.9046505415276079,0.9149009619539554,0.914900952092573,0.9149009642742805,0.8872045996818986,0.8933094046341533,0.7772998663336157
0.9883127440266959,0.7310585903489892,0.7879311931529758,0.8354835411997897,0.7772998663336157,0.8267117876664789,0.7310585786300049,0.7772998663336158,0.7772998663336158,0.7879312006227324,0.7662936484231889,0.7981867729389246,0.8438951005915208,0.8175744739711884,0.8438951025545426,0.7431680029241321,0.8080672112416737,0.8267117962054049,0.7185943805178139,0.7879311906630568,0.7057850278370112
0.9961755163961672,0.8267117983401363,0.7879312006227324,0.743167997235783,0.7879311981328135,0.8080672204860316,0.7772998611746912,0.8175744695262775,0.7057850216484838,0.8267117940706734,0.7772998611746912,0.8080672089305841,0.8080672112416737,0.8519527982093666,0.8438951084436077,0.7772998663336158,0.7981867705385762,0.87407724336544,0.8991213684847577,0.7772998611746912,0.7549149868676283
0.9908743613981444,0.9324533158993963,0.9579122744874229,0.9603611620335328,0.9496693688269985,0.9669140237564794,0.9496693672244637,0.9648551556203815,0.9603611640189129,0.974042645251108,0.9740426413893735,0.9783846697584034,0.9859363723498166,0.970687770043612,0.980875964157553,0.9840936049643223,0.9850429113486215,0.9783846681827465,0.9808759620960887,0.9933071501282675,0.9850429117877103
0.9867771765099763,0.9875683468600249,0.9883127446075951,0.9924227588862137,0.9924227601468227,0.9933071490633322,0.9883127417568854,0.9937100974585423,0.9902915251750051,0.9914225127647142,0.9914225132715869,0.9919380094771789,0.9908743627708252,0.99408893047063,0.9944450755921285,0.9953904271604148,0.9953904280556523,0.9940889299179002,0.9940889325365253,0.9908743637224381,0.9914225126934352
0.9902915231335064,0.9956684971339517,0.9953904285727107,0.9966233870447208,0.9953904274851788,0.9944450752320002,0.9937100981716248,0.9883127428971694,0.9928785714386482,0.993710097752507,0.9883127439406367,0.9914225162177843,0.9908743610107621,0.9902915235453877,0.9924227587111291,0.9919380094027012,0.9940889301121766,0.995668496955215,0.9908743639666574,0.9950945949125481,0.9944450741644772
0.9924227599682364,0.9099070103134425,0.946596670011857,0.9465966653038895,0.9362849990810246,0.932453306514029,0.9362850093037731,0.9553191314764831,0.9465966756614176,0.9553191276601922,0.90990700787036,0.9648551533465599,0.9241418283357703,0.9525741291785796,0.9496693629510375,0.9433475738956645,0.9196425273235999,0.8991213799730775,0.8933094124452287,0.9196425372343816,0.914900948612085
0.9961755160573136,0.9603611584882111,0.9496693700734142,0.9648551562519986,0.9830850858969876,0.9859363709809781,0.9770226316371399,0.9740426452982022,0.9740426415777507,0.970687766704745,0.9740426442150328,0.9724147200215996,0.9706877687716627,0.966914019704466,0.9770226306753883,0.9796676452474677,0.9796676473251761,0.972414720321385,0.97404264440341,0.9867771754284591,0.9850429106899884
0.8991213799730775,0.8991213867309121,0.8933094138654242,0.9196425278741989,0.9046505254608136,0.8740772335247531,0.9099070005411123,0.8519528038477824,0.8991213860551287,0.9149009503523291,0.8740772466456689,0.9046505286741727,0.8438950966654774,0.8670357477770336,0.9241418262465169,0.88720460564669,0.9149009549929799,0.9399133548753619,0.8872046026642944,0.9046505267461572,0.9196425278741989
0.9867771791712374,0.98308508958284,0.9875683470315342,0.982013790827493,0.985936376004357,0.9850429100587983,0.9830850902332845,0.9783846657010867,0.9840936081132451,0.9850429153278629,0.9883127424883883,0.9850429160688251,0.9755769113216884,0.9770226278737641,0.9808759651358748,0.9770226317207705,0.9796676476590934,0.9875683514564708,0.9850429128854322,0.9796676464347297,0.9770226280410254
0.9950945950693888,0.9648551542308239,0.9626731141283641,0.9626731089077047,0.9706877686656669,0.9579122716338109,0.9840936091628859,0.9796676482898262,0.9688561682287499,0.9740426422370713,0.9669140216112958,0.9626731090415678,0.9724147164241761,0.9706877716335485,0.9496693713198301,0.9740426449214477,0.9706877723755188,0.9724147163242477,0.9840936047893821,0.960361163026223,0.9579122716338108
0.9875683464598368,0.7981867705385762,0.8354835452961425,0.8519528076067262,0.7431680029241322,0.8267117962054048,0.8354835411997897,0.8596637559030338,0.8354835371034368,0.8807970732843033,0.8519527963298947,0.8267117983401363,0.7772998611746911,0.817574471748733,0.817574471748733,0.8596637559030338,0.8267117919359419,0.8080672158638528,0.7981867873410141,0.7879312006227324,0.8267117983401363
0.9928785707965994,0.651354857898194,0.6513548646660542,0.7431680029241321,0.6791786926816161,0.731058584489497,0.7662936377487304,0.6513548646660543,0.6654105521116443,0.8175744850834649,0.7185943925708561,0.7879311981328135,0.6926419894793248,0.7057850278370112,0.6926419894793248,0.7772998508568416,0.7549149868676283,0.7662936484231889,0.743167997235783,0.8267117983401363,0.7057850278370111
0.9902915241811175,0.9908743610865544,0.9924227575590722,0.990291522882796,0.9924227602553751,0.9902915244318279,0.994779873537479,0.9956684975054829,0.9961755171501608,0.9944450745426119,0.9950945934100606,0.9937100979591553,0.9933071481160349,0.9953904282500834,0.9953904284893831,0.9961755164529384,0.9950945941806254,0.9944450741053132,0.9956684980778415,0.9961755164689053,0.9959298623558324
0.9964063971042773,0.9465966702001758,0.9669140222071801,0.9724147209209554,0.9603611576373339,0.9525741216052516,0.9820137933278436,0.974042643367335,0.9688561717133517,0.9706877721105294,0.9796676487721513,0.9579122714836207,0.9284088030314952,0.964855153093913,0.9724147172236036,0.9603611566446437,0.9525741244662868,0.9755769101234147,0.9770226292536687,0.9796676475106857,0.9669140207770578
0.9496693729223646,0.7549149923816048,0.7185943805178139,0.7431680029241321,0.6654105653819836,0.6654105587468141,0.6513548511303338,0.7549149923816048,0.6224593312018546,0.665410572017153,0.6224593382055109,0.6926419831347361,0.6791786926816161,0.665410558746814,0.5926665999540698,0.7185944046238981,0.665410558746814,0.6791786926816161,0.6370307875894138,0.5926665999540698,0.651354857898194
0.9953904280834281,0.731058584489497,0.7185943805178139,0.7310585786300049,0.6513548782017745,0.6926419831347361,0.7310585844894971,0.6224593241981982,0.6370307944803832,0.4687906266262437,0.6791787121629466,0.6076631698328916,0.5156199157230157,0.5621765008857982,0.7057850340255386,0.6076631698328916,0.6224593312018546,0.6076631627277604,0.5312093733737563,0.5312093733737563,0.4687906266262437
0.9961755172299954,0.939913347090917,0.9362850088593058,0.919642528975397,0.8670357718273068,0.8991213786215105,0.9284087946129328,0.8438950947024555,0.8933094053442511,0.8872045914803098,0.9099070121457542,0.9149009636941993,0.9553191275011801,0.9324533126145179,0.9241418163225626,0.9496693698953548,0.9099070097026719,0.946596669446901,0.8267117876664789,0.9525741246345829,0.8991213759183765
0.9968273164852234,0.9859363698187564,0.9850429130500904,0.982013787965249,0.9875683467228176,0.9850429099490261,0.9859363729696682,0.9896718454340029,0.9902915252376827,0.9830850829854733,0.9830850840385743,0.9830850863306173,0.9859363736540873,0.9896718465573036,0.9796676468428509,0.9890130588772815,0.9859363720140638,0.9859363741835437,0.9840936100375866,0.979667647362278,0.9688561716009452
0.99617551717145,0.8080672089305841,0.8596637469145054,0.8354835371034368,0.7310585727705126,0.7662936484231889,0.8175744695262777,0.7662936377487305,0.6791787056691697,0.6926419831347361,0.7662936484231889,0.8080672158638527,0.8080672135527632,0.787931185683219,0.6654105653819836,0.7057850340255387,0.7981867681382279,0.7549149923816048,0.8080672135527632,0.7662936324115011,0.7879312031126511
0.9603611631680358,0.8354835371034368,0.893309401793762,0.8596637559030338,0.8596637469145053,0.8438950966654774,0.8267117898012105,0.8267117876664789,0.8807970873650401,0.7981867753392728,0.8438951025545426,0.7981867729389246,0.8175744828610095,0.8354835411997897,0.843895098628499,0.8354835350552604,0.7879311881731379,0.7549149868676283,0.8080672227971211,0.8354835452961425,0.7662936324115011
0.9840936068011941,0.7431680143008301,0.7772998611746911,0.7431680199891789,0.679178692681616,0.6076631698328916,0.7431680029241321,0.665410558746814,0.7549149978955811,0.5467381519846138,0.6076631627277603,0.6370308082623217,0.6224593312018545,0.6654105454764747,0.6370307806984444,0.6926419704455589,0.6926419767901475,0.7879312006227324,0.6224593312018546,0.6513548714339145,0.6224593312018546
0.9937100973101046,0.9496693622387998,0.9465966715184067,0.9496693716759489,0.9553191254340225,0.9706877697256246,0.9362850070814366,0.9706877725875104,0.964855153093913,0.9669140244715405,0.9740426405887699,0.9740426443563158,0.9820137932949442,0.9850429135303437,0.9770226297136367,0.9783846679070065,0.9706877716865463,0.9796676456555891,0.9850429121033054,0.9796676488834571,0.985936374687173
0.9971990724150797,0.9626731147976795,0.9648551499358272,0.9399133515091156,0.9241418272911436,0.9149009555730611,0.9284087985746093,0.9399133561377042,0.9324533149608596,0.9324533116759811,0.9149009613738741,0.8872045937171067,0.928408800060238,0.9324533140223229,0.9196425350319858,0.9579122734360921,0.9046505357435622,0.9241418236349501,0.9284088020410761,0.9196425344813868,0.9099069987088003
0.995929862204825,0.9099070109242131,0.9196425399873764,0.9579122701319097,0.9525741261492485,0.9324533032291502,0.952574131703022,0.9284088025362857,0.9196425295259959,0.9196425322789908,0.9196425350319858,0.9241418137109955,0.9196425372343816,0.9324533126145178,0.9196425267730008,0.9046505408849362,0.9196425317283918,0.936285010637175,0.9362850048591,0.9099069980980296,0.8991213745668095
0.978384665543521,0.9496693640193942,0.9496693634852159,0.9324533135530545,0.9669140237564794,0.9433475685202228,0.9808759624804295,0.9579122728353316,0.9648551495568569,0.9740426424725428,0.9669140189894047,0.9579122690805788,0.9465966703884945,0.9648551544834707,0.979667646805749,0.9399133479324787,0.9820137863860798,0.9783846668434382,0.9669140239948331,0.9770226308008342,0.9724147191222439
0.9770226324316302,0.731058584489497,0.6791787121629466,0.5926665999540698,0.6370307806984444,0.679178699175393,0.5926665999540698,0.6370307944803831,0.6224593312018546,0.48438008427698437,0.808067204308405,0.5312093733737563,0.6654105521116443,0.6654105521116443,0.7431680086124812,0.7879312006227323,0.8080672089305841,0.7662936377487305,0.7549149868676283,0.6513548714339145,0.7662936324115011
0.9796676452845697,0.9196425355825847,0.9241418246795768,0.9496693679367013,0.9324533163686646,0.8933094060543487,0.8933094088947399,0.9362849995254918,0.9433475730993027,0.9433475691174942,0.936285006192502,0.9399133462493553,0.9362850075259039,0.9324533154301279,0.9399133464597458,0.9399133477220882,0.9284087975841901,0.9284087970889806,0.9046505434556231,0.9399133479324787,0.893309411735131
0.9953904275642332,0.8991213874066956,0.9603611582045855,0.9433475707102176,0.9706877722165252,0.9688561725001971,0.9525741222784363,0.9688561712637256,0.9433475776783824,0.9796676473251761,0.9724147181729237,0.9688561684535629,0.9755769082594336,0.9626731119865553,0.9648551559993518,0.9706877671287282,0.972414717323532,0.9553191265471073,0.9496693702514737,0.9770226301317896,0.9362850070814367
0.99371009911464,0.39233683016710835,0.3923368301671084,0.37754066879814546,0.4843800842769844,0.42250463481418826,0.5,0.5312093733737563,0.40733340004593027,0.5,0.45326184801538616,0.3775406687981454,0.4073334000459302,0.46879062662624377,0.3345894478883556,0.5,0.36296921930155557,0.48438008427698437,0.42250463481418826,0.43782349911420193,0.3923368301671084
0.9850429130226473,0.9196425251212038,0.9284087970889806,0.9553191281372286,0.9399133563480946,0.8991213813246445,0.9284087970889807,0.9496693620607405,0.9399133485636498,0.9433475806647386,0.9465966647389333,0.9399133529818484,0.9324533079218341,0.9284088005554475,0.8933093982432729,0.904650538956921,0.9196425317283918,0.9241418210233833,0.9284087936225136,0.9149009596336303,0.9046505421702797
0.991938008039757,0.5467381519846138,0.6224593312018546,0.5,0.5621765008857981,0.3923368301671084,0.48438008427698437,0.5926665999540698,0.5312093733737562,0.45326184801538616,0.5774953651858118,0.4687906266262437,0.5156199157230157,0.3629691986286475,0.3208212943308302,0.4073334000459302,0.5621765008857982,0.37754066879814546,0.3775406617944891,0.5,0.5
0.980875964681654,0.9324533112067127,0.9724147180230311,0.9706877660687703,0.9648551544834707,0.9669140233989488,0.9770226290027769,0.9796676475106857,0.9770226303408661,0.9808759621659688,0.970687769142648,0.9859363699737193,0.9688561705892866,0.9553191275011801,0.9770226294209299,0.9770226297136368,0.9626731087738416,0.9808759616069277,0.984093612020241,0.9770226295045604,0.9808759625852497
0.955319134338701,0.9755769090582826,0.9669140219688265,0.9465966675637141,0.9740426424725429,0.9770226284591782,0.9724147194220291,0.9783846688524007,0.9840936118744578,0.9808759613623472,0.9808759648912944,0.9850429141889767,0.9783846688130092,0.9706877678177006,0.9830850899854962,0.9796676475848896,0.9840936061889035,0.9896718459575753,0.9859363748937902,0.9830850899854962,0.9875683468142892
0.9875683499243225,0.9883127429294416,0.9890130584522431,0.9890130560133314,0.9850429136675589,0.9859363716912245,0.9902915255868863,0.985042915382749,0.9908743647414218,0.9902915249780184,0.9902915215397046,0.9867771774213672,0.9859363711359409,0.9796676446909387,0.9840936069469776,0.9859363756298636,0.9890130556591326,0.9875683520281681,0.9875683485865508,0.9867771773849114,0.9859363745838644
0.997199073379497,0.8596637433190939,0.7772998560157665,0.8175744828610095,0.8596637523076225,0.8670357460591569,0.8596637577007393,0.8596637451167997,0.8670357460591569,0.8438951045175643,0.8354835371034368,0.8519527963298947,0.7981867849406659,0.8519528038477825,0.7879311906630568,0.87407724336544,0.8175744850834648,0.7549149813536518,0.8267117898012104,0.7549149923816048,0.7549149758396752
0.9956684971118607,0.2942149597859341,0.3775406687981454,0.46879062662624377,0.24508501864634824,0.2942149721629888,0.5312093733737563,0.30735800417608683,0.3486451285660856,0.4073334000459302,0.4073334000459302,0.3775406687981454,0.4073334000459302,0.36296919173767833,0.2568319856991699,0.4073334000459302,0.320821300824607,0.24508501864634824,0.28140560742914383,0.3073580295544412,0.2450850021044189
0.9875683485065132,0.8670357598021707,0.8080672181749422,0.7772998560157663,0.7981867729389246,0.7772998560157665,0.743168019989179,0.7879311981328135,0.6926419767901475,0.7981867681382279,0.6224593312018546,0.7057850278370112,0.6224593312018546,0.679178686187839,0.7185944046238981,0.6654105720171531,0.5621765008857981,0.679178699175393,0.7057850216484838,0.731058584489497,0.6224593241981982
0.9914225133824653,0.798186768138228,0.817574478416099,0.8519528038477825,0.8354835371034368,0.8267117876664789,0.7662936484231889,0.8175744806385543,0.7879311931529758,0.8670357598021707,0.7879311881731379,0.8080672089305841,0.6926419831347361,0.7431680086124812,0.6926419894793246,0.6926419894793248,0.7310585727705127,0.6370307944803832,0.7662936430859597,0.7662936484231889,0.787931188173138
0.9820137938871324,0.4687906266262437,0.43782349911420193,0.4225046348141882,0.39233683016710835,0.3208212943308302,0.43782349911420193,0.43782349911420193,0.4378234991142019,0.48438008427698437,0.5156199157230157,0.39233683016710835,0.4532618480153861,0.3775406758018019,0.4378234991142019,0.40733340004593016,0.3923368372722396,0.4225046348141882,0.3345894346180164,0.4378234991142019,0.4073334000459302
0.9688561664302456,0.8438950947024556,0.8354835411997897,0.8080672066194945,0.7879311906630568,0.7772998714925403,0.7662936484231889,0.7981867801399695,0.7431680143008301,0.87407724336544,0.7772998714925403,0.766293653760418,0.8354835371034368,0.7981867753392728,0.8354835432479661,0.798186787341014,0.7879311906630568,0.8267117919359419,0.8438950986284991,0.8175744806385543,0.7879311881731379
0.995094594512491,0.7057850278370112,0.679178699175393,0.5926665999540698,0.7310585669110202,0.743167997235783,0.7310585786300048,0.6926419767901475,0.7310585727705126,0.7185943925708561,0.7549149813536518,0.6076631698328916,0.5926665999540698,0.6654105521116443,0.5926665999540698,0.6076631698328916,0.7310585786300049,0.6654105454764747,0.7185943805178139,0.6076631698328916,0.7057850216484838
0.9956684978328318,0.718594386544335,0.7185943865443352,0.6654105521116443,0.7772998560157665,0.7310585727705127,0.5467381519846138,0.7185944046238981,0.6076631698328916,0.7057850340255386,0.6654105653819835,0.5312093733737563,0.7057850340255386,0.7431680143008301,0.46879062662624377,0.6370307944803831,0.6224593382055109,0.7549149923816048,0.6791787056691698,0.7057850340255385,0.7431679972357831
0.9284088045171237,0.8596637433190939,0.843895106480586,0.8740772302445241,0.8991213806488609,0.8933094010836642,0.8933094067644466,0.8872045996818986,0.9099070023734244,0.8670357546485407,0.8175744828610095,0.8267117876664789,0.8872045899891118,0.8175744761936437,0.874077230244524,0.880797068590724,0.8933094152856197,0.8872045907347108,0.8670357512127872,0.8175744806385542,0.8267117983401363
0.9978172836667226,0.7057850216484838,0.7549149923816048,0.7310585669110202,0.7879311881731379,0.8267117898012104,0.7310585786300049,0.7057850278370112,0.7549149868676283,0.7185943925708561,0.7310585669110203,0.7772998611746911,0.7431680143008301,0.7772998611746912,0.8080672181749422,0.7549149923816048,0.7431680143008301,0.7879312031126512,0.8175744739711883,0.7772998714925403,0.7772998663336158
0.9896718492989185,0.9940889324051836,0.989671846338355,0.9890130556186528,0.9914225131211092,0.9919380101847182,0.9896718491180482,0.9933071490447578,0.9928785702599123,0.9919380094622834,0.9914225133191064,0.9902915233842168,0.9914225149981221,0.9937100977234016,0.9928785726009209,0.9928785718864359,0.9896718467000961,0.9944450750287851,0.9919380067885293,0.9944450757541862,0.9940889305882903
0.9770226274556113,0.9046505248181418,0.9433475788729249,0.9553191263880952,0.9496693640193942,0.9603611620335328,0.9553191305224104,0.9669140254249553,0.9669140230414182,0.936285006192502,0.9553191268651317,0.9362850084148385,0.9603611587718369,0.9579122699817195,0.9496693706075925,0.9648551527149428,0.9648551575152327,0.9669140238756562,0.9648551522096491,0.9724147172236036,0.9603611643025386
0.9966233875814349,0.32082130731838393,0.320821300824607,0.32082129433083023,0.4073334000459302,0.37754067580180184,0.3629691986286475,0.28140560742914383,0.2942149597859341,0.3923368301671084,0.48438008427698437,0.42250463481418826,0.5312093733737563,0.5156199157230156,0.4225046348141882,0.4843800842769843,0.42250463481418826,0.3486451353339457,0.37754066879814546,0.39233683016710835,0.4843800842769843
0.9908743623244934,0.20181322946142372,0.22270013366638425,0.24508500761839525,0.21206881182686207,0.1919327864472368,0.11920292045759122,0.1403362512877889,0.18242552825126704,0.14804719051380194,0.12592275499444555,0.10669059039516234,0.11279541373888335,0.12592277467581972,0.09534946875514017,0.08509904790742691,0.12592275171421674,0.09534946746979658,0.07585817532042316,0.1066906024668249,0.10669059181535787
0.9947798745748531,0.9324533051062238,0.9196425388861784,0.9196425300765949,0.9399133500363828,0.9433475715065793,0.9465966647389334,0.9241418272911436,0.8991213813246445,0.9324533163686645,0.924141826246517,0.9399133435142799,0.9496693654438695,0.9496693718540082,0.8991213813246445,0.9284088055075428,0.9553191325895678,0.9149009567332237,0.9399133519298964,0.946596676038055,0.9046505338155469
0.9850429143399135,0.9433475727011219,0.9433475683211324,0.9099070060380482,0.9149009602137116,0.8807970904940926,0.8933094060543487,0.8596637523076225,0.8872045855155176,0.8438950986284991,0.8267117855317474,0.8354835432479661,0.8519528094861981,0.8933093989533708,0.9046505395995929,0.8807970748488297,0.9284087960985615,0.9324533083911025,0.8596637541053281,0.9196425256718028,0.9196425339307879
0.9875683500615298,0.5467381519846138,0.5774953651858118,0.5774953651858118,0.46879062662624377,0.4843800842769844,0.6370307944803831,0.39233683016710835,0.4687906266262437,0.43782349911420193,0.6224593312018546,0.6654105521116443,0.6224593312018546,0.5312093733737563,0.5621765008857982,0.6654105521116443,0.6513548578981939,0.6370307944803832,0.679178699175393,0.6370307944803832,0.5156199157230157
0.9966233868316021,0.8807970654616711,0.8175744828610096,0.8267117983401363,0.8438951084436077,0.8080672204860316,0.8670357683915538,0.880797068590724,0.867035752930664,0.8933094046341533,0.8933094103149355,0.8670357598021707,0.8807970873650401,0.8267117898012104,0.8670357615200474,0.8872045944627057,0.9046505261034854,0.8596637559030338,0.8267118004748677,0.8596637469145054,0.8175744695262775
0.9950945949057289,0.9883127413050748,0.9914225129231119,0.9867771756714966,0.9908743616592064,0.9902915244586897,0.992422760325409,0.9875683506789628,0.9924227574645266,0.9919380095888958,0.9924227591873592,0.9940889313188784,0.9947798745869437,0.9896718458147827,0.9919380071981574,0.9956684988751271,0.9953904274574029,0.995094593946501,0.9928785708295249,0.9953904278740409,0.9908743644635172
0.928408795603352,0.5621765008857981,0.43782349911420193,0.5312093733737563,0.5,0.4687906266262437,0.5312093733737562,0.5774953651858118,0.42250463481418826,0.5774953651858117,0.5156199157230157,0.6076631698328916,0.5467381519846138,0.5621765008857981,0.5926665999540698,0.5621765008857981,0.5312093733737563,0.5467381519846138,0.4687906266262437,0.5,0.5621765008857981
0.9908743607833854,0.6370307875894139,0.6224593241981982,0.7310585727705126,0.7981867753392728,0.6370307944803831,0.7057850340255386,0.7310585903489891,0.7879311931529758,0.7431680143008301,0.7772998611746912,0.7057850340255386,0.5926665999540697,0.7185944046238981,0.7185943985973772,0.6370308013713525,0.7057850340255387,0.5926665999540698,0.7662936324115011,0.6224593312018546,0.7549149923816048
0.990291523670743,0.995929862195387,0.996623388249781,0.9950945931668438,0.9961755163580239,0.9966233869648012,0.9956684978348401,0.9975273767847888,0.997527377081691,0.9970189676320645,0.9976768373996595,0.9956684983810912,0.9973683260770607,0.9975273764379243,0.9971990726661013,0.9961755171918523,0.9973683264364004,0.9953904286325356,0.9971990732760968,0.9973683262530638,0.9968273171832872
0.9896718456815097,0.9046505402422645,0.8670357512127873,0.817574471748733,0.8519527944504227,0.8175744739711883,0.8175744806385543,0.8596637523076225,0.8596637469145054,0.7879311931529758,0.8670357615200474,0.8807970811069351,0.8354835371034368,0.8267118004748677,0.880797071719777,0.8175744695262777,0.8354835452961425,0.8175744828610095,0.8080672135527631,0.798186775339273,0.7772998611746912
0.9883127431230747,0.9241418257242036,0.8670357563664174,0.9046505280315008,0.9362850004144266,0.936285000858894,0.9099069987088003,0.9496693665122261,0.9648551533465599,0.9669140237564794,0.9496693704295331,0.9603611628844101,0.9399133536130195,0.9626731101124724,0.9706877719515358,0.9465966705768131,0.9626731131913228,0.9362850124150441,0.9626731118526922,0.9724147183727806,0.9724147165241045
0.9959298623916967,0.14033625488320034,0.14804719239327382,0.1403362458946719,0.24508501864634824,0.28140561345566495,0.1480472055495773,0.19193279338050542,0.24508502416032488,0.14033624589467186,0.10669060530721626,0.14033624589467186,0.1403362458946719,0.09534946682712482,0.08509905312815914,0.13296423332632276,0.07585817793199001,0.15610489940847916,0.07585818576669105,0.13296423676207597,0.14033624409696624
0.9947798753583242,0.9830850860208817,0.9820137886561355,0.9688561719381645,0.978384668773618,0.9740426427080144,0.9553191338616647,0.9724147164241761,0.9796676484753358,0.9830850890253161,0.975576911099786,0.977022631804401,0.9688561725001971,0.9783846654647381,0.9850429141478122,0.9820137930646488,0.9820137860570862,0.9840936082298719,0.9890130569342483,0.9883127395301042,0.9808759640177926
0.9940889324900084,0.5774953651858118,0.5926665999540698,0.6513548782017745,0.7662936430859598,0.7549149868676283,0.6076631627277603,0.48438008427698437,0.5774953651858117,0.5467381519846138,0.7185943805178139,0.6224593241981982,0.6076631698328916,0.48438008427698437,0.6076631769380229,0.5312093733737563,0.5467381519846138,0.6076631769380229,0.6370307944803831,0.5621765008857981,0.5621765008857981
0.9908743624844992,0.5621765008857981,0.6926419894793248,0.8080672158638528,0.6370307944803831,0.7057850402140659,0.7772998663336157,0.6370307806984444,0.7879311981328135,0.7981867705385762,0.766293653760418,0.8080672181749421,0.5926665999540698,0.7057850278370112,0.7431680086124811,0.7549149813536518,0.7549149923816048,0.7310585786300049,0.7879312006227324,0.7662936377487304,0.7310585903489891
0.9953904271219559,0.7772998560157665,0.8596637541053281,0.8807970826714614,0.867035758084294,0.8670357529306639,0.8807970873650401,0.8267117940706734,0.7772998560157665,0.8670357649558006,0.8519528057272543,0.8740772318846386,0.9046505428129514,0.7879312056025699,0.731058584489497,0.8354835350552603,0.8354835371034368,0.8267117940706734,0.7981867825403176,0.899121367808974,0.8670357598021707
0.9933071479550563,0.9937100988817967,0.994779874096065,0.9971990727838083,0.9956684974472428,0.9944450756770158,0.99566849701948,0.9964063980355135,0.9950945940624266,0.9928785706352641,0.9937100982065514,0.9924227593729488,0.995668497804716,0.99408893192907,0.9947798754018504,0.9940889323039411,0.9959298617952177,0.99617551561911,0.9973683261827848,0.9959298621085578,0.9953904277672107
0.9933071491902576,0.9241418236349501,0.8991213671331906,0.9241418225903234,0.8933094174159127,0.9196425339307879,0.8740772236840656,0.8740772253241803,0.8740772269642949,0.8670357701094303,0.8807970811069351,0.9099069987088003,0.8872045870067158,0.8933094025038598,0.9046505421702797,0.8933093961129794,0.9099070066488187,0.9525741281688025,0.9099069999303417,0.9241418147556224,0.9241418152779358
0.9755769079043893,0.8670357460591569,0.7662936430859597,0.8080672112416737,0.87407724336544,0.787931185683219,0.7549149978955811,0.7772998611746912,0.6926419767901476,0.8080672089305841,0.8080672066194946,0.8438951084436077,0.7772998560157665,0.8519527944504227,0.7310585786300049,0.8080672066194946,0.7310585844894971,0.8175744828610095,0.7057850340255386,0.8438951084436077,0.7431680199891789
0.995390427549277,0.9783846672373523,0.9840936095710796,0.9914225128835125,0.9883127404014534,0.9770226317207705,0.9830850863306173,0.9875683475574958,0.9867771779074423,0.984093604906009,0.9808759613972873,0.9902915236170193,0.9783846681827465,0.9902915217187834,0.9850429122542421,0.975576912786245,0.9808759620960887,0.9830850872907975,0.985042910443001,0.9830850834810503,0.9669140225647107
0.9820137876033561,0.8519528076067262,0.8807970904940926,0.8175744806385542,0.8670357701094303,0.9284087990698189,0.8872046049010912,0.8807970779778824,0.8596637505099167,0.8933094174159129,0.8872045937171068,0.867035758084294,0.8872045922259089,0.8807970670261976,0.8740772236840657,0.7981867849406659,0.8080672112416737,0.8354835371034368,0.880797085800514,0.8519528038477825,0.8807970826714614
0.9902915245840449,0.9525741253077676,0.9433475730993027,0.9603611635934743,0.9496693641974535,0.9669140236373025,0.9579122767402745,0.9626731134590488,0.9648551568836156,0.9706877661217681,0.9796676446167348,0.9740426441208442,0.9626731101124724,0.9626731149315425,0.9783846663707411,0.9525741217735477,0.9603611626007843,0.9626731117188291,0.9603611628844101,0.9724147181729237,0.9669140219688265
0.9944450763303913,0.8354835330070839,0.8807970873650401,0.8596637487122111,0.9149009578933863,0.8872045870067157,0.9399133557169235,0.909906999319571,0.8991213711878918,0.8933094060543488,0.8807970748488297,0.9099070017626536,0.9465966720833626,0.9099070103134426,0.9196425229188077,0.9099070048165069,0.8175744850834649,0.9149009491921664,0.8740772351648677,0.928408800060238,0.9099069999303416
0.978384667119178,0.6654105587468141,0.5,0.5774953651858118,0.6076631698328916,0.6654105521116443,0.6513548782017745,0.6370307806984444,0.6076631698328916,0.679178699175393,0.5926665999540698,0.7185944046238981,0.7431680029241321,0.5312093733737563,0.5621765008857982,0.7057850216484838,0.7549149868676283,0.6370307944803831,0.5621765008857981,0.7185943985973772,0.6076631698328916
0.9840936045852853,0.9046505434556232,0.8438951025545426,0.8354835330070839,0.9046505325302034,0.8596637433190939,0.8175744695262777,0.8872045832787205,0.9099070017626536,0.8807970889295664,0.8267118004748677,0.826711791935942,0.904650530602188,0.8991213786215105,0.8872045974451017,0.8670357460591569,0.8519528057272543,0.8807970826714614,0.9196425306271939,0.8519528000888386,0.880797076413356
0.9947798740065945,0.9362850017478287,0.9740426448743533,0.9770226321389233,0.9626731098447463,0.9669140230414183,0.9796676468799529,0.9808759633189913,0.9706877689836543,0.9840936087255356,0.98359696399782,0.9875683478433444,0.9840936111163839,0.9669140223263571,0.9724147188724228,0.9706877672347239,0.9724147192221722,0.9783846655829125,0.9850429118425964,0.9850429158630023,0.9783846677494409
0.9975273769249129,0.9820137870440669,0.9740426456278625,0.9850429137910526,0.9850429124189004,0.97557690883638,0.9830850847819396,0.9883127443279028,0.9896718457862242,0.9859363699091513,0.9886682484615187,0.9940889312641528,0.9924227595935554,0.9924227601258125,0.9893474902105046,0.9883127445107786,0.9896718477567602,0.9935117309496587,0.990291522721625,0.9921841095496003,0.9902915246646304
0.9975273772516775,0.7431680086124811,0.6513548511303336,0.6926419767901475,0.7549149813536518,0.5926665999540698,0.7057850216484838,0.7057850402140659,0.718594386544335,0.7549149813536518,0.7057850340255386,0.7772998508568416,0.7662936484231889,0.6926419831347361,0.8596637559030338,0.6926419894793248,0.7772998611746911,0.8354835391516133,0.8438951084436077,0.7310585786300048,0.8080672135527632
0.9940889317977284,0.8596637505099168,0.9284088035267047,0.9241418178895029,0.8670357580842941,0.9046505402422644,0.9324533140223228,0.8670357701094303,0.9241418126663686,0.9241418262465169,0.9284088055075428,0.9241418267688303,0.8807970732843033,0.9149009526726545,0.9284088055075428,0.9324533154301279,0.9046505280315008,0.9046505351008904,0.9099070103134425,0.9241418257242036,0.9149009584734678
0.9796676472880741,0.9362850070814366,0.9284088069931713,0.9362850088593059,0.9525741320396143,0.949669372210127,0.9465966645506148,0.9688561658682131,0.9688561669922783,0.9820137931304475,0.9603611624589714,0.9740426406358642,0.9603611617499072,0.9496693620607405,0.9648551557467049,0.9706877669167365,0.968856170252067,0.9579122740368525,0.9706877679236965,0.9669140228030645,0.9688561705892866
0.9947798743209503,0.9669140198236428,0.9669140188702279,0.97068776908965,0.9603611599063399,0.9496693698953548,0.9433475723029411,0.9324533116759811,0.9688561713761322,0.9579122756889437,0.9626731121204183,0.9603611610408428,0.9553191346567251,0.952574129515172,0.952574123793102,0.9284087926320945,0.9688561681163435,0.9648551523359724,0.939913352771458,0.9648551535992067,0.9525741251394715
0.990291525031742,0.9950945940033272,0.9968273172510318,0.9947798741275007,0.9940889307579399,0.994445074931036,0.9959298626786105,0.9973683255209398,0.9944450739792685,0.997018967048703,0.9933071476826308,0.9959298618593958,0.9953904286795409,0.9944450760937356,0.9964063965973912,0.9956684983108016,0.996175516824613,0.9950945953239705,0.9953904286282624,0.9956684976099132,0.9968273167635653
0.9890130597880782,0.9688561681163433,0.9669140220880034,0.9648551546097942,0.9669140243523636,0.9553191324305558,0.9496693679367014,0.9755769079931504,0.9740426424254486,0.9796676449506523,0.9706877671287282,0.9755769091026633,0.9808759618515082,0.96036116189172,0.9724147186226016,0.9579122716338109,0.943347578474744,0.9399133510883347,0.9579122686300084,0.9688561666550587,0.9688561673294978
0.9579122756889437,0.9099070145888367,0.8670357718273068,0.874077222043951,0.8354835411997897,0.8933093982432729,0.8807970779778825,0.8991213806488609,0.8872045989362997,0.9099069980980297,0.8267117962054049,0.9196425388861785,0.9284088040219143,0.9196425306271939,0.8807970842359877,0.9433475794701961,0.9284087946129328,0.8740772450055545,0.9149009578933863,0.8596637559030338,0.8872046026642944
0.9928785700426036,0.9433475734974835,0.9496693636632753,0.962673113592912,0.966914021492119,0.9241418205010699,0.9770226312189871,0.9706877679236965,0.9724147150251781,0.9399133479324787,0.9603611591972756,0.964855156378322,0.9796676486237436,0.9626731169394881,0.9603611613244686,0.9626731089077047,0.9669140247098943,0.9626731087738416,0.9496693713198301,0.9755769109222638,0.9626731122542814
0.995390427305704,0.8080672158638527,0.6370308013713525,0.7057850340255386,0.6224593312018546,0.705785040214066,0.6370307806984444,0.6926419767901475,0.679178692681616,0.679178699175393,0.5926665999540698,0.6926419894793246,0.651354857898194,0.5926665999540698,0.5926665999540697,0.6370307944803832,0.6370307944803832,0.6513548714339145,0.5774953651858118,0.6926419831347362,0.46879062662624377
0.9830850857421198,0.7662936430859597,0.5926665999540698,0.7185943985973772,0.6224593312018546,0.6926419831347361,0.8080672158638527,0.8080672135527632,0.7772998663336158,0.7772998560157665,0.8175744828610095,0.8354835391516133,0.8933094010836642,0.8519528076067262,0.8872046019186954,0.8267117962054048,0.8175744850834648,0.8807970826714614,0.8438951045175643,0.8933094117351309,0.817574471748733
0.9973683258912798,0.97966764624922,0.9820137865834759,0.9830850828306056,0.9850429132421917,0.989671848194657,0.9830850894279722,0.9808759616418677,0.9896718479090721,0.9840936084048121,0.9770226312608024,0.9875683494326628,0.9883127441235124,0.9808759638430923,0.9896718451198594,0.9867771768016214,0.9808759614322272,0.9908743643793037,0.9908743614739366,0.9850429110741911,0.9875683473402507
0.988312741961276,0.9046505428129514,0.8872045959539037,0.8670357718273068,0.8438951104066293,0.8740772482857833,0.8080672135527631,0.808067204308405,0.8807970889295664,0.8740772368049822,0.8872045914803098,0.8740772269642949,0.8991213813246445,0.8670357735451834,0.8267117898012104,0.8740772482857833,0.8740772318846386,0.8354835432479663,0.8080672135527632,0.8354835350552603,0.8175744828610095
0.9959298624860762,0.96036116189172,0.9820137888864311,0.9688561705892866,0.9626731086399787,0.9796676478075012,0.9755769125643425,0.9603611648697901,0.9850429166176858,0.9603611613244686,0.9626731101124724,0.9796676488463553,0.9820137889522297,0.9648551509464147,0.9820137898405124,0.9783846655041296,0.97068777184554,0.975576912697484,0.9808759620262085,0.9796676483269281,0.9724147165241046
0.994445075558688,0.6076631698328916,0.5926665999540698,0.5467381519846138,0.5926665999540698,0.42250463481418826,0.4843800842769844,0.6224593312018546,0.6513548646660542,0.718594386544335,0.6224593312018546,0.6076631698328916,0.46879062662624377,0.5621765008857982,0.5926665999540698,0.6076631698328916,0.5621765008857981,0.45326184801538616,0.5774953651858117,0.6513548714339144,0.5926665999540697
0.9976768375124457,0.7185943985973772,0.7185943805178138,0.7185943925708562,0.6654105521116443,0.651354857898194,0.7772998663336158,0.7772998611746912,0.7431680086124811,0.718594386544335,0.8267117983401362,0.7057850278370112,0.7185943985973772,0.766293653760418,0.6926419767901475,0.787931190663057,0.5926665999540698,0.705785040214066,0.7549149758396752,0.7057850154599562,0.7879311931529758
0.9783846686948351,0.9669140200619966,0.9496693714978894,0.9465966700118571,0.9362850088593058,0.9724147200715639,0.968856169352815,0.9740426419545053,0.9465966737782308,0.9724147195219576,0.9669140225647107,0.9465966749081428,0.9669140183935203,0.9724147164241762,0.9669140220880034,0.9740426398823548,0.9724147197717786,0.9648551571362625,0.9755769086144775,0.9669140207770578,0.9525741261492485
0.9433475778774728,0.9706877684006775,0.9626731149315425,0.9669140243523637,0.9783846654647382,0.9796676446167348,0.9669140222071803,0.9770226313026176,0.9496693718540082,0.98677717912263,0.9820137874717586,0.9796676470654625,0.9796676456184871,0.9724147199716354,0.9755769122980594,0.9840936048185389,0.9770226317207705,0.9770226303826813,0.9796676471396664,0.9648551535992067,0.9648551537255302
0.9706877664397555,0.9840936108248172,0.9840936069178209,0.9875683501072655,0.9908743624508138,0.9928785721366703,0.9919380086430274,0.9914225140002164,0.9919380069672761,0.993710096527169,0.9928785720872819,0.9947798752301639,0.9908743624929205,0.9944450758699417,0.9937100978747496,0.9944450764384297,0.9937100989400076,0.9944450760191377,0.9928785722947131,0.9933071476764394,0.9933071504037886
0.9755769087476192,0.9579122675786776,0.9688561716009452,0.9553191298863619,0.9496693674025231,0.9603611644443515,0.9399133559273138,0.9755769126531035,0.9669140250674249,0.9755769119430155,0.9740426404003925,0.9770226298808979,0.9706877698316204,0.9626731085061155,0.9706877724285167,0.96691402411401,0.9579122738866624,0.9525741216052516,0.9648551573889093,0.9626731089077047,0.9579122701319097
0.9783846695614463,0.9908743644719386,0.9914225162811433,0.9933071481593753,0.9914225140794154,0.9937100978223599,0.9908743613728803,0.9940889317922558,0.9890130554263734,0.9933071496948636,0.9950945935691743,0.9944450744422905,0.9933071476423861,0.9924227585745631,0.994445074864155,0.9950945946397819,0.9919380067810816,0.9959298630051637,0.9947798738252355,0.9919380067140514,0.9919380086728184
0.9953904286603114,0.6370308013713525,0.6224593312018546,0.5774953651858117,0.46879062662624377,0.5312093733737563,0.5,0.5156199157230156,0.42250463481418826,0.3775406617944891,0.48438008427698437,0.5467381519846138,0.42250463481418826,0.39233683016710835,0.48438008427698437,0.4843800842769844,0.3629692055196168,0.5,0.4073334000459302,0.5467381519846138,0.4073334000459302
0.9971990732956062,0.8175744673038222,0.8267117962054049,0.817574478416099,0.8080672204860316,0.8872045847699186,0.8596637541053281,0.7879311931529758,0.8267117919359419,0.7549149923816048,0.817574471748733,0.8354835371034368,0.6791787056691698,0.7549149868676283,0.7981867705385762,0.808067208930584,0.7549149868676283,0.7662936484231889,0.6370307806984444,0.7057850278370112,0.6926419767901475
0.9978172838487693,0.9399133515091156,0.9196425306271939,0.9433475768820208,0.9433475770811112,0.9284088055075428,0.9603611604735914,0.8991213732152423,0.9399133515091156,0.9284088015458666,0.9284088025362857,0.9284088060027522,0.9496693702514737,0.9433475703120368,0.893309405344251,0.9284088060027523,0.9324533116759811,0.9046505395995927,0.8991213732152424,0.8596637433190939,0.8670357477770336
0.9875683469286287,0.754914975839675,0.8267118004748677,0.7549149813536518,0.8519528019683105,0.798186775339273,0.8670357598021708,0.8267118004748677,0.7879311956428947,0.8354835391516132,0.8175744806385542,0.8740772466456689,0.8354835289107309,0.7879311981328135,0.8080672158638528,0.8267118026095991,0.8354835411997897,0.8080672181749422,0.880797081106935,0.7981867825403177,0.8080672066194946
0.9859363708518423,0.9944450758699417,0.9937100984830527,0.99566849736892,0.9956684986261009,0.9944450763149572,0.9944450764641531,0.9919380092909844,0.9956684973789613,0.9961755166126076,0.9953904282073514,0.9970189667615201,0.994779873539897,0.9968273175146466,0.995929861442238,0.9956684985015878,0.9944450758107778,0.995094593689646,0.9961755171705631,0.9971990731323772,0.9947798746619054
0.9924227580738211,0.6513548646660543,0.5,0.48438008427698437,0.5156199157230157,0.5467381519846138,0.5156199157230157,0.5467381519846138,0.5156199157230156,0.6076631698328916,0.5621765008857982,0.4843800842769844,0.5621765008857981,0.4687906266262437,0.546738151984614,0.46879062662624377,0.6224593312018546,0.4532618480153861,0.5926665999540697,0.7057850216484838,0.6076631698328916
0.9553191275011802,0.9324533093296393,0.9284088020410761,0.9648551561256752,0.9724147204213134,0.9688561682287499,0.9553191265471074,0.9553191314764831,0.949669363129097,0.9603611626007844,0.9688561692404085,0.9755769099458927,0.9724147197218145,0.9706877717925422,0.9755769091914241,0.9626731147976794,0.9496693640193942,0.9579122690805788,0.9626731168056252,0.9755769106116003,0.9362850053035674
0.9465966669987579,0.9688561720505711,0.9706877682946817,0.9669140203003503,0.9808759631093508,0.9755769087032385,0.972414715025178,0.9603611651534157,0.9755769097683709,0.9724147164241761,0.9783846665676982,0.9648551524622959,0.9648551501884741,0.9770226296718215,0.9648551527149427,0.9783846683403122,0.9706877689306564,0.9648551519570021,0.9553191284552529,0.9525741261492485,0.9553191268651317
0.9937100974381685,0.34864512856608554,0.5,0.5467381519846138,0.5,0.5,0.42250463481418826,0.46879062662624377,0.3629691917376783,0.37754067580180184,0.4532618480153861,0.2337063569140403,0.3629692055196168,0.2814056074291439,0.36296921241058616,0.5156199157230156,0.39233683016710835,0.30735800417608683,0.37754067580180184,0.46879062662624377,0.3486451488696663
0.99477987455309,0.9433475788729249,0.9284088069931713,0.9603611565028308,0.9433475693165846,0.919642528424798,0.9046505428129514,0.9196425306271939,0.9046505395995929,0.9465966647389333,0.914900948612085,0.9284087980793998,0.9241418137109956,0.8872045966995027,0.9149009462917594,0.8933093996634686,0.8740772368049822,0.9324533097989076,0.9196425256718028,0.9099070115349838,0.9362850070814366
0.991938007451382,0.9284087975841901,0.9241418184118163,0.9241418147556224,0.9046505280315008,0.9099069962657176,0.9149009532527358,0.9284088074883808,0.9362850048591,0.8807970873650403,0.9046505415276079,0.8991213745668094,0.8740772335247532,0.9525741251394715,0.9399133515091156,0.9433475790720153,0.9324533036984186,0.914900957313305,0.9284088069931713,0.8991213826762113,0.8872045944627058
0.9830850871049561,0.7662936377487304,0.7879312031126512,0.8080672066194946,0.7431680143008301,0.7981867777396212,0.8267117983401363,0.8175744695262777,0.7772998663336158,0.7057850278370112,0.7772998714925403,0.8596637577007393,0.8175744828610095,0.6926419767901476,0.7981867801399695,0.8267117855317474,0.8080672112416737,0.8267117919359419,0.7772998560157665,0.7981867825403177,0.7310585903489891
0.9968273164115881,0.3923368230619772,0.33458945452352534,0.20181322226037884,0.18242551936144571,0.14804720367010532,0.14033624589467186,0.11279539733570564,0.1066905889749668,0.08509904152653235,0.10087862205427302,0.06008665017400762,0.09534945654437686,0.10087863219102594,0.07159119548287624,0.0803574622150194,0.0803574611138215,0.08035747322699913,0.0850990380460446,0.06754668785475051,0.10669058826486907
0.9975273763684366,0.9196425240200057,0.9196425388861785,0.936285000858894,0.8807970873650401,0.8354835432479661,0.8596637487122111,0.8872045870067157,0.8438950966654772,0.8872045840243196,0.8991213718636754,0.9046505383142492,0.8354835411997897,0.8596637559030337,0.8872045981907006,0.8438951084436077,0.8596637433190939,0.8991213813246444,0.9196425372343816,0.8354835371034369,0.8670357494949105
0.9940889307168957,0.6654105653819835,0.6513548646660542,0.7310585727705127,0.5926665999540698,0.6370308082623217,0.679178699175393,0.4532618480153861,0.6513548714339145,0.6224593241981982,0.5,0.348645142101806,0.5312093733737563,0.5774953651858118,0.4378234991142019,0.37754066879814546,0.33458943461801643,0.6370307875894138,0.46879062662624377,0.5156199157230157,0.43782349911420193
0.989671849384594,0.8991213840277783,0.8354835371034368,0.880797068590724,0.8596637541053281,0.8740772417253256,0.90990700787036,0.893309405344251,0.8991213867309121,0.9099069962657176,0.9149009538328171,0.9362850079703713,0.9324533130837862,0.8933094039240554,0.9046505286741727,0.9046505370289059,0.8991213691605412,0.9433475804656482,0.8991213718636754,0.8991213867309121,0.8991213820004279
0.9937100965475428,0.5156199157230156,0.5156199157230157,0.43782349911420193,0.3923368301671084,0.32082131381216084,0.3775406687981454,0.42250463481418826,0.4073334000459302,0.320821300824607,0.24508501864634824,0.17328819952513227,0.19193278182505782,0.23370635691404026,0.2814056134556649,0.23370635157681105,0.22270013366638422,0.21206879688734884,0.2568319970758679,0.13296423504419935,0.1824255304737224
0.993710097187862,0.9046505434556231,0.8933093968230773,0.9433475717056697,0.8807970732843033,0.9324533102681761,0.9284087965937711,0.9648551538518536,0.9099070023734243,0.9433475790720153,0.9241418272911436,0.8740772351648677,0.9196425339307879,0.924141814233309,0.9149009596336303,0.9284087941177233,0.946596667563714,0.9196425245706047,0.90990700787036,0.9284088045171238,0.8872045914803097
0.9896718451960154,0.5156199157230156,0.3923368230619772,0.48438008427698437,0.5156199157230156,0.43782349911420193,0.3345894478883556,0.40733340004593027,0.40733340004593027,0.5312093733737563,0.4378234991142019,0.4687906266262437,0.40733340004593027,0.34864514210180597,0.45326184801538616,0.45326184801538616,0.3486451488696663,0.43782349911420193,0.3775406687981454,0.3775406687981454,0.3486451217982255
0.9919380068927983,0.5467381519846138,0.5312093733737563,0.6076631698328916,0.5926665999540698,0.5926665999540698,0.6224593312018546,0.46879062662624377,0.48438008427698437,0.5312093733737563,0.4687906266262437,0.5467381519846138,0.36296919173767833,0.4843800842769844,0.4073334000459302,0.46879062662624377,0.5312093733737563,0.42250463481418826,0.4532618480153861,0.4843800842769843,0.45326184801538616
0.979667648957661,0.6076631698328916,0.4687906266262437,0.37754066879814546,0.4073334000459302,0.33458943461801643,0.32082131381216084,0.320821300824607,0.21206880684702423,0.334589441253186,0.36296921930155557,0.3208213138121609,0.3629692055196168,0.5156199157230157,0.3923368230619772,0.2942149597859341,0.3073580105206753,0.25683198569916993,0.3923368301671084,0.2942149659744614,0.334589441253186
0.9940889310425136,0.5467381519846138,0.40733340004593027,0.5,0.40733340004593027,0.5156199157230156,0.40733340004593027,0.5312093733737563,0.5,0.43782349911420193,0.39233682306197715,0.4843800842769843,0.3073580105206753,0.3345894346180164,0.2942149659744614,0.3486451217982255,0.46879062662624377,0.3775406758018019,0.4378234991142019,0.40733340004593027,0.46879062662624377
0.9914225128676727,0.8740772286044095,0.8438951064805861,0.8596637541053281,0.7772998560157663,0.7772998663336158,0.8519527982093666,0.8175744806385543,0.7772998611746911,0.8670357701094303,0.7549149758396752,0.7981867825403176,0.8080672204860316,0.787931188173138,0.8267117983401363,0.8267117876664789,0.7662936484231889,0.8267117940706734,0.8080672181749422,0.7879311981328135,0.7662936377487305
0.9961755160262666,0.4687906266262437,0.5156199157230156,0.48438008427698437,0.3629692055196168,0.40733340004593016,0.36296919173767833,0.48438008427698437,0.4378234991142018,0.48438008427698437,0.2568319856991699,0.22270014398423357,0.2450850021044189,0.2942149659744614,0.3629691917376783,0.4378234991142019,0.4073334000459302,0.33458943461801643,0.28140560140262283,0.3629691986286475,0.32082128783705344
0.9890130571467676,0.9284088045171237,0.9324533046369553,0.9284087956033519,0.9149009549929797,0.9362850044146327,0.8872045907347108,0.932453304167687,0.9324533036984185,0.914900959053549,0.9362849999699593,0.9324533027598817,0.9324533055754921,0.924141819456443,0.9196425267730008,0.924141814233309,0.8872046026642944,0.9324533121452494,0.8991213806488609,0.8991213711878918,0.843895106480586
0.990291523679697,0.9875683482435325,0.9896718462907577,0.9867771774821266,0.9850429166314073,0.9875683510905847,0.9875683489524372,0.9902915233215392,0.9914225148951635,0.9875683475574958,0.9914225145070892,0.9914225132082279,0.9928785725120218,0.9919380072279486,0.9893474902792112,0.9908743643456183,0.9890130596767586,0.9914225132795068,0.9924227586200851,0.9926541746818723,0.9937100986489535
0.9740426424725429,0.7057850216484838,0.7057850154599563,0.8175744828610095,0.8596637505099167,0.787931188173138,0.8438951025545426,0.7549149868676283,0.8354835289107309,0.8596637559030338,0.7772998560157665,0.8267117940706734,0.8596637541053281,0.8080672135527632,0.8670357718273068,0.8080672135527632,0.7549149923816048,0.8807970732843033,0.7981867825403176,0.8267117940706735,0.7662936484231889
0.9830850856801727,0.9890130562157307,0.9706877701496077,0.9808759612225869,0.9770226308844648,0.9724147159245339,0.9724147201714923,0.977022629170038,0.9669140235181257,0.977022630173605,0.9724147163242477,0.9626731168056251,0.9579122756889437,0.9496693679367014,0.9783846695220548,0.9669140251866016,0.9724147172735679,0.9724147197218144,0.9688561722753841,0.9465966707651319,0.9688561699148476
0.9933071500849272,0.6370307944803832,0.651354857898194,0.6370308082623217,0.7185943925708561,0.6370307806984444,0.665410558746814,0.7662936484231889,0.7549149923816048,0.7549149978955811,0.7662936430859597,0.7431680143008301,0.7549149868676283,0.7981867801399694,0.6076631698328916,0.7772998611746911,0.7185943805178139,0.679178692681616,0.7310585786300049,0.8438951005915208,0.7185943925708561
0.9944450751728364,0.8596637469145053,0.8080672158638528,0.8080672089305841,0.826711787666479,0.8670357598021707,0.8080672204860316,0.8519528019683106,0.8807970811069351,0.8175744806385542,0.7310585844894971,0.880797068590724,0.8267117876664789,0.8175744695262777,0.8354835411997897,0.8267117983401364,0.8175744739711883,0.6224593312018546,0.7772998560157665,0.7310585727705127,0.665410558746814
0.9959298625408164,0.9883127412512878,0.9928785713530416,0.9867771756228891,0.9875683505874912,0.9890130553049338,0.9820137888535317,0.9796676451732639,0.9890130576932457,0.9867771768745327,0.9875683470201002,0.9883127438438201,0.9840936091920427,0.9928785707636738,0.9883127413696192,0.9867771785879474,0.9867771804714881,0.9875683471801755,0.9908743605560089,0.9808759619563284,0.9896718498129713
0.9755769107003615,0.8807970779778824,0.8740772466456689,0.9149009538328171,0.9196425273236,0.9465966702001757,0.9362850075259038,0.952574124634583,0.9399133517195061,0.9324533079218341,0.8933094103149355,0.8872045966995027,0.9196425273236,0.8872045922259088,0.90990700787036,0.8354835309589073,0.7981867825403177,0.9099070133672955,0.9196425300765949,0.909907004816507,0.880797085800514
0.9324533065140289,0.9603611580627726,0.9688561659806196,0.9433475713074889,0.9433475798683769,0.9603611583463982,0.9626731090415679,0.9284087965937711,0.9465966756614176,0.9579122686300084,0.9465966707651319,0.9648551565046455,0.9669140210154116,0.9783846652283896,0.9669140228030646,0.9465966660571644,0.9648551561256752,0.9669140237564794,0.9724147185226732,0.9724147156747128,0.9553191267061195
0.9648551575152328,0.8519527963298947,0.914900963114118,0.9046505344582187,0.9046505293168444,0.9196425295259959,0.8991213732152423,0.8670357735451835,0.89912137659416,0.8991213765941599,0.8933093982432729,0.8872045981907006,0.9149009515124917,0.9196425229188077,0.9149009480320036,0.8740772433654401,0.914900963114118,0.9149009515124917,0.9099070084811306,0.8933093982432729,0.9099070054272775
0.9919380080099658,0.9908743626023981,0.9820137869782682,0.9896718465763427,0.9883127423485423,0.9850429142575843,0.9783846649526496,0.979667646805749,0.9820137900050091,0.9808759646467139,0.9820137900050091,0.9850429111153557,0.9890130572074873,0.9830850831093675,0.9859363722206809,0.9883127424023292,0.9840936109706006,0.9875683513306974,0.9840936065970972,0.9796676485495397,0.9808759646117738
0.99662338723355,0.977022632097108,0.9770226311353565,0.9783846650708239,0.9755769099902734,0.9724147163242477,0.9706877701496078,0.9796676468428509,0.9796676459895065,0.9796676446909387,0.9808759628997104,0.9820137886561355,0.9830850890872632,0.9770226301317896,0.9724147146754285,0.983085088560713,0.9859363723627302,0.9867771794021231,0.9859363750616664,0.9830850849368075,0.9755769107003613
0.996406397960481,0.9553191294093255,0.9099070158103778,0.9433475711083985,0.9433475687193131,0.962673111183377,0.9399133519298964,0.949669361882681,0.9196425317283919,0.8991213840277783,0.9433475802665576,0.9553191271831558,0.9496693682928201,0.9525741310298373,0.952574127663914,0.9648551561256752,0.936285010637175,0.9241418225903234,0.9553191259110588,0.9465966666221205,0.9525741280005064
0.995390428722273,0.42250463481418826,0.4073334000459302,0.34864513533394575,0.45326184801538616,0.28140560742914383,0.3486451285660856,0.2942149721629888,0.37754066879814546,0.3345894478883556,0.32082129433083023,0.29421497216298875,0.3345894478883556,0.3629692055196168,0.24508501864634824,0.19193279338050545,0.2120688068470242,0.24508500761839525,0.30735802320985245,0.3629692055196168,0.2814056194821861
0.9867771805079438,0.9603611606154042,0.9553191251159981,0.9648551528412661,0.98409360595565,0.972414717323532,0.9688561714885386,0.9688561659806196,0.9706877669167366,0.9525741222784363,0.9770226275810571,0.9626731149315425,0.9688561692404085,0.9688561714885386,0.943347577479292,0.9740426413893734,0.9579122756889437,0.9688561711513192,0.9669140244715405,0.9626731131913228,0.966914024948248
0.9840936059264932,0.9046505338155469,0.919642526773001,0.9284087990698189,0.90990700787036,0.8933094110250331,0.943347577479292,0.9433475721038507,0.9046505421702797,0.8596637487122111,0.904650527388829,0.9149009642742806,0.9196425306271939,0.924141814233309,0.893309405344251,0.9324533088603708,0.9099070023734243,0.8933094025038599,0.9284087941177233,0.9284088069931713,0.8872045825331214
0.952574121941844,0.8519527982093666,0.8991213853793453,0.9046505318875316,0.8267117876664789,0.8933094081846421,0.8670357598021707,0.9099070005411124,0.8807970701552505,0.9046505428129514,0.8596637433190939,0.919642530076595,0.9099069980980297,0.8991213874066956,0.9324533163686646,0.8807970873650401,0.8740772482857833,0.8438951084436077,0.9046505299595162,0.899121375242593,0.8740772253241802
0.9964063982047533,0.7662936430859597,0.5926665999540698,0.679178699175393,0.7310585786300049,0.6654105653819835,0.6370307944803831,0.546738151984614,0.4843800842769844,0.5774953651858118,0.4532618480153861,0.4532618480153861,0.6513548714339145,0.6076631698328917,0.5774953651858118,0.6370307875894139,0.5156199157230156,0.3486451217982255,0.40733340004593027,0.6926419767901475,0.6224593312018546
0.9525741273273217,0.9241418272911436,0.8807970904940926,0.9284088005554475,0.9324533130837862,0.9433475734974837,0.9553191263880952,0.9553191340206768,0.9603611613244686,0.9525741231199173,0.9740426441208442,0.962673113860638,0.9579122764398942,0.9740426408713357,0.9669140224455339,0.9626731105140616,0.9603611591972755,0.9648551511990616,0.9603611580627726,0.9688561677791239,0.9465966715184065
0.9961755169195274,0.9740426452040135,0.988312742477631,0.9755769097239902,0.9783846675130923,0.9830850839456536,0.9896718463573941,0.9867771767894695,0.9850429142850273,0.9908743621981732,0.9937100975167531,0.9928785729268841,0.9896718496987373,0.9902915230081512,0.9867771767894695,0.9914225127488744,0.9908743625434486,0.991938007384352,0.9896718461955627,0.9908743617434199,0.9883127401540334
0.9947798745192362,0.9724147149752138,0.9724147147753568,0.9859363704127808,0.9808759631093509,0.9830850840385742,0.9830850903571786,0.9808759623406692,0.970687769142648,0.9859363708260152,0.980875964716594,0.9830850881270833,0.9840936056932397,0.9808759618864482,0.9808759616418677,0.9755769119430154,0.968856169128002,0.9724147201714923,0.9796676485124378,0.975576912253679,0.9808759615021075
0.9940889299315817,0.8596637523076225,0.904650527388829,0.8991213820004279,0.9284087951081424,0.8933094039240554,0.9046505331728752,0.914900959053549,0.9433475762847495,0.9046505402422645,0.9099070048165069,0.9399133502467732,0.9284088060027522,0.9284088020410761,0.9525741301883566,0.8933094067644466,0.9284087985746092,0.8740772368049822,0.899121373891026,0.9324533116759811,0.8740772417253256
0.9908743636045393,0.9496693670464043,0.9688561727250101,0.9648551572625859,0.9626731099786093,0.9648551538518535,0.9688561711513191,0.9688561700272541,0.9669140203003503,0.9755769075937258,0.9808759646467139,0.9830850851226487,0.9755769082150529,0.9850429167960656,0.9770226276646877,0.9850429126658878,0.9796676473251761,0.9724147175233889,0.9867771772147852,0.9648551525886193,0.9783846655435211
0.962673116671762,0.8596637487122111,0.8872045892435129,0.914900959053549,0.8807970842359877,0.8740772236840656,0.9099070121457543,0.9149009491921664,0.9099070066488189,0.904650530602188,0.8933094074745443,0.9149009613738741,0.8596637541053281,0.9149009567332237,0.9241418246795768,0.9196425366837827,0.9465966709534506,0.9241418189341297,0.8991213678089741,0.9099070133672955,0.9046505357435622
0.9669140254249553,0.7549149868676283,0.7431680029241321,0.7431680029241321,0.7549149923816048,0.7879311881731379,0.7310585669110202,0.7549149758396752,0.7431680199891789,0.7549149923816048,0.7185943925708562,0.7431680086124812,0.7549149813536518,0.7981867729389246,0.7185943985973772,0.7662936377487304,0.817574471748733,0.7431680086124812,0.7185943805178139,0.6926419831347361,0.7662936430859597
0.9947798732110326,0.731058584489497,0.7662936484231889,0.731058584489497,0.6370308013713525,0.731058584489497,0.6076631698328916,0.6370308013713525,0.6370307875894139,0.7549149923816048,0.7185944046238981,0.5156199157230157,0.5926665999540697,0.6224593312018546,0.5926665999540698,0.6224593312018546,0.5621765008857982,0.5926665999540698,0.5621765008857981,0.5926665999540698,0.5156199157230156
0.9755769072386817,0.5774953651858118,0.7981867825403177,0.7772998663336158,0.8519527944504227,0.7981867777396211,0.8080672181749422,0.8438950966654772,0.8740772236840656,0.8519527944504227,0.8740772433654401,0.8080672158638527,0.7431680029241321,0.808067208930584,0.8670357477770336,0.8080672089305841,0.817574471748733,0.8438951064805861,0.8080672227971212,0.8519527963298947,0.8175744673038222
0.9928785718238774,0.9966233874325653,0.9975273764471128,0.9976768373052214,0.9976768378540422,0.9973683259609476,0.996827317461629,0.9971990724254848,0.9984021543952956,0.9978172832706822,0.9984021547524284,0.998830489753847,0.9984988178095724,0.9984021543429236,0.9984988173893805,0.9987551565258176,0.9989012687172792,0.9980732653514478,0.9985896416327431,0.9989677689302332,0.9991440992956073
0.9914225152911578,0.9770226327661525,0.9770226281246559,0.972414718472709,0.975576910744742,0.9706877694076373,0.9830850901403638,0.9840936091045726,0.978384666370741,0.9808759626900699,0.9830850880341626,0.9770226279155794,0.9830850883748716,0.9859363707743608,0.9859363743772472,0.9820137915512787,0.9867771762547869,0.9850429122130775,0.9883127424023291,0.9783846647950839,0.990291523652835
0.962673116671762,0.4843800842769843,0.5,0.37754067580180184,0.3208213073183839,0.30735801052067535,0.28140560742914383,0.46879062662624377,0.4378234991142019,0.2568319856991699,0.4225046348141883,0.3629692055196168,0.36296919862864757,0.3073580105206753,0.29421495978593415,0.30735800417608683,0.33458944125318596,0.28140560742914383,0.33458942798284697,0.26894142136999516,0.2814056194821862
0.9950945942920049,0.8596637577007394,0.8267117962054049,0.8175744695262775,0.8438950947024555,0.7879311906630568,0.7662936430859598,0.7549149923816048,0.679178699175393,0.8080672181749422,0.7981867777396211,0.7662936430859597,0.8596637559030338,0.7772998508568417,0.8267117919359419,0.7662936377487304,0.7549149758396752,0.7057850154599562,0.7662936430859597,0.7879312006227324,0.7549149923816048
0.9933071504409375,0.4378234991142019,0.30735801052067535,0.3775406687981454,0.1919327841361473,0.32082128783705344,0.3073580168652638,0.25683199138751883,0.33458943461801643,0.21206880435710532,0.2018132270610754,0.2942149721629888,0.18242551713899047,0.348645142101806,0.3073580295544412,0.2689414272294874,0.13296424878721277,0.182425521583901,0.1732882123335211,0.21206880684702423,0.256831980010821
0.9890130567116091,0.6076631627277604,0.5312093733737563,0.5,0.43782349911420193,0.36296921930155557,0.546738151984614,0.5621765008857981,0.348645142101806,0.334589441253186,0.3629692055196168,0.36296920551961676,0.4225046348141883,0.42250463481418826,0.2942149659744614,0.30735801686526387,0.3775406687981454,0.3073580168652638,0.37754066879814546,0.2942149783515162,0.25683198001082097
0.9399133447766225,0.9046505331728752,0.8807970826714614,0.874077230244524,0.904650541527608,0.8740772368049822,0.8596637523076224,0.8933094138654242,0.8933094174159129,0.9465966750964616,0.8670357683915538,0.899121367808974,0.8354835411997897,0.9099069968764882,0.8740772368049822,0.8519528000888386,0.893309401793762,0.8740772335247532,0.9099069968764882,0.8175744673038221,0.9099069987088003
0.990291524431828,0.9465966754730989,0.9496693666902855,0.9525741295151718,0.9241418152779358,0.9324533079218341,0.9525741300200604,0.9196425317283919,0.9362850084148385,0.9433475730993028,0.9284087975841903,0.9740426407300528,0.9399133519298963,0.9465966686936261,0.9648551517043553,0.9284087975841903,0.9046505267461572,0.9603611582045855,0.9465966651155708,0.9399133477220883,0.9241418173671894
0.9924227575485671,0.8175744695262775,0.8080672181749422,0.8175744761936437,0.7549149868676284,0.8267117898012104,0.7310585844894971,0.8438950966654774,0.8354835411997897,0.8354835309589073,0.8354835371034368,0.8519527963298947,0.8740772417253256,0.6791787056691698,0.8080672227971211,0.8438950966654774,0.7772998611746912,0.679178699175393,0.7879312031126512,0.8175744828610095,0.8807970873650401
0.9896718478519552,0.9465966732132748,0.9284088025362857,0.843895106480586,0.8872045862611166,0.8933093989533708,0.8438951084436077,0.8519528019683106,0.8740772384450968,0.8807970732843033,0.899121373891026,0.8596637541053281,0.9196425355825848,0.9099070145888366,0.8670357666736772,0.9241418189341296,0.8670357494949105,0.8267117983401363,0.8354835391516132,0.8080672135527632,0.867035752930664
0.9961755168982382,0.6224593312018546,0.5312093733737563,0.6513548714339145,0.6513548646660542,0.5926665999540698,0.651354857898194,0.6926419894793246,0.6791787056691698,0.5467381519846138,0.7310585786300049,0.5926665999540698,0.6370308013713525,0.5312093733737563,0.48438008427698437,0.5467381519846138,0.5312093733737563,0.48438008427698437,0.5926665999540698,0.5621765008857981,0.48438008427698437
0.9902915234737562,0.8872045981907006,0.8438951045175642,0.8807970826714614,0.8872045937171068,0.8080672181749422,0.8519527963298947,0.8175744761936437,0.7310585786300049,0.7981867801399694,0.7772998560157663,0.8080672204860316,0.7879311956428946,0.7662936484231889,0.8175744850834648,0.8267118004748677,0.8670357529306639,0.8354835309589074,0.7549149813536518,0.7879312006227324,0.743167997235783
0.9783846660556096,0.9579122726851416,0.9433475740947549,0.9669140203003503,0.9740426405887698,0.9724147149252494,0.978384669246315,0.9399133531922388,0.9525741322079105,0.9579122714836207,0.952574130693245,0.9324533051062237,0.960361163026223,0.9626731158685837,0.9669140219688265,0.957912276139514,0.962673116537899,0.9433475685202228,0.9433475786738345,0.9399133544545811,0.9603611651534157
0.9850429143399135,0.9241418163225626,0.9099070145888366,0.8670357512127872,0.8670357701094303,0.8807970779778824,0.8872045981907006,0.9241418189341297,0.8267117876664789,0.7431680086124812,0.8080672112416737,0.8438950986284991,0.8670357598021707,0.8740772384450967,0.8267117855317474,0.8080672112416736,0.880797068590724,0.8080672181749422,0.8354835350552604,0.8519527963298946,0.8175744828610095
0.9896718465001867,0.8807970873650401,0.8872045847699186,0.8991213813246444,0.8354835330070839,0.8872045899891118,0.8519527944504227,0.9046505453836383,0.899121373891026,0.9196425278741989,0.9099070151996073,0.8175744806385542,0.8933094117351309,0.8991213860551287,0.899121375242593,0.9399133552961427,0.9241418252018901,0.8872045892435128,0.9149009468718409,0.8807970732843033,0.867035752930664
0.9937100989021707,0.8933094067644466,0.9241418121440552,0.880797071719777,0.8175744828610095,0.8596637487122111,0.8354835330070839,0.8670357598021707,0.867035758084294,0.8354835391516133,0.8438951084436076,0.8080672181749422,0.8670357649558006,0.8807970873650401,0.8080672135527632,0.8354835432479661,0.8438951025545426,0.8933094117351309,0.8080672135527632,0.8080672112416737,0.7431680143008301
0.9688561726126036,0.7185943925708562,0.8080672112416736,0.7549149868676284,0.7431680143008301,0.8175744761936437,0.798186784940666,0.8596637577007393,0.8175744761936437,0.7981867729389246,0.8596637505099168,0.8080672181749422,0.798186775339273,0.8080672066194945,0.8175744828610095,0.8267117876664789,0.8267117898012104,0.8175744695262777,0.7549149923816048,0.7431680143008301,0.7185943805178139
0.9956684971701006,0.8740772302445241,0.8354835330070839,0.8267117940706734,0.8740772466456689,0.8267118004748677,0.8354835289107307,0.7981867777396212,0.851952809486198,0.8438951104066293,0.8175744695262775,0.8438951084436077,0.7310585669110203,0.787931185683219,0.8354835391516133,0.7981867873410141,0.8740772433654401,0.7879312031126512,0.7772998714925403,0.8354835330070839,0.867035771827307
0.9883127397560096,0.679178699175393,0.7772998611746912,0.7662936377487305,0.7431680199891789,0.6370307944803831,0.7185943925708562,0.6370308082623217,0.6513548511303338,0.6224593312018546,0.5312093733737563,0.6076631698328916,0.622459338205511,0.6370307944803832,0.5774953651858117,0.5,0.5774953651858118,0.5926665999540697,0.6076631698328916,0.5467381519846138,0.46879062662624377
0.9940889316937496,0.9149009642742805,0.9046505376715775,0.9241418152779358,0.8872045937171068,0.9241418142333089,0.9099070017626537,0.8872045855155176,0.924141827813457,0.9324533060447605,0.8438951084436077,0.9241418199787564,0.8933093968230772,0.8354835432479661,0.8933094124452287,0.9046505447409665,0.8807970858005139,0.817574471748733,0.8438950966654772,0.843895106480586,0.8267117898012105
0.9970189673884783,0.8933094060543487,0.8670357649558006,0.9196425383355796,0.8354835371034368,0.8519528019683105,0.8740772318846387,0.8175744828610095,0.7185943985973772,0.7772998611746912,0.8807970685907242,0.8080672158638528,0.7879311931529758,0.8175744739711883,0.817574478416099,0.8080672204860316,0.8175744739711883,0.787931190663057,0.7431680199891789,0.8080672204860316,0.7057850216484838
0.9971990732754465,0.975576910744742,0.970687766704745,0.978384668497878,0.977022629170038,0.9770226318462163,0.9840936109706006,0.975576912608723,0.9740426407300528,0.9770226306335731,0.9830850835739708,0.9796676446167348,0.985936371342558,0.9783846677888323,0.9783846694038806,0.9820137883929406,0.977022631218987,0.9808759647515342,0.9755769120317764,0.9830850876005329,0.9808759628997105
0.980875964157553,0.6926419831347361,0.7549149813536518,0.743167997235783,0.7185943985973772,0.7310585786300049,0.8354835289107307,0.743167997235783,0.7772998508568416,0.7310585669110203,0.7549149978955811,0.8438951104066293,0.7879312056025699,0.7431680029241321,0.718594386544335,0.7981867753392728,0.7772998508568416,0.8354835289107307,0.8519528000888386,0.7772998508568416,0.8519527982093666
0.9976768379295926,0.8740772269642949,0.8267117855317474,0.8354835432479661,0.8080672112416737,0.7431680086124812,0.7185943925708561,0.7662936484231889,0.7185944046238982,0.7879312056025699,0.7981867681382279,0.7549149868676283,0.7431680029241321,0.7981867801399695,0.8670357632379241,0.7772998663336158,0.5774953651858117,0.7549149813536518,0.7549149813536518,0.7431680029241321,0.7185943925708561
0.9796676452845696,0.40733340004593027,0.4073334000459302,0.2942149721629888,0.32082129433083023,0.3775406687981454,0.320821300824607,0.2568319913875189,0.20181321745968234,0.18242551491653522,0.21206880435710532,0.13296424191570594,0.1561048915563923,0.1824255304737224,0.12592277303570515,0.2337063569140403,0.2814056194821861,0.19193279569159502,0.15610490529754448,0.22270013366638422,0.18242553047372242
0.9937100981599827,0.9603611643025387,0.9579122686300084,0.9496693620607404,0.957912276139514,0.9648551559993518,0.957912268029248,0.9648551525886193,0.9648551537255301,0.952574130693245,0.9724147194220292,0.9525741308615412,0.9465966737782309,0.9525741226150287,0.9399133500363828,0.9579122675786775,0.9553191298863619,0.9525741288419872,0.9496693716759489,0.9724147190223154,0.9496693729223646
0.9937100975342164,0.9196425262224018,0.9149009468718409,0.9399133546649716,0.9362850044146327,0.9046505293168444,0.9324533022906133,0.9196425223682086,0.9196425251212038,0.9399133481428692,0.9525741271590256,0.946596667563714,0.9648551562519986,0.9553191284552529,0.9284088035267047,0.9553191317945072,0.9465966669987579,0.946596676038055,0.9196425377849806,0.9099070158103777,0.9324533149608596
0.9896718484802419,0.8807970826714614,0.8354835371034369,0.8670357615200475,0.8872046049010911,0.8991213738910259,0.8807970873650401,0.8933094088947399,0.8596637541053281,0.9362850070814366,0.8872045877523147,0.9196425333801889,0.909906999319571,0.880797076413356,0.9553191251159981,0.9284088040219142,0.9196425372343816,0.9525741298517643,0.9465966702001758,0.9149009497722477,0.8991213671331906
0.9820137938542332,0.9046505312448598,0.8872045996818986,0.8670357735451834,0.8670357632379241,0.8740772318846386,0.9046505447409665,0.8596637451167997,0.8354835432479661,0.8354835411997897,0.8670357666736772,0.874077230244524,0.8807970826714614,0.8872046041554922,0.8872045989362997,0.8807970858005139,0.8354835411997897,0.8670357701094303,0.8175744828610095,0.8807970654616711,0.8080672135527632
0.9919380071534708,0.9553191317945072,0.9626731089077047,0.9465966709534505,0.9669140204195272,0.9399133498259924,0.957912268029248,0.9648551523359725,0.9525741281688025,0.9399133527714579,0.9433475689184037,0.9669140236373025,0.939913354875362,0.9626731129235967,0.9553191322715435,0.9241418152779358,0.949669363129097,0.9465966688819448,0.9465966685053074,0.9553191289322892,0.9579122737364724
0.9648551544834707,0.9284088050123334,0.9496693641974536,0.9553191281372286,0.9465966700118571,0.9603611601899656,0.9688561719381646,0.9626731119865553,0.9796676443199194,0.9688561699148476,0.9603611570700824,0.9525741216052517,0.9465966653038895,0.9579122723847614,0.9648551546097941,0.9706877712625633,0.9525741229516211,0.9706877683476796,0.94659666812867,0.9496693679367014,0.9046505370289057
0.9964063967299486,0.8267117983401363,0.8519528094861981,0.8354835330070839,0.8175744739711883,0.9324533163686646,0.8354835309589073,0.8740772400852111,0.7981867873410141,0.8740772368049822,0.8080672112416737,0.8267117940706734,0.8267118004748677,0.7981867777396212,0.8670357632379241,0.7981867777396212,0.7549149813536518,0.8438950966654774,0.8080672112416737,0.8080672158638528,0.7549149813536518
0.992422759586552,0.8670357615200474,0.8519527982093666,0.8519528000888387,0.8872046026642944,0.8670357563664174,0.9099070133672954,0.9099070158103778,0.8175744761936438,0.8933094046341533,0.8872045952083047,0.7981867705385762,0.8354835432479661,0.8740772236840656,0.8080672066194946,0.8596637559030338,0.8519528019683106,0.8175744739711883,0.8354835411997898,0.8740772269642949,0.8080672158638528
0.9937100974090631,0.8519528019683106,0.7185943925708561,0.7981867777396211,0.8267117919359419,0.8519527963298947,0.8596637559030338,0.817574478416099,0.7981867777396211,0.826711787666479,0.8354835330070838,0.8872046049010912,0.7549149923816048,0.7185943985973772,0.8933094032139577,0.8933094117351309,0.8354835371034369,0.8519527944504227,0.880797071719777,0.8807970732843033,0.8670357666736772
0.9950945954421693,0.9399133494052115,0.9579122720843811,0.952574127663914,0.9525741236248059,0.9579122753885635,0.9465966707651318,0.9579122708828602,0.9496693618826809,0.9525741231199173,0.9770226288355158,0.9755769108335028,0.9603611635934743,0.9706877673407197,0.9603611580627724,0.9603611620335328,0.9603611641607257,0.9648551551150878,0.9579122714836207,0.9465966700118571,0.9399133542441908
0.9959298630787797,0.851952809486198,0.9099070109242131,0.8933094010836642,0.8438951005915208,0.9099070097026718,0.8991213840277783,0.8807970811069351,0.9046505312448598,0.8872046004274975,0.8596637451167997,0.8740772417253256,0.8670357666736772,0.899121373891026,0.9046505408849362,0.8991213664574069,0.9196425355825848,0.9362850070814366,0.8872045944627057,0.9196425229188077,0.8933094074745445
0.9950945942806396,0.9241418252018901,0.8933094039240554,0.87407724336544,0.9149009625340367,0.8933094032139576,0.9362850017478286,0.9362850048591,0.9099070121457543,0.9099070072595895,0.9284087946129328,0.928408800060238,0.946596669446901,0.9648551557467049,0.9688561721629776,0.9553191348157373,0.946596676038055,0.9196425289753969,0.914900959053549,0.9433475701129463,0.949669370429533
0.9896718460051728,0.8080672112416737,0.7185943925708562,0.7549149813536518,0.7431680029241321,0.8080672158638528,0.8438951025545426,0.7981867777396211,0.7981867873410141,0.8933094124452287,0.8438951045175643,0.8807970748488297,0.718594386544335,0.7772998714925403,0.7879311931529758,0.7772998611746912,0.8080672112416737,0.7185943925708561,0.6926419831347361,0.7310585669110202,0.7310585903489891
0.9859363722723352,0.9740426426138258,0.9465966668104392,0.9553191338616646,0.9525741264858408,0.9706877686656669,0.9648551499358272,0.9770226303826813,0.9525741283370988,0.9669140182743434,0.9724147153249634,0.9820137931304475,0.9770226311771718,0.9553191329075921,0.9820137902353047,0.9579122711832404,0.9688561713761321,0.9706877672347239,0.9688561689031889,0.9706877672347239,0.9603611584882111
0.9850429126933309,0.9796676484753359,0.9553191327485798,0.9553191348157373,0.9579122708828602,0.94659666812867,0.955319126070071,0.957912274637613,0.9241418168448761,0.9783846679070065,0.9706877674997134,0.9525741221101401,0.9399133485636499,0.9688561723877905,0.9724147187724944,0.9579122759893239,0.9688561667674652,0.952574121941844,0.9706877676057091,0.957912276139514,0.9465966737782309
0.9669140199428197,0.9465966717067253,0.8933094096048376,0.9284087990698189,0.9284087965937711,0.9324533022906133,0.9362850013033613,0.9362850013033613,0.94659667246,0.9241418173671894,0.9496693629510375,0.9433475707102176,0.9465966718950439,0.8933094032139577,0.9099070066488189,0.9362850128595114,0.9099070060380482,0.9241418257242034,0.9284088030314952,0.9046505383142492,0.9046505376715775
0.9553191322715436,0.5156199157230156,0.5467381519846138,0.5,0.5467381519846138,0.5621765008857982,0.5156199157230157,0.6926419831347361,0.5467381519846138,0.5312093733737563,0.546738151984614,0.5,0.4843800842769844,0.45326184801538616,0.5467381519846138,0.5926665999540698,0.5926665999540698,0.6926419831347361,0.5621765008857982,0.6224593312018545,0.5774953651858118
0.9908743622065944,0.8991213684847577,0.9241418131886822,0.8080672181749422,0.7879311956428946,0.8807970764133561,0.8354835350552604,0.8438951025545426,0.8872045870067157,0.8519528000888387,0.9149009636941993,0.9284088020410761,0.8596637451167997,0.8740772368049823,0.9362850097482404,0.8807970701552505,0.8933093961129794,0.9241418173671895,0.8872045899891118,0.9465966718950439,0.8807970795424088
0.9840936059264932,0.909906997487259,0.9362850075259039,0.9099070054272775,0.9149009555730611,0.8933094060543487,0.9046505440982949,0.8807970873650401,0.914900952092573,0.9046505254608136,0.8933094074745445,0.9149009520925732,0.9241418189341297,0.8519528094861981,0.880797071719777,0.8740772351648677,0.9099070097026719,0.9241418126663686,0.8933094110250331,0.8740772351648677,0.90990700787036
0.9956684985256871,0.9553191337026525,0.9808759611527067,0.9820137897089148,0.9867771763033945,0.974042641483562,0.9669140225647108,0.979667645136162,0.9840936112621673,0.9840936058390233,0.9820137937555351,0.9770226300063438,0.9706877688776585,0.9820137881626452,0.9830850829854733,0.9875683490210408,0.9840936110580706,0.9648551529675896,0.9859363705419165,0.9820137914525806,0.9850429113349001
0.9850429136538373,0.9241418283357702,0.9433475788729249,0.943347580863829,0.9284087985746093,0.9465966671870766,0.9626731095770201,0.964855154862441,0.9496693634852158,0.9433475746920261,0.9579122702820998,0.9324533140223228,0.9196425394367774,0.9362850070814366,0.9196425284247979,0.9579122711832405,0.9433475691174941,0.9324533116759811,0.9603611579209598,0.9496693698953549,0.9496693657999884
0.994088930528092,0.8438951045175643,0.8596637541053281,0.8519528038477825,0.7879311881731379,0.8267117898012104,0.7772998611746912,0.8596637541053281,0.78793120560257,0.8438951045175643,0.8438950947024555,0.8740772417253255,0.8267117898012105,0.8807970889295663,0.8596637559030337,0.826711791935942,0.8519528000888386,0.867035752930664,0.8596637505099167,0.8175744828610096,0.8872045937171068
0.9924227604829851,0.3775406758018019,0.5312093733737563,0.6076631698328917,0.5621765008857981,0.5621765008857981,0.5774953651858118,0.46879062662624377,0.45326184801538616,0.3923368301671084,0.45326184801538616,0.3629692055196168,0.4073334000459302,0.320821300824607,0.4532618480153861,0.46879062662624377,0.37754066879814546,0.33458944788835565,0.33458943461801643,0.4073334000459302,0.5312093733737563
0.978384668970575,0.9626731105140616,0.9724147172236036,0.9579122707326702,0.970687767658707,0.9669140218496497,0.9241418152779358,0.9553191333846283,0.943347570909308,0.9648551553677346,0.9648551501884741,0.9669140204195271,0.9755769098571317,0.9706877665987492,0.9496693693611766,0.9626731089077047,0.9688561667674652,0.9648551575152327,0.9525741318713181,0.9669140220880034,0.9284088005554475
0.9937100966814277,0.9908743620213247,0.9883127411544713,0.9896718492418015,0.9919380098197769,0.979667644542531,0.9890130596666387,0.9896718497272958,0.9919380076897112,0.9902915244945056,0.9908743629645164,0.9859363703482129,0.9859363726210016,0.9919380073694565,0.9924227582629124,0.98967184832793,0.987568347054402,0.9850429125286726,0.9896718496035423,0.9896718486325539,0.9896718492989186
0.996406397674524,0.9099070048165069,0.9465966651155708,0.9149009538328171,0.9362850048591,0.9324533051062237,0.9324533130837862,0.9099070005411124,0.9433475804656482,0.932453310268176,0.9496693722101271,0.9525741281688026,0.9324533126145178,0.9603611637352872,0.9433475758865687,0.9525741232882136,0.9496693645535724,0.9553191332256162,0.974042643367335,0.9706877669167365,0.9284087951081423
0.990291522264974,0.20181322946142374,0.20181321745968234,0.1561049033345227,0.09534947453918644,0.15610490529754448,0.12592275499444555,0.09534945525903342,0.10669058755477132,0.17328819952513227,0.1259227615549033,0.11920292045759123,0.09534946554178127,0.12592275663455996,0.19193279569159502,0.1259227763159344,0.1732881995251323,0.06754669067036072,0.09009299274041058,0.10087862948789174,0.09009299884811699
0.9808759615021074,0.983085087043009,0.9883127431230747,0.9883127429294416,0.9890130574402466,0.989671847023759,0.9808759646117738,0.9859363704773486,0.9883127421011221,0.9867771754406109,0.9883127421333944,0.9883127418429446,0.9883127420903647,0.9840936048185388,0.9820137865505766,0.990874362577134,0.9859363704902623,0.9850429161511542,0.9890130574503666,0.9755769096352293,0.9875683464598368
0.9840936075884247,0.9850429165079138,0.9706877696196289,0.9669140182743434,0.9626731139945011,0.9755769096352293,0.949669370429533,0.949669363129097,0.9669140245907174,0.9706877720045336,0.9706877706265887,0.9724147200215996,0.9553191284552528,0.9626731153331316,0.9648551499358273,0.966914024948248,0.9603611604735913,0.9724147192221723,0.9579122743372327,0.9706877689306563,0.9465966668104393
0.9950945948398106,0.8438951045175643,0.8175744739711883,0.8267117855317474,0.8354835330070839,0.7879312031126512,0.8354835432479661,0.8807970889295664,0.7662936484231889,0.7662936484231889,0.7662936430859597,0.7981867705385762,0.7662936377487304,0.7662936484231889,0.8080672089305841,0.6926419958239133,0.8080672089305841,0.7057850154599562,0.8080672158638528,0.7549149758396752,0.787931188173138
0.9465966762263736,0.5312093733737563,0.5774953651858118,0.5621765008857981,0.7057850216484838,0.5312093733737563,0.6513548578981939,0.6076631769380229,0.5467381519846138,0.5926665999540698,0.6370307875894139,0.6654105521116445,0.5926665999540698,0.5774953651858118,0.665410558746814,0.5621765008857981,0.6370307944803832,0.6076631698328916,0.6224593312018545,0.6370308082623217,0.6926419831347361
0.9850429148064452,0.6654105521116445,0.5926665999540698,0.5312093733737563,0.4532618480153861,0.4843800842769843,0.46879062662624366,0.3923368372722396,0.5156199157230157,0.5621765008857982,0.5312093733737563,0.5621765008857981,0.4687906266262437,0.4687906266262437,0.5926665999540698,0.48438008427698437,0.5,0.36296919173767833,0.4687906266262437,0.34864514210180597,0.5156199157230157
0.9859363706581387,0.9496693654438695,0.9626731157347208,0.9525741291785795,0.9688561713761321,0.964855152209649,0.9770226287937005,0.9648551557467049,0.9626731085061155,0.9706877691956458,0.962673111451103,0.9496693625949187,0.9669140194661122,0.962673113726775,0.962673116404036,0.979667648438234,0.9603611573537082,0.9496693636632753,0.9626731126558705,0.9669140186318741,0.9579122695311492
0.9908743605139021,0.8670357701094303,0.8740772482857833,0.9362849999699593,0.9579122747878032,0.9603611640189129,0.9553191329075921,0.9648551498095037,0.9399133443558416,0.9496693691831172,0.9553191297273499,0.9603611630262229,0.9648551556203815,0.9579122674284875,0.9830850839146801,0.9740426456749568,0.9399133479324787,0.9669140220880034,0.9579122767402743,0.962673113860638,0.9553191247979739
0.9944450752139938,0.9830850893350517,0.9883127409823529,0.990291524270657,0.9859363724014709,0.9840936116412042,0.989013057035448,0.9908743641856126,0.9859363704644352,0.988312742208696,0.9902915219694938,0.9875683520053001,0.9890130561853708,0.9896718453959248,0.9902915214143493,0.9896718497939322,0.9914225130023108,0.9902915238766836,0.9902915257211955,0.9928785720411861,0.9883127400141872
0.9914225162573838,0.2942149783515162,0.28140561345566495,0.28140560742914383,0.28140561345566495,0.23370635691404026,0.28140561345566495,0.16451646699291614,0.2814056194821861,0.26894142136999516,0.2942149659744614,0.2568319913875189,0.16451646084838673,0.2814056194821861,0.14804719051380197,0.19193279106941588,0.2689414330889797,0.22270013366638422,0.22270013882530887,0.1403362440969662,0.2568319856991699
0.9970189677324055,0.9579122749379931,0.9724147170237468,0.9626731137267749,0.9626731145299533,0.9553191338616647,0.9496693636632754,0.952574122783325,0.9553191327485799,0.9525741280005064,0.9525741249711753,0.96267311131724,0.9433475754883878,0.9553191335436405,0.9496693713198301,0.9579122761395139,0.9706877710505718,0.9648551532202364,0.9626731099786093,0.9770226323898149,0.9603611648697901
0.9971990730797018,0.9525741254760638,0.960361158630024,0.9724147175733532,0.9669140180359896,0.9648551508200913,0.9648551542308239,0.9688561665426522,0.9525741259809523,0.9808759628298303,0.9783846670403953,0.9579122768904644,0.9840936066554106,0.9867771813342713,0.964855150441121,0.9626731151992686,0.9706877721105295,0.9669140193469353,0.9669140224455339,0.9669140188702279,0.9603611572118953
0.9914225162811433,0.6076631698328916,0.7431680143008301,0.7431680143008301,0.7772998560157665,0.718594386544335,0.7185943865443349,0.6791786926816161,0.7662936484231889,0.7879311931529758,0.7057850340255386,0.6513548714339145,0.6224593312018546,0.6076631698328916,0.7057850340255386,0.7057850340255386,0.7057850340255386,0.6926419894793246,0.6791787056691698,0.6370307806984444,0.754914975839675
0.9902915214322572,0.7662936430859597,0.5926665999540698,0.5467381519846138,0.6654105454764747,0.7057850402140659,0.705785040214066,0.7310585727705127,0.731058584489497,0.7057850216484838,0.6076631698328916,0.7310585786300049,0.7549149923816048,0.7549149868676283,0.679178699175393,0.6926419704455589,0.651354857898194,0.6513548511303338,0.5621765008857981,0.5926665999540698,0.5467381519846138
0.9890130566104094,0.6370308082623217,0.6224593382055109,0.651354857898194,0.5774953651858118,0.6076631698328916,0.6370307806984444,0.5156199157230156,0.5926665999540698,0.5156199157230156,0.5156199157230156,0.5621765008857981,0.48438008427698437,0.45326184801538616,0.42250463481418826,0.5774953651858117,0.5,0.42250463481418826,0.37754066879814546,0.5467381519846138,0.46879062662624377
0.9950945939692315,0.8807970764133561,0.8872045981907006,0.8740772253241803,0.8740772466456689,0.8519527963298947,0.8438950947024555,0.8740772450055545,0.8596637433190939,0.8872045907347107,0.8519528000888387,0.8438951045175643,0.8438951084436077,0.8175744673038222,0.8519528076067262,0.8267117940706734,0.8670357598021707,0.8519528000888387,0.8267118004748677,0.8596637451167997,0.8519528019683105
0.995929861585695,0.9196425256718028,0.8519528057272543,0.8267117919359419,0.8175744806385543,0.8438950986284991,0.8740772286044095,0.8354835411997897,0.7772998508568416,0.8596637505099168,0.8438950986284991,0.8872046041554922,0.8596637559030338,0.8175744850834648,0.843895106480586,0.8519528057272544,0.8267118026095991,0.8080672181749421,0.8354835309589074,0.8670357512127872,0.7879311931529758
0.9944450740873069,0.8933094174159127,0.8519528057272543,0.8933093982432729,0.8596637505099168,0.8991213806488609,0.8872045862611166,0.9149009613738741,0.9046505395995927,0.8872045840243195,0.8991213820004279,0.8991213833519949,0.9099070145888366,0.8933094103149354,0.9324533046369554,0.9099069980980297,0.9046505351008904,0.8872045855155176,0.9149009491921664,0.8872045884979138,0.8933094124452287
0.9933071493419491,0.8267117983401363,0.7879311931529758,0.7772998714925403,0.8175744828610095,0.8438951025545426,0.843895098628499,0.8438951005915208,0.8596637451167997,0.8519528057272544,0.8519528019683106,0.817574478416099,0.7662936377487305,0.7772998714925403,0.7431680143008301,0.8670357701094304,0.8267117855317474,0.8354835411997897,0.8267117983401363,0.8175744695262775,0.7879311931529758
0.9970189672832933,0.5467381519846138,0.6076631627277604,0.4073334000459302,0.4073334000459302,0.39233682306197715,0.37754066879814546,0.4532618480153861,0.4073334000459302,0.39233682306197715,0.24508502416032488,0.3775406687981454,0.28140561345566495,0.2814055953761018,0.3629692055196168,0.2814055953761019,0.20181322946142374,0.23370635157681108,0.30735801686526387,0.28140561345566495,0.20181322226037882
0.9850429131735841,0.9362850101927077,0.943347569515675,0.9099070103134425,0.914900957313305,0.9196425300765949,0.9149009532527357,0.9465966668104392,0.9284087975841901,0.909906999319571,0.867035758084294,0.9149009561531424,0.8807970685907242,0.8991213806488609,0.9099069968764883,0.9284088079835904,0.9284088060027523,0.909907002984195,0.9362850097482405,0.9046505447409665,0.8740772368049822
0.9850429155336858,0.23370636225126956,0.16451646699291614,0.18242551713899044,0.19193278182505782,0.1645164608483867,0.14033624409696624,0.16451646904109266,0.14804719427274568,0.1329642316084462,0.13296424535145931,0.14804719615221756,0.18242552380635635,0.09009299640503438,0.09009298907578689,0.0803574622150194,0.10087861799957211,0.10669058684467356,0.1192029188930649,0.10087861597222171,0.14033625668090613
0.9964063982506065,0.9908743606233796,0.9859363734216431,0.9867771796451607,0.9902915220590333,0.9883127406381162,0.9867771779925054,0.9914225154891549,0.9875683492382857,0.9928785720839893,0.9883127408747789,0.9896718497653738,0.9896718487563073,0.9859363735636923,0.9883127441019975,0.9908743622571227,0.9914225165108199,0.9937100970190506,0.9820137901695059,0.9924227584870208,0.9937100974643633
0.9940889318059372,0.9740426441679385,0.9770226299227133,0.9783846659768267,0.9796676472509721,0.9902915242885648,0.9875683472144773,0.9850429166451289,0.9902915243960122,0.992878572429708,0.9850429159453313,0.9890130592314803,0.9796676450248561,0.9850429114583937,0.9896718476901237,0.9896718481089817,0.9902915225246384,0.9840936105624069,0.9914225140714955,0.9914225143407716,0.9840936117869876
0.9626731121204184,0.9046505312448598,0.8596637433190939,0.8740772417253256,0.8872046034098933,0.8596637469145054,0.8519528076067262,0.8991213684847575,0.8872045929715078,0.8991213745668094,0.8519527982093666,0.8519528057272543,0.8519528057272544,0.8519527944504227,0.9099070005411123,0.9046505447409666,0.9149009619539554,0.8872045907347108,0.8267117962054048,0.8438951045175642,0.8175744739711883
0.9755769081262919,0.8438950966654772,0.7981867801399695,0.8438950966654774,0.8267117919359419,0.8519528019683105,0.8175744739711883,0.8175744739711883,0.8267117876664789,0.8519528000888386,0.8267117983401363,0.8438951104066293,0.7185944046238982,0.7981867873410141,0.7981867801399694,0.808067204308405,0.7549149923816048,0.7981867753392728,0.8670357666736772,0.8267117962054049,0.6791786926816161
0.9937100985412636,0.9196425377849806,0.9099070115349838,0.8991213684847577,0.924141819456443,0.8872045981907006,0.9324533154301279,0.8740772269642949,0.9099070005411124,0.9149009636941993,0.8740772286044095,0.9362850026367633,0.8670357580842941,0.8740772466456689,0.8933094110250331,0.8670357460591569,0.9362850084148385,0.8670357494949105,0.8872045944627058,0.8596637505099168,0.8354835432479661
0.985042911595609,0.9648551528412662,0.9099069999303417,0.9099070115349837,0.90990700787036,0.9496693691831173,0.9433475804656482,0.9553191290913013,0.932453315430128,0.9241418131886822,0.9626731161363099,0.9603611565028309,0.9465966664338018,0.9525741251394715,0.9324533036984186,0.9648551571362625,0.9525741214369554,0.952574121941844,0.9324533018213449,0.9433475796692865,0.9525741308615411
0.9902915244318279,0.2018132270610754,0.28140560742914383,0.2018132270610754,0.17328821019878954,0.22270013882530884,0.1329642436335826,0.19193278413614728,0.20181321505933414,0.17328821233352107,0.16451645880021026,0.1732882016598637,0.14033625488320037,0.14804719239327382,0.07585817740967664,0.0900929878542457,0.09534946425643773,0.11920292984474948,0.11920293297380238,0.1480471923932738,0.10669060175672707
0.9808759639129724,0.9324533055754922,0.9099070090919013,0.9284087941177233,0.9553191265471074,0.9496693636632753,0.9399133466701363,0.9579122767402743,0.9553191247979739,0.9669140239948331,0.9603611604735913,0.9525741271590256,0.9284087990698189,0.9496693656219289,0.9626731117188291,0.9433475744929357,0.968856169352815,0.964855153978177,0.9688561696900345,0.9525741273273218,0.9284088069931713
0.9830850843173363,0.9706877711035696,0.9783846675524837,0.9830850844412306,0.9740426399765435,0.9859363745192966,0.9850429125972802,0.9883127412190156,0.9783846650314324,0.9755769083481945,0.9883127406166013,0.9783846687342264,0.9830850839456536,0.9820137909919897,0.9840936048185388,0.9850429105527732,0.9808759633539313,0.9867771799854133,0.9867771780168092,0.9724147145755,0.9850429155885719
0.9980732649762429,0.5,0.46879062662624377,0.42250463481418826,0.33458945452352534,0.6224593312018546,0.5156199157230156,0.43782349911420193,0.42250463481418826,0.42250463481418826,0.3775406687981454,0.36296921241058616,0.33458945452352534,0.4073334000459302,0.37754066879814546,0.45326184801538616,0.48438008427698437,0.4532618480153861,0.39233683016710835,0.5621765008857981,0.48438008427698437
0.9284088069931713,0.8933094010836642,0.8807970842359877,0.9099069987088003,0.8991213745668094,0.8991213684847577,0.8933094124452288,0.914900963114118,0.8872045914803097,0.9196425339307879,0.8740772450055545,0.9149009625340367,0.8740772351648677,0.8991213745668094,0.8080672135527632,0.867035763237924,0.8872046026642945,0.8740772236840656,0.9149009636941993,0.9465966728366374,0.8991213772699435
0.9603611589136498,0.9890130583510434,0.9937100976331747,0.9944450751959875,0.9919380066023347,0.9867771802406026,0.9947798735906777,0.9947798753027075,0.9956684979232042,0.9924227603534225,0.9944450754403602,0.9919380090749987,0.9940889323997111,0.993710097193683,0.9928785705858756,0.9924227600452736,0.9937100973159259,0.9956684981842802,0.9933071491964491,0.9950945936123623,0.9944450745863418
0.9706877682946816,0.9603611606154042,0.9648551503147975,0.9648551517043553,0.9525741216052516,0.9626731133251858,0.9706877699906141,0.9669140254249554,0.9706877707855823,0.978384668970575,0.9830850842244157,0.9830850836049444,0.9706877668637387,0.9830850829854734,0.9770226320552927,0.9820137900050091,0.9850429137910526,0.9830850903571786,0.9755769092358048,0.9830850867952207,0.9755769092801851
0.995390427040765,0.9755769087476192,0.9525741264858409,0.9399133491948212,0.9553191262290831,0.9579122722345713,0.9553191281372286,0.9579122725349515,0.9579122711832405,0.9648551519570021,0.9669140222071803,0.9688561718257582,0.9648551572625859,0.9706877674467155,0.9796676488092533,0.964855153093913,0.9553191279782164,0.9770226290864076,0.9830850859899082,0.9724147162742836,0.9706877661217682
0.9933071495803212,0.2942149783515162,0.23370635691404026,0.18242553269617778,0.13296425050508953,0.14804719803168948,0.1403362530854946,0.18242551713899047,0.08035746772100909,0.09534945847239203,0.0850990502277523,0.12592277631593435,0.11279540926528922,0.11920291263495984,0.07159120241580978,0.07585818106587033,0.07585818419975078,0.13296424878721277,0.07585817166422973,0.09534945590170514,0.1403362440969662
0.9669140253057785,0.9399133447766224,0.9362850079703713,0.9706877698316204,0.9648551552414112,0.9706877685066733,0.924141827813457,0.9626731087738417,0.949669368648939,0.9433475740947549,0.9669140248290711,0.9688561678915304,0.9808759648912944,0.9688561687907825,0.9770226275392419,0.9706877683476796,0.9579122762897041,0.9579122756889437,0.9688561663178392,0.9796676480301127,0.9603611634516614
0.9964063974794395,0.9324533126145178,0.9465966707651319,0.9399133536130195,0.9046505363862339,0.8991213772699435,0.9099069980980297,0.9241418184118163,0.8991213826762113,0.904650538956921,0.8933094081846421,0.9046505376715775,0.8991213826762113,0.9149009555730611,0.8991213820004279,0.8991213874066956,0.9149009532527358,0.8519527963298947,0.8740772368049822,0.8740772236840657,0.8670357718273068
0.9770226285009935,0.9284088060027523,0.9362850075259039,0.9399133508779445,0.9433475697147654,0.9324533074525657,0.9284088025362857,0.9362850030812306,0.9324533158993963,0.9688561676667173,0.968856169128002,0.9496693661561072,0.904650530602188,0.9284087980793998,0.9399133536130195,0.9496693625949187,0.9553191263880952,0.9149009491921664,0.9284088025362858,0.9496693707856518,0.9579122675786775
0.955319134338701,0.8519527963298947,0.9099069980980297,0.9046505325302034,0.9149009544128984,0.8933094103149355,0.817574478416099,0.939913343093499,0.8519528019683106,0.9196425256718027,0.8596637451167997,0.9284088035267047,0.8596637469145054,0.9196425267730008,0.8807970764133561,0.7662936377487304,0.8175744739711883,0.8807970748488296,0.8933094060543488,0.8670357666736772,0.8740772286044095
0.9770226308008343,0.9399133468805266,0.924141814233309,0.9099070054272775,0.9241418184118163,0.9525741241296943,0.9099070042057362,0.9525741256443601,0.9465966728366374,0.9603611573537081,0.9433475685202228,0.9433475717056699,0.928408800060238,0.9362850124150441,0.9603611651534157,0.9496693711417707,0.9525741217735477,0.9496693674025232,0.939913346038965,0.9433475713074889,0.943347578474744
0.9966233871089697,0.6370308013713525,0.651354857898194,0.5774953651858117,0.6076631698328917,0.5926665999540698,0.4378234991142019,0.5,0.5621765008857981,0.6224593312018545,0.5,0.46879062662624377,0.5467381519846138,0.5,0.5312093733737562,0.46879062662624377,0.4843800842769843,0.3629692055196168,0.3923368301671084,0.37754066879814546,0.5
0.9883127406596309,0.8740772318846386,0.8872045944627057,0.9149009573133051,0.9196425267730008,0.9324533027598817,0.943347570909308,0.9465966720833626,0.9099070109242131,0.9196425295259959,0.9241418199787564,0.9196425344813869,0.9399133433038894,0.8740772335247532,0.9284087960985615,0.8991213867309121,0.9324533130837862,0.9603611587718369,0.9149009596336302,0.8807970842359877,0.9465966696352197
0.9896718479566696,0.9579122722345712,0.9688561713761321,0.9648551549887644,0.9830850905739934,0.9669140238756563,0.9603611623171586,0.9648551505674444,0.974042641342279,0.9496693654438696,0.9770226314698788,0.9755769125199619,0.9688561663178391,0.97241471872253,0.98308508958284,0.9830850883129245,0.955319126070071,0.9755769101677954,0.9648551533465599,0.9706877692486438,0.968856166093026
0.9648551533465599,0.4532618480153861,0.46879062662624377,0.37754066879814546,0.37754067580180184,0.4073334000459302,0.3629692055196168,0.4225046348141882,0.4843800842769844,0.4378234991142019,0.4378234991142019,0.45326184801538616,0.34864514210180597,0.46879062662624377,0.48438008427698437,0.3345894545235253,0.5156199157230156,0.40733340004593027,0.4532618480153861,0.3073580105206753,0.30735801686526387
0.9928785710468337,0.9399133487740403,0.8933094010836642,0.8991213705121083,0.9196425273235999,0.9046505440982949,0.8872046019186954,0.914900952092573,0.8991213725394589,0.9196425344813869,0.9433475788729249,0.9196425339307879,0.8933094017937621,0.9525741248028792,0.928408801050657,0.9433475693165845,0.9362850017478287,0.9465966752847802,0.9149009602137115,0.9046505383142494,0.9579122693809591
0.9890130563270504,0.98087596272501,0.985042914326192,0.9820137909590904,0.9883127427895955,0.9706877716865463,0.989671848308891,0.9859363719753231,0.9820137937555351,0.9896718490418921,0.9928785711884137,0.9867771785150361,0.9896718455101589,0.9875683504845857,0.9914225140318961,0.9850429146006223,0.9908743640087642,0.9919380069151416,0.9867771759752937,0.985042916727458,0.9850429130226475
0.9770226279573948,0.6224593312018545,0.5156199157230157,0.5467381519846138,0.5312093733737562,0.6224593241981982,0.6076631698328917,0.4843800842769843,0.5,0.6654105653819836,0.5926665999540698,0.6370308082623217,0.4073334000459302,0.42250463481418826,0.5774953651858118,0.5467381519846138,0.6224593312018546,0.4378234991142019,0.546738151984614,0.42250463481418826,0.4073334000459302
0.9553191309994468,0.9046505344582187,0.8872046004274975,0.909907001151883,0.9046505299595163,0.8933094010836642,0.9324533107374444,0.919642528424798,0.9496693624168593,0.9196425383355795,0.909907001151883,0.9362850044146327,0.9284087941177231,0.8991213867309121,0.9046505453836383,0.9399133449870128,0.8740772450055545,0.9196425278741989,0.9284087995650285,0.9284087980793998,0.8933093954028816
0.9919380100283148,0.9933071478219392,0.9924227594079658,0.9928785715999834,0.9947798750947491,0.9940889302654086,0.9956684987506139,0.9933071486980346,0.9956684984473644,0.9914225165583392,0.9971990730406828,0.9933071501499376,0.993710097784523,0.995390426780099,0.9959298627522265,0.9953904274680859,0.9940889316253424,0.9966233872249314,0.9964063977570597,0.9947798745482537,0.9975273771707042
0.974042645109825,0.651354857898194,0.6076631698328916,0.6370307944803831,0.679178699175393,0.6370307875894138,0.5467381519846138,0.665410558746814,0.6076631698328916,0.665410572017153,0.5774953651858117,0.5926665999540697,0.6513548714339144,0.5312093733737562,0.5156199157230156,0.43782349911420193,0.6076631698328916,0.7057850216484838,0.6076631627277604,0.5467381519846138,0.4687906266262437
0.9924227592188744,0.5926665999540698,0.6076631698328917,0.665410558746814,0.7185943925708561,0.6370308082623217,0.6791786861878392,0.6076631698328916,0.6513548646660543,0.6370308082623217,0.665410558746814,0.5621765008857981,0.5774953651858117,0.6370307944803832,0.5774953651858118,0.6076631698328916,0.5926665999540698,0.6654105454764747,0.5621765008857982,0.6370308082623217,0.5926665999540698
0.9840936117578309,0.997199072512627,0.9968273177303982,0.996827316704657,0.9975273769513296,0.9975273770070348,0.9976768369884487,0.9976768373705186,0.9979492560603018,0.9978172830556742,0.9984021542216507,0.9980732656308366,0.9980732657176979,0.9978172840546494,0.9973683254121601,0.9975273769283585,0.9979492563099861,0.9971990728273795,0.9979492569327674,0.9973683260813386,0.9985896414650164
0.9956684986140512,0.74316801430083,0.7431680143008301,0.6513548511303338,0.7772998611746912,0.7549149813536518,0.7431680199891789,0.8596637469145053,0.743168019989179,0.7549149923816048,0.7549149868676283,0.7981867825403177,0.8740772384450967,0.6926419767901475,0.651354857898194,0.718594386544335,0.7431680143008301,0.8438951005915208,0.7662936377487304,0.8519528076067262,0.8267118026095991
0.9933071478436094,0.9433475786738345,0.9284087941177231,0.9241418205010697,0.924141819456443,0.9196425284247979,0.9241418121440552,0.9324533116759811,0.9399133502467732,0.9324533032291501,0.9465966735899121,0.9284087936225137,0.9362850053035673,0.9362850088593058,0.919642528424798,0.9362850101927077,0.9149009462917594,0.893309411735131,0.8807970795424088,0.9362850039701655,0.8872045870067157
0.9859363728405324,0.8670357563664174,0.7549149813536518,0.8267117983401363,0.7879311956428947,0.7549149923816048,0.8596637523076225,0.8267117940706734,0.8080672066194946,0.817574471748733,0.8991213752425931,0.8872046034098934,0.8596637559030337,0.8080672135527632,0.8740772384450967,0.8519528038477825,0.8596637469145054,0.9196425295259959,0.8438951025545426,0.8519528038477825,0.8438951005915208
0.9908743628045106,0.7549149978955811,0.5467381519846138,0.5774953651858118,0.6370307944803832,0.5621765008857981,0.6791786926816161,0.7057850278370112,0.6926419704455589,0.6513548714339145,0.7772998560157665,0.7185943985973772,0.6926419894793246,0.651354857898194,0.6076631698328916,0.7549149813536518,0.5156199157230156,0.6076631698328917,0.7431680029241321,0.679178699175393,0.7057850216484838
0.9896718467667326,0.7981867849406659,0.8438951104066293,0.8354835391516133,0.8807970701552505,0.8670357494949105,0.8740772466456689,0.8596637487122112,0.8596637451167995,0.8596637487122111,0.8740772417253256,0.8354835289107309,0.8596637505099167,0.8175744673038222,0.8596637523076225,0.8175744806385543,0.7879311981328135,0.7981867753392728,0.8519528038477825,0.843895106480586,0.8438951025545426
0.9950945947784381,0.9433475752892974,0.9626731110495138,0.9525741242979906,0.9688561678915303,0.9433475740947549,0.9603611650116028,0.9724147172735678,0.9465966662454831,0.955319127342168,0.9669140235181257,0.9553191275011801,0.9648551537255302,0.962673111451103,0.9579122756889437,0.9465966698235384,0.9724147181229595,0.96036115990634,0.9648551549887644,0.9553191327485799,0.9149009642742806
0.9953904281453897,0.8807970764133561,0.8807970701552505,0.9149009625340367,0.9196425251212038,0.880797071719777,0.8933094060543488,0.867035771827307,0.7981867681382279,0.8807970873650403,0.851952809486198,0.7662936377487305,0.8807970842359877,0.8933094152856196,0.8807970732843033,0.851952809486198,0.8596637559030338,0.8933094152856196,0.9046505286741726,0.9099069962657176,0.8872045974451016
0.9953904279402757,0.9099069987088003,0.8872046034098934,0.9046505254608136,0.8807970889295664,0.8670357580842941,0.8991213799730775,0.8596637487122112,0.8740772253241802,0.8872045884979137,0.8175744695262775,0.9324533018213449,0.8991213826762113,0.8740772400852111,0.8991213705121082,0.8596637523076225,0.8438950947024555,0.9603611583463983,0.9046505312448598,0.9241418173671895,0.928408801050657
0.9924227592363829,0.7549149813536518,0.7662936377487305,0.7662936377487304,0.7662936430859597,0.7057850216484838,0.7549149923816048,0.743168019989179,0.7662936430859597,0.7185943985973772,0.7431680086124811,0.7772998714925403,0.7772998611746912,0.7310585669110203,0.7431680029241321,0.7772998663336157,0.7057850340255387,0.6926419767901475,0.7772998714925403,0.7431680029241321,0.6654105521116443
0.9947798733029212,0.9099070127565249,0.9099070115349838,0.8933094152856196,0.9362850013033613,0.8933094039240554,0.9284088064979618,0.8933093946927837,0.8670357477770337,0.9046505440982948,0.9241418147556224,0.8991213772699435,0.8872045952083047,0.9046505376715775,0.9196425377849806,0.9099070072595895,0.8872046041554922,0.9399133447766224,0.9362850048591,0.9399133479324787,0.9284087965937711
0.9919380096335824,0.5621765008857981,0.5926665999540698,0.5774953651858117,0.665410572017153,0.6791787121629466,0.665410558746814,0.7549149813536518,0.6370308082623217,0.7310585786300049,0.6513548714339144,0.6076631698328916,0.6370307875894138,0.48438008427698437,0.6654105521116443,0.6076631698328917,0.6076631698328916,0.766293653760418,0.7431680029241321,0.718594386544335,0.6224593241981982
0.9902915245750911,0.9840936055182995,0.9796676475106857,0.9830850836978652,0.985936375823567,0.9908743612970882,0.9924227604199546,0.9902915253630378,0.9867771784542768,0.9875683482320986,0.9896718492798795,0.9867771812006007,0.9850429164530276,0.9902915223992831,0.9890130569949681,0.991422514934763,0.9908743615413074,0.9883127407887197,0.9840936081424019,0.9919380071236796,0.9820137861228848
0.9669140245907174,0.9399133521402868,0.9433475703120368,0.9603611569282696,0.9669140180359896,0.9669140179168129,0.9688561672170913,0.9553191259110588,0.9603611604735913,0.9553191305224104,0.9433475786738345,0.949669372210127,0.9706877701496077,0.962673116537899,0.9603611626007844,0.9525741274956179,0.9362850093037731,0.932453315430128,0.9399133502467732,0.9496693688269984,0.9433475788729249
0.9808759636334519,0.40733340004593027,0.37754066879814546,0.4687906266262437,0.5774953651858118,0.5621765008857981,0.5156199157230157,0.3775406687981454,0.4532618480153861,0.5156199157230156,0.3923368301671084,0.5467381519846138,0.5621765008857981,0.5467381519846138,0.6370308013713525,0.5156199157230157,0.3923368301671084,0.5,0.5,0.4687906266262437,0.46879062662624377
0.9875683486551545,0.9770226325988913,0.9796676466202393,0.9830850879722156,0.9724147146754285,0.9669140242331868,0.9808759639828526,0.9850429113211785,0.9850429158081162,0.9796676443941231,0.9808759611527067,0.9867771796573125,0.9770226278319488,0.9830850858969876,0.9820137900379085,0.9830850854323843,0.9830850873217709,0.9808759615021074,0.9755769096352293,0.9706877677117048,0.979667647844603
0.9850429161648757,0.91964253282959,0.9284088015458666,0.9433475699138559,0.9046505402422645,0.955319126070071,0.9496693727443053,0.9579122731357119,0.932453306514029,0.9399133502467731,0.9399133555065331,0.952574123793102,0.9553191281372286,0.9399133494052115,0.9603611577791468,0.968856169352815,0.9465966749081429,0.9553191316354951,0.9579122737364724,0.9362850093037731,0.952574129515172
0.9830850872907974,0.9924227581788717,0.9940889320138949,0.9890130594237596,0.9867771809211076,0.9902915240736703,0.9933071475278437,0.9937100979533343,0.9840936116995176,0.99408893047063,0.9919380090749987,0.9928785701677209,0.9908743627455612,0.9924227573489707,0.9924227604094495,0.9950945936941921,0.993307148908545,0.9944450752320003,0.9908743645224667,0.991422512709275,0.9956684975777808
0.9950945943397389,0.320821300824607,0.3208212943308302,0.26894141551050293,0.2814056194821862,0.28140560140262283,0.2450850021044189,0.22270014398423355,0.2568319970758679,0.21206880435710532,0.20181322226037884,0.23370634623958195,0.17328820592932656,0.18242552158390102,0.14804719051380197,0.2018132270610754,0.12592276647524683,0.14033625668090613,0.18242551936144571,0.15610488959337063,0.1127954010637004
0.9956684987245064,0.5621765008857981,0.4073334000459302,0.5,0.5621765008857981,0.5926665999540698,0.48438008427698437,0.4225046348141882,0.42250463481418826,0.5467381519846138,0.5,0.40733340004593027,0.4378234991142019,0.43782349911420193,0.43782349911420193,0.5467381519846138,0.4843800842769843,0.4532618480153861,0.42250463481418826,0.34864513533394575,0.40733340004593027
0.9914225142457329,0.7772998611746912,0.766293653760418,0.7310585786300049,0.7662936377487305,0.817574478416099,0.7772998508568416,0.6224593312018546,0.7310585786300049,0.7879311906630568,0.6654105521116443,0.7981867753392728,0.7662936377487305,0.7549149813536518,0.7981867825403176,0.6926419704455588,0.731058584489497,0.808067204308405,0.6513548511303338,0.6654105653819835,0.6654105653819835
0.9937100964718688,0.5,0.6076631627277604,0.5774953651858118,0.6076631698328917,0.7057850216484838,0.665410572017153,0.7310585669110203,0.6654105653819836,0.7879312006227324,0.6654105454764746,0.6926419831347361,0.7057850154599563,0.6513548714339145,0.6224593312018546,0.7310585786300049,0.7185943805178139,0.743168019989179,0.6513548511303338,0.679178692681616,0.5312093733737562
0.9525741259809524,0.46879062662624377,0.6224593312018546,0.5467381519846138,0.5926665999540697,0.42250463481418826,0.6926419704455589,0.6224593382055109,0.5621765008857982,0.5467381519846138,0.5926665999540698,0.4532618480153861,0.5312093733737563,0.5774953651858118,0.5774953651858118,0.6513548646660542,0.5467381519846138,0.5467381519846138,0.6370308013713525,0.5467381519846138,0.4687906266262437
0.9820137885574375,0.28140560140262283,0.28140560742914383,0.1732882059293266,0.22270013366638422,0.23370635691404026,0.21206880684702423,0.17328819952513227,0.13296423504419935,0.2450850131323717,0.14804719803168948,0.0803574721258011,0.1403362512877889,0.156104893519414,0.1259227582746744,0.11920291732853863,0.1403362566809061,0.1008786315152424,0.11279540106370038,0.11279541597568048,0.08509903688588204
0.992878570753796,0.9648551552414112,0.9770226280828406,0.974042644685976,0.9740426398823548,0.9579122755387536,0.9669140218496496,0.9579122762897041,0.9603611577791469,0.9669140253057785,0.952574126654137,0.9783846694826634,0.9808759622009089,0.9688561703644736,0.975576908925141,0.98201378585969,0.9840936118161443,0.972414715924534,0.9603611644443515,0.9740426445917874,0.9830850852465429
0.9896718451769763,0.9496693617046216,0.9496693706075925,0.9669140186318741,0.9553191335436405,0.9579122755387536,0.9196425240200057,0.9669140247098942,0.9669140247098943,0.960361158630024,0.9648551498095038,0.9579122696813394,0.9496693654438695,0.9603611594809013,0.9688561714885386,0.9706877704145972,0.9706877698846184,0.9688561727250101,0.9433475732983931,0.9433475738956645,0.9579122764398942
0.987568349821417,0.6791787121629466,0.7431680029241321,0.7185943985973773,0.6926419894793248,0.6926419958239133,0.7772998611746912,0.8438951064805861,0.7310585727705127,0.7981867705385762,0.8267117898012104,0.7310585727705126,0.7057850278370112,0.7981867801399695,0.8080672204860316,0.8080672066194946,0.7981867849406659,0.7981867801399695,0.8267117855317474,0.7879311981328135,0.817574471748733
0.9890130551632542,0.679178699175393,0.7310585786300049,0.705785040214066,0.6654105653819836,0.7057850154599562,0.7431680143008301,0.665410572017153,0.6926419894793246,0.7185943985973772,0.743167997235783,0.7310585903489891,0.6791787056691698,0.6513548646660543,0.6926419958239132,0.6370307944803831,0.7185943805178139,0.46879062662624377,0.5467381519846138,0.5312093733737563,0.5774953651858118
0.9850429111153556,0.6654105653819835,0.6224593312018545,0.5926665999540698,0.6076631698328916,0.6076631769380227,0.5926665999540698,0.6370307875894138,0.6076631698328916,0.6076631698328916,0.6513548511303338,0.6076631698328916,0.5926665999540698,0.5774953651858118,0.5467381519846138,0.6076631698328916,0.6076631698328916,0.5467381519846138,0.5774953651858118,0.5621765008857981,0.5926665999540697
0.9961755154700854,0.7310585727705126,0.7057850340255386,0.7662936484231889,0.6654105521116443,0.7772998714925403,0.7981867753392728,0.7772998560157665,0.7431680086124812,0.8354835452961425,0.7549149813536518,0.8596637505099168,0.7310585786300049,0.7879311981328135,0.7662936484231889,0.8438951104066293,0.8080672158638528,0.7549149813536518,0.7879312006227324,0.7981867801399695,0.766293653760418
0.9928785695717677,0.7310585844894971,0.5467381519846138,0.5774953651858118,0.6370307944803831,0.6791787056691698,0.5,0.5774953651858118,0.6791786926816161,0.7185944046238982,0.6791787121629466,0.6791787056691698,0.6076631698328916,0.6224593312018546,0.5621765008857982,0.6076631698328917,0.6224593312018546,0.5774953651858118,0.5467381519846138,0.5621765008857981,0.6926419958239132
0.982013794117428,0.9284087960985615,0.932453310268176,0.9525741221101403,0.9579122749379931,0.9626731153331316,0.9284087946129328,0.939913354875362,0.9553191254340225,0.9648551557467049,0.936285002192296,0.9433475729002123,0.9626731097108832,0.9284087995650284,0.972414719621886,0.9579122758391339,0.9648551575152328,0.9553191322715436,0.9648551547361175,0.9579122749379931,0.9433475772802016
0.9966233877545937,0.9724147154748559,0.9830850880031891,0.9770226320134774,0.9902915240826242,0.9896718460622898,0.9875683518109231,0.9867771753069402,0.9830850855253049,0.9924227597161146,0.9944450743368244,0.9919380073396653,0.989013056752089,0.9940889314940007,0.989671848366008,0.9902915242975189,0.9953904286047597,0.9933071498744167,0.9928785723210536,0.9928785720477713,0.9924227585010276
0.9724147152749991,0.7057850340255386,0.6370307944803831,0.6513548646660542,0.5621765008857981,0.6076631698328916,0.6224593382055109,0.6370307875894138,0.5467381519846138,0.6076631769380229,0.5312093733737563,0.6370308082623217,0.6513548714339145,0.6076631698328916,0.7185943925708561,0.6513548511303338,0.6076631698328917,0.5467381519846138,0.5621765008857981,0.679178692681616,0.5621765008857981
0.9770226319716622,0.7662936377487305,0.7431680143008301,0.6926419958239132,0.665410558746814,0.6791787056691698,0.743167997235783,0.7772998560157665,0.7185943985973772,0.6654105521116445,0.7057850340255386,0.7310585727705126,0.6513548714339145,0.6513548511303336,0.6076631698328916,0.5926665999540698,0.5774953651858118,0.5926665999540698,0.7185943925708562,0.718594386544335,0.6513548646660542
0.9902915231245525,0.8438951025545426,0.7981867825403176,0.8354835411997897,0.7549149813536518,0.7662936484231889,0.8080672158638527,0.7981867849406659,0.7772998560157665,0.7981867777396211,0.7662936430859597,0.7310585786300049,0.7549149813536518,0.7772998508568417,0.7310585786300049,0.705785040214066,0.7057850216484838,0.5621765008857981,0.7549149923816048,0.7549149868676283,0.8080672112416737
0.9950945934714329,0.943347577479292,0.9465966709534506,0.9099070103134426,0.8519528000888387,0.8740772269642949,0.9046505273888291,0.9553191267061195,0.8933094152856196,0.904650538956921,0.9241418231126367,0.9099070084811307,0.8872046019186954,0.9433475810629194,0.9241418178895029,0.9362850017478287,0.9196425256718028,0.880797071719777,0.9241418236349501,0.880797076413356,0.8740772335247532
0.9978172832194656,0.9284088030314952,0.8933094110250331,0.9399133439350607,0.9465966718950439,0.8596637577007394,0.9241418126663686,0.9149009584734678,0.880797071719777,0.9465966692585823,0.9046505312448598,0.9399133456181841,0.9324533083911025,0.9324533154301279,0.9324533093296392,0.9046505331728751,0.9196425377849806,0.9241418225903234,0.9496693647316318,0.9196425355825848,0.9284087960985615
0.9669140237564794,0.679178699175393,0.6513548511303338,0.6076631698328916,0.7057850216484838,0.5621765008857982,0.7057850154599563,0.6513548714339145,0.731058584489497,0.7057850216484838,0.7879311981328135,0.7310585727705126,0.6791786861878392,0.718594386544335,0.6926419767901476,0.7185943925708561,0.665410558746814,0.5774953651858118,0.7057850278370112,0.665410572017153,0.6513548511303338
0.9961755156794295,0.975576908215053,0.9850429157532301,0.9867771797302238,0.9914225138893381,0.9740426417190337,0.9850429135715083,0.9820137907616943,0.9840936077342082,0.986777177433519,0.9820137892154246,0.985042911307457,0.9859363760689249,0.9830850856491992,0.9850429128854321,0.9770226295463756,0.990291522569408,0.9867771752704846,0.9724147146754284,0.9783846649132582,0.9796676460637103
0.9896718489466972,0.5926665999540698,0.679178699175393,0.7879312006227324,0.798186784940666,0.7310585786300049,0.8267117940706734,0.8596637451167997,0.7879311906630568,0.8519528076067262,0.7549149813536518,0.7057850340255386,0.787931188173138,0.7057850278370112,0.8267117919359419,0.7879311981328135,0.7981867753392728,0.7662936484231889,0.7310585786300049,0.8740772318846386,0.7310585786300048
0.9908743638740225,0.9669140243523636,0.9149009584734676,0.9241418163225626,0.8991213725394589,0.9149009462917594,0.9399133451974032,0.9149009515124917,0.9099069999303417,0.9553191270241437,0.9553191295683376,0.9579122765900843,0.9399133458285746,0.8991213691605412,0.9196425344813868,0.9284088069931713,0.9196425267730008,0.9553191252750103,0.9465966720833626,0.9553191327485798,0.8991213765941599
0.9933071482429604,0.46879062662624377,0.3923368301671084,0.32082130731838393,0.5,0.42250463481418826,0.34864514210180597,0.40733340004593027,0.43782349911420193,0.3629692193015555,0.25683199138751883,0.4073334000459302,0.4532618480153861,0.46879062662624377,0.39233682306197715,0.348645142101806,0.3775406617944891,0.42250463481418826,0.36296920551961687,0.5312093733737563,0.5621765008857981
0.974042641342279,0.8933094067644466,0.7662936377487305,0.8519527944504227,0.8354835309589074,0.8670357632379241,0.8807970670261976,0.8596637505099168,0.8080672066194945,0.9284088015458666,0.8175744673038222,0.8354835411997897,0.8080672135527632,0.7772998714925403,0.8807970858005139,0.8267118026095991,0.8519528076067262,0.7981867777396212,0.8670357598021708,0.9149009509324104,0.8438950966654774
0.9950945944556647,0.9284087936225136,0.8807970904940926,0.9241418236349501,0.9046505383142492,0.8438950966654774,0.9099070060380481,0.9149009619539554,0.8670357701094303,0.9196425284247979,0.8670357546485408,0.9324533083911025,0.8991213772699435,0.8933094152856197,0.9284087975841901,0.9399133527714579,0.8872046049010911,0.8596637523076225,0.89330940889474,0.9046505408849362,0.9196425245706048
0.9525741241296944,0.9770226299227133,0.9830850868261942,0.982013791024889,0.9783846651889981,0.977022631511694,0.974042641907411,0.9883127407241754,0.987568349787115,0.9859363757589992,0.9820137886232362,0.9875683509419434,0.9850429161785972,0.9830850845031776,0.9820137886232362,0.9919380070492018,0.9859363728276188,0.9830850856801727,0.9908743647330005,0.9840936102416833,0.9755769100790342
0.9971990729743507,0.9099070023734244,0.9399133517195061,0.9196425306271939,0.9496693690050578,0.9688561716009452,0.9433475742938453,0.960361157637334,0.952574130693245,0.952574129515172,0.9706877678706987,0.9465966713300878,0.9669140193469353,0.9362850004144266,0.9149009549929797,0.9399133536130195,0.9626731156008577,0.8991213711878918,0.9324533069832974,0.9648551543571473,0.8080672204860316
0.985042913379407,0.9626731121204183,0.9724147145755,0.9820137916828761,0.9850429099764691,0.9896718463669136,0.9859363734991244,0.9908743636550673,0.9867771755378261,0.9902915217366913,0.9896718453673663,0.9808759638430923,0.988312739605406,0.98756834919255,0.9859363716783109,0.989671849403633,0.9890130590796808,0.9890130561550109,0.9933071500694484,0.9875683492382857,0.984093609629393
0.9914225150298016,0.48438008427698437,0.5312093733737562,0.5774953651858118,0.6370307806984444,0.6654105454764747,0.6370308082623217,0.6370307875894138,0.6076631698328916,0.8175744850834648,0.6654105653819835,0.665410572017153,0.622459338205511,0.718594386544335,0.5467381519846138,0.6926419831347361,0.7057850216484838,0.7310585669110202,0.6224593312018546,0.5621765008857982,0.5774953651858117
0.990874362720297,0.7431680086124812,0.5621765008857981,0.7057850278370112,0.679178699175393,0.7057850340255386,0.7662936430859597,0.7310585786300049,0.6370307944803832,0.7549149813536518,0.7185944046238981,0.7549149813536518,0.6926419704455589,0.7772998663336158,0.5926665999540698,0.6791787121629466,0.7057850340255386,0.7772998560157665,0.6370308013713525,0.7662936324115011,0.679178686187839
0.9959298631542834,0.9755769122092985,0.9648551499358272,0.974042641624845,0.9688561683411565,0.9579122684798184,0.9496693716759489,0.9241418121440552,0.952574131703022,0.9603611573537082,0.9724147208709912,0.9284088030314952,0.9669140185126972,0.9808759616768079,0.9324533046369553,0.9603611593390884,0.9875683515365085,0.9783846689311835,0.9850429168372301,0.9724147146754285,0.9362849990810245
0.909907004816507,0.679178699175393,0.7057850216484838,0.6224593312018546,0.7879311981328135,0.6370307944803831,0.7662936377487305,0.6791786861878392,0.7057850278370112,0.7185944046238981,0.7662936484231889,0.7310585727705127,0.6654105653819835,0.6513548646660543,0.6926419767901475,0.7772998611746912,0.7057850216484838,0.6513548646660543,0.5926665999540698,0.6224593312018546,0.5774953651858118
0.9688561709265061,0.9875683493297573,0.9883127411221991,0.987568347923382,0.9928785701841836,0.9924227579547635,0.9919380074737254,0.9924227597021079,0.9950945940965225,0.9883127403369091,0.9937100964340317,0.9966233879481242,0.9953904268826562,0.9947798752954531,0.995390427489452,0.9970189679434676,0.9956684986060181,0.9950945953126052,0.9956684989373836,0.9924227596810977,0.992422757982777
0.974042643226052,0.8438950986284991,0.8596637523076225,0.8933093954028816,0.8267117940706734,0.8519527963298947,0.8519528000888387,0.8872045899891118,0.8519528000888387,0.8354835309589074,0.8519528038477824,0.8438950986284991,0.8519528000888387,0.8519527982093666,0.8740772236840656,0.8354835411997897,0.8438951064805861,0.8740772236840656,0.8080672089305841,0.8267117983401363,0.7772998560157665
0.9706877712095654,0.45326184801538616,0.39233683016710835,0.3629692193015555,0.34864514210180597,0.3073580105206753,0.3073580168652638,0.3073580105206753,0.26894141551050293,0.22270012850745968,0.20181321505933414,0.2120688018671865,0.30735802320985245,0.30735801686526387,0.24508500761839525,0.1919327864472368,0.1919327772028789,0.2942149597859341,0.21206881182686202,0.37754067580180184,0.3073580232098525
0.9919380088292219,0.5926665999540698,0.5312093733737563,0.5156199157230157,0.6370307875894139,0.5621765008857981,0.45326184801538616,0.5621765008857982,0.5926665999540697,0.5156199157230156,0.43782349911420193,0.4378234991142019,0.5312093733737562,0.5621765008857981,0.5467381519846138,0.6224593312018546,0.45326184801538616,0.39233683727223967,0.48438008427698437,0.5156199157230156,0.3775406687981454
0.9808759641226129,0.9496693638413347,0.9046505254608135,0.9284087975841901,0.9284088074883808,0.9149009602137115,0.9149009602137115,0.8872045944627057,0.9603611566446437,0.9362850101927077,0.9241418283357703,0.9149009526726545,0.8933094117351309,0.8740772417253256,0.8740772433654401,0.9284088074883808,0.9284088069931713,0.8991213853793453,0.9046505254608136,0.9196425273235999,0.904650530602188
0.9896718476520459,0.9362850119705768,0.8807970904940926,0.9362850115261095,0.8807970654616711,0.9099069987088003,0.9196425267730008,0.9149009625340366,0.9362850053035673,0.9196425361331837,0.9196425256718028,0.9362849990810245,0.909906999319571,0.9241418163225626,0.899121379297294,0.9196425317283919,0.9196425234694067,0.8872045847699186,0.8991213860551287,0.9196425234694067,0.8991213705121082
0.989671849289399,0.928408800060238,0.9579122708828602,0.9399133561377043,0.9669140179168128,0.9626731087738417,0.9626731103801985,0.9706877725875104,0.9688561662054326,0.9669140211345884,0.9783846670797867,0.9755769119430155,0.9875683472030434,0.9796676485495398,0.9867771810061706,0.9706877724285168,0.9770226278737641,0.9724147158745697,0.9820137885574375,0.9648551520833256,0.9496693656219289
0.9648551508200913,0.8519528038477825,0.8354835309589074,0.8080672089305841,0.8267117876664789,0.8267117876664789,0.7310585669110203,0.7981867777396212,0.7185943985973772,0.7549149813536518,0.8519528076067262,0.8670357598021707,0.8267118004748677,0.7549149923816048,0.8354835289107307,0.7772998560157663,0.8175744695262777,0.7431680086124812,0.6224593382055109,0.7879311981328135,0.7057850340255386
0.9603611573537082,0.9241418262465169,0.9433475752892975,0.9324533018213448,0.9284088060027523,0.9099070139780661,0.914900963114118,0.9324533022906133,0.9099070103134425,0.9046505318875316,0.9362850048591,0.8991213725394589,0.8991213745668094,0.9284088069931713,0.8519527963298946,0.9046505402422645,0.8933094074745443,0.9099069999303417,0.8933093975331751,0.8872045944627057,0.8991213759183764
0.9688561721629776,0.4378234991142019,0.4378234991142019,0.43782349911420193,0.46879062662624366,0.3775406617944891,0.40733340004593027,0.4532618480153861,0.3923368230619772,0.3775406617944891,0.3629692055196168,0.3486451488696663,0.4073334000459302,0.29421497216298875,0.4687906266262437,0.34864514210180597,0.3629692055196168,0.40733340004593027,0.39233683016710835,0.42250463481418826,0.42250463481418826
0.9924227586831156,0.3486451285660856,0.48438008427698437,0.39233683016710835,0.3208213138121609,0.42250463481418826,0.2942149659744614,0.3923368230619772,0.33458943461801643,0.40733340004593027,0.42250463481418826,0.3775406687981454,0.2814056194821861,0.3345894279828469,0.36296921241058616,0.33458944788835565,0.3486451285660856,0.4532618480153861,0.33458944125318596,0.3208213073183839,0.32082129433083023
0.9740426429434862,0.9688561681163433,0.9669140208962347,0.9626731135929119,0.9553191309994468,0.9724147164241762,0.9579122741870427,0.9688561692404085,0.9688561678915304,0.9648551510727381,0.9669140208962347,0.9626731102463355,0.9755769093689463,0.9783846692069235,0.977022630759019,0.9783846651889981,0.9603611584882111,0.9525741226150288,0.9603611582045855,0.9648551498095038,0.9603611599063399
0.9783846653071725,0.985042910182292,0.9740426437911839,0.9830850890872632,0.9867771786851625,0.9830850885916865,0.9808759630744107,0.9796676449506522,0.979667646731545,0.9783846651102153,0.9830850850607017,0.9783846667646553,0.9740426457691455,0.9820137914525806,0.9783846661343923,0.9896718458243022,0.9883127418967316,0.9796676468799529,0.9755769118542544,0.9830850873527446,0.972414718922387
0.9908743607833854,0.9914225148793238,0.9875683507018306,0.9840936059848067,0.9770226293791145,0.9875683479576839,0.9859363724402116,0.985042912171913,0.9859363717945331,0.9883127395193468,0.9875683511248865,0.9808759625503096,0.9850429159178884,0.9867771790375668,0.9850429124189003,0.9820137872085637,0.9850429155885719,0.9883127435748852,0.9796676470283605,0.9808759621659688,0.990291523035013
0.9867771760968125,0.8933094010836642,0.9099070097026719,0.9603611597645271,0.8991213759183765,0.9196425344813869,0.9433475786738345,0.960361158630024,0.9579122762897041,0.9465966732132748,0.955319134497713,0.9399133555065331,0.9740426442150328,0.964855153978177,0.9496693681147608,0.9603611597645271,0.9284088064979619,0.9399133462493554,0.9579122707326702,0.9433475764838399,0.955319134497713
0.9974490875923389,0.8354835411997897,0.8519527944504227,0.8267118004748677,0.9099070060380482,0.8596637559030338,0.8991213698363247,0.9465966756614176,0.8267117962054049,0.9324533130837862,0.8991213806488609,0.8933093954028816,0.8740772302445241,0.899121375242593,0.9196425366837827,0.9046505280315008,0.8872045855155176,0.8670357494949104,0.8807970748488297,0.9465966692585823,0.9196425361331837
0.993710096451495,0.9525741236248058,0.9399133525610676,0.9241418121440552,0.9149009462917594,0.9241418184118163,0.9626731106479246,0.9433475727011219,0.962673109443157,0.962673116671762,0.9706877700966099,0.9603611627425972,0.9603611654370415,0.9626731160024469,0.9579122743372327,0.936285006192502,0.9241418267688303,0.9324533140223229,0.9324533135530545,0.9465966681286702,0.9553191295683378
0.9755769081262919,0.9525741246345829,0.9688561683411564,0.968856169352815,0.9755769095020878,0.9496693663341667,0.9724147202214566,0.9648551517043553,0.9626731117188291,0.9740426455336738,0.9755769091914241,0.9724147159245339,0.9688561685659695,0.9755769103453173,0.9669140242331868,0.9850429153415845,0.9706877713155613,0.983085083357156,0.9783846686160521,0.9755769097239902,0.9724147192221722
0.9940889312012181,0.9149009486120849,0.8872046041554922,0.8991213684847577,0.919642532278991,0.8991213840277783,0.8807970795424088,0.8670357615200475,0.8670357666736772,0.9046505453836383,0.9241418283357702,0.8991213840277783,0.9099070097026719,0.9284087936225137,0.8740772466456689,0.8740772236840656,0.8740772253241802,0.9099070017626536,0.8596637505099168,0.8872045862611166,0.8872045929715078
0.9896718465001866,0.9046505286741726,0.8933094159957173,0.8519528019683105,0.904650538956921,0.8872045974451017,0.8872046019186954,0.9099070139780661,0.8670357546485408,0.9196425383355795,0.9149009544128984,0.8991213820004279,0.9099069987088003,0.8807970748488296,0.8740772302445241,0.8933093975331751,0.8267117940706734,0.8991213826762113,0.9241418246795768,0.9099070054272775,0.880797085800514
0.9940889319646418,0.8807970764133561,0.8807970795424087,0.9099069980980297,0.8872046019186954,0.8670357683915538,0.9324533046369554,0.9099069993195711,0.9399133540338004,0.9196425240200057,0.9046505280315008,0.8991213698363247,0.8933094110250331,0.8933094053442511,0.8872045952083047,0.8872045840243196,0.9196425361331837,0.8807970904940926,0.904650536386234,0.9099070005411124,0.8872045929715078
0.9783846686948351,0.8991213671331905,0.9099070060380482,0.8740772236840656,0.8670357649558006,0.817574478416099,0.8807970764133561,0.9324533055754922,0.9099070072595894,0.9046505286741726,0.8519528038477824,0.8872045966995027,0.8740772286044095,0.8354835391516133,0.8991213745668094,0.851952809486198,0.8807970685907242,0.817574471748733,0.8740772466456689,0.8807970889295664,0.8267117855317474
0.9875683511820562,0.8740772450055544,0.7772998714925403,0.7981867705385763,0.8596637469145054,0.8080672112416737,0.7549149978955811,0.7879311881731379,0.8354835411997897,0.8080672066194945,0.8080672181749421,0.7057850402140659,0.6076631698328916,0.6926419894793248,0.7981867849406659,0.679178699175393,0.665410558746814,0.7879311931529759,0.8670357615200474,0.7549149978955811,0.7662936324115011
0.9919380103709128,0.6224593382055109,0.5156199157230156,0.6513548646660543,0.6513548714339144,0.5156199157230157,0.4843800842769844,0.6513548714339144,0.5156199157230156,0.45326184801538616,0.3923368301671084,0.5,0.42250463481418826,0.5926665999540698,0.40733340004593027,0.4843800842769844,0.5312093733737563,0.4687906266262437,0.3629692055196168,0.42250463481418826,0.4843800842769844
0.9890130567824488,0.9919380069598284,0.9850429104841655,0.9890130596666387,0.9908743643456183,0.9902915252466366,0.9883127447366838,0.9875683499243225,0.9883127427573233,0.9902915254078075,0.9933071500230123,0.9919380083749072,0.9890130560740512,0.9902915241363479,0.9883127405950867,0.9883127440266958,0.9950945938760363,0.9919380098123292,0.9914225140160562,0.9883127415740097,0.9928785696409114
0.9896718478519552,0.9433475776783824,0.9465966681286702,0.9362850053035673,0.9433475762847495,0.9324533130837862,0.9241418163225626,0.9241418241572635,0.9324533088603709,0.9579122704322899,0.9553191309994467,0.9399133489844307,0.9465966756614176,0.9284088020410761,0.9579122767402743,0.9241418215456966,0.932453310268176,0.8991213678089741,0.8807970904940926,0.9241418215456966,0.8872045989362997
0.9950945942829127,0.24508501313237172,0.30735801686526387,0.22270013882530887,0.34864513533394575,0.37754066879814546,0.28140560140262283,0.3073580105206753,0.2689414213699951,0.2814056014026228,0.23370636225126953,0.1561048915563923,0.1732882059293266,0.25683199138751883,0.30735801686526387,0.1919327864472368,0.16451646494473962,0.3629692124105862,0.18242551936144571,0.256831980010821,0.14804719051380197
0.9830850872907974,0.25683200276421697,0.21206879937726766,0.21206880186718646,0.14804719051380197,0.19193278413614728,0.10669059181535785,0.182425528251267,0.11920291732853863,0.13296425222296632,0.13296423676207597,0.16451646904109268,0.13296424019782924,0.16451646699291614,0.1403362512877889,0.09534947261117097,0.09009299823734633,0.15610488959337063,0.12592277139559052,0.1645164608483867,0.11920293297380237
0.996827316833519,0.9099070017626536,0.8991213847035617,0.9196425240200057,0.8991213853793452,0.9433475736965741,0.9324533135530545,0.9496693679367014,0.9399133527714579,0.9284088055075428,0.9433475725020315,0.928408795603352,0.924141819456443,0.904650538956921,0.9433475691174941,0.9099070035949656,0.9324533158993963,0.9669140186318741,0.9324533130837862,0.9603611637352872,0.9241418215456967
0.993710096623217,0.9740426403532982,0.9850429135303437,0.9626731121204183,0.9688561704768801,0.9706877700966099,0.9830850897377077,0.97557690883638,0.9770226278319488,0.9859363744547287,0.9755769073718232,0.9859363726597423,0.9808759647165941,0.988312742778838,0.9820137933936423,0.986777178830985,0.9867771782598467,0.9808759646467139,0.9875683477633067,0.9875683514679048,0.9908743623666002
0.9924227578497127,0.7772998560157665,0.7549149923816046,0.8080672181749422,0.8175744739711883,0.787931190663057,0.7772998714925403,0.8175744695262777,0.7879312006227324,0.8519528000888386,0.7772998663336157,0.7431680143008301,0.7879311906630568,0.7431680143008301,0.7310585903489891,0.7310585669110203,0.7772998611746912,0.8596637523076225,0.8354835309589074,0.8354835371034368,0.8080672066194945
0.9968273177090441,0.9928785709842752,0.993710099292183,0.9875683519481303,0.9896718473474219,0.9883127392934414,0.9914225130023108,0.9890130577438455,0.989671846566823,0.9908743619118471,0.9859363749196172,0.9902915249153408,0.9875683490782106,0.9867771780654168,0.9830850880341626,0.9808759611527067,0.984093604906009,0.9850429121170269,0.98308508766248,0.9908743621476449,0.9919380078759058
0.9950945936282736,0.9648551567572922,0.9579122726851416,0.9626731131913228,0.9688561673294978,0.9648551561256752,0.9362850124150441,0.9688561720505712,0.9603611623171586,0.957912271934191,0.9626731099786093,0.9724147206711344,0.9724147156747128,0.9706877721635273,0.9706877698316205,0.9626731126558705,0.9740426399765436,0.9724147183727806,0.9755769072830623,0.96036116089903,0.9688561699148476
0.9964063970917718,0.743168019989179,0.7549149813536518,0.718594386544335,0.7431680086124811,0.7662936484231889,0.7549149813536518,0.6926419894793246,0.5926665999540697,0.5467381519846138,0.7057850154599562,0.6926419767901475,0.7057850340255386,0.665410558746814,0.7185943925708561,0.7057850340255385,0.6513548714339144,0.6791786926816161,0.5621765008857981,0.6926419958239132,0.6926419894793246
0.9924227590507932,0.9706877659627745,0.978384667394918,0.9648551506937678,0.9688561708140997,0.974042643367335,0.978384667394918,0.9706877672877219,0.9603611583463983,0.9724147187724943,0.9783846659768267,0.9867771804228808,0.9755769105228393,0.985042914696673,0.98409360613059,0.9808759619563283,0.9796676458782007,0.9796676443199193,0.9796676485866417,0.9808759618515082,0.979667647881705
0.9896718459290167,0.8991213799730775,0.8991213759183765,0.9099070060380482,0.9284088035267046,0.9046505357435622,0.9241418158002492,0.9046505286741726,0.9324533027598817,0.9149009526726545,0.9196425394367775,0.9196425317283918,0.9241418152779358,0.8872045855155176,0.8991213664574069,0.8933094074745443,0.8933094081846421,0.9196425366837827,0.932453310268176,0.9241418173671895,0.9149009602137116
0.9840936088713191,0.8807970889295664,0.8740772302445241,0.8267117983401363,0.8596637541053281,0.8519528057272543,0.8872046019186953,0.8438951045175643,0.8080672158638527,0.8596637469145054,0.7431680086124811,0.8354835432479663,0.7310585844894971,0.6926419894793246,0.7662936377487305,0.7772998611746911,0.7662936430859597,0.7549149868676283,0.7057850278370111,0.8080672112416737,0.7879311981328135
0.9928785706714821,0.9099070145888366,0.9241418210233833,0.9241418231126367,0.9284088015458667,0.9046505331728751,0.8991213847035617,0.9099069993195711,0.9284088030314952,0.9241418267688303,0.9324533121452494,0.9496693711417706,0.9196425377849806,0.9196425267730008,0.9241418178895029,0.9099070145888367,0.9149009561531424,0.9046505261034854,0.8670357701094303,0.9046505357435622,0.9196425383355795
0.9966233876754578,0.9241418189341296,0.9648551529675896,0.9669140181551665,0.9603611607572171,0.9796676463605258,0.9669140253057785,0.9808759641575528,0.9648551527149428,0.9755769086588582,0.9840936107665037,0.9808759615719876,0.9579122722345713,0.9706877725345124,0.9796676458782007,0.964855156378322,0.9796676451361619,0.9688561677791239,0.974042643226052,0.9706877659097767,0.9808759645069536
0.995390428030013,0.9362850070814367,0.9496693627729782,0.964855150441121,0.9525741280005063,0.972414720571206,0.9648551558730284,0.9465966752847802,0.9553191325895678,0.9433475736965741,0.9603611565028308,0.9496693627729781,0.9579122758391337,0.9324533027598817,0.9465966660571644,0.9525741300200604,0.9553191338616647,0.9496693656219289,0.9626731158685837,0.9525741315347258,0.9465966645506146
0.9669140183935204,0.5,0.334589441253186,0.40733340004593027,0.3775406758018019,0.39233683016710835,0.40733340004593027,0.4073334000459302,0.2814055953761018,0.4378234991142019,0.4225046348141882,0.36296921930155557,0.26894141551050293,0.32082129433083023,0.3775406687981454,0.5156199157230157,0.4532618480153861,0.2689414096510108,0.3208213008246071,0.43782349911420193,0.3923368372722396
0.994779875491321,0.8519528057272543,0.8080672089305841,0.8991213799730775,0.880797071719777,0.8872045840243196,0.8519528057272544,0.8740772466456689,0.8519527963298947,0.8670357477770337,0.8740772286044095,0.8438951084436077,0.8438950966654772,0.8740772417253256,0.880797068590724,0.8596637523076225,0.8740772302445241,0.7549149923816048,0.8175744806385542,0.817574471748733,0.8596637541053281
0.9840936104749368,0.8080672112416737,0.7310585669110202,0.8519528038477824,0.8080672135527631,0.7981867825403176,0.8807970889295663,0.8438951104066293,0.7879312031126512,0.8354835309589074,0.7772998611746912,0.8519527982093666,0.8080672181749422,0.7879311881731379,0.7549149923816048,0.817574478416099,0.7981867705385762,0.7879311881731379,0.787931190663057,0.8519528076067262,0.8080672227971211
0.996406397586986,0.9820137860899855,0.9830850879102685,0.978384669719012,0.9883127416493115,0.9808759634936917,0.9770226316789552,0.9783846683403122,0.9840936053433594,0.9883127432521635,0.9830850894279723,0.9933071497227254,0.9850429125012294,0.9890130553454136,0.9840936116703609,0.9896718493750745,0.9850429165216351,0.9859363760947519,0.9890130581587641,0.9883127417568854,0.9914225160356269
0.9961755169124311,0.9740426456278625,0.9796676470654625,0.9890130583814033,0.9908743636634887,0.9830850881270833,0.9919380077492934,0.9933071490664279,0.9896718489562167,0.9908743626108195,0.9867771777859236,0.9908743615497289,0.9830850848438867,0.9896718498605687,0.9875683493983609,0.9914225126063164,0.9890130559020118,0.9896718487848658,0.9850429156983441,0.9902915212531783,0.9830850889633691
0.9648551566309688,0.9465966645506148,0.9525741231199173,0.9579122740368525,0.962673111451103,0.9465966747198242,0.9626731127897336,0.9284087975841903,0.9553191332256162,0.9433475748911165,0.9099070127565249,0.9324533027598817,0.9324533130837862,0.9433475782756536,0.9149009532527358,0.9324533144915913,0.9284087985746093,0.9465966735899122,0.9553191297273498,0.9525741253077677,0.9579122695311492
0.9890130577640854,0.546738151984614,0.6224593312018546,0.5926665999540697,0.6076631698328916,0.5312093733737562,0.6076631698328916,0.546738151984614,0.48438008427698437,0.5467381519846138,0.48438008427698437,0.5156199157230156,0.5926665999540698,0.5621765008857982,0.5312093733737563,0.5312093733737563,0.5774953651858118,0.5621765008857981,0.5467381519846138,0.5,0.6791786861878392
0.9908743615413074,0.904650530602188,0.867035752930664,0.874077230244524,0.9241418163225625,0.904650536386234,0.8872045832787204,0.9099069968764883,0.8872045929715078,0.9196425311777929,0.9241418147556223,0.9284088035267047,0.9196425256718028,0.9241418158002492,0.9579122675786776,0.9099070035949657,0.9196425344813868,0.9196425278741989,0.9046505267461572,0.8807970842359877,0.880797085800514
0.99142251305775,0.9669140200619967,0.9648551495568569,0.972414720571206,0.9433475721038507,0.9770226318044011,0.9688561716009451,0.9796676461750161,0.9465966728366374,0.9399133456181842,0.9579122699817195,0.9669140220880034,0.9688561667674652,0.9688561726126036,0.9626731086399786,0.9579122755387537,0.9755769127418645,0.9783846648738667,0.9755769075493453,0.9830850891182368,0.966914023160595
0.9908743642698261,0.25683199138751883,0.34864514210180597,0.320821300824607,0.18242552380635632,0.23370635691404026,0.17328819952513227,0.1732882016598637,0.19193278182505782,0.24508501313237174,0.2337063569140403,0.22270013882530884,0.29421498454004374,0.23370636225126953,0.16451645675203386,0.30735800417608683,0.11920291576401233,0.15610488959337063,0.14033624949008322,0.1824255304737224,0.15610489940847913
0.9688561675543108,0.9099070103134425,0.8991213705121082,0.9241418163225626,0.9196425366837827,0.9241418199787564,0.9324533018213449,0.9362850124150441,0.8933094145755219,0.9241418189341296,0.9553191333846284,0.9465966643622961,0.9496693640193941,0.9399133487740404,0.9525741219418441,0.9399133437246703,0.9433475725020315,0.9399133468805266,0.936285002192296,0.9284087985746093,0.9149009462917594
0.9968273176125816,0.320821300824607,0.30735801686526387,0.39233683016710835,0.2120688068470242,0.20181321745968236,0.256831980010821,0.1732881973904009,0.3629692055196168,0.16451646289656316,0.12592275991478885,0.15610490529754448,0.10669059820623797,0.11920291419948607,0.09534945461636171,0.14804719803168948,0.10087862948789174,0.1192029173285386,0.08035746111382149,0.08035747322699914,0.11920293297380237
0.991938006937485,0.6076631698328916,0.5621765008857981,0.5467381519846138,0.4843800842769844,0.43782349911420193,0.5156199157230156,0.5467381519846138,0.5312093733737563,0.46879062662624377,0.4687906266262437,0.3486451285660856,0.37754066879814546,0.3775406687981454,0.39233683016710835,0.5156199157230157,0.3629692055196168,0.37754066879814546,0.37754067580180184,0.36296921930155557,0.5156199157230156
0.9820137942161259,0.651354857898194,0.6513548714339145,0.665410558746814,0.6926419894793246,0.6513548578981939,0.6926419831347361,0.8080672204860316,0.6370307944803832,0.7662936484231889,0.7431680199891789,0.6926419958239132,0.6654105653819835,0.679178686187839,0.6926419704455588,0.665410558746814,0.5926665999540698,0.6224593312018546,0.7057850278370111,0.6076631698328916,0.6370308082623217
0.9883127411114416,0.9953904279830077,0.9933071499765762,0.9908743607833854,0.9947798752277457,0.991422514934763,0.9940889315952433,0.9883127411114416,0.9875683492954554,0.975576908215053,0.9867771762183312,0.9883127412405304,0.9937100978427337,0.9896718480613841,0.9937100963758209,0.9919380088664609,0.9919380091047899,0.9919380078759057,0.9890130576628858,0.9902915232140919,0.9908743608844417
0.9579122705824801,0.9783846696402292,0.9724147160244624,0.9783846670403953,0.975576912431201,0.9808759630045306,0.9740426427551088,0.9830850841005213,0.97966764624922,0.9850429140929261,0.9830850884987659,0.9706877662807618,0.9740426454394852,0.9688561704768801,0.9830850832332618,0.9808759638780323,0.9830850862686702,0.9820137905313987,0.9820137861886836,0.972414720821027,0.9579122758391337
0.9908743616676278,0.4378234991142019,0.5467381519846138,0.5,0.5312093733737563,0.6076631698328916,0.6076631698328916,0.5,0.45326184801538616,0.5,0.5467381519846138,0.5312093733737563,0.5156199157230156,0.5774953651858117,0.5156199157230156,0.5467381519846138,0.5312093733737563,0.48438008427698437,0.46879062662624377,0.4843800842769844,0.48438008427698437
0.9890130550620545,0.6926419767901476,0.5774953651858117,0.5774953651858117,0.6224593382055109,0.6224593241981982,0.6370307875894138,0.6926419831347361,0.651354857898194,0.7185944046238982,0.6076631698328917,0.6926419831347361,0.6370307806984444,0.5774953651858118,0.6224593312018545,0.7057850340255386,0.6224593312018546,0.787931188173138,0.7057850154599563,0.718594386544335,0.6224593312018546
0.9669140251866016,0.9149009457116781,0.9433475730993028,0.9241418189341296,0.9196425306271939,0.9196425344813869,0.909906999319571,0.964855153978177,0.9196425300765949,0.9669140251866016,0.9525741222784363,0.9196425284247979,0.9046505280315008,0.9241418121440552,0.9324533121452494,0.9196425251212038,0.9196425278741989,0.9553191247979739,0.9149009625340366,0.8991213772699435,0.8596637487122111
0.9947798732908305,0.7431680029241321,0.7772998714925403,0.6654105454764747,0.7981867825403176,0.6513548511303338,0.7662936430859597,0.7057850402140659,0.7431680086124811,0.7185943865443349,0.6926419704455588,0.7431680029241322,0.6224593312018545,0.6654105653819836,0.5156199157230156,0.679178699175393,0.5156199157230157,0.5467381519846138,0.4843800842769843,0.5774953651858117,0.6224593382055109
0.9964063970017328,0.8596637451167997,0.7981867705385763,0.8519527982093666,0.7981867705385763,0.8175744695262775,0.6370307944803832,0.7662936377487304,0.7549149923816048,0.7185944046238981,0.7662936377487304,0.8354835432479663,0.798186775339273,0.6926419958239132,0.6513548714339144,0.679178699175393,0.5926665999540698,0.7772998560157665,0.7772998663336157,0.7310585727705126,0.7185943925708561
0.9648551544834707,0.9496693711417706,0.9626731157347207,0.9553191329075921,0.9579122716338108,0.9553191252750103,0.9626731145299533,0.9808759631093508,0.9626731101124724,0.9724147149252494,0.9820137913209832,0.9740426444505045,0.9688561713761322,0.9603611635934745,0.9706877668107408,0.9830850871669031,0.9724147148752853,0.9626731083722525,0.9648551515780319,0.9755769105672198,0.9770226306753883
0.9830850866403529,0.9241418246795767,0.9099070029841949,0.9241418257242036,0.9046505331728751,0.9284088040219143,0.9362850124150441,0.9399133485636499,0.9284087965937711,0.9284087941177233,0.9149009555730611,0.904650541527608,0.924141814233309,0.9046505312448598,0.8991213874066956,0.8933094003735664,0.8991213772699435,0.8872045944627057,0.8933093975331751,0.9099069980980297,0.9284087960985615
0.9944450749027401,0.9362849990810246,0.9433475752892974,0.9241418189341296,0.9525741226150287,0.9433475707102176,0.9362850026367634,0.9433475766829303,0.9496693682928202,0.9324533018213449,0.8933093954028816,0.9241418158002492,0.9284087965937711,0.9284087926320945,0.9465966734015935,0.914900963114118,0.914900950352329,0.8991213860551287,0.8872045825331214,0.9284088069931713,0.9196425344813868
0.9669140218496497,0.5621765008857981,0.48438008427698437,0.5467381519846138,0.4687906266262437,0.5774953651858118,0.5467381519846138,0.5621765008857981,0.5774953651858117,0.5926665999540698,0.5774953651858117,0.6076631769380227,0.6076631698328916,0.5774953651858118,0.5926665999540698,0.5,0.6076631698328916,0.3923368372722396,0.43782349911420193,0.5621765008857981,0.5467381519846138
0.964855152209649,0.9241418241572635,0.924141826246517,0.9362849990810245,0.9099069987088003,0.9553191316354951,0.9196425388861785,0.9579122716338109,0.9241418225903233,0.9046505267461572,0.8872045862611168,0.8991213826762113,0.8872045959539037,0.9099070005411123,0.9149009526726545,0.8933093996634687,0.8740772417253256,0.9196425344813869,0.9553191311584588,0.9149009549929797,0.8872045974451017
0.9944450751985598,0.826711791935942,0.9241418147556224,0.9046505402422645,0.8519528000888387,0.8438950986284991,0.8519527963298947,0.7310585727705127,0.8080672227971211,0.7772998663336157,0.8807970873650401,0.8267117855317474,0.7981867825403176,0.8807970795424087,0.7310585786300049,0.8175744673038222,0.7879311931529758,0.6654105720171531,0.8080672112416737,0.7879311981328135,0.7057850278370112
0.9940889316937496,0.9579122710330504,0.9465966705768132,0.9399133536130195,0.9496693702514737,0.9465966734015934,0.9579122725349515,0.9465966756614176,0.9399133552961427,0.9284087960985615,0.9525741274956179,0.9362850124150441,0.9149009549929797,0.8991213684847575,0.9399133546649715,0.9284088060027523,0.9046505434556231,0.936285003525698,0.9196425311777929,0.8933094060543488,0.9046505357435622
0.9902915248884789,0.8354835391516133,0.7057850278370112,0.7772998663336158,0.7549149923816048,0.7879312006227324,0.7662936377487304,0.8267118004748677,0.8438951025545426,0.8267118004748677,0.7662936484231889,0.851952809486198,0.8175744739711883,0.7879311981328134,0.8933093996634687,0.8438951045175643,0.8519527944504227,0.8596637523076225,0.8267117983401363,0.7431680143008301,0.7772998611746911
0.9908743622571226,0.8933094103149354,0.8596637559030337,0.8740772269642949,0.943347578474744,0.914900959053549,0.9241418257242036,0.9241418205010699,0.8933094159957174,0.8670357701094303,0.880797081106935,0.9362849990810246,0.8670357735451835,0.8872045862611166,0.8933094152856197,0.8740772384450967,0.78793120560257,0.8872045937171068,0.8354835411997897,0.8175744761936437,0.8933094117351309
0.9914225160118673,0.8596637523076225,0.8080672204860316,0.817574471748733,0.8596637487122111,0.8519528057272544,0.8438950947024555,0.8596637469145054,0.867035758084294,0.8740772236840657,0.7549149868676283,0.8807970779778824,0.7772998611746912,0.7549149868676283,0.7310585669110202,0.851952809486198,0.8596637523076225,0.7431680086124811,0.817574478416099,0.8740772450055545,0.7662936484231889
0.9830850858969876,0.25683199138751883,0.3345894478883556,0.22270014398423355,0.3345894478883556,0.3073580295544412,0.32082129433083023,0.2689414096510108,0.3073580105206753,0.29421498454004374,0.22270012850745968,0.22270012850745968,0.18242552380635632,0.21206880684702423,0.2814056134556649,0.25683198569916993,0.16451645675203383,0.2689414213699951,0.26894141551050293,0.33458943461801643,0.19193278875832634
0.9919380072353963,0.9603611623171586,0.962673116404036,0.9553191317945072,0.924141813188682,0.9579122768904645,0.9553191262290831,0.9553191333846284,0.9399133475116979,0.943347580465648,0.9603611628844101,0.9770226275810572,0.9706877706795867,0.9603611611826557,0.9241418257242036,0.9579122701319096,0.9525741293468757,0.9648551544834707,0.9496693629510377,0.9648551544834707,0.9706877665987492
0.9976768370893626,0.9465966709534506,0.9579122723847614,0.9465966671870766,0.9579122693809591,0.9740426457691455,0.9553191332256162,0.9626731118526922,0.9553191324305557,0.9579122710330503,0.9669140248290711,0.9755769099015122,0.9688561692404085,0.9579122758391339,0.9603611641607258,0.9688561680039369,0.9648551511990615,0.9706877690366521,0.970687766704745,0.9553191251159983,0.9740426430376747
0.960361159764527,0.42250463481418826,0.3629692055196168,0.4378234991142019,0.42250463481418826,0.4687906266262437,0.3208213138121609,0.3923368301671084,0.3345894545235253,0.34864513533394575,0.42250463481418826,0.4378234991142019,0.3923368230619772,0.37754066879814546,0.3775406687981454,0.45326184801538616,0.3486451285660856,0.39233683016710835,0.40733340004593027,0.4843800842769844,0.320821300824607
0.9867771807509813,0.9496693625949186,0.9284087931273041,0.9284088025362858,0.8933093996634686,0.936285003525698,0.9399133502467732,0.9648551572625859,0.9603611645861643,0.9603611591972755,0.968856169802441,0.9669140189894048,0.9553191316354952,0.9669140181551665,0.9626731091754309,0.9626731118526922,0.9688561676667173,0.9783846684978779,0.9496693659780477,0.9706877714215569,0.9648551554940581
0.9902915255510706,0.9908743622065945,0.9850429141889768,0.9808759620960887,0.9840936114662641,0.9896718479376306,0.9896718478614747,0.9859363709680645,0.9867771803256656,0.9890130572378473,0.9890130567318489,0.9859363705548301,0.9896718455291977,0.9770226309262802,0.984093607471798,0.9770226280828406,0.9859363709422373,0.9859363746096916,0.9875683486437206,0.9850429157669517,0.9908743626108195
0.9896718457195878,0.9626731122542814,0.9465966758497363,0.9362850035256981,0.9149009631141181,0.9324533079218341,0.9196425372343817,0.9324533079218341,0.9196425300765949,0.9324533097989076,0.9046505280315008,0.8438951084436077,0.8596637451167997,0.8740772433654401,0.843895100591521,0.8933094081846421,0.8519528057272543,0.8354835371034368,0.8080672158638527,0.880797068590724,0.8267118004748677
0.9525741241296944,0.924141813188682,0.9241418184118162,0.9525741263175447,0.9046505395995929,0.8872046034098933,0.8807970732843033,0.9099070060380482,0.9149009613738741,0.8872046049010912,0.8991213772699435,0.8991213711878918,0.9099070139780661,0.8807970873650401,0.9241418184118162,0.9284088074883808,0.9196425267730008,0.9099070127565249,0.9099069999303416,0.8991213745668095,0.9099070035949657
0.9937100991903142,0.9579122759893238,0.9496693634852159,0.9241418168448761,0.9284088064979618,0.9399133481428692,0.9399133531922388,0.9433475804656482,0.9362850079703712,0.9553191290913013,0.9579122689303887,0.9553191298863619,0.9626731123881445,0.9399133500363828,0.9626731090415678,0.9553191340206768,0.9465966715184067,0.9362850119705768,0.9196425372343816,0.9241418189341296,0.9324533069832974
0.9919380078163235,0.9196425251212038,0.9046505415276079,0.87407724336544,0.9046505408849363,0.880797076413356,0.9149009567332237,0.9284087936225136,0.8807970811069351,0.9099070145888366,0.8872045899891118,0.9099070151996071,0.914900963114118,0.9149009584734676,0.8933094017937621,0.9496693670464044,0.90990700787036,0.9196425350319858,0.9241418199787564,0.8740772318846386,0.8872045981907007
0.9928785703685667,0.5312093733737563,0.5,0.546738151984614,0.42250463481418826,0.5467381519846138,0.5621765008857981,0.5312093733737562,0.5156199157230157,0.546738151984614,0.5774953651858118,0.5621765008857981,0.6224593312018545,0.5774953651858118,0.4843800842769844,0.5312093733737563,0.5621765008857981,0.5156199157230157,0.6076631698328916,0.546738151984614,0.5621765008857981
0.9970189668168807,0.16451646494473965,0.29421497835151617,0.21206881182686205,0.18242552602881168,0.14804719239327382,0.15610490333452268,0.09009299762657569,0.1561049013715009,0.17328819739040088,0.12592276483513232,0.12592275335433112,0.12592275663455993,0.09534946425643774,0.09534946875514017,0.10087862137848953,0.056652425108883415,0.0803574715752021,0.06754668691621381,0.090092998848117,0.09009300129119967
0.9883127426605067,0.7310585786300049,0.6513548646660543,0.6513548646660543,0.7549149758396752,0.7549149868676284,0.7431680143008301,0.7549149813536516,0.5621765008857981,0.6926419704455589,0.622459338205511,0.7772998714925403,0.7549149978955811,0.6926419831347361,0.6076631769380229,0.7185943805178138,0.7185943805178138,0.7549149758396752,0.6791787056691698,0.5156199157230157,0.6654105521116443
0.9706877700966099,0.6513548646660543,0.5467381519846138,0.6513548646660543,0.6370308013713525,0.651354857898194,0.679178699175393,0.743167997235783,0.6076631627277603,0.7057850340255386,0.718594386544335,0.7310585669110202,0.6513548714339145,0.6791787056691698,0.6513548714339145,0.6926419894793246,0.7431680143008301,0.6926419704455589,0.6654105653819836,0.6926419704455589,0.7185943805178139
0.9919380091196854,0.9284088060027523,0.9149009567332238,0.8807970779778824,0.9284088079835904,0.9284087985746093,0.8991213759183765,0.9149009468718409,0.9099070090919013,0.9149009468718409,0.9284087970889807,0.9099070121457543,0.9465966688819449,0.8933094032139576,0.8872045937171067,0.8991213806488609,0.9196425245706047,0.8872045840243196,0.8991213705121083,0.9196425262224018,0.8670357546485407
0.9603611644443515,0.7981867777396212,0.7981867849406659,0.8872045922259088,0.8175744850834648,0.8807970779778824,0.8354835330070839,0.8596637541053281,0.8175744761936437,0.8670357563664174,0.7310585844894971,0.8991213820004279,0.8438950986284991,0.7879311956428946,0.8267118004748677,0.8175744828610095,0.7772998611746912,0.7662936484231889,0.817574471748733,0.7772998611746912,0.7431680143008301
0.9937100970423349,0.5774953651858118,0.7185943985973772,0.5156199157230156,0.546738151984614,0.5,0.5621765008857981,0.5926665999540698,0.46879062662624377,0.5621765008857982,0.5621765008857981,0.4843800842769843,0.6224593312018545,0.5312093733737563,0.5774953651858118,0.4225046348141882,0.48438008427698437,0.5926665999540698,0.5312093733737563,0.4532618480153861,0.5774953651858118
0.9944450740898793,0.9669140189894048,0.9648551551150878,0.9706877663337597,0.9706877663337597,0.9433475770811112,0.9399133542441908,0.9362850128595115,0.9196425245706048,0.9046505376715775,0.9196425372343816,0.946596664362296,0.9433475776783825,0.9362850101927077,0.9496693641974535,0.9579122707326702,0.9525741278322103,0.9465966735899122,0.949669367758642,0.9433475740947549,0.9496693707856518
0.9706877669167365,0.932453306514029,0.9496693657999884,0.9284087936225136,0.9525741311981335,0.9496693682928201,0.9465966656805269,0.9433475699138558,0.9496693622387998,0.9496693729223646,0.9525741246345829,0.9525741256443601,0.9688561663178391,0.9465966734015935,0.9603611637352872,0.9553191313174709,0.9669140216112959,0.9648551524622959,0.952574130693245,0.9399133439350608,0.9324533013520765
0.9944450761246038,0.9820137902024052,0.9820137922750644,0.9850429155474073,0.9820137866163753,0.9867771801676913,0.9830850877244272,0.980875963703332,0.9755769121649179,0.980875964192493,0.9867771802162988,0.9896718462621992,0.9830850888704484,0.9859363698058428,0.9850429125835587,0.9883127434995835,0.9859363707743609,0.9896718471475123,0.987568348346438,0.9770226279155794,0.9783846671585695
0.9919380091643721,0.7431680143008301,0.8438951025545426,0.8519527944504227,0.8596637559030338,0.8872045817875224,0.8740772466456689,0.8175744695262777,0.8872045870067158,0.9324533041676869,0.8519527963298946,0.9046505402422645,0.9046505318875315,0.8740772400852111,0.909906999319571,0.8740772466456689,0.8596637541053281,0.8670357701094303,0.8933094167058151,0.9046505370289059,0.8670357683915538
0.9940889297591956,0.826711791935942,0.7662936377487305,0.8670357615200474,0.7662936430859597,0.679178699175393,0.7549149868676284,0.718594386544335,0.787931188173138,0.7057850216484837,0.7662936484231889,0.679178699175393,0.7185943865443349,0.6224593312018545,0.6370307944803831,0.679178699175393,0.6513548782017745,0.665410558746814,0.6370308082623217,0.6370307875894138,0.7310585727705126
0.9940889307661489,0.8519527944504227,0.7772998663336158,0.7662936484231889,0.766293653760418,0.7549149923816048,0.7057850340255386,0.5774953651858117,0.6654105521116443,0.7431680029241321,0.6224593312018546,0.7057850340255386,0.7431680199891789,0.679178699175393,0.6076631698328916,0.6370308082623217,0.6224593312018545,0.6370307944803832,0.6654105653819836,0.6370307944803832,0.6370307875894139
0.9924227574505197,0.7185944046238982,0.665410558746814,0.6513548646660543,0.6791787056691697,0.5926665999540698,0.6076631698328916,0.6076631698328916,0.4225046348141882,0.4532618480153861,0.5,0.48438008427698437,0.5774953651858118,0.6224593241981982,0.6224593312018546,0.5312093733737563,0.5774953651858118,0.5156199157230156,0.5312093733737563,0.5312093733737563,0.6370307944803832
0.9959298631505082,0.975576912164918,0.983085088839475,0.985042915067154,0.9867771769109883,0.9875683463111955,0.9783846695220548,0.9840936094836095,0.9724147183228163,0.9796676476219914,0.9783846659374352,0.9875683493526252,0.9724147207710628,0.9808759633539313,0.9840936108539737,0.9796676446538368,0.9783846666858724,0.9830850828925526,0.9820137893799213,0.9840936115828909,0.9875683499700583
0.9796676455813851,0.9875683477518729,0.9896718492703601,0.9830850898306285,0.9859363732795938,0.9840936088421625,0.9914225137230205,0.98308508862266,0.9896718476996432,0.9820137875704567,0.9850429152318123,0.9883127438760924,0.9808759624804295,0.9896718456529513,0.9937100988788863,0.9840936104457801,0.9850429148887744,0.9840936116120476,0.9875683502444729,0.9867771799368057,0.9850429149299389
0.9937100992048667,0.880797085800514,0.893309401793762,0.9196425256718027,0.8933093996634686,0.9241418267688302,0.9149009526726545,0.8596637559030338,0.8807970670261976,0.8438951084436077,0.8519528038477824,0.8519528019683105,0.8933094167058151,0.8872045929715078,0.8670357632379241,0.8933094145755218,0.9046505344582187,0.924141813188682,0.8872045944627057,0.919642532278991,0.8740772384450967
0.9796676448764484,0.6926419831347361,0.6370308013713525,0.7879311981328135,0.6076631698328916,0.6224593382055109,0.5621765008857982,0.6654105720171531,0.6224593312018546,0.6513548646660543,0.651354857898194,0.6654105521116443,0.5926665999540698,0.6370308013713525,0.546738151984614,0.6224593312018546,0.6513548511303336,0.6791787056691698,0.7185943865443349,0.48438008427698437,0.6370308082623217
0.9956684973046552,0.978384664992041,0.9890130560538113,0.9896718486325539,0.985936374415988,0.9890130598690379,0.9875683506446609,0.9896718475282923,0.9808759640177926,0.9908743631497862,0.9890130576426459,0.9933071496453317,0.9875683513649993,0.9883127434135244,0.9830850863615909,0.9902915218530927,0.9896718469952005,0.9867771754284591,0.9867771812127525,0.9890130571164076,0.9859363714975209
0.9973683259511698,0.9706877716335485,0.9669140182743434,0.9626731086399786,0.972414717073711,0.9770226306753883,0.9706877700966098,0.9796676479930109,0.9808759640177928,0.9724147145755,0.9840936078799917,0.9770226302572356,0.9603611590554627,0.9579122713334306,0.964855156378322,0.9755769082150529,0.975576910922264,0.9706877715275528,0.9669140230414182,0.9553191265471074,0.9770226318044011
0.9890130580676844,0.7772998611746911,0.6370307806984444,0.8080672158638527,0.8080672112416737,0.8175744806385542,0.7057850216484837,0.7772998611746912,0.7662936430859598,0.7772998611746911,0.7057850402140659,0.7310585669110202,0.8080672112416737,0.7879311956428946,0.8596637505099168,0.7057850278370112,0.7057850216484838,0.7662936377487305,0.7662936484231889,0.808067204308405,0.7772998714925403
0.9961755169940397,0.8872046056466901,0.9099070139780661,0.8596637487122111,0.9196425383355796,0.8596637433190939,0.8670357512127872,0.8670357494949105,0.8872045966995027,0.8933094138654242,0.8740772286044095,0.8438951084436077,0.8080672135527631,0.8872045832787205,0.8519528000888386,0.8872045996818986,0.8670357701094303,0.843895106480586,0.8438951025545426,0.8354835350552604,0.7879311931529758
0.9808759633888713,0.9688561698024412,0.9770226285846241,0.9740426424254486,0.9783846695220549,0.955319130045374,0.9688561720505711,0.9783846667252638,0.9648551519570021,0.9433475685202228,0.9525741271590256,0.9579122734360922,0.9740426452040136,0.9648551518306787,0.9669140245907174,0.9553191270241438,0.9433475717056699,0.9740426400707323,0.9648551551150878,0.982013793558139,0.9648551572625859
0.9961755171918523,0.994779875293035,0.9902915221485727,0.9919380100059715,0.9896718496225814,0.9933071492243107,0.9902915218978624,0.9919380091867155,0.99142251306567,0.9914225164791405,0.9908743609433912,0.9908743632003142,0.9924227588336882,0.9940889321835445,0.9937100984131998,0.9947798752422544,0.9961755168175166,0.9961755172557198,0.9883127424023291,0.9928785711818287,0.9896718452055349
0.9890130568026888,0.9859363740931487,0.9890130577843254,0.9706877702026055,0.9706877690366521,0.9859363711359408,0.9796676482898263,0.9840936115245774,0.9830850828306056,0.9796676465460354,0.990291523661789,0.97966764624922,0.9770226311353565,0.9820137868795702,0.9867771757808635,0.9796676455442832,0.9830850846580454,0.9875683514679048,0.9924227601433211,0.9867771771783296,0.986777177834531
0.9890130585230827,0.48438008427698437,0.40733340004593027,0.5467381519846138,0.42250463481418826,0.546738151984614,0.4843800842769844,0.4073334000459302,0.3923368301671084,0.6076631698328916,0.48438008427698437,0.42250463481418826,0.4843800842769843,0.46879062662624377,0.4687906266262437,0.45326184801538616,0.3923368301671084,0.4843800842769844,0.4532618480153861,0.46879062662624377,0.5
0.9978172833452249,0.731058584489497,0.7981867849406659,0.8080672158638527,0.8438951005915208,0.9046505383142492,0.8933094131553264,0.8872045847699186,0.8354835391516133,0.8872045825331214,0.9149009515124917,0.9241418278134569,0.9284088084787998,0.9046505415276079,0.8807970842359877,0.8933094081846422,0.9149009578933863,0.9241418246795768,0.8438951045175643,0.9196425234694067,0.8872045847699186
0.9928785727095754,0.6926419767901475,0.6370307944803831,0.7431680029241322,0.6926419894793248,0.6370307875894138,0.6654105653819836,0.766293653760418,0.6370307944803831,0.6076631698328917,0.651354857898194,0.7310585727705127,0.5156199157230156,0.6791787056691697,0.5312093733737563,0.4687906266262437,0.5926665999540698,0.5467381519846138,0.6076631627277604,0.6224593312018546,0.5
0.9971990725802597,0.8596637487122111,0.8267117919359419,0.8438950966654774,0.7981867849406659,0.8080672112416737,0.8354835289107307,0.874077230244524,0.9099070066488189,0.8670357701094303,0.8872045996818986,0.7662936430859597,0.8807970732843033,0.8438951005915208,0.8740772253241802,0.8080672158638527,0.9149009567332237,0.8596637505099167,0.8807970732843033,0.8740772253241803,0.9196425240200057
0.988312741444921,0.5,0.5,0.48438008427698437,0.42250463481418826,0.2942149721629888,0.39233683016710835,0.3208213008246071,0.45326184801538616,0.32082130731838393,0.4378234991142019,0.3345894478883556,0.4532618480153861,0.3775406617944891,0.32082130731838393,0.36296921241058616,0.3923368301671084,0.36296920551961676,0.3345894346180164,0.32082130731838393,0.28140560742914383
0.9933071488435345,0.7310585786300049,0.6370307875894138,0.665410558746814,0.5774953651858117,0.5621765008857982,0.7185943805178139,0.665410558746814,0.6926419831347361,0.8175744806385543,0.7662936484231889,0.6224593312018546,0.7662936484231889,0.7057850340255386,0.7549149868676283,0.6654105653819835,0.6224593312018546,0.6926419894793246,0.6654105653819835,0.5926665999540698,0.679178686187839
0.9859363755394686,0.9603611606154042,0.9648551515780318,0.9648551544834707,0.9688561687907825,0.9688561673294979,0.9626731141283641,0.9579122723847614,0.9626731153331316,0.9603611603317785,0.9241418246795768,0.9553191294093256,0.9648551496831804,0.9755769096352293,0.9783846695614462,0.9740426404474868,0.9553191321125315,0.9579122720843811,0.9433475691174942,0.9579122707326702,0.9525741313664297
0.9919380089409386,0.7772998663336158,0.874077230244524,0.904650538956921,0.8872045914803098,0.8872045952083047,0.8740772253241802,0.8807970858005139,0.8740772253241803,0.8519527963298947,0.9046505395995929,0.8872045929715078,0.9196425372343816,0.9046505351008904,0.9099069999303417,0.8872046034098934,0.8933093989533708,0.8740772236840657,0.8933094032139577,0.8933094003735664,0.8519527963298946
0.9959298616498731,0.3775406758018019,0.2689414272294874,0.2689414272294874,0.19193279338050542,0.24508501313237174,0.1732882059293266,0.16451646699291614,0.16451646904109268,0.14033625488320037,0.13296423504419935,0.14804719803168948,0.17328821233352107,0.11279540702849221,0.0850990490675896,0.07585818158818373,0.1127954070284922,0.12592275663455996,0.11920291576401233,0.11920291732853862,0.12592275335433115
0.9850429146829515,0.37754066879814546,0.4532618480153861,0.34864514210180597,0.25683199138751883,0.3345894478883556,0.3629692055196168,0.3629691917376783,0.281405613455665,0.39233683016710835,0.23370636758849894,0.34864513533394575,0.30735800417608683,0.29421496597446145,0.45326184801538616,0.4687906266262437,0.4225046348141882,0.48438008427698437,0.4073334000459302,0.37754066879814546,0.3629691986286475
0.990291523061875,0.9284087931273041,0.9149009457116781,0.9284088069931713,0.8807970748488296,0.9046505261034854,0.9196425311777929,0.9433475699138558,0.9149009480320036,0.8807970670261976,0.9046505280315008,0.9149009486120849,0.8670357477770336,0.9149009538328171,0.936285002192296,0.9046505280315008,0.9149009491921664,0.8991213860551287,0.8872045952083047,0.949669363129097,0.9149009480320036
0.997527376363268,0.9830850863615909,0.9867771799125019,0.9867771761818757,0.9820137900050091,0.9840936111163838,0.9875683499243224,0.9890130593630397,0.9914225146971664,0.9914225128122335,0.9867771779682016,0.9859363698833242,0.9896718478233967,0.9883127447151691,0.986777177542886,0.9924227595515351,0.9883127405735719,0.9924227603814361,0.9937100980464716,0.9890130582296038,0.9902915223903291
0.9755769094133268,0.989671846681057,0.9919380069896194,0.9875683467113836,0.989671847061837,0.9896718464049917,0.9956684971841586,0.990874362147645,0.9890130551430143,0.980875964751534,0.9896718483945665,0.9902915212442245,0.9796676471396665,0.9859363697800156,0.9928785723737344,0.9924227600487753,0.9940889298057124,0.9902915255510705,0.988312743241406,0.9924227573874893,0.9914225149981221
0.9284087941177233,0.30735802320985245,0.23370636758849891,0.23370636225126956,0.28140560742914383,0.30735802320985245,0.2568319970758679,0.26894141551050293,0.24508502416032485,0.21206880684702423,0.2689414272294874,0.23370634623958195,0.19193279338050545,0.20181322946142377,0.23370636758849891,0.2942149783515162,0.22270013366638422,0.19193278875832634,0.22270014398423357,0.2942149659744614,0.25683199138751883
0.9975273768267112,0.8267117919359419,0.8670357563664174,0.8519528057272543,0.8267117962054049,0.8740772384450968,0.8807970701552504,0.8670357494949105,0.8596637523076225,0.8670357546485408,0.8519527963298947,0.8438951045175643,0.7879312056025699,0.8080672158638527,0.826711791935942,0.8872046049010912,0.7981867801399695,0.8354835432479661,0.8080672089305841,0.8438950966654774,0.8175744761936437
0.9959298614592264,0.6224593312018546,0.6076631769380227,0.5774953651858118,0.7057850278370111,0.6224593312018545,0.7879312031126512,0.5926665999540697,0.6654105454764747,0.5621765008857981,0.6370307806984444,0.6513548714339145,0.6513548714339144,0.6654105653819835,0.7431679972357831,0.6654105521116443,0.7310585669110202,0.6224593312018545,0.5467381519846138,0.6370307944803831,0.651354857898194
0.9928785698450501,0.7662936377487304,0.6926419767901475,0.7057850340255386,0.6513548714339144,0.5774953651858118,0.6513548646660542,0.4687906266262437,0.46879062662624377,0.5774953651858118,0.5621765008857981,0.5156199157230157,0.46879062662624377,0.40733340004593027,0.45326184801538616,0.5467381519846138,0.45326184801538616,0.5156199157230157,0.4378234991142019,0.5156199157230156,0.39233682306197715
0.9970189677324055,0.6791786861878392,0.5774953651858118,0.6926419958239132,0.6513548511303338,0.7057850402140659,0.6513548782017745,0.7057850216484838,0.7310585727705126,0.6513548782017745,0.6926419831347362,0.5926665999540698,0.6513548714339144,0.6370307875894138,0.7185944046238981,0.5926665999540698,0.6654105653819835,0.7981867729389246,0.6076631698328916,0.7185943805178139,0.665410558746814
0.9740426434615237,0.7879311856832191,0.8267117983401363,0.8354835371034368,0.8354835391516133,0.874077222043951,0.8670357494949105,0.8740772335247532,0.7981867777396211,0.8933094025038598,0.9099070035949656,0.8596637451167997,0.9046505306021881,0.8872045966995028,0.8596637577007393,0.8872046004274975,0.9196425234694067,0.8670357460591569,0.8596637487122111,0.8354835309589073,0.8175744717487329
0.9099070023734243,0.9850429102920641,0.9840936100958999,0.9859363729051002,0.9840936059556499,0.987568351422169,0.9840936109997571,0.9908743610191835,0.9924227582699158,0.9890130556388926,0.9924227570233133,0.9867771764978244,0.9902915249332487,0.9867771789282,0.9924227584450004,0.9914225155129146,0.9924227583644616,0.9919380098644636,0.9914225163207427,0.9924227590542949,0.9859363757589992
0.9890130586344025,0.982013788886431,0.977022631511694,0.9820137933936423,0.9796676465460354,0.9808759615719875,0.9850429114995582,0.9808759652756351,0.9830850829235263,0.9783846690493578,0.9755769104784588,0.9859363728405325,0.9770226275392419,0.9875683485865508,0.9840936076467381,0.9859363754232464,0.9850429138322172,0.9840936069761342,0.9783846663313496,0.9840936062180602,0.9740426430376747
0.9724147174234605,0.743168019989179,0.5774953651858117,0.6791786926816161,0.7057850216484838,0.7310585727705127,0.78793120560257,0.7981867777396211,0.7310585727705127,0.7185943985973772,0.6926419894793246,0.7772998611746912,0.817574478416099,0.8080672066194946,0.7431680029241321,0.8519528057272543,0.826711791935942,0.8596637505099168,0.731058584489497,0.7431680029241321,0.7549149813536516
0.9966233869428626,0.9433475738956645,0.9496693693611766,0.9099070048165069,0.9099070060380482,0.8740772335247531,0.9496693643755131,0.9046505318875316,0.9399133531922388,0.9241418252018901,0.9196425333801889,0.9196425240200058,0.9241418210233833,0.8933093961129794,0.8596637487122111,0.9465966645506146,0.9433475707102177,0.8991213745668094,0.8872045989362995,0.8872045862611166,0.9196425311777929
0.9933071478993328,0.9496693638413347,0.928408801050657,0.9579122689303887,0.9579122767402743,0.9525741251394715,0.9688561669922782,0.968856170701693,0.9324533126145178,0.9525741311981335,0.962673109309294,0.9433475794701961,0.9525741239613982,0.964855151325385,0.9579122687801986,0.9496693663341665,0.9553191292503135,0.9496693725662458,0.9603611601899656,0.9706877711035697,0.9706877697786225
0.9433475772802016,0.546738151984614,0.6513548511303338,0.7057850402140659,0.5467381519846138,0.6926419767901475,0.5774953651858118,0.5621765008857981,0.665410558746814,0.5156199157230157,0.679178699175393,0.6076631698328916,0.5774953651858117,0.5156199157230156,0.5312093733737563,0.5,0.5926665999540698,0.5774953651858117,0.5,0.6791787121629465,0.6224593312018546
0.9914225140556556,0.679178699175393,0.7772998663336158,0.8175744739711883,0.7185943985973772,0.7431680029241322,0.7185943925708562,0.8438951045175643,0.8354835432479661,0.8267117876664789,0.7772998611746911,0.766293653760418,0.7772998560157665,0.8175744761936437,0.8080672066194945,0.8438951084436077,0.8807970779778824,0.8080672066194946,0.8596637523076225,0.787931185683219,0.7981867681382279
0.9902915244049662,0.6791786926816161,0.8596637487122111,0.8807970811069351,0.8991213813246445,0.8670357666736773,0.8354835391516132,0.8267117983401363,0.8933094124452287,0.8872045855155176,0.8807970732843033,0.8807970764133561,0.8670357546485407,0.8080672112416737,0.8354835350552604,0.8438950986284991,0.8807970748488297,0.9196425234694067,0.8596637541053281,0.7772998611746912,0.8267117876664789
0.9890130563877702,0.7185943925708562,0.7662936430859597,0.7310585669110203,0.7431680086124811,0.6926419958239132,0.7549149813536518,0.6224593312018546,0.7310585786300049,0.546738151984614,0.6513548782017745,0.7772998611746912,0.6076631698328916,0.6224593312018546,0.6370307806984444,0.7057850340255386,0.6926419831347361,0.6791787056691698,0.5774953651858118,0.6926419958239132,0.7662936430859597
0.9944450761271761,0.966914023160595,0.9648551546097942,0.9706877685596712,0.98593637019325,0.9770226297554522,0.9883127443386602,0.9770226282082864,0.98308508862266,0.9820137927027559,0.979667647844603,0.9850429123365713,0.9740426446388817,0.9850429129677613,0.9859363712909037,0.983085083357156,0.9875683494898325,0.9890130569140084,0.9902915242437952,0.9867771804107288,0.9914225144278902
