0,1,2,3,4,5,6,7,8,9,10,11,12,13,14,15,16,17,18,19,20
0.9999999999997455,0.9933071487351834,0.999290329695098,0.9947798743644766,0.9968273169307178,0.997527377056997,0.9947798743644766,0.9770226275810572,0.9706877672877217,0.9947798743644766,0.9968273169307178,0.9984988180062319,0.9947798743644766,0.9820137881297458,0.9770226275810572,0.8807970826714614,0.9525741264858409,0.9626731105140616,0.9706877672877217,0.8519528000888387,0.9046505376715775
0.9999999999972653,0.9999810748540133,0.9999785550413585,0.999948557786326,0.9999038976078543,0.9998415637640005,0.9997388096898188,0.9998415637640005,0.9998415637640005,0.9997388096898188,0.9998415637640005,0.9994472214475559,0.9998766053808288,0.9995694429072771,0.99966464996832,0.99966464996832,0.9994472214475559,0.99966464996832,0.999290329695098,0.9997388096898188,0.999290329695098
0.999999999989184,0.9968273169307178,0.9914225147446858,0.9820137881297458,0.9859363735766059,0.9859363735766059,0.9525741264858409,0.9399133496156019,0.9046505376715775,0.9890130584218833,0.9820137881297458,0.9770226275810572,0.9706877672877217,0.9706877672877217,0.9706877672877217,0.9241418267688302,0.8807970826714614,0.9241418267688302,0.8807970826714614,0.8807970826714614,0.9626731105140616
0.9999999999985363,0.9997040427936351,0.9994472214475559,0.9990889486412498,0.999290329695098,0.9959298622161507,0.9988304896995872,0.999290329695098,0.9982992778231794,0.9988304896995872,0.9980732657060567,0.9988304896995872,0.9980732657060567,0.9990889486412498,0.99966464996832,0.9990889486412498,0.997527377056997,0.9984988180062319,0.9990889486412498,0.997527377056997,0.9947798743644766
0.9999999999983413,0.9968273169307178,0.9933071487351834,0.9626731105140616,0.9399133496156019,0.8175744850834648,0.8807970826714614,0.7772998611746911,0.7310585786300049,0.7310585786300049,0.6224593312018546,0.7310585786300049,0.7310585786300049,0.6791786926816161,0.5,0.37754066879814546,0.3208213073183839,0.3208213073183839,0.3208213073183839,0.5,0.37754066879814546
0.9999999999993086,0.09534946232842245,0.11920291732853862,0.11920291732853862,0.03732688948593844,0.0031726830692822717,0.0031726830692822717,0.004070137783849419,0.005220125635523486,0.047425873514159125,0.010986941578116867,0.004070137783849419,0.00015843623599953396,0.0003353500316799018,0.0005527785524441057,0.0015011819937681247,0.002472622943003016,0.002472622943003016,0.0002611903101813263,0.0002611903101813263,0.00020342704657999323
0.9999999999964886,0.9999832985701905,0.9999898700126424,0.9999921107355332,0.9999724643121783,0.9999724643121783,0.9999546021475793,0.9999785550413585,0.9999646437450657,0.9999785550413585,0.9999785550413585,0.9999646437450657,0.9999785550413585,0.9999869928761862,0.9999869928761862,0.9999938558224682,0.9999898700126424,0.9999898700126424,0.9999785550413585,0.9999724643121783,0.9999724643121783
0.9999999999992164,0.999948557786326,0.999975699747677,0.9999646437450657,0.9999151889585819,0.9998415637640005,0.9999417087274893,0.9998766053808288,0.9998766053808288,0.9998601779757171,0.9998415637640005,0.9997965729534201,0.9997388096898188,0.9998766053808288,0.9998766053808288,0.9998766053808288,0.99966464996832,0.9997965729534201,0.9998415637640005,0.9998766053808288,0.99966464996832
0.9999999999994615,0.9999996533672549,0.9999982396569965,0.9999898700126424,0.9999921107355332,0.99999627336116,0.9999970976880148,0.99999627336116,0.99999627336116,0.9999977396748937,0.9999952149055052,0.9999977396748937,0.9999977396748937,0.9999982396569965,0.9999986290421394,0.9999970976880148,0.9999982396569965,0.9999986290421394,0.9999982396569965,0.9999991684720715,0.9999993524054335
0.9999999999934397,0.9998415637640005,0.9998415637640005,0.9997965729534201,0.9997965729534201,0.9999251537370122,0.9998766053808288,0.9998766053808288,0.9998415637640005,0.9998415637640005,0.9997388096898188,0.9998766053808288,0.9999417087274893,0.9999038976078543,0.9998415637640005,0.9998415637640005,0.9997965729534201,0.99966464996832,0.999290329695098,0.9994472214475559,0.99966464996832
0.9999999999975866,0.37754066879814546,0.1824255149165352,0.14804719991116141,0.14804719991116141,0.09534946232842245,0.09534946232842245,0.07585817323116975,0.047425873514159125,0.047425873514159125,0.02297737241894287,0.01798621187025419,0.02297737241894287,0.03732688948593844,0.06008665038439803,0.02297737241894287,0.01798621187025419,0.047425873514159125,0.01798621187025419,0.09534946232842245,0.03732688948593844
0.9999999999771028,0.9999938558224682,0.9999982396569965,0.9999994956523514,0.9999990577554061,0.9999991684720715,0.9999970976880148,0.99999627336116,0.9999989322970027,0.9999994284997574,0.9999991684720715,0.9999970976880148,0.9999952149055052,0.9999938558224682,0.99999627336116,0.9999938558224682,0.99999627336116,0.9999898700126424,0.9999977396748937,0.9999938558224682,0.9999938558224682
0.9999999999999174,0.999999872480942,0.9999999530883621,0.9999999715466527,0.9999999317439628,0.9999998874648245,0.9999996940976636,0.999999814460854,0.999999855501979,0.9999996072136592,0.9999996072136592,0.9999989322970027,0.9999982396569965,0.9999977396748937,0.9999977396748937,0.9999993524054335,0.9999970976880148,0.99999627336116,0.9999869928761862,0.9999970976880148,0.9999869928761862
0.9999999999975866,0.9999994956523514,0.9999952149055052,0.9999982396569965,0.9999970976880148,0.9999982396569965,0.99999627336116,0.9999986290421394,0.9999986290421394,0.9999977396748937,0.9999982396569965,0.9999970976880148,0.9999982396569965,0.9999991684720715,0.9999986290421394,0.9999986290421394,0.9999989322970027,0.9999977396748937,0.9999982396569965,0.9999977396748937,0.99999627336116
0.999999999990455,0.8519528000888387,0.9241418267688302,0.9626731105140616,0.9626731105140616,0.9626731105140616,0.9241418267688302,0.9525741264858409,0.9399133496156019,0.9525741264858409,0.9241418267688302,0.8519528000888387,0.8175744850834648,0.8807970826714614,0.9241418267688302,0.9046505376715775,0.6791786926816161,0.8175744850834648,0.8807970826714614,0.9626731105140616,0.9706877672877217
0.9999999998973812,0.9997965729534201,0.9995694429072771,0.99966464996832,0.99966464996832,0.9996200154674056,0.9995694429072771,0.9995121428190179,0.9997965729534201,0.9998415637640005,0.9997040427936351,0.9998204719907497,0.9998204719907497,0.9997965729534201,0.9999038976078543,0.9998766053808288,0.9998415637640005,0.9997388096898188,0.9994472214475559,0.9997388096898188,0.9994472214475559
0.9999999999842628,0.9998415637640005,0.9998415637640005,0.9997965729534201,0.99966464996832,0.9990889486412498,0.9988304896995872,0.9994472214475559,0.9980732657060567,0.9984988180062319,0.9984988180062319,0.997527377056997,0.9988304896995872,0.9988304896995872,0.999290329695098,0.9988304896995872,0.997527377056997,0.997527377056997,0.9947798743644766,0.9959298622161507,0.9890130584218833
0.9999999804443193,0.9980732657060567,0.9990889486412498,0.9994472214475559,0.9997388096898188,0.9997388096898188,0.9995694429072771,0.9990889486412498,0.999290329695098,0.9997388096898188,0.9995694429072771,0.9997965729534201,0.9995694429072771,0.9995694429072771,0.9994472214475559,0.999290329695098,0.9988304896995872,0.9988304896995872,0.9980732657060567,0.9988304896995872,0.997527377056997
0.99999999999886,0.9999898700126424,0.9999938558224682,0.9999832985701905,0.9999785550413585,0.9999687980960601,0.9999898700126424,0.9999938558224682,0.9999869928761862,0.999985261010999,0.9999724643121783,0.9999898700126424,0.9999921107355332,0.9999952149055052,0.9999952149055052,0.9999938558224682,0.9999938558224682,0.9999921107355332,0.9999938558224682,0.99999627336116,0.9999952149055052
0.9999999999997755,0.9999921107355332,0.9999724643121783,0.9999038976078543,0.9997388096898188,0.9998415637640005,0.9999251537370122,0.9997965729534201,0.9997965729534201,0.9997388096898188,0.9995694429072771,0.99966464996832,0.9990889486412498,0.9994472214475559,0.9995694429072771,0.9984988180062319,0.9988304896995872,0.9990889486412498,0.9995694429072771,0.9997388096898188,0.9980732657060567
0.9999999999842628,0.9968273169307178,0.9399133496156019,0.9399133496156019,0.8807970826714614,0.8175744850834648,0.8519528000888387,0.8519528000888387,0.8175744850834648,0.8807970826714614,0.7772998611746911,0.8175744850834648,0.9046505376715775,0.9399133496156019,0.9046505376715775,0.9046505376715775,0.8175744850834648,0.7772998611746911,0.7310585786300049,0.8519528000888387,0.7772998611746911
0.9999999999969011,0.6791786926816161,0.1824255149165352,0.0293122327122782,0.01798621187025419,0.00857748525531428,0.005220125635523486,0.004070137783849419,0.0031726830692822717,0.004070137783849419,0.004070137783849419,0.002472622943003016,0.002472622943003016,0.002472622943003016,0.0009110513587503459,0.0005527785524441057,0.0005527785524441057,0.0007096703049020563,0.0009110513587503459,0.0007096703049020563,0.0009110513587503459
0.9999999999981204,0.06008665038439803,0.00857748525531428,0.010986941578116867,0.010986941578116867,0.006692851264816553,0.0031726830692822717,0.002472622943003016,0.0031726830692822717,0.010986941578116867,0.004070137783849419,0.002472622943003016,0.002472622943003016,0.001926734293943221,0.0011695103004128338,0.0005527785524441057,0.0007096703049020563,0.0005527785524441057,0.0002611903101813263,0.0003353500316799018,0.0002611903101813263
0.99999999999886,0.9999810748540133,0.9999832985701905,0.9999957771650452,0.99999627336116,0.9999938558224682,0.9999938558224682,0.9999938558224682,0.9999930377420901,0.9999974387187054,0.9999957771650452,0.9999977396748937,0.9999952149055052,0.99999627336116,0.9999952149055052,0.9999970976880148,0.9999945777829692,0.9999898700126424,0.9999832985701905,0.9999952149055052,0.9999938558224682
0.9999999956365377,0.9241418267688302,0.9820137881297458,0.9525741264858409,0.9241418267688302,0.9046505376715775,0.8519528000888387,0.9046505376715775,0.8807970826714614,0.9046505376715775,0.8807970826714614,0.8175744850834648,0.6224593312018546,0.4378234991142018,0.6224593312018546,0.2689414213699951,0.09534946232842245,0.14804719991116141,0.37754066879814546,0.37754066879814546,0.14804719991116141
0.9999999994788586,0.9999599363078028,0.9999687980960601,0.9999151889585819,0.9999646437450657,0.9999599363078028,0.9998766053808288,0.9998766053808288,0.9998911030646597,0.9999687980960601,0.999975699747677,0.9999687980960601,0.9999038976078543,0.9999151889585819,0.9997694933390749,0.999290329695098,0.9998601779757171,0.9999038976078543,0.99966464996832,0.9997965729534201,0.9997965729534201
0.9999999999992164,0.9999999895325983,0.9999999804443193,0.9999999317439628,0.9999997300421583,0.9999997897566089,0.999999855501979,0.9999999123575151,0.999999814460854,0.9999999317439628,0.9999999123575151,0.9999997617630333,0.9999996940976636,0.999999814460854,0.999999872480942,0.9999996072136592,0.9999998874648245,0.9999997617630333,0.9999996940976636,0.9999996072136592,0.9999991684720715
0.999999999987744,0.9968273169307178,0.9968273169307178,0.9968273169307178,0.9959298622161507,0.9959298622161507,0.9968273169307178,0.9980732657060567,0.997527377056997,0.9980732657060567,0.997527377056997,0.9980732657060567,0.9959298622161507,0.9959298622161507,0.997527377056997,0.9980732657060567,0.9968273169307178,0.9933071487351834,0.9959298622161507,0.997527377056997,0.9947798743644766
0.9999999999993898,0.06008665038439803,0.37754066879814546,0.1824255149165352,0.07585817323116975,0.06008665038439803,0.02297737241894287,0.02297737241894287,0.047425873514159125,0.047425873514159125,0.014063626423394072,0.03732688948593844,0.014063626423394072,0.00857748525531428,0.014063626423394072,0.014063626423394072,0.014063626423394072,0.03732688948593844,0.010986941578116867,0.006692851264816553,0.014063626423394072
0.9999999999994615,0.9706877672877217,0.9706877672877217,0.9820137881297458,0.9859363735766059,0.9914225147446858,0.9706877672877217,0.9046505376715775,0.9968273169307178,0.9933071487351834,0.9959298622161507,0.9947798743644766,0.9933071487351834,0.9706877672877217,0.9890130584218833,0.9820137881297458,0.9626731105140616,0.9046505376715775,0.9399133496156019,0.9706877672877217,0.9706877672877217
0.99999999999886,0.997527377056997,0.9984988180062319,0.9980732657060567,0.9959298622161507,0.9820137881297458,0.9947798743644766,0.9859363735766059,0.9859363735766059,0.9947798743644766,0.9933071487351834,0.9890130584218833,0.9890130584218833,0.9859363735766059,0.9859363735766059,0.9626731105140616,0.9626731105140616,0.9626731105140616,0.9525741264858409,0.9706877672877217,0.9525741264858409
0.9999999999998799,0.9999991684720715,0.9999970976880148,0.9999869928761862,0.9999546021475793,0.9999785550413585,0.9999785550413585,0.9999038976078543,0.9999251537370122,0.9999546021475793,0.9999546021475793,0.9999038976078543,0.9998766053808288,0.9998766053808288,0.9997388096898188,0.999290329695098,0.9988304896995872,0.9988304896995872,0.9959298622161507,0.9984988180062319,0.9959298622161507
0.9999999999987081,0.9959298622161507,0.9933071487351834,0.9820137881297458,0.9626731105140616,0.9525741264858409,0.9399133496156019,0.9770226275810572,0.9525741264858409,0.9859363735766059,0.9399133496156019,0.9626731105140616,0.9046505376715775,0.8519528000888387,0.8807970826714614,0.8175744850834648,0.6791786926816161,0.7310585786300049,0.7772998611746911,0.7772998611746911,0.37754066879814546
0.999999999989184,0.9525741264858409,0.9525741264858409,0.9399133496156019,0.9399133496156019,0.9241418267688302,0.9626731105140616,0.9820137881297458,0.9859363735766059,0.9914225147446858,0.9626731105140616,0.9525741264858409,0.8807970826714614,0.9770226275810572,0.9706877672877217,0.9241418267688302,0.9525741264858409,0.9046505376715775,0.8519528000888387,0.9399133496156019,0.9241418267688302
0.9999999999964886,0.9890130584218833,0.9399133496156019,0.9706877672877217,0.9859363735766059,0.9820137881297458,0.9947798743644766,0.9933071487351834,0.9914225147446858,0.9947798743644766,0.9820137881297458,0.9914225147446858,0.9859363735766059,0.9914225147446858,0.9820137881297458,0.9770226275810572,0.9706877672877217,0.9626731105140616,0.9626731105140616,0.9770226275810572,0.9770226275810572
0.9999999999985363,0.4378234991142018,0.5621765008857981,0.6224593312018546,0.8175744850834648,0.5,0.4378234991142018,0.5,0.1824255149165352,0.2689414213699951,0.4378234991142018,0.2689414213699951,0.5,0.4378234991142018,0.3208213073183839,0.3208213073183839,0.3208213073183839,0.6791786926816161,0.6791786926816161,0.5621765008857981,0.2689414213699951
0.9999999999925664,0.9820137881297458,0.8807970826714614,0.6791786926816161,0.9525741264858409,0.9626731105140616,0.7310585786300049,0.9241418267688302,0.8175744850834648,0.7772998611746911,0.8175744850834648,0.8519528000888387,0.8519528000888387,0.7772998611746911,0.8807970826714614,0.7310585786300049,0.7772998611746911,0.6224593312018546,0.7310585786300049,0.8807970826714614,0.8519528000888387
0.9999999999999432,0.9947798743644766,0.9820137881297458,0.9820137881297458,0.9820137881297458,0.9525741264858409,0.8807970826714614,0.8519528000888387,0.8175744850834648,0.8807970826714614,0.8519528000888387,0.8175744850834648,0.8807970826714614,0.8175744850834648,0.7772998611746911,0.5621765008857981,0.37754066879814546,0.5621765008857981,0.37754066879814546,0.37754066879814546,0.2689414213699951
0.9999999999972653,0.9525741264858409,0.9241418267688302,0.8175744850834648,0.8519528000888387,0.8807970826714614,0.9241418267688302,0.8175744850834648,0.6224593312018546,0.6791786926816161,0.5,0.7310585786300049,0.7310585786300049,0.5621765008857981,0.6224593312018546,0.5,0.37754066879814546,0.5,0.4378234991142018,0.5621765008857981,0.4378234991142018
0.999999999994891,0.9959298622161507,0.9984988180062319,0.9959298622161507,0.9933071487351834,0.9947798743644766,0.9959298622161507,0.9890130584218833,0.9890130584218833,0.9914225147446858,0.9933071487351834,0.9859363735766059,0.7772998611746911,0.9890130584218833,0.9859363735766059,0.9626731105140616,0.9706877672877217,0.7310585786300049,0.9399133496156019,0.9770226275810572,0.9770226275810572
0.9999999997538302,0.997527377056997,0.999290329695098,0.9999646437450657,0.9997965729534201,0.9999251537370122,0.9999646437450657,0.9999546021475793,0.9999646437450657,0.9999038976078543,0.9999417087274893,0.9999251537370122,0.9999038976078543,0.9999251537370122,0.9997965729534201,0.9990889486412498,0.9995694429072771,0.9995694429072771,0.99966464996832,0.9990889486412498,0.9997388096898188
0.9999999999969011,0.9626731105140616,0.9399133496156019,0.9399133496156019,0.8175744850834648,0.8807970826714614,0.8519528000888387,0.8175744850834648,0.9046505376715775,0.9399133496156019,0.9525741264858409,0.9046505376715775,0.9626731105140616,0.9626731105140616,0.9399133496156019,0.9241418267688302,0.8807970826714614,0.8175744850834648,0.8807970826714614,0.8807970826714614,0.8175744850834648
0.9999999999377585,0.99966464996832,0.9994472214475559,0.99966464996832,0.999290329695098,0.99966464996832,0.9998415637640005,0.9997388096898188,0.9995694429072771,0.9998415637640005,0.9999417087274893,0.9998766053808288,0.9998415637640005,0.9999251537370122,0.9999038976078543,0.9997965729534201,0.9998415637640005,0.9997965729534201,0.9995694429072771,0.9994472214475559,0.9994472214475559
0.9999999999975866,0.99999627336116,0.9999417087274893,0.9999724643121783,0.9998766053808288,0.9999251537370122,0.9997965729534201,0.9999038976078543,0.9999546021475793,0.9999546021475793,0.9997965729534201,0.9999038976078543,0.9999646437450657,0.9999546021475793,0.9999038976078543,0.9999646437450657,0.9999646437450657,0.9999724643121783,0.9999251537370122,0.9999417087274893,0.9999251537370122
0.999999999994891,0.9999952149055052,0.9999785550413585,0.9999724643121783,0.9999869928761862,0.9999938558224682,0.9999977396748937,0.9999996072136592,0.9999997617630333,0.9999993524054335,0.9999991684720715,0.9999982396569965,0.9999970976880148,0.9999986290421394,0.9999982396569965,0.9999938558224682,0.9999938558224682,0.9999938558224682,0.99999627336116,0.9999977396748937,0.9999989322970027
0.9999999999771028,0.0005527785524441057,0.0011695103004128338,0.0007096703049020563,0.00020342704657999323,0.0005527785524441057,0.00015843623599953396,9.610239214580367e-05,9.610239214580367e-05,0.00012339461917113592,4.5397852420729034e-05,0.00012339461917113592,3.535625493426631e-05,0.00020342704657999323,7.484626298776402e-05,0.00015843623599953396,5.8291272510566984e-05,7.484626298776402e-05,3.535625493426631e-05,5.8291272510566984e-05,9.610239214580367e-05
0.9999999999821676,0.7310585786300049,0.9241418267688302,0.8175744850834648,0.8807970826714614,0.7310585786300049,0.7310585786300049,0.6224593312018546,0.6224593312018546,0.7310585786300049,0.3208213073183839,0.22270013882530884,0.11920291732853862,0.14804719991116141,0.22270013882530884,0.09534946232842245,0.1824255149165352,0.11920291732853862,0.14804719991116141,0.07585817323116975,0.047425873514159125
0.9999999999993898,0.9995694429072771,0.9997388096898188,0.9997965729534201,0.9998766053808288,0.99966464996832,0.9995694429072771,0.9984988180062319,0.9988304896995872,0.9990889486412498,0.9990889486412498,0.9980732657060567,0.9933071487351834,0.9770226275810572,0.9933071487351834,0.9914225147446858,0.9890130584218833,0.9933071487351834,0.9890130584218833,0.9890130584218833,0.9890130584218833
0.9999999999981204,0.9984988180062319,0.9990889486412498,0.9980732657060567,0.997527377056997,0.997527377056997,0.9914225147446858,0.9859363735766059,0.9933071487351834,0.9933071487351834,0.9933071487351834,0.9890130584218833,0.9914225147446858,0.9947798743644766,0.9959298622161507,0.9890130584218833,0.9890130584218833,0.9947798743644766,0.9914225147446858,0.997527377056997,0.9914225147446858
0.9999999966017321,0.0293122327122782,0.22270013882530884,0.22270013882530884,0.3208213073183839,0.7772998611746911,0.11920291732853862,0.14804719991116141,0.07585817323116975,0.06008665038439803,0.014063626423394072,0.00857748525531428,0.014063626423394072,0.004070137783849419,0.004070137783849419,0.0011695103004128338,0.0031726830692822717,0.004070137783849419,0.0007096703049020563,0.001926734293943221,0.0005527785524441057
0.9999999999994615,0.99966464996832,0.9999417087274893,0.9999785550413585,0.9999038976078543,0.9999251537370122,0.9999038976078543,0.99966464996832,0.9997388096898188,0.9997965729534201,0.9998415637640005,0.99966464996832,0.9997388096898188,0.9994472214475559,0.9995694429072771,0.9988304896995872,0.9995694429072771,0.9997965729534201,0.9995694429072771,0.99966464996832,0.9990889486412498
0.9999999999991123,0.9999994284997574,0.999999814460854,0.999999872480942,0.9999999586006244,0.9999999677581336,0.9999999827421723,0.9999999586006244,0.9999999006880549,0.9999999123575151,0.999999855501979,0.9999999317439628,0.9999999586006244,0.9999999715466527,0.9999999317439628,0.999999814460854,0.9999994956523514,0.9999996072136592,0.9999991684720715,0.9999986290421394,0.9999986290421394
0.9999999999978701,0.9984988180062319,0.9859363735766059,0.9770226275810572,0.9525741264858409,0.8175744850834648,0.9241418267688302,0.9525741264858409,0.9820137881297458,0.9525741264858409,0.9399133496156019,0.9399133496156019,0.8807970826714614,0.9525741264858409,0.9626731105140616,0.9241418267688302,0.9046505376715775,0.9046505376715775,0.9706877672877217,0.9820137881297458,0.9525741264858409
0.999999999994891,0.9997388096898188,0.9947798743644766,0.9933071487351834,0.9968273169307178,0.9980732657060567,0.99966464996832,0.9997965729534201,0.9995694429072771,0.9999251537370122,0.9997965729534201,0.9995694429072771,0.9994472214475559,0.999290329695098,0.9990889486412498,0.9988304896995872,0.9984988180062319,0.9988304896995872,0.9984988180062319,0.9968273169307178,0.997527377056997
0.9999999999666846,0.9999869928761862,0.9999038976078543,0.9997388096898188,0.9999038976078543,0.9994472214475559,0.9988304896995872,0.9995694429072771,0.9988304896995872,0.997527377056997,0.9984988180062319,0.9984988180062319,0.9984988180062319,0.9995694429072771,0.9995694429072771,0.9988304896995872,0.9988304896995872,0.997527377056997,0.9914225147446858,0.9990889486412498,0.997527377056997
0.999999855501979,0.9947798743644766,0.9820137881297458,0.9770226275810572,0.9626731105140616,0.9706877672877217,0.9914225147446858,0.9914225147446858,0.9859363735766059,0.9914225147446858,0.9820137881297458,0.9399133496156019,0.9046505376715775,0.9626731105140616,0.9706877672877217,0.9770226275810572,0.9525741264858409,0.9626731105140616,0.9770226275810572,0.9770226275810572,0.9820137881297458
0.9999999999998457,0.9933071487351834,0.9947798743644766,0.9820137881297458,0.9706877672877217,0.9399133496156019,0.9046505376715775,0.9770226275810572,0.9859363735766059,0.9820137881297458,0.9241418267688302,0.9525741264858409,0.9241418267688302,0.9525741264858409,0.9241418267688302,0.7310585786300049,0.9241418267688302,0.7772998611746911,0.8807970826714614,0.8175744850834648,0.8175744850834648
0.9999999468421502,0.9706877672877217,0.9626731105140616,0.9626731105140616,0.9770226275810572,0.9706877672877217,0.9626731105140616,0.9820137881297458,0.9706877672877217,0.9820137881297458,0.9706877672877217,0.9820137881297458,0.9890130584218833,0.9914225147446858,0.9914225147446858,0.9914225147446858,0.9933071487351834,0.9890130584218833,0.9914225147446858,0.9914225147446858,0.9859363735766059
0.9999999999997455,0.999975699747677,0.9999785550413585,0.9999417087274893,0.9997965729534201,0.9998415637640005,0.9998415637640005,0.9998415637640005,0.9998415637640005,0.9995694429072771,0.9998766053808288,0.9994472214475559,0.9997388096898188,0.9994472214475559,0.9995694429072771,0.999290329695098,0.9990889486412498,0.9994472214475559,0.9994472214475559,0.9994472214475559,0.9997388096898188
0.9999999999998253,0.9988304896995872,0.9988304896995872,0.9990889486412498,0.9988304896995872,0.9997388096898188,0.9980732657060567,0.9959298622161507,0.9947798743644766,0.9980732657060567,0.9980732657060567,0.9980732657060567,0.9947798743644766,0.9890130584218833,0.9770226275810572,0.9626731105140616,0.9770226275810572,0.9525741264858409,0.9770226275810572,0.9859363735766059,0.7772998611746911
0.9999999847700205,0.07585817323116975,0.11920291732853862,0.1824255149165352,0.3208213073183839,0.5,0.37754066879814546,0.22270013882530884,0.2689414213699951,0.1824255149165352,0.0293122327122782,0.047425873514159125,0.03732688948593844,0.06008665038439803,0.06008665038439803,0.03732688948593844,0.02297737241894287,0.0293122327122782,0.03732688948593844,0.07585817323116975,0.06008665038439803
0.9999999999998457,0.9999977396748937,0.9999952149055052,0.9999869928761862,0.9999832985701905,0.9999832985701905,0.9999785550413585,0.9999832985701905,0.9999869928761862,0.9999724643121783,0.9999785550413585,0.9999038976078543,0.9997965729534201,0.9995694429072771,0.99966464996832,0.9997965729534201,0.99966464996832,0.9995694429072771,0.9997388096898188,0.99966464996832,0.9997388096898188
0.9999999999997455,0.9626731105140616,0.9626731105140616,0.4378234991142018,0.2689414213699951,0.09534946232842245,0.3208213073183839,0.2689414213699951,0.37754066879814546,0.4378234991142018,0.6791786926816161,0.8519528000888387,0.8175744850834648,0.7310585786300049,0.5621765008857981,0.2689414213699951,0.4378234991142018,0.22270013882530884,0.5621765008857981,0.7310585786300049,0.6224593312018546
0.9999999999991123,0.6791786926816161,0.8519528000888387,0.6791786926816161,0.5621765008857981,0.4378234991142018,0.3208213073183839,0.4378234991142018,0.2689414213699951,0.3208213073183839,0.22270013882530884,0.07585817323116975,0.09534946232842245,0.14804719991116141,0.2689414213699951,0.1824255149165352,0.14804719991116141,0.07585817323116975,0.11920291732853862,0.07585817323116975,0.03732688948593844
0.9999999999997118,0.9999038976078543,0.9980732657060567,0.997527377056997,0.9959298622161507,0.9933071487351834,0.9947798743644766,0.9968273169307178,0.9933071487351834,0.9914225147446858,0.9933071487351834,0.9820137881297458,0.9933071487351834,0.997527377056997,0.9968273169307178,0.9914225147446858,0.9890130584218833,0.9770226275810572,0.9820137881297458,0.9859363735766059,0.9770226275810572
0.9999999999942106,0.997527377056997,0.9914225147446858,0.9914225147446858,0.9890130584218833,0.9947798743644766,0.9859363735766059,0.9770226275810572,0.9399133496156019,0.9399133496156019,0.9046505376715775,0.9241418267688302,0.9399133496156019,0.9525741264858409,0.9241418267688302,0.8519528000888387,0.8807970826714614,0.8175744850834648,0.9046505376715775,0.9046505376715775,0.8175744850834648
0.999999814460854,0.5621765008857981,0.4378234991142018,0.3208213073183839,0.4378234991142018,0.37754066879814546,0.2689414213699951,0.6791786926816161,0.7772998611746911,0.7772998611746911,0.4378234991142018,0.6224593312018546,0.22270013882530884,0.22270013882530884,0.37754066879814546,0.1824255149165352,0.37754066879814546,0.2689414213699951,0.14804719991116141,0.2689414213699951,0.1824255149165352
0.9999999990263799,0.999985261010999,0.9999339478395424,0.99937366589013,0.9995694429072771,0.99966464996832,0.9997965729534201,0.9990889486412498,0.9984988180062319,0.9988304896995872,0.9947798743644766,0.9914225147446858,0.9959298622161507,0.997527377056997,0.997527377056997,0.9947798743644766,0.9947798743644766,0.9968273169307178,0.9947798743644766,0.9947798743644766,0.9947798743644766
0.9999999999996299,0.9999999677581336,0.9999996940976636,0.9999997617630333,0.9999994956523514,0.9999991684720715,0.9999989322970027,0.9999986290421394,0.9999952149055052,0.9999982396569965,0.99999627336116,0.9999982396569965,0.9999977396748937,0.9999986290421394,0.9999986290421394,0.9999977396748937,0.9999977396748937,0.9999986290421394,0.9999986290421394,0.9999938558224682,0.9999938558224682
0.9999999999999356,0.9999986290421394,0.9999921107355332,0.9999930377420901,0.9999980052700407,0.9999987901340281,0.9999987901340281,0.9999990577554061,0.9999987901340281,0.99999627336116,0.9999945777829692,0.99999627336116,0.9999970976880148,0.9999977396748937,0.9999989322970027,0.9999970976880148,0.9999982396569965,0.9999986290421394,0.9999952149055052,0.9999977396748937,0.9999938558224682
0.999999999979793,0.9999952149055052,0.9999952149055052,0.9999898700126424,0.9999869928761862,0.9999417087274893,0.9999785550413585,0.9999724643121783,0.9999785550413585,0.9999898700126424,0.9999921107355332,0.9999785550413585,0.9999898700126424,0.9999832985701905,0.9999869928761862,0.9999785550413585,0.9999785550413585,0.9999785550413585,0.9999938558224682,0.9999785550413585,0.9999546021475793
0.9999999999942106,0.99999627336116,0.9999974387187054,0.9999930377420901,0.9999724643121783,0.9999724643121783,0.9999646437450657,0.9999832985701905,0.9999832985701905,0.9999687980960601,0.9999646437450657,0.9999251537370122,0.9997965729534201,0.9998766053808288,0.9999339478395424,0.9999546021475793,0.9999898700126424,0.9999646437450657,0.9999038976078543,0.9999251537370122,0.9998766053808288
0.9999999999994615,0.999290329695098,0.9990889486412498,0.9968273169307178,0.9933071487351834,0.9914225147446858,0.9947798743644766,0.9968273169307178,0.9933071487351834,0.9933071487351834,0.9890130584218833,0.9770226275810572,0.9890130584218833,0.9525741264858409,0.9706877672877217,0.9820137881297458,0.9399133496156019,0.9626731105140616,0.9399133496156019,0.9820137881297458,0.9706877672877217
0.9999999999993898,0.9820137881297458,0.9770226275810572,0.9399133496156019,0.9525741264858409,0.9399133496156019,0.9046505376715775,0.9399133496156019,0.9399133496156019,0.9626731105140616,0.8519528000888387,0.9046505376715775,0.8807970826714614,0.7772998611746911,0.8175744850834648,0.8175744850834648,0.7772998611746911,0.7772998611746911,0.6791786926816161,0.9046505376715775,0.8807970826714614
0.9999999999997118,0.9999993524054335,0.9999994284997574,0.9999993524054335,0.9999994956523514,0.9999995549147359,0.9999996533672549,0.9999993524054335,0.9999996072136592,0.9999997617630333,0.9999994284997574,0.9999996072136592,0.9999991684720715,0.9999990577554061,0.9999991684720715,0.99999627336116,0.9999970976880148,0.9999938558224682,0.9999970976880148,0.9999982396569965,0.9999921107355332
0.9999999999842628,0.5621765008857981,0.2689414213699951,0.22270013882530884,0.07585817323116975,0.0293122327122782,0.014063626423394072,0.01798621187025419,0.06008665038439803,0.07585817323116975,0.07585817323116975,0.06008665038439803,0.02297737241894287,0.02297737241894287,0.03732688948593844,0.047425873514159125,0.03732688948593844,0.0293122327122782,0.01798621187025419,0.01798621187025419,0.006692851264816553
0.9999999999740539,0.9999999979388463,0.9999998874648245,0.9999970976880148,0.9999991684720715,0.99999627336116,0.9999991684720715,0.9999986290421394,0.9999989322970027,0.9999952149055052,0.9999977396748937,0.9999982396569965,0.9999993524054335,0.9999991684720715,0.9999977396748937,0.9999977396748937,0.9999977396748937,0.9999952149055052,0.99999627336116,0.99999627336116,0.9999986290421394
0.9999999999981204,0.14804719991116141,0.4378234991142018,0.4378234991142018,0.22270013882530884,0.1824255149165352,0.37754066879814546,0.22270013882530884,0.11920291732853862,0.14804719991116141,0.09534946232842245,0.14804719991116141,0.06008665038439803,0.047425873514159125,0.02297737241894287,0.014063626423394072,0.010986941578116867,0.005220125635523486,0.004070137783849419,0.00857748525531428,0.00857748525531428
0.9999999999983413,0.9999938558224682,0.9999982396569965,0.9999977396748937,0.9999898700126424,0.9999898700126424,0.9999724643121783,0.9999646437450657,0.9999832985701905,0.9999921107355332,0.9999869928761862,0.9999921107355332,0.9999785550413585,0.9999832985701905,0.9999785550413585,0.9998766053808288,0.9999251537370122,0.9999038976078543,0.9998415637640005,0.9999251537370122,0.9998415637640005
0.9999999999994615,0.9999997617630333,0.9999997897566089,0.999999872480942,0.999999939764258,0.9999999006880549,0.9999998874648245,0.9999996072136592,0.9999995549147359,0.9999996072136592,0.999999855501979,0.999999814460854,0.999999814460854,0.9999999468421502,0.999999939764258,0.9999998874648245,0.9999998874648245,0.9999997617630333,0.9999996940976636,0.999999855501979,0.999999814460854
0.9999999006880549,0.9968273169307178,0.9988304896995872,0.9988304896995872,0.9947798743644766,0.997527377056997,0.9770226275810572,0.9914225147446858,0.9890130584218833,0.9959298622161507,0.9959298622161507,0.9820137881297458,0.9820137881297458,0.9770226275810572,0.9947798743644766,0.9890130584218833,0.9914225147446858,0.9933071487351834,0.9399133496156019,0.9820137881297458,0.9241418267688302
0.9999999999972653,0.9999938558224682,0.9999921107355332,0.99999627336116,0.9999989322970027,0.9999970976880148,0.9999938558224682,0.9999977396748937,0.9999952149055052,0.9999982396569965,0.99999627336116,0.9999970976880148,0.9999986290421394,0.9999991684720715,0.9999994956523514,0.9999991684720715,0.9999982396569965,0.9999977396748937,0.9999952149055052,0.9999977396748937,0.99999627336116
0.9999999999998939,0.9999970976880148,0.9999251537370122,0.9997388096898188,0.999290329695098,0.9995694429072771,0.9988304896995872,0.9984988180062319,0.9988304896995872,0.9994472214475559,0.9988304896995872,0.999290329695098,0.9997388096898188,0.9988304896995872,0.9980732657060567,0.997527377056997,0.9959298622161507,0.9968273169307178,0.997527377056997,0.997527377056997,0.997527377056997
0.9999999999995248,0.9914225147446858,0.9626731105140616,0.8519528000888387,0.8807970826714614,0.8175744850834648,0.8519528000888387,0.9399133496156019,0.8519528000888387,0.9046505376715775,0.8519528000888387,0.8807970826714614,0.8175744850834648,0.6224593312018546,0.6791786926816161,0.5621765008857981,0.7772998611746911,0.7310585786300049,0.5621765008857981,0.6224593312018546,0.7310585786300049
0.9999999999377585,0.9999869928761862,0.9999724643121783,0.9998415637640005,0.9999038976078543,0.9998766053808288,0.9999038976078543,0.9999546021475793,0.9999546021475793,0.9999832985701905,0.9999546021475793,0.9999251537370122,0.9999251537370122,0.9998766053808288,0.9999251537370122,0.9998415637640005,0.9997965729534201,0.9998766053808288,0.9998415637640005,0.9997965729534201,0.99966464996832
0.9999999999997755,0.9999785550413585,0.9999724643121783,0.9999599363078028,0.9999724643121783,0.9999869928761862,0.9999952149055052,0.9999646437450657,0.9999921107355332,0.9999724643121783,0.9999869928761862,0.9999898700126424,0.9999832985701905,0.9999898700126424,0.9999832985701905,0.9999417087274893,0.9999546021475793,0.9999251537370122,0.9999646437450657,0.9999646437450657,0.9999785550413585
0.9999999999995248,0.09534946232842245,0.03732688948593844,0.03732688948593844,0.01798621187025419,0.07585817323116975,0.06008665038439803,0.02297737241894287,0.014063626423394072,0.01798621187025419,0.02297737241894287,0.03732688948593844,0.0293122327122782,0.02297737241894287,0.014063626423394072,0.006692851264816553,0.005220125635523486,0.005220125635523486,0.005220125635523486,0.010986941578116867,0.006692851264816553
0.999999999986112,0.9999832985701905,0.9999898700126424,0.9999898700126424,0.9999938558224682,0.99999627336116,0.9999898700126424,0.99999627336116,0.9999869928761862,0.9999938558224682,0.9999898700126424,0.9999921107355332,0.9999952149055052,0.9999898700126424,0.9999977396748937,0.9999938558224682,0.9999921107355332,0.9999952149055052,0.9999832985701905,0.9999938558224682,0.9999898700126424
0.999999999986112,0.9706877672877217,0.9626731105140616,0.9706877672877217,0.9241418267688302,0.8807970826714614,0.7772998611746911,0.7772998611746911,0.9241418267688302,0.9525741264858409,0.8175744850834648,0.8175744850834648,0.9914225147446858,0.9890130584218833,0.9890130584218833,0.9820137881297458,0.8519528000888387,0.9626731105140616,0.9399133496156019,0.9914225147446858,0.9706877672877217
0.9999999999998019,0.9999989322970027,0.9999869928761862,0.9999599363078028,0.9997965729534201,0.9995694429072771,0.9997965729534201,0.9998766053808288,0.9997965729534201,0.9998415637640005,0.99966464996832,0.9990889486412498,0.999290329695098,0.9988304896995872,0.9988304896995872,0.9980732657060567,0.9984988180062319,0.9968273169307178,0.9968273169307178,0.9980732657060567,0.9968273169307178
0.9999999999915765,0.9999982396569965,0.9999996940976636,0.9999996072136592,0.9999994956523514,0.9999994956523514,0.9999993524054335,0.999999814460854,0.9999997617630333,0.9999996940976636,0.9999991684720715,0.9999991684720715,0.9999986290421394,0.9999989322970027,0.9999991684720715,0.9999970976880148,0.9999982396569965,0.9999977396748937,0.9999982396569965,0.9999982396569965,0.9999952149055052
0.9999999999983413,0.9999785550413585,0.9998415637640005,0.9999646437450657,0.9999251537370122,0.9998766053808288,0.9995694429072771,0.9994472214475559,0.9997965729534201,0.9998415637640005,0.9998766053808288,0.9998415637640005,0.9998415637640005,0.9999038976078543,0.9998415637640005,0.9998415637640005,0.9998415637640005,0.99966464996832,0.9998766053808288,0.9999546021475793,0.9994472214475559
0.9999999999998939,0.9997388096898188,0.9995694429072771,0.9994472214475559,0.9990889486412498,0.999290329695098,0.9968273169307178,0.9959298622161507,0.9968273169307178,0.999290329695098,0.9994472214475559,0.9984988180062319,0.997527377056997,0.9933071487351834,0.9968273169307178,0.997527377056997,0.997527377056997,0.997527377056997,0.9984988180062319,0.9968273169307178,0.997527377056997
0.9999999999989939,0.9626731105140616,0.9968273169307178,0.9968273169307178,0.9933071487351834,0.9820137881297458,0.9770226275810572,0.9890130584218833,0.9914225147446858,0.9859363735766059,0.9525741264858409,0.7772998611746911,0.9046505376715775,0.8807970826714614,0.8519528000888387,0.8807970826714614,0.9241418267688302,0.9046505376715775,0.9241418267688302,0.9399133496156019,0.9626731105140616
0.9999999979388463,0.9947798743644766,0.9959298622161507,0.9968273169307178,0.9990889486412498,0.9988304896995872,0.9980732657060567,0.999290329695098,0.9988304896995872,0.999290329695098,0.9980732657060567,0.9984988180062319,0.9990889486412498,0.9988304896995872,0.9990889486412498,0.999290329695098,0.997527377056997,0.9988304896995872,0.9984988180062319,0.999290329695098,0.9994472214475559
0.9999999999997755,0.997527377056997,0.9947798743644766,0.9914225147446858,0.9820137881297458,0.9626731105140616,0.9525741264858409,0.9525741264858409,0.9820137881297458,0.9525741264858409,0.9046505376715775,0.9399133496156019,0.9525741264858409,0.8807970826714614,0.8519528000888387,0.9046505376715775,0.8175744850834648,0.9399133496156019,0.8519528000888387,0.8519528000888387,0.8807970826714614
0.999999999683912,0.9999921107355332,0.9999417087274893,0.9999038976078543,0.9997388096898188,0.9995694429072771,0.9997388096898188,0.999290329695098,0.9997388096898188,0.9988304896995872,0.9984988180062319,0.9984988180062319,0.9994472214475559,0.9980732657060567,0.9990889486412498,0.9984988180062319,0.9988304896995872,0.9988304896995872,0.9984988180062319,0.99966464996832,0.9994472214475559
0.9999999999972653,0.9525741264858409,0.7310585786300049,0.6224593312018546,0.6791786926816161,0.6791786926816161,0.6791786926816161,0.37754066879814546,0.2689414213699951,0.5621765008857981,0.4378234991142018,0.5621765008857981,0.37754066879814546,0.37754066879814546,0.1824255149165352,0.2689414213699951,0.37754066879814546,0.22270013882530884,0.2689414213699951,0.2689414213699951,0.2689414213699951
0.9999999999983413,0.999975699747677,0.9999810748540133,0.999985261010999,0.9999910603004984,0.999985261010999,0.9999885212318738,0.9999977396748937,0.9999938558224682,0.9999989322970027,0.9999993524054335,0.9999986290421394,0.9999991684720715,0.9999982396569965,0.9999938558224682,0.9999869928761862,0.9999832985701905,0.9999938558224682,0.9999724643121783,0.9999869928761862,0.9999724643121783
0.99999999999886,0.9999417087274893,0.9997965729534201,0.9997388096898188,0.9994472214475559,0.9994472214475559,0.9994472214475559,0.9990889486412498,0.999290329695098,0.9994472214475559,0.9994472214475559,0.9994472214475559,0.9990889486412498,0.9997388096898188,0.999290329695098,0.9990889486412498,0.9984988180062319,0.999290329695098,0.9984988180062319,0.9995694429072771,0.9980732657060567
0.9999999999705993,0.9999038976078543,0.9999417087274893,0.99966464996832,0.9995694429072771,0.9995694429072771,0.9990889486412498,0.9995694429072771,0.9990889486412498,0.9997965729534201,0.99966464996832,0.9994472214475559,0.9997965729534201,0.99966464996832,0.9998766053808288,0.9995694429072771,0.9995694429072771,0.9997388096898188,0.9994472214475559,0.9999038976078543,0.99966464996832
0.999999999994891,0.9999938558224682,0.9999938558224682,0.9999724643121783,0.9998766053808288,0.9998415637640005,0.9998415637640005,0.9997388096898188,0.9997965729534201,0.9999251537370122,0.9997965729534201,0.9998415637640005,0.9998415637640005,0.9994472214475559,0.9995694429072771,0.9990889486412498,0.9997388096898188,0.9995694429072771,0.9990889486412498,0.9994472214475559,0.9990889486412498
0.99999998813888,0.9995694429072771,0.9998415637640005,0.9997388096898188,0.9984988180062319,0.9994472214475559,0.999290329695098,0.9984988180062319,0.9959298622161507,0.9980732657060567,0.9959298622161507,0.997527377056997,0.9968273169307178,0.9914225147446858,0.9980732657060567,0.9933071487351834,0.9914225147446858,0.9959298622161507,0.9890130584218833,0.9859363735766059,0.9914225147446858
0.9999999907625504,0.8175744850834648,0.9241418267688302,0.9399133496156019,0.9399133496156019,0.9525741264858409,0.9399133496156019,0.9820137881297458,0.9770226275810572,0.9770226275810572,0.9241418267688302,0.9626731105140616,0.9706877672877217,0.9525741264858409,0.9706877672877217,0.9770226275810572,0.9626731105140616,0.9525741264858409,0.9241418267688302,0.9706877672877217,0.9706877672877217
0.9999999468421502,0.9046505376715775,0.9241418267688302,0.8807970826714614,0.9046505376715775,0.9046505376715775,0.8175744850834648,0.7772998611746911,0.7772998611746911,0.8519528000888387,0.7310585786300049,0.8175744850834648,0.8519528000888387,0.8175744850834648,0.7310585786300049,0.6791786926816161,0.5621765008857981,0.5,0.4378234991142018,0.6791786926816161,0.6791786926816161
0.9999999999666846,0.9999996940976636,0.999999814460854,0.9999993524054335,0.9999994956523514,0.9999996940976636,0.999999814460854,0.999999855501979,0.9999999468421502,0.9999999123575151,0.999999814460854,0.9999998874648245,0.999999855501979,0.9999999317439628,0.999999855501979,0.9999996072136592,0.999999855501979,0.9999997617630333,0.999999814460854,0.9999996940976636,0.9999997617630333
0.999999999994891,0.9997388096898188,0.9995694429072771,0.9995694429072771,0.9998766053808288,0.9994472214475559,0.9990889486412498,0.999290329695098,0.9984988180062319,0.9994472214475559,0.999290329695098,0.999290329695098,0.9995694429072771,0.999290329695098,0.9984988180062319,0.997527377056997,0.9990889486412498,0.9988304896995872,0.9988304896995872,0.9990889486412498,0.997527377056997
0.9999999999995248,0.9933071487351834,0.9933071487351834,0.9820137881297458,0.9820137881297458,0.9706877672877217,0.9706877672877217,0.9706877672877217,0.9890130584218833,0.9820137881297458,0.9626731105140616,0.9820137881297458,0.9770226275810572,0.8175744850834648,0.9046505376715775,0.9046505376715775,0.6224593312018546,0.8175744850834648,0.8175744850834648,0.8807970826714614,0.9046505376715775
0.9999999999999174,0.9999885212318738,0.9999417087274893,0.9997388096898188,0.9997388096898188,0.9984988180062319,0.9990889486412498,0.999290329695098,0.99966464996832,0.9995694429072771,0.9997388096898188,0.9994472214475559,0.9980732657060567,0.997527377056997,0.9990889486412498,0.9980732657060567,0.9980732657060567,0.9990889486412498,0.9990889486412498,0.9980732657060567,0.9984988180062319
0.9999999999991123,0.9997694933390749,0.99966464996832,0.9997965729534201,0.9998601779757171,0.9998766053808288,0.9998415637640005,0.9997694933390749,0.9999151889585819,0.9998911030646597,0.99966464996832,0.9997388096898188,0.9997388096898188,0.9997388096898188,0.99966464996832,0.9997965729534201,0.9998415637640005,0.99966464996832,0.999290329695098,0.9994472214475559,0.9995694429072771
0.9999999999995806,0.9994472214475559,0.9997965729534201,0.9997965729534201,0.9999038976078543,0.9999251537370122,0.9999251537370122,0.9999251537370122,0.9998766053808288,0.9998766053808288,0.9998766053808288,0.9999546021475793,0.9999251537370122,0.9999038976078543,0.9998415637640005,0.9998766053808288,0.9999251537370122,0.9999038976078543,0.9999038976078543,0.9999038976078543,0.9998415637640005
0.9999999999995248,0.9399133496156019,0.7772998611746911,0.5621765008857981,0.3208213073183839,0.047425873514159125,0.37754066879814546,0.4378234991142018,0.1824255149165352,0.1824255149165352,0.11920291732853862,0.3208213073183839,0.3208213073183839,0.2689414213699951,0.2689414213699951,0.1824255149165352,0.09534946232842245,0.14804719991116141,0.06008665038439803,0.1824255149165352,0.14804719991116141
0.9999999999997118,0.9999970976880148,0.9999974387187054,0.9999898700126424,0.9999546021475793,0.9998766053808288,0.9999646437450657,0.9999251537370122,0.9999251537370122,0.9997388096898188,0.9984988180062319,0.9984988180062319,0.999290329695098,0.9998415637640005,0.9994472214475559,0.9994472214475559,0.997527377056997,0.997527377056997,0.9959298622161507,0.9959298622161507,0.9968273169307178
0.9999999999995248,0.9999898700126424,0.9999885212318738,0.9999646437450657,0.9999921107355332,0.9999967112493664,0.9999921107355332,0.9999930377420901,0.999975699747677,0.9999869928761862,0.9999832985701905,0.9999832985701905,0.99999627336116,0.99999627336116,0.99999627336116,0.9999921107355332,0.9999952149055052,0.9999938558224682,0.9999898700126424,0.9999832985701905,0.9999646437450657
0.9999999999998939,0.9999038976078543,0.9988304896995872,0.9947798743644766,0.9890130584218833,0.9770226275810572,0.9770226275810572,0.9980732657060567,0.997527377056997,0.9947798743644766,0.9959298622161507,0.9859363735766059,0.9890130584218833,0.9820137881297458,0.9933071487351834,0.9859363735766059,0.9706877672877217,0.9770226275810572,0.9399133496156019,0.9859363735766059,0.9820137881297458
0.9999999847700205,0.9980732657060567,0.9978172830460393,0.9980732657060567,0.9990889486412498,0.9986749777999953,0.9989677690217064,0.9959298622161507,0.9947798743644766,0.997527377056997,0.9947798743644766,0.9959298622161507,0.9959298622161507,0.9947798743644766,0.9968273169307178,0.9914225147446858,0.9947798743644766,0.9959298622161507,0.9947798743644766,0.997527377056997,0.9890130584218833
0.999999999994891,0.9999038976078543,0.9997388096898188,0.9998415637640005,0.9997965729534201,0.9999038976078543,0.9998415637640005,0.9999251537370122,0.9998415637640005,0.9999038976078543,0.99966464996832,0.9998415637640005,0.9998766053808288,0.9995694429072771,0.9999038976078543,0.9999038976078543,0.9998766053808288,0.9999251537370122,0.9999038976078543,0.9998766053808288,0.9997965729534201
0.9999999999972653,0.997527377056997,0.9947798743644766,0.9933071487351834,0.9933071487351834,0.9820137881297458,0.9890130584218833,0.9859363735766059,0.9933071487351834,0.9859363735766059,0.9706877672877217,0.8519528000888387,0.9626731105140616,0.9820137881297458,0.9890130584218833,0.9706877672877217,0.8807970826714614,0.9399133496156019,0.9770226275810572,0.9820137881297458,0.9706877672877217
0.9999999999969011,0.9820137881297458,0.9770226275810572,0.9626731105140616,0.9241418267688302,0.8807970826714614,0.9525741264858409,0.9399133496156019,0.9046505376715775,0.9046505376715775,0.8175744850834648,0.8519528000888387,0.8807970826714614,0.6224593312018546,0.7310585786300049,0.6791786926816161,0.4378234991142018,0.6791786926816161,0.3208213073183839,0.6791786926816161,0.7310585786300049
0.9999999999993086,0.9999938558224682,0.99966464996832,0.99966464996832,0.9994472214475559,0.997527377056997,0.997527377056997,0.997527377056997,0.9990889486412498,0.9998415637640005,0.999290329695098,0.9988304896995872,0.99966464996832,0.9994472214475559,0.99966464996832,0.999290329695098,0.9990889486412498,0.9997388096898188,0.9994472214475559,0.9994472214475559,0.9994472214475559
0.9999999999998939,0.9999989322970027,0.9999993524054335,0.999999855501979,0.999999872480942,0.9999999317439628,0.999999814460854,0.999999855501979,0.9999998874648245,0.9999999468421502,0.9999999586006244,0.9999999123575151,0.999999974890009,0.9999999677581336,0.9999999586006244,0.9999999317439628,0.9999999317439628,0.9999999123575151,0.9999999468421502,0.9999999586006244,0.9999999123575151
0.9999999973534264,0.9997965729534201,0.9999832985701905,0.9999832985701905,0.9999832985701905,0.9999417087274893,0.9999785550413585,0.9999921107355332,0.9999832985701905,0.9999832985701905,0.9999832985701905,0.9999724643121783,0.9999832985701905,0.9999785550413585,0.9999869928761862,0.9999832985701905,0.9999785550413585,0.9999832985701905,0.9999785550413585,0.9999898700126424,0.9999546021475793
0.99999999999886,0.9999869928761862,0.9999785550413585,0.9998415637640005,0.9999810748540133,0.9999785550413585,0.9999417087274893,0.9999038976078543,0.9998415637640005,0.9999251537370122,0.9999038976078543,0.9999646437450657,0.9999038976078543,0.9999724643121783,0.9999546021475793,0.9998415637640005,0.9999038976078543,0.9999038976078543,0.9999038976078543,0.9999724643121783,0.9998766053808288
0.9999999999997455,0.9999646437450657,0.9999038976078543,0.9999038976078543,0.9999251537370122,0.9999546021475793,0.9999038976078543,0.9999546021475793,0.9999251537370122,0.9999646437450657,0.9999251537370122,0.9999646437450657,0.9999785550413585,0.9999785550413585,0.9999724643121783,0.9999251537370122,0.9999417087274893,0.9999646437450657,0.9999546021475793,0.9999646437450657,0.9999251537370122
0.9999999999983413,0.9706877672877217,0.9706877672877217,0.9770226275810572,0.9859363735766059,0.9706877672877217,0.9859363735766059,0.9859363735766059,0.9525741264858409,0.9706877672877217,0.8807970826714614,0.9525741264858409,0.9525741264858409,0.9046505376715775,0.9525741264858409,0.9399133496156019,0.9626731105140616,0.9399133496156019,0.9525741264858409,0.9706877672877217,0.9241418267688302
0.9999999999572222,0.9959298622161507,0.9968273169307178,0.9890130584218833,0.9933071487351834,0.9859363735766059,0.9525741264858409,0.9626731105140616,0.9706877672877217,0.9706877672877217,0.9859363735766059,0.9959298622161507,0.9626731105140616,0.7772998611746911,0.9046505376715775,0.9525741264858409,0.9241418267688302,0.9525741264858409,0.8807970826714614,0.8807970826714614,0.37754066879814546
0.999999974890009,0.0293122327122782,0.5,0.6791786926816161,0.6791786926816161,0.8175744850834648,0.6791786926816161,0.2689414213699951,0.37754066879814546,0.37754066879814546,0.5,0.5621765008857981,0.5,0.2689414213699951,0.3208213073183839,0.2689414213699951,0.14804719991116141,0.3208213073183839,0.1824255149165352,0.4378234991142018,0.3208213073183839
0.9999999468421502,0.07585817323116975,0.3208213073183839,0.6791786926816161,0.5621765008857981,0.9046505376715775,0.7772998611746911,0.5621765008857981,0.8807970826714614,0.9399133496156019,0.8175744850834648,0.7310585786300049,0.7772998611746911,0.8175744850834648,0.7772998611746911,0.5,0.8175744850834648,0.7310585786300049,0.7310585786300049,0.8807970826714614,0.8175744850834648
0.9999999999989939,0.9999724643121783,0.9999251537370122,0.9999724643121783,0.9999832985701905,0.9999546021475793,0.9999724643121783,0.9999251537370122,0.9998415637640005,0.9998766053808288,0.9997965729534201,0.9997388096898188,0.9994472214475559,0.9997388096898188,0.9995694429072771,0.999290329695098,0.9980732657060567,0.9990889486412498,0.9995694429072771,0.999290329695098,0.9988304896995872
0.99999998813888,0.11920291732853862,0.6791786926816161,0.6791786926816161,0.8175744850834648,0.8807970826714614,0.7310585786300049,0.6791786926816161,0.7772998611746911,0.7310585786300049,0.5,0.4378234991142018,0.4378234991142018,0.6224593312018546,0.5621765008857981,0.1824255149165352,0.1824255149165352,0.2689414213699951,0.06008665038439803,0.1824255149165352,0.14804719991116141
0.9999999999985363,0.9999546021475793,0.9997965729534201,0.9990889486412498,0.999290329695098,0.999290329695098,0.99966464996832,0.9997388096898188,0.9990889486412498,0.99966464996832,0.999290329695098,0.9997388096898188,0.9994472214475559,0.9997965729534201,0.99966464996832,0.9997965729534201,0.9999038976078543,0.9995694429072771,0.9998766053808288,0.9997965729534201,0.9995694429072771
0.9999999943972036,0.1824255149165352,0.37754066879814546,0.6791786926816161,0.5621765008857981,0.37754066879814546,0.5621765008857981,0.4378234991142018,0.3208213073183839,0.37754066879814546,0.22270013882530884,0.2689414213699951,0.14804719991116141,0.1824255149165352,0.2689414213699951,0.22270013882530884,0.07585817323116975,0.07585817323116975,0.22270013882530884,0.3208213073183839,0.2689414213699951
0.999999999987744,0.9998766053808288,0.997527377056997,0.997527377056997,0.9980732657060567,0.9984988180062319,0.9984988180062319,0.997527377056997,0.9988304896995872,0.9980732657060567,0.9984988180062319,0.9984988180062319,0.9984988180062319,0.9959298622161507,0.9959298622161507,0.9959298622161507,0.9959298622161507,0.9968273169307178,0.9959298622161507,0.997527377056997,0.9959298622161507
0.9999999999377585,0.9890130584218833,0.9820137881297458,0.9626731105140616,0.9241418267688302,0.9241418267688302,0.8175744850834648,0.7772998611746911,0.8175744850834648,0.7772998611746911,0.7772998611746911,0.7772998611746911,0.7772998611746911,0.8175744850834648,0.7772998611746911,0.6791786926816161,0.5,0.3208213073183839,0.22270013882530884,0.37754066879814546,0.37754066879814546
0.9999999468421502,0.3208213073183839,0.7772998611746911,0.9241418267688302,0.9399133496156019,0.9706877672877217,0.9525741264858409,0.9770226275810572,0.9770226275810572,0.9399133496156019,0.9399133496156019,0.8175744850834648,0.9046505376715775,0.9046505376715775,0.8807970826714614,0.9241418267688302,0.9046505376715775,0.9399133496156019,0.9241418267688302,0.9706877672877217,0.9626731105140616
0.9999999999975866,0.9770226275810572,0.9859363735766059,0.9706877672877217,0.9525741264858409,0.7772998611746911,0.9626731105140616,0.9890130584218833,0.9859363735766059,0.9820137881297458,0.9241418267688302,0.9399133496156019,0.9525741264858409,0.9770226275810572,0.9626731105140616,0.9706877672877217,0.9525741264858409,0.9241418267688302,0.9399133496156019,0.9770226275810572,0.9626731105140616
0.9999999994094697,0.9947798743644766,0.9990889486412498,0.9980732657060567,0.9947798743644766,0.9914225147446858,0.9947798743644766,0.997527377056997,0.9984988180062319,0.9984988180062319,0.997527377056997,0.9959298622161507,0.9890130584218833,0.9859363735766059,0.9933071487351834,0.9890130584218833,0.9947798743644766,0.9914225147446858,0.9947798743644766,0.9968273169307178,0.9933071487351834
0.9999999999995248,0.9990889486412498,0.999290329695098,0.9990889486412498,0.999290329695098,0.9995694429072771,0.999290329695098,0.9994472214475559,0.9984988180062319,0.999290329695098,0.9995694429072771,0.9994472214475559,0.99966464996832,0.99966464996832,0.9994472214475559,0.9990889486412498,0.9990889486412498,0.999290329695098,0.9984988180062319,0.9990889486412498,0.9959298622161507
0.9999999999925664,0.9999810748540133,0.9999417087274893,0.9999687980960601,0.9999785550413585,0.999948557786326,0.999975699747677,0.9999869928761862,0.9999251537370122,0.999948557786326,0.999948557786326,0.999975699747677,0.9999687980960601,0.9999546021475793,0.9999646437450657,0.9999417087274893,0.9999724643121783,0.9999724643121783,0.9999646437450657,0.9999724643121783,0.9998415637640005
0.9999999586006244,0.9770226275810572,0.9988304896995872,0.9984988180062319,0.9984988180062319,0.999290329695098,0.9994472214475559,0.99966464996832,0.9997965729534201,0.9997388096898188,0.9995694429072771,0.9988304896995872,0.9994472214475559,0.9994472214475559,0.9995694429072771,0.999290329695098,0.9994472214475559,0.9988304896995872,0.9994472214475559,0.999290329695098,0.9995694429072771
0.9999999999740539,0.9999998874648245,0.9999998874648245,0.9999997300421583,0.9999990577554061,0.9999986290421394,0.999999855501979,0.9999999530883621,0.999999855501979,0.9999999226557778,0.9999993524054335,0.9999991684720715,0.9999993524054335,0.9999989322970027,0.9999996072136592,0.9999982396569965,0.9999991684720715,0.9999982396569965,0.9999977396748937,0.9999997617630333,0.9999982396569965
0.9999999999985363,0.9525741264858409,0.9706877672877217,0.9626731105140616,0.8807970826714614,0.7772998611746911,0.8175744850834648,0.8175744850834648,0.7310585786300049,0.6791786926816161,0.3208213073183839,0.22270013882530884,0.22270013882530884,0.22270013882530884,0.22270013882530884,0.3208213073183839,0.4378234991142018,0.3208213073183839,0.37754066879814546,0.22270013882530884,0.11920291732853862
0.9999999999993086,0.9999785550413585,0.9999724643121783,0.9999785550413585,0.9999546021475793,0.9998415637640005,0.9997965729534201,0.9999038976078543,0.9998766053808288,0.9998766053808288,0.9997388096898188,0.999290329695098,0.99966464996832,0.999290329695098,0.9984988180062319,0.999290329695098,0.9990889486412498,0.9988304896995872,0.9984988180062319,0.9984988180062319,0.9988304896995872
0.9999999998308102,0.9999999226557778,0.9999990577554061,0.9999997617630333,0.9999997897566089,0.9999994956523514,0.9999998362622942,0.9999999123575151,0.9999998362622942,0.9999999006880549,0.9999994956523514,0.9999999317439628,0.9999999123575151,0.9999998874648245,0.9999999586006244,0.999999855501979,0.9999994956523514,0.9999994956523514,0.9999993524054335,0.9999982396569965,0.9999989322970027
0.9999999999925664,0.9999997617630333,0.9999996940976636,0.9999997617630333,0.9999995549147359,0.9999995549147359,0.9999997617630333,0.9999997617630333,0.9999998362622942,0.9999999530883621,0.9999998362622942,0.9999999530883621,0.999999939764258,0.9999997617630333,0.999999855501979,0.9999994956523514,0.9999993524054335,0.999999872480942,0.999999814460854,0.9999997617630333,0.9999999468421502
0.9999999999999174,0.9999417087274893,0.9995694429072771,0.9995694429072771,0.9994472214475559,0.9995694429072771,0.999290329695098,0.9984988180062319,0.9980732657060567,0.999290329695098,0.9984988180062319,0.9984988180062319,0.9990889486412498,0.999290329695098,0.99966464996832,0.9994472214475559,0.9994472214475559,0.9984988180062319,0.9984988180062319,0.9968273169307178,0.9980732657060567
0.9999999973534264,0.01798621187025419,0.14804719991116141,0.3208213073183839,0.1824255149165352,0.3208213073183839,0.3208213073183839,0.22270013882530884,0.2689414213699951,0.06008665038439803,0.06008665038439803,0.047425873514159125,0.0293122327122782,0.14804719991116141,0.06008665038439803,0.01798621187025419,0.01798621187025419,0.06008665038439803,0.14804719991116141,0.06008665038439803,0.047425873514159125
0.9999999999972653,0.9999898700126424,0.9999785550413585,0.9999832985701905,0.9999938558224682,0.9999646437450657,0.9999938558224682,0.9999646437450657,0.9999251537370122,0.9999417087274893,0.9999251537370122,0.9999417087274893,0.9999417087274893,0.9999038976078543,0.9998766053808288,0.9998415637640005,0.9999251537370122,0.9999869928761862,0.9999832985701905,0.9999785550413585,0.9999251537370122
0.9999999999954912,0.999985261010999,0.9999724643121783,0.9999646437450657,0.9999646437450657,0.9999810748540133,0.9999599363078028,0.9999546021475793,0.9999599363078028,0.9998415637640005,0.9999417087274893,0.9998601779757171,0.999948557786326,0.9999038976078543,0.9999038976078543,0.9999417087274893,0.9999038976078543,0.9998415637640005,0.9999251537370122,0.9999251537370122,0.9998415637640005
0.9999999999992164,0.9998204719907497,0.9998911030646597,0.9998415637640005,0.9997965729534201,0.9998415637640005,0.99966464996832,0.9995694429072771,0.999290329695098,0.9998415637640005,0.9997388096898188,0.99966464996832,0.9997388096898188,0.9997965729534201,0.9997965729534201,0.9995694429072771,0.9988304896995872,0.9988304896995872,0.9968273169307178,0.997527377056997,0.9947798743644766
0.9999999987498471,0.9994472214475559,0.9997388096898188,0.99966464996832,0.9998415637640005,0.99966464996832,0.999290329695098,0.9980732657060567,0.9988304896995872,0.9994472214475559,0.9990889486412498,0.9984988180062319,0.997527377056997,0.9980732657060567,0.9988304896995872,0.9984988180062319,0.9933071487351834,0.9947798743644766,0.9890130584218833,0.9890130584218833,0.9933071487351834
0.9999999999993898,0.9999999973534264,0.999999996149258,0.9999999979388463,0.9999999956365377,0.9999999970010391,0.9999999907625504,0.9999999918479795,0.9999999950555496,0.9999999918479795,0.9999999950555496,0.999999997664407,0.9999999950555496,0.9999999956365377,0.9999999943972036,0.9999999895325983,0.9999999827421723,0.9999999907625504,0.9999999586006244,0.999999974890009,0.9999999847700205
0.9999999999998939,0.9706877672877217,0.9626731105140616,0.9399133496156019,0.9046505376715775,0.7772998611746911,0.8519528000888387,0.9626731105140616,0.9706877672877217,0.9399133496156019,0.9525741264858409,0.9241418267688302,0.9399133496156019,0.8519528000888387,0.7772998611746911,0.8175744850834648,0.6791786926816161,0.6791786926816161,0.6224593312018546,0.7772998611746911,0.7310585786300049
0.9999999988967441,0.9999987901340281,0.9999957771650452,0.9999832985701905,0.9999885212318738,0.9999898700126424,0.9999952149055052,0.9999952149055052,0.9999898700126424,0.9999967112493664,0.9999938558224682,0.9999898700126424,0.9999898700126424,0.9999832985701905,0.9999832985701905,0.9999785550413585,0.9999921107355332,0.9999724643121783,0.9999898700126424,0.9999869928761862,0.9999869928761862
0.9999999468421502,0.9947798743644766,0.9984988180062319,0.9984988180062319,0.9984988180062319,0.9988304896995872,0.997527377056997,0.9990889486412498,0.9990889486412498,0.9997388096898188,0.9988304896995872,0.9988304896995872,0.9980732657060567,0.9994472214475559,0.9988304896995872,0.997527377056997,0.9968273169307178,0.9988304896995872,0.997527377056997,0.9990889486412498,0.9995694429072771
0.9999999999996299,0.9999869928761862,0.99999627336116,0.9999646437450657,0.9998415637640005,0.9988304896995872,0.999290329695098,0.997527377056997,0.9980732657060567,0.9984988180062319,0.9959298622161507,0.9914225147446858,0.9947798743644766,0.9947798743644766,0.9994472214475559,0.9984988180062319,0.9890130584218833,0.9959298622161507,0.9959298622161507,0.9890130584218833,0.9859363735766059
0.999999998394772,0.2689414213699951,0.3208213073183839,0.5621765008857981,0.5621765008857981,0.37754066879814546,0.37754066879814546,0.37754066879814546,0.4378234991142018,0.3208213073183839,0.22270013882530884,0.3208213073183839,0.2689414213699951,0.1824255149165352,0.22270013882530884,0.2689414213699951,0.14804719991116141,0.11920291732853862,0.22270013882530884,0.4378234991142018,0.22270013882530884
0.9999999999998253,0.9999038976078543,0.99966464996832,0.9980732657060567,0.9968273169307178,0.9968273169307178,0.9959298622161507,0.9959298622161507,0.9980732657060567,0.9984988180062319,0.9984988180062319,0.999290329695098,0.9968273169307178,0.9959298622161507,0.9968273169307178,0.997527377056997,0.9968273169307178,0.997527377056997,0.9959298622161507,0.997527377056997,0.9980732657060567
0.9999999999740539,0.9999989322970027,0.9999986290421394,0.9999970976880148,0.9999869928761862,0.9999724643121783,0.9999869928761862,0.9999921107355332,0.9999938558224682,0.9999724643121783,0.9999785550413585,0.9999832985701905,0.9999724643121783,0.9999832985701905,0.9999546021475793,0.9999417087274893,0.9999251537370122,0.9999251537370122,0.9999646437450657,0.9999417087274893,0.9999546021475793
0.9999999999999432,0.997527377056997,0.9968273169307178,0.9933071487351834,0.9890130584218833,0.9820137881297458,0.9706877672877217,0.9820137881297458,0.9947798743644766,0.9859363735766059,0.9706877672877217,0.9770226275810572,0.9859363735766059,0.9859363735766059,0.9706877672877217,0.9706877672877217,0.9706877672877217,0.9706877672877217,0.9399133496156019,0.9706877672877217,0.9706877672877217
0.999999998394772,0.9914225147446858,0.9959298622161507,0.997527377056997,0.9947798743644766,0.9890130584218833,0.9890130584218833,0.9968273169307178,0.9968273169307178,0.9820137881297458,0.9770226275810572,0.9241418267688302,0.9399133496156019,0.9525741264858409,0.9706877672877217,0.9626731105140616,0.9626731105140616,0.9525741264858409,0.9525741264858409,0.9706877672877217,0.9626731105140616
0.9999999999993898,0.9997388096898188,0.9990889486412498,0.9959298622161507,0.9933071487351834,0.9968273169307178,0.997527377056997,0.997527377056997,0.9947798743644766,0.9933071487351834,0.9770226275810572,0.9859363735766059,0.9770226275810572,0.9820137881297458,0.9770226275810572,0.9706877672877217,0.9859363735766059,0.9770226275810572,0.9525741264858409,0.9820137881297458,0.9859363735766059
0.9999999999996734,0.9859363735766059,0.99966464996832,0.9998766053808288,0.9999724643121783,0.9997965729534201,0.9997965729534201,0.9998415637640005,0.9995694429072771,0.9998415637640005,0.99966464996832,0.999290329695098,0.9998415637640005,0.9994472214475559,0.9997965729534201,0.9959298622161507,0.9933071487351834,0.9947798743644766,0.9968273169307178,0.9988304896995872,0.9980732657060567
0.9999999956365377,0.9933071487351834,0.997527377056997,0.9980732657060567,0.9980732657060567,0.9990889486412498,0.9984988180062319,0.997527377056997,0.9947798743644766,0.9980732657060567,0.9947798743644766,0.997527377056997,0.9984988180062319,0.9990889486412498,0.9980732657060567,0.9914225147446858,0.9859363735766059,0.9947798743644766,0.9914225147446858,0.9968273169307178,0.9947798743644766
0.9999999999989939,0.9241418267688302,0.9525741264858409,0.9525741264858409,0.8519528000888387,0.9241418267688302,0.9241418267688302,0.9525741264858409,0.9706877672877217,0.9770226275810572,0.9525741264858409,0.9525741264858409,0.9525741264858409,0.9046505376715775,0.9525741264858409,0.9241418267688302,0.9626731105140616,0.9706877672877217,0.9399133496156019,0.9399133496156019,0.8807970826714614
0.9999999847700205,0.999290329695098,0.99966464996832,0.9999151889585819,0.9998415637640005,0.9999251537370122,0.9999646437450657,0.9999785550413585,0.9999724643121783,0.9999646437450657,0.9999546021475793,0.9999646437450657,0.9999546021475793,0.9999869928761862,0.9999869928761862,0.9999921107355332,0.9999417087274893,0.9999785550413585,0.9999785550413585,0.9999646437450657,0.9999724643121783
0.99999999999886,0.9999646437450657,0.9999038976078543,0.9997388096898188,0.9995694429072771,0.9995694429072771,0.9994472214475559,0.9988304896995872,0.9995694429072771,0.9994472214475559,0.999290329695098,0.9984988180062319,0.9994472214475559,0.9988304896995872,0.9984988180062319,0.9984988180062319,0.9959298622161507,0.9933071487351834,0.997527377056997,0.997527377056997,0.9980732657060567
0.9999999973534264,0.9947798743644766,0.9968273169307178,0.9980732657060567,0.9990889486412498,0.9984988180062319,0.9984988180062319,0.9984988180062319,0.997527377056997,0.9990889486412498,0.9968273169307178,0.9988304896995872,0.9990889486412498,0.9990889486412498,0.9995694429072771,0.9988304896995872,0.9968273169307178,0.997527377056997,0.997527377056997,0.9980732657060567,0.997527377056997
0.9999999999989939,0.8519528000888387,0.4378234991142018,0.4378234991142018,0.5,0.3208213073183839,0.22270013882530884,0.09534946232842245,0.09534946232842245,0.07585817323116975,0.07585817323116975,0.11920291732853862,0.09534946232842245,0.07585817323116975,0.07585817323116975,0.1824255149165352,0.11920291732853862,0.1824255149165352,0.11920291732853862,0.1824255149165352,0.1824255149165352
0.9999999999705993,0.9999832985701905,0.9999417087274893,0.9998415637640005,0.9998766053808288,0.9997388096898188,0.999290329695098,0.99966464996832,0.9994472214475559,0.9998415637640005,0.9997388096898188,0.9999417087274893,0.9999724643121783,0.9997965729534201,0.9994472214475559,0.99966464996832,0.9999417087274893,0.9999832985701905,0.9990889486412498,0.9997965729534201,0.9998415637640005
0.9999999999999174,0.9998766053808288,0.9988304896995872,0.9988304896995872,0.9980732657060567,0.9933071487351834,0.9890130584218833,0.9859363735766059,0.9770226275810572,0.9933071487351834,0.9890130584218833,0.9859363735766059,0.9770226275810572,0.9820137881297458,0.9706877672877217,0.9770226275810572,0.9525741264858409,0.9399133496156019,0.9241418267688302,0.9525741264858409,0.9241418267688302
0.9999999999942106,0.999999855501979,0.9999999317439628,0.999999855501979,0.9999996940976636,0.9999991684720715,0.9999996072136592,0.9999993524054335,0.9999989322970027,0.9999993524054335,0.9999993524054335,0.9999991684720715,0.9999993524054335,0.9999996940976636,0.9999982396569965,0.9999982396569965,0.99999627336116,0.99999627336116,0.9999986290421394,0.9999970976880148,0.9999986290421394
0.999999999868235,0.03732688948593844,0.09534946232842245,0.06008665038439803,0.047425873514159125,0.1824255149165352,0.37754066879814546,0.14804719991116141,0.09534946232842245,0.11920291732853862,0.02297737241894287,0.0293122327122782,0.047425873514159125,0.11920291732853862,0.1824255149165352,0.11920291732853862,0.07585817323116975,0.07585817323116975,0.11920291732853862,0.11920291732853862,0.09534946232842245
0.9999999999996734,0.9999993524054335,0.9999989322970027,0.9999982396569965,0.9999982396569965,0.9999977396748937,0.9999989322970027,0.9999977396748937,0.9999832985701905,0.9999832985701905,0.9999869928761862,0.9999952149055052,0.9999921107355332,0.9999970976880148,0.9999977396748937,0.9999938558224682,0.9999938558224682,0.9999785550413585,0.99999627336116,0.9999970976880148,0.9999970976880148
0.9999999999992164,0.9999251537370122,0.9999546021475793,0.9999251537370122,0.9999251537370122,0.9998415637640005,0.9998415637640005,0.9997388096898188,0.9998766053808288,0.9999546021475793,0.9999251537370122,0.9998766053808288,0.9999546021475793,0.9999724643121783,0.9999546021475793,0.9999417087274893,0.9999038976078543,0.9997965729534201,0.9997965729534201,0.9999251537370122,0.9997965729534201
0.999999999987744,0.9999038976078543,0.99966464996832,0.9997388096898188,0.9998415637640005,0.9999251537370122,0.9998415637640005,0.9997965729534201,0.9999038976078543,0.9999038976078543,0.9999038976078543,0.9999251537370122,0.9999546021475793,0.9999251537370122,0.9999646437450657,0.9998766053808288,0.9999038976078543,0.9999251537370122,0.9999038976078543,0.9999038976078543,0.9997388096898188
0.9999999847700205,0.9859363735766059,0.9914225147446858,0.9947798743644766,0.997527377056997,0.9980732657060567,0.9947798743644766,0.9959298622161507,0.9947798743644766,0.9959298622161507,0.9933071487351834,0.9968273169307178,0.9947798743644766,0.9968273169307178,0.997527377056997,0.9933071487351834,0.9914225147446858,0.9933071487351834,0.9890130584218833,0.9947798743644766,0.9947798743644766
0.9999999999995248,0.9947798743644766,0.9890130584218833,0.9959298622161507,0.9947798743644766,0.9959298622161507,0.9890130584218833,0.9914225147446858,0.9890130584218833,0.9947798743644766,0.9959298622161507,0.9959298622161507,0.9959298622161507,0.9968273169307178,0.9968273169307178,0.9933071487351834,0.9947798743644766,0.9914225147446858,0.9820137881297458,0.9859363735766059,0.9770226275810572
0.999999999979793,0.37754066879814546,0.3208213073183839,0.2689414213699951,0.1824255149165352,0.047425873514159125,0.1824255149165352,0.11920291732853862,0.1824255149165352,0.4378234991142018,0.37754066879814546,0.22270013882530884,0.1824255149165352,0.14804719991116141,0.047425873514159125,0.07585817323116975,0.07585817323116975,0.047425873514159125,0.02297737241894287,0.0293122327122782,0.02297737241894287
0.9999999999925664,0.9999982396569965,0.9999986290421394,0.9999994284997574,0.9999977396748937,0.99999627336116,0.9999952149055052,0.9999952149055052,0.9999977396748937,0.99999627336116,0.9999938558224682,0.9999921107355332,0.9999952149055052,0.9999898700126424,0.9999921107355332,0.9999952149055052,0.9999898700126424,0.9999986290421394,0.9999938558224682,0.9999938558224682,0.9999785550413585
0.9999999999998939,0.9999832985701905,0.9999724643121783,0.9999251537370122,0.9999724643121783,0.9999417087274893,0.9998766053808288,0.9998415637640005,0.9998766053808288,0.9999646437450657,0.9998415637640005,0.9994472214475559,0.9998415637640005,0.99966464996832,0.9995694429072771,0.9995694429072771,0.999290329695098,0.9984988180062319,0.997527377056997,0.99966464996832,0.999290329695098
0.9999999999998639,0.9999989322970027,0.9999970976880148,0.9999869928761862,0.9999785550413585,0.9999785550413585,0.9998766053808288,0.9995694429072771,0.99966464996832,0.9998766053808288,0.9998766053808288,0.9997965729534201,0.9998415637640005,0.9999038976078543,0.9999417087274893,0.9997388096898188,0.9984988180062319,0.999290329695098,0.9988304896995872,0.9998415637640005,0.9994472214475559
0.9999999943972036,0.9706877672877217,0.9984988180062319,0.9984988180062319,0.9990889486412498,0.9990889486412498,0.9994472214475559,0.9995694429072771,0.9994472214475559,0.99966464996832,0.9988304896995872,0.9988304896995872,0.999290329695098,0.9990889486412498,0.9994472214475559,0.9995694429072771,0.999290329695098,0.999290329695098,0.99966464996832,0.9994472214475559,0.9997388096898188
0.9999999999705993,0.9999990577554061,0.9999991684720715,0.9999996072136592,0.9999994956523514,0.9999952149055052,0.9999938558224682,0.9999938558224682,0.9999970976880148,0.9999994956523514,0.9999989322970027,0.9999970976880148,0.9999986290421394,0.9999986290421394,0.9999982396569965,0.9999921107355332,0.9999785550413585,0.9999970976880148,0.9999921107355332,0.9999898700126424,0.9999952149055052
0.9999999999915765,0.9859363735766059,0.9770226275810572,0.9706877672877217,0.8807970826714614,0.8807970826714614,0.8175744850834648,0.8175744850834648,0.9046505376715775,0.7310585786300049,0.8175744850834648,0.8175744850834648,0.7310585786300049,0.5,0.6791786926816161,0.4378234991142018,0.5621765008857981,0.6224593312018546,0.2689414213699951,0.7310585786300049,0.4378234991142018
0.9999999999995806,0.9999999865595903,0.99999998813888,0.9999999804443193,0.9999999804443193,0.9999999907625504,0.9999999468421502,0.9999999123575151,0.9999999677581336,0.9999999804443193,0.9999998874648245,0.9999999317439628,0.9999999586006244,0.9999999123575151,0.9999999586006244,0.999999855501979,0.999999855501979,0.9999998874648245,0.9999999123575151,0.9999999468421502,0.9999999677581336
0.99999999999886,0.9999646437450657,0.9999952149055052,0.9999898700126424,0.9999952149055052,0.9999938558224682,0.9999898700126424,0.9999417087274893,0.9999417087274893,0.9999417087274893,0.9999038976078543,0.9998766053808288,0.9999251537370122,0.9999646437450657,0.9999251537370122,0.9997388096898188,0.9999038976078543,0.9997388096898188,0.9998766053808288,0.9999251537370122,0.9998415637640005
0.9999999999996734,0.99999627336116,0.9999982396569965,0.9999967112493664,0.9999967112493664,0.99999627336116,0.99999627336116,0.9999990577554061,0.9999986290421394,0.9999993524054335,0.9999989322970027,0.9999977396748937,0.9999982396569965,0.9999977396748937,0.9999938558224682,0.9999921107355332,0.9999832985701905,0.9999898700126424,0.9999921107355332,0.9999921107355332,0.9999921107355332
0.9999999804443193,0.07585817323116975,0.3208213073183839,0.1824255149165352,0.06008665038439803,0.03732688948593844,0.02297737241894287,0.01798621187025419,0.014063626423394072,0.07585817323116975,0.047425873514159125,0.047425873514159125,0.03732688948593844,0.0293122327122782,0.03732688948593844,0.014063626423394072,0.01798621187025419,0.01798621187025419,0.010986941578116867,0.0293122327122782,0.014063626423394072
0.9999999999981204,0.9988304896995872,0.9980732657060567,0.9968273169307178,0.9984988180062319,0.9968273169307178,0.9959298622161507,0.9947798743644766,0.9933071487351834,0.997527377056997,0.9959298622161507,0.9984988180062319,0.9968273169307178,0.9959298622161507,0.9984988180062319,0.9988304896995872,0.9990889486412498,0.9988304896995872,0.997527377056997,0.9988304896995872,0.9980732657060567
0.9999999999740539,0.997527377056997,0.9995694429072771,0.997527377056997,0.9984988180062319,0.9984988180062319,0.999290329695098,0.9959298622161507,0.9947798743644766,0.9933071487351834,0.9947798743644766,0.9959298622161507,0.9959298622161507,0.9947798743644766,0.9947798743644766,0.9914225147446858,0.9890130584218833,0.9933071487351834,0.9947798743644766,0.997527377056997,0.9914225147446858
0.9999999999981204,0.9933071487351834,0.9706877672877217,0.8519528000888387,0.8175744850834648,0.7310585786300049,0.8807970826714614,0.8519528000888387,0.9046505376715775,0.9626731105140616,0.9399133496156019,0.8519528000888387,0.7310585786300049,0.7772998611746911,0.8175744850834648,0.6791786926816161,0.5621765008857981,0.5,0.6224593312018546,0.9046505376715775,0.9046505376715775
0.9999999999740539,0.6791786926816161,0.7310585786300049,0.9525741264858409,0.9626731105140616,0.9933071487351834,0.9947798743644766,0.9890130584218833,0.9914225147446858,0.9933071487351834,0.9859363735766059,0.9859363735766059,0.9706877672877217,0.9399133496156019,0.8175744850834648,0.8519528000888387,0.9241418267688302,0.5,0.7310585786300049,0.8519528000888387,0.9525741264858409
0.9999999999993898,0.9999724643121783,0.999985261010999,0.9999898700126424,0.9999724643121783,0.9998415637640005,0.9997965729534201,0.9997388096898188,0.9999038976078543,0.9999869928761862,0.9999417087274893,0.9998415637640005,0.9997388096898188,0.9997388096898188,0.99966464996832,0.9994472214475559,0.9997388096898188,0.9999038976078543,0.9999251537370122,0.9995694429072771,0.9997388096898188
0.9999999999992164,0.9999996072136592,0.9999952149055052,0.9999986290421394,0.9999898700126424,0.9999546021475793,0.9999646437450657,0.9999898700126424,0.9999898700126424,0.9999832985701905,0.9999785550413585,0.9999646437450657,0.9999546021475793,0.9999417087274893,0.9998415637640005,0.9999546021475793,0.9999546021475793,0.9999038976078543,0.9998766053808288,0.9999251537370122,0.9999251537370122
0.999999999996021,0.9999999778405106,0.9999998362622942,0.9999994956523514,0.9999952149055052,0.9999970976880148,0.99999627336116,0.9999546021475793,0.9999724643121783,0.9999952149055052,0.9999832985701905,0.9999724643121783,0.9999869928761862,0.9999038976078543,0.99966464996832,0.99966464996832,0.9998415637640005,0.9999038976078543,0.9994472214475559,0.9998766053808288,0.9998415637640005
0.9999999804443193,0.9999986290421394,0.9999989322970027,0.9999990577554061,0.9999997617630333,0.9999998362622942,0.9999997300421583,0.9999997300421583,0.9999994284997574,0.9999996940976636,0.9999996072136592,0.9999997617630333,0.9999999123575151,0.999999855501979,0.9999998874648245,0.999999939764258,0.9999999006880549,0.999999855501979,0.9999997300421583,0.999999939764258,0.9999999634651793
0.9999999999942106,0.047425873514159125,0.09534946232842245,0.14804719991116141,0.11920291732853862,0.07585817323116975,0.11920291732853862,0.09534946232842245,0.14804719991116141,0.22270013882530884,0.14804719991116141,0.09534946232842245,0.11920291732853862,0.09534946232842245,0.09534946232842245,0.047425873514159125,0.06008665038439803,0.03732688948593844,0.047425873514159125,0.14804719991116141,0.07585817323116975
0.9999999999998253,0.9999038976078543,0.999290329695098,0.9980732657060567,0.997527377056997,0.9968273169307178,0.9990889486412498,0.9994472214475559,0.9988304896995872,0.9984988180062319,0.997527377056997,0.9959298622161507,0.997527377056997,0.997527377056997,0.997527377056997,0.997527377056997,0.9947798743644766,0.9947798743644766,0.9859363735766059,0.9933071487351834,0.9933071487351834
0.999999999979793,0.9998415637640005,0.9998766053808288,0.9998415637640005,0.9999038976078543,0.9998415637640005,0.9997965729534201,0.9999251537370122,0.9998766053808288,0.9999251537370122,0.9999417087274893,0.9999038976078543,0.9999251537370122,0.9999038976078543,0.9999038976078543,0.9999038976078543,0.9997965729534201,0.9997388096898188,0.9998415637640005,0.9998415637640005,0.9998415637640005
0.9999999987498471,0.9984988180062319,0.9994472214475559,0.9988304896995872,0.9980732657060567,0.9988304896995872,0.9980732657060567,0.997527377056997,0.9968273169307178,0.997527377056997,0.9968273169307178,0.9984988180062319,0.9988304896995872,0.9988304896995872,0.9988304896995872,0.9988304896995872,0.9988304896995872,0.9984988180062319,0.997527377056997,0.9968273169307178,0.9959298622161507
0.99999998813888,0.9999599363078028,0.9999970976880148,0.9999982396569965,0.9999997617630333,0.9999994956523514,0.9999996072136592,0.9999993524054335,0.9999994956523514,0.9999997300421583,0.9999994956523514,0.9999998874648245,0.9999999123575151,0.999999872480942,0.9999999847700205,0.9999998874648245,0.9999997617630333,0.999999855501979,0.9999996940976636,0.9999999006880549,0.9999997617630333
0.9999999999993086,0.9999898700126424,0.9999724643121783,0.9999251537370122,0.9999038976078543,0.99966464996832,0.999290329695098,0.9994472214475559,0.9998766053808288,0.9999417087274893,0.9999646437450657,0.9999724643121783,0.9999038976078543,0.9999417087274893,0.9998766053808288,0.99966464996832,0.9990889486412498,0.9988304896995872,0.99966464996832,0.99966464996832,0.9990889486412498
0.9999999999821676,0.9890130584218833,0.9914225147446858,0.9933071487351834,0.9933071487351834,0.9968273169307178,0.9933071487351834,0.9947798743644766,0.9947798743644766,0.9980732657060567,0.9968273169307178,0.9968273169307178,0.9959298622161507,0.9968273169307178,0.9947798743644766,0.9959298622161507,0.9933071487351834,0.9933071487351834,0.9859363735766059,0.9859363735766059,0.9859363735766059
0.9999999999991123,0.9999251537370122,0.9999832985701905,0.9999921107355332,0.9999921107355332,0.9999832985701905,0.9999785550413585,0.9999898700126424,0.9999869928761862,0.9999785550413585,0.9999724643121783,0.9999038976078543,0.9999646437450657,0.9999546021475793,0.9999417087274893,0.9999251537370122,0.9998766053808288,0.9999251537370122,0.9999417087274893,0.9999417087274893,0.9999038976078543
0.9999999999821676,0.9999987901340281,0.9999991684720715,0.9999982396569965,0.9999970976880148,0.9999977396748937,0.9999996072136592,0.9999994956523514,0.9999996072136592,0.9999996072136592,0.9999994956523514,0.9999996533672549,0.9999996940976636,0.9999996072136592,0.9999992661791944,0.9999993524054335,0.9999986290421394,0.9999982396569965,0.9999986290421394,0.9999994956523514,0.9999994956523514
0.9999999987498471,0.9890130584218833,0.9947798743644766,0.9980732657060567,0.9984988180062319,0.997527377056997,0.9984988180062319,0.9968273169307178,0.9959298622161507,0.997527377056997,0.9947798743644766,0.9947798743644766,0.9947798743644766,0.9933071487351834,0.9859363735766059,0.9820137881297458,0.9706877672877217,0.9820137881297458,0.9859363735766059,0.9914225147446858,0.9770226275810572
0.9999999999989939,0.9959298622161507,0.9914225147446858,0.9933071487351834,0.9947798743644766,0.9859363735766059,0.9933071487351834,0.9933071487351834,0.9914225147446858,0.9890130584218833,0.9820137881297458,0.9859363735766059,0.9890130584218833,0.9914225147446858,0.9820137881297458,0.9706877672877217,0.9706877672877217,0.9914225147446858,0.9947798743644766,0.9947798743644766,0.9933071487351834
0.9999999804443193,0.010986941578116867,0.01798621187025419,0.014063626423394072,0.010986941578116867,0.010986941578116867,0.005220125635523486,0.01798621187025419,0.006692851264816553,0.0031726830692822717,0.006692851264816553,0.004070137783849419,0.002472622943003016,0.005220125635523486,0.00857748525531428,0.001926734293943221,0.0015011819937681247,0.005220125635523486,0.0031726830692822717,0.002472622943003016,0.0031726830692822717
0.9999999999985363,0.9999646437450657,0.9999869928761862,0.9999546021475793,0.9999546021475793,0.9999832985701905,0.9999417087274893,0.9999646437450657,0.9999785550413585,0.9999724643121783,0.9999724643121783,0.9998415637640005,0.9999251537370122,0.9999546021475793,0.9999417087274893,0.9999546021475793,0.9998766053808288,0.9998415637640005,0.9998766053808288,0.9997388096898188,0.9994472214475559
0.9999999999294713,0.9984988180062319,0.9968273169307178,0.9947798743644766,0.9947798743644766,0.9914225147446858,0.9947798743644766,0.9933071487351834,0.9959298622161507,0.997527377056997,0.9959298622161507,0.9933071487351834,0.9933071487351834,0.9770226275810572,0.9525741264858409,0.9399133496156019,0.9820137881297458,0.9626731105140616,0.9399133496156019,0.9626731105140616,0.9525741264858409
0.9999999999985363,0.8175744850834648,0.8519528000888387,0.9241418267688302,0.9706877672877217,0.9399133496156019,0.9626731105140616,0.9525741264858409,0.9399133496156019,0.9626731105140616,0.9399133496156019,0.9626731105140616,0.9626731105140616,0.9706877672877217,0.9399133496156019,0.9399133496156019,0.9525741264858409,0.9046505376715775,0.9046505376715775,0.9399133496156019,0.8519528000888387
0.9999999999934397,0.9999989322970027,0.9999994956523514,0.9999993524054335,0.9999974387187054,0.9999967112493664,0.9999921107355332,0.9999989322970027,0.99999627336116,0.9999970976880148,0.9999921107355332,0.9999938558224682,0.9999970976880148,0.9999832985701905,0.9999921107355332,0.9999785550413585,0.9999832985701905,0.9999921107355332,0.9999898700126424,0.9999970976880148,0.9999832985701905
0.9999999999981204,0.9999038976078543,0.9999038976078543,0.9999251537370122,0.9999038976078543,0.9999251537370122,0.9997388096898188,0.9997388096898188,0.9997965729534201,0.9997388096898188,0.9998766053808288,0.9997965729534201,0.9998415637640005,0.9999038976078543,0.99966464996832,0.9994472214475559,0.9995694429072771,0.9994472214475559,0.997527377056997,0.9988304896995872,0.9988304896995872
0.9999999999954912,0.9984988180062319,0.9980732657060567,0.9914225147446858,0.9890130584218833,0.9890130584218833,0.9947798743644766,0.9859363735766059,0.9820137881297458,0.9914225147446858,0.9626731105140616,0.9706877672877217,0.9706877672877217,0.9770226275810572,0.9820137881297458,0.9770226275810572,0.9706877672877217,0.9770226275810572,0.9626731105140616,0.9820137881297458,0.9770226275810572
0.9999999999997118,0.9999417087274893,0.9998415637640005,0.99966464996832,0.9990889486412498,0.9994472214475559,0.9994472214475559,0.9988304896995872,0.9984988180062319,0.9984988180062319,0.9980732657060567,0.9988304896995872,0.9988304896995872,0.997527377056997,0.9968273169307178,0.9947798743644766,0.9947798743644766,0.9933071487351834,0.9890130584218833,0.9859363735766059,0.9770226275810572
0.9999999999993898,0.9998766053808288,0.9999038976078543,0.9998766053808288,0.9999724643121783,0.9999417087274893,0.9999417087274893,0.9999417087274893,0.9999417087274893,0.9999038976078543,0.99966464996832,0.999290329695098,0.9990889486412498,0.99966464996832,0.9988304896995872,0.9980732657060567,0.9980732657060567,0.9947798743644766,0.9968273169307178,0.9988304896995872,0.9959298622161507
0.9999999999999356,0.9980732657060567,0.9890130584218833,0.9626731105140616,0.8807970826714614,0.8519528000888387,0.6791786926816161,0.5621765008857981,0.7310585786300049,0.8175744850834648,0.9046505376715775,0.8519528000888387,0.8175744850834648,0.4378234991142018,0.5,0.37754066879814546,0.07585817323116975,0.3208213073183839,0.37754066879814546,0.11920291732853862,0.06008665038439803
0.9999999999964886,0.9999724643121783,0.9999785550413585,0.9999938558224682,0.9999970976880148,0.9999986290421394,0.9999986290421394,0.9999991684720715,0.9999993524054335,0.9999996072136592,0.9999993524054335,0.9999996940976636,0.9999991684720715,0.9999994956523514,0.9999994956523514,0.9999993524054335,0.9999989322970027,0.9999986290421394,0.9999986290421394,0.9999989322970027,0.9999989322970027
0.99999999999886,0.9990889486412498,0.9988304896995872,0.9990889486412498,0.9980732657060567,0.997527377056997,0.9980732657060567,0.9984988180062319,0.9980732657060567,0.9980732657060567,0.997527377056997,0.997527377056997,0.9968273169307178,0.9990889486412498,0.9984988180062319,0.9984988180062319,0.9980732657060567,0.9984988180062319,0.9990889486412498,0.9990889486412498,0.9959298622161507
0.9999999928058669,0.9998911030646597,0.9999646437450657,0.9999724643121783,0.9999339478395424,0.9999417087274893,0.9999151889585819,0.9999417087274893,0.9999810748540133,0.9999832985701905,0.999985261010999,0.999948557786326,0.9999417087274893,0.9999417087274893,0.999948557786326,0.9999417087274893,0.9999251537370122,0.9999417087274893,0.9999417087274893,0.9999546021475793,0.9999251537370122
0.9999999999999656,0.9999999715466527,0.9999974387187054,0.9999967112493664,0.99999627336116,0.9999898700126424,0.9999970976880148,0.99999627336116,0.9999832985701905,0.99999627336116,0.9999832985701905,0.9999832985701905,0.9999724643121783,0.9999898700126424,0.9999646437450657,0.9999646437450657,0.9999832985701905,0.9999724643121783,0.9999921107355332,0.9999869928761862,0.9999921107355332
0.9999999677581336,0.9890130584218833,0.9959298622161507,0.9914225147446858,0.9959298622161507,0.9968273169307178,0.9959298622161507,0.9959298622161507,0.9933071487351834,0.9947798743644766,0.9933071487351834,0.9968273169307178,0.9914225147446858,0.9859363735766059,0.9859363735766059,0.9626731105140616,0.9770226275810572,0.9859363735766059,0.9820137881297458,0.9890130584218833,0.9890130584218833
0.9999999999996734,0.9999991684720715,0.9999994956523514,0.9999995549147359,0.9999994284997574,0.9999996940976636,0.9999989322970027,0.9999980052700407,0.9999982396569965,0.9999993524054335,0.9999996072136592,0.9999991684720715,0.999999814460854,0.9999996940976636,0.9999997617630333,0.9999986290421394,0.9999989322970027,0.9999996940976636,0.9999986290421394,0.999999814460854,0.9999996072136592
0.9999999999450722,0.9820137881297458,0.9890130584218833,0.9859363735766059,0.9770226275810572,0.9859363735766059,0.9820137881297458,0.9933071487351834,0.9859363735766059,0.9706877672877217,0.9770226275810572,0.9770226275810572,0.9859363735766059,0.9890130584218833,0.9859363735766059,0.9770226275810572,0.9706877672877217,0.9770226275810572,0.9525741264858409,0.9859363735766059,0.9706877672877217
0.999999999987744,0.3208213073183839,0.3208213073183839,0.5621765008857981,0.5621765008857981,0.5621765008857981,0.5621765008857981,0.6224593312018546,0.37754066879814546,0.22270013882530884,0.2689414213699951,0.1824255149165352,0.37754066879814546,0.3208213073183839,0.22270013882530884,0.11920291732853862,0.047425873514159125,0.0293122327122782,0.06008665038439803,0.047425873514159125,0.047425873514159125
0.9999996072136592,0.997527377056997,0.9959298622161507,0.997527377056997,0.9968273169307178,0.9933071487351834,0.9947798743644766,0.9914225147446858,0.9959298622161507,0.9914225147446858,0.9890130584218833,0.9890130584218833,0.9770226275810572,0.9820137881297458,0.9820137881297458,0.9820137881297458,0.9820137881297458,0.9859363735766059,0.9770226275810572,0.9626731105140616,0.9399133496156019
0.9999999999992164,0.9999945777829692,0.9999999317439628,0.9999999778405106,0.9999999847700205,0.9999999827421723,0.9999999226557778,0.9999999226557778,0.9999999468421502,0.999999974890009,0.9999999907625504,0.999999974890009,0.9999999804443193,0.9999999677581336,0.9999999317439628,0.999999814460854,0.999999855501979,0.9999999468421502,0.9999999468421502,0.999999974890009,0.9999999677581336
0.999999999989184,0.9999930377420901,0.9999921107355332,0.9999910603004984,0.9999898700126424,0.9999898700126424,0.9999785550413585,0.9999898700126424,0.9999869928761862,0.9999952149055052,0.9999921107355332,0.9999646437450657,0.9999832985701905,0.9999921107355332,0.9999921107355332,0.9999921107355332,0.9999724643121783,0.9999546021475793,0.9999646437450657,0.9999832985701905,0.9999646437450657
0.9999999999942106,0.9988304896995872,0.999290329695098,0.9988304896995872,0.9990889486412498,0.9980732657060567,0.997527377056997,0.9933071487351834,0.9947798743644766,0.9988304896995872,0.997527377056997,0.9980732657060567,0.9990889486412498,0.9980732657060567,0.9968273169307178,0.9947798743644766,0.9914225147446858,0.9968273169307178,0.9959298622161507,0.9890130584218833,0.9914225147446858
0.9999999999985363,0.3208213073183839,0.6791786926816161,0.7772998611746911,0.8519528000888387,0.7772998611746911,0.4378234991142018,0.1824255149165352,0.6224593312018546,0.5621765008857981,0.8519528000888387,0.7772998611746911,0.5,0.5621765008857981,0.5621765008857981,0.14804719991116141,0.22270013882530884,0.4378234991142018,0.1824255149165352,0.3208213073183839,0.047425873514159125
0.9999999999622486,0.6224593312018546,0.5621765008857981,0.5621765008857981,0.3208213073183839,0.11920291732853862,0.14804719991116141,0.22270013882530884,0.3208213073183839,0.3208213073183839,0.1824255149165352,0.14804719991116141,0.07585817323116975,0.047425873514159125,0.06008665038439803,0.07585817323116975,0.047425873514159125,0.06008665038439803,0.06008665038439803,0.09534946232842245,0.06008665038439803
0.9999999999934397,0.9999038976078543,0.9998766053808288,0.9999151889585819,0.999948557786326,0.9999038976078543,0.9998415637640005,0.9999417087274893,0.9999251537370122,0.9999646437450657,0.9999546021475793,0.9999646437450657,0.9999646437450657,0.9999251537370122,0.9999251537370122,0.9997965729534201,0.9997388096898188,0.9997965729534201,0.9997388096898188,0.9999417087274893,0.9999038976078543
0.9999999999995248,0.9999869928761862,0.9999038976078543,0.9997965729534201,0.9995694429072771,0.9994472214475559,0.9990889486412498,0.9988304896995872,0.9980732657060567,0.999290329695098,0.99966464996832,0.9994472214475559,0.9990889486412498,0.9984988180062319,0.9980732657060567,0.9984988180062319,0.9947798743644766,0.9980732657060567,0.9959298622161507,0.997527377056997,0.997527377056997
0.9999999999998019,0.9999938558224682,0.9999646437450657,0.9998415637640005,0.9997965729534201,0.9999251537370122,0.9999724643121783,0.9999546021475793,0.9999546021475793,0.9999417087274893,0.9999251537370122,0.9999038976078543,0.9997388096898188,0.9998766053808288,0.9997965729534201,0.9995694429072771,0.9990889486412498,0.9995694429072771,0.9980732657060567,0.9988304896995872,0.9994472214475559
0.9999999804443193,0.999290329695098,0.9994472214475559,0.9994472214475559,0.9995694429072771,0.9990889486412498,0.9984988180062319,0.9980732657060567,0.9988304896995872,0.9988304896995872,0.9994472214475559,0.9994472214475559,0.9968273169307178,0.9959298622161507,0.9990889486412498,0.9994472214475559,0.9990889486412498,0.9994472214475559,0.997527377056997,0.9994472214475559,0.9994472214475559
0.9999999999997455,0.9988304896995872,0.9914225147446858,0.997527377056997,0.9980732657060567,0.9959298622161507,0.9959298622161507,0.9890130584218833,0.9820137881297458,0.9399133496156019,0.9706877672877217,0.9525741264858409,0.9525741264858409,0.9626731105140616,0.9046505376715775,0.9241418267688302,0.7772998611746911,0.7772998611746911,0.7310585786300049,0.9241418267688302,0.9241418267688302
0.999999999987744,0.9998415637640005,0.9995694429072771,0.999290329695098,0.997527377056997,0.9968273169307178,0.9968273169307178,0.9984988180062319,0.9968273169307178,0.9968273169307178,0.9984988180062319,0.9959298622161507,0.9980732657060567,0.9980732657060567,0.9984988180062319,0.997527377056997,0.9980732657060567,0.9980732657060567,0.997527377056997,0.9988304896995872,0.9968273169307178
0.9999999999999356,0.9980732657060567,0.9968273169307178,0.9968273169307178,0.997527377056997,0.9988304896995872,0.9990889486412498,0.9988304896995872,0.9980732657060567,0.9988304896995872,0.9959298622161507,0.9980732657060567,0.997527377056997,0.9980732657060567,0.9959298622161507,0.997527377056997,0.9968273169307178,0.997527377056997,0.9959298622161507,0.9968273169307178,0.9959298622161507
0.9999999999997755,0.9999982396569965,0.9999970976880148,0.9999982396569965,0.9999952149055052,0.9999869928761862,0.9999952149055052,0.9999785550413585,0.9999546021475793,0.9999646437450657,0.9999832985701905,0.9998766053808288,0.9998415637640005,0.9997388096898188,0.9995694429072771,0.9995694429072771,0.9984988180062319,0.9990889486412498,0.997527377056997,0.9959298622161507,0.9914225147446858
0.9999999804443193,0.9984988180062319,0.9995694429072771,0.9995694429072771,0.999290329695098,0.99966464996832,0.999290329695098,0.99966464996832,0.9990889486412498,0.9997388096898188,0.9994472214475559,0.9990889486412498,0.9995694429072771,0.9995694429072771,0.9995694429072771,0.9994472214475559,0.9980732657060567,0.9990889486412498,0.997527377056997,0.9984988180062319,0.9988304896995872
0.9999999979388463,0.7310585786300049,0.8175744850834648,0.6791786926816161,0.5621765008857981,0.8175744850834648,0.8175744850834648,0.7310585786300049,0.5621765008857981,0.5621765008857981,0.6224593312018546,0.7772998611746911,0.6224593312018546,0.6224593312018546,0.5621765008857981,0.37754066879814546,0.37754066879814546,0.5,0.3208213073183839,0.5621765008857981,0.6224593312018546
0.9999999999997118,0.9999832985701905,0.9998766053808288,0.9990889486412498,0.9994472214475559,0.9997388096898188,0.9997388096898188,0.999290329695098,0.9994472214475559,0.9984988180062319,0.9988304896995872,0.9990889486412498,0.9980732657060567,0.9988304896995872,0.9990889486412498,0.9990889486412498,0.997527377056997,0.997527377056997,0.9984988180062319,0.9984988180062319,0.9980732657060567
0.9999999586006244,0.9999785550413585,0.9999785550413585,0.9999251537370122,0.9999546021475793,0.9999646437450657,0.9999546021475793,0.9999251537370122,0.9999251537370122,0.9999251537370122,0.9999646437450657,0.9999785550413585,0.9999869928761862,0.9999646437450657,0.9999646437450657,0.9999417087274893,0.9999546021475793,0.9999251537370122,0.9999417087274893,0.9998415637640005,0.9999251537370122
0.9999999999925664,0.9990889486412498,0.999290329695098,0.9994472214475559,0.99966464996832,0.99966464996832,0.999290329695098,0.9995694429072771,0.9997388096898188,0.9998766053808288,0.9999417087274893,0.9999038976078543,0.9999251537370122,0.9999417087274893,0.9999038976078543,0.99966464996832,0.9995694429072771,0.9994472214475559,0.9994472214475559,0.9988304896995872,0.9995694429072771
0.9999999999993086,0.997527377056997,0.9984988180062319,0.9990889486412498,0.9984988180062319,0.997527377056997,0.9988304896995872,0.999290329695098,0.9994472214475559,0.99966464996832,0.9994472214475559,0.9997388096898188,0.9997388096898188,0.9995694429072771,0.99966464996832,0.999290329695098,0.9990889486412498,0.999290329695098,0.9980732657060567,0.9988304896995872,0.997527377056997
0.9999999999999656,0.9999999317439628,0.9999986290421394,0.9999982396569965,0.9999982396569965,0.9999977396748937,0.9999921107355332,0.9999970976880148,0.9999982396569965,0.9999970976880148,0.9999952149055052,0.9999869928761862,0.9999970976880148,0.9999952149055052,0.9999970976880148,0.9999982396569965,0.9999869928761862,0.9999921107355332,0.9999898700126424,0.9999921107355332,0.9999785550413585
0.999999999990455,0.9999982396569965,0.99999627336116,0.9999989322970027,0.99999627336116,0.9999986290421394,0.9999977396748937,0.9999989322970027,0.9999989322970027,0.9999989322970027,0.99999627336116,0.9999970976880148,0.9999977396748937,0.9999970976880148,0.9999989322970027,0.99999627336116,0.99999627336116,0.99999627336116,0.9999832985701905,0.9999921107355332,0.9999898700126424
0.9999999999934397,0.9988304896995872,0.9980732657060567,0.9990889486412498,0.9994472214475559,0.9990889486412498,0.9995694429072771,0.9988304896995872,0.997527377056997,0.9968273169307178,0.9914225147446858,0.9959298622161507,0.9947798743644766,0.9980732657060567,0.997527377056997,0.9980732657060567,0.9947798743644766,0.9959298622161507,0.9959298622161507,0.9980732657060567,0.9968273169307178
0.9999999999740539,0.8807970826714614,0.9626731105140616,0.9399133496156019,0.9046505376715775,0.8175744850834648,0.6224593312018546,0.6224593312018546,0.4378234991142018,0.37754066879814546,0.3208213073183839,0.11920291732853862,0.07585817323116975,0.14804719991116141,0.14804719991116141,0.09534946232842245,0.09534946232842245,0.11920291732853862,0.09534946232842245,0.14804719991116141,0.07585817323116975
0.9999999999993898,0.9999986290421394,0.9999957771650452,0.999985261010999,0.9999546021475793,0.9998766053808288,0.9999785550413585,0.9999832985701905,0.9999869928761862,0.9999898700126424,0.9999785550413585,0.9999646437450657,0.9998766053808288,0.9999646437450657,0.9998415637640005,0.9997388096898188,0.9997965729534201,0.9997388096898188,0.9997388096898188,0.9998766053808288,0.9997965729534201
0.9999999999999432,0.9998415637640005,0.9999251537370122,0.9984988180062319,0.9968273169307178,0.997527377056997,0.9959298622161507,0.9820137881297458,0.9859363735766059,0.9947798743644766,0.9947798743644766,0.9968273169307178,0.9959298622161507,0.9947798743644766,0.9820137881297458,0.9399133496156019,0.9770226275810572,0.9914225147446858,0.9890130584218833,0.9933071487351834,0.9947798743644766
0.999999999979793,0.9999251537370122,0.9999417087274893,0.9999417087274893,0.99966464996832,0.9997965729534201,0.9997388096898188,0.9998415637640005,0.9999038976078543,0.9999038976078543,0.9998766053808288,0.9998766053808288,0.99966464996832,0.9995694429072771,0.9994472214475559,0.9997388096898188,0.9995694429072771,0.9984988180062319,0.9994472214475559,0.999290329695098,0.999290329695098
0.9999999999987081,0.9997965729534201,0.999290329695098,0.999290329695098,0.9994472214475559,0.999290329695098,0.999290329695098,0.9995694429072771,0.999290329695098,0.999290329695098,0.999290329695098,0.9990889486412498,0.9995694429072771,0.9998415637640005,0.99966464996832,0.99966464996832,0.99966464996832,0.9997388096898188,0.9997388096898188,0.9999038976078543,0.9995694429072771
0.9999999943972036,0.6791786926816161,0.7310585786300049,0.22270013882530884,0.37754066879814546,0.5621765008857981,0.8519528000888387,0.3208213073183839,0.5621765008857981,0.5621765008857981,0.1824255149165352,0.22270013882530884,0.22270013882530884,0.2689414213699951,0.4378234991142018,0.11920291732853862,0.06008665038439803,0.22270013882530884,0.3208213073183839,0.5,0.5
0.9999999999993086,0.9990889486412498,0.9988304896995872,0.9988304896995872,0.9968273169307178,0.9947798743644766,0.9890130584218833,0.9914225147446858,0.9914225147446858,0.999290329695098,0.9959298622161507,0.9959298622161507,0.9820137881297458,0.9914225147446858,0.9959298622161507,0.9820137881297458,0.9859363735766059,0.9968273169307178,0.9933071487351834,0.9959298622161507,0.9914225147446858
0.9999999999981204,0.010986941578116867,0.02297737241894287,0.010986941578116867,0.002472622943003016,0.0011695103004128338,0.0003353500316799018,0.0005527785524441057,0.0005527785524441057,0.00043055709272278825,0.00012339461917113592,0.0005527785524441057,0.00020342704657999323,0.00020342704657999323,0.0005527785524441057,0.0007096703049020563,0.0003353500316799018,0.0005527785524441057,0.00012339461917113592,0.0007096703049020563,0.0002611903101813263
0.999999999986112,0.9997965729534201,0.9994472214475559,0.9990889486412498,0.9994472214475559,0.99966464996832,0.9990889486412498,0.9984988180062319,0.9995694429072771,0.99966464996832,0.9988304896995872,0.9980732657060567,0.9947798743644766,0.9968273169307178,0.9959298622161507,0.9968273169307178,0.9959298622161507,0.9959298622161507,0.9968273169307178,0.9968273169307178,0.9890130584218833
0.9999999999996734,0.9999997897566089,0.9999997617630333,0.9999997617630333,0.9999999006880549,0.9999999226557778,0.9999996072136592,0.9999996072136592,0.999999814460854,0.9999996533672549,0.9999989322970027,0.9999990577554061,0.9999997897566089,0.9999987901340281,0.9999987901340281,0.9999970976880148,0.9999977396748937,0.9999938558224682,0.99999627336116,0.9999989322970027,0.9999982396569965
0.9999999804443193,0.997527377056997,0.9988304896995872,0.9990889486412498,0.9990889486412498,0.9980732657060567,0.9980732657060567,0.9968273169307178,0.9959298622161507,0.9980732657060567,0.9959298622161507,0.997527377056997,0.9968273169307178,0.9968273169307178,0.9947798743644766,0.9820137881297458,0.9820137881297458,0.9890130584218833,0.9820137881297458,0.9890130584218833,0.9859363735766059
0.9999999999999356,0.9914225147446858,0.9914225147446858,0.9890130584218833,0.9820137881297458,0.9890130584218833,0.9399133496156019,0.9525741264858409,0.9626731105140616,0.9859363735766059,0.9770226275810572,0.9890130584218833,0.9820137881297458,0.9890130584218833,0.9706877672877217,0.9706877672877217,0.8807970826714614,0.8807970826714614,0.8807970826714614,0.9525741264858409,0.9706877672877217
0.9999999999996734,0.9990889486412498,0.9968273169307178,0.997527377056997,0.9980732657060567,0.9984988180062319,0.9968273169307178,0.997527377056997,0.9959298622161507,0.9959298622161507,0.9947798743644766,0.9890130584218833,0.9933071487351834,0.9859363735766059,0.9820137881297458,0.9890130584218833,0.9859363735766059,0.9770226275810572,0.9706877672877217,0.9820137881297458,0.9890130584218833
0.9999999999925664,0.9999986290421394,0.9999992661791944,0.9999996072136592,0.9999997897566089,0.9999997897566089,0.9999996072136592,0.999999855501979,0.9999999123575151,0.9999997897566089,0.9999997617630333,0.9999998362622942,0.9999999123575151,0.999999814460854,0.999999939764258,0.9999998362622942,0.9999997897566089,0.999999814460854,0.999999814460854,0.9999999123575151,0.999999855501979
0.9999999999294713,0.9994472214475559,0.9984988180062319,0.9988304896995872,0.9988304896995872,0.9968273169307178,0.9959298622161507,0.9914225147446858,0.9933071487351834,0.997527377056997,0.9947798743644766,0.997527377056997,0.9959298622161507,0.9959298622161507,0.9959298622161507,0.9914225147446858,0.9959298622161507,0.9914225147446858,0.9933071487351834,0.9959298622161507,0.9933071487351834
0.9999999999515263,0.99966464996832,0.9998766053808288,0.9999251537370122,0.9997388096898188,0.99966464996832,0.999290329695098,0.999290329695098,0.9990889486412498,0.9988304896995872,0.999290329695098,0.9980732657060567,0.9984988180062319,0.9980732657060567,0.9990889486412498,0.9980732657060567,0.9968273169307178,0.9980732657060567,0.9959298622161507,0.9980732657060567,0.9968273169307178
0.9999999966017321,0.9626731105140616,0.9820137881297458,0.9933071487351834,0.9947798743644766,0.9859363735766059,0.9890130584218833,0.9890130584218833,0.9859363735766059,0.9820137881297458,0.9626731105140616,0.9770226275810572,0.9525741264858409,0.9525741264858409,0.9626731105140616,0.9241418267688302,0.9399133496156019,0.9241418267688302,0.8807970826714614,0.9046505376715775,0.6224593312018546
0.9999999999989939,0.9706877672877217,0.9914225147446858,0.9947798743644766,0.9968273169307178,0.9947798743644766,0.9914225147446858,0.9890130584218833,0.9706877672877217,0.9770226275810572,0.9626731105140616,0.9770226275810572,0.9770226275810572,0.9626731105140616,0.9706877672877217,0.9046505376715775,0.9241418267688302,0.9626731105140616,0.9626731105140616,0.9525741264858409,0.7772998611746911
0.9999999999771028,0.7310585786300049,0.8519528000888387,0.6791786926816161,0.8175744850834648,0.6224593312018546,0.5,0.4378234991142018,0.6224593312018546,0.6791786926816161,0.5,0.3208213073183839,0.4378234991142018,0.3208213073183839,0.14804719991116141,0.11920291732853862,0.09534946232842245,0.09534946232842245,0.07585817323116975,0.2689414213699951,0.5
0.9999999999515263,0.8807970826714614,0.9770226275810572,0.9770226275810572,0.9859363735766059,0.9706877672877217,0.9706877672877217,0.9820137881297458,0.8175744850834648,0.8175744850834648,0.5621765008857981,0.5,0.6224593312018546,0.11920291732853862,0.37754066879814546,0.2689414213699951,0.37754066879814546,0.4378234991142018,0.3208213073183839,0.3208213073183839,0.07585817323116975
0.99999998813888,0.7310585786300049,0.8175744850834648,0.6224593312018546,0.7310585786300049,0.6791786926816161,0.37754066879814546,0.5621765008857981,0.4378234991142018,0.3208213073183839,0.4378234991142018,0.2689414213699951,0.3208213073183839,0.14804719991116141,0.1824255149165352,0.0293122327122782,0.09534946232842245,0.047425873514159125,0.0293122327122782,0.22270013882530884,0.06008665038439803
0.9999999999993898,0.9999970976880148,0.9999977396748937,0.9999989322970027,0.9999994284997574,0.9999994956523514,0.9999994956523514,0.9999996533672549,0.999999814460854,0.9999997617630333,0.9999997300421583,0.9999997617630333,0.999999814460854,0.999999872480942,0.9999999006880549,0.999999855501979,0.9999997617630333,0.999999814460854,0.999999814460854,0.9999996072136592,0.9999996072136592
0.9999999999842628,0.9990889486412498,0.9984988180062319,0.999290329695098,0.999290329695098,0.999290329695098,0.9990889486412498,0.9988304896995872,0.9994472214475559,0.9988304896995872,0.9968273169307178,0.9980732657060567,0.9980732657060567,0.9980732657060567,0.9968273169307178,0.9933071487351834,0.9890130584218833,0.9933071487351834,0.9890130584218833,0.9933071487351834,0.9820137881297458
0.9999999999992164,0.9994472214475559,0.9990889486412498,0.999290329695098,0.9984988180062319,0.9959298622161507,0.9959298622161507,0.9914225147446858,0.9820137881297458,0.9947798743644766,0.9820137881297458,0.9626731105140616,0.9706877672877217,0.9525741264858409,0.9241418267688302,0.7772998611746911,0.6791786926816161,0.9399133496156019,0.9241418267688302,0.9890130584218833,0.9706877672877217
0.9999999999987081,0.9999251537370122,0.99966464996832,0.9994472214475559,0.9995694429072771,0.9997388096898188,0.99966464996832,0.99966464996832,0.9997965729534201,0.9997388096898188,0.9999038976078543,0.9997965729534201,0.99966464996832,0.9998415637640005,0.9998766053808288,0.9997965729534201,0.999290329695098,0.9995694429072771,0.9995694429072771,0.99966464996832,0.99966464996832
0.9999999999995806,0.9980732657060567,0.99966464996832,0.9990889486412498,0.9988304896995872,0.999290329695098,0.999290329695098,0.999290329695098,0.9980732657060567,0.9988304896995872,0.9994472214475559,0.9995694429072771,0.999290329695098,0.9995694429072771,0.999290329695098,0.9990889486412498,0.9990889486412498,0.997527377056997,0.9933071487351834,0.9947798743644766,0.997527377056997
0.9999999999999432,0.9999999928058669,0.99999998813888,0.9999999468421502,0.9999999317439628,0.9999999586006244,0.9999999677581336,0.9999999677581336,0.9999999586006244,0.9999999677581336,0.9999999317439628,0.9999998874648245,0.9999999586006244,0.9999999468421502,0.9999999468421502,0.9999999317439628,0.9999999468421502,0.9999999123575151,0.999999855501979,0.9999998874648245,0.9999996940976636
0.9999999999995248,0.9999999634651793,0.9999999778405106,0.999999974890009,0.9999999907625504,0.9999999981810384,0.9999999970010391,0.9999999985833912,0.9999999987498471,0.9999999985833912,0.9999999979388463,0.999999996149258,0.9999999988967441,0.9999999988967441,0.9999999985833912,0.9999999973534264,0.9999999979388463,0.9999999956365377,0.9999999907625504,0.9999999907625504,0.9999999943972036
0.9999999999998939,0.9999999226557778,0.9999999006880549,0.999999939764258,0.9999997300421583,0.999999814460854,0.9999999123575151,0.9999999006880549,0.999999872480942,0.9999997617630333,0.9999992661791944,0.9999986290421394,0.9999977396748937,0.9999938558224682,0.9999989322970027,0.9999982396569965,0.9999977396748937,0.9999970976880148,0.9999989322970027,0.9999994956523514,0.9999986290421394
0.999999999979793,0.9998766053808288,0.9999251537370122,0.99966464996832,0.999290329695098,0.9990889486412498,0.99966464996832,0.999290329695098,0.9995694429072771,0.99966464996832,0.9998415637640005,0.9995694429072771,0.9994472214475559,0.9994472214475559,0.9990889486412498,0.9980732657060567,0.9959298622161507,0.9984988180062319,0.9980732657060567,0.9994472214475559,0.9984988180062319
0.9999999999705993,0.9999999317439628,0.999999855501979,0.9999986290421394,0.9999991684720715,0.9999991684720715,0.9999989322970027,0.9999993524054335,0.9999993524054335,0.9999996940976636,0.9999996940976636,0.9999993524054335,0.9999993524054335,0.9999991684720715,0.9999989322970027,0.9999982396569965,0.9999993524054335,0.9999993524054335,0.9999993524054335,0.9999996940976636,0.9999986290421394
0.9999999999978701,0.9999938558224682,0.9999982396569965,0.9999970976880148,0.9999930377420901,0.9999869928761862,0.9999869928761862,0.9999869928761862,0.9999869928761862,0.9999952149055052,0.9999921107355332,0.9999898700126424,0.9999921107355332,0.9999938558224682,0.9999970976880148,0.9999938558224682,0.9999952149055052,0.9999970976880148,0.9999952149055052,0.9999982396569965,0.9999970976880148
0.9999999907625504,0.997527377056997,0.9988304896995872,0.9990889486412498,0.9994472214475559,0.9997965729534201,0.999290329695098,0.9998415637640005,0.9998766053808288,0.9997965729534201,0.9995694429072771,0.99966464996832,0.9997965729534201,0.9997965729534201,0.9997965729534201,0.9990889486412498,0.9988304896995872,0.99966464996832,0.999290329695098,0.9999038976078543,0.99966464996832
0.9999999970010391,0.8519528000888387,0.9706877672877217,0.9706877672877217,0.9859363735766059,0.9706877672877217,0.9525741264858409,0.9399133496156019,0.9046505376715775,0.9399133496156019,0.8807970826714614,0.8807970826714614,0.8807970826714614,0.9046505376715775,0.9046505376715775,0.9046505376715775,0.8519528000888387,0.8807970826714614,0.8807970826714614,0.8807970826714614,0.7310585786300049
0.9999999999572222,0.997527377056997,0.9947798743644766,0.9947798743644766,0.9890130584218833,0.9959298622161507,0.9914225147446858,0.9968273169307178,0.9959298622161507,0.9959298622161507,0.9947798743644766,0.9914225147446858,0.9968273169307178,0.9968273169307178,0.9994472214475559,0.9933071487351834,0.9859363735766059,0.9706877672877217,0.9241418267688302,0.9859363735766059,0.9947798743644766
0.9999999997538302,0.9999997617630333,0.9999992661791944,0.9999996072136592,0.9999996940976636,0.9999994956523514,0.9999994956523514,0.9999993524054335,0.9999991684720715,0.9999993524054335,0.9999989322970027,0.9999986290421394,0.9999970976880148,0.9999989322970027,0.9999982396569965,0.9999986290421394,0.9999986290421394,0.9999938558224682,0.9999921107355332,0.9999991684720715,0.9999977396748937
0.999999999989184,0.9968273169307178,0.9990889486412498,0.9994472214475559,0.9988304896995872,0.9980732657060567,0.9984988180062319,0.999290329695098,0.9995694429072771,0.999290329695098,0.9968273169307178,0.999290329695098,0.9980732657060567,0.9959298622161507,0.9959298622161507,0.9933071487351834,0.9890130584218833,0.9706877672877217,0.9820137881297458,0.9890130584218833,0.9890130584218833
0.99999999999886,0.9999038976078543,0.9999038976078543,0.9998204719907497,0.9998415637640005,0.9998766053808288,0.9999417087274893,0.999948557786326,0.9999724643121783,0.9999724643121783,0.9999251537370122,0.9999599363078028,0.9999038976078543,0.9999785550413585,0.9999785550413585,0.9999546021475793,0.9999546021475793,0.9999417087274893,0.9999038976078543,0.9999417087274893,0.9999417087274893
0.9999999999996734,0.6791786926816161,0.5621765008857981,0.6791786926816161,0.37754066879814546,0.3208213073183839,0.37754066879814546,0.4378234991142018,0.3208213073183839,0.5,0.5,0.6224593312018546,0.4378234991142018,0.22270013882530884,0.22270013882530884,0.2689414213699951,0.09534946232842245,0.14804719991116141,0.11920291732853862,0.09534946232842245,0.4378234991142018
0.9999999956365377,0.9947798743644766,0.9890130584218833,0.9820137881297458,0.9770226275810572,0.9770226275810572,0.9770226275810572,0.9770226275810572,0.9947798743644766,0.9914225147446858,0.9890130584218833,0.9890130584218833,0.9947798743644766,0.9914225147446858,0.9947798743644766,0.9859363735766059,0.9933071487351834,0.9959298622161507,0.9914225147446858,0.9959298622161507,0.9820137881297458
0.9999999999995806,0.5621765008857981,0.6791786926816161,0.8175744850834648,0.8175744850834648,0.7772998611746911,0.8175744850834648,0.6791786926816161,0.5621765008857981,0.7310585786300049,0.5,0.4378234991142018,0.6791786926816161,0.5,0.5,0.3208213073183839,0.4378234991142018,0.14804719991116141,0.07585817323116975,0.1824255149165352,0.14804719991116141
0.9999999999999356,0.99999627336116,0.99966464996832,0.9980732657060567,0.997527377056997,0.9947798743644766,0.9968273169307178,0.9890130584218833,0.9770226275810572,0.9525741264858409,0.9770226275810572,0.9626731105140616,0.9525741264858409,0.9046505376715775,0.9046505376715775,0.8519528000888387,0.8807970826714614,0.8519528000888387,0.9241418267688302,0.9241418267688302,0.9525741264858409
0.9999999999978701,0.999999939764258,0.9999999918479795,0.99999998813888,0.9999999907625504,0.9999999634651793,0.9999997617630333,0.999999855501979,0.999999855501979,0.9999997617630333,0.9999997617630333,0.9999996072136592,0.9999997617630333,0.9999999317439628,0.9999996940976636,0.9999997617630333,0.9999996940976636,0.9999998874648245,0.9999989322970027,0.9999996940976636,0.9999982396569965
0.9999999999200804,0.9997388096898188,0.99966464996832,0.9995694429072771,0.9998766053808288,0.9999038976078543,0.9997388096898188,0.99966464996832,0.9997388096898188,0.9999417087274893,0.9998766053808288,0.9998415637640005,0.9999038976078543,0.9998766053808288,0.9999251537370122,0.9999038976078543,0.9997965729534201,0.9998766053808288,0.9994472214475559,0.9998415637640005,0.99966464996832
0.9999999468421502,0.997527377056997,0.997527377056997,0.9984988180062319,0.9988304896995872,0.9990889486412498,0.9994472214475559,0.9988304896995872,0.9984988180062319,0.9994472214475559,0.9995694429072771,0.9995694429072771,0.99966464996832,0.9997965729534201,0.9998415637640005,0.99966464996832,0.9998766053808288,0.9998766053808288,0.9999038976078543,0.9999417087274893,0.9997388096898188
0.9999999999934397,0.9999997300421583,0.9999982396569965,0.9999977396748937,0.9999982396569965,0.9999986290421394,0.99999627336116,0.9999989322970027,0.9999038976078543,0.9999970976880148,0.9999938558224682,0.9999952149055052,0.9999785550413585,0.9999989322970027,0.9999996072136592,0.9999986290421394,0.9999970976880148,0.9999970976880148,0.9999921107355332,0.9999952149055052,0.9999952149055052
0.9999999999972653,0.9997388096898188,0.9995694429072771,0.9995694429072771,0.99966464996832,0.9997388096898188,0.9997965729534201,0.99966464996832,0.99966464996832,0.9997388096898188,0.9998415637640005,0.9997965729534201,0.99966464996832,0.99966464996832,0.9997965729534201,0.9997965729534201,0.9998415637640005,0.9998415637640005,0.9997965729534201,0.9997388096898188,0.99966464996832
0.9999999999996734,0.9999997897566089,0.9999986290421394,0.9999986290421394,0.9999986290421394,0.9999996072136592,0.9999996072136592,0.9999977396748937,0.99999627336116,0.9999977396748937,0.9999982396569965,0.9999994956523514,0.9999996072136592,0.9999986290421394,0.9999970976880148,0.9999970976880148,0.9999970976880148,0.9999921107355332,0.9999938558224682,0.9999970976880148,0.99999627336116
0.999999998394772,0.9999251537370122,0.9999785550413585,0.9999687980960601,0.9999251537370122,0.9999832985701905,0.999985261010999,0.9999810748540133,0.9999869928761862,0.9999945777829692,0.999985261010999,0.9999869928761862,0.9999952149055052,0.9999967112493664,0.9999989322970027,0.9999974387187054,0.999998446502801,0.9999977396748937,0.9999986290421394,0.9999986290421394,0.9999991684720715
0.9999999999942106,0.999290329695098,0.9997965729534201,0.99966464996832,0.9994472214475559,0.999290329695098,0.9994472214475559,0.9990889486412498,0.9980732657060567,0.9988304896995872,0.9988304896995872,0.9990889486412498,0.9997388096898188,0.9998415637640005,0.9998766053808288,0.99966464996832,0.999290329695098,0.9990889486412498,0.99966464996832,0.999290329695098,0.9980732657060567
0.999999998394772,0.9914225147446858,0.9959298622161507,0.9959298622161507,0.9933071487351834,0.9933071487351834,0.9890130584218833,0.9914225147446858,0.9859363735766059,0.9933071487351834,0.9933071487351834,0.9820137881297458,0.9859363735766059,0.9859363735766059,0.9933071487351834,0.9890130584218833,0.9820137881297458,0.9914225147446858,0.9706877672877217,0.9820137881297458,0.9770226275810572
0.9999999999998639,0.9998415637640005,0.9999251537370122,0.9999546021475793,0.9999417087274893,0.9997388096898188,0.99966464996832,0.99966464996832,0.9994472214475559,0.9995694429072771,0.9994472214475559,0.999290329695098,0.9990889486412498,0.997527377056997,0.9980732657060567,0.9980732657060567,0.997527377056997,0.9968273169307178,0.9980732657060567,0.999290329695098,0.9959298622161507
0.9999999999740539,0.9988304896995872,0.9959298622161507,0.9968273169307178,0.9859363735766059,0.9933071487351834,0.9914225147446858,0.9914225147446858,0.9890130584218833,0.9890130584218833,0.9820137881297458,0.9706877672877217,0.9770226275810572,0.9890130584218833,0.9820137881297458,0.9820137881297458,0.9820137881297458,0.9890130584218833,0.9890130584218833,0.9820137881297458,0.9770226275810572
0.9999999999981204,0.14804719991116141,0.11920291732853862,0.09534946232842245,0.11920291732853862,0.11920291732853862,0.0293122327122782,0.07585817323116975,0.11920291732853862,0.22270013882530884,0.0293122327122782,0.047425873514159125,0.02297737241894287,0.01798621187025419,0.014063626423394072,0.02297737241894287,0.00857748525531428,0.02297737241894287,0.014063626423394072,0.03732688948593844,0.0293122327122782
0.9999999999942106,0.9890130584218833,0.9046505376715775,0.9399133496156019,0.9046505376715775,0.9241418267688302,0.9241418267688302,0.8807970826714614,0.8519528000888387,0.9241418267688302,0.8807970826714614,0.9046505376715775,0.8807970826714614,0.8519528000888387,0.9241418267688302,0.8519528000888387,0.8519528000888387,0.9046505376715775,0.8519528000888387,0.9525741264858409,0.9241418267688302
0.9999999999915765,0.9999994284997574,0.9999993524054335,0.9999993524054335,0.9999991684720715,0.9999952149055052,0.9999921107355332,0.9999921107355332,0.9999938558224682,0.9999970976880148,0.9999921107355332,0.9999977396748937,0.9999970976880148,0.9999921107355332,0.9999921107355332,0.9999832985701905,0.9999869928761862,0.9999869928761862,0.9999938558224682,0.9999921107355332,0.9999938558224682
0.9999999907625504,0.9999417087274893,0.9999910603004984,0.9999898700126424,0.9999938558224682,0.9999910603004984,0.9999810748540133,0.9999938558224682,0.9999930377420901,0.9999910603004984,0.999985261010999,0.9999869928761862,0.9999945777829692,0.9999910603004984,0.9999957771650452,0.9999952149055052,0.9999869928761862,0.9999938558224682,0.999985261010999,0.9999869928761862,0.9999832985701905
0.9999999999983413,0.8519528000888387,0.9241418267688302,0.8807970826714614,0.9046505376715775,0.8175744850834648,0.6224593312018546,0.7310585786300049,0.37754066879814546,0.8175744850834648,0.7310585786300049,0.7772998611746911,0.7310585786300049,0.7772998611746911,0.8175744850834648,0.6224593312018546,0.5621765008857981,0.4378234991142018,0.4378234991142018,0.6224593312018546,0.4378234991142018
0.99999998813888,0.9999970976880148,0.9999952149055052,0.9999832985701905,0.9999785550413585,0.9999921107355332,0.9999810748540133,0.9999724643121783,0.9999724643121783,0.9999869928761862,0.9999646437450657,0.9999417087274893,0.9999898700126424,0.9999898700126424,0.9999869928761862,0.9999785550413585,0.9999832985701905,0.9999869928761862,0.9999832985701905,0.9999869928761862,0.99999627336116
0.9999999999994615,0.9999921107355332,0.9999546021475793,0.9999546021475793,0.9999038976078543,0.99966464996832,0.999290329695098,0.999290329695098,0.9994472214475559,0.9998766053808288,0.9994472214475559,0.99966464996832,0.9997388096898188,0.999290329695098,0.999290329695098,0.9980732657060567,0.9968273169307178,0.9984988180062319,0.9980732657060567,0.9980732657060567,0.9980732657060567
0.9999999847700205,0.9525741264858409,0.9706877672877217,0.9859363735766059,0.9914225147446858,0.9914225147446858,0.9933071487351834,0.9947798743644766,0.997527377056997,0.9959298622161507,0.9933071487351834,0.9933071487351834,0.9914225147446858,0.9959298622161507,0.9959298622161507,0.9959298622161507,0.9959298622161507,0.9820137881297458,0.9933071487351834,0.9959298622161507,0.9947798743644766
0.9999999999991123,0.9968273169307178,0.9959298622161507,0.9914225147446858,0.9947798743644766,0.9947798743644766,0.9914225147446858,0.9914225147446858,0.9890130584218833,0.9933071487351834,0.9770226275810572,0.9859363735766059,0.9947798743644766,0.9933071487351834,0.9914225147446858,0.9914225147446858,0.9859363735766059,0.9947798743644766,0.9890130584218833,0.9890130584218833,0.9525741264858409
0.9999999999996299,0.999999855501979,0.999998446502801,0.9999992661791944,0.999998446502801,0.99999627336116,0.9999989322970027,0.999998446502801,0.9999970976880148,0.9999970976880148,0.9999974387187054,0.9999952149055052,0.9999982396569965,0.9999989322970027,0.9999989322970027,0.9999970976880148,0.9999977396748937,0.99999627336116,0.9999970976880148,0.9999980052700407,0.99999627336116
0.9999999999964886,0.9999994956523514,0.9999986290421394,0.9999952149055052,0.9999921107355332,0.9999938558224682,0.9999938558224682,0.99999627336116,0.9999869928761862,0.9999921107355332,0.9999952149055052,0.9999832985701905,0.9999724643121783,0.9999417087274893,0.9999785550413585,0.9999251537370122,0.9999251537370122,0.9999251537370122,0.9998415637640005,0.9999724643121783,0.9998415637640005
0.9999999999995806,0.9999646437450657,0.9998204719907497,0.9997388096898188,0.9994472214475559,0.999290329695098,0.9984988180062319,0.9947798743644766,0.9980732657060567,0.9984988180062319,0.9947798743644766,0.9933071487351834,0.9980732657060567,0.9980732657060567,0.997527377056997,0.997527377056997,0.9959298622161507,0.997527377056997,0.9947798743644766,0.9959298622161507,0.9959298622161507
0.999999999990455,0.7310585786300049,0.7310585786300049,0.4378234991142018,0.37754066879814546,0.14804719991116141,0.09534946232842245,0.3208213073183839,0.3208213073183839,0.37754066879814546,0.22270013882530884,0.3208213073183839,0.09534946232842245,0.047425873514159125,0.047425873514159125,0.06008665038439803,0.02297737241894287,0.047425873514159125,0.07585817323116975,0.11920291732853862,0.2689414213699951
0.9999999999915765,0.9525741264858409,0.9241418267688302,0.8807970826714614,0.8807970826714614,0.8519528000888387,0.8807970826714614,0.9046505376715775,0.8175744850834648,0.9046505376715775,0.8807970826714614,0.8175744850834648,0.7310585786300049,0.7772998611746911,0.8519528000888387,0.8807970826714614,0.9046505376715775,0.8807970826714614,0.8175744850834648,0.8807970826714614,0.7310585786300049
0.9999999999998253,0.9984988180062319,0.9959298622161507,0.9706877672877217,0.9820137881297458,0.9525741264858409,0.8519528000888387,0.8519528000888387,0.8175744850834648,0.9046505376715775,0.9241418267688302,0.8175744850834648,0.7310585786300049,0.6224593312018546,0.7310585786300049,0.5621765008857981,0.5,0.6224593312018546,0.5,0.6791786926816161,0.6791786926816161
0.9999999999991123,0.9399133496156019,0.4378234991142018,0.14804719991116141,0.047425873514159125,0.014063626423394072,0.014063626423394072,0.014063626423394072,0.00857748525531428,0.010986941578116867,0.010986941578116867,0.010986941578116867,0.00857748525531428,0.010986941578116867,0.004070137783849419,0.00857748525531428,0.00857748525531428,0.010986941578116867,0.01798621187025419,0.02297737241894287,0.00857748525531428
0.9999999999998799,0.997527377056997,0.999290329695098,0.9968273169307178,0.9959298622161507,0.9959298622161507,0.9914225147446858,0.9770226275810572,0.9820137881297458,0.9770226275810572,0.9399133496156019,0.8807970826714614,0.8807970826714614,0.9241418267688302,0.9525741264858409,0.9525741264858409,0.9525741264858409,0.9626731105140616,0.9770226275810572,0.9525741264858409,0.7772998611746911
0.9999999999995806,0.9988304896995872,0.9968273169307178,0.9820137881297458,0.9770226275810572,0.9626731105140616,0.9525741264858409,0.9770226275810572,0.9706877672877217,0.9626731105140616,0.9525741264858409,0.8175744850834648,0.6791786926816161,0.5621765008857981,0.8175744850834648,0.6791786926816161,0.5621765008857981,0.7310585786300049,0.5621765008857981,0.7310585786300049,0.7310585786300049
0.9999999999992164,0.9988304896995872,0.9995694429072771,0.9990889486412498,0.9988304896995872,0.9984988180062319,0.997527377056997,0.9933071487351834,0.9959298622161507,0.9959298622161507,0.9968273169307178,0.9914225147446858,0.9914225147446858,0.9914225147446858,0.9914225147446858,0.9914225147446858,0.9890130584218833,0.9914225147446858,0.9947798743644766,0.9959298622161507,0.9933071487351834
0.9999999999978701,0.9999993524054335,0.9999996072136592,0.999999814460854,0.9999998874648245,0.9999996072136592,0.9999995549147359,0.9999997300421583,0.9999989322970027,0.999999814460854,0.9999996072136592,0.999999814460854,0.9999991684720715,0.9999994956523514,0.999999855501979,0.9999991684720715,0.9999996072136592,0.9999996940976636,0.9999993524054335,0.999999814460854,0.9999989322970027
0.9999999999964886,0.9999991684720715,0.9999986290421394,0.9999970976880148,0.9999938558224682,0.9999546021475793,0.9999832985701905,0.9999785550413585,0.9999977396748937,0.99999627336116,0.99999627336116,0.9999832985701905,0.9999869928761862,0.9999785550413585,0.9999785550413585,0.9999546021475793,0.9999546021475793,0.9999546021475793,0.9999724643121783,0.9999251537370122,0.9999546021475793
0.9999999999987081,0.9999938558224682,0.9999687980960601,0.9999724643121783,0.9999151889585819,0.9999151889585819,0.9999251537370122,0.9997694933390749,0.9995694429072771,0.9996200154674056,0.9997388096898188,0.9999038976078543,0.9990889486412498,0.9994472214475559,0.999290329695098,0.999290329695098,0.9995121428190179,0.9984988180062319,0.999290329695098,0.9990889486412498,0.9988304896995872
0.999999999987744,0.9999724643121783,0.9999038976078543,0.9997388096898188,0.999290329695098,0.9984988180062319,0.9968273169307178,0.997527377056997,0.9984988180062319,0.9995694429072771,0.9980732657060567,0.997527377056997,0.997527377056997,0.999290329695098,0.9988304896995872,0.9980732657060567,0.9968273169307178,0.9984988180062319,0.9947798743644766,0.9914225147446858,0.9890130584218833
0.9999999999995806,0.99999627336116,0.9999646437450657,0.9999417087274893,0.9999417087274893,0.9999038976078543,0.9999038976078543,0.9995694429072771,0.9995694429072771,0.9994472214475559,0.9988304896995872,0.9994472214475559,0.9980732657060567,0.9968273169307178,0.997527377056997,0.9959298622161507,0.9968273169307178,0.9959298622161507,0.9968273169307178,0.997527377056997,0.9947798743644766
0.9999999123575151,0.37754066879814546,0.5,0.2689414213699951,0.1824255149165352,0.11920291732853862,0.09534946232842245,0.14804719991116141,0.22270013882530884,0.09534946232842245,0.11920291732853862,0.047425873514159125,0.047425873514159125,0.03732688948593844,0.06008665038439803,0.03732688948593844,0.02297737241894287,0.01798621187025419,0.0293122327122782,0.11920291732853862,0.06008665038439803
0.999999999996021,0.8519528000888387,0.9968273169307178,0.9980732657060567,0.9997694933390749,0.999290329695098,0.9994472214475559,0.9995694429072771,0.9998415637640005,0.9998415637640005,0.9988304896995872,0.9984988180062319,0.9988304896995872,0.999290329695098,0.9984988180062319,0.9997965729534201,0.99966464996832,0.9990889486412498,0.999290329695098,0.999290329695098,0.9997965729534201
0.9999999999942106,0.9998766053808288,0.9998415637640005,0.9997388096898188,0.9997388096898188,0.9997388096898188,0.999290329695098,0.999290329695098,0.9990889486412498,0.9988304896995872,0.9984988180062319,0.9980732657060567,0.997527377056997,0.997527377056997,0.9959298622161507,0.9933071487351834,0.9914225147446858,0.9933071487351834,0.9947798743644766,0.9980732657060567,0.9984988180062319
0.9999999999377585,0.9999832985701905,0.9999546021475793,0.9999785550413585,0.9999646437450657,0.9999417087274893,0.9999038976078543,0.9997965729534201,0.9998415637640005,0.9998766053808288,0.9999038976078543,0.9998766053808288,0.9998415637640005,0.9998415637640005,0.9999724643121783,0.9999417087274893,0.9998766053808288,0.9999038976078543,0.99966464996832,0.9997388096898188,0.9997388096898188
0.9999999999996734,0.9241418267688302,0.8519528000888387,0.5621765008857981,0.3208213073183839,0.37754066879814546,0.4378234991142018,0.5,0.5621765008857981,0.6224593312018546,0.22270013882530884,0.37754066879814546,0.9046505376715775,0.6791786926816161,0.6791786926816161,0.6791786926816161,0.4378234991142018,0.6791786926816161,0.4378234991142018,0.6791786926816161,0.6791786926816161
0.9999999998973812,0.9914225147446858,0.9890130584218833,0.9820137881297458,0.9770226275810572,0.9399133496156019,0.9046505376715775,0.7772998611746911,0.9046505376715775,0.9399133496156019,0.9626731105140616,0.9241418267688302,0.9241418267688302,0.8519528000888387,0.6791786926816161,0.9241418267688302,0.8807970826714614,0.8519528000888387,0.8807970826714614,0.6224593312018546,0.8175744850834648
0.9999999973534264,0.9999417087274893,0.9999038976078543,0.9997965729534201,0.9999038976078543,0.9995694429072771,0.9995694429072771,0.99966464996832,0.9997388096898188,0.999290329695098,0.9988304896995872,0.997527377056997,0.9968273169307178,0.9980732657060567,0.9959298622161507,0.9984988180062319,0.9984988180062319,0.9968273169307178,0.9984988180062319,0.9980732657060567,0.9988304896995872
0.9999999999842628,0.9984988180062319,0.9947798743644766,0.9890130584218833,0.9706877672877217,0.9859363735766059,0.9859363735766059,0.9820137881297458,0.9933071487351834,0.9933071487351834,0.9859363735766059,0.9890130584218833,0.9933071487351834,0.9933071487351834,0.9820137881297458,0.9890130584218833,0.9820137881297458,0.9859363735766059,0.9820137881297458,0.9890130584218833,0.9859363735766059
0.9999999999821676,0.9999869928761862,0.9999952149055052,0.9999921107355332,0.9999785550413585,0.9999646437450657,0.9999646437450657,0.9999251537370122,0.9998766053808288,0.9998415637640005,0.99966464996832,0.9997388096898188,0.9999646437450657,0.99966464996832,0.9997965729534201,0.99966464996832,0.9984988180062319,0.9988304896995872,0.9980732657060567,0.999290329695098,0.9995694429072771
0.9999999999985363,0.9968273169307178,0.9986749777999953,0.9991959140370592,0.999290329695098,0.9994472214475559,0.9995694429072771,0.99966464996832,0.9997388096898188,0.9997040427936351,0.9997388096898188,0.999290329695098,0.9995694429072771,0.9995694429072771,0.9995694429072771,0.9995694429072771,0.999290329695098,0.9990889486412498,0.9988304896995872,0.9984988180062319,0.9968273169307178
0.9999999999995806,0.9999952149055052,0.9999989322970027,0.9999993524054335,0.9999997617630333,0.9999996072136592,0.999999814460854,0.9999982396569965,0.9999982396569965,0.9999991684720715,0.9999991684720715,0.9999991684720715,0.9999994956523514,0.9999986290421394,0.9999982396569965,0.9999977396748937,0.9999970976880148,0.9999952149055052,0.9999921107355332,0.9999982396569965,0.99999627336116
0.9999999999989939,0.9995694429072771,0.9994472214475559,0.9994472214475559,0.9995694429072771,0.9994472214475559,0.999290329695098,0.99966464996832,0.999290329695098,0.99966464996832,0.9995694429072771,0.9995694429072771,0.9995694429072771,0.99966464996832,0.99966464996832,0.9995694429072771,0.9995694429072771,0.9980732657060567,0.9990889486412498,0.999290329695098,0.999290329695098
0.9999999979388463,0.6791786926816161,0.7310585786300049,0.7772998611746911,0.6224593312018546,0.8175744850834648,0.9241418267688302,0.7310585786300049,0.7310585786300049,0.8175744850834648,0.7310585786300049,0.6791786926816161,0.7772998611746911,0.8519528000888387,0.8807970826714614,0.7310585786300049,0.5621765008857981,0.7310585786300049,0.9241418267688302,0.9399133496156019,0.9525741264858409
0.9999999586006244,0.9947798743644766,0.9968273169307178,0.997527377056997,0.9980732657060567,0.9980732657060567,0.9980732657060567,0.9984988180062319,0.9980732657060567,0.9980732657060567,0.9968273169307178,0.9980732657060567,0.9980732657060567,0.9980732657060567,0.9984988180062319,0.9959298622161507,0.997527377056997,0.9980732657060567,0.9959298622161507,0.9959298622161507,0.9914225147446858
0.9999999847700205,0.9626731105140616,0.9046505376715775,0.9399133496156019,0.8519528000888387,0.7310585786300049,0.8519528000888387,0.8175744850834648,0.6791786926816161,0.6224593312018546,0.4378234991142018,0.5,0.7310585786300049,0.6791786926816161,0.6791786926816161,0.7772998611746911,0.7772998611746911,0.4378234991142018,0.4378234991142018,0.7310585786300049,0.37754066879814546
0.9999999999998457,0.9999999468421502,0.9999999907625504,0.9999999677581336,0.999999974890009,0.9999999468421502,0.9999999586006244,0.9999999847700205,0.9999999123575151,0.9999999317439628,0.999999814460854,0.9999998874648245,0.9999997617630333,0.9999996940976636,0.9999998874648245,0.9999999468421502,0.9999998874648245,0.9999999123575151,0.9999999317439628,0.9999999123575151,0.9999997617630333
0.999999999986112,0.9999938558224682,0.9999921107355332,0.9999869928761862,0.9999646437450657,0.9999038976078543,0.9999251537370122,0.9998415637640005,0.9997965729534201,0.9998415637640005,0.9998766053808288,0.9998415637640005,0.9997388096898188,0.99966464996832,0.9997965729534201,0.999290329695098,0.9997388096898188,0.9995694429072771,0.9997965729534201,0.9997965729534201,0.9997388096898188
0.9999999999964886,0.9999038976078543,0.9999417087274893,0.9997965729534201,0.9998415637640005,0.9998415637640005,0.9994472214475559,0.9997965729534201,0.9997388096898188,0.9998766053808288,0.9998415637640005,0.9997388096898188,0.9997965729534201,0.9995694429072771,0.9995694429072771,0.9995694429072771,0.9988304896995872,0.9995694429072771,0.9947798743644766,0.999290329695098,0.9988304896995872
0.9999999994788586,0.9999930377420901,0.9999869928761862,0.999975699747677,0.9999724643121783,0.9998415637640005,0.99966464996832,0.99966464996832,0.9998415637640005,0.9999785550413585,0.9999251537370122,0.9998766053808288,0.9997965729534201,0.9988304896995872,0.99966464996832,0.99966464996832,0.9997965729534201,0.9994472214475559,0.9988304896995872,0.9995694429072771,0.9997388096898188
0.999999999994891,0.4378234991142018,0.22270013882530884,0.14804719991116141,0.07585817323116975,0.01798621187025419,0.00857748525531428,0.03732688948593844,0.1824255149165352,0.09534946232842245,0.014063626423394072,0.006692851264816553,0.0007096703049020563,0.0009110513587503459,0.001926734293943221,0.004070137783849419,0.001926734293943221,0.0005527785524441057,0.001926734293943221,0.0031726830692822717,0.0007096703049020563
0.9999999317439628,0.5621765008857981,0.3208213073183839,0.2689414213699951,0.11920291732853862,0.07585817323116975,0.11920291732853862,0.0293122327122782,0.0293122327122782,0.047425873514159125,0.014063626423394072,0.014063626423394072,0.00857748525531428,0.014063626423394072,0.00857748525531428,0.006692851264816553,0.014063626423394072,0.010986941578116867,0.01798621187025419,0.014063626423394072,0.010986941578116867
0.9999999999969011,0.9859363735766059,0.9959298622161507,0.999290329695098,0.9990889486412498,0.997527377056997,0.999290329695098,0.9994472214475559,0.9984988180062319,0.999290329695098,0.9988304896995872,0.9988304896995872,0.9994472214475559,0.9994472214475559,0.9990889486412498,0.997527377056997,0.9968273169307178,0.997527377056997,0.997527377056997,0.9968273169307178,0.9914225147446858
0.9999999999985363,0.7772998611746911,0.9046505376715775,0.8807970826714614,0.9399133496156019,0.9525741264858409,0.9525741264858409,0.9399133496156019,0.9399133496156019,0.9626731105140616,0.9706877672877217,0.9706877672877217,0.9770226275810572,0.9706877672877217,0.9399133496156019,0.8519528000888387,0.7310585786300049,0.8519528000888387,0.6791786926816161,0.8175744850834648,0.8175744850834648
0.999999999986112,0.9525741264858409,0.9399133496156019,0.9706877672877217,0.9859363735766059,0.9626731105140616,0.9046505376715775,0.9046505376715775,0.7772998611746911,0.9046505376715775,0.9399133496156019,0.9525741264858409,0.9770226275810572,0.9770226275810572,0.9241418267688302,0.9706877672877217,0.9706877672877217,0.9770226275810572,0.9046505376715775,0.8807970826714614,0.9241418267688302
0.9999999994094697,0.6224593312018546,0.9241418267688302,0.9706877672877217,0.9859363735766059,0.9914225147446858,0.9706877672877217,0.9890130584218833,0.9770226275810572,0.9626731105140616,0.9399133496156019,0.9626731105140616,0.9525741264858409,0.9626731105140616,0.9525741264858409,0.9770226275810572,0.9770226275810572,0.9706877672877217,0.9525741264858409,0.9626731105140616,0.9626731105140616
0.9999999999998799,0.9999999677581336,0.9999987901340281,0.9999996072136592,0.9999996940976636,0.999999855501979,0.9999991684720715,0.9999982396569965,0.9999996072136592,0.9999977396748937,0.9999982396569965,0.9999982396569965,0.9999993524054335,0.9999991684720715,0.9999977396748937,0.9999986290421394,0.9999970976880148,0.9999952149055052,0.9999982396569965,0.9999991684720715,0.9999989322970027
0.9999999677581336,0.9046505376715775,0.9399133496156019,0.9241418267688302,0.7772998611746911,0.6791786926816161,0.5621765008857981,0.6224593312018546,0.6791786926816161,0.6224593312018546,0.4378234991142018,0.5621765008857981,0.5,0.6224593312018546,0.37754066879814546,0.2689414213699951,0.3208213073183839,0.22270013882530884,0.22270013882530884,0.37754066879814546,0.3208213073183839
0.9999999999975866,0.999999974890009,0.9999999804443193,0.9999999847700205,0.999999855501979,0.9999999317439628,0.9999996940976636,0.9999996072136592,0.9999989322970027,0.9999989322970027,0.9999996940976636,0.9999994956523514,0.999999814460854,0.9999996072136592,0.9999993524054335,0.9999977396748937,0.9999982396569965,0.9999989322970027,0.9999997617630333,0.9999997617630333,0.9999989322970027
0.9999999998973812,0.9999038976078543,0.9999038976078543,0.99966464996832,0.9994472214475559,0.9984988180062319,0.999290329695098,0.9994472214475559,0.9980732657060567,0.9980732657060567,0.9968273169307178,0.9968273169307178,0.9959298622161507,0.9980732657060567,0.9988304896995872,0.997527377056997,0.997527377056997,0.9947798743644766,0.9947798743644766,0.9980732657060567,0.9959298622161507
0.9999999999999558,0.9997388096898188,0.9999038976078543,0.9997965729534201,0.9998766053808288,0.9999251537370122,0.9998415637640005,0.999290329695098,0.9995694429072771,0.9997965729534201,0.999290329695098,0.99966464996832,0.9997965729534201,0.99966464996832,0.9995694429072771,0.9990889486412498,0.9990889486412498,0.9990889486412498,0.9994472214475559,0.9997965729534201,0.9990889486412498
0.9999999999998939,0.9999417087274893,0.9998911030646597,0.9997694933390749,0.9999038976078543,0.9999038976078543,0.9999038976078543,0.9999251537370122,0.9999251537370122,0.9999038976078543,0.9999546021475793,0.9998766053808288,0.9999417087274893,0.9999038976078543,0.9999038976078543,0.9999038976078543,0.9998415637640005,0.9998415637640005,0.9997965729534201,0.9997965729534201,0.99966464996832
0.9999999468421502,0.9706877672877217,0.9770226275810572,0.9859363735766059,0.9706877672877217,0.9626731105140616,0.9525741264858409,0.9626731105140616,0.9626731105140616,0.9626731105140616,0.9706877672877217,0.9770226275810572,0.9859363735766059,0.9890130584218833,0.9859363735766059,0.9820137881297458,0.9706877672877217,0.9820137881297458,0.9706877672877217,0.9770226275810572,0.9820137881297458
0.9999999999978701,0.9914225147446858,0.9914225147446858,0.9859363735766059,0.9525741264858409,0.8807970826714614,0.7310585786300049,0.8175744850834648,0.9626731105140616,0.9399133496156019,0.8519528000888387,0.7772998611746911,0.7772998611746911,0.8175744850834648,0.4378234991142018,0.3208213073183839,0.5621765008857981,0.5,0.3208213073183839,0.7310585786300049,0.5621765008857981
0.9999999994094697,0.9997965729534201,0.9994472214475559,0.9968273169307178,0.997527377056997,0.9914225147446858,0.9947798743644766,0.9890130584218833,0.9933071487351834,0.9959298622161507,0.9859363735766059,0.9770226275810572,0.9399133496156019,0.9706877672877217,0.9626731105140616,0.9399133496156019,0.9706877672877217,0.9820137881297458,0.9706877672877217,0.9706877672877217,0.9820137881297458
0.9999999987498471,0.9706877672877217,0.9706877672877217,0.9820137881297458,0.9933071487351834,0.9859363735766059,0.9947798743644766,0.9914225147446858,0.9914225147446858,0.9959298622161507,0.9933071487351834,0.9947798743644766,0.9968273169307178,0.9968273169307178,0.997527377056997,0.9959298622161507,0.9959298622161507,0.9947798743644766,0.9947798743644766,0.997527377056997,0.9933071487351834
0.9999999999954912,0.9999996072136592,0.9999990577554061,0.9999982396569965,0.9999952149055052,0.9999724643121783,0.9999038976078543,0.9999646437450657,0.99999627336116,0.9999986290421394,0.99999627336116,0.9999898700126424,0.9999832985701905,0.9999898700126424,0.9999921107355332,0.9999785550413585,0.9999417087274893,0.9999724643121783,0.9999646437450657,0.9999785550413585,0.9999417087274893
0.9999999999972653,0.9995694429072771,0.9997965729534201,0.9999724643121783,0.9999646437450657,0.9999724643121783,0.9999646437450657,0.9999898700126424,0.9999785550413585,0.9999832985701905,0.9999869928761862,0.9999921107355332,0.9999869928761862,0.9999898700126424,0.9999869928761862,0.9999646437450657,0.9999869928761862,0.9999646437450657,0.9999546021475793,0.9999785550413585,0.9999724643121783
0.9999999999995806,0.9997965729534201,0.9998415637640005,0.9998766053808288,0.9998415637640005,0.9997388096898188,0.9995694429072771,0.999290329695098,0.999290329695098,0.999290329695098,0.9988304896995872,0.9990889486412498,0.999290329695098,0.9995694429072771,0.99966464996832,0.99966464996832,0.999290329695098,0.9997388096898188,0.9998766053808288,0.9997388096898188,0.9988304896995872
0.999999999994891,0.997527377056997,0.9959298622161507,0.9984988180062319,0.9988304896995872,0.9990889486412498,0.999290329695098,0.9990889486412498,0.999290329695098,0.999290329695098,0.9947798743644766,0.9947798743644766,0.9959298622161507,0.997527377056997,0.9984988180062319,0.9980732657060567,0.997527377056997,0.9980732657060567,0.9988304896995872,0.999290329695098,0.9980732657060567
0.9999999999993898,0.9994472214475559,0.9994472214475559,0.99966464996832,0.99966464996832,0.9995694429072771,0.9999038976078543,0.9998766053808288,0.9997388096898188,0.9997965729534201,0.9998766053808288,0.999290329695098,0.9994472214475559,0.99966464996832,0.999290329695098,0.9988304896995872,0.997527377056997,0.9968273169307178,0.9984988180062319,0.9988304896995872,0.9988304896995872
0.9999999999991123,0.9999999918479795,0.999999855501979,0.9999945777829692,0.99999627336116,0.9999938558224682,0.9999982396569965,0.9999921107355332,0.9999957771650452,0.99999627336116,0.9999869928761862,0.9999832985701905,0.9999869928761862,0.9999898700126424,0.9999921107355332,0.9999546021475793,0.9999869928761862,0.9999724643121783,0.9999898700126424,0.9999921107355332,0.9999546021475793
0.9999999999821676,0.9999251537370122,0.9995694429072771,0.9998766053808288,0.9995694429072771,0.9990889486412498,0.9990889486412498,0.9984988180062319,0.9988304896995872,0.999290329695098,0.9997388096898188,0.9984988180062319,0.9984988180062319,0.999290329695098,0.9994472214475559,0.9980732657060567,0.9959298622161507,0.9947798743644766,0.9947798743644766,0.9968273169307178,0.9914225147446858
0.9999999999954912,0.9999546021475793,0.9999417087274893,0.9999546021475793,0.9999417087274893,0.9999724643121783,0.9999546021475793,0.9998415637640005,0.9999251537370122,0.9999251537370122,0.9999251537370122,0.9999417087274893,0.9997388096898188,0.9997965729534201,0.9998415637640005,0.9990889486412498,0.999290329695098,0.999290329695098,0.9995694429072771,0.9995694429072771,0.999290329695098
0.999999999986112,0.9947798743644766,0.9626731105140616,0.9770226275810572,0.9046505376715775,0.9046505376715775,0.8807970826714614,0.8807970826714614,0.8519528000888387,0.9525741264858409,0.8807970826714614,0.5621765008857981,0.6224593312018546,0.5621765008857981,0.9399133496156019,0.7310585786300049,0.5621765008857981,0.8519528000888387,0.8519528000888387,0.8807970826714614,0.37754066879814546
0.99999999999886,0.6791786926816161,0.8519528000888387,0.7772998611746911,0.6791786926816161,0.37754066879814546,0.5,0.2689414213699951,0.3208213073183839,0.5,0.14804719991116141,0.14804719991116141,0.09534946232842245,0.11920291732853862,0.0293122327122782,0.06008665038439803,0.047425873514159125,0.047425873514159125,0.047425873514159125,0.03732688948593844,0.02297737241894287
0.9999999123575151,0.9933071487351834,0.999290329695098,0.99966464996832,0.999290329695098,0.9995694429072771,0.9990889486412498,0.9988304896995872,0.9990889486412498,0.9994472214475559,0.9988304896995872,0.9988304896995872,0.9988304896995872,0.9984988180062319,0.9968273169307178,0.9947798743644766,0.9959298622161507,0.9820137881297458,0.9914225147446858,0.9959298622161507,0.9933071487351834
0.9999999999771028,0.99966464996832,0.9994472214475559,0.9998415637640005,0.9997965729534201,0.9997388096898188,0.9990889486412498,0.9984988180062319,0.9995694429072771,0.9997965729534201,0.9999646437450657,0.9998415637640005,0.9999251537370122,0.9997965729534201,0.9994472214475559,0.9994472214475559,0.9988304896995872,0.999290329695098,0.99966464996832,0.9995694429072771,0.9997965729534201
0.9999999999842628,0.9999977396748937,0.9999982396569965,0.9999974387187054,0.9999982396569965,0.9999957771650452,0.9999967112493664,0.9999967112493664,0.9999938558224682,0.99999627336116,0.9999921107355332,0.9999785550413585,0.9999945777829692,0.9999869928761862,0.999985261010999,0.99999627336116,0.9999952149055052,0.9999921107355332,0.9999952149055052,0.99999627336116,0.9999898700126424
0.9999999999622486,0.999290329695098,0.9995694429072771,0.9990889486412498,0.997527377056997,0.9980732657060567,0.9994472214475559,0.9994472214475559,0.9994472214475559,0.999290329695098,0.9998415637640005,0.9994472214475559,0.9995694429072771,0.99966464996832,0.9990889486412498,0.9990889486412498,0.9984988180062319,0.997527377056997,0.9980732657060567,0.9988304896995872,0.9988304896995872
0.9999999999993898,0.9999898700126424,0.9999785550413585,0.9999038976078543,0.9997388096898188,0.99966464996832,0.9997388096898188,0.9997965729534201,0.99966464996832,0.9997965729534201,0.999290329695098,0.999290329695098,0.9990889486412498,0.999290329695098,0.999290329695098,0.9990889486412498,0.9988304896995872,0.9968273169307178,0.999290329695098,0.9995694429072771,0.9995694429072771
0.9999999999915765,0.4378234991142018,0.7310585786300049,0.6224593312018546,0.4378234991142018,0.37754066879814546,0.6791786926816161,0.3208213073183839,0.37754066879814546,0.6224593312018546,0.5621765008857981,0.5,0.37754066879814546,0.37754066879814546,0.4378234991142018,0.14804719991116141,0.1824255149165352,0.37754066879814546,0.2689414213699951,0.2689414213699951,0.14804719991116141
0.9999999999999174,0.9997965729534201,0.9999038976078543,0.9998415637640005,0.9984988180062319,0.9990889486412498,0.9980732657060567,0.9984988180062319,0.9988304896995872,0.9984988180062319,0.997527377056997,0.9959298622161507,0.9933071487351834,0.9947798743644766,0.9820137881297458,0.9820137881297458,0.9706877672877217,0.9399133496156019,0.9706877672877217,0.9770226275810572,0.9706877672877217
0.999999998394772,0.4378234991142018,0.7310585786300049,0.6791786926816161,0.7310585786300049,0.6791786926816161,0.5621765008857981,0.5621765008857981,0.6791786926816161,0.7772998611746911,0.7310585786300049,0.5621765008857981,0.4378234991142018,0.37754066879814546,0.37754066879814546,0.2689414213699951,0.3208213073183839,0.3208213073183839,0.14804719991116141,0.2689414213699951,0.2689414213699951
0.9999999999771028,0.9998766053808288,0.9997965729534201,0.9999038976078543,0.9997965729534201,0.9997965729534201,0.99966464996832,0.9997965729534201,0.9997965729534201,0.99966464996832,0.9998766053808288,0.9998415637640005,0.9999038976078543,0.9997965729534201,0.9997965729534201,0.9997388096898188,0.9995694429072771,0.9995694429072771,0.9995694429072771,0.999290329695098,0.9994472214475559
0.9999999999994615,0.9999251537370122,0.99966464996832,0.9995694429072771,0.9994472214475559,0.9990889486412498,0.9990889486412498,0.9984988180062319,0.9984988180062319,0.9984988180062319,0.997527377056997,0.9959298622161507,0.997527377056997,0.9980732657060567,0.997527377056997,0.9914225147446858,0.9770226275810572,0.9933071487351834,0.9933071487351834,0.9859363735766059,0.9820137881297458
0.9999999999705993,0.9999952149055052,0.9999546021475793,0.9999251537370122,0.9998766053808288,0.9999038976078543,0.9999038976078543,0.9999038976078543,0.9999251537370122,0.9999546021475793,0.9998415637640005,0.9997965729534201,0.9995694429072771,0.9994472214475559,0.9998766053808288,0.9997965729534201,0.9997965729534201,0.99966464996832,0.99966464996832,0.9997388096898188,0.99966464996832
0.999999974890009,0.9933071487351834,0.9990889486412498,0.9988304896995872,0.9994472214475559,0.9997965729534201,0.9998766053808288,0.9998415637640005,0.9998415637640005,0.9998415637640005,0.9998766053808288,0.9999546021475793,0.9999251537370122,0.9999251537370122,0.9998415637640005,0.9997965729534201,0.9995694429072771,0.9997965729534201,0.9997965729534201,0.9997388096898188,0.9999251537370122
0.99999998813888,0.9984988180062319,0.9990889486412498,0.9968273169307178,0.9988304896995872,0.999290329695098,0.9990889486412498,0.9994472214475559,0.9990889486412498,0.9990889486412498,0.9990889486412498,0.9994472214475559,0.999290329695098,0.999290329695098,0.9980732657060567,0.9984988180062319,0.997527377056997,0.9947798743644766,0.9914225147446858,0.9947798743644766,0.9959298622161507
0.999999998394772,0.9959298622161507,0.9988304896995872,0.9995694429072771,0.997527377056997,0.9959298622161507,0.9959298622161507,0.9933071487351834,0.9968273169307178,0.9959298622161507,0.9890130584218833,0.9890130584218833,0.9859363735766059,0.9770226275810572,0.9770226275810572,0.9770226275810572,0.9706877672877217,0.9706877672877217,0.9770226275810572,0.9859363735766059,0.9890130584218833
0.999999999994891,0.9859363735766059,0.9914225147446858,0.9770226275810572,0.9820137881297458,0.9820137881297458,0.9770226275810572,0.9770226275810572,0.9890130584218833,0.9890130584218833,0.9770226275810572,0.9525741264858409,0.9626731105140616,0.9770226275810572,0.9399133496156019,0.9399133496156019,0.9626731105140616,0.9399133496156019,0.9046505376715775,0.9241418267688302,0.8807970826714614
0.9999999586006244,0.9996200154674056,0.9997694933390749,0.9998766053808288,0.9998911030646597,0.999948557786326,0.9999339478395424,0.999948557786326,0.9999339478395424,0.9999724643121783,0.9999785550413585,0.9999724643121783,0.9999869928761862,0.9999898700126424,0.9999921107355332,0.9999785550413585,0.9999724643121783,0.9999724643121783,0.9999546021475793,0.9999869928761862,0.9999785550413585
0.9999999999934397,0.9990889486412498,0.9988304896995872,0.9980732657060567,0.9980732657060567,0.9988304896995872,0.9980732657060567,0.9980732657060567,0.9988304896995872,0.9988304896995872,0.9968273169307178,0.997527377056997,0.9980732657060567,0.9988304896995872,0.9988304896995872,0.9980732657060567,0.9968273169307178,0.9988304896995872,0.997527377056997,0.997527377056997,0.9959298622161507
0.9999999999821676,0.9999785550413585,0.9999785550413585,0.9999832985701905,0.9999938558224682,0.9999938558224682,0.9999832985701905,0.9999832985701905,0.9999832985701905,0.9998766053808288,0.9998415637640005,0.9999785550413585,0.9999832985701905,0.9999417087274893,0.9999832985701905,0.9999832985701905,0.9999646437450657,0.9999785550413585,0.9998766053808288,0.9999724643121783,0.9994472214475559
0.999999999990455,0.9999898700126424,0.9999869928761862,0.9999952149055052,0.99999627336116,0.9999977396748937,0.99999627336116,0.9999646437450657,0.9999785550413585,0.9999869928761862,0.9999898700126424,0.9999952149055052,0.9999952149055052,0.9999970976880148,0.9999921107355332,0.9999546021475793,0.9999785550413585,0.9999646437450657,0.9999646437450657,0.9999869928761862,0.9999646437450657
0.9999999999993086,0.9988304896995872,0.9980732657060567,0.9968273169307178,0.9959298622161507,0.9959298622161507,0.9968273169307178,0.9959298622161507,0.9968273169307178,0.9984988180062319,0.9990889486412498,0.9994472214475559,0.9990889486412498,0.997527377056997,0.9820137881297458,0.997527377056997,0.9914225147446858,0.9933071487351834,0.9859363735766059,0.9959298622161507,0.9820137881297458
0.9999999999989939,0.9999989322970027,0.9999987901340281,0.9999974387187054,0.9999970976880148,0.9999977396748937,0.99999627336116,0.9999977396748937,0.9999990577554061,0.9999957771650452,0.9999982396569965,0.9999986290421394,0.9999990577554061,0.9999989322970027,0.9999989322970027,0.9999977396748937,0.9999970976880148,0.9999970976880148,0.9999991684720715,0.9999989322970027,0.9999989322970027
0.999999999990455,0.999290329695098,0.997527377056997,0.9980732657060567,0.9988304896995872,0.9959298622161507,0.9980732657060567,0.9980732657060567,0.9980732657060567,0.99966464996832,0.9995694429072771,0.999290329695098,0.9995694429072771,0.9990889486412498,0.9994472214475559,0.999290329695098,0.9988304896995872,0.9994472214475559,0.9988304896995872,0.9988304896995872,0.9980732657060567
0.9999999999821676,0.9399133496156019,0.9890130584218833,0.9959298622161507,0.9947798743644766,0.9914225147446858,0.9933071487351834,0.9959298622161507,0.9933071487351834,0.9968273169307178,0.9914225147446858,0.9859363735766059,0.9820137881297458,0.9820137881297458,0.9890130584218833,0.9890130584218833,0.9859363735766059,0.9914225147446858,0.9890130584218833,0.9859363735766059,0.9947798743644766
0.9999999999994615,0.9997388096898188,0.9995121428190179,0.9990889486412498,0.9990889486412498,0.999290329695098,0.9990889486412498,0.999290329695098,0.9991959140370592,0.9990889486412498,0.9991959140370592,0.9984988180062319,0.9988304896995872,0.9988304896995872,0.999290329695098,0.9988304896995872,0.9968273169307178,0.9980732657060567,0.9959298622161507,0.9947798743644766,0.9890130584218833
0.9999999999998457,0.22270013882530884,0.5621765008857981,0.4378234991142018,0.5621765008857981,0.5621765008857981,0.4378234991142018,0.7310585786300049,0.5621765008857981,0.4378234991142018,0.5,0.5,0.4378234991142018,0.5,0.5,0.4378234991142018,0.4378234991142018,0.7310585786300049,0.6224593312018546,0.6224593312018546,0.5
0.9999999999989939,0.9999970976880148,0.99999627336116,0.9999938558224682,0.9999952149055052,0.9999921107355332,0.9999724643121783,0.9999251537370122,0.9999546021475793,0.9999869928761862,0.9999646437450657,0.9999251537370122,0.9999832985701905,0.9999869928761862,0.9999724643121783,0.9999546021475793,0.9999546021475793,0.9999646437450657,0.9995694429072771,0.9995694429072771,0.9959298622161507
0.9999999468421502,0.9988304896995872,0.999290329695098,0.9997388096898188,0.9991959140370592,0.9982992778231794,0.9988304896995872,0.9988304896995872,0.9988304896995872,0.999290329695098,0.999290329695098,0.9984988180062319,0.9988304896995872,0.9984988180062319,0.999290329695098,0.9988304896995872,0.9984988180062319,0.9988304896995872,0.9959298622161507,0.997527377056997,0.9959298622161507
0.9999999999622486,0.9990889486412498,0.9959298622161507,0.9947798743644766,0.9914225147446858,0.9706877672877217,0.9890130584218833,0.9933071487351834,0.9859363735766059,0.9947798743644766,0.9959298622161507,0.9914225147446858,0.9859363735766059,0.9859363735766059,0.9914225147446858,0.9859363735766059,0.9706877672877217,0.9859363735766059,0.9890130584218833,0.9947798743644766,0.9820137881297458
0.9999999999964886,0.9999417087274893,0.9998415637640005,0.99966464996832,0.9994472214475559,0.9990889486412498,0.9968273169307178,0.997527377056997,0.9933071487351834,0.9984988180062319,0.9980732657060567,0.9770226275810572,0.9859363735766059,0.9947798743644766,0.9859363735766059,0.9525741264858409,0.9046505376715775,0.8519528000888387,0.9046505376715775,0.9859363735766059,0.9770226275810572
0.9999999999991123,0.9999992661791944,0.9999992661791944,0.999999855501979,0.999999814460854,0.999999814460854,0.9999997617630333,0.9999997897566089,0.9999995549147359,0.9999994956523514,0.9999992661791944,0.9999996533672549,0.9999997617630333,0.9999997897566089,0.9999996940976636,0.9999996533672549,0.9999993524054335,0.9999989322970027,0.9999989322970027,0.9999990577554061,0.9999977396748937
0.9999999999991123,0.9999999970010391,0.9999999928058669,0.9999999895325983,0.9999999865595903,0.999999974890009,0.9999999865595903,0.9999999907625504,0.9999999936511998,0.9999999865595903,0.9999999804443193,0.9999999715466527,0.9999999677581336,0.9999999847700205,0.9999999847700205,0.9999999586006244,0.9999999586006244,0.9999999677581336,0.9999999123575151,0.9999997617630333,0.999999814460854
0.9999999999771028,0.09534946232842245,0.8807970826714614,0.9947798743644766,0.9820137881297458,0.9706877672877217,0.9241418267688302,0.9984988180062319,0.9859363735766059,0.9859363735766059,0.9914225147446858,0.9706877672877217,0.9859363735766059,0.9914225147446858,0.9890130584218833,0.9959298622161507,0.9890130584218833,0.9959298622161507,0.9626731105140616,0.9959298622161507,0.9968273169307178
0.9999999999998019,0.9997388096898188,0.9995694429072771,0.999290329695098,0.9988304896995872,0.9988304896995872,0.999290329695098,0.9997388096898188,0.9994472214475559,0.99966464996832,0.9995694429072771,0.9994472214475559,0.9988304896995872,0.9990889486412498,0.9995694429072771,0.9994472214475559,0.9984988180062319,0.9990889486412498,0.99966464996832,0.9997388096898188,0.9995694429072771
0.9999999999972653,0.9525741264858409,0.7310585786300049,0.5621765008857981,0.3208213073183839,0.1824255149165352,0.3208213073183839,0.14804719991116141,0.09534946232842245,0.11920291732853862,0.09534946232842245,0.07585817323116975,0.11920291732853862,0.07585817323116975,0.07585817323116975,0.03732688948593844,0.010986941578116867,0.02297737241894287,0.02297737241894287,0.03732688948593844,0.0293122327122782
0.9999999999992164,0.9988304896995872,0.9914225147446858,0.9890130584218833,0.9820137881297458,0.9706877672877217,0.9859363735766059,0.9626731105140616,0.9399133496156019,0.9399133496156019,0.8807970826714614,0.9046505376715775,0.9241418267688302,0.9626731105140616,0.9399133496156019,0.8807970826714614,0.9525741264858409,0.9525741264858409,0.7310585786300049,0.9241418267688302,0.8807970826714614
0.9999999999925664,0.9994472214475559,0.9990889486412498,0.9990889486412498,0.9994472214475559,0.9988304896995872,0.9988304896995872,0.999290329695098,0.9984988180062319,0.9990889486412498,0.9980732657060567,0.9947798743644766,0.9947798743644766,0.9914225147446858,0.9914225147446858,0.9914225147446858,0.9947798743644766,0.997527377056997,0.9959298622161507,0.9959298622161507,0.9947798743644766
0.9999999999993086,0.9999724643121783,0.9997388096898188,0.9988304896995872,0.9984988180062319,0.997527377056997,0.997527377056997,0.997527377056997,0.997527377056997,0.9980732657060567,0.9947798743644766,0.9980732657060567,0.9984988180062319,0.9980732657060567,0.9980732657060567,0.9859363735766059,0.9890130584218833,0.9820137881297458,0.9770226275810572,0.9933071487351834,0.9890130584218833
0.9999999999978701,0.9999546021475793,0.9999251537370122,0.9999038976078543,0.9998766053808288,0.9999038976078543,0.9999038976078543,0.9999417087274893,0.9999038976078543,0.9999546021475793,0.9999785550413585,0.9999785550413585,0.9999832985701905,0.9999869928761862,0.9999785550413585,0.9999646437450657,0.9999546021475793,0.9999646437450657,0.9999417087274893,0.9999417087274893,0.9999251537370122
0.9999999999705993,0.9998415637640005,0.9998766053808288,0.9999417087274893,0.9999785550413585,0.9999724643121783,0.9999417087274893,0.9999546021475793,0.9999546021475793,0.9999546021475793,0.9999724643121783,0.9999832985701905,0.9999546021475793,0.9999785550413585,0.9999646437450657,0.9999251537370122,0.9999038976078543,0.9998766053808288,0.9997965729534201,0.9999038976078543,0.9998766053808288
0.9999999999997455,0.9982992778231794,0.9933071487351834,0.997527377056997,0.9959298622161507,0.9947798743644766,0.9968273169307178,0.9933071487351834,0.9947798743644766,0.9959298622161507,0.9959298622161507,0.9959298622161507,0.9933071487351834,0.9859363735766059,0.9933071487351834,0.9890130584218833,0.9770226275810572,0.9770226275810572,0.9820137881297458,0.9859363735766059,0.9933071487351834
0.9999999996418252,0.9999994956523514,0.9999996940976636,0.999998446502801,0.9999952149055052,0.9999987901340281,0.9999986290421394,0.9999987901340281,0.9999994284997574,0.9999990577554061,0.9999996072136592,0.9999990577554061,0.9999992661791944,0.9999991684720715,0.9999977396748937,0.9999986290421394,0.9999986290421394,0.9999982396569965,0.9999977396748937,0.9999977396748937,0.9999989322970027
0.9999999999999838,0.9859363735766059,0.9525741264858409,0.9626731105140616,0.8519528000888387,0.8175744850834648,0.6224593312018546,0.5621765008857981,0.6791786926816161,0.8175744850834648,0.7772998611746911,0.8519528000888387,0.8519528000888387,0.6791786926816161,0.6791786926816161,0.37754066879814546,0.2689414213699951,0.2689414213699951,0.2689414213699951,0.2689414213699951,0.1824255149165352
0.9999999943972036,0.9988304896995872,0.9990889486412498,0.9990889486412498,0.9994472214475559,0.999290329695098,0.9984988180062319,0.9995694429072771,0.999290329695098,0.9997965729534201,0.9990889486412498,0.999290329695098,0.9995694429072771,0.9995694429072771,0.9998415637640005,0.9988304896995872,0.9990889486412498,0.9980732657060567,0.9984988180062319,0.999290329695098,0.997527377056997
0.999999999994891,0.9999989322970027,0.99999627336116,0.9999869928761862,0.9999785550413585,0.9999869928761862,0.9999869928761862,0.9999869928761862,0.9999785550413585,0.9999921107355332,0.9999785550413585,0.9999785550413585,0.9999952149055052,0.9999898700126424,0.9999921107355332,0.9999869928761862,0.9999898700126424,0.9999724643121783,0.9999921107355332,0.9999921107355332,0.9999785550413585
0.9999999999983413,0.9706877672877217,0.9706877672877217,0.9626731105140616,0.8519528000888387,0.9046505376715775,0.9046505376715775,0.8175744850834648,0.7310585786300049,0.7772998611746911,0.6791786926816161,0.5621765008857981,0.6224593312018546,0.7772998611746911,0.5,0.5621765008857981,0.4378234991142018,0.6224593312018546,0.4378234991142018,0.22270013882530884,0.2689414213699951
0.999999998394772,0.9994472214475559,0.9988304896995872,0.9990889486412498,0.9997965729534201,0.99966464996832,0.9997965729534201,0.99966464996832,0.9997388096898188,0.9995694429072771,0.99966464996832,0.9995694429072771,0.9995694429072771,0.9997965729534201,0.9997965729534201,0.9990889486412498,0.9988304896995872,0.999290329695098,0.9990889486412498,0.997527377056997,0.9990889486412498
0.9999999999515263,0.9046505376715775,0.9046505376715775,0.7310585786300049,0.7310585786300049,0.8519528000888387,0.6791786926816161,0.6791786926816161,0.7772998611746911,0.9241418267688302,0.9046505376715775,0.9525741264858409,0.8807970826714614,0.9241418267688302,0.9241418267688302,0.7772998611746911,0.6791786926816161,0.7772998611746911,0.7772998611746911,0.8519528000888387,0.6224593312018546
0.9999999999981204,0.5621765008857981,0.8519528000888387,0.8519528000888387,0.9241418267688302,0.8807970826714614,0.8175744850834648,0.8807970826714614,0.6224593312018546,0.7772998611746911,0.5621765008857981,0.7772998611746911,0.6791786926816161,0.6224593312018546,0.6791786926816161,0.6224593312018546,0.6224593312018546,0.5621765008857981,0.6224593312018546,0.8175744850834648,0.5621765008857981
0.9999999999998939,0.9999038976078543,0.9997965729534201,0.9999038976078543,0.9997388096898188,0.9997388096898188,0.999290329695098,0.9980732657060567,0.9988304896995872,0.9980732657060567,0.9984988180062319,0.997527377056997,0.9968273169307178,0.997527377056997,0.9959298622161507,0.9914225147446858,0.9859363735766059,0.9890130584218833,0.9890130584218833,0.9890130584218833,0.9914225147446858
0.9999999999995806,0.9947798743644766,0.9770226275810572,0.9706877672877217,0.9399133496156019,0.9525741264858409,0.9525741264858409,0.9241418267688302,0.9046505376715775,0.9525741264858409,0.9241418267688302,0.9399133496156019,0.9399133496156019,0.9626731105140616,0.9706877672877217,0.9525741264858409,0.9525741264858409,0.9820137881297458,0.9399133496156019,0.9626731105140616,0.9706877672877217
0.999999999979793,0.9999996940976636,0.999999814460854,0.9999994956523514,0.9999986290421394,0.9999986290421394,0.9999993524054335,0.9999994956523514,0.9999994956523514,0.9999996940976636,0.9999994956523514,0.9999986290421394,0.9999982396569965,0.9999989322970027,0.9999994956523514,0.9999977396748937,0.9999977396748937,0.99999627336116,0.9999989322970027,0.9999982396569965,0.9999970976880148
0.9999999999999356,0.9999990577554061,0.9999986290421394,0.9999986290421394,0.9999898700126424,0.9999785550413585,0.9999832985701905,0.9999952149055052,0.9999957771650452,0.9999910603004984,0.9999938558224682,0.99999627336116,0.99999627336116,0.9999869928761862,0.9999952149055052,0.9999898700126424,0.9999869928761862,0.99999627336116,0.9999869928761862,0.9999952149055052,0.9999921107355332
0.9999999999994615,0.9525741264858409,0.9241418267688302,0.8175744850834648,0.6791786926816161,0.2689414213699951,0.1824255149165352,0.3208213073183839,0.22270013882530884,0.1824255149165352,0.11920291732853862,0.1824255149165352,0.09534946232842245,0.06008665038439803,0.047425873514159125,0.047425873514159125,0.0293122327122782,0.03732688948593844,0.03732688948593844,0.07585817323116975,0.06008665038439803
0.9999999999981204,0.9947798743644766,0.9968273169307178,0.997527377056997,0.9914225147446858,0.9820137881297458,0.9859363735766059,0.9820137881297458,0.9820137881297458,0.9706877672877217,0.9626731105140616,0.9241418267688302,0.9241418267688302,0.9525741264858409,0.9706877672877217,0.8519528000888387,0.8519528000888387,0.8807970826714614,0.9046505376715775,0.9525741264858409,0.9241418267688302
0.9999999999972653,0.9980732657060567,0.9959298622161507,0.9947798743644766,0.9947798743644766,0.9933071487351834,0.9914225147446858,0.9890130584218833,0.9890130584218833,0.9933071487351834,0.9890130584218833,0.9859363735766059,0.9914225147446858,0.9770226275810572,0.9706877672877217,0.9859363735766059,0.9820137881297458,0.9859363735766059,0.9770226275810572,0.9890130584218833,0.9525741264858409
0.9999999999942106,0.22270013882530884,0.7772998611746911,0.7310585786300049,0.7772998611746911,0.7310585786300049,0.6791786926816161,0.6224593312018546,0.6791786926816161,0.8175744850834648,0.6791786926816161,0.7772998611746911,0.8175744850834648,0.5,0.6224593312018546,0.6224593312018546,0.7310585786300049,0.7310585786300049,0.2689414213699951,0.2689414213699951,0.5
0.999999999986112,0.6224593312018546,0.6224593312018546,0.5621765008857981,0.6791786926816161,0.5621765008857981,0.2689414213699951,0.37754066879814546,0.37754066879814546,0.7310585786300049,0.7310585786300049,0.8175744850834648,0.6791786926816161,0.5621765008857981,0.5,0.22270013882530884,0.11920291732853862,0.11920291732853862,0.22270013882530884,0.3208213073183839,0.4378234991142018
0.9999999999991123,0.997527377056997,0.9820137881297458,0.9770226275810572,0.9706877672877217,0.9706877672877217,0.9626731105140616,0.9525741264858409,0.9046505376715775,0.9046505376715775,0.8807970826714614,0.9046505376715775,0.9525741264858409,0.9241418267688302,0.9046505376715775,0.9399133496156019,0.9046505376715775,0.8807970826714614,0.9046505376715775,0.9399133496156019,0.9046505376715775
0.9999999999993086,0.9999994284997574,0.9999952149055052,0.9999898700126424,0.9999898700126424,0.9999921107355332,0.9999938558224682,0.9999970976880148,0.9999921107355332,0.9999921107355332,0.9999869928761862,0.9999869928761862,0.9999646437450657,0.9999785550413585,0.9999952149055052,0.9999938558224682,0.9999898700126424,0.9999832985701905,0.9999832985701905,0.9999921107355332,0.9999832985701905
0.9999999999992164,0.9525741264858409,0.9525741264858409,0.9820137881297458,0.9914225147446858,0.9890130584218833,0.9914225147446858,0.9626731105140616,0.9706877672877217,0.9820137881297458,0.9046505376715775,0.9770226275810572,0.9820137881297458,0.9626731105140616,0.9241418267688302,0.9241418267688302,0.8807970826714614,0.8175744850834648,0.7772998611746911,0.9399133496156019,0.8175744850834648
0.9999999999969011,0.9997694933390749,0.9995694429072771,0.99966464996832,0.9995694429072771,0.997527377056997,0.9980732657060567,0.9980732657060567,0.999290329695098,0.9990889486412498,0.9984988180062319,0.9968273169307178,0.9968273169307178,0.9914225147446858,0.9914225147446858,0.9947798743644766,0.9980732657060567,0.9968273169307178,0.9947798743644766,0.9980732657060567,0.997527377056997
0.999999999979793,0.9999921107355332,0.9999970976880148,0.9999785550413585,0.9999417087274893,0.9999251537370122,0.9999724643121783,0.9999921107355332,0.9999869928761862,0.9999724643121783,0.9999038976078543,0.9994472214475559,0.9998415637640005,0.9997965729534201,0.9988304896995872,0.9990889486412498,0.9988304896995872,0.9994472214475559,0.9995694429072771,0.99966464996832,0.999290329695098
0.9999999999981204,0.999999974890009,0.9999999943972036,0.9999999778405106,0.9999999715466527,0.9999999677581336,0.99999998813888,0.9999999907625504,0.999999974890009,0.9999999918479795,0.9999999804443193,0.99999998813888,0.9999999677581336,0.9999999907625504,0.9999999847700205,0.9999999468421502,0.9999999677581336,0.999999974890009,0.9999999586006244,0.9999999586006244,0.999999855501979
0.9999999999964886,0.9999974387187054,0.9999952149055052,0.9999921107355332,0.9999982396569965,0.9999952149055052,0.9999970976880148,0.9999869928761862,0.9999832985701905,0.9999898700126424,0.9999785550413585,0.9999938558224682,0.9999977396748937,0.9999832985701905,0.9999869928761862,0.9999869928761862,0.9999785550413585,0.9999724643121783,0.9999898700126424,0.9999970976880148,0.9999898700126424
0.9999999999985363,0.5621765008857981,0.4378234991142018,0.37754066879814546,0.14804719991116141,0.1824255149165352,0.37754066879814546,0.37754066879814546,0.3208213073183839,0.4378234991142018,0.2689414213699951,0.07585817323116975,0.06008665038439803,0.06008665038439803,0.07585817323116975,0.047425873514159125,0.047425873514159125,0.047425873514159125,0.0293122327122782,0.11920291732853862,0.07585817323116975
0.9999999999981204,0.0005527785524441057,0.0031726830692822717,0.004070137783849419,0.00857748525531428,0.002472622943003016,0.002472622943003016,0.014063626423394072,0.004070137783849419,0.006692851264816553,0.002472622943003016,0.004070137783849419,0.006692851264816553,0.010986941578116867,0.010986941578116867,0.010986941578116867,0.00857748525531428,0.002472622943003016,0.001926734293943221,0.0031726830692822717,0.002472622943003016
0.9999999956365377,0.4378234991142018,0.3208213073183839,0.1824255149165352,0.09534946232842245,0.14804719991116141,0.07585817323116975,0.14804719991116141,0.2689414213699951,0.37754066879814546,0.3208213073183839,0.09534946232842245,0.1824255149165352,0.22270013882530884,0.09534946232842245,0.11920291732853862,0.06008665038439803,0.07585817323116975,0.03732688948593844,0.07585817323116975,0.09534946232842245
0.9999999999998639,0.9999996533672549,0.9999997617630333,0.9999987901340281,0.9999785550413585,0.9998415637640005,0.9999038976078543,0.9994472214475559,0.99966464996832,0.99966464996832,0.9980732657060567,0.9980732657060567,0.9988304896995872,0.9990889486412498,0.9995694429072771,0.9988304896995872,0.9980732657060567,0.9980732657060567,0.997527377056997,0.997527377056997,0.9914225147446858
0.9999999999969011,0.9999810748540133,0.9999785550413585,0.9999417087274893,0.9999599363078028,0.9999546021475793,0.9999724643121783,0.9999724643121783,0.9999898700126424,0.9999938558224682,0.9999832985701905,0.9999869928761862,0.9999832985701905,0.9999724643121783,0.9999898700126424,0.9999832985701905,0.9999832985701905,0.9999417087274893,0.9999417087274893,0.9999724643121783,0.9999646437450657
0.999999999989184,0.9999997617630333,0.9999999865595903,0.999999974890009,0.9999999895325983,0.999999939764258,0.9999998362622942,0.9999999123575151,0.999999974890009,0.9999999907625504,0.999999974890009,0.9999999677581336,0.999999974890009,0.9999999677581336,0.999999855501979,0.999999855501979,0.9999999123575151,0.9999998874648245,0.9999999586006244,0.9999999677581336,0.999999855501979
0.9999999677581336,0.9859363735766059,0.9959298622161507,0.9959298622161507,0.9947798743644766,0.9947798743644766,0.9968273169307178,0.9959298622161507,0.9959298622161507,0.9984988180062319,0.9968273169307178,0.9968273169307178,0.9968273169307178,0.9980732657060567,0.9968273169307178,0.9890130584218833,0.9914225147446858,0.9890130584218833,0.9914225147446858,0.9947798743644766,0.9914225147446858
0.9999999956365377,0.9999251537370122,0.9999339478395424,0.9999251537370122,0.9999546021475793,0.9999546021475793,0.9999417087274893,0.9999546021475793,0.9999339478395424,0.9999687980960601,0.9999546021475793,0.9999646437450657,0.999948557786326,0.9999724643121783,0.9999646437450657,0.9999417087274893,0.9999417087274893,0.9999646437450657,0.9999038976078543,0.9999546021475793,0.9998766053808288
0.9999999999954912,0.9980732657060567,0.9968273169307178,0.9968273169307178,0.9968273169307178,0.9959298622161507,0.9820137881297458,0.9706877672877217,0.9820137881297458,0.9399133496156019,0.8519528000888387,0.7772998611746911,0.7310585786300049,0.7310585786300049,0.8175744850834648,0.6224593312018546,0.8175744850834648,0.7310585786300049,0.37754066879814546,0.4378234991142018,0.3208213073183839
0.9999999999972653,0.9980732657060567,0.9890130584218833,0.9859363735766059,0.9525741264858409,0.9046505376715775,0.8807970826714614,0.8807970826714614,0.9046505376715775,0.8519528000888387,0.5621765008857981,0.4378234991142018,0.7772998611746911,0.9241418267688302,0.8175744850834648,0.6791786926816161,0.2689414213699951,0.5621765008857981,0.4378234991142018,0.5621765008857981,0.5621765008857981
0.99999999999886,0.9706877672877217,0.8175744850834648,0.9241418267688302,0.8519528000888387,0.9241418267688302,0.9241418267688302,0.9770226275810572,0.8807970826714614,0.9399133496156019,0.8519528000888387,0.8519528000888387,0.8807970826714614,0.9046505376715775,0.6791786926816161,0.2689414213699951,0.4378234991142018,0.5621765008857981,0.7310585786300049,0.8807970826714614,0.5621765008857981
0.9999999999572222,0.9998415637640005,0.997527377056997,0.9947798743644766,0.9947798743644766,0.9914225147446858,0.9959298622161507,0.9947798743644766,0.9947798743644766,0.9980732657060567,0.9968273169307178,0.9968273169307178,0.997527377056997,0.9990889486412498,0.9984988180062319,0.9980732657060567,0.9980732657060567,0.9980732657060567,0.9980732657060567,0.9980732657060567,0.997527377056997
0.999999999989184,0.6791786926816161,0.7310585786300049,0.8807970826714614,0.9241418267688302,0.8175744850834648,0.7310585786300049,0.8175744850834648,0.7310585786300049,0.6791786926816161,0.7772998611746911,0.6791786926816161,0.3208213073183839,0.4378234991142018,0.7310585786300049,0.37754066879814546,0.1824255149165352,0.22270013882530884,0.11920291732853862,0.14804719991116141,0.8807970826714614
0.9999999999705993,0.9999646437450657,0.9999832985701905,0.9999938558224682,0.9999982396569965,0.99999627336116,0.9999952149055052,0.9999952149055052,0.9999869928761862,0.9999921107355332,0.9999832985701905,0.9999898700126424,0.9999646437450657,0.9999921107355332,0.9999952149055052,0.9999921107355332,0.9999724643121783,0.9999785550413585,0.9999646437450657,0.9999646437450657,0.9999832985701905
0.9999999999996299,0.9995694429072771,0.99966464996832,0.9995694429072771,0.999290329695098,0.9990889486412498,0.9988304896995872,0.9988304896995872,0.9990889486412498,0.999290329695098,0.9994472214475559,0.9995694429072771,0.9994472214475559,0.9990889486412498,0.9988304896995872,0.9968273169307178,0.9968273169307178,0.9984988180062319,0.9988304896995872,0.9990889486412498,0.9980732657060567
0.999999999990455,0.9947798743644766,0.9947798743644766,0.9947798743644766,0.9770226275810572,0.9399133496156019,0.8807970826714614,0.9706877672877217,0.9706877672877217,0.9706877672877217,0.9706877672877217,0.9241418267688302,0.9046505376715775,0.9241418267688302,0.9399133496156019,0.9241418267688302,0.8807970826714614,0.9399133496156019,0.8519528000888387,0.9241418267688302,0.9399133496156019
0.9999999999999609,0.999999997664407,0.9999999973534264,0.9999999956365377,0.9999999847700205,0.9999999918479795,0.9999999950555496,0.9999999979388463,0.999999997664407,0.9999999988967441,0.9999999943972036,0.9999999928058669,0.9999999936511998,0.9999999804443193,0.9999999956365377,0.999999974890009,0.9999999928058669,0.999999974890009,0.999999974890009,0.9999999468421502,0.999999974890009
0.9999999999998457,0.9968273169307178,0.999290329695098,0.9980732657060567,0.9947798743644766,0.9914225147446858,0.9914225147446858,0.9947798743644766,0.9890130584218833,0.9859363735766059,0.9820137881297458,0.9820137881297458,0.9525741264858409,0.9525741264858409,0.9399133496156019,0.9626731105140616,0.9525741264858409,0.9525741264858409,0.9241418267688302,0.9399133496156019,0.9626731105140616
0.9999999999915765,0.9999989322970027,0.9999996940976636,0.9999994956523514,0.9999996940976636,0.9999994956523514,0.9999991684720715,0.9999982396569965,0.9999977396748937,0.9999991684720715,0.9999993524054335,0.9999970976880148,0.9999986290421394,0.9999982396569965,0.9999982396569965,0.9999970976880148,0.99999627336116,0.9999952149055052,0.99999627336116,0.9999986290421394,0.99999627336116
0.9999999973534264,0.9999251537370122,0.9999646437450657,0.9998911030646597,0.9998415637640005,0.9999038976078543,0.9999251537370122,0.9999417087274893,0.9998415637640005,0.9999546021475793,0.9999646437450657,0.9998766053808288,0.9999546021475793,0.9999646437450657,0.9999546021475793,0.9999724643121783,0.9999546021475793,0.9999646437450657,0.9999251537370122,0.9999646437450657,0.9999251537370122
0.9999999999996734,0.99966464996832,0.9998415637640005,0.9999724643121783,0.9999038976078543,0.99966464996832,0.9997965729534201,0.99966464996832,0.9995694429072771,0.9990889486412498,0.9984988180062319,0.9968273169307178,0.997527377056997,0.9947798743644766,0.9933071487351834,0.9914225147446858,0.9706877672877217,0.9914225147446858,0.9770226275810572,0.9770226275810572,0.9770226275810572
0.9999999999996734,0.9399133496156019,0.9399133496156019,0.9241418267688302,0.9706877672877217,0.9525741264858409,0.9399133496156019,0.9525741264858409,0.9525741264858409,0.9399133496156019,0.8175744850834648,0.9046505376715775,0.9525741264858409,0.9241418267688302,0.8807970826714614,0.7310585786300049,0.7772998611746911,0.8519528000888387,0.8519528000888387,0.8807970826714614,0.8519528000888387
0.9999999973534264,0.9988304896995872,0.9994472214475559,0.9995694429072771,0.9994472214475559,0.9994472214475559,0.9995694429072771,0.9997388096898188,0.9995694429072771,0.99966464996832,0.99966464996832,0.99966464996832,0.9994472214475559,0.99966464996832,0.9988304896995872,0.9984988180062319,0.9968273169307178,0.997527377056997,0.9968273169307178,0.997527377056997,0.9959298622161507
0.9999999999995248,0.9999546021475793,0.9998766053808288,0.9999546021475793,0.9995694429072771,0.9980732657060567,0.9984988180062319,0.9968273169307178,0.9984988180062319,0.9995694429072771,0.9988304896995872,0.9980732657060567,0.9968273169307178,0.9988304896995872,0.9990889486412498,0.999290329695098,0.9984988180062319,0.9980732657060567,0.9990889486412498,0.9988304896995872,0.9968273169307178
0.9999999999925664,0.9933071487351834,0.9933071487351834,0.9980732657060567,0.9984988180062319,0.9980732657060567,0.9968273169307178,0.9968273169307178,0.9914225147446858,0.997527377056997,0.9959298622161507,0.997527377056997,0.9820137881297458,0.9933071487351834,0.9859363735766059,0.9890130584218833,0.9959298622161507,0.9947798743644766,0.9959298622161507,0.9933071487351834,0.9914225147446858
0.9999999999954912,0.8519528000888387,0.6224593312018546,0.5,0.6791786926816161,0.8519528000888387,0.7772998611746911,0.7772998611746911,0.7310585786300049,0.8175744850834648,0.22270013882530884,0.4378234991142018,0.3208213073183839,0.3208213073183839,0.5,0.4378234991142018,0.37754066879814546,0.2689414213699951,0.11920291732853862,0.22270013882530884,0.14804719991116141
0.9999999999992164,0.9999994284997574,0.9999997617630333,0.9999997300421583,0.9999997617630333,0.9999997300421583,0.9999996940976636,0.9999996072136592,0.9999992661791944,0.9999998362622942,0.999999855501979,0.9999999586006244,0.9999999468421502,0.9999999530883621,0.9999999715466527,0.9999999317439628,0.9999998874648245,0.999999814460854,0.9999996940976636,0.9999996533672549,0.9999994956523514
0.9999999999997455,0.9999970976880148,0.9999997617630333,0.9999997617630333,0.999999814460854,0.999999814460854,0.9999986290421394,0.9999982396569965,0.9999996072136592,0.999999814460854,0.9999996940976636,0.9999997617630333,0.9999997617630333,0.9999993524054335,0.9999993524054335,0.9999989322970027,0.9999991684720715,0.9999994956523514,0.9999982396569965,0.9999989322970027,0.9999991684720715
0.9999999943972036,0.07585817323116975,0.14804719991116141,0.09534946232842245,0.07585817323116975,0.09534946232842245,0.02297737241894287,0.014063626423394072,0.01798621187025419,0.02297737241894287,0.010986941578116867,0.01798621187025419,0.014063626423394072,0.006692851264816553,0.004070137783849419,0.005220125635523486,0.002472622943003016,0.002472622943003016,0.0015011819937681247,0.001926734293943221,0.0009110513587503459
0.999999999989184,0.9046505376715775,0.7772998611746911,0.6224593312018546,0.2689414213699951,0.2689414213699951,0.6224593312018546,0.6224593312018546,0.8807970826714614,0.6791786926816161,0.9399133496156019,0.9241418267688302,0.8807970826714614,0.6791786926816161,0.4378234991142018,0.6224593312018546,0.5,0.2689414213699951,0.22270013882530884,0.5,0.5621765008857981
0.9999999999972653,0.9999938558224682,0.9999982396569965,0.9999921107355332,0.9999938558224682,0.9999785550413585,0.9998766053808288,0.9999724643121783,0.9999832985701905,0.9999869928761862,0.9999646437450657,0.9999785550413585,0.9999724643121783,0.9999251537370122,0.9998766053808288,0.9990889486412498,0.9988304896995872,0.9997388096898188,0.9994472214475559,0.99966464996832,0.9990889486412498
0.9999999999987081,0.9999646437450657,0.9999646437450657,0.9999832985701905,0.9999832985701905,0.9999724643121783,0.9999785550413585,0.9999646437450657,0.9999885212318738,0.999975699747677,0.9999724643121783,0.9999546021475793,0.9999869928761862,0.9999921107355332,0.9999869928761862,0.9999646437450657,0.9999417087274893,0.9999724643121783,0.9999785550413585,0.9999724643121783,0.9999724643121783
0.9999999999915765,0.047425873514159125,0.11920291732853862,0.14804719991116141,0.14804719991116141,0.09534946232842245,0.14804719991116141,0.09534946232842245,0.06008665038439803,0.07585817323116975,0.09534946232842245,0.22270013882530884,0.22270013882530884,0.11920291732853862,0.14804719991116141,0.09534946232842245,0.06008665038439803,0.11920291732853862,0.09534946232842245,0.11920291732853862,0.09534946232842245
0.9999999999200804,0.9980732657060567,0.9959298622161507,0.9988304896995872,0.9984988180062319,0.997527377056997,0.9947798743644766,0.997527377056997,0.9933071487351834,0.9959298622161507,0.9959298622161507,0.9947798743644766,0.9947798743644766,0.9859363735766059,0.9933071487351834,0.9933071487351834,0.9914225147446858,0.9859363735766059,0.9820137881297458,0.9933071487351834,0.9820137881297458
0.9999999999821676,0.9999977396748937,0.9999974387187054,0.9999987901340281,0.9999977396748937,0.9999724643121783,0.9999869928761862,0.9999785550413585,0.9999785550413585,0.999948557786326,0.9999546021475793,0.9999251537370122,0.9999646437450657,0.9999546021475793,0.9999546021475793,0.9999546021475793,0.9999646437450657,0.9999724643121783,0.9999724643121783,0.9999724643121783,0.9999646437450657
0.9999999999989939,0.9820137881297458,0.9959298622161507,0.9626731105140616,0.9241418267688302,0.7310585786300049,0.6791786926816161,0.7310585786300049,0.6224593312018546,0.4378234991142018,0.4378234991142018,0.5,0.5621765008857981,0.37754066879814546,0.3208213073183839,0.3208213073183839,0.2689414213699951,0.3208213073183839,0.14804719991116141,0.22270013882530884,0.3208213073183839
0.9999999999991123,0.9999999778405106,0.9999999778405106,0.999999974890009,0.9999999847700205,0.9999999865595903,0.9999999634651793,0.9999999677581336,0.9999999677581336,0.9999999715466527,0.9999999895325983,0.9999999865595903,0.99999998813888,0.9999999865595903,0.9999999827421723,0.9999999715466527,0.9999999778405106,0.9999999804443193,0.9999999468421502,0.9999999865595903,0.9999999715466527
0.9999999999821676,0.9999417087274893,0.9988304896995872,0.997527377056997,0.997527377056997,0.9984988180062319,0.999290329695098,0.9988304896995872,0.9994472214475559,0.9995694429072771,0.999290329695098,0.9980732657060567,0.9995694429072771,0.999290329695098,0.9988304896995872,0.9988304896995872,0.9984988180062319,0.9988304896995872,0.9990889486412498,0.9988304896995872,0.9990889486412498
0.9999999907625504,0.11920291732853862,0.6224593312018546,0.7772998611746911,0.4378234991142018,0.6791786926816161,0.5621765008857981,0.5621765008857981,0.5,0.5621765008857981,0.37754066879814546,0.5,0.5,0.5621765008857981,0.37754066879814546,0.1824255149165352,0.1824255149165352,0.5,0.3208213073183839,0.4378234991142018,0.37754066879814546
0.9999999999999065,0.9999038976078543,0.9990889486412498,0.9988304896995872,0.9980732657060567,0.9988304896995872,0.9980732657060567,0.9968273169307178,0.9947798743644766,0.997527377056997,0.9990889486412498,0.9990889486412498,0.9968273169307178,0.9980732657060567,0.9933071487351834,0.9959298622161507,0.9933071487351834,0.9933071487351834,0.9914225147446858,0.9947798743644766,0.9947798743644766
0.9999999956365377,0.9997965729534201,0.9999038976078543,0.9999251537370122,0.9999251537370122,0.9998766053808288,0.9999646437450657,0.9999546021475793,0.9999724643121783,0.9999724643121783,0.9999785550413585,0.9999646437450657,0.9999724643121783,0.9999921107355332,0.9999952149055052,0.9999724643121783,0.9999785550413585,0.9999417087274893,0.9999546021475793,0.9999546021475793,0.9999038976078543
0.999999855501979,0.9399133496156019,0.9770226275810572,0.9399133496156019,0.9626731105140616,0.9706877672877217,0.9046505376715775,0.9399133496156019,0.8807970826714614,0.7772998611746911,0.7310585786300049,0.8175744850834648,0.8519528000888387,0.7310585786300049,0.8175744850834648,0.7310585786300049,0.8175744850834648,0.7772998611746911,0.8175744850834648,0.9241418267688302,0.7310585786300049
0.9999999999771028,0.8175744850834648,0.7772998611746911,0.7772998611746911,0.8175744850834648,0.8807970826714614,0.8175744850834648,0.7310585786300049,0.5621765008857981,0.8175744850834648,0.7310585786300049,0.8175744850834648,0.8807970826714614,0.9046505376715775,0.8807970826714614,0.9046505376715775,0.8175744850834648,0.9046505376715775,0.7310585786300049,0.7772998611746911,0.8519528000888387
0.9999999999987081,0.9999885212318738,0.9999869928761862,0.9999785550413585,0.9999251537370122,0.9999251537370122,0.9998766053808288,0.9997965729534201,0.9998415637640005,0.9994472214475559,0.9984988180062319,0.9984988180062319,0.9997965729534201,0.9994472214475559,0.9990889486412498,0.9980732657060567,0.9933071487351834,0.9980732657060567,0.9988304896995872,0.9984988180062319,0.9988304896995872
0.9999999999925664,0.9933071487351834,0.9914225147446858,0.9820137881297458,0.9933071487351834,0.9399133496156019,0.9241418267688302,0.9241418267688302,0.9525741264858409,0.9859363735766059,0.9241418267688302,0.9046505376715775,0.9770226275810572,0.9820137881297458,0.9859363735766059,0.9706877672877217,0.9626731105140616,0.9890130584218833,0.9820137881297458,0.9626731105140616,0.9525741264858409
0.9999999999992164,0.9998204719907497,0.9999646437450657,0.9999898700126424,0.9999910603004984,0.9999885212318738,0.9999810748540133,0.9999898700126424,0.9999724643121783,0.9999785550413585,0.9999546021475793,0.9999546021475793,0.999985261010999,0.9999417087274893,0.9999832985701905,0.9999546021475793,0.9999646437450657,0.9999417087274893,0.9999417087274893,0.9997965729534201,0.9995694429072771
0.9999999999999432,0.9999989322970027,0.9999997617630333,0.9999996940976636,0.9999994956523514,0.9999977396748937,0.9999986290421394,0.9999970976880148,0.9999970976880148,0.9999970976880148,0.9999832985701905,0.9999785550413585,0.9999646437450657,0.9998766053808288,0.9999785550413585,0.9999417087274893,0.9999646437450657,0.9999417087274893,0.9999646437450657,0.9999785550413585,0.9999724643121783
0.9999999677581336,0.7772998611746911,0.9525741264858409,0.8175744850834648,0.6224593312018546,0.8175744850834648,0.7310585786300049,0.8807970826714614,0.5,0.8175744850834648,0.6791786926816161,0.7772998611746911,0.8807970826714614,0.6791786926816161,0.5621765008857981,0.37754066879814546,0.5,0.9046505376715775,0.6791786926816161,0.8175744850834648,0.4378234991142018
0.999999999996021,0.9046505376715775,0.9525741264858409,0.9706877672877217,0.9046505376715775,0.9525741264858409,0.7772998611746911,0.9820137881297458,0.9241418267688302,0.8519528000888387,0.9241418267688302,0.7772998611746911,0.7310585786300049,0.6224593312018546,0.8807970826714614,0.8807970826714614,0.7310585786300049,0.6791786926816161,0.8519528000888387,0.7310585786300049,0.7310585786300049
0.9999999999771028,0.999948557786326,0.9999724643121783,0.9999251537370122,0.9997388096898188,0.9998415637640005,0.9997388096898188,0.9999417087274893,0.9998415637640005,0.9997965729534201,0.99966464996832,0.9995694429072771,0.9997965729534201,0.9995694429072771,0.9998766053808288,0.9995694429072771,0.9995694429072771,0.9998766053808288,0.9997965729534201,0.9998766053808288,0.9998415637640005
0.9999999973534264,0.5621765008857981,0.8807970826714614,0.8519528000888387,0.9046505376715775,0.8175744850834648,0.6791786926816161,0.8175744850834648,0.9046505376715775,0.9046505376715775,0.6224593312018546,0.6224593312018546,0.6791786926816161,0.8807970826714614,0.9046505376715775,0.6791786926816161,0.8175744850834648,0.8175744850834648,0.7310585786300049,0.6791786926816161,0.5
0.9999999907625504,0.9990889486412498,0.9988304896995872,0.99966464996832,0.9980732657060567,0.997527377056997,0.997527377056997,0.997527377056997,0.9968273169307178,0.9933071487351834,0.9914225147446858,0.9859363735766059,0.9933071487351834,0.9914225147446858,0.9959298622161507,0.9820137881297458,0.9770226275810572,0.9820137881297458,0.9525741264858409,0.9626731105140616,0.9241418267688302
0.9999999999993086,0.9770226275810572,0.9706877672877217,0.9706877672877217,0.9914225147446858,0.9770226275810572,0.9820137881297458,0.9914225147446858,0.9890130584218833,0.9859363735766059,0.9770226275810572,0.9770226275810572,0.9859363735766059,0.9890130584218833,0.9626731105140616,0.9399133496156019,0.9241418267688302,0.9820137881297458,0.9626731105140616,0.9706877672877217,0.9241418267688302
0.9999999999993898,0.9820137881297458,0.9706877672877217,0.9399133496156019,0.9706877672877217,0.9706877672877217,0.9399133496156019,0.9525741264858409,0.8807970826714614,0.9626731105140616,0.8175744850834648,0.8519528000888387,0.8519528000888387,0.9241418267688302,0.9399133496156019,0.8519528000888387,0.9046505376715775,0.9399133496156019,0.9706877672877217,0.9820137881297458,0.9241418267688302
0.9999999999998457,0.9999546021475793,0.9995694429072771,0.9984988180062319,0.9968273169307178,0.9968273169307178,0.9933071487351834,0.9933071487351834,0.9959298622161507,0.9968273169307178,0.9959298622161507,0.9959298622161507,0.9968273169307178,0.9980732657060567,0.9959298622161507,0.9968273169307178,0.9947798743644766,0.9980732657060567,0.9968273169307178,0.9959298622161507,0.9959298622161507
0.9999999999771028,0.005220125635523486,0.00857748525531428,0.014063626423394072,0.0293122327122782,0.006692851264816553,0.0015011819937681247,0.0011695103004128338,0.005220125635523486,0.0031726830692822717,0.0015011819937681247,0.001926734293943221,0.004070137783849419,0.01798621187025419,0.006692851264816553,0.005220125635523486,0.0005527785524441057,0.0005527785524441057,0.0003353500316799018,0.001926734293943221,0.0011695103004128338
0.999999974890009,0.7310585786300049,0.9399133496156019,0.9626731105140616,0.9706877672877217,0.9770226275810572,0.9770226275810572,0.9626731105140616,0.9706877672877217,0.9820137881297458,0.9525741264858409,0.9626731105140616,0.9399133496156019,0.9706877672877217,0.9859363735766059,0.9399133496156019,0.9046505376715775,0.9626731105140616,0.9770226275810572,0.9706877672877217,0.9626731105140616
0.999999999979793,0.9984988180062319,0.9984988180062319,0.999290329695098,0.9988304896995872,0.9988304896995872,0.9968273169307178,0.9984988180062319,0.997527377056997,0.9933071487351834,0.9968273169307178,0.9968273169307178,0.9706877672877217,0.9859363735766059,0.9890130584218833,0.9525741264858409,0.9525741264858409,0.9980732657060567,0.9984988180062319,0.9706877672877217,0.9706877672877217
0.9999999999993086,0.9999038976078543,0.9998766053808288,0.9998415637640005,0.99966464996832,0.99966464996832,0.9990889486412498,0.9990889486412498,0.999290329695098,0.9994472214475559,0.9994472214475559,0.9984988180062319,0.9984988180062319,0.9984988180062319,0.997527377056997,0.9984988180062319,0.997527377056997,0.997527377056997,0.9980732657060567,0.999290329695098,0.9984988180062319
0.9999999999771028,0.9626731105140616,0.9626731105140616,0.9525741264858409,0.7772998611746911,0.7310585786300049,0.7310585786300049,0.8807970826714614,0.8519528000888387,0.7310585786300049,0.6224593312018546,0.7772998611746911,0.6224593312018546,0.22270013882530884,0.1824255149165352,0.2689414213699951,0.2689414213699951,0.2689414213699951,0.11920291732853862,0.07585817323116975,0.11920291732853862
0.9999999943972036,0.9997388096898188,0.9999724643121783,0.9999646437450657,0.9999646437450657,0.9999546021475793,0.9999546021475793,0.9999546021475793,0.9999417087274893,0.9999832985701905,0.9999251537370122,0.9999251537370122,0.9999038976078543,0.9999646437450657,0.9999869928761862,0.9999546021475793,0.9999546021475793,0.9999724643121783,0.9999724643121783,0.9999546021475793,0.9999785550413585
0.9999999998973812,0.9968273169307178,0.9890130584218833,0.9770226275810572,0.9525741264858409,0.8807970826714614,0.8519528000888387,0.9399133496156019,0.9626731105140616,0.9399133496156019,0.9706877672877217,0.9399133496156019,0.9399133496156019,0.9626731105140616,0.9046505376715775,0.8807970826714614,0.9399133496156019,0.9859363735766059,0.9241418267688302,0.9241418267688302,0.7310585786300049
0.9999999966017321,0.2689414213699951,0.8519528000888387,0.7772998611746911,0.8519528000888387,0.8175744850834648,0.6224593312018546,0.3208213073183839,0.14804719991116141,0.37754066879814546,0.37754066879814546,0.4378234991142018,0.22270013882530884,0.14804719991116141,0.0293122327122782,0.0293122327122782,0.02297737241894287,0.06008665038439803,0.0293122327122782,0.11920291732853862,0.11920291732853862
0.9999999999997118,0.9999945777829692,0.9999885212318738,0.9999952149055052,0.9999898700126424,0.9999724643121783,0.9999832985701905,0.9999921107355332,0.9999898700126424,0.9999938558224682,0.9999832985701905,0.9999785550413585,0.9999785550413585,0.9999785550413585,0.9999417087274893,0.9999646437450657,0.9998766053808288,0.9999546021475793,0.9999546021475793,0.9999546021475793,0.9998766053808288
0.9999999928058669,0.7310585786300049,0.6224593312018546,0.6791786926816161,0.7310585786300049,0.6224593312018546,0.5,0.5,0.6224593312018546,0.5621765008857981,0.6224593312018546,0.5621765008857981,0.6224593312018546,0.4378234991142018,0.37754066879814546,0.5621765008857981,0.5,0.5621765008857981,0.5,0.37754066879814546,0.2689414213699951
