0,1,2,3,4,5,6,7,8,9,10,11,12,13,14,15,16,17,18,19,20
0.7772998611746911,0.4073334000459302,0.37754066879814546,0.3775406687981454,0.4073334000459302,0.43782349911420193,0.4687906266262437,0.46879062662624377,0.5,0.5621765008857982,0.5,0.5,0.43782349911420193,0.46879062662624377,0.46879062662624377,0.46879062662624377,0.46879062662624377,0.5,0.5621765008857981,0.5312093733737562,0.5312093733737562
0.7981867801399695,0.10669058968506456,0.08509903746596331,0.08509904790742692,0.06754669817865513,0.07585817427579646,0.06754669113962912,0.10669058684467357,0.09534947132582736,0.08509904790742692,0.06754669817865513,0.07585817427579646,0.08509905312815914,0.06754668926255561,0.07585817427579646,0.09534946168575072,0.09534947132582736,0.11920292202211755,0.11920293297380237,0.11920293297380237,0.13296424191570594
0.7549149813536518,0.010986944077748277,0.004609572895136895,0.0035936019686550287,0.0035936019686550287,0.003172682688587179,0.004609571252087787,0.0040701377762990525,0.0052201262400538425,0.005911069042311205,0.005911069042311205,0.005911069737327755,0.005220125623432879,0.004609572895136895,0.004609572895136895,0.004609572895136895,0.0052201262400538425,0.0052201262400538425,0.004609572895136895,0.004609572895136895,0.004609571252087787
0.9465966745315055,0.22270013882530884,0.24508500761839527,0.18242552825126704,0.16451647108926923,0.16451645470385742,0.13296423332632276,0.0850990438468576,0.06754668410060376,0.06754669395523942,0.05340332546849447,0.08509903804604459,0.08509903688588204,0.08509903688588204,0.10669059536584677,0.06754669395523942,0.06008665017400762,0.07585818628900447,0.09534947068315557,0.07585818367743737,0.04742587401904765
0.8175744828610095,0.08509905138791503,0.060086644703857287,0.0534033331895608,0.037326888281170874,0.037326883863690125,0.029312228472447265,0.042087729267329864,0.047425876543490335,0.037326883863690125,0.022977371917159397,0.033085981844833426,0.022977371917159397,0.029312231917309858,0.033085978269527264,0.033085978269527264,0.04208772881675952,0.037326883462100995,0.03308597791199667,0.029312228472447265,0.029312231758316185
0.9324533036984185,0.29421497216298875,0.34864514210180597,0.3775406758018019,0.40733340004593027,0.5,0.5,0.5,0.5,0.5,0.46879062662624377,0.40733340004593027,0.43782349911420193,0.46879062662624377,0.5312093733737563,0.5312093733737563,0.5926665999540698,0.6224593312018546,0.5621765008857981,0.5621765008857981,0.5
0.7981867729389246,0.34864513533394575,0.3486451217982255,0.32082129433083023,0.26894141551050293,0.2689414096510109,0.2689414330889797,0.29421498454004374,0.3208212943308302,0.4073334000459302,0.34864513533394575,0.3208213073183839,0.3208213073183839,0.3486451285660856,0.32082130082460697,0.22270013882530887,0.26894142136999516,0.32082129433083023,0.3208213073183839,0.34864514210180597,0.32082129433083023
0.9525741301883566,0.5,0.43782349911420193,0.4378234991142019,0.4378234991142019,0.46879062662624377,0.43782349911420193,0.5,0.5,0.5,0.5,0.4687906266262437,0.43782349911420193,0.5,0.5,0.46879062662624377,0.46879062662624377,0.46879062662624377,0.5,0.5312093733737562,0.5621765008857982
0.9770226309262802,0.34864514210180597,0.20181321745968234,0.10669058968506456,0.10669059962643358,0.06754669630158146,0.07585818837825821,0.08509905312815914,0.07585817949893017,0.09534946682712482,0.10669059536584677,0.13296424706933604,0.11920292515117027,0.1066905854244781,0.08509903804604459,0.13296424363358259,0.11920292045759122,0.13296422817269313,0.13296424019782926,0.14804720179063335,0.1645164710892692
0.7057850278370112,0.1329642316084462,0.11920292984474948,0.10669060459711842,0.08509903630580076,0.09534945782972029,0.09534946875514018,0.09534946875514018,0.09534946875514018,0.11920292202211755,0.11920293297380237,0.07585818211049714,0.07585818211049714,0.09534945782972029,0.08509904616718289,0.11920293297380237,0.13296424535145931,0.11920293297380237,0.13296424191570594,0.1192029188930649,0.13296422989056966
0.9669140183935203,0.13296423676207597,0.11920292828022305,0.1066905996264336,0.08509904790742692,0.08509904790742692,0.09534946875514018,0.06008665269869255,0.047425870989716595,0.047425870989716595,0.033085978269527264,0.037326883863690125,0.037326883462100995,0.047425870484828096,0.06008665269869255,0.053403333754516925,0.042087729267329864,0.06008665185713089,0.060086651646740485,0.05340333507274788,0.0373268904229799
0.9840936050517924,0.5,0.4687906266262437,0.4687906266262437,0.4073334000459302,0.4073334000459302,0.4073334000459302,0.3775406687981454,0.4687906266262437,0.46879062662624377,0.43782349911420193,0.43782349911420193,0.43782349911420193,0.4073334000459302,0.4378234991142019,0.43782349911420193,0.37754066179448903,0.37754066879814546,0.4687906266262437,0.4687906266262437,0.5312093733737562
0.7549149923816048,0.320821300824607,0.37754067580180184,0.4378234991142019,0.4073334000459302,0.5,0.5,0.5,0.5,0.46879062662624377,0.5,0.5,0.43782349911420193,0.5,0.5312093733737562,0.5312093733737562,0.5,0.5621765008857982,0.5621765008857981,0.5621765008857982,0.5312093733737562
0.5926665999540698,0.009708478120045582,0.004609572895136895,0.005220125623432879,0.004070137294963264,0.004609572895136895,0.005220125623432879,0.005911069042311205,0.006692851243146353,0.006692851243146353,0.005220125623432879,0.005220125623432879,0.0052201262400538425,0.004609571252087787,0.006692852029465064,0.007577242784093672,0.006692851243146353,0.006692852029465064,0.005911069737327755,0.005220125623432879,0.006692849648839014
0.7310585786300049,0.1480471942727457,0.11920292045759122,0.07585818524437762,0.042087728215999064,0.04208773061904093,0.029312229956388023,0.029312233242257107,0.03732688975366456,0.05340333375451692,0.060086656485720126,0.04742587755326745,0.037326885336183654,0.047425875533713246,0.07585818002124355,0.04208772986809033,0.033085981844833426,0.04742587401904765,0.07585818524437762,0.06754669020109234,0.04742587452393618
0.7981867753392728,0.11920293297380237,0.06754669724011829,0.06008665269869255,0.04742587149460509,0.04742587149460509,0.053403333754516925,0.05340332810495603,0.06008664638698043,0.06754669817865513,0.07585818367743735,0.05340333450779175,0.06008664554541885,0.06008665269869255,0.06008664638698043,0.07585818211049714,0.06754669817865513,0.08509903746596331,0.07585818211049714,0.07585818211049714,0.06754669724011829
0.6791786861878392,0.14804720179063333,0.11920292202211755,0.07585818837825821,0.0474258725043821,0.0330859751709289,0.04208772401067612,0.02931223075135632,0.04208772641371775,0.04742587300927061,0.04742587755326745,0.04742587805815601,0.037326886273225016,0.047425873514159125,0.05340332433858241,0.04742586829697802,0.03308598065306466,0.02931222783647268,0.04208772761523862,0.05340332546849447,0.03732688667481418
0.7772998663336158,0.29421497216298875,0.2018132150593341,0.11920292984474949,0.10669059891633577,0.0953494732538428,0.11920291107043361,0.13296423847995262,0.1329642264548166,0.11920292202211756,0.07585817323116976,0.060086644493466915,0.06754668503914044,0.06754669020109234,0.06754669207816587,0.06008665564415842,0.060086644493466915,0.07585817740967665,0.06754669817865513,0.08509903920620716,0.08509903978628845
0.9324533046369553,0.4687906266262437,0.43782349911420193,0.4073334000459302,0.4073334000459302,0.3775406687981454,0.2942149783515162,0.2942149659744614,0.2689414272294874,0.32082129433083023,0.40733340004593027,0.46879062662624377,0.4378234991142019,0.40733340004593027,0.4378234991142019,0.40733340004593027,0.348645142101806,0.34864513533394575,0.348645142101806,0.40733340004593027,0.5
0.9626731121204183,0.5,0.43782349911420193,0.4073334000459302,0.4073334000459302,0.3775406617944891,0.3775406617944891,0.3775406687981454,0.3486451353339457,0.320821300824607,0.320821300824607,0.2942149659744614,0.3486451285660856,0.37754067580180184,0.37754066879814546,0.37754066879814546,0.4073334000459302,0.3775406687981454,0.3775406687981454,0.3775406687981454,0.3486451217982255
0.9626731168056251,0.5312093733737563,0.4378234991142019,0.43782349911420193,0.4378234991142019,0.43782349911420193,0.4073334000459302,0.3486451217982255,0.3775406687981454,0.3775406687981454,0.37754066879814546,0.4073334000459302,0.43782349911420193,0.5,0.4687906266262437,0.4378234991142019,0.4073334000459302,0.4687906266262437,0.5312093733737563,0.3775406687981454,0.3775406687981454
0.8670357563664174,0.05340332753999996,0.017986209501500604,0.014063624602580737,0.014063624602580737,0.010986942792512623,0.012431650578771145,0.010986942792512623,0.010986942792512623,0.014063629587219217,0.015906391274464377,0.014063624602580737,0.012431650578771145,0.014063629587219217,0.012431650578771145,0.0159063894375931,0.012431650578771145,0.010986944077748277,0.012431652030882206,0.012431650578771145,0.010986942792512623
0.9149009619539554,0.29421498454004374,0.3486451285660856,0.4073334000459302,0.40733340004593027,0.4378234991142019,0.5,0.5,0.5312093733737562,0.5621765008857981,0.5621765008857981,0.5312093733737563,0.5,0.5,0.46879062662624377,0.5,0.5621765008857982,0.5926665999540698,0.6224593312018546,0.6224593312018546,0.6513548511303338
0.7772998663336158,0.20181322946142374,0.2689414213699951,0.1480472055495773,0.1066905996264336,0.09534946361376598,0.1066905889749668,0.13296424019782924,0.13296425222296632,0.18242552825126704,0.18242552825126704,0.1480472055495773,0.11920292828022305,0.11920291419948607,0.13296423676207597,0.10669058684467357,0.0953494732538428,0.0953494732538428,0.09534946361376598,0.13296425222296632,0.11920291419948607
0.8354835371034368,0.3775406687981454,0.3775406687981454,0.32082131381216084,0.2942149659744614,0.2689414096510109,0.24508501313237172,0.2689414272294874,0.24508501313237172,0.34864513533394575,0.40733340004593027,0.4073334000459302,0.3775406687981454,0.40733340004593027,0.37754066179448903,0.3775406687981454,0.40733340004593027,0.348645142101806,0.3775406758018019,0.4378234991142019,0.4378234991142019
0.6224593312018546,0.24508500761839527,0.2450850021044189,0.2450850021044189,0.29421497216298875,0.2942149659744614,0.3486451285660856,0.32082130731838393,0.320821300824607,0.3486451353339457,0.32082129433083023,0.29421497216298875,0.2450850021044189,0.3208213138121609,0.32082130082460697,0.320821300824607,0.3775406687981454,0.3775406687981454,0.3208212943308302,0.3486451488696663,0.2942149597859341
0.8933094174159127,0.5312093733737563,0.5312093733737563,0.5312093733737563,0.5312093733737563,0.5312093733737563,0.5,0.4378234991142019,0.5312093733737563,0.5,0.5926665999540698,0.6224593312018546,0.6513548646660542,0.6513548511303338,0.5926665999540698,0.5926665999540698,0.6513548714339145,0.5926665999540698,0.6224593312018546,0.6513548646660542,0.6224593312018545
0.9046505312448597,0.5621765008857981,0.5,0.5312093733737563,0.5312093733737563,0.5312093733737563,0.5621765008857982,0.6224593312018546,0.6791787121629466,0.6791787056691698,0.651354857898194,0.6513548782017745,0.6513548782017745,0.6513548714339145,0.6224593312018545,0.5926665999540698,0.6224593312018546,0.651354857898194,0.6791787056691697,0.6791786926816161,0.7310585786300049
0.9770226310517259,0.24508502416032488,0.22270014914315833,0.20181323186177208,0.18242551713899047,0.16451647108926923,0.14804719803168945,0.10669058471438037,0.09534946875514018,0.09534945782972029,0.06754668926255561,0.09534946682712482,0.09534945782972029,0.09534946682712482,0.13296424191570594,0.10669059962643358,0.10669058755477132,0.13296424706933604,0.11920292045759123,0.10669059962643358,0.09534945590170513
0.904650538956921,0.32082130082460697,0.3208213073183839,0.4073334000459302,0.43782349911420193,0.5,0.5,0.5312093733737563,0.5621765008857981,0.5621765008857981,0.5312093733737563,0.5312093733737562,0.4687906266262437,0.43782349911420193,0.46879062662624377,0.5,0.5621765008857981,0.5621765008857981,0.5926665999540698,0.5926665999540698,0.5621765008857981
0.798186775339273,0.4687906266262437,0.3775406687981454,0.37754066879814546,0.3775406687981454,0.34864512179822543,0.32082129433083023,0.34864512179822543,0.4378234991142019,0.46879062662624377,0.5,0.46879062662624377,0.4073334000459302,0.4378234991142019,0.46879062662624377,0.3775406617944891,0.4073334000459302,0.4073334000459302,0.43782349911420193,0.5,0.43782349911420193
0.6224593312018546,0.24508500761839527,0.22270013882530887,0.18242551713899047,0.1480471999111614,0.1480471999111614,0.14804719239327382,0.14804720179063333,0.18242551491653522,0.24508501313237172,0.22270013366638425,0.18242552158390102,0.20181322946142372,0.20181322946142372,0.20181323186177208,0.11920291576401235,0.14804719239327382,0.18242552158390102,0.20181321986003056,0.2450850021044189,0.20181321986003056
0.7310585669110202,0.16451646289656316,0.18242552825126704,0.13296424191570594,0.07585817427579646,0.06008665269869255,0.05340332753999996,0.042087729267329864,0.042087729267329864,0.0534033331895608,0.05340332678672523,0.07585818733363134,0.06754669536304464,0.05340333243628599,0.08509904268669496,0.06754669536304464,0.042087723860486016,0.05340333243628599,0.06754669536304464,0.07585818733363134,0.06008665017400762
0.7057850402140659,0.43782349911420193,0.37754066879814546,0.37754066879814546,0.3486451285660856,0.3775406687981454,0.3775406687981454,0.4073334000459302,0.4378234991142019,0.5,0.43782349911420193,0.40733340004593027,0.43782349911420193,0.4378234991142019,0.37754066879814546,0.3775406758018019,0.3775406687981454,0.43782349911420193,0.4378234991142019,0.4687906266262437,0.43782349911420193
0.8175744761936437,0.1480471999111614,0.10669059678604235,0.10669059678604235,0.0850990490675896,0.09534946361376598,0.0850990490675896,0.1066905996264336,0.13296423676207597,0.11920292828022305,0.13296423676207597,0.0953494732538428,0.09534946361376598,0.1066905996264336,0.0850990490675896,0.1066905996264336,0.11920292828022305,0.11920292828022305,0.13296424019782924,0.13296423676207597,0.13296423676207597
0.8807970873650401,0.5312093733737563,0.5,0.5312093733737563,0.5621765008857981,0.5,0.5,0.5312093733737562,0.5312093733737563,0.6224593312018546,0.622459324198198,0.6513548511303338,0.679178699175393,0.6513548714339145,0.6513548511303338,0.6513548511303338,0.651354857898194,0.6224593312018546,0.6513548714339145,0.7057850340255386,0.7310585786300049
0.5621765008857982,0.02595735945832451,0.010986944017028478,0.006692850435157538,0.0059110683281407405,0.006692850435157538,0.007577240977220365,0.01098694018156191,0.012431653471559487,0.009708474663824018,0.009708474663824018,0.012431649069490534,0.009708474663824018,0.012431653471559487,0.012431653471559487,0.01406362785680048,0.014063626229690516,0.01798621364681958,0.017986207297244074,0.017986207297244074,0.01590638932096636
0.8175744695262775,0.24508502416032488,0.2942149659744614,0.2942149659744614,0.32082130731838393,0.3775406687981454,0.3775406687981454,0.4073334000459302,0.43782349911420193,0.4378234991142019,0.37754067580180184,0.34864513533394575,0.3775406687981454,0.3208212943308302,0.37754066879814546,0.37754066179448903,0.43782349911420193,0.46879062662624377,0.4378234991142019,0.46879062662624377,0.3775406687981454
0.880797071719777,0.32082131381216084,0.22270014398423355,0.20181322466072713,0.16451646494473962,0.13296423504419935,0.13296425050508953,0.11920292984474948,0.11920291263495983,0.13296425394084313,0.13296425050508953,0.1480471999111614,0.14804720179063333,0.14804720179063333,0.13296425394084313,0.10669059252545564,0.09534946682712482,0.11920291263495983,0.09534946682712482,0.11920291576401235,0.11920291576401235
0.9324533149608595,0.5,0.5,0.46879062662624377,0.4378234991142019,0.46879062662624377,0.4073334000459302,0.46879062662624377,0.43782349911420193,0.5621765008857981,0.5312093733737563,0.5312093733737563,0.5926665999540698,0.5621765008857981,0.5312093733737563,0.5312093733737563,0.5312093733737563,0.5312093733737563,0.5,0.5312093733737563,0.5312093733737563
0.731058584489497,0.2018132246607271,0.2018132246607271,0.16451645470385745,0.20181322946142374,0.24508502416032488,0.2942149721629888,0.32082128783705344,0.2942149721629888,0.320821300824607,0.26894142136999516,0.26894141551050293,0.24508501864634827,0.29421497216298875,0.29421498454004374,0.2942149783515163,0.34864514210180597,0.40733340004593027,0.3486451488696663,0.37754067580180184,0.32082131381216084
0.8670357615200475,0.5,0.4073334000459302,0.37754067580180184,0.4073334000459302,0.3775406687981454,0.4073334000459302,0.43782349911420193,0.4687906266262437,0.5,0.5,0.4378234991142019,0.43782349911420193,0.4378234991142019,0.4378234991142019,0.40733340004593027,0.40733340004593027,0.46879062662624377,0.5,0.5312093733737563,0.5312093733737563
0.9706877721635273,0.46879062662624377,0.4073334000459302,0.43782349911420193,0.40733340004593027,0.40733340004593027,0.3775406687981454,0.37754066879814546,0.3775406758018018,0.43782349911420193,0.43782349911420193,0.46879062662624377,0.4687906266262437,0.46879062662624377,0.4687906266262437,0.46879062662624377,0.4378234991142019,0.4073334000459302,0.4378234991142019,0.5,0.4687906266262437
0.8354835289107309,0.010986942792512623,0.005911069042311205,0.005911069042311205,0.005911068344558451,0.006692850456827735,0.005911068344558451,0.005911068344558451,0.008577485223634738,0.007577241005233902,0.008577485223634738,0.008577484217809376,0.00970847470859372,0.006692851243146353,0.008577485223634738,0.008577485223634738,0.007577241894663736,0.008577485223634738,0.006692851243146353,0.006692851243146353,0.006692851243146353
0.5621765008857981,0.2689414213699951,0.22270013366638422,0.2689414096510108,0.2689414096510108,0.2942149659744614,0.3486451285660856,0.320821300824607,0.320821300824607,0.37754066879814546,0.3486451353339457,0.2942149845400438,0.2689414096510108,0.2942149845400438,0.32082130731838393,0.32082128783705344,0.3486451285660856,0.3486451353339457,0.3486451285660856,0.32082128783705344,0.29421497216298875
0.7772998560157665,0.2942149597859341,0.3775406687981454,0.3486451353339457,0.24508501313237172,0.18242552825126704,0.16451645880021026,0.16451645880021026,0.14804719427274568,0.20181322946142372,0.26894142136999516,0.29421495978593415,0.20181321745968234,0.22270013882530887,0.24508501313237172,0.20181322466072713,0.14804719427274568,0.1480472036701053,0.16451645675203383,0.18242552158390102,0.18242551491653522
0.679178699175393,0.007577240087790639,0.0031726830648641457,0.0024726232330138753,0.002182716172021526,0.0021827169519321567,0.0021827169519321567,0.002800926619202455,0.004070136804189576,0.004609571796921952,0.004609571796921952,0.004609571796921952,0.0035936019619854775,0.0035936019619854775,0.0035936019619854775,0.0031726826841690548,0.0035936019619854775,0.004070136804189576,0.003593603244206906,0.0028009276187367063,0.0031726826841690548
0.7981867825403177,0.02595735423085459,0.012431653551597116,0.008577485223634738,0.007577241894663736,0.006692850456827735,0.00970847470859372,0.010986941517397082,0.01406362632008551,0.01406362632008551,0.010986941517397082,0.012431653551597116,0.008577485223634738,0.008577485223634738,0.00970847470859372,0.00970847470859372,0.010986941517397082,0.00970847470859372,0.00970847470859372,0.010986941517397082,0.007577241894663736
0.7057850154599562,0.22270014914315833,0.20181321745968234,0.18242552825126704,0.22270014914315833,0.24508501313237172,0.24508500761839527,0.24508501313237172,0.24508501313237172,0.26894141551050293,0.24508502416032488,0.22270012850745968,0.22270012850745968,0.20181321745968234,0.16451645675203386,0.22270013882530887,0.22270013882530887,0.2689414213699951,0.3486451285660856,0.34864513533394575,0.32082130082460697
0.6224593312018546,0.09534946682712482,0.1192029110704336,0.11920292202211755,0.13296423504419935,0.11920291576401235,0.11920291576401235,0.10669058968506456,0.11920292671569666,0.1480471999111614,0.13296424706933604,0.10669059749614017,0.09534946489910949,0.1329642316084462,0.16451645880021026,0.18242551936144574,0.20181323186177208,0.18242551936144574,0.18242552380635635,0.18242551936144574,0.16451646494473962
0.9149009532527358,0.3775406687981454,0.37754066879814546,0.2689414213699951,0.16451645470385745,0.1480472055495773,0.1480472036701053,0.22270013882530887,0.26894142722948733,0.320821300824607,0.2689414213699951,0.22270013882530887,0.20181323186177208,0.16451647108926923,0.20181323186177208,0.16451647108926923,0.20181322946142374,0.2227001491431584,0.2689414096510108,0.2018132198600306,0.24508502416032488
0.5926665999540698,0.06008664638698043,0.03732688413141622,0.029312232129301407,0.029312232129301407,0.029312232129301407,0.025957357291985502,0.02595735423085459,0.02595735423085459,0.033085978269527264,0.025957357291985502,0.01798620742884147,0.022977369324611627,0.025957357150702527,0.022977369324611627,0.017986209501500604,0.017986209501500604,0.020332352823231696,0.020332355271959375,0.025957360070550783,0.022977369199165775
0.7549149923816048,0.2689414272294874,0.20181321745968234,0.20181322946142374,0.18242551713899047,0.20181322466072713,0.18242552380635635,0.18242551713899047,0.22270012850745968,0.24508501864634827,0.29421498454004374,0.2689414330889797,0.22270013882530887,0.24508500761839527,0.2942149659744614,0.22270012850745968,0.22270013366638422,0.22270012850745968,0.2689414096510109,0.24508501313237172,0.22270012850745968
0.7772998508568417,0.3208212943308302,0.32082128783705344,0.3208213073183839,0.32082128783705344,0.3486451353339457,0.4073334000459302,0.4378234991142019,0.4073334000459302,0.4378234991142019,0.3775406687981454,0.3775406687981454,0.3775406687981454,0.3486451285660856,0.3486451285660856,0.3486451217982255,0.3775406687981454,0.4073334000459302,0.43782349911420193,0.5,0.4687906266262437
0.7057850340255386,0.16451646494473965,0.10669059678604235,0.10669058684467357,0.10669058684467357,0.09534946361376598,0.13296423676207597,0.11920292515117027,0.13296423676207597,0.18242552825126704,0.14804720179063333,0.14804720179063333,0.14804720179063333,0.1480471999111614,0.1329642487872128,0.16451645880021026,0.16451646289656316,0.16451645880021026,0.20181323186177208,0.20181322466072713,0.16451646494473965
0.679178699175393,0.1066905996264336,0.07585817688736327,0.047425877048378896,0.029312228843432448,0.022977372168051135,0.02297736945005748,0.029312232129301407,0.03732688413141622,0.042087725062006816,0.03732688413141622,0.02931222863144092,0.02595735423085459,0.037326888281170874,0.033085978269527264,0.022977369324611627,0.022977371917159397,0.02595735423085459,0.03308597457504462,0.033085978269527264,0.022977371917159397
0.5926665999540698,0.16451645675203386,0.16451645470385745,0.16451646699291617,0.18242552380635635,0.16451645470385745,0.16451645675203383,0.16451645470385745,0.2018132246607271,0.22270014914315833,0.24508501313237172,0.2018132246607271,0.2018132246607271,0.20181321745968234,0.24508501864634827,0.16451645880021026,0.16451646289656316,0.22270013882530884,0.18242551713899047,0.24508501313237172,0.22270012850745968
0.9149009503523291,0.015906395064834336,0.005911069042311205,0.005220125623432879,0.005220125623432879,0.005220125623432879,0.005220125623432879,0.0046095723503026004,0.005220125006811988,0.007577241894663736,0.005911069042311205,0.005911069042311205,0.005220125006811988,0.006692851243146353,0.005220125006811988,0.005911068344558451,0.0046095723503026004,0.0040701377762990525,0.0046095723503026004,0.005220125623432879,0.003172682688587179
0.9770226310517259,0.029312231917309858,0.010986942792512623,0.008577486229460215,0.006692852029465064,0.006692852029465064,0.005911069737327755,0.006692852029465064,0.006692851243146353,0.007577242784093672,0.008577486229460215,0.009708475845744208,0.012431650578771145,0.00970847698289483,0.00857748723528581,0.010986944077748277,0.010986944077748277,0.015906391274464377,0.014063624602580737,0.012431649138094194,0.010986944077748277
0.8933094025038598,0.5926665999540698,0.6224593382055109,0.5621765008857981,0.5926665999540698,0.5621765008857981,0.6224593241981982,0.6791787121629466,0.7310585786300049,0.7549149813536518,0.6791787056691698,0.6791787121629466,0.7057850278370112,0.7057850278370112,0.6791787056691698,0.6224593312018546,0.6513548714339144,0.679178699175393,0.7310585786300049,0.7057850216484838,0.731058584489497
0.9525741249711753,0.24508502416032488,0.16451646289656316,0.16451646289656316,0.10669059678604235,0.10669059678604235,0.10669059678604235,0.07585817427579646,0.06754669020109236,0.04208772461143651,0.037326883863690125,0.053403333754516925,0.042087729267329864,0.06008665269869255,0.07585818211049714,0.06754669020109236,0.047425870989716595,0.08509903630580076,0.07585818106587033,0.060086651015569245,0.04208772881675952
0.7981867825403176,0.14804719615221756,0.09534945975773548,0.08509903746596331,0.07585817584273653,0.06754668410060377,0.07585817584273653,0.08509903920620716,0.08509903920620716,0.09534946361376598,0.0953494732538428,0.0953494732538428,0.060086647228542,0.08509903920620716,0.08509904790742692,0.07585818367743735,0.09534946168575072,0.09534946168575072,0.10669058684467357,0.1192029110704336,0.1192029110704336
0.9149009619539554,0.22270013882530887,0.20181322226037884,0.16451646289656316,0.13296422989056966,0.11920292202211755,0.11920292202211755,0.1192029110704336,0.13296423332632276,0.14804719803168945,0.1480471999111614,0.16451645880021026,0.16451646289656316,0.18242551713899047,0.18242552380635635,0.16451646289656316,0.16451645880021026,0.13296424535145931,0.13296423332632276,0.16451646289656316,0.16451646289656316
0.9626731126558705,0.3486451285660856,0.2689414272294874,0.24508501864634827,0.16451645880021026,0.16451645675203386,0.13296424191570594,0.09534945590170513,0.06754668926255561,0.06754668926255561,0.06008664554541885,0.06008665185713089,0.060086651015569245,0.08509905138791503,0.09534946682712482,0.06008665185713089,0.06754668832401889,0.09534946489910949,0.09534947453918644,0.06754668738548217,0.04208772340991573
0.8519527944504227,0.6224593312018546,0.6513548714339144,0.5926665999540698,0.6224593241981982,0.6513548646660542,0.7057850216484838,0.7549149923816048,0.7310585903489892,0.7310585903489892,0.7549149868676284,0.7549149923816048,0.7549149923816048,0.7310585727705126,0.679178699175393,0.7057850216484838,0.7057850216484838,0.7057850216484838,0.7549149978955811,0.7310585727705126,0.7310585786300049
0.8807970842359877,0.5,0.4378234991142019,0.4687906266262437,0.4687906266262437,0.5312093733737562,0.5,0.5926665999540698,0.6513548646660543,0.651354857898194,0.6513548511303338,0.6224593382055109,0.6224593312018545,0.5926665999540698,0.5621765008857981,0.5312093733737563,0.6224593312018546,0.6224593312018546,0.6791786861878392,0.6791786861878392,0.6791786861878392
0.6224593312018545,0.0028009276187367063,0.00116951016075143,0.0009110512499786033,0.0007096705583547516,0.0007096704738567501,0.00116951016075143,0.0013250226726256359,0.0017007227830237591,0.0021827166928070725,0.0019267349803263828,0.0015011825291288126,0.0015011825291288126,0.0015011825291288126,0.0017007227830237591,0.0021827169519321567,0.0017007227830237591,0.0017007227830237591,0.001325022199080471,0.0015011819927211352,0.001169510299868875
0.7981867801399695,0.2689414096510108,0.32082128783705344,0.3208213073183839,0.22270014398423357,0.14804719427274568,0.14804719615221756,0.11920291732853862,0.1192029314092759,0.1329642453514593,0.14804719615221756,0.22270013366638422,0.22270013366638422,0.22270013366638422,0.20181322226037884,0.20181321745968234,0.20181321745968234,0.1480472036701053,0.11920291732853862,0.16451645470385745,0.16451646289656316
0.679178686187839,0.32082129433083023,0.2942149597859341,0.29421497216298875,0.18242552825126704,0.18242551713899047,0.1329642453514593,0.13296422989056964,0.1480472055495773,0.18242552825126704,0.18242552380635635,0.22270014914315833,0.1480472036701053,0.18242552825126704,0.2018132246607271,0.1480471999111614,0.11920292515117027,0.1329642487872128,0.16451646289656316,0.13296422989056966,0.1192029188930649
0.5926665999540698,0.07585817323116975,0.047425876038601794,0.033085978269527264,0.022977369324611627,0.022977369324611627,0.022977369324611627,0.025957357150702527,0.033085981844833426,0.033085978269527264,0.029312231758316185,0.033085981844833426,0.03732688761185558,0.025957360070550783,0.03308597791199667,0.037326887879581695,0.033085981844833426,0.037326887879581695,0.042087724160866216,0.03308597791199667,0.037326883462100995
0.9525741254760638,0.5621765008857982,0.4687906266262437,0.5312093733737563,0.5,0.46879062662624377,0.4073334000459302,0.37754066879814546,0.3775406687981454,0.3775406687981454,0.4378234991142019,0.4378234991142019,0.43782349911420193,0.46879062662624377,0.43782349911420193,0.40733340004593027,0.43782349911420193,0.5,0.46879062662624377,0.4073334000459302,0.37754067580180184
0.7057850278370112,0.3208213073183839,0.2689414096510108,0.22270014914315833,0.16451645470385745,0.16451645470385745,0.1480472055495773,0.1480471999111614,0.1329642316084462,0.18242552602881168,0.22270013366638422,0.18242551936144574,0.14804720554957732,0.16451646699291614,0.16451646289656316,0.11920291732853862,0.11920293453832884,0.1480471942727457,0.14804719615221756,0.16451645880021026,0.1480471942727457
0.6513548511303338,0.006692852029465064,0.003172682688587179,0.0024726226466751226,0.0021827164336820186,0.0024726235293418383,0.00280092662245403,0.0035936019686550287,0.004070137294963264,0.005911068344558451,0.005911068344558451,0.005911068344558451,0.005220125006811988,0.005220125006811988,0.004609572895136895,0.0035936023938389376,0.0035936023938389376,0.004070137294963264,0.003172682688587179,0.0035936019686550287,0.0035936023938389376
0.7981867729389246,0.4378234991142019,0.320821300824607,0.3486451217982255,0.3775406687981454,0.320821300824607,0.34864513533394575,0.43782349911420193,0.5,0.5,0.4687906266262437,0.4073334000459302,0.40733340004593027,0.40733340004593027,0.40733340004593027,0.40733340004593027,0.3775406687981454,0.37754066879814546,0.40733340004593027,0.46879062662624377,0.46879062662624377
0.7549149923816048,0.24508501313237172,0.20181323186177208,0.16451645470385745,0.11920291419948607,0.07585818733363134,0.06754669536304464,0.05340332546849447,0.05340333130637379,0.08509903978628847,0.1192029235866439,0.10669060317692272,0.10669059039516232,0.11920291107043361,0.11920292515117027,0.08509905022775231,0.07585817323116976,0.08509904500702023,0.10669058755477132,0.10669058755477132,0.09534946489910949
0.9324533126145179,0.7057850402140659,0.7057850340255386,0.7057850216484839,0.651354857898194,0.6513548511303338,0.6791787056691698,0.6513548646660543,0.679178686187839,0.7057850216484839,0.7549149868676283,0.7549149923816048,0.7549149923816048,0.7549149868676283,0.7549149978955811,0.7549149868676283,0.7310585786300049,0.7549149868676283,0.7772998663336157,0.7310585903489891,0.7772998663336158
0.5621765008857981,0.007577242784093672,0.003172682688587179,0.0035936019686550287,0.003172682688587179,0.004070137294963264,0.005220125006811988,0.0046095723503026004,0.005911068344558451,0.007577241894663736,0.005911068344558451,0.005220125006811988,0.005220125623432879,0.005220125623432879,0.005220125006811988,0.007577241894663736,0.006692850456827735,0.005220125006811988,0.0046095723503026004,0.005911069042311205,0.005220125623432879
0.7981867753392728,0.022977369324611627,0.008577486229460215,0.009708475845744208,0.006692851243146353,0.007577241894663736,0.009708475845744208,0.008577485223634738,0.009708475845744208,0.012431649138094194,0.010986941517397082,0.010986941517397082,0.009708475845744208,0.008577486229460215,0.008577485223634738,0.008577485223634738,0.007577241894663736,0.010986942792512623,0.009708475845744208,0.008577485223634738,0.010986942792512623
0.9241418116217417,0.02595735437213755,0.008577485223634738,0.009708475845744208,0.008577486229460215,0.007577242784093672,0.009708475845744208,0.010986942792512623,0.009708475845744208,0.008577486229460215,0.009708475845744208,0.010986942792512623,0.012431652030882206,0.014063626229690516,0.01098694018156191,0.010986944077748277,0.010986944077748277,0.007577240087790639,0.009708478120045582,0.010986944077748277,0.007577240087790639
0.7057850278370112,0.006692849648839014,0.0040701377762990525,0.0035936023938389376,0.0035936023938389376,0.0040701377762990525,0.0040701377762990525,0.005911069737327755,0.007577242784093672,0.007577242784093672,0.007577242784093672,0.0052201262400538425,0.005911067633124355,0.005220126854256757,0.005911069737327755,0.005911069737327755,0.006692852029465064,0.006692849648839014,0.005911069737327755,0.006692852029465064,0.007577240977220365
0.8519528076067262,0.37754066879814546,0.43782349911420193,0.5,0.4073334000459302,0.3208213073183839,0.29421498454004374,0.2942149783515162,0.3486451488696663,0.4378234991142019,0.46879062662624377,0.46879062662624377,0.37754066179448914,0.40733340004593027,0.4073334000459302,0.3775406687981454,0.32082129433083023,0.34864513533394575,0.34864514210180597,0.34864513533394575,0.34864513533394575
0.9740426429905804,0.017986213811316386,0.005220125006811988,0.0046095723503026004,0.002800926954764988,0.003172682688587179,0.0035936019686550287,0.002800926954764988,0.004070137294963264,0.0035936019686550287,0.004070137294963264,0.0046095723503026004,0.005911069042311205,0.006692851243146353,0.005911068344558451,0.005911068344558451,0.005220125623432879,0.005911069042311205,0.005911069042311205,0.004609572895136895,0.005220125623432879
0.9324533036984185,0.01798620742884147,0.006692851243146353,0.005911069042311205,0.004070137294963264,0.004609572895136895,0.004070137294963264,0.005911069042311205,0.006692851243146353,0.005220125006811988,0.006692850456827735,0.00970847470859372,0.008577485223634738,0.008577485223634738,0.007577241894663736,0.008577485223634738,0.007577241894663736,0.007577241894663736,0.007577241894663736,0.008577485223634738,0.008577485223634738
0.8670357683915538,0.020332352934537494,0.012431649138094194,0.009708475845744208,0.005911069737327755,0.0052201262400538425,0.006692851243146353,0.007577241894663736,0.006692851243146353,0.007577241894663736,0.008577486229460215,0.007577242784093672,0.007577242784093672,0.008577485223634738,0.008577485223634738,0.008577485223634738,0.006692851243146353,0.006692851243146353,0.005220125623432879,0.007577241894663736,0.005911069042311205
0.982013792702756,0.037326888281170874,0.01798620742884147,0.012431650578771145,0.010986944077748277,0.010986944077748277,0.00970847698289483,0.010986942792512623,0.014063624602580737,0.014063624602580737,0.015906391274464377,0.020332355271959375,0.020332355271959375,0.017986209501500604,0.015906391274464377,0.020332352823231696,0.017986209501500604,0.01798621364681958,0.022977369199165775,0.020332355271959375,0.012431652030882206
0.9241418205010699,0.07585817584273653,0.053403328669912084,0.042087725062006816,0.025957357291985502,0.020332352934537494,0.02595735423085459,0.017986209501500604,0.012431650578771145,0.012431650578771145,0.010986942792512623,0.009708475845744208,0.012431650578771145,0.017986209501500604,0.01798620742884147,0.014063627960109055,0.010986942792512623,0.012431650578771145,0.022977369324611627,0.020332355271959375,0.010986942792512623
0.9740426402120151,0.02931222863144092,0.012431649138094194,0.012431650578771145,0.007577242784093672,0.009708475845744208,0.012431653471559487,0.01098694018156191,0.012431652030882206,0.010986942792512623,0.009708475845744208,0.010986944077748277,0.015906391274464377,0.015906391274464377,0.012431650578771145,0.015906391274464377,0.015906391274464377,0.012431650578771145,0.014063624602580737,0.012431652030882206,0.014063624602580737
0.9706877690366521,0.13296422989056966,0.08509903746596331,0.07585817323116975,0.05340332753999996,0.05340332753999996,0.03732688761185558,0.020332355160653567,0.020332355160653567,0.017986209501500604,0.017986209501500604,0.020332355160653567,0.017986211574159975,0.017986211574159975,0.022977369199165775,0.020332352823231696,0.015906393111335865,0.02595735682104226,0.022977371708082957,0.02033235274902783,0.020332355049347755
0.798186768138228,0.3208213073183839,0.320821300824607,0.37754066179448903,0.4073334000459302,0.4378234991142019,0.4378234991142019,0.4378234991142019,0.4378234991142019,0.43782349911420193,0.4378234991142019,0.4073334000459302,0.3775406687981454,0.4378234991142019,0.46879062662624377,0.4378234991142019,0.5,0.46879062662624377,0.5,0.46879062662624377,0.40733340004593027
0.9046505370289059,0.017986209501500604,0.0052201262400538425,0.004609571252087787,0.0035936023938389376,0.004070138257634899,0.004609572895136895,0.0040701377762990525,0.0040701377762990525,0.0052201262400538425,0.0052201262400538425,0.004609571252087787,0.004070138257634899,0.004609571252087787,0.004609571252087787,0.004070138257634899,0.004070138257634899,0.004070138257634899,0.003593602819022897,0.004609571252087787,0.003593602819022897
0.7549149813536518,0.43782349911420193,0.4073334000459302,0.34864513533394575,0.3775406687981454,0.4073334000459302,0.40733340004593027,0.46879062662624377,0.5,0.5,0.5,0.5312093733737563,0.46879062662624377,0.4378234991142019,0.4378234991142019,0.4378234991142019,0.4378234991142019,0.5,0.46879062662624377,0.5,0.4378234991142019
0.798186768138228,0.4073334000459302,0.40733340004593027,0.40733340004593027,0.4378234991142019,0.46879062662624377,0.5,0.5,0.5312093733737563,0.5621765008857981,0.5,0.5,0.5,0.46879062662624377,0.46879062662624377,0.46879062662624377,0.5,0.5,0.5312093733737563,0.5926665999540698,0.5926665999540698
0.6513548714339145,0.14804720367010532,0.09534945590170513,0.07585817793199001,0.06008665311947337,0.06008665375064462,0.06754669301670264,0.060086645124638065,0.07585817375348311,0.07585818733363134,0.04742587300927061,0.06008664596619963,0.04742587704837888,0.04742587704837888,0.04208773197075204,0.04208772746504851,0.05340332528017579,0.053403331683011195,0.05340333281292339,0.05340332659840655,0.0474258782264522
0.9324533126145179,0.43782349911420193,0.37754067580180184,0.3486451217982255,0.3208213073183839,0.3208213138121609,0.32082130082460697,0.320821300824607,0.3486451285660856,0.3208213138121609,0.37754067580180184,0.40733340004593027,0.3775406687981454,0.40733340004593027,0.4378234991142019,0.40733340004593027,0.40733340004593027,0.4378234991142019,0.4073334000459302,0.37754066879814546,0.37754066879814546
0.679178699175393,0.18242552380635635,0.16451645470385745,0.20181322946142374,0.26894141551050293,0.2689414213699951,0.2942149659744614,0.2689414330889797,0.2942149721629888,0.2942149721629888,0.3208213073183839,0.24508501864634827,0.24508501864634827,0.29421497216298875,0.3208213073183839,0.3486451285660856,0.3775406687981454,0.34864513533394575,0.34864513533394575,0.34864514210180597,0.3208213138121609
0.9579122681794381,0.025957357150702527,0.008577486229460215,0.007577242784093672,0.006692849648839014,0.005911069737327755,0.007577242784093672,0.008577486229460215,0.008577486229460215,0.008577486229460215,0.010986944077748277,0.010986944077748277,0.010986944077748277,0.009708475845744208,0.008577486229460215,0.010986942792512623,0.007577242784093672,0.008577486229460215,0.00970847698289483,0.009708475845744208,0.010986944077748277
0.651354857898194,0.2689414096510108,0.20181322226037884,0.10669060175672707,0.06754669207816587,0.06008664785971319,0.06754668503914044,0.07585817688736327,0.1066905889749668,0.13296422989056964,0.08509904094645104,0.07585817584273653,0.07585818367743735,0.07585818367743735,0.07585818367743735,0.06754669113962912,0.04742587149460509,0.060086653540254206,0.060086647228542,0.06754669817865513,0.06754669817865513
0.9324533130837861,0.3775406687981454,0.3486451285660856,0.2942149659744614,0.26894142722948744,0.22270013366638422,0.24508502416032485,0.24508501864634824,0.22270013366638422,0.2942149597859341,0.26894141551050293,0.2942149597859341,0.2942149659744614,0.2942149659744614,0.29421497216298875,0.29421498454004374,0.24508501864634824,0.24508500761839525,0.2942149659744614,0.34864513533394575,0.3486451285660856
0.8175744761936437,0.26894142722948733,0.22270013366638422,0.22270012850745968,0.18242552825126704,0.1192029110704336,0.10669059678604235,0.08509904790742692,0.09534946168575072,0.1192029110704336,0.13296424191570594,0.18242552825126704,0.14804719615221756,0.13296423332632276,0.14804719615221756,0.18242552825126704,0.14804720554957732,0.10669060459711842,0.10669059465574898,0.10669060459711842,0.11920292984474948
0.9626731168056251,0.5621765008857981,0.5,0.4687906266262437,0.5,0.4687906266262437,0.4378234991142019,0.4073334000459302,0.3208213138121609,0.3775406687981454,0.3486451285660856,0.34864514210180597,0.4073334000459302,0.4687906266262437,0.43782349911420193,0.4073334000459302,0.37754066879814546,0.3775406687981454,0.43782349911420193,0.40733340004593027,0.2942149659744614
0.6513548511303338,0.2689414330889797,0.22270014914315833,0.20181323186177208,0.24508501313237172,0.2942149845400438,0.2689414330889797,0.26894142722948733,0.24508500761839527,0.2942149845400438,0.22270012850745968,0.18242551713899047,0.18242552380635635,0.22270012850745968,0.24508501313237172,0.2689414213699951,0.2942149721629888,0.2942149721629888,0.2689414272294874,0.2689414330889797,0.24508502416032488
0.8175744695262775,0.3775406687981454,0.4073334000459302,0.4073334000459302,0.43782349911420193,0.4378234991142019,0.5312093733737563,0.5621765008857981,0.5926665999540698,0.6224593382055109,0.5926665999540698,0.5926665999540698,0.5621765008857981,0.5621765008857981,0.5312093733737562,0.5621765008857981,0.6224593312018546,0.6224593382055109,0.651354857898194,0.651354857898194,0.651354857898194
0.9046505408849362,0.5926665999540698,0.5621765008857982,0.5621765008857981,0.5926665999540698,0.5926665999540698,0.6224593312018546,0.6791787056691698,0.7057850340255386,0.7310585727705127,0.7549149758396752,0.7549149923816048,0.7310585727705126,0.7057850278370111,0.7057850402140659,0.679178699175393,0.7057850278370112,0.7310585669110203,0.7549149868676283,0.7772998560157665,0.7772998663336158
0.8354835350552603,0.02595735423085459,0.010986942792512623,0.009708475845744208,0.007577242784093672,0.007577242784093672,0.009708475845744208,0.008577485223634738,0.008577485223634738,0.010986942792512623,0.009708475845744208,0.010986944077748277,0.009708475845744208,0.010986942792512623,0.00970847470859372,0.00970847470859372,0.007577242784093672,0.007577241894663736,0.008577486229460215,0.008577485223634738,0.007577241894663736
0.9579122716338109,0.2018132246607271,0.2018132246607271,0.16451645470385745,0.13296423676207597,0.11920291419948607,0.16451646289656316,0.11920292202211755,0.09534946168575072,0.07585818367743735,0.06008664554541885,0.06754668926255561,0.07585818837825821,0.0758581784543034,0.10669058755477132,0.10669059962643358,0.08509904268669496,0.07585818628900447,0.11920292045759123,0.10669058471438037,0.06754668597767712
0.6513548511303338,0.24508500761839527,0.20181321986003056,0.24508502416032488,0.2450850186463482,0.24508500210441886,0.2689414213699951,0.2689414213699951,0.29421497216298875,0.3486451285660856,0.32082129433083023,0.29421497216298875,0.29421498454004374,0.32082130731838393,0.26894141551050293,0.2689414096510109,0.29421497216298875,0.29421497216298875,0.3208213008246071,0.32082130731838393,0.3208212878370535
0.7057850340255386,0.37754066879814546,0.34864514210180597,0.3775406758018019,0.3775406687981454,0.43782349911420193,0.4687906266262437,0.4687906266262437,0.43782349911420193,0.5,0.46879062662624377,0.4073334000459302,0.4073334000459302,0.4073334000459302,0.37754066879814546,0.4073334000459302,0.4378234991142019,0.5,0.5312093733737562,0.5,0.5312093733737563
0.8175744828610095,0.2227001491431584,0.24508502416032488,0.24508501313237172,0.3208213073183839,0.3775406687981454,0.40733340004593027,0.40733340004593027,0.37754066879814546,0.40733340004593027,0.40733340004593027,0.37754066879814546,0.32082130082460697,0.3486451285660856,0.4378234991142019,0.4378234991142019,0.5,0.4687906266262437,0.4378234991142019,0.5,0.4073334000459302
0.8175744828610095,0.07585817949893017,0.06008664554541885,0.06008664554541885,0.05340332810495603,0.060086653540254206,0.06008664638698043,0.06008664638698043,0.06754669113962912,0.07585817584273653,0.08509903920620716,0.0953494732538428,0.06754669020109236,0.06008664638698043,0.08509903746596331,0.07585818211049714,0.07585818211049714,0.08509904790742692,0.07585817427579646,0.09534945975773548,0.09534946875514018
0.9669140188702279,0.5312093733737563,0.5,0.5,0.46879062662624377,0.46879062662624377,0.43782349911420193,0.4378234991142019,0.46879062662624377,0.5621765008857981,0.5312093733737563,0.5312093733737563,0.46879062662624377,0.43782349911420193,0.5312093733737563,0.5,0.46879062662624377,0.46879062662624377,0.5621765008857981,0.5621765008857981,0.5926665999540698
0.6513548511303338,0.2942149783515162,0.22270013366638422,0.18242552825126704,0.13296422989056964,0.11920291732853862,0.13296425222296632,0.13296423676207597,0.16451646289656316,0.18242552380635635,0.1329642487872128,0.1329642487872128,0.10669059678604235,0.11920292515117027,0.10669059678604235,0.08509903746596331,0.09534947132582736,0.1192029110704336,0.1192029110704336,0.10669059465574898,0.10669059465574898
0.8670357615200475,0.3486451488696663,0.3775406758018019,0.43782349911420193,0.43782349911420193,0.5,0.5,0.5926665999540698,0.5312093733737562,0.5926665999540698,0.5621765008857982,0.5312093733737563,0.46879062662624377,0.4687906266262437,0.5312093733737563,0.5312093733737563,0.5621765008857982,0.5926665999540698,0.6224593312018545,0.6224593312018546,0.5926665999540698
0.984093605285046,0.6513548511303338,0.5621765008857981,0.5,0.5,0.4687906266262437,0.40733340004593027,0.43782349911420193,0.37754066879814546,0.4378234991142019,0.43782349911420193,0.4687906266262437,0.5,0.4687906266262437,0.4687906266262437,0.4687906266262437,0.4687906266262437,0.43782349911420193,0.40733340004593027,0.40733340004593027,0.4687906266262437
0.9324533060447605,0.010986944077748277,0.0035936023938389376,0.002800927287075985,0.0021827169519321567,0.0019267342921522673,0.0017007227830237591,0.0021827169519321567,0.0021827166928070725,0.0024726226466751226,0.0035936023938389376,0.0031726830648641457,0.0040701377762990525,0.0035936023938389376,0.0035936019686550287,0.004609572895136895,0.005220125623432879,0.0040701377762990525,0.004609572895136895,0.0040701377762990525,0.004609572895136895
0.798186768138228,0.3208213073183839,0.32082128783705344,0.2942149783515162,0.2942149597859341,0.26894141551050293,0.29421496597446134,0.2942149597859341,0.32082129433083023,0.37754066879814546,0.37754066879814546,0.34864512179822543,0.34864514210180597,0.34864512179822543,0.37754066879814546,0.3486451353339457,0.2942149783515162,0.34864513533394575,0.3486451353339457,0.3486451488696663,0.3486451488696663
0.962673116537899,0.16451645880021026,0.09534947132582736,0.06008665269869255,0.05340332753999996,0.042087729267329864,0.037326888281170874,0.037326888281170874,0.037326888281170874,0.0420877295677101,0.04208772461143651,0.05340332810495603,0.053403333754516925,0.06008664638698043,0.060086653540254206,0.060086653540254206,0.047425876543490335,0.06008664638698043,0.06754669724011829,0.047425876543490335,0.053403333754516925
0.6224593241981982,0.13296425222296632,0.13296423676207597,0.08509903920620716,0.05340333450779175,0.03732688413141622,0.029312232129301407,0.022977372042605262,0.03308597457504462,0.042087725062006816,0.0420877295677101,0.047425870989716595,0.03732688734412946,0.04208772836618918,0.05340333243628599,0.03308597767364294,0.029312231546324632,0.03308597767364294,0.0373268831943749,0.04208772881675952,0.03308598136812592
0.8175744828610095,0.37754066879814546,0.3486451285660856,0.3208213073183839,0.3208212943308302,0.2689414272294874,0.34864512179822543,0.3775406687981454,0.3775406687981454,0.4378234991142019,0.4073334000459302,0.37754066879814546,0.37754066879814546,0.37754066879814546,0.4073334000459302,0.29421497216298875,0.32082128783705344,0.3486451285660856,0.3486451285660856,0.4073334000459302,0.4073334000459302
0.8175744695262775,0.5312093733737563,0.4687906266262437,0.4687906266262437,0.5,0.5312093733737562,0.6224593312018546,0.6513548646660542,0.651354857898194,0.6224593312018546,0.651354857898194,0.679178699175393,0.6224593241981982,0.5926665999540697,0.5926665999540698,0.6224593312018546,0.6513548511303338,0.6513548646660543,0.6224593312018546,0.651354857898194,0.6513548646660543
0.9525741254760638,0.02931222863144092,0.008577485223634738,0.005911069042311205,0.005911069042311205,0.006692851243146353,0.008577486229460215,0.007577242784093672,0.008577485223634738,0.010986941517397082,0.012431653551597116,0.012431649138094194,0.0159063894375931,0.0159063894375931,0.012431649138094194,0.014063627960109055,0.014063627960109055,0.014063627960109055,0.015906395064834336,0.012431649138094194,0.012431650578771145
0.9820137885903368,0.34864513533394575,0.14804719615221756,0.1192029235866439,0.08509904152653236,0.07585818733363134,0.07585818837825821,0.08509904268669496,0.08509905138791503,0.09534947453918644,0.13296423504419935,0.13296423847995262,0.13296423847995262,0.11920291419948609,0.09534947261117098,0.11920292828022305,0.13296423504419935,0.13296422817269313,0.1480471999111614,0.1480472036701053,0.18242551713899047
0.8175744784160989,0.008577484217809376,0.0046095723503026004,0.004070136813627531,0.004609571807604975,0.004070136813627531,0.005911067649542063,0.007577241005233902,0.008577484217809376,0.008577484217809376,0.010986940232161724,0.0097084781648153,0.0097084781648153,0.008577484217809376,0.0097084781648153,0.012431653551597116,0.010986940232161724,0.008577484217809376,0.008577484217809376,0.012431653551597116,0.00970847470859372
0.7981867801399695,0.005911069042311205,0.0035936019686550287,0.004070137294963264,0.005220125006811988,0.005911068344558451,0.006692850456827735,0.009708475845744208,0.00970847470859372,0.00970847470859372,0.00970847470859372,0.00970847470859372,0.008577485223634738,0.009708475845744208,0.00970847470859372,0.014063627960109055,0.00970847470859372,0.008577485223634738,0.008577486229460215,0.007577241894663736,0.008577486229460215
0.9626731126558705,0.5,0.5,0.5,0.5,0.46879062662624377,0.46879062662624377,0.46879062662624377,0.46879062662624377,0.5621765008857981,0.5621765008857982,0.5621765008857981,0.5621765008857981,0.5,0.5312093733737562,0.5,0.46879062662624377,0.5312093733737563,0.5312093733737563,0.5621765008857981,0.5926665999540698
0.6513548646660543,0.20181323186177208,0.20181321745968234,0.1192029188930649,0.09534946939781196,0.07585818106587033,0.060086644493466915,0.07585818106587033,0.08509903746596331,0.1480472036701053,0.10669058400428265,0.07585818628900448,0.08509904152653236,0.08509905138791503,0.10669058471438035,0.06754668363133542,0.04742586997993961,0.06754669677084987,0.06754668785475053,0.060086651646740485,0.06008665543376799
0.9149009602137116,0.5,0.5312093733737562,0.5621765008857981,0.5926665999540698,0.5621765008857981,0.6513548646660543,0.6513548646660543,0.705785040214066,0.7549149758396752,0.7057850340255386,0.7057850340255386,0.7057850340255386,0.6513548511303338,0.6791787056691698,0.6224593382055109,0.731058584489497,0.7310585727705127,0.7772998611746911,0.7549149813536518,0.7772998560157665
0.9770226309262802,0.5,0.43782349911420193,0.4073334000459302,0.37754066879814546,0.37754066879814546,0.37754066879814546,0.43782349911420193,0.4378234991142019,0.46879062662624377,0.4073334000459302,0.4073334000459302,0.3775406687981454,0.3486451353339457,0.4073334000459302,0.4073334000459302,0.3486451285660856,0.37754066879814546,0.37754066879814546,0.46879062662624377,0.4378234991142019
0.9579122716338109,0.5312093733737563,0.4687906266262437,0.4687906266262437,0.4073334000459302,0.4073334000459302,0.43782349911420193,0.37754066879814546,0.32082130082460697,0.3486451217982255,0.320821300824607,0.3775406687981454,0.4073334000459302,0.4073334000459302,0.3775406687981454,0.34864513533394575,0.43782349911420193,0.37754066179448914,0.348645142101806,0.2942149597859341,0.34864513533394575
0.7772998663336158,0.014063624602580737,0.0046095723503026004,0.0046095723503026004,0.0035936019686550287,0.003172682313046611,0.004070137294963264,0.0046095723503026004,0.005220125006811988,0.006692851243146353,0.005911068344558451,0.005911068344558451,0.006692851243146353,0.0046095723503026004,0.005911069042311205,0.005220125006811988,0.0046095723503026004,0.005911069042311205,0.005220125623432879,0.0046095723503026004,0.0040701377762990525
0.9740426436499009,0.16451645470385742,0.05340332622176918,0.03732689136002138,0.025957359929267797,0.02297737179171353,0.025957357009419556,0.022977369199165775,0.025957359929267797,0.025957359929267797,0.033085981606479666,0.047425870484828096,0.042087724160866216,0.037326887879581695,0.029312231758316185,0.04208772340991573,0.03308598112977216,0.03732688734412946,0.04208772340991573,0.042087723860486016,0.05340333130637379
0.9399133489844307,0.14804720554957732,0.07585817323116975,0.037326883863690125,0.029312228472447265,0.025957357150702527,0.020332352823231696,0.017986209501500604,0.020332355271959375,0.01798620742884147,0.015906391274464377,0.022977371917159397,0.022977371917159397,0.029312231917309858,0.020332352934537494,0.01798620742884147,0.017986209501500604,0.029312231758316185,0.025957359929267797,0.022977369199165775,0.020332355160653567
0.6224593312018545,0.07585818367743737,0.05340332678672523,0.04742586981164345,0.042087724160866216,0.037326883462100995,0.03732688761185558,0.04208772881675952,0.05340332678672523,0.03732688761185558,0.033085981606479666,0.037326883462100995,0.033085981606479666,0.029312228472447265,0.037326883462100995,0.047425870484828096,0.037326887879581695,0.04208772881675952,0.037326883462100995,0.04208772881675952,0.033085981606479666
0.7310585786300049,0.24508500761839527,0.20181323186177208,0.20181323186177208,0.16451646699291617,0.20181323186177208,0.16451646699291617,0.22270013882530887,0.24508500761839527,0.26894141551050293,0.26894141551050293,0.22270014914315833,0.26894141551050293,0.2689414330889797,0.24508502416032488,0.22270012850745968,0.22270012850745968,0.24508501313237172,0.22270012850745968,0.29421498454004374,0.22270012850745968
0.798186768138228,0.2450850131323717,0.24508501313237172,0.20181323186177208,0.13296422989056964,0.11920291732853862,0.13296422989056964,0.16451645880021026,0.16451645675203383,0.20181323186177208,0.22270013366638422,0.20181322946142374,0.16451646699291617,0.16451645470385745,0.20181322946142374,0.1480472036701053,0.10669058684467357,0.11920291419948607,0.1066905996264336,0.1480471999111614,0.1192029110704336
0.6513548511303338,0.320821300824607,0.320821300824607,0.32082130731838393,0.2942149783515162,0.2942149597859341,0.26894142136999516,0.3775406617944891,0.37754066879814546,0.4378234991142019,0.3775406687981454,0.32082130731838393,0.3486451285660856,0.3486451353339457,0.320821300824607,0.2689414213699951,0.26894142722948733,0.3208213073183839,0.3208213073183839,0.3775406687981454,0.32082128783705344
0.651354857898194,0.22270013882530887,0.16451646494473965,0.1329642487872128,0.0953494732538428,0.11920292515117027,0.13296423332632276,0.1192029110704336,0.14804719803168945,0.1480471999111614,0.09534947132582736,0.11920291732853862,0.10669059039516232,0.08509904500702023,0.08509905254807777,0.07585818733363134,0.0850990542883219,0.09534947004048375,0.0850990542883219,0.11920292671569666,0.08509903746596331
0.9579122758391339,0.37754066879814546,0.32082128783705344,0.3208212943308302,0.3208213073183839,0.320821300824607,0.3486451285660856,0.3486451285660856,0.4073334000459302,0.4073334000459302,0.4073334000459302,0.4073334000459302,0.3775406687981454,0.3486451285660856,0.4073334000459302,0.3486451285660856,0.320821300824607,0.34864513533394575,0.37754066179448903,0.4073334000459302,0.43782349911420193
0.9740426404003925,0.20181323186177208,0.13296422989056966,0.09534947132582736,0.06754669020109236,0.06008665269869255,0.0534033331895608,0.047425870484828096,0.037326883863690125,0.033085978269527264,0.037326883863690125,0.037326883863690125,0.037326887879581695,0.037326887879581695,0.042087724160866216,0.037326883863690125,0.042087729267329864,0.042087729267329864,0.042087724160866216,0.047425870484828096,0.03308598136812592
0.7057850278370111,0.4378234991142019,0.32082129433083023,0.2942149783515163,0.32082130082460697,0.2942149659744614,0.3208213138121609,0.3208213138121609,0.3486451488696663,0.40733340004593027,0.3775406758018019,0.37754066879814546,0.3486451488696663,0.34864513533394575,0.3775406687981454,0.2942149783515163,0.34864514210180597,0.34864514210180597,0.3775406687981454,0.40733340004593027,0.3775406687981454
0.7772998611746911,0.4687906266262437,0.46879062662624377,0.5,0.5,0.5312093733737563,0.5621765008857981,0.6224593241981982,0.6224593312018546,0.6224593382055109,0.6224593241981982,0.6224593312018546,0.6224593312018545,0.5926665999540698,0.5621765008857981,0.5926665999540698,0.6224593382055109,0.5621765008857981,0.6224593312018546,0.6224593312018546,0.6224593312018546
0.7057850340255386,0.1480471999111614,0.11920291576401235,0.08509903630580076,0.060086644703857287,0.05340332678672523,0.0534033331895608,0.05340332622176918,0.060086643862295744,0.06754668832401889,0.06754668832401889,0.06008665185713089,0.060086644703857287,0.06754668832401889,0.07585817949893017,0.05340332622176918,0.042087723860486016,0.04742586981164345,0.047425875533713246,0.060086644703857287,0.05340332622176918
0.6513548782017745,0.2942149721629888,0.2942149783515163,0.37754066879814546,0.4378234991142019,0.40733340004593027,0.40733340004593027,0.3775406687981454,0.37754066179448914,0.4073334000459302,0.348645142101806,0.32082131381216084,0.34864513533394575,0.37754066879814546,0.4073334000459302,0.4378234991142019,0.40733340004593027,0.4687906266262437,0.43782349911420193,0.43782349911420193,0.40733340004593027
0.7981867753392728,0.2450850131323717,0.26894141551050293,0.22270013366638422,0.13296424019782924,0.07585818576669104,0.08509904094645104,0.07585817688736327,0.06754668503914044,0.10669060175672707,0.10669058471438037,0.16451647108926923,0.13296422989056966,0.10669058471438037,0.13296423332632276,0.13296423332632276,0.13296424535145931,0.09534946875514018,0.07585817427579646,0.08509904790742692,0.08509904790742692
0.8670357615200474,0.20181322466072713,0.10669058897496682,0.09534946875514017,0.06754668410060376,0.060086651646740485,0.05340332998814293,0.05340332866991209,0.06008665080517885,0.06754668926255561,0.06008664617659002,0.06754669724011829,0.04208772596314744,0.03308597672022805,0.033085976958581766,0.05340332866991209,0.04208772596314744,0.04208772716466829,0.03732689015525377,0.05340333507274788,0.04742587704837889
0.5926665999540698,0.0031726830648641457,0.0013250225150339763,0.0011695100216340016,0.0010322308550090255,0.0009110511415777467,0.0010322308550090255,0.0013250226726256359,0.0019267349803263828,0.0021827166928070725,0.0021827166928070725,0.0013250226726256359,0.0013250226726256359,0.00116951016075143,0.0015011825291288126,0.0021827166928070725,0.0015011825291288126,0.0013250226726256359,0.0015011819927211352,0.0017007227830237591,0.0015011825291288126
0.7057850340255386,0.007577241894663736,0.0035936019686550287,0.002800926954764988,0.0019267349803263828,0.0021827166928070725,0.0024726235293418383,0.002800926954764988,0.0035936019686550287,0.005220125006811988,0.0046095723503026004,0.004070137294963264,0.0035936019686550287,0.002800926954764988,0.002800926954764988,0.003172682688587179,0.003172682688587179,0.0040701377762990525,0.002800926954764988,0.002800926954764988,0.0021827166928070725
0.9859363705031758,0.6513548511303338,0.5926665999540698,0.5926665999540698,0.5,0.5,0.4687906266262437,0.4378234991142019,0.4378234991142019,0.46879062662624377,0.46879062662624377,0.46879062662624377,0.5312093733737563,0.5312093733737563,0.5,0.5,0.5312093733737563,0.5,0.46879062662624377,0.4378234991142019,0.46879062662624377
0.7310585786300049,0.26894142136999516,0.29421497216298875,0.2942149659744614,0.320821300824607,0.3486451217982255,0.37754066879814546,0.3486451217982255,0.3486451353339457,0.4073334000459302,0.3775406687981454,0.3208213073183839,0.2942149783515162,0.3208213073183839,0.3775406687981454,0.4073334000459302,0.4687906266262437,0.4073334000459302,0.43782349911420193,0.4378234991142019,0.37754066179448903
0.5926665999540698,0.18242552825126704,0.18242551713899047,0.18242552380635635,0.22270013366638422,0.20181322946142374,0.20181322946142374,0.2018132246607271,0.2018132246607271,0.22270014914315833,0.22270014914315833,0.18242552380635635,0.14804720179063333,0.2018132246607271,0.22270014914315833,0.20181322946142374,0.22270013882530887,0.2689414330889797,0.24508501864634827,0.24508502416032488,0.20181321745968234
0.6224593312018546,0.18242552380635635,0.11920292045759122,0.06754668973182398,0.04208773242132242,0.042087728966949636,0.03732688881662312,0.053403331871329895,0.04208772431105631,0.06008664849088439,0.0534033330012421,0.0474258704848281,0.04742586997993961,0.04208772521219691,0.04208772521219691,0.033085975409282604,0.042087728215999064,0.04742587452393618,0.0330859781503504,0.06008665080517884,0.04742587300927061
0.9046505351008904,0.26894141551050293,0.20181322466072713,0.14804720179063333,0.1192029188930649,0.10669059465574898,0.09534947132582736,0.10669059465574898,0.10669059465574898,0.09534947132582736,0.10669059678604235,0.1192029110704336,0.11920292202211755,0.1192029110704336,0.07585818367743735,0.08509904790742692,0.09534945975773548,0.08509904616718289,0.10669059465574898,0.08509904790742692,0.10669059465574898
0.7549149868676283,0.022977369324611627,0.012431649138094194,0.010986941517397082,0.008577484217809376,0.0097084781648153,0.0097084781648153,0.010986941517397082,0.012431649138094194,0.015906395064834336,0.015906395064834336,0.014063627960109055,0.010986942792512623,0.012431650578771145,0.010986942792512623,0.014063627960109055,0.012431649138094194,0.012431650578771145,0.012431650578771145,0.014063627960109055,0.009708475845744208
0.6791787056691698,0.3208212943308302,0.2942149597859341,0.2942149721629888,0.2942149597859341,0.32082131381216084,0.3486451488696663,0.34864513533394575,0.3486451488696663,0.40733340004593027,0.3486451285660856,0.32082129433083023,0.34864514886966624,0.32082131381216084,0.3208212943308302,0.2689414213699951,0.32082131381216084,0.3208212943308302,0.3486451285660856,0.34864514886966624,0.3208213073183839
0.8354835391516133,0.4687906266262437,0.3775406687981454,0.3775406687981454,0.3486451217982255,0.3208213073183839,0.32082128783705344,0.3486451217982255,0.43782349911420193,0.46879062662624377,0.5,0.43782349911420193,0.4073334000459302,0.4073334000459302,0.4687906266262437,0.40733340004593027,0.4073334000459302,0.4073334000459302,0.4378234991142019,0.46879062662624377,0.46879062662624377
0.817574478416099,0.08509905138791503,0.060086655644158424,0.06754668503914042,0.042087723860486016,0.05340333243628599,0.04742586981164345,0.060086643862295744,0.06754669630158146,0.06008664554541885,0.05340332678672523,0.047425875533713246,0.04742587502882471,0.04742587502882471,0.05340333243628599,0.060086643862295744,0.05340333243628599,0.05340333187132989,0.07585817584273653,0.06754668597767712,0.0758581847220642
0.7549149868676284,0.02595735423085459,0.014063627960109055,0.012431649138094194,0.010986941517397082,0.010986941517397082,0.015906395064834336,0.017986213811316386,0.020332355346163247,0.020332353045843292,0.017986209501500604,0.01798620742884147,0.014063627960109055,0.0159063894375931,0.0159063894375931,0.015906395064834336,0.017986213811316386,0.01406362632008551,0.014063629587219217,0.0159063894375931,0.014063629587219217
0.9706877717395442,0.008577486229460215,0.003172683055291542,0.002472622936685948,0.0017007225794407035,0.0017007225794407035,0.002182716172021526,0.0021827169519321567,0.0031726830648641457,0.0031726830648641457,0.004070138257634899,0.0040701377762990525,0.003593602819022897,0.0035936023938389376,0.0035936023938389376,0.0035936023938389376,0.0040701377762990525,0.004609571252087787,0.0035936023938389376,0.0031726830648641457,0.002800927287075985
0.7549149813536518,0.07585817323116975,0.05340332753999996,0.025957357150702527,0.022977369324611627,0.022977369324611627,0.033085978269527264,0.03732688761185558,0.042087723860486016,0.03732688761185558,0.033085981606479666,0.03308597743528921,0.03308598112977216,0.03732688734412946,0.04208773257151254,0.05340333130637379,0.04742586829697802,0.04742587401904765,0.060086647859713196,0.0474258688018665,0.04742587401904765
0.904650527388829,0.4073334000459302,0.3775406687981454,0.40733340004593027,0.37754066879814546,0.2942149783515162,0.26894141551050293,0.16451646494473965,0.2450850021044189,0.3208213138121609,0.26894141551050293,0.32082131381216084,0.2689414272294874,0.2689414272294874,0.320821300824607,0.24508501313237172,0.18242551491653522,0.22270014398423357,0.20181321745968234,0.2689414272294874,0.3486451285660856
0.9465966745315055,0.7057850340255386,0.7057850402140659,0.679178699175393,0.6791786861878392,0.6513548511303338,0.6513548511303338,0.6791786861878392,0.7057850278370112,0.7549149758396752,0.7772998560157665,0.7772998663336157,0.7549149813536518,0.7772998611746912,0.7549149923816048,0.7549149923816048,0.7549149923816048,0.7772998663336158,0.7772998560157665,0.7772998714925403,0.7981867825403177
0.7057850340255386,0.32082129433083023,0.3208213073183839,0.2689414213699951,0.3208212943308302,0.3208213073183839,0.2942149845400438,0.34864513533394575,0.4378234991142019,0.5,0.4378234991142019,0.3775406687981454,0.34864513533394575,0.37754066179448903,0.40733340004593027,0.2942149783515163,0.3208213138121609,0.34864514210180597,0.3486451488696663,0.4073334000459302,0.37754066179448914
0.7772998714925403,0.012431650578771145,0.004070137294963264,0.004070137294963264,0.0035936019686550287,0.0040701377762990525,0.004609572895136895,0.005220125623432879,0.005220125623432879,0.006692851243146353,0.005911069042311205,0.005220125623432879,0.005911069042311205,0.005220125623432879,0.006692851243146353,0.005220125006811988,0.004609572895136895,0.004609572895136895,0.004609572895136895,0.004609572895136895,0.004609572895136895
0.817574471748733,0.29421497216298875,0.2942149783515162,0.34864514210180597,0.43782349911420193,0.43782349911420193,0.4378234991142019,0.46879062662624377,0.4378234991142019,0.4378234991142019,0.4687906266262437,0.4073334000459302,0.4073334000459302,0.4378234991142019,0.4378234991142019,0.43782349911420193,0.4687906266262437,0.4687906266262437,0.4687906266262437,0.4687906266262437,0.4687906266262437
0.731058584489497,0.06008665017400762,0.03308597719693549,0.025957356350099027,0.012431651950844584,0.012431650361526197,0.009708476893355406,0.00857748512067623,0.012431650361526197,0.012431648989452931,0.014063627676010475,0.014063624228087242,0.01098694117331831,0.012431653105673176,0.01590639433591697,0.012431650224318863,0.010986945130224827,0.010986941234038093,0.012431653185710807,0.014063629212725592,0.010986941234038093
0.9046505408849362,0.16451645880021026,0.16451645675203386,0.11920293297380237,0.11920293297380237,0.11920293297380237,0.11920293297380237,0.16451647108926923,0.16451645675203386,0.13296424535145931,0.1192029188930649,0.11920292984474948,0.1066906024668249,0.11920292671569666,0.13296424535145931,0.13296424191570594,0.16451647108926923,0.14804720179063333,0.20181321986003056,0.1329642384799526,0.14804719615221756
0.6791786861878392,0.13296423332632276,0.1192029110704336,0.07585818367743735,0.04742587149460509,0.042087725062006816,0.03732688854889699,0.03308597457504462,0.04742587149460509,0.060086653540254206,0.060086653540254206,0.04742587149460509,0.047425876543490335,0.047425876543490335,0.06008664638698043,0.04208772461143651,0.042087729267329864,0.060086644703857287,0.06008665185713089,0.060086643862295744,0.047425870484828096
0.9525741244662868,0.24508500761839527,0.14804719239327382,0.09534945975773548,0.08509903630580076,0.07585818106587033,0.06754669724011829,0.08509903630580076,0.08509903746596331,0.07585817427579646,0.08509903746596331,0.13296422989056966,0.10669058471438037,0.11920292202211755,0.07585817427579646,0.07585818367743735,0.10669060459711842,0.08509904790742692,0.08509904616718289,0.09534947132582736,0.10669059465574898
0.9706877692486436,0.18242552825126704,0.11920293297380237,0.10669060459711842,0.06754669724011829,0.06754668926255561,0.07585817479810981,0.047425875028824706,0.047425874692232355,0.042087724911816705,0.02595735945832451,0.033085976601051184,0.03308597540928261,0.03308597672022805,0.03308597493257519,0.042087724911816705,0.053403327351681275,0.03732688466686841,0.04208772476162661,0.05340332509185711,0.03732688466686841
0.705785040214066,0.10669059465574898,0.06754669817865513,0.060086653540254206,0.05340332810495603,0.04742587149460509,0.04208773001828045,0.04742587149460509,0.06008664638698043,0.05340333450779175,0.06754669113962912,0.04742587149460509,0.05340332810495603,0.047425876543490335,0.060086653540254206,0.060086653540254206,0.060086647228542,0.05340333450779175,0.06754669817865513,0.06008664638698043,0.06754669020109236
0.8354835452961425,0.18242552825126704,0.13296422989056966,0.11920293297380237,0.09534946168575072,0.09534947132582736,0.10669058471438037,0.13296425394084313,0.1480471999111614,0.14804720554957732,0.14804720367010532,0.10669059252545564,0.10669059465574898,0.11920292671569666,0.10669060459711842,0.1192029188930649,0.11920291576401235,0.13296422989056966,0.14804720179063333,0.13296424191570594,0.16451645880021026
0.8354835371034368,0.2942149845400438,0.22270014914315833,0.16451646289656316,0.07585817584273653,0.06754669817865513,0.06008664638698043,0.05340332810495603,0.09534947132582736,0.08509903746596331,0.09534945975773548,0.06754669020109236,0.06754668926255561,0.08509904442693891,0.09534945782972029,0.06008664554541885,0.06008665185713089,0.06754668926255561,0.06754668832401889,0.07585818837825821,0.06754669630158146
0.7981867801399694,0.0850990490675896,0.09534946168575072,0.05340333450779175,0.025957357291985502,0.029312232129301407,0.029312232129301407,0.029312232129301407,0.02931222863144092,0.02931222863144092,0.03308597457504462,0.03732688413141622,0.02931222863144092,0.022977372042605262,0.03308597457504462,0.03732688413141622,0.033085978269527264,0.025957357150702527,0.022977369324611627,0.029312231917309858,0.025957357150702527
0.7549149813536518,0.16451646289656316,0.10669059252545564,0.08509904442693891,0.06754669724011829,0.06008664638698043,0.06754669724011829,0.08509903746596331,0.10669060459711842,0.10669058471438037,0.09534945975773548,0.08509904442693891,0.06754668926255561,0.08509904442693891,0.09534946682712482,0.08509904616718289,0.1192029188930649,0.09534946875514018,0.09534945975773548,0.10669059465574898,0.09534945782972029
0.6224593312018546,0.06754668832401889,0.033085981606479666,0.020332355160653567,0.01798621364681958,0.02033235274902783,0.01798621364681958,0.022977369073719923,0.029312228260455736,0.029312231758316185,0.02033235274902783,0.029312231546324632,0.022977371708082957,0.02297737179171353,0.025957359929267797,0.029312231758316185,0.029312228260455736,0.03308597767364294,0.03308598136812592,0.03308597767364294,0.02595735682104226
0.6224593312018546,0.13296425222296632,0.1066905996264336,0.09534946168575072,0.06754669817865513,0.047425877048378896,0.029312232129301407,0.025957357291985502,0.029312228843432448,0.042087725062006816,0.04742587149460509,0.05340333450779175,0.04742587149460509,0.0420877295677101,0.05340333450779175,0.04742587149460509,0.04208772461143651,0.037326888281170874,0.03308597767364294,0.047425876038601794,0.03308597767364294
0.8354835452961425,0.007577241894663736,0.0035936019686550287,0.005911068344558451,0.005220126868765487,0.005220126868765487,0.0097084781648153,0.010986941517397082,0.0097084781648153,0.010986940232161724,0.010986940232161724,0.010986940232161724,0.0097084781648153,0.008577484217809376,0.008577484217809376,0.012431652099485881,0.012431653551597116,0.010986940232161724,0.010986941517397082,0.012431653551597116,0.012431653551597116
0.731058584489497,0.4073334000459302,0.4073334000459302,0.4378234991142019,0.4073334000459302,0.43782349911420193,0.4073334000459302,0.43782349911420193,0.46879062662624377,0.5,0.5312093733737563,0.5312093733737563,0.5621765008857981,0.5312093733737563,0.5,0.46879062662624377,0.46879062662624377,0.46879062662624377,0.4687906266262437,0.5,0.5
0.8519528076067262,0.2942149659744614,0.2689414096510109,0.2450850021044189,0.2689414213699951,0.24508501864634824,0.20181322706107543,0.18242551713899047,0.16451647108926923,0.1480472036701053,0.1480471942727457,0.18242552380635635,0.2227001285074597,0.22270013882530887,0.24508501864634824,0.1824255304737224,0.24508501864634824,0.22270014398423355,0.22270013882530887,0.18242551936144574,0.1824255304737224
0.6224593241981982,0.04208772461143651,0.025957357291985502,0.014063627960109055,0.010986941517397082,0.00970847470859372,0.00970847470859372,0.012431649138094194,0.015906395064834336,0.015906395064834336,0.012431649138094194,0.014063629587219217,0.012431650578771145,0.010986944077748277,0.012431649138094194,0.014063629587219217,0.014063629587219217,0.015906393111335865,0.012431653471559487,0.014063626229690516,0.015906393111335865
0.8933094025038598,0.43782349911420193,0.4378234991142019,0.4378234991142019,0.43782349911420193,0.5,0.5,0.5,0.5621765008857981,0.6224593312018546,0.6224593312018546,0.6513548646660543,0.651354857898194,0.651354857898194,0.6513548782017745,0.5926665999540698,0.5926665999540698,0.6224593312018546,0.6224593312018546,0.6791787056691698,0.705785040214066
0.7057850216484838,0.2689414096510108,0.2689414272294874,0.24508501313237172,0.2942149597859341,0.2942149783515162,0.3208213073183839,0.32082128783705344,0.32082128783705344,0.34864512179822543,0.2942149597859341,0.320821300824607,0.26894142136999516,0.29421497216298875,0.32082130731838393,0.3486451285660856,0.3775406617944891,0.3486451353339457,0.3486451217982255,0.37754067580180184,0.2942149845400438
0.7549149978955811,0.29421498454004374,0.29421497216298875,0.3208213073183839,0.32082128783705344,0.37754066879814546,0.4073334000459302,0.4073334000459302,0.3775406687981454,0.4378234991142019,0.37754067580180184,0.34864513533394575,0.34864514210180597,0.32082129433083023,0.3208212943308302,0.37754066179448903,0.3775406687981454,0.4073334000459302,0.43782349911420193,0.4378234991142019,0.3775406758018019
0.651354857898194,0.3486451285660856,0.320821300824607,0.3208213073183839,0.3486451217982255,0.32082130731838393,0.3486451353339457,0.3775406687981454,0.37754067580180184,0.4687906266262437,0.4073334000459302,0.3486451217982255,0.3775406687981454,0.37754067580180184,0.37754067580180184,0.2942149659744614,0.32082129433083023,0.34864513533394575,0.320821300824607,0.3208212943308302,0.3486451488696663
0.679178699175393,0.2689414213699951,0.26894142722948733,0.29421497216298875,0.2689414096510108,0.2942149845400438,0.320821300824607,0.320821300824607,0.3486451217982255,0.3486451353339457,0.3486451217982255,0.3208213073183839,0.3486451285660856,0.3486451285660856,0.3486451217982255,0.34864513533394575,0.37754066179448903,0.43782349911420193,0.4378234991142019,0.4378234991142019,0.4073334000459302
0.6791787056691698,0.18242552380635635,0.1329642384799526,0.11920292671569666,0.10669060459711842,0.1192029188930649,0.1192029188930649,0.13296424191570594,0.13296424191570594,0.11920292202211755,0.10669060459711842,0.11920293297380237,0.10669060459711842,0.08509903630580076,0.10669059465574898,0.13296422989056966,0.1192029188930649,0.11920292984474948,0.1480471999111614,0.11920291576401235,0.13296423504419935
0.6513548646660543,0.008577484178209957,0.0035936023938389376,0.002800927287075985,0.002800927287075985,0.002800926954764988,0.0024726226466751226,0.002800926954764988,0.002800926954764988,0.003172682688587179,0.0035936023938389376,0.0040701377762990525,0.0040701377762990525,0.0040701377762990525,0.0035936023938389376,0.0035936023938389376,0.0031726830648641457,0.0040701377762990525,0.0035936019686550287,0.0040701377762990525,0.004609572895136895
0.9046505370289059,0.43782349911420193,0.4073334000459302,0.4073334000459302,0.46879062662624377,0.43782349911420193,0.4073334000459302,0.46879062662624377,0.4073334000459302,0.5621765008857981,0.5926665999540698,0.6224593312018545,0.6224593382055109,0.5621765008857981,0.5926665999540698,0.6224593241981982,0.5926665999540698,0.5621765008857981,0.5312093733737563,0.5926665999540698,0.5926665999540698
0.9579122765900843,0.26894142136999516,0.22270013882530887,0.20181322226037884,0.1480471999111614,0.11920292515117027,0.1192029110704336,0.10669058471438037,0.10669059465574898,0.06754669817865513,0.053403333754516925,0.053403333754516925,0.06008665269869255,0.06754669020109236,0.07585817427579646,0.07585817427579646,0.07585817427579646,0.06754669020109236,0.06754669020109236,0.10669058471438037,0.06754668926255561
0.6791787056691698,0.08509904268669496,0.04208772881675952,0.029312231758316185,0.022977369199165775,0.02033235274902783,0.022977369199165775,0.029312228472447265,0.033085981844833426,0.029312228472447265,0.022977369199165775,0.029312231758316185,0.01798621364681958,0.022977369199165775,0.022977369199165775,0.025957360070550783,0.03308597791199667,0.033085981606479666,0.033085981606479666,0.03308597791199667,0.033085981606479666
0.9241418178895029,0.2689414272294874,0.2942149783515163,0.34864513533394575,0.37754066879814546,0.4378234991142019,0.43782349911420193,0.46879062662624377,0.46879062662624377,0.4687906266262437,0.4687906266262437,0.37754066179448903,0.4073334000459302,0.4378234991142019,0.5,0.5312093733737562,0.5621765008857981,0.5312093733737563,0.5,0.4378234991142019,0.43782349911420193
0.8175744828610095,0.5312093733737562,0.5621765008857982,0.6224593312018545,0.6224593312018546,0.6224593312018545,0.6224593382055109,0.6513548714339144,0.679178699175393,0.7549149978955811,0.7549149758396752,0.7549149923816048,0.7549149813536518,0.7549149813536518,0.731058584489497,0.705785040214066,0.6791787056691698,0.7057850340255386,0.731058584489497,0.7057850278370112,0.7310585786300049
0.9525741301883566,0.5,0.5,0.46879062662624377,0.4378234991142019,0.4378234991142019,0.4073334000459302,0.3775406687981454,0.4687906266262437,0.5,0.5,0.46879062662624377,0.46879062662624377,0.5,0.43782349911420193,0.40733340004593027,0.4378234991142019,0.46879062662624377,0.5,0.5621765008857981,0.5621765008857981
0.9740426405416756,0.14804720554957732,0.13296422989056966,0.08509903630580076,0.10669059252545564,0.07585818106587033,0.06754668832401889,0.060086643862295744,0.047425875533713246,0.0534033331895608,0.042087724160866216,0.047425875533713246,0.042087723860486016,0.05340332678672523,0.06754669724011829,0.03732688761185558,0.060086649332446,0.06754669301670263,0.060086648701274795,0.05340333187132989,0.05340333130637379
0.7772998560157665,0.3208212943308302,0.2942149721629888,0.22270013366638422,0.24508501864634824,0.22270013882530884,0.20181323186177208,0.2942149659744614,0.29421497216298875,0.3775406687981454,0.34864514210180597,0.3486451488696663,0.32082129433083023,0.3208213138121609,0.37754066879814546,0.32082130731838393,0.2942149783515162,0.2942149721629888,0.3486451285660856,0.34864513533394575,0.32082130731838393
0.651354857898194,0.2018132198600306,0.20181322466072713,0.2227001388253088,0.2227001491431584,0.22270014398423357,0.24508502416032485,0.24508500761839525,0.24508502416032485,0.26894141551050293,0.24508501313237172,0.22270013366638422,0.22270014398423355,0.26894141551050293,0.24508501313237172,0.26894141551050293,0.3208213138121609,0.32082131381216084,0.29421497216298875,0.29421498454004374,0.26894142136999516
0.9149009636941993,0.6513548714339145,0.651354857898194,0.7057850340255386,0.679178699175393,0.6791786926816161,0.651354857898194,0.6513548646660542,0.6513548714339145,0.6513548714339145,0.7057850154599563,0.7057850278370112,0.7772998508568416,0.7772998663336158,0.7310585786300049,0.7310585727705127,0.7549149813536518,0.7310585786300049,0.7310585727705126,0.7772998560157665,0.7772998560157665
0.8807970842359877,0.16451646494473965,0.13296425394084313,0.14804719803168948,0.16451646289656316,0.13296423847995262,0.10669058613457583,0.07585818263281055,0.07585817323116976,0.0850990490675896,0.06754669630158146,0.09534947518185825,0.13296425050508953,0.1645164608483867,0.13296422989056966,0.11920293140927592,0.1480472036701053,0.14804719051380197,0.10669058897496682,0.09534945847239201,0.07585818628900447
0.7549149923816048,0.18242552380635635,0.1480471999111614,0.1192029188930649,0.05340332810495603,0.04208772461143651,0.047425876543490335,0.047425870989716595,0.047425876038601794,0.07585818211049714,0.06754668926255561,0.06008665185713089,0.06008665185713089,0.07585818106587033,0.06754668738548217,0.04208772836618918,0.05340332546849447,0.06754669301670263,0.05340332546849447,0.06754668597767712,0.04742587452393617
0.7310585669110202,0.37754066879814546,0.37754066879814546,0.40733340004593027,0.4378234991142019,0.5,0.5,0.5312093733737563,0.5312093733737563,0.5,0.4687906266262437,0.5312093733737562,0.4378234991142019,0.4378234991142019,0.46879062662624377,0.46879062662624377,0.5312093733737563,0.5621765008857981,0.5621765008857981,0.5926665999540697,0.5312093733737563
0.8519528076067261,0.24508501864634824,0.26894142136999516,0.32082128783705344,0.3208213073183839,0.34864512179822543,0.3775406617944891,0.4073334000459302,0.46879062662624377,0.5,0.4687906266262437,0.4687906266262437,0.4073334000459302,0.37754066879814546,0.4073334000459302,0.43782349911420193,0.46879062662624377,0.4687906266262437,0.5,0.5,0.5
0.9626731133251858,0.24508501864634824,0.22270014398423357,0.20181322946142372,0.18242552158390102,0.20181321745968234,0.18242552158390102,0.18242551713899047,0.20181322466072713,0.2689414272294874,0.22270013366638422,0.22270013366638422,0.22270013366638422,0.20181323186177208,0.22270013366638422,0.22270013366638422,0.20181322946142372,0.18242551491653522,0.22270014398423357,0.2450850021044189,0.2689414213699951
0.9241418231126367,0.14804720367010532,0.10669059465574898,0.10669059465574898,0.08509903746596331,0.08509903746596331,0.09534946168575072,0.1192029110704336,0.13296423332632276,0.10669059465574898,0.07585818211049714,0.09534946489910949,0.07585817949893017,0.08509904268669496,0.10669059252545564,0.10669059252545564,0.14804720179063333,0.13296423504419935,0.16451645470385742,0.1329642384799526,0.11920292671569666
0.7981867801399695,0.37754066879814546,0.43782349911420193,0.43782349911420193,0.3486451285660856,0.26894142722948733,0.22270013366638422,0.26894142722948733,0.26894141551050293,0.3486451217982255,0.3486451285660856,0.3486451285660856,0.26894141551050293,0.29421498454004374,0.29421498454004374,0.18242551713899047,0.20181321745968234,0.22270012850745968,0.22270013882530884,0.20181321745968234,0.18242552825126704
0.6791787056691698,0.008577484178209957,0.003172683440404803,0.003593602819022897,0.0031726830648641457,0.0035936023938389376,0.004609571252087787,0.005911069737327755,0.005911069737327755,0.007577242784093672,0.006692852029465064,0.0052201262400538425,0.004609571252087787,0.004609571252087787,0.004609571252087787,0.005911069737327755,0.005911069737327755,0.005220125623432879,0.0035936023938389376,0.004609571252087787,0.003593602819022897
0.6513548646660543,0.0052201262400538425,0.0019267349803263828,0.0019267349803263828,0.0019267342921522673,0.0019267342921522673,0.002182716172021526,0.0019267345209466272,0.0024726232330138753,0.003593602819022897,0.002800927287075985,0.003593602819022897,0.0024726232330138753,0.0028009276187367063,0.002800926619202455,0.003593603244206906,0.0031726823078921332,0.0028009276187367063,0.002800926619202455,0.0031726823078921332,0.0031726826841690548
0.7549149923816048,0.060086651015569245,0.05340332622176918,0.033085981606479666,0.01798621364681958,0.01590639494820756,0.01798621364681958,0.022977371708082957,0.020332355049347755,0.022977371708082957,0.02033235274902783,0.01406362785680048,0.01590638932096636,0.015906391157837624,0.022977369073719923,0.01406362785680048,0.01590638932096636,0.017986207297244074,0.020332352637722033,0.020332352637722033,0.020332354863838074
0.6224593241981982,0.008577485223634738,0.004070137729109267,0.00359360237549767,0.0028009276115832393,0.0035936023813335277,0.003172682303474009,0.003593603238371047,0.005220124982630778,0.005911067616706645,0.005911067616706645,0.005220126842166147,0.005911067616706645,0.004609572886590475,0.0040701367966392114,0.004609572331073157,0.0040701367966392114,0.005220126842166147,0.004609571241404765,0.0035936023871693855,0.003593603238371047
0.8175744784160989,0.3775406687981454,0.3775406617944891,0.26894142722948733,0.14804719427274568,0.14804719427274568,0.2018132246607271,0.18242551713899047,0.2450850021044189,0.2450850021044189,0.26894142722948733,0.20181323186177208,0.24508501864634824,0.24508501864634824,0.24508500761839527,0.16451645880021026,0.18242552825126704,0.20181322466072713,0.20181323186177208,0.20181323186177208,0.18242551713899047
0.8670357683915538,0.5621765008857981,0.5621765008857981,0.5621765008857981,0.5621765008857982,0.5312093733737563,0.5621765008857982,0.6224593312018546,0.6791787056691698,0.6513548646660543,0.6513548714339144,0.679178699175393,0.6791787056691698,0.6791786991753929,0.679178686187839,0.5926665999540698,0.6513548714339144,0.6791786991753929,0.651354857898194,0.6513548714339144,0.6791787056691698
0.8354835432479661,0.2942149783515162,0.2942149783515162,0.20181322466072713,0.20181321745968234,0.24508500761839527,0.22270013882530887,0.22270013882530887,0.26894142136999516,0.29421498454004374,0.2942149659744614,0.3208212943308302,0.29421497216298875,0.29421498454004374,0.2942149783515162,0.22270013882530884,0.22270013882530884,0.29421497216298875,0.3208213138121609,0.3208213073183839,0.3775406687981454
0.5926665999540698,0.047425876038601794,0.020332355271959375,0.014063629587219217,0.010986941517397082,0.008577485223634738,0.006692851243146353,0.009708475845744208,0.012431649138094194,0.014063629587219217,0.012431649138094194,0.014063629587219217,0.009708475845744208,0.014063629587219217,0.012431650578771145,0.0159063894375931,0.0159063894375931,0.022977369324611627,0.020332355271959375,0.022977369324611627,0.020332355271959375
0.7549149813536518,0.22270014914315833,0.20181323186177208,0.20181323186177208,0.22270014914315833,0.22270014914315833,0.20181323186177208,0.22270014914315833,0.22270014914315833,0.22270013882530887,0.20181321745968234,0.13296423332632276,0.1480471999111614,0.18242552380635635,0.22270014914315833,0.2689414213699951,0.2942149845400438,0.3208212943308302,0.29421498454004374,0.2689414272294874,0.24508500761839527
0.9525741301883566,0.1480472055495773,0.13296424019782924,0.11920291419948607,0.09534946361376598,0.09534946361376598,0.10669058684467357,0.05340332810495603,0.04742587149460509,0.04742587149460509,0.03732688413141622,0.03308597457504462,0.033085978269527264,0.037326888281170874,0.042087725062006816,0.060086653540254206,0.04208772461143651,0.05340332810495603,0.06008665269869255,0.047425870989716595,0.037326883863690125
0.6513548511303338,0.29421497216298875,0.2942149721629888,0.2689414213699951,0.29421497216298875,0.26894142136999516,0.3486451285660856,0.3775406687981454,0.4073334000459302,0.4073334000459302,0.3775406617944891,0.4073334000459302,0.37754066879814546,0.3486451285660856,0.320821300824607,0.320821300824607,0.32082128783705344,0.320821300824607,0.37754067580180184,0.3775406687981454,0.3775406687981454
0.9706877690366521,0.29421498454004374,0.2942149783515162,0.26894141551050293,0.26894142722948744,0.24508501313237172,0.26894141551050293,0.2942149783515162,0.320821300824607,0.34864513533394575,0.2942149783515162,0.3486451285660856,0.2942149783515162,0.32082129433083023,0.3775406687981454,0.32082130082460697,0.2942149659744614,0.3208213138121609,0.3486451488696663,0.40733340004593027,0.40733340004593027
0.8175744739711883,0.14804719615221756,0.13296425394084313,0.1066906024668249,0.08509904616718289,0.09534946682712482,0.09534946875514018,0.13296423676207597,0.14804719427274568,0.1329642436335826,0.13296424706933604,0.10669060317692271,0.11920291732853862,0.09534946682712482,0.1066906003365314,0.13296424363358259,0.10669059536584677,0.14804719239327382,0.16451646494473965,0.14804719427274568,0.16451645470385742
0.5926665999540698,0.003172683440404803,0.00116951016075143,0.0009110512499786033,0.0010322312239026026,0.0009110511415777467,0.0009110511415777467,0.0013250225150339763,0.0015011825291288126,0.0015011823506170627,0.0017007227830237591,0.0013250226726256359,0.0010322308550090255,0.00116951016075143,0.00116951016075143,0.0017007227830237591,0.0017007227830237591,0.0015011825291288126,0.0011695100216340016,0.0013250226726256359,0.00116951016075143
0.9149009555730611,0.5312093733737563,0.5,0.4687906266262437,0.5,0.5312093733737563,0.5312093733737563,0.5312093733737563,0.6224593312018546,0.6513548782017745,0.6791786991753929,0.7057850278370112,0.7057850154599563,0.679178692681616,0.6513548714339145,0.6513548782017745,0.6224593241981982,0.6224593312018546,0.6513548782017745,0.6791786991753929,0.7057850154599563
0.9149009619539554,0.06754669817865513,0.07585817584273653,0.05340333450779175,0.037326888281170874,0.037326888281170874,0.025957360070550783,0.020332355160653567,0.012431652030882206,0.015906393111335865,0.015906391274464377,0.012431650578771145,0.020332355271959375,0.022977371917159397,0.022977369324611627,0.014063629587219217,0.020332355271959375,0.029312231917309858,0.022977371917159397,0.025957357150702527,0.017986211574159975
0.7549149813536518,0.20181323186177208,0.20181322226037884,0.20181321745968234,0.10669059678604235,0.07585817584273653,0.0758581847220642,0.08509904790742692,0.09534946168575072,0.11920292984474948,0.09534945782972029,0.09534946682712482,0.09534947068315557,0.11920293140927592,0.09534946875514017,0.07585817584273653,0.0675466911396291,0.0758581847220642,0.09534946104307897,0.10669059536584677,0.06754669207816587
0.7981867801399694,0.006692851243146353,0.003172682688587179,0.003172682688587179,0.0035936019686550287,0.0035936019686550287,0.0035936019686550287,0.0046095723503026004,0.004070137294963264,0.005911068344558451,0.005911068344558451,0.005911068344558451,0.005911068344558451,0.005220125006811988,0.005220125006811988,0.006692850456827735,0.005911068344558451,0.005911068344558451,0.006692851243146353,0.005911068344558451,0.005220125006811988
0.7310585669110203,0.2942149659744614,0.2689414096510108,0.24508500761839525,0.29421497216298875,0.32082128783705344,0.32082128783705344,0.3208212943308302,0.2689414272294874,0.320821300824607,0.3208212943308302,0.29421497216298875,0.2942149783515162,0.3208212943308302,0.3486451353339457,0.3775406687981454,0.3775406687981454,0.3775406687981454,0.3775406687981454,0.3775406687981454,0.29421498454004374
0.9840936106790336,0.3486451285660856,0.3486451285660856,0.2450850021044189,0.20181322946142374,0.18242552380635635,0.13296423676207597,0.11920291419948607,0.07585818367743735,0.0850990490675896,0.060086647228542,0.06754668410060377,0.06754669113962912,0.07585818367743735,0.09534946168575072,0.11920292515117027,0.10669058684467357,0.09534947132582736,0.13296424535145931,0.11920292202211755,0.08509904616718289
0.7310585844894971,0.0850990490675896,0.08509904616718289,0.0420877295677101,0.022977369324611627,0.01798620742884147,0.0159063894375931,0.020332352823231696,0.025957357150702527,0.04208772806580895,0.02931223133433308,0.020332354975143883,0.03308598089141841,0.03732689082456911,0.02931222783647268,0.020332352637722033,0.022977371582637088,0.02931223133433308,0.03732689109229525,0.03732689136002138,0.025957356679759284
0.679178699175393,0.05340332622176918,0.037326886273225016,0.017986211278065767,0.02033235226670272,0.020332354678328394,0.02595735912866421,0.025957356538476316,0.025957356350099027,0.029312230963347865,0.02595735912866421,0.025957355879155805,0.022977368446490672,0.02033235456702259,0.022977368697382376,0.022977371457191226,0.029312227465487506,0.033085976958581766,0.037326886273225016,0.04208772971790021,0.053403332436286
0.7549149813536518,0.025957360070550783,0.014063629587219217,0.012431649138094194,0.00970847470859372,0.00970847470859372,0.012431650578771145,0.010986942792512623,0.012431650578771145,0.01798620742884147,0.0159063894375931,0.01798620742884147,0.012431650578771145,0.014063629587219217,0.010986944077748277,0.012431650578771145,0.015906391274464377,0.014063629587219217,0.014063629587219217,0.014063624602580737,0.010986944077748277
0.7057850278370112,0.07585818628900447,0.03308598112977216,0.02931223075135632,0.025957356538476316,0.020332352637722033,0.02595735978798481,0.02931223133433308,0.03732688734412946,0.0373268831943749,0.0373268831943749,0.03308597767364294,0.03308598136812592,0.029312228048464204,0.03308597767364294,0.033085981606479666,0.03308597767364294,0.03732689136002138,0.04208772340991573,0.042087723860486016,0.04208772340991573
0.9626731086399786,0.5926665999540698,0.5621765008857981,0.6224593241981982,0.5621765008857981,0.5926665999540698,0.5926665999540698,0.5621765008857981,0.5312093733737562,0.5312093733737562,0.5312093733737562,0.5926665999540698,0.6224593312018546,0.6513548714339145,0.6224593312018546,0.5621765008857981,0.5926665999540697,0.6224593312018546,0.5621765008857981,0.5621765008857981,0.5926665999540697
0.8807970795424088,0.5312093733737563,0.5,0.46879062662624377,0.5312093733737562,0.5312093733737562,0.5312093733737562,0.5926665999540698,0.6513548511303338,0.6513548511303338,0.6513548511303338,0.6224593312018545,0.6224593312018545,0.6224593312018545,0.6224593241981982,0.5926665999540698,0.5621765008857981,0.5926665999540698,0.651354857898194,0.6224593312018546,0.679178699175393
0.6513548511303338,0.29421498454004374,0.32082130082460697,0.34864513533394575,0.3486451353339457,0.4378234991142019,0.46879062662624377,0.4687906266262437,0.4687906266262437,0.46879062662624377,0.4687906266262437,0.46879062662624377,0.4073334000459302,0.43782349911420193,0.43782349911420193,0.4073334000459302,0.4687906266262437,0.5,0.5312093733737562,0.5621765008857981,0.5
0.7549149813536518,0.22270014914315833,0.20181323186177208,0.18242552825126704,0.22270014914315833,0.24508501864634824,0.22270014914315833,0.22270014914315833,0.24508501313237172,0.22270013366638422,0.22270014398423357,0.20181322466072713,0.1480471942727457,0.16451645470385742,0.20181322946142372,0.22270013366638425,0.2942149597859341,0.2942149783515162,0.32082130731838393,0.22270014398423355,0.24508502416032488
0.7310585903489892,0.4378234991142019,0.3775406687981454,0.320821300824607,0.22270014398423355,0.22270014398423357,0.18242552602881168,0.18242552602881168,0.22270014398423355,0.2942149721629888,0.2942149659744614,0.24508501313237172,0.18242552158390105,0.22270014914315836,0.24508501313237172,0.182425521583901,0.20181323186177205,0.2227001388253088,0.20181321986003056,0.24508501313237174,0.2227001285074597
0.7057850340255386,0.020332352934537494,0.008577487195686375,0.007577240977220365,0.007577240977220365,0.006692849648839014,0.006692852029465064,0.00857748723528581,0.008577486229460215,0.010986944077748277,0.008577486229460215,0.010986942792512623,0.00970847698289483,0.00857748723528581,0.00970847698289483,0.00857748723528581,0.00857748723528581,0.00857748723528581,0.007577242784093672,0.00857748723528581,0.00857748723528581
0.8354835371034368,0.3775406687981454,0.3775406687981454,0.3486451217982255,0.22270014914315833,0.18242552825126704,0.22270013882530887,0.26894141551050293,0.2689414272294874,0.3775406687981454,0.3208213138121609,0.34864513533394575,0.2689414272294874,0.29421498454004374,0.29421497216298875,0.20181322946142372,0.18242552158390102,0.20181323186177208,0.22270013882530884,0.26894141551050293,0.22270013366638425
0.5,0.10669059749614017,0.10669058613457583,0.11920293297380237,0.14804720179063335,0.13296424706933604,0.1192029188930649,0.10669059607594457,0.10669060104662924,0.10669058613457583,0.07585817949893016,0.08509904036636975,0.09534947196849916,0.09534945718704857,0.11920292828022305,0.14804719803168948,0.13296423504419935,0.13296422817269313,0.10669058755477132,0.11920292045759122,0.10669059252545562
0.6791786926816161,0.06754669207816587,0.0373268831943749,0.025957359929267797,0.015906393111335865,0.015906393111335865,0.017986209501500604,0.020332354975143883,0.03308597767364294,0.025957359929267797,0.017986209369903194,0.020332355049347755,0.02033235256351817,0.01590638932096636,0.022977368948274072,0.022977369073719923,0.02595735959960749,0.025957356679759284,0.022977368948274072,0.022977369073719923,0.02033235256351817
0.651354857898194,0.053403333754516925,0.04208772971790021,0.022977367484739192,0.015906392499045345,0.012431653105673176,0.012431650361526197,0.010986941345357696,0.01590639261567211,0.01798621302173174,0.020332354381512912,0.015906394569170524,0.010986943855109017,0.015906388708675986,0.02033235371367809,0.02033235360237229,0.014063625674406997,0.014063628928626986,0.017986210652978007,0.025957355125646665,0.02033235382498389
0.6513548511303338,0.006692851243146353,0.0024726226466751226,0.0021827164336820186,0.0019267349803263828,0.0015011825291288126,0.0019267345209466272,0.002182716172021526,0.0019267345209466272,0.0024726229395573424,0.0024726229395573424,0.0024726232330138753,0.0019267345209466272,0.0017007221754371201,0.0019267345209466272,0.002182716172021526,0.0021827169519321567,0.0017007221754371201,0.0015011821712328426,0.0017007221754371201,0.0017007223774388998
0.8933094124452287,0.00970847470859372,0.0035936023938389376,0.0035936023938389376,0.002800926954764988,0.0035936023938389376,0.004609571252087787,0.004609572895136895,0.0040701377762990525,0.0052201262400538425,0.005220124994721384,0.0059110683281407405,0.006692850435157538,0.006692850435157538,0.006692849648839014,0.006692849648839014,0.005911067633124355,0.005911067633124355,0.004609571796921952,0.005911069737327755,0.004070138257634899
0.8670357615200474,0.5312093733737563,0.5926665999540697,0.5621765008857981,0.5621765008857982,0.5312093733737563,0.5312093733737563,0.5621765008857981,0.6513548646660542,0.6513548646660542,0.6791787056691698,0.679178692681616,0.6791787121629465,0.7057850340255386,0.679178692681616,0.6224593312018546,0.6224593312018546,0.6513548646660542,0.679178699175393,0.6791787056691698,0.6791787056691698
0.9796676449506523,0.651354857898194,0.5621765008857982,0.5312093733737563,0.5312093733737563,0.46879062662624377,0.46879062662624377,0.4378234991142019,0.40733340004593027,0.46879062662624377,0.46879062662624377,0.5,0.5312093733737563,0.5312093733737563,0.5,0.5,0.5312093733737563,0.4687906266262437,0.4687906266262437,0.5,0.5
0.9820137863531804,0.6224593382055109,0.5926665999540697,0.5312093733737563,0.5312093733737563,0.5,0.46879062662624377,0.4687906266262437,0.43782349911420193,0.43782349911420193,0.43782349911420193,0.5312093733737563,0.5621765008857981,0.5312093733737563,0.5,0.5312093733737562,0.5,0.5,0.5,0.5,0.5
0.9525741244662868,0.006692851243146353,0.0017007227830237591,0.0013250225150339763,0.0010322308550090255,0.0011695100216340016,0.0015011825291288126,0.0019267349803263828,0.0017007227830237591,0.0019267347515319684,0.0021827164336820186,0.0021827166928070725,0.0019267349803263828,0.002800926954764988,0.002800926954764988,0.0024726235293418383,0.0024726226466751226,0.0021827166928070725,0.0024726226466751226,0.0021827166928070725,0.0024726226466751226
0.8175744828610095,0.14804720179063333,0.10669059252545564,0.08509903746596331,0.06754669724011829,0.09534946875514018,0.09534946875514018,0.1192029188930649,0.11920292984474948,0.10669060459711842,0.08509903630580076,0.09534945590170513,0.09534946682712482,0.08509904442693891,0.09534945782972029,0.10669060459711842,0.11920291576401235,0.14804720179063333,0.13296423504419935,0.13296425050508953,0.11920292671569666
0.798186775339273,0.010986944077748277,0.007577241894663736,0.00970847470859372,0.00970847470859372,0.00970847470859372,0.010986942792512623,0.014063627960109055,0.015906395064834336,0.015906395064834336,0.014063627960109055,0.012431653551597116,0.012431649138094194,0.012431649138094194,0.0159063894375931,0.020332352934537494,0.015906395064834336,0.015906395064834336,0.0159063894375931,0.015906395064834336,0.0159063894375931
0.9046505254608136,0.5,0.46879062662624377,0.5312093733737562,0.5312093733737562,0.5621765008857981,0.5,0.5,0.4687906266262437,0.5621765008857981,0.5621765008857981,0.5926665999540698,0.6224593382055109,0.6224593312018546,0.5926665999540697,0.5621765008857981,0.5926665999540698,0.5926665999540698,0.5621765008857981,0.5621765008857981,0.5621765008857981
0.6791787056691698,0.2942149783515163,0.2942149659744614,0.26894141551050293,0.26894141551050293,0.26894141551050293,0.2450850021044189,0.2942149721629888,0.2942149659744614,0.320821300824607,0.3208212943308302,0.2942149659744614,0.3208213073183839,0.3208213073183839,0.26894141551050293,0.22270012850745968,0.24508500761839527,0.29421497216298875,0.26894142136999516,0.3208213138121609,0.26894141551050293
0.8354835289107309,0.0031726830648641457,0.0019267349769683433,0.0019267345193795425,0.0019267347499648834,0.0017007221754371201,0.0024726232330138753,0.003593603244206906,0.003593603244206906,0.003593602819022897,0.003593602819022897,0.004070138257634899,0.003172683440404803,0.003172683440404803,0.004070136804189576,0.004609571252087787,0.004070138257634899,0.004070136804189576,0.003593603244206906,0.003593602819022897,0.004070137766861096
0.8519528019683105,0.11920291576401235,0.13296422989056966,0.16451646699291614,0.16451645675203386,0.20181323186177208,0.24508501864634824,0.24508501864634827,0.3208213073183839,0.3208213073183839,0.3208213073183839,0.2689414272294874,0.22270012850745968,0.22270013366638422,0.2689414096510109,0.26894141551050293,0.29421498454004374,0.3775406758018019,0.3486451488696663,0.3486451285660856,0.2942149721629888
0.8807970685907242,0.5926665999540698,0.5621765008857981,0.5926665999540698,0.5926665999540698,0.5926665999540698,0.5312093733737563,0.5312093733737563,0.5621765008857982,0.5312093733737563,0.5926665999540698,0.6224593312018546,0.5926665999540698,0.6513548714339145,0.6224593312018546,0.6224593241981982,0.6224593312018546,0.651354857898194,0.6224593312018546,0.5926665999540698,0.5926665999540698
0.7310585786300049,0.16451645675203386,0.1192029188930649,0.08509904616718289,0.05340332753999996,0.042087729267329864,0.047425876543490335,0.042087724160866216,0.05340332753999996,0.06754669724011829,0.06754669630158146,0.060086644703857287,0.08509904442693891,0.07585818733363134,0.05340332678672523,0.047425875533713246,0.05340332678672523,0.06754669630158146,0.06754669536304464,0.07585817949893017,0.060086643862295744
0.7981867825403177,0.11920292202211755,0.07585817427579646,0.08509903746596331,0.060086653540254206,0.07585818211049714,0.07585818211049714,0.08509903746596331,0.10669058471438037,0.10669059678604235,0.07585818211049714,0.07585817427579646,0.08509903630580076,0.07585818106587033,0.08509903746596331,0.09534946875514018,0.08509903746596331,0.10669059465574898,0.10669059252545564,0.1192029188930649,0.09534945782972029
0.8175744806385542,0.11920293453832884,0.06008665185713089,0.042087724160866216,0.037326883863690125,0.02931222863144092,0.029312231917309858,0.033085978269527264,0.037326888281170874,0.0420877295677101,0.037326888281170874,0.03308597457504462,0.02931222863144092,0.037326888281170874,0.02931222863144092,0.02931222863144092,0.037326888281170874,0.037326888281170874,0.037326888281170874,0.047425876543490335,0.047425870989716595
0.957912271934191,0.029312231917309858,0.010986942792512623,0.009708475845744208,0.007577241894663736,0.007577241894663736,0.007577242784093672,0.008577486229460215,0.012431649138094194,0.010986941517397082,0.010986941517397082,0.010986942792512623,0.012431649138094194,0.012431649138094194,0.012431649138094194,0.01406362632008551,0.010986942792512623,0.014063629587219217,0.009708475845744208,0.010986942792512623,0.009708475845744208
0.914900963114118,0.5,0.4073334000459302,0.2942149721629888,0.20181322946142374,0.18242552380635635,0.2018132246607271,0.24508502416032488,0.29421498454004374,0.3486451217982255,0.320821300824607,0.24508501864634827,0.2450850021044189,0.22270013882530884,0.22270013366638422,0.20181321745968234,0.18242552825126704,0.24508502416032488,0.24508502416032488,0.2227001491431584,0.20181322466072713
0.6224593312018546,0.025957356679759284,0.008577485184035312,0.005911067633124355,0.004070138257634899,0.004609571796921952,0.0052201262400538425,0.007577240977220365,0.007577240087790639,0.00857748723528581,0.009708478120045582,0.008577484178209957,0.008577484178209957,0.008577484178209957,0.009708478120045582,0.00970847698289483,0.012431653471559487,0.014063626229690516,0.012431653471559487,0.012431653471559487,0.009708478120045582
0.8670357632379241,0.2942149783515162,0.3208213138121609,0.2942149659744614,0.18242552825126704,0.16451647108926923,0.14804720554957732,0.11920292202211755,0.14804720554957732,0.24508500761839527,0.26894141551050293,0.26894142722948744,0.18242552158390102,0.22270014398423357,0.24508502416032485,0.18242552602881168,0.16451645880021026,0.16451645675203383,0.18242551491653522,0.20181321745968234,0.16451645470385742
0.9770226308008343,0.6224593312018546,0.5621765008857982,0.5926665999540698,0.5621765008857981,0.5621765008857981,0.5312093733737563,0.4687906266262437,0.5,0.5,0.5621765008857982,0.5621765008857981,0.5621765008857981,0.5926665999540698,0.5621765008857982,0.5312093733737563,0.5621765008857981,0.5312093733737563,0.5,0.5,0.5312093733737563
0.8175744739711883,0.3486451488696663,0.3486451488696663,0.40733340004593027,0.4378234991142019,0.46879062662624377,0.4378234991142019,0.46879062662624377,0.43782349911420193,0.4378234991142019,0.4687906266262437,0.43782349911420193,0.37754067580180184,0.4378234991142019,0.4378234991142019,0.4687906266262437,0.5,0.5,0.5,0.5,0.4378234991142019
0.9740426405416756,0.43782349911420193,0.3775406687981454,0.348645142101806,0.29421497216298875,0.32082129433083023,0.2689414330889797,0.26894142136999516,0.22270013882530887,0.32082129433083023,0.320821300824607,0.3486451217982255,0.320821300824607,0.2942149721629888,0.320821300824607,0.34864513533394575,0.3208213073183839,0.26894142722948733,0.2942149659744614,0.32082131381216084,0.3208213073183839
0.8354835371034368,0.008577485223634738,0.005220125006811988,0.006692850456827735,0.006692850456827735,0.007577241005233902,0.007577241005233902,0.010986940232161724,0.01406362632008551,0.012431652099485881,0.0097084781648153,0.012431652099485881,0.010986940232161724,0.0097084781648153,0.010986940232161724,0.01406362632008551,0.017986211738656763,0.020332353045843292,0.01590639322796263,0.01590639322796263,0.01406362632008551
0.7981867801399695,0.09534945975773548,0.06008664638698043,0.033085978269527264,0.02931222863144092,0.02931222863144092,0.029312231917309858,0.029312231917309858,0.042087729267329864,0.06008664638698043,0.04208772461143651,0.033085981844833426,0.033085981844833426,0.047425876038601794,0.047425876038601794,0.03308597791199667,0.029312228472447265,0.037326883863690125,0.047425876038601794,0.06008665185713089,0.047425870484828096
0.9740426433202407,0.3486451285660856,0.2942149659744614,0.24508501864634824,0.2018132246607271,0.20181321986003056,0.20181321745968234,0.16451645675203383,0.11920292515117027,0.13296422817269313,0.08509904152653236,0.10669060317692271,0.13296423847995262,0.16451646494473965,0.1824255304737224,0.11920292045759123,0.1480472036701053,0.20181322466072713,0.1480472036701053,0.11920293140927592,0.08509904964767097
0.6513548714339145,0.017986207132747328,0.007577241866650195,0.005220124994721384,0.004070137285525308,0.003593603244206906,0.005220126854256757,0.007577240977220365,0.008577484178209957,0.006692850435157538,0.0059110683281407405,0.0059110683281407405,0.005911069025893493,0.006692850435157538,0.006692850435157538,0.009708474663824018,0.007577240977220365,0.008577486189860786,0.007577242759581822,0.008577485184035312,0.010986944017028478
0.8354835350552603,0.5,0.46879062662624377,0.5312093733737563,0.5,0.5621765008857981,0.5926665999540698,0.6224593312018546,0.6513548782017745,0.6224593312018546,0.6224593312018546,0.5926665999540698,0.6224593382055109,0.5926665999540698,0.5312093733737563,0.5621765008857981,0.6224593312018546,0.5926665999540697,0.5926665999540697,0.6224593312018546,0.5926665999540698
0.7057850402140659,0.010986944077748277,0.0040701377762990525,0.0035936019686550287,0.0031726830648641457,0.0035936019686550287,0.0035936023938389376,0.0040701377762990525,0.0052201262400538425,0.006692852029465064,0.005911069042311205,0.0052201262400538425,0.0040701377762990525,0.004070138257634899,0.004609572895136895,0.0052201262400538425,0.0052201262400538425,0.004609572895136895,0.0035936023938389376,0.004070138257634899,0.0040701377762990525
0.7981867753392728,0.1329642316084462,0.07585818733363134,0.04742587502882471,0.029312231758316185,0.025957359929267797,0.020332352823231696,0.015906393111335865,0.015906391274464377,0.022977371917159397,0.022977371917159397,0.029312228472447265,0.015906391274464377,0.014063629587219217,0.017986209501500604,0.017986211574159975,0.017986211574159975,0.020332352823231696,0.020332352823231696,0.022977371917159397,0.022977371917159397
0.9241418215456966,0.010986942792512623,0.0021827166928070725,0.0019267349803263828,0.0017007227830237591,0.0017007227830237591,0.0013250226726256359,0.0017007227830237591,0.0017007227830237591,0.0017007225808242778,0.0019267349803263828,0.0019267349803263828,0.0024726226466751226,0.002800926954764988,0.0021827166928070725,0.003172682688587179,0.002800926954764988,0.002800927287075985,0.0024726226466751226,0.0021827166928070725,0.0019267349803263828
0.957912276139514,0.02297736945005748,0.007577241005233902,0.007577241894663736,0.005911069042311205,0.005220125623432879,0.005911069042311205,0.007577242784093672,0.008577486229460215,0.008577485223634738,0.008577485223634738,0.010986942792512623,0.012431649138094194,0.009708475845744208,0.008577485223634738,0.010986941517397082,0.00970847470859372,0.007577241894663736,0.010986942792512623,0.010986942792512623,0.009708475845744208
0.6224593312018546,0.26894141551050293,0.24508500761839527,0.22270014914315833,0.24508501313237172,0.20181323186177208,0.22270014914315833,0.2942149659744614,0.32082128783705344,0.320821300824607,0.320821300824607,0.32082128783705344,0.29421498454004374,0.2942149783515162,0.22270013882530887,0.22270013882530887,0.24508501864634827,0.2689414272294874,0.32082129433083023,0.3208213073183839,0.29421497216298875
0.9525741244662868,0.4687906266262437,0.3486451285660856,0.3775406687981454,0.3486451285660856,0.348645142101806,0.3208213138121609,0.34864514210180597,0.29421498454004374,0.32082129433083023,0.3775406758018019,0.37754066879814546,0.40733340004593027,0.3775406687981454,0.34864514210180597,0.4073334000459302,0.3775406687981454,0.2942149597859341,0.3775406687981454,0.40733340004593027,0.40733340004593027
0.9770226282919171,0.4378234991142019,0.43782349911420193,0.43782349911420193,0.4073334000459302,0.4378234991142019,0.4073334000459302,0.40733340004593027,0.4378234991142019,0.46879062662624377,0.46879062662624377,0.5,0.4687906266262437,0.4687906266262437,0.5,0.5,0.40733340004593027,0.43782349911420193,0.4378234991142019,0.43782349911420193,0.46879062662624377
0.9626731123881445,0.5926665999540698,0.5,0.43782349911420193,0.4073334000459302,0.3775406687981454,0.3775406687981454,0.34864513533394575,0.3486451217982255,0.3208213073183839,0.2942149783515163,0.320821300824607,0.3486451488696663,0.37754066879814546,0.37754066879814546,0.34864514210180597,0.3775406758018019,0.40733340004593027,0.37754067580180184,0.26894142722948744,0.2942149597859341
0.8807970685907242,0.2942149783515163,0.3486451285660856,0.3486451285660856,0.37754067580180184,0.4073334000459302,0.4687906266262437,0.4687906266262437,0.4687906266262437,0.5,0.4378234991142019,0.4378234991142019,0.34864513533394575,0.3486451488696663,0.40733340004593027,0.4073334000459302,0.4687906266262437,0.5312093733737562,0.5312093733737563,0.5312093733737563,0.5312093733737563
0.798186768138228,0.14804720554957732,0.09534946168575072,0.09534945975773548,0.07585818367743735,0.07585817584273653,0.0850990490675896,0.0850990490675896,0.10669058684467357,0.10669058684467357,0.09534946361376598,0.07585817584273653,0.06754669113962912,0.07585817427579646,0.06754669113962912,0.09534946168575072,0.0850990490675896,0.10669059678604235,0.10669058471438037,0.10669059678604235,0.10669058471438037
0.8933094046341532,0.5621765008857981,0.5,0.5,0.5,0.5312093733737563,0.5,0.5621765008857982,0.6513548511303338,0.6791787056691698,0.6791786861878392,0.6791787056691698,0.6791787056691698,0.6224593312018545,0.5926665999540698,0.5926665999540698,0.5621765008857981,0.6224593312018546,0.6513548646660543,0.6791787056691698,0.7057850278370111
0.8933093975331751,0.16451646494473965,0.14804719615221756,0.1480471999111614,0.2018132270610754,0.18242552158390102,0.1824255326961778,0.11920290950590741,0.08509905022775231,0.09534945847239201,0.0850990519679964,0.09534946489910949,0.09534946489910949,0.14804720179063335,0.182425528251267,0.14804719991116141,0.11920293140927593,0.13296424019782926,0.16451646904109266,0.11920292202211756,0.09534945654437685
0.8807970826714614,0.22270014398423355,0.16451646494473962,0.16451646699291614,0.14804719615221756,0.14804720179063333,0.1480471999111614,0.16451646289656316,0.18242551491653522,0.14804720554957732,0.14804720554957732,0.16451646289656316,0.13296425394084313,0.16451646494473965,0.16451645675203386,0.20181321986003056,0.22270014398423357,0.20181323186177208,0.22270014398423357,0.18242551491653522,0.18242551491653522
0.9046505351008904,0.029312228843432448,0.012431653551597116,0.01590639322796263,0.014063629587219217,0.015906391274464377,0.015906391274464377,0.0159063894375931,0.014063627960109055,0.017986211738656763,0.017986213811316386,0.020332352934537494,0.020332355271959375,0.020332352934537494,0.020332355346163247,0.017986213811316386,0.014063627960109055,0.012431653551597116,0.010986941517397082,0.014063627960109055,0.014063627960109055
0.8519528000888386,0.3775406687981454,0.3775406687981454,0.32082128783705344,0.4073334000459302,0.43782349911420193,0.4687906266262437,0.46879062662624377,0.46879062662624377,0.5,0.4378234991142019,0.43782349911420193,0.4073334000459302,0.4073334000459302,0.46879062662624377,0.4687906266262437,0.5312093733737562,0.5621765008857981,0.5621765008857981,0.5926665999540698,0.5621765008857981
0.9241418126663686,0.46879062662624377,0.34864513533394575,0.3208213073183839,0.26894142136999516,0.26894141551050293,0.24508501864634827,0.22270012850745968,0.20181322226037884,0.24508502416032488,0.26894142136999516,0.2942149783515163,0.24508500761839527,0.24508501864634827,0.18242551713899047,0.20181321745968234,0.20181322946142374,0.16451646289656316,0.20181321745968234,0.22270012850745968,0.22270013882530887
0.8354835309589074,0.43782349911420193,0.3486451285660856,0.3486451488696663,0.348645142101806,0.32082129433083023,0.3486451488696663,0.40733340004593027,0.40733340004593027,0.43782349911420193,0.4073334000459302,0.37754066879814546,0.3775406758018019,0.3775406687981454,0.3775406758018019,0.3775406687981454,0.3775406687981454,0.4073334000459302,0.40733340004593027,0.4687906266262437,0.5312093733737562
0.798186768138228,0.37754066879814546,0.320821300824607,0.2942149783515162,0.24508500761839527,0.24508501313237172,0.24508501864634827,0.24508500761839527,0.24508502416032488,0.29421498454004374,0.32082130082460697,0.320821300824607,0.40733340004593027,0.3775406687981454,0.3486451488696663,0.34864513533394575,0.320821300824607,0.3486451285660856,0.32082129433083023,0.3486451285660856,0.3775406687981454
0.6791787056691698,0.2942149845400438,0.26894142722948733,0.16451646699291617,0.1066905996264336,0.1066905889749668,0.1066905996264336,0.13296425222296632,0.1066905996264336,0.1480472036701053,0.11920292828022305,0.1329642487872128,0.10669058684467357,0.09534946168575072,0.10669058684467357,0.07585818367743735,0.09534945975773548,0.09534946875514018,0.08509904616718289,0.10669058471438037,0.09534946875514018
0.8175744828610095,0.13296424535145931,0.07585817584273653,0.06754669113962912,0.053403328669912084,0.053403328669912084,0.06754668410060377,0.07585817584273653,0.08509903920620716,0.08509904094645104,0.06754668410060377,0.053403328669912084,0.060086653540254206,0.05340333450779175,0.060086647228542,0.0850990490675896,0.07585817584273653,0.08509903920620716,0.09534946168575072,0.08509903920620716,0.09534946168575072
0.5926665999540698,0.2689414096510108,0.18242552380635635,0.13296425222296632,0.0850990490675896,0.0850990490675896,0.09534946361376598,0.0850990490675896,0.10669058684467357,0.13296425222296632,0.1066905996264336,0.08509904790742692,0.09534947132582736,0.09534946168575072,0.07585817427579646,0.06754669817865513,0.05340332810495603,0.07585817427579646,0.08509904790742692,0.09534947132582736,0.08509904790742692
0.7310585669110202,0.24508502416032488,0.20181322946142374,0.14804719803168945,0.10669059678604235,0.09534946168575072,0.11920292202211755,0.11920293297380237,0.11920292202211755,0.14804719239327382,0.1192029188930649,0.1066906024668249,0.11920292671569666,0.11920292984474948,0.10669059252545564,0.07585817323116975,0.09534946875514018,0.1192029188930649,0.08509904442693891,0.09534945782972029,0.08509903630580076
0.8933094145755219,0.02595735423085459,0.010986941456677298,0.012431653471559487,0.010986941456677298,0.009708474663824018,0.012431653471559487,0.01098694018156191,0.010986944077748277,0.012431652030882206,0.012431653471559487,0.012431653471559487,0.014063626229690516,0.012431652030882206,0.012431652030882206,0.012431652030882206,0.01098694018156191,0.008577485184035312,0.007577240977220365,0.009708474663824018,0.008577485184035312
0.9626731168056251,0.43782349911420193,0.43782349911420193,0.4073334000459302,0.4073334000459302,0.3775406687981454,0.37754067580180184,0.3775406687981454,0.4073334000459302,0.4378234991142019,0.4073334000459302,0.43782349911420193,0.43782349911420193,0.4073334000459302,0.43782349911420193,0.37754066179448903,0.3486451285660856,0.4073334000459302,0.4073334000459302,0.4687906266262437,0.4687906266262437
0.679178699175393,0.20181321745968234,0.13296424535145931,0.10669059465574898,0.09534946875514018,0.06754669020109236,0.08509903630580076,0.09534946875514018,0.1066906024668249,0.09534946682712482,0.07585818733363134,0.07585817949893017,0.060086643862295744,0.05340333130637379,0.06754668738548217,0.06008665648572012,0.06008665017400762,0.06754668738548217,0.06754669301670263,0.06754668597767712,0.060086649332446
0.7981867825403177,0.29421497216298875,0.20181322946142374,0.11920293297380237,0.09534947132582736,0.07585818367743735,0.07585818367743735,0.06754669817865513,0.09534945975773548,0.10669059465574898,0.11920293297380237,0.07585818211049714,0.060086644703857287,0.07585818837825821,0.09534946682712482,0.06754669630158146,0.06754668832401889,0.06754668832401889,0.08509904268669496,0.09534945590170513,0.07585818733363134
0.962673116537899,0.004609572895136895,0.0015011825291288126,0.0015011825291288126,0.00116951016075143,0.00116951016075143,0.00116951016075143,0.0013250226726256359,0.0017007227830237591,0.0021827166928070725,0.003172682688587179,0.003172682688587179,0.003172682688587179,0.002800926954764988,0.0024726226466751226,0.002800926954764988,0.002800926954764988,0.002800926954764988,0.002800926954764988,0.0019267349803263828,0.0017007227830237591
0.731058584489497,0.060086651015569245,0.022977369324611627,0.01798620742884147,0.010986944077748277,0.014063629587219217,0.015906391274464377,0.020332355271959375,0.022977369324611627,0.02595735423085459,0.02297737179171353,0.01798621364681958,0.025957357009419556,0.02297737179171353,0.01798621364681958,0.020332355160653567,0.020332352823231696,0.029312231758316185,0.029312228260455736,0.029312228260455736,0.04208772806580895
0.817574471748733,0.010986941456677298,0.0059110683281407405,0.006692851221476155,0.006692849648839014,0.005220125623432879,0.007577242784093672,0.010986942792512623,0.010986942792512623,0.010986942792512623,0.009708475845744208,0.010986944077748277,0.009708475845744208,0.00970847698289483,0.010986944077748277,0.012431652030882206,0.014063624602580737,0.014063624602580737,0.012431652030882206,0.010986944077748277,0.012431653471559487
0.6513548511303338,0.005911069042311205,0.00280092662245403,0.0031726830648641457,0.0024726229395573424,0.0031726823078921332,0.004609571786238929,0.005220126842166147,0.005220125611342273,0.005220124994721384,0.004609572341756182,0.004070138257634899,0.003593603244206906,0.0035936019619854775,0.0035936019619854775,0.005911067633124355,0.004609571796921952,0.004609571796921952,0.003593603244206906,0.004070138257634899,0.004070138257634899
0.8354835391516133,0.01798620742884147,0.008577486229460215,0.010986942792512623,0.00970847470859372,0.010986941517397082,0.010986941517397082,0.012431650578771145,0.01798620742884147,0.017986213811316386,0.015906395064834336,0.012431649138094194,0.014063629587219217,0.014063629587219217,0.0159063894375931,0.020332352934537494,0.014063627960109055,0.014063627960109055,0.0159063894375931,0.015906395064834336,0.0159063894375931
0.7772998508568416,0.5312093733737563,0.4687906266262437,0.5,0.5,0.5,0.5621765008857981,0.5926665999540698,0.6224593312018546,0.6224593312018546,0.5926665999540698,0.5926665999540698,0.5926665999540698,0.5926665999540698,0.5621765008857981,0.5926665999540698,0.5621765008857981,0.5926665999540698,0.6513548714339145,0.5621765008857981,0.5926665999540697
0.7772998714925403,0.012431653551597116,0.007577241005233902,0.006692850456827735,0.005220125006811988,0.0046095723503026004,0.004609571807604975,0.004609571807604975,0.005911068344558451,0.008577484217809376,0.008577484217809376,0.007577241005233902,0.006692850456827735,0.005911068344558451,0.005911068344558451,0.005220125006811988,0.005220125006811988,0.005911068344558451,0.0046095723503026004,0.006692850456827735,0.005911069042311205
0.7057850340255386,0.16451645470385745,0.1480472036701053,0.10669059678604235,0.05340332810495603,0.04208772461143651,0.047425870484828096,0.047425870484828096,0.060086643862295744,0.07585818733363134,0.08509903804604459,0.060086643862295744,0.06008665017400762,0.07585818628900447,0.06754668597767712,0.04208772806580895,0.03732689136002138,0.04208773257151254,0.05340332546849447,0.05340333243628599,0.04742587452393617
0.8519528038477824,0.5312093733737563,0.46879062662624377,0.40733340004593027,0.40733340004593027,0.40733340004593027,0.37754066879814546,0.4687906266262437,0.46879062662624377,0.5312093733737563,0.5312093733737563,0.4687906266262437,0.4687906266262437,0.4378234991142019,0.5,0.40733340004593027,0.4687906266262437,0.4687906266262437,0.5312093733737563,0.46879062662624377,0.4687906266262437
0.6513548646660542,0.005911069042311205,0.002800927287075985,0.0021827166928070725,0.0021827166928070725,0.0021827164336820186,0.0021827164336820186,0.0024726226466751226,0.0035936019686550287,0.004070137294963264,0.003172682688587179,0.004070137294963264,0.003172682688587179,0.0024726226466751226,0.0024726226466751226,0.0024726226466751226,0.0024726226466751226,0.0021827166928070725,0.0019267349803263828,0.0024726226466751226,0.0024726226466751226
0.7057850278370111,0.34864513533394575,0.3208213073183839,0.3486451217982255,0.3486451353339457,0.3775406687981454,0.43782349911420193,0.4687906266262437,0.5,0.5312093733737562,0.46879062662624377,0.5,0.43782349911420193,0.46879062662624377,0.4687906266262437,0.4378234991142019,0.46879062662624377,0.5,0.5,0.5621765008857981,0.5
0.9669140235181256,0.3208212943308302,0.2689414272294874,0.20181322466072713,0.20181321745968234,0.14804719615221756,0.1480471999111614,0.13296422817269313,0.11920293453832884,0.13296422817269313,0.14804719803168948,0.18242551713899047,0.16451647108926923,0.13296422817269313,0.1192029235866439,0.1329642316084462,0.14804719803168948,0.13296424363358259,0.13296424706933604,0.13296425050508956,0.14804719427274568
0.9669140183935203,0.4378234991142019,0.43782349911420193,0.4073334000459302,0.4073334000459302,0.3775406687981454,0.4073334000459302,0.3775406617944891,0.4073334000459302,0.4378234991142019,0.43782349911420193,0.46879062662624377,0.4378234991142019,0.4687906266262437,0.4378234991142019,0.4378234991142019,0.3775406687981454,0.4073334000459302,0.43782349911420193,0.46879062662624377,0.5
0.6791787056691698,0.009708477958874601,0.004070138620052515,0.00407013716094429,0.0031726822600291224,0.003593603182513537,0.003593601881950865,0.004070137704570579,0.005911068180381344,0.00522012546867312,0.005220126097384673,0.005220124878651577,0.0035936027756708045,0.003593603201688503,0.0035936031950189492,0.004609571726413997,0.004070136749449438,0.004609571737097021,0.004070137215684434,0.003593603201688503,0.0035936023446509926
0.9046505440982948,0.26894142136999516,0.20181323186177208,0.16451645470385742,0.13296424706933604,0.13296425050508953,0.11920292984474948,0.09534946875514018,0.10669059252545564,0.1192029188930649,0.1329642384799526,0.16451645675203383,0.1329642384799526,0.10669060459711842,0.09534945782972029,0.08509904616718289,0.10669059252545564,0.08509904442693891,0.09534946682712482,0.09534946875514018,0.10669059252545564
0.6791786861878392,0.00970847698289483,0.0035936019686550287,0.0035936019686550287,0.0035936019686550287,0.0031726830648641457,0.0052201262400538425,0.005911069737327755,0.005911069737327755,0.006692851243146353,0.005220125623432879,0.005220125623432879,0.004609572895136895,0.004609571252087787,0.0052201262400538425,0.0052201262400538425,0.005911069737327755,0.005911069042311205,0.0052201262400538425,0.005911067633124355,0.004070138257634899
0.9626731133251858,0.40733340004593027,0.3208212943308302,0.29421497216298875,0.320821300824607,0.24508500761839527,0.22270014398423357,0.22270014398423357,0.22270013366638422,0.20181322466072713,0.20181322466072713,0.22270012850745968,0.24508501313237172,0.2689414096510109,0.2689414096510109,0.2450850021044189,0.22270013882530884,0.22270013882530884,0.20181323186177208,0.18242551491653522,0.18242551491653522
0.9324533107374443,0.13296424706933604,0.14804720367010532,0.13296423332632276,0.14804719615221756,0.09534946232842247,0.09534946939781196,0.07585817323116976,0.06008665080517885,0.08509904210661365,0.06754669630158146,0.06754668597767712,0.06754668597767712,0.10669060104662924,0.11920292828022307,0.06754669020109236,0.05340332810495602,0.06754669395523943,0.0758581784543034,0.08509904616718289,0.06754669301670263
0.798186768138228,0.0035936023938389376,0.0019267347515319684,0.0019267347515319684,0.0021827164336820186,0.0024726235293418383,0.003172682313046611,0.004070137294963264,0.003172682313046611,0.003172682313046611,0.003172682313046611,0.004070137294963264,0.0035936019686550287,0.004070137294963264,0.004070137294963264,0.004070137294963264,0.003172682688587179,0.0035936019686550287,0.003172682313046611,0.003172682313046611,0.003172682688587179
0.9149009584734676,0.20181323186177208,0.18242552380635635,0.13296423676207597,0.1824255326961778,0.1645164608483867,0.13296425050508956,0.07585817740967665,0.06754668503914044,0.08509904558710156,0.06008664849088439,0.10669058613457583,0.11920291889306492,0.14804719239327382,0.1480471999111614,0.09534946232842247,0.09534946040040722,0.1480472036701053,0.11920293140927592,0.09534947132582736,0.08509904790742692
0.7310585903489891,0.009708475845744208,0.003172682688587179,0.003172682688587179,0.0024726226466751226,0.0024726226466751226,0.002800926954764988,0.004070137294963264,0.004070137294963264,0.0046095723503026004,0.004070137294963264,0.004070137294963264,0.0035936019686550287,0.0035936019686550287,0.0035936019686550287,0.003172682688587179,0.0035936019686550287,0.0040701377762990525,0.003172682688587179,0.003172682688587179,0.003172682688587179
0.8354835309589074,0.320821300824607,0.32082130082460697,0.3486451285660856,0.37754066179448903,0.4378234991142019,0.5,0.5,0.5,0.5,0.46879062662624377,0.5,0.43782349911420193,0.4073334000459302,0.43782349911420193,0.46879062662624377,0.4378234991142019,0.5,0.5621765008857981,0.5621765008857981,0.5
0.904650527388829,0.43782349911420193,0.4378234991142019,0.4073334000459302,0.24508500761839527,0.20181323186177208,0.18242551713899047,0.20181321745968234,0.24508501313237172,0.24508501313237172,0.26894141551050293,0.320821300824607,0.2689414213699951,0.22270013366638425,0.26894141551050293,0.24508501313237172,0.20181321986003056,0.20181321745968234,0.18242552158390102,0.22270013366638422,0.22270013366638425
0.6513548646660542,0.08509905138791503,0.04208772881675952,0.025957360070550783,0.017986209501500604,0.010986942792512623,0.017986209501500604,0.014063624602580737,0.017986209501500604,0.025957360070550783,0.017986209501500604,0.015906393111335865,0.014063626229690516,0.015906393111335865,0.014063626229690516,0.014063629496824204,0.01590638932096636,0.01798621364681958,0.01798621364681958,0.02297737179171353,0.017986207297244074
0.8519527982093666,0.5926665999540698,0.5926665999540698,0.5621765008857981,0.5926665999540698,0.5,0.5621765008857981,0.5312093733737563,0.6224593312018546,0.5926665999540698,0.6224593312018546,0.6791787056691697,0.5926665999540698,0.5621765008857981,0.5926665999540698,0.5621765008857981,0.5621765008857981,0.5,0.5926665999540698,0.5621765008857981,0.5926665999540697
0.8354835371034368,0.1480471999111614,0.11920292984474948,0.10669059252545564,0.08509903746596331,0.08509904616718289,0.10669059252545564,0.1192029188930649,0.14804720367010532,0.14804719239327382,0.13296424191570594,0.10669060459711842,0.10669060459711842,0.11920291576401235,0.09534946875514018,0.13296424191570594,0.13296424535145931,0.14804720554957732,0.14804720179063333,0.14804720554957732,0.11920291263495983
0.8519527944504227,0.5926665999540698,0.5621765008857981,0.5926665999540698,0.5621765008857982,0.5621765008857982,0.6224593241981982,0.6513548646660543,0.7057850340255386,0.7057850154599562,0.7057850340255386,0.7057850216484839,0.7057850216484839,0.7310585786300049,0.6791787056691698,0.6791787056691698,0.7057850278370111,0.679178699175393,0.7057850216484839,0.7057850402140659,0.7057850216484838
0.8933093996634686,0.5312093733737563,0.46879062662624377,0.5312093733737563,0.5312093733737563,0.5312093733737563,0.5621765008857982,0.5926665999540698,0.6513548511303338,0.6791786861878392,0.7057850278370112,0.7310585727705126,0.7057850278370111,0.679178699175393,0.679178686187839,0.651354857898194,0.6224593312018545,0.6791787056691698,0.7310585844894971,0.7310585669110203,0.7549149923816048
0.7310585727705126,0.3775406758018019,0.2942149783515162,0.24508500761839525,0.20181323186177208,0.20181322226037884,0.14804719803168948,0.16451645880021026,0.18242551713899047,0.20181322226037884,0.24508500761839527,0.20181321986003056,0.18242551491653522,0.20181321745968234,0.20181321745968234,0.14804720179063333,0.1480471999111614,0.16451646494473965,0.18242551491653522,0.20181321745968234,0.18242551491653522
0.982013792702756,0.5312093733737563,0.4687906266262437,0.46879062662624377,0.4687906266262437,0.4687906266262437,0.4378234991142019,0.4378234991142019,0.5,0.5312093733737563,0.5312093733737563,0.5926665999540698,0.5621765008857982,0.5621765008857981,0.5312093733737563,0.5,0.5,0.46879062662624377,0.5,0.5621765008857981,0.5621765008857981
0.8670357494949105,0.1480471999111614,0.11920292671569666,0.08509904442693891,0.07585818211049714,0.08509904616718289,0.09534945975773548,0.10669059465574898,0.1192029188930649,0.13296424535145931,0.11920292202211755,0.11920293297380237,0.09534947132582736,0.10669060459711842,0.10669060459711842,0.10669059465574898,0.1192029188930649,0.11920292202211755,0.13296424535145931,0.14804720179063333,0.16451646289656316
0.9706877719515358,0.02595735423085459,0.007577241894663736,0.004609572895136895,0.0040701377762990525,0.0035936023938389376,0.0035936023938389376,0.0040701377762990525,0.005220125623432879,0.004609572895136895,0.004609572895136895,0.005911069737327755,0.006692852029465064,0.007577240087790639,0.005911069042311205,0.006692852029465064,0.007577240087790639,0.008577484178209957,0.007577240977220365,0.007577242784093672,0.007577240087790639
0.8933094039240554,0.46879062662624377,0.46879062662624377,0.46879062662624377,0.5,0.5,0.46879062662624377,0.5,0.5,0.5312093733737562,0.5621765008857981,0.5926665999540697,0.5926665999540698,0.6224593312018546,0.6224593312018546,0.5926665999540697,0.6224593312018546,0.5926665999540698,0.6224593312018546,0.6224593312018546,0.6513548714339145
0.9399133489844307,0.0953494732538428,0.0953494732538428,0.06754669113962912,0.06754669817865513,0.047425876543490335,0.04208772461143651,0.025957360070550783,0.022977371917159397,0.029312231917309858,0.020332355271959375,0.01798620742884147,0.025957357150702527,0.033085978269527264,0.033085978269527264,0.029312231917309858,0.022977369324611627,0.033085981844833426,0.042087729267329864,0.04208772461143651,0.029312228472447265
0.8175744828610095,0.22270014398423355,0.11920292984474948,0.10669059252545564,0.10669060459711842,0.08509903746596331,0.11920292984474948,0.1192029188930649,0.13296425394084313,0.14804719239327382,0.13296422989056966,0.1329642384799526,0.10669058258408719,0.1329642316084462,0.10669059536584677,0.13296422817269313,0.13296424706933604,0.11920291263495983,0.1480471999111614,0.1329642436335826,0.13296425050508956
0.7310585727705127,0.26894142136999516,0.2450850131323717,0.2689414272294874,0.26894142136999516,0.2942149783515162,0.3208212943308302,0.3208212943308302,0.3208213073183839,0.3208213073183839,0.32082128783705344,0.2942149783515162,0.24508500761839525,0.32082128783705344,0.34864512179822543,0.37754066879814546,0.3775406617944891,0.4378234991142019,0.3775406687981454,0.3775406687981454,0.3486451285660856
0.6791786861878392,0.18242552380635635,0.10669058684467357,0.10669058684467357,0.10669058471438037,0.13296423332632276,0.14804720179063333,0.11920292515117027,0.11920292202211755,0.11920292202211755,0.08509903746596331,0.09534945975773548,0.08509904616718289,0.10669059465574898,0.08509903746596331,0.08509903746596331,0.08509903746596331,0.08509903630580076,0.08509903630580076,0.10669060459711842,0.07585817323116975
0.6513548646660542,0.16451645880021026,0.10669059678604235,0.10669058471438037,0.13296424535145931,0.10669058471438037,0.13296424535145931,0.14804719239327382,0.16451645675203386,0.20181322466072713,0.14804720367010532,0.16451646699291614,0.18242552158390102,0.16451646494473965,0.14804720179063333,0.11920292984474948,0.14804720179063333,0.14804720179063333,0.1329642384799526,0.20181321745968234,0.18242551491653522
0.7310585903489891,0.11920292671569666,0.10669059252545562,0.060086655644158424,0.03732688694254029,0.02931222783647268,0.025957356679759284,0.04742586829697802,0.05340333055309901,0.060086655644158424,0.04742587401904765,0.037326886273225016,0.04208772641371775,0.05340333431947304,0.0474258725043821,0.0259573580454947,0.03308597838870413,0.037326888548896986,0.042087729417519974,0.04208772476162661,0.029312232447288745
0.8519528076067262,0.003593602819022897,0.0024726229395573424,0.002800927287075985,0.002800926954764988,0.002800926954764988,0.0035936019686550287,0.004609572895136895,0.005220125623432879,0.006692851243146353,0.005911068344558451,0.005220125623432879,0.004609572895136895,0.005220125006811988,0.005911069042311205,0.005911069042311205,0.006692851243146353,0.005911069042311205,0.005911069042311205,0.006692851243146353,0.006692852029465064
0.817574471748733,0.4073334000459302,0.4687906266262437,0.5,0.4073334000459302,0.4073334000459302,0.4073334000459302,0.4378234991142019,0.5,0.5312093733737563,0.5621765008857981,0.5312093733737563,0.5,0.5312093733737563,0.5,0.4073334000459302,0.4073334000459302,0.5,0.4687906266262437,0.5312093733737562,0.4687906266262437
0.8807970795424088,0.22270012850745968,0.20181323186177208,0.24508501864634824,0.2450850021044189,0.24508500761839525,0.18242552158390102,0.14804720179063333,0.14804720554957732,0.18242552158390102,0.2689414272294874,0.2689414213699951,0.24508501864634824,0.24508501313237172,0.2942149783515162,0.2689414096510109,0.22270014398423357,0.22270013366638422,0.24508502416032485,0.24508501864634824,0.26894141551050293
0.6791786861878392,0.08509904442693891,0.06754668832401889,0.03308597791199667,0.03308597791199667,0.029312228472447265,0.037326887879581695,0.042087729267329864,0.047425870484828096,0.042087729267329864,0.033085981844833426,0.037326887879581695,0.037326883462100995,0.03308597791199667,0.033085981844833426,0.0373268831943749,0.042087723860486016,0.047425875533713246,0.04742587502882471,0.05340332678672523,0.04742586981164345
0.914900957313305,0.46879062662624377,0.4073334000459302,0.43782349911420193,0.43782349911420193,0.37754066879814546,0.3486451285660856,0.29421498454004374,0.29421497216298875,0.320821300824607,0.2689414096510108,0.43782349911420193,0.4687906266262437,0.5,0.4687906266262437,0.46879062662624377,0.37754066879814546,0.3775406758018019,0.3775406758018019,0.40733340004593027,0.4378234991142019
0.957912276139514,0.24508500761839527,0.18242551713899047,0.16451647108926923,0.13296423332632276,0.14804719803168945,0.14804719239327382,0.09534946875514018,0.06754669630158146,0.06754668926255561,0.07585817323116975,0.08509904442693891,0.09534945782972029,0.09534945782972029,0.09534945975773548,0.07585817323116975,0.11920292984474948,0.08509905312815914,0.07585818837825821,0.06754668926255561,0.06754669630158146
0.7310585844894971,0.1480471999111614,0.1480471999111614,0.14804720179063333,0.22270014398423357,0.24508501864634824,0.24508502416032485,0.2689414272294874,0.2689414096510108,0.24508501313237172,0.24508501864634824,0.22270014398423355,0.22270014398423355,0.20181321986003056,0.24508501313237172,0.22270014398423357,0.26894141551050293,0.3208212943308302,0.2942149659744614,0.2942149721629888,0.2689414330889797
0.8933094039240554,0.24508501864634824,0.16451646494473962,0.11920291732853862,0.10669058755477132,0.08509905138791503,0.09534946682712482,0.08509905312815914,0.09534947453918644,0.1066906024668249,0.10669058755477132,0.1329642436335826,0.10669058471438037,0.06754668832401889,0.08509905312815914,0.10669058755477132,0.08509904268669496,0.09534946489910949,0.11920291263495983,0.1192029235866439,0.10669059536584677
0.8933094174159127,0.32082129433083023,0.2689414272294874,0.2942149597859341,0.24508501864634824,0.16451645675203383,0.16451645675203383,0.1480471999111614,0.16451645675203383,0.20181321986003056,0.22270013366638425,0.2689414096510108,0.22270013366638425,0.20181321745968234,0.2689414272294874,0.24508501313237172,0.20181321745968234,0.16451645470385742,0.2227001491431584,0.2689414330889798,0.26894142722948744
0.904650527388829,0.025957357150702527,0.012431652030882206,0.012431653471559487,0.009708474619054318,0.00857748414653042,0.010986942681193006,0.007577242759581822,0.008577484114850882,0.012431650441563809,0.01098694263059318,0.009708475756204796,0.009708478075275865,0.010986941406077477,0.008577486189860786,0.008577486189860786,0.007577240952708521,0.007577242759581822,0.006692852010890605,0.007577242759581822,0.006692852010890605
0.7772998611746911,0.020332352934537494,0.00970847470859372,0.008577485223634738,0.007577241005233902,0.008577485223634738,0.010986941517397082,0.012431653551597116,0.012431653551597116,0.01406362632008551,0.010986941517397082,0.008577485223634738,0.00970847470859372,0.008577485223634738,0.010986940232161724,0.010986941517397082,0.0097084781648153,0.008577485223634738,0.008577485223634738,0.00970847470859372,0.007577241005233902
0.8354835452961425,0.00970847470859372,0.005220125006811988,0.005911068344558451,0.005220125006811988,0.005911068344558451,0.005911068344558451,0.008577485223634738,0.008577485223634738,0.012431653551597116,0.008577485223634738,0.010986941517397082,0.00970847470859372,0.00970847470859372,0.010986941517397082,0.010986941517397082,0.010986941517397082,0.0097084781648153,0.008577485223634738,0.00970847470859372,0.00970847470859372
0.8670357683915538,0.18242551491653522,0.11920292202211755,0.09534945975773548,0.09534945975773548,0.10669059465574898,0.11920291107043361,0.13296424363358259,0.14804719239327382,0.13296423504419935,0.13296423332632276,0.1066906003365314,0.10669059820623797,0.10669059820623797,0.13296423847995262,0.13296425050508956,0.18242551713899047,0.18242552158390105,0.20181322706107543,0.20181322466072713,0.18242551936144574
0.7310585786300049,0.09534946682712482,0.047425870989716595,0.033085981844833426,0.022977369324611627,0.025957357150702527,0.025957360070550783,0.037326887879581695,0.042087729267329864,0.04208772461143651,0.037326883863690125,0.033085981844833426,0.029312228472447265,0.029312231758316185,0.029312231758316185,0.042087724160866216,0.042087724160866216,0.047425876038601794,0.042087724160866216,0.042087724160866216,0.047425875533713246
0.7057850278370112,0.2942149783515163,0.34864513533394575,0.40733340004593027,0.4378234991142019,0.5312093733737562,0.5312093733737563,0.5312093733737563,0.5,0.4687906266262437,0.5,0.5,0.4687906266262437,0.5,0.5312093733737563,0.5621765008857981,0.5621765008857982,0.5926665999540698,0.5621765008857982,0.5621765008857981,0.5312093733737563
0.9706877719515358,0.3208213073183839,0.3486451285660856,0.26894142136999516,0.2689414096510109,0.22270013882530884,0.18242552825126704,0.13296424191570594,0.13296424535145931,0.13296423332632276,0.1329642384799526,0.16451646699291614,0.16451646904109268,0.18242552158390105,0.14804719239327382,0.1480471999111614,0.18242553047372242,0.13296424535145931,0.11920293297380238,0.13296424535145931,0.18242552158390102
0.7981867753392728,0.037326887879581695,0.05340332753999996,0.06008665185713089,0.06008664554541885,0.04208772401067612,0.037326883729827086,0.02297736807015313,0.017986208744815498,0.029312229956388023,0.020332354084697433,0.0259573580454947,0.029312228949428216,0.04742587452393618,0.03732688466686841,0.03732688413141622,0.05340333036478031,0.047425876543490335,0.029312227942468443,0.033085981844833426,0.033085981844833426
0.8354835289107309,0.1329642384799526,0.14804719239327382,0.18242552825126704,0.20181321745968234,0.24508501313237172,0.2689414330889797,0.3208212943308302,0.32082128783705344,0.3208213073183839,0.29421497216298875,0.2689414096510109,0.24508500761839525,0.22270014398423357,0.2689414272294874,0.24508500761839527,0.2942149783515162,0.3208212943308302,0.34864513533394575,0.34864513533394575,0.3486451488696663
0.9241418152779358,0.6791787056691698,0.651354857898194,0.651354857898194,0.651354857898194,0.679178699175393,0.5926665999540698,0.6513548646660543,0.679178686187839,0.6513548511303338,0.7057850278370112,0.7549149813536518,0.7057850278370111,0.7549149868676283,0.7549149813536518,0.7057850216484838,0.7310585844894971,0.7310585786300049,0.7549149868676283,0.7310585786300049,0.7549149758396752
0.8670357598021707,0.5,0.5312093733737562,0.5312093733737563,0.5621765008857981,0.5621765008857981,0.4687906266262437,0.4687906266262437,0.5312093733737563,0.5621765008857981,0.5926665999540698,0.5926665999540698,0.6224593312018546,0.5926665999540697,0.5926665999540698,0.5926665999540698,0.6224593312018546,0.5926665999540698,0.5312093733737563,0.6224593312018546,0.5926665999540698
0.5621765008857981,0.0028009276187367063,0.00116951016075143,0.0010322308550090255,0.0010322312239026026,0.0010322312239026026,0.00116951016075143,0.0015011825291288126,0.0013250226726256359,0.0015011825291288126,0.0015011825291288126,0.0017007227830237591,0.0015011825291288126,0.0013250226726256359,0.0015011825291288126,0.0019267349803263828,0.0019267349803263828,0.0019267349803263828,0.0015011825291288126,0.0021827166928070725,0.0015011825291288126
0.7981867801399694,0.20181323186177208,0.1480472055495773,0.09534947518185827,0.06754669207816587,0.04208773001828045,0.04742587199949359,0.053403328669912084,0.06754668410060377,0.0850990490675896,0.0850990490675896,0.0758581847220642,0.060086647228542,0.06754669630158146,0.07585817323116975,0.053403332436286,0.04742587149460509,0.08509903746596331,0.08509905254807777,0.07585818367743737,0.05340333375451692
0.6224593312018546,0.022977371708082957,0.008577485184035312,0.006692851221476155,0.003593603244206906,0.0028009276187367063,0.0028009276187367063,0.004070138257634899,0.0052201262400538425,0.006692852029465064,0.005911069737327755,0.005911068311723029,0.006692851989220403,0.006692850391817144,0.006692849605498625,0.007577240035265265,0.007577242703554737,0.009708474574284616,0.009708477985736432,0.012431650361526197,0.009708476848585694
0.8519527963298947,0.14804720554957732,0.08509904442693891,0.060086651015569245,0.042087723860486016,0.025957357009419556,0.025957360070550783,0.017986211574159975,0.017986211574159975,0.01798621364681958,0.02033235274902783,0.03308598136812592,0.017986211574159975,0.014063624602580737,0.01590639494820756,0.01590639494820756,0.01590638932096636,0.020332355160653567,0.02297737179171353,0.020332355160653567,0.020332355160653567
0.5312093733737563,0.14804720179063333,0.13296422989056966,0.13296423332632276,0.1192029110704336,0.13296423332632276,0.10669058684467357,0.13296423332632276,0.14804719803168945,0.1329642487872128,0.16451645880021026,0.16451646494473965,0.10669059678604235,0.13296423676207597,0.13296424535145931,0.1192029188930649,0.10669060459711842,0.10669060459711842,0.13296422989056966,0.14804719615221756,0.10669059465574898
0.9740426402120151,0.43782349911420193,0.3775406687981454,0.4073334000459302,0.29421498454004374,0.32082130731838393,0.3208213073183839,0.29421498454004374,0.2227001491431584,0.2227001285074597,0.16451645675203386,0.1824255304737224,0.18242551713899047,0.2450850186463482,0.29421498454004374,0.2227001388253088,0.22270014398423355,0.26894142136999516,0.24508500761839527,0.20181321986003056,0.16451645675203383
0.8933094152856196,0.5312093733737563,0.5,0.5312093733737563,0.5312093733737562,0.5621765008857981,0.6224593241981982,0.6791787056691698,0.679178686187839,0.679178699175393,0.651354857898194,0.6224593241981982,0.651354857898194,0.6513548511303338,0.5926665999540698,0.6224593312018546,0.6513548646660543,0.7057850340255386,0.6513548714339145,0.651354857898194,0.6224593312018546
0.9399133498259924,0.02595735423085459,0.012431649138094194,0.0159063894375931,0.012431650510167477,0.009708474619054318,0.014063624421790773,0.012431651882240909,0.010986943966428646,0.02595735912866421,0.02595735620881606,0.020332352452212373,0.02033235234090658,0.017986211278065767,0.014063626139295522,0.017986207132747328,0.012431651882240909,0.015906391041210867,0.012431650441563809,0.015906394714953996,0.014063629303120604
0.9149009602137116,0.4073334000459302,0.3208213073183839,0.37754066179448903,0.43782349911420193,0.320821300824607,0.2942149783515163,0.24508501864634824,0.22270013366638422,0.22270013882530884,0.20181322946142372,0.22270013366638425,0.2942149659744614,0.32082129433083023,0.3208213073183839,0.320821300824607,0.2942149721629888,0.3208212943308302,0.37754066879814546,0.3486451217982255,0.29421495978593415
0.8354835350552603,0.3775406687981454,0.37754066879814546,0.4073334000459302,0.4073334000459302,0.4687906266262437,0.4687906266262437,0.5312093733737562,0.46879062662624377,0.4687906266262437,0.4687906266262437,0.43782349911420193,0.40733340004593027,0.4073334000459302,0.4687906266262437,0.4687906266262437,0.5312093733737562,0.5621765008857982,0.5926665999540698,0.5926665999540698,0.5
0.8519528000888386,0.5,0.5312093733737563,0.5312093733737563,0.5312093733737562,0.5,0.5621765008857981,0.6224593312018546,0.6224593241981982,0.6513548714339144,0.5926665999540697,0.5926665999540698,0.651354857898194,0.6513548714339144,0.5926665999540697,0.5621765008857982,0.5312093733737563,0.5926665999540698,0.5926665999540698,0.5926665999540698,0.5621765008857981
0.6791787056691697,0.3775406687981454,0.34864513533394575,0.34864513533394575,0.320821300824607,0.26894141551050293,0.26894141551050293,0.34864513533394575,0.37754066179448903,0.43782349911420193,0.34864513533394575,0.3775406687981454,0.3775406687981454,0.37754066179448914,0.34864514210180597,0.2689414272294874,0.320821300824607,0.320821300824607,0.34864514210180597,0.4073334000459302,0.34864514210180597
0.731058584489497,0.3208212943308302,0.32082128783705344,0.3486451353339457,0.3486451353339457,0.37754066879814546,0.4073334000459302,0.4073334000459302,0.43782349911420193,0.46879062662624377,0.43782349911420193,0.4378234991142019,0.3775406687981454,0.4073334000459302,0.4073334000459302,0.46879062662624377,0.4687906266262437,0.46879062662624377,0.46879062662624377,0.5,0.4378234991142019
0.7549149923816048,0.00857748723528581,0.004070137294963264,0.003172682688587179,0.0035936019686550287,0.0035936019686550287,0.004070137294963264,0.005220125006811988,0.005911069042311205,0.006692850456827735,0.005911069042311205,0.004609572895136895,0.005220125623432879,0.005220125623432879,0.0046095723503026004,0.006692851243146353,0.005220125006811988,0.0046095723503026004,0.005220125623432879,0.005220125623432879,0.005220125623432879
0.8933094017937621,0.3208213073183839,0.2942149721629888,0.2689414330889797,0.2942149597859341,0.24508501313237172,0.2450850021044189,0.16451645675203383,0.2018132174596823,0.20181322466072713,0.2018132174596823,0.2450850186463482,0.29421498454004374,0.2942149597859341,0.2942149659744614,0.24508501313237174,0.24508500761839525,0.3208213073183839,0.2942149659744614,0.22270014398423355,0.2018132270610754
0.6513548646660542,0.24508501864634824,0.2689414272294874,0.2689414272294874,0.34864514210180597,0.34864514210180597,0.32082129433083023,0.3486451488696663,0.320821300824607,0.34864513533394575,0.3486451488696663,0.2942149721629888,0.24508500761839525,0.29421497216298875,0.32082130082460697,0.3208213138121609,0.3775406687981454,0.37754066879814546,0.3486451488696663,0.348645142101806,0.2942149721629888
0.9525741269907293,0.5,0.46879062662624377,0.40733340004593027,0.4073334000459302,0.3775406687981454,0.3775406687981454,0.37754066879814546,0.3775406758018019,0.40733340004593027,0.37754066879814546,0.4073334000459302,0.40733340004593027,0.40733340004593027,0.37754066879814546,0.4378234991142019,0.40733340004593027,0.3775406617944891,0.3486451488696663,0.40733340004593027,0.43782349911420193
0.7057850216484838,0.00857748723528581,0.002800926954764988,0.0024726226466751226,0.0019267347515319684,0.0021827164336820186,0.0021827164336820186,0.0024726226466751226,0.0021827164336820186,0.00280092662245403,0.003172682688587179,0.003172682688587179,0.003172682688587179,0.003172682688587179,0.0024726226466751226,0.003172682688587179,0.0031726830648641457,0.003172682688587179,0.0031726830648641457,0.0031726830648641457,0.002800927287075985
0.6513548714339145,0.3775406687981454,0.3208213073183839,0.2942149659744614,0.2942149597859341,0.2689414213699951,0.2942149721629888,0.2942149659744614,0.320821300824607,0.37754066879814546,0.3486451488696663,0.3486451488696663,0.3486451285660856,0.3486451285660856,0.32082130731838393,0.2450850021044189,0.2942149783515162,0.2689414330889798,0.348645142101806,0.32082131381216084,0.2942149659744614
0.7981867801399695,0.4073334000459302,0.4073334000459302,0.4073334000459302,0.4073334000459302,0.4378234991142019,0.4378234991142019,0.5,0.5,0.5312093733737563,0.5,0.5,0.46879062662624377,0.46879062662624377,0.46879062662624377,0.5,0.5312093733737562,0.5312093733737563,0.5,0.5621765008857981,0.5621765008857981
0.6791787056691697,0.22270013366638422,0.20181322946142374,0.13296423332632276,0.1480471999111614,0.1192029110704336,0.10669058684467357,0.0850990490675896,0.1329642384799526,0.14804719615221756,0.16451646289656316,0.14804719615221756,0.13296424191570594,0.16451647108926923,0.14804720554957732,0.10669060459711842,0.10669059252545564,0.1329642384799526,0.14804719239327382,0.16451646699291614,0.14804720367010532
0.9046505254608136,0.025957357291985502,0.010986941517397082,0.012431649138094194,0.009708475845744208,0.010986944077748277,0.012431651813637232,0.012431650361526197,0.010986941284637912,0.010986943905708849,0.008577487124407392,0.010986942569873391,0.010986942569873391,0.012431650292922529,0.012431653254314489,0.010986941345357696,0.008577486158181241,0.009708474574284616,0.0075772418141248086,0.009708474574284616,0.008577486126501697
0.8175744695262775,0.0031726830648641457,0.0019267349803263828,0.0024726226466751226,0.0024726226466751226,0.003172682313046611,0.004070137294963264,0.0046095723503026004,0.005911068344558451,0.005911068344558451,0.005220125006811988,0.005220125006811988,0.005220125006811988,0.005911069042311205,0.006692850456827735,0.008577485223634738,0.006692850456827735,0.005911068344558451,0.0046095723503026004,0.005911068344558451,0.005220125006811988
0.8807970748488297,0.022977371917159397,0.009708475845744208,0.008577485223634738,0.008577485223634738,0.008577485223634738,0.00970847470859372,0.015906395064834336,0.012431649138094194,0.014063627960109055,0.014063629587219217,0.014063629587219217,0.012431650578771145,0.010986944077748277,0.010986944077748277,0.014063629587219217,0.014063624602580737,0.014063624602580737,0.014063624602580737,0.015906393111335865,0.015906393111335865
0.9669140186318741,0.008577485223634738,0.0024726226466751226,0.0017007227830237591,0.0017007227830237591,0.0015011823506170627,0.0013250225150339763,0.0019267347515319684,0.0024726235293418383,0.0024726226466751226,0.003172682688587179,0.003172682688587179,0.003172682688587179,0.0024726235293418383,0.0024726226466751226,0.0024726226466751226,0.002800926954764988,0.0024726226466751226,0.002800926954764988,0.0019267349803263828,0.0017007227830237591
0.6224593312018546,0.32082131381216084,0.34864513533394575,0.40733340004593027,0.43782349911420193,0.5,0.46879062662624377,0.43782349911420193,0.4073334000459302,0.4073334000459302,0.43782349911420193,0.4378234991142019,0.40733340004593027,0.37754066879814546,0.5,0.46879062662624377,0.5,0.5312093733737563,0.5312093733737563,0.5,0.46879062662624377
0.6513548646660543,0.29421498454004374,0.29421497216298875,0.2689414330889797,0.24508501864634827,0.24508501313237172,0.2689414330889797,0.29421498454004374,0.3208213073183839,0.3486451285660856,0.320821300824607,0.2942149659744614,0.2942149783515162,0.26894141551050293,0.24508500761839527,0.20181322466072713,0.20181322466072713,0.2689414096510109,0.24508501313237172,0.2689414272294874,0.26894141551050293
0.9706877688776584,0.320821300824607,0.320821300824607,0.2942149597859341,0.2942149721629888,0.32082131381216084,0.2942149721629888,0.2942149597859341,0.348645142101806,0.34864513533394575,0.37754066179448903,0.32082131381216084,0.320821300824607,0.3775406687981454,0.32082129433083023,0.2942149659744614,0.2942149659744614,0.3486451488696663,0.4378234991142019,0.43782349911420193,0.4687906266262437
0.8933094152856196,0.2689414272294874,0.22270013882530884,0.22270013366638422,0.22270013366638422,0.20181323186177208,0.16451645880021026,0.13296425050508953,0.1329642384799526,0.16451646289656316,0.16451645880021026,0.20181322946142372,0.18242551936144574,0.18242551491653522,0.22270013366638425,0.22270014398423357,0.2018132198600306,0.1329642316084462,0.16451645675203383,0.16451645470385742,0.18242552602881168
0.8354835371034368,0.2942149659744614,0.3208212943308302,0.32082128783705344,0.22270013366638422,0.16451646904109266,0.24508502416032485,0.22270013882530887,0.2689414272294874,0.3208213138121609,0.32082128783705344,0.3486451217982255,0.26894141551050293,0.2942149783515162,0.3208212943308302,0.2689414272294874,0.20181321986003056,0.22270013882530884,0.24508501864634824,0.26894141551050293,0.22270014914315836
0.6224593312018546,0.03308597457504462,0.037326883863690125,0.025957357150702527,0.010986944077748277,0.010986944077748277,0.010986942792512623,0.009708478120045582,0.014063624602580737,0.015906391274464377,0.010986944077748277,0.00970847698289483,0.01098694018156191,0.015906393111335865,0.014063624602580737,0.01098694018156191,0.012431653471559487,0.015906393111335865,0.017986211574159975,0.017986211574159975,0.012431649069490534
0.8933094046341532,0.02595735423085459,0.009708475845744208,0.010986941456677298,0.005911069737327755,0.009708475845744208,0.008577486229460215,0.008577486229460215,0.009708475845744208,0.012431649138094194,0.010986944077748277,0.012431652030882206,0.009708475845744208,0.010986944077748277,0.009708475845744208,0.010986942792512623,0.006692852029465064,0.008577486229460215,0.007577240087790639,0.006692851243146353,0.008577486229460215
0.679178699175393,0.012431652030882206,0.0052201262400538425,0.004609571252087787,0.004609572895136895,0.005911069042311205,0.005911069737327755,0.006692851243146353,0.007577241894663736,0.008577486229460215,0.008577486229460215,0.007577242784093672,0.006692851243146353,0.006692852029465064,0.005911069042311205,0.008577486229460215,0.007577242784093672,0.005911069042311205,0.005911069042311205,0.0052201262400538425,0.005911069737327755
0.7549149868676284,0.03308598136812592,0.03308597767364294,0.015906393111335865,0.012431652030882206,0.012431653471559487,0.012431653471559487,0.012431651882240909,0.014063629393515617,0.015906394714953996,0.01798621335072534,0.012431650441563809,0.01243165333435212,0.012431651882240909,0.020332354789634202,0.012431651882240909,0.012431650441563809,0.012431651882240909,0.017986207001149935,0.022977368697382376,0.01590639089542743
0.7981867705385762,0.18242552380635635,0.22270013882530887,0.24508501864634824,0.24508500761839525,0.32082128783705344,0.3486451217982255,0.37754066879814546,0.37754066879814546,0.4378234991142019,0.3775406617944891,0.3775406687981454,0.3486451353339457,0.3208213073183839,0.3486451285660856,0.3486451353339457,0.4073334000459302,0.4073334000459302,0.4378234991142019,0.46879062662624377,0.43782349911420193
0.7310585727705126,0.29421498454004374,0.2689414213699951,0.20181322466072713,0.10669059252545564,0.09534946875514018,0.08509903746596331,0.1192029188930649,0.10669059252545564,0.13296424191570594,0.1329642384799526,0.1066906024668249,0.10669058968506456,0.14804719615221756,0.13296423504419935,0.09534947453918644,0.09534945590170513,0.09534946489910949,0.09534945782972029,0.09534946682712482,0.09534946489910949
0.5621765008857981,0.08509904152653236,0.037326883863690125,0.037326883863690125,0.033085981844833426,0.025957357150702527,0.037326883863690125,0.047425870989716595,0.047425876543490335,0.047425870989716595,0.037326883863690125,0.033085981844833426,0.033085981606479666,0.029312231758316185,0.042087724160866216,0.047425876038601794,0.042087724160866216,0.037326887879581695,0.042087724160866216,0.033085981844833426,0.04208772881675952
0.8807970654616711,0.5312093733737563,0.5,0.5,0.5312093733737563,0.5312093733737563,0.5312093733737563,0.6224593312018545,0.6791786861878392,0.6791786861878392,0.6791787056691698,0.6791786861878392,0.6513548714339145,0.651354857898194,0.5926665999540698,0.5926665999540698,0.5926665999540698,0.679178699175393,0.651354857898194,0.7310585727705126,0.7057850402140659
0.9669140225647108,0.320821300824607,0.2942149659744614,0.2689414213699951,0.22270014914315833,0.2018132246607271,0.24508500761839527,0.16451646494473965,0.1480471999111614,0.16451646289656316,0.11920291419948607,0.14804719803168945,0.11920292202211755,0.13296424535145931,0.18242552825126704,0.16451646289656316,0.18242552825126704,0.20181323186177208,0.13296422989056966,0.13296424535145931,0.10669060459711842
0.705785040214066,0.08509904616718289,0.0420877295677101,0.025957357291985502,0.025957357291985502,0.02595735423085459,0.02931222863144092,0.0420877295677101,0.037326887879581695,0.033085978269527264,0.03308597791199667,0.04208772881675952,0.03308597791199667,0.033085981844833426,0.037326887879581695,0.04208772461143651,0.047425876543490335,0.047425870989716595,0.042087729267329864,0.047425870989716595,0.047425876038601794
0.8175744739711883,0.320821300824607,0.3486451353339457,0.2942149659744614,0.2689414213699951,0.24508501864634824,0.26894142136999516,0.26894142722948733,0.32082130731838393,0.3775406687981454,0.3486451217982255,0.320821300824607,0.3486451353339457,0.3486451285660856,0.3775406617944891,0.29421498454004374,0.2689414330889797,0.3486451217982255,0.3208212943308302,0.3486451217982255,0.3486451285660856
0.651354857898194,0.1480472036701053,0.10669060175672707,0.08509903920620716,0.06754669207816587,0.06008665417142547,0.0850990490675896,0.0850990490675896,0.11920291419948607,0.0850990490675896,0.07585818367743735,0.07585817584273653,0.05340332810495603,0.04742587149460509,0.06754669113962912,0.060086647228542,0.06008664638698043,0.05340332810495603,0.05340332810495603,0.07585817427579646,0.053403333754516925
0.8807970842359877,0.4073334000459302,0.37754066879814546,0.4378234991142019,0.43782349911420193,0.4378234991142019,0.40733340004593027,0.4378234991142019,0.4073334000459302,0.5,0.5312093733737563,0.5926665999540698,0.5621765008857981,0.5,0.5312093733737563,0.5,0.5312093733737563,0.5312093733737563,0.5,0.5,0.5621765008857981
0.8354835350552604,0.24508500761839525,0.11920292984474948,0.09534946489910949,0.0534033331895608,0.04208772340991573,0.03308597743528921,0.029312231546324632,0.025957359929267797,0.029312231546324632,0.03308597767364294,0.04742586981164345,0.0373268831943749,0.037326883462100995,0.022977369199165775,0.029312231758316185,0.029312231758316185,0.025957359929267797,0.025957357009419556,0.037326883462100995,0.033085981606479666
0.8175744739711883,0.40733340004593027,0.4378234991142019,0.4687906266262437,0.43782349911420193,0.5,0.5312093733737562,0.5621765008857981,0.5926665999540698,0.6224593312018546,0.5926665999540698,0.5926665999540698,0.5312093733737563,0.5621765008857981,0.5621765008857981,0.5312093733737563,0.5621765008857982,0.5926665999540698,0.5621765008857981,0.5621765008857981,0.5621765008857981
0.7772998560157665,0.06754668738548217,0.037326883462100995,0.022977369199165775,0.01798621364681958,0.020332355160653567,0.02297737179171353,0.029312231758316185,0.025957357009419556,0.029312231758316185,0.029312231546324632,0.02595735682104226,0.022977369073719923,0.017986207297244074,0.025957356538476316,0.02931223112234153,0.04208773227113229,0.0373268904229799,0.04208772686428808,0.04208773227113229,0.0373268904229799
0.962673116537899,0.4687906266262437,0.4073334000459302,0.3775406687981454,0.4073334000459302,0.3775406687981454,0.320821300824607,0.320821300824607,0.2942149659744614,0.2942149845400438,0.3486451285660856,0.3208213073183839,0.4073334000459302,0.4073334000459302,0.3775406687981454,0.3486451217982255,0.3775406687981454,0.43782349911420193,0.29421498454004374,0.32082130082460697,0.37754066179448903
0.9149009532527358,0.2942149721629888,0.34864514886966624,0.37754066879814546,0.4687906266262437,0.5,0.5312093733737563,0.5312093733737563,0.5312093733737563,0.5,0.5,0.4073334000459302,0.4073334000459302,0.40733340004593027,0.4687906266262437,0.5,0.5312093733737563,0.5621765008857981,0.5312093733737563,0.5312093733737562,0.46879062662624377
0.9579122689303887,0.008577486229460215,0.0021827166928070725,0.0024726226466751226,0.0021827166928070725,0.0019267349803263828,0.0019267349803263828,0.0021827166928070725,0.002800926954764988,0.002800926954764988,0.003172682688587179,0.004070137294963264,0.0040701377762990525,0.0035936019686550287,0.004070137294963264,0.004070137294963264,0.003172682688587179,0.0035936019686550287,0.003172682688587179,0.0035936023938389376,0.0031726830648641457
0.6224593312018546,0.015906392994709095,0.0059110683281407405,0.0031726823078921332,0.002182716949396686,0.0021827164291181728,0.0024726235235990475,0.003172682303474009,0.0040701382481969405,0.004609572341756182,0.0040701382481969405,0.004609572886590475,0.0040701382481969405,0.004609571786238929,0.005911067616706645,0.005911067616706645,0.007577241842138349,0.006692851199805954,0.007577241842138349,0.007577241842138349,0.007577242731568279
0.6513548714339145,0.18242552602881168,0.11920291263495983,0.11920292671569666,0.10669058968506456,0.08509905312815914,0.08509903630580076,0.09534946682712482,0.09534945782972029,0.11920292671569666,0.10669058258408719,0.09534946104307897,0.09534947261117098,0.09534947261117098,0.10669058471438037,0.09534946297109421,0.10669058471438037,0.10669059749614017,0.10669058755477132,0.10669058968506456,0.10669059749614017
0.7549149813536518,0.014063629587219217,0.005220125623432879,0.005220125623432879,0.0035936023938389376,0.0031726830648641457,0.0040701377762990525,0.004609571252087787,0.004609571252087787,0.005220125623432879,0.004609572895136895,0.0040701377762990525,0.0035936023938389376,0.003593602819022897,0.0040701377762990525,0.0035936023938389376,0.0031726830648641457,0.0035936023938389376,0.003593602819022897,0.003593602819022897,0.003172683440404803
0.8354835391516133,0.40733340004593027,0.4073334000459302,0.4073334000459302,0.3775406687981454,0.37754066179448903,0.37754066179448903,0.4073334000459302,0.4378234991142019,0.4687906266262437,0.5,0.5,0.4687906266262437,0.4687906266262437,0.5,0.5,0.4378234991142019,0.4378234991142019,0.4687906266262437,0.46879062662624377,0.46879062662624377
0.9465966686936262,0.3775406687981454,0.2942149597859341,0.20181322706107543,0.1824255304737224,0.16451646699291614,0.11920293453832884,0.14804720554957732,0.16451646289656316,0.20181322466072713,0.20181321745968234,0.18242551713899047,0.11920291107043361,0.1480472055495773,0.1329642316084462,0.14804719427274568,0.16451646084838673,0.18242552158390105,0.24508500210441886,0.20181321745968234,0.22270014398423355
0.8807970764133561,0.3208213073183839,0.3208213073183839,0.2942149659744614,0.34864513533394575,0.3208212943308302,0.2942149721629888,0.2689414272294874,0.22270014398423355,0.18242552602881168,0.16451646494473962,0.2018132198600306,0.2227001491431584,0.3208213073183839,0.32082131381216084,0.29421498454004374,0.24508502416032488,0.34864514886966624,0.32082131381216084,0.24508501864634824,0.2450850186463482
0.798186775339273,0.13296425394084313,0.08509904616718289,0.07585818211049714,0.07585818211049714,0.060086653540254206,0.060086653540254206,0.060086653540254206,0.06008664638698043,0.06754669817865513,0.08509904790742692,0.06754669817865513,0.05340332810495603,0.06754669817865513,0.07585817427579646,0.07585818211049714,0.06008664638698043,0.08509903746596331,0.08509904790742692,0.10669059465574898,0.08509903746596331
0.9770226282082864,0.679178699175393,0.5926665999540698,0.5926665999540698,0.5621765008857981,0.5926665999540698,0.5621765008857981,0.5312093733737562,0.5,0.5312093733737562,0.5621765008857982,0.6224593241981982,0.6224593241981982,0.6224593312018546,0.6224593312018545,0.6224593241981982,0.6224593241981982,0.6791786861878392,0.6224593312018546,0.5926665999540698,0.6224593382055109
0.9579122711832405,0.4378234991142019,0.4073334000459302,0.4073334000459302,0.4073334000459302,0.4073334000459302,0.4073334000459302,0.43782349911420193,0.43782349911420193,0.46879062662624377,0.5312093733737562,0.5312093733737562,0.5312093733737562,0.5312093733737563,0.5,0.46879062662624377,0.43782349911420193,0.4687906266262437,0.4687906266262437,0.5,0.5312093733737563
0.9046505331728752,0.5312093733737563,0.4687906266262437,0.5,0.5312093733737563,0.5312093733737563,0.5621765008857981,0.5621765008857982,0.6513548714339144,0.6513548646660543,0.7057850278370112,0.7057850278370112,0.6513548646660543,0.679178699175393,0.6513548714339144,0.6513548714339145,0.5621765008857982,0.6224593312018545,0.7057850216484838,0.7057850216484838,0.7549149813536518
0.7772998611746912,0.3486451285660856,0.32082129433083023,0.3208212943308302,0.32082130082460697,0.37754066179448903,0.40733340004593027,0.3775406687981454,0.4378234991142019,0.4378234991142019,0.3775406687981454,0.40733340004593027,0.40733340004593027,0.37754066879814546,0.2942149597859341,0.2942149659744614,0.32082130082460697,0.2942149783515163,0.37754066879814546,0.3775406687981454,0.3775406687981454
0.9669140225647108,0.5621765008857981,0.5926665999540698,0.5926665999540698,0.5312093733737563,0.5,0.5,0.5312093733737563,0.5312093733737563,0.5926665999540698,0.5621765008857982,0.5621765008857981,0.5621765008857981,0.5926665999540698,0.5621765008857982,0.5621765008857981,0.5312093733737563,0.5,0.46879062662624377,0.5,0.5621765008857981
0.9046505331728752,0.02297736945005748,0.00970847470859372,0.010986941517397082,0.009708475845744208,0.008577485223634738,0.010986942792512623,0.00970847470859372,0.014063627960109055,0.015906395064834336,0.01798620742884147,0.0159063894375931,0.0159063894375931,0.020332352934537494,0.015906395064834336,0.01406362632008551,0.012431653551597116,0.010986941517397082,0.014063627960109055,0.014063627960109055,0.014063627960109055
0.5621765008857981,0.13296423504419935,0.13296423504419935,0.11920292202211756,0.13296424363358259,0.13296423676207597,0.1192029235866439,0.16451645880021026,0.16451645880021026,0.2018132270610754,0.14804719615221756,0.13296422989056964,0.1480471999111614,0.13296424878721277,0.13296423676207597,0.09534947518185825,0.11920292671569666,0.14804719239327382,0.13296423676207597,0.18242551713899047,0.1480471999111614
0.6224593312018546,0.08509904442693891,0.09534946875514018,0.09534947132582736,0.10669058471438037,0.10669058471438037,0.10669058471438037,0.10669058471438037,0.11920291263495983,0.11920292984474948,0.13296424706933604,0.10669058755477132,0.11920291732853862,0.09534947261117098,0.1192029235866439,0.1192029235866439,0.13296423504419935,0.1480471999111614,0.18242551936144574,0.18242552602881168,0.18242551936144574
0.8519528000888386,0.13296423504419935,0.10669059536584677,0.11920293140927593,0.09534946104307897,0.10669058258408719,0.1066906003365314,0.13296423847995262,0.14804719803168948,0.1824255304737224,0.13296423847995262,0.11920293140927592,0.14804719239327382,0.10669059252545562,0.1192029235866439,0.16451646494473962,0.14804720554957732,0.16451645675203386,0.14804719615221756,0.16451646904109268,0.16451646289656316
0.9669140230414183,0.18242552158390102,0.10669060459711842,0.08509904616718289,0.06008664638698043,0.07585818211049714,0.0534033331895608,0.042087724160866216,0.025957360070550783,0.037326887879581695,0.033085978269527264,0.037326883863690125,0.03308597791199667,0.042087724160866216,0.05340332753999996,0.029312228472447265,0.037326883462100995,0.042087723860486016,0.033085981606479666,0.03308597791199667,0.029312231758316185
0.817574471748733,0.22270014914315833,0.22270013882530887,0.16451646699291617,0.11920291419948607,0.09534946361376598,0.11920291732853862,0.13296425222296632,0.18242552380635635,0.2018132246607271,0.1480472036701053,0.16451646699291617,0.16451646289656316,0.16451646494473965,0.13296424191570594,0.10669059252545564,0.11920292984474948,0.13296424191570594,0.1192029188930649,0.14804720367010532,0.13296425394084313
0.9740426402120151,0.5621765008857981,0.37754067580180184,0.3775406687981454,0.320821300824607,0.2942149659744614,0.32082128783705344,0.26894141551050293,0.26894141551050293,0.3208213008246071,0.2942149659744614,0.2689414330889797,0.29421498454004374,0.3208213138121609,0.3486451217982255,0.348645142101806,0.348645142101806,0.32082129433083023,0.3775406687981454,0.3775406617944891,0.320821300824607
0.8807970764133561,0.43782349911420193,0.46879062662624377,0.43782349911420193,0.5,0.5,0.5312093733737562,0.6224593312018546,0.6791787056691698,0.6791787056691698,0.7057850278370111,0.651354857898194,0.6224593312018546,0.6513548646660543,0.6224593312018545,0.6513548782017745,0.7057850340255386,0.7310585844894971,0.7310585669110202,0.7772998560157665,0.7549149923816048
0.9740426436499009,0.16451647108926923,0.09534947132582736,0.08509903746596331,0.06754669817865513,0.07585818211049714,0.053403333754516925,0.042087729267329864,0.033085981844833426,0.033085978865411605,0.037326888548896986,0.04208772851637929,0.033085976362697465,0.04742587805815601,0.05340333563770401,0.022977367610185033,0.04208773242132242,0.042087731219801416,0.03308598053388779,0.03308597838870413,0.0293122283664515
0.8933094025038598,0.16451645675203383,0.09534945782972029,0.09534945975773548,0.07585817427579646,0.06754669817865513,0.08509903746596331,0.08509903630580076,0.10669060459711842,0.11920292202211755,0.10669059465574898,0.10669059536584677,0.09534945911506375,0.10669060317692271,0.09534947068315557,0.07585817479810981,0.11920292045759123,0.11920293140927592,0.1329642436335826,0.11920293140927592,0.14804719239327382
0.8670357563664174,0.0850990490675896,0.10669058684467357,0.0850990490675896,0.10669059678604235,0.07585817427579646,0.060086653540254206,0.05340332923486816,0.04208772686428808,0.037326886273225016,0.037326886273225016,0.047425873514159125,0.06008665417142547,0.07585818733363134,0.09534946875514017,0.06754668503914042,0.05340332923486816,0.06754669207816587,0.07585818367743737,0.07585817584273653,0.060086648701274795
0.8519528000888387,0.2689414272294874,0.29421497216298875,0.20181322466072713,0.13296424535145931,0.09534945975773548,0.10669059678604235,0.13296423332632276,0.14804719615221756,0.20181323186177208,0.24508501864634824,0.20181321986003056,0.16451646494473965,0.20181321745968234,0.22270014398423357,0.1329642384799526,0.1329642384799526,0.16451646289656316,0.18242551491653522,0.20181322466072713,0.1480471942727457
0.7549149813536518,0.18242551491653522,0.10669059252545564,0.1066906024668249,0.08509904442693891,0.06754668832401889,0.08509904964767097,0.10669058258408719,0.13296423504419935,0.11920293140927592,0.10669059252545562,0.10669060317692271,0.11920291419948609,0.10669059252545562,0.10669060317692271,0.13296423847995262,0.10669059536584677,0.13296424019782926,0.13296424363358259,0.14804719991116141,0.10669060317692271
0.5312093733737563,0.007577242784093672,0.0046095723503026004,0.003172682688587179,0.003172682688587179,0.00280092662245403,0.004070137294963264,0.004070137294963264,0.005220125006811988,0.005911068344558451,0.004609572895136895,0.004070137294963264,0.0040701377762990525,0.004609572895136895,0.005220125623432879,0.005220125623432879,0.0035936023938389376,0.0040701377762990525,0.0035936023938389376,0.0031726830648641457,0.002800927287075985
0.817574478416099,0.24508500761839525,0.1645164608483867,0.1066905854244781,0.06754669817865513,0.047425873514159125,0.04208773136999154,0.03732688667481418,0.04742587856304458,0.06008665332986379,0.06008665332986379,0.06008664617659002,0.04208772596314744,0.04742587755326745,0.06754669630158146,0.05340332810495602,0.053403326786725235,0.06008665564415842,0.04742587149460509,0.05340332810495602,0.06008665396103505
0.914900957313305,0.32082131381216084,0.22270014398423357,0.22270014398423355,0.14804719615221756,0.11920291576401235,0.13296425394084313,0.10669060459711842,0.1192029188930649,0.16451646494473965,0.20181321986003056,0.18242552602881168,0.1480471999111614,0.09534946489910949,0.09534945782972029,0.11920292671569666,0.10669058755477132,0.09534946489910949,0.11920292671569666,0.11920292984474948,0.18242552602881168
0.5926665999540698,0.13296424535145931,0.07585818367743735,0.07585817584273653,0.07585817584273653,0.07585817584273653,0.10669058684467357,0.0953494732538428,0.09534946168575072,0.10669059678604235,0.0953494732538428,0.08509904790742692,0.09534945975773548,0.07585817427579646,0.07585818367743735,0.10669059678604235,0.08509903920620716,0.10669058471438037,0.10669058471438037,0.10669058471438037,0.08509903746596331
0.8519528000888386,0.14804719615221756,0.1192029110704336,0.1192029110704336,0.1192029110704336,0.11920292202211755,0.11920292515117027,0.13296423676207597,0.1329642487872128,0.1066905996264336,0.08509903920620716,0.09534946168575072,0.09534947132582736,0.09534946168575072,0.0850990490675896,0.10669059678604235,0.11920291419948607,0.13296423676207597,0.1480471999111614,0.14804719803168945,0.14804719803168945
0.5926665999540697,0.022977371582637088,0.006692851221476155,0.004070137285525308,0.002800926619202455,0.002182716172021526,0.0031726823078921332,0.003593603244206906,0.0059110683281407405,0.005220126854256757,0.005220125611342273,0.005220124994721384,0.0059110683281407405,0.006692852010890605,0.0059110697209100406,0.006692851221476155,0.0059110683281407405,0.006692851221476155,0.006692852010890605,0.008577484178209957,0.008577486189860786
0.817574471748733,0.014063626229690516,0.005911069042311205,0.0052201262400538425,0.0035936023938389376,0.0031726830648641457,0.003593602819022897,0.0035936023938389376,0.0040701377762990525,0.0052201262400538425,0.004609572895136895,0.004609571252087787,0.0052201262400538425,0.005220125623432879,0.004609572895136895,0.005911069737327755,0.004609572895136895,0.004070138257634899,0.0031726830648641457,0.0040701377762990525,0.0040701377762990525
0.8354835289107309,0.3775406687981454,0.43782349911420193,0.34864514210180597,0.3775406687981454,0.3775406687981454,0.3486451285660856,0.43782349911420193,0.4378234991142019,0.4687906266262437,0.4687906266262437,0.43782349911420193,0.46879062662624377,0.46879062662624377,0.4378234991142019,0.40733340004593027,0.4073334000459302,0.46879062662624377,0.4378234991142019,0.46879062662624377,0.4378234991142019
0.8670357683915538,0.4687906266262437,0.5621765008857982,0.5926665999540698,0.5621765008857981,0.5621765008857982,0.5312093733737562,0.5926665999540698,0.5926665999540698,0.6224593312018545,0.6791786861878392,0.6513548511303338,0.5926665999540698,0.6224593312018546,0.651354857898194,0.5926665999540698,0.5621765008857982,0.5621765008857982,0.5621765008857981,0.5621765008857981,0.6224593312018546
0.817574478416099,0.4687906266262437,0.3775406687981454,0.3775406687981454,0.3486451217982255,0.3486451285660856,0.34864513533394575,0.4073334000459302,0.40733340004593027,0.43782349911420193,0.4073334000459302,0.37754066179448914,0.37754066179448914,0.40733340004593027,0.37754066879814546,0.3775406687981454,0.3775406758018019,0.40733340004593027,0.4687906266262437,0.4378234991142019,0.4073334000459302
0.8175744806385542,0.3486451285660856,0.4073334000459302,0.4073334000459302,0.3775406687981454,0.5,0.5312093733737563,0.5312093733737563,0.5312093733737563,0.5312093733737563,0.5,0.5,0.5312093733737563,0.46879062662624377,0.5,0.5,0.5,0.5,0.5,0.5621765008857981,0.5
0.8933094174159127,0.6791786861878392,0.679178699175393,0.7057850278370112,0.7310585786300049,0.7310585844894971,0.6791786861878392,0.7057850340255386,0.6791786861878392,0.7057850402140659,0.7772998560157665,0.7772998611746911,0.7981867729389245,0.7981867801399694,0.7772998560157665,0.798186775339273,0.7981867801399695,0.7981867753392728,0.7772998508568416,0.817574478416099,0.8175744828610095
0.8670357563664174,0.348645142101806,0.2942149659744614,0.24508501864634824,0.18242552602881168,0.14804720179063333,0.18242552602881168,0.13296425394084313,0.16451646699291614,0.18242552158390102,0.18242552158390102,0.18242551491653522,0.18242552158390102,0.16451646494473965,0.13296422989056966,0.14804720179063333,0.11920292671569666,0.13296425394084313,0.16451646289656316,0.16451646699291614,0.18242551491653522
0.6224593241981982,0.18242552380635635,0.18242552825126704,0.20181323186177208,0.22270013366638422,0.2450850021044189,0.2689414096510108,0.26894142722948733,0.26894142722948733,0.29421497216298875,0.2689414213699951,0.26894141551050293,0.2689414330889797,0.2942149659744614,0.2942149659744614,0.2942149659744614,0.3486451353339457,0.3486451217982255,0.32082128783705344,0.320821300824607,0.2942149721629888
0.7981867801399694,0.4687906266262437,0.37754067580180184,0.4073334000459302,0.37754067580180184,0.4073334000459302,0.40733340004593027,0.5,0.46879062662624377,0.46879062662624377,0.43782349911420193,0.43782349911420193,0.46879062662624377,0.4378234991142019,0.4378234991142019,0.4378234991142019,0.40733340004593027,0.46879062662624377,0.5312093733737563,0.5,0.46879062662624377
0.7549149758396752,0.16451645675203383,0.14804720179063333,0.11920292515117027,0.06008664638698043,0.037326888281170874,0.0420877295677101,0.03308597457504462,0.04208772461143651,0.06008665185713089,0.05340332678672523,0.060086651015569245,0.04742586981164345,0.042087723860486016,0.06754669630158146,0.0534033331895608,0.037326887879581695,0.047425870484828096,0.05340333243628599,0.047425870484828096,0.03732688761185558
0.817574471748733,0.320821300824607,0.3486451353339457,0.37754066879814546,0.3486451285660856,0.32082130731838393,0.3208213073183839,0.37754066879814546,0.46879062662624377,0.4378234991142019,0.4073334000459302,0.37754066879814546,0.4378234991142019,0.4073334000459302,0.3486451217982255,0.3486451353339457,0.4073334000459302,0.3775406687981454,0.37754066879814546,0.4073334000459302,0.4073334000459302
0.7981867801399694,0.012431652030882206,0.0035936019686550287,0.002800926954764988,0.0021827166928070725,0.002800926954764988,0.003172682688587179,0.004609572895136895,0.004609572895136895,0.005911069042311205,0.005911069042311205,0.0040701377762990525,0.0040701377762990525,0.0040701377762990525,0.0040701377762990525,0.005220125623432879,0.0040701377762990525,0.0040701377762990525,0.004609572895136895,0.004609572895136895,0.0035936023938389376
0.6513548646660543,0.18242552825126704,0.18242551713899047,0.20181321745968234,0.24508501313237172,0.22270014398423357,0.24508501864634824,0.22270013366638422,0.2450850131323717,0.24508501313237172,0.24508500761839525,0.20181323186177208,0.16451645470385745,0.22270013366638422,0.2689414096510108,0.2450850131323717,0.24508500761839525,0.2689414096510108,0.2689414096510108,0.22270014398423357,0.22270014914315833
0.8519528019683105,0.5621765008857981,0.5312093733737563,0.5926665999540697,0.5621765008857981,0.5926665999540698,0.679178686187839,0.7057850340255386,0.7057850340255386,0.7057850216484838,0.705785040214066,0.7057850278370112,0.731058584489497,0.679178686187839,0.7057850340255386,0.7057850340255386,0.7310585727705127,0.7310585727705127,0.7549149923816048,0.7310585727705127,0.731058584489497
0.979667647362278,0.43782349911420193,0.37754067580180184,0.34864513533394575,0.3208212943308302,0.29421498454004374,0.3486451285660856,0.2942149783515162,0.3486451285660856,0.37754066179448903,0.3775406687981454,0.37754066179448903,0.3775406687981454,0.34864514210180597,0.3486451488696663,0.34864514210180597,0.2689414096510109,0.34864514210180597,0.34864513533394575,0.4073334000459302,0.43782349911420193
0.9241418137109955,0.2942149783515162,0.2689414213699951,0.24508502416032488,0.20181322946142374,0.16451646289656316,0.20181322226037884,0.18242552825126704,0.18242552380635635,0.22270013882530887,0.22270013882530887,0.24508500761839527,0.22270014914315833,0.2018132246607271,0.22270014914315833,0.18242552380635635,0.1480471999111614,0.16451646289656316,0.18242551713899047,0.22270012850745968,0.24508502416032488
0.7057850216484838,0.05340332396194506,0.0259573580454947,0.01798621318622854,0.014063624318482222,0.01098694263059318,0.015906392878082327,0.01798621335072534,0.020332354789634202,0.015906394831580777,0.017986207132747328,0.020332352452212373,0.015906392878082327,0.017986207132747328,0.020332354975143883,0.025957356350099027,0.025957359317041524,0.025957356350099027,0.025957359317041524,0.02595735945832451,0.025957359317041524
0.9149009486120849,0.46879062662624377,0.4073334000459302,0.3486451217982255,0.4073334000459302,0.4073334000459302,0.5,0.5,0.5312093733737562,0.5312093733737563,0.5,0.5312093733737562,0.43782349911420193,0.43782349911420193,0.4073334000459302,0.5,0.5312093733737563,0.5621765008857982,0.5926665999540698,0.5926665999540698,0.6224593312018546
0.8175744695262775,0.022977372042605262,0.008577485223634738,0.006692850456827735,0.007577242784093672,0.007577241894663736,0.00857748723528581,0.01098694018156191,0.014063624602580737,0.012431649138094194,0.012431650578771145,0.009708475845744208,0.00857748723528581,0.00857748723528581,0.007577242784093672,0.010986942792512623,0.00970847698289483,0.008577486229460215,0.008577486229460215,0.009708475845744208,0.008577486229460215
0.8354835330070838,0.4687906266262437,0.46879062662624377,0.5,0.46879062662624377,0.4378234991142019,0.4687906266262437,0.5312093733737563,0.5926665999540698,0.5926665999540698,0.5926665999540698,0.5926665999540698,0.6224593312018546,0.5926665999540698,0.5312093733737563,0.5312093733737562,0.5312093733737563,0.5312093733737563,0.5926665999540698,0.5621765008857982,0.5621765008857982
0.9796676448393464,0.2689414213699951,0.20181321745968234,0.13296423332632276,0.13296424535145931,0.10669058471438037,0.09534946168575072,0.10669059465574898,0.1192029110704336,0.10669058684467357,0.1329642487872128,0.1329642487872128,0.14804719803168945,0.16451646289656316,0.1329642487872128,0.10669058684467357,0.11920292515117027,0.14804720367010532,0.11920293297380237,0.14804719615221756,0.18242552825126704
0.9796676448393464,0.3775406687981454,0.3208213073183839,0.3208213073183839,0.2689414096510108,0.2942149845400438,0.24508501313237172,0.16451645470385745,0.13296423676207597,0.13296422989056964,0.1480472036701053,0.1480472036701053,0.11920291419948607,0.14804720179063333,0.18242552380635635,0.1329642487872128,0.16451646699291617,0.18242552380635635,0.16451645675203386,0.14804719615221756,0.11920292515117027
0.5621765008857981,0.03732688761185558,0.012431650578771145,0.005220125623432879,0.0040701377762990525,0.0031726830648641457,0.0035936023938389376,0.005911069737327755,0.006692852029465064,0.005911069042311205,0.0040701377762990525,0.004609572895136895,0.0040701377762990525,0.0031726830648641457,0.0040701377762990525,0.004609572895136895,0.0040701377762990525,0.005220125623432879,0.004609572895136895,0.006692852029465064,0.0052201262400538425
0.5926665999540698,0.007577241894663736,0.0046095723503026004,0.0035936019686550287,0.002800926954764988,0.002800926954764988,0.002800926954764988,0.004070137294963264,0.004070137294963264,0.005220125006811988,0.0046095723503026004,0.0046095723503026004,0.004070137294963264,0.0040701377762990525,0.004609572895136895,0.0040701377762990525,0.0040701377762990525,0.003172682688587179,0.0031726830648641457,0.003172682688587179,0.002800927287075985
0.7772998560157665,0.4073334000459302,0.4073334000459302,0.4378234991142019,0.3775406687981454,0.4378234991142019,0.5,0.4687906266262437,0.5,0.5621765008857982,0.5,0.5,0.5,0.46879062662624377,0.5,0.5312093733737563,0.5312093733737563,0.5621765008857981,0.5312093733737563,0.5621765008857981,0.5926665999540698
0.8933094003735664,0.3486451217982255,0.320821300824607,0.26894142136999516,0.2942149783515162,0.3208213073183839,0.32082130731838393,0.26894142136999516,0.24508501313237172,0.2227001285074597,0.18242551713899047,0.2227001388253088,0.2689414272294874,0.4378234991142019,0.4073334000459302,0.37754066879814546,0.3486451217982255,0.40733340004593027,0.3775406687981454,0.320821300824607,0.3208213073183839
0.6224593382055109,0.2689414330889797,0.24508501864634824,0.26894142722948733,0.2689414096510108,0.2689414096510108,0.32082128783705344,0.3486451353339457,0.37754067580180184,0.4073334000459302,0.37754066879814546,0.40733340004593027,0.37754066179448903,0.320821300824607,0.3208213138121609,0.320821300824607,0.3208213138121609,0.32082129433083023,0.37754066179448914,0.40733340004593027,0.3775406687981454
0.5926665999540697,0.13296422989056966,0.10669058684467357,0.11920292515117027,0.11920292515117027,0.10669058684467357,0.11920291576401235,0.09534946489910949,0.09534947261117098,0.10669058755477132,0.07585818367743737,0.06754669207816587,0.07585817584273653,0.08509903978628847,0.10669058968506456,0.1066906024668249,0.13296423504419935,0.1192029235866439,0.13296422817269313,0.11920292045759123,0.08509904848750825
0.8807970654616711,0.14804719803168945,0.1480471999111614,0.10669058684467357,0.10669058684467357,0.10669059678604235,0.10669058684467357,0.1329642487872128,0.14804720179063333,0.11920292515117027,0.11920292515117027,0.11920293297380237,0.09534947132582736,0.08509903920620716,0.10669059678604235,0.1329642487872128,0.13296423676207597,0.1480471999111614,0.1480471999111614,0.1480471999111614,0.16451645675203386
0.8933094103149355,0.26894141551050293,0.18242551713899047,0.1480471999111614,0.11920293297380237,0.10669058471438037,0.07585817584273653,0.08509903920620716,0.07585817584273653,0.06754669207816587,0.06754669113962912,0.07585817584273653,0.08509903920620716,0.10669058684467357,0.0953494732538428,0.06754669113962912,0.05340333450779175,0.07585817584273653,0.07585817427579646,0.060086647228542,0.06754669817865513
0.6513548646660543,0.22270014914315833,0.22270013366638422,0.22270014914315833,0.26894142722948733,0.24508501313237172,0.2942149659744614,0.26894141551050293,0.2689414213699951,0.2942149659744614,0.2942149721629888,0.2942149721629888,0.2689414213699951,0.3208213073183839,0.3486451353339457,0.32082128783705344,0.37754066879814546,0.37754067580180184,0.3486451285660856,0.3208212943308302,0.29421498454004374
0.9706877690366521,0.13296424706933604,0.047425875533713246,0.029312231546324632,0.029312228048464204,0.020332355049347755,0.020332355160653567,0.022977369199165775,0.020332352823231696,0.017986211574159975,0.025957360070550783,0.025957360070550783,0.03308597791199667,0.042087729267329864,0.033085981844833426,0.025957357150702527,0.025957360070550783,0.03732688761185558,0.029312231758316185,0.025957360070550783,0.033085981606479666
0.8519527944504227,0.1480472036701053,0.1329642316084462,0.11920291263495983,0.11920291263495983,0.11920292671569666,0.11920292671569666,0.14804720179063333,0.16451645880021026,0.14804720367010532,0.1192029188930649,0.11920291576401235,0.11920291263495983,0.1066906024668249,0.1329642384799526,0.14804720367010532,0.16451646289656316,0.18242551936144574,0.16451645675203383,0.16451645470385742,0.16451645675203383
0.8933094003735664,0.43782349911420193,0.43782349911420193,0.46879062662624377,0.5,0.5312093733737562,0.4378234991142019,0.5,0.4378234991142019,0.43782349911420193,0.46879062662624377,0.5,0.5312093733737562,0.5621765008857981,0.5312093733737563,0.5,0.5,0.5,0.4687906266262437,0.5,0.5621765008857981
0.5621765008857981,0.2689414213699951,0.22270013366638422,0.22270013366638422,0.24508500761839525,0.24508501313237172,0.24508500761839525,0.2942149783515162,0.32082128783705344,0.3208212943308302,0.2942149783515162,0.3208212943308302,0.2942149783515162,0.26894142722948733,0.26894142722948733,0.20181323186177208,0.24508501864634824,0.26894142722948733,0.26894142722948733,0.2942149845400438,0.2942149659744614
0.9770226310517259,0.6791786861878392,0.5926665999540698,0.5621765008857981,0.5,0.43782349911420193,0.43782349911420193,0.40733340004593027,0.40733340004593027,0.4073334000459302,0.4378234991142019,0.43782349911420193,0.46879062662624377,0.46879062662624377,0.5,0.40733340004593027,0.40733340004593027,0.46879062662624377,0.40733340004593027,0.3775406687981454,0.4073334000459302
0.8807970873650401,0.10669059678604235,0.10669058471438037,0.08509904616718289,0.10669059252545564,0.07585817323116975,0.06008665269869255,0.04208772881675952,0.037326887879581695,0.047425870484828096,0.05340332678672523,0.06754668926255561,0.07585817949893017,0.07585818837825821,0.08509904674726422,0.08509903804604459,0.07585817688736327,0.07585817479810981,0.08509903688588204,0.1192029235866439,0.13296422817269313
0.9740426431789577,0.6513548511303338,0.5926665999540698,0.6224593382055109,0.6224593312018546,0.5926665999540698,0.5926665999540698,0.5926665999540698,0.5621765008857982,0.5621765008857981,0.5312093733737563,0.5621765008857981,0.6224593312018546,0.6513548714339145,0.6224593312018546,0.622459324198198,0.6224593312018545,0.6513548511303338,0.6224593312018545,0.5926665999540697,0.5621765008857981
0.679178699175393,0.20181322466072713,0.1480472036701053,0.16451645470385745,0.1480472036701053,0.20181321745968234,0.22270014914315836,0.24508501864634827,0.2689414330889797,0.29421495978593415,0.2450850241603249,0.22270014398423355,0.22270014914315836,0.2227001388253088,0.24508500761839525,0.24508501864634824,0.22270013882530887,0.2689414096510109,0.2942149597859341,0.3775406687981454,0.320821300824607
0.9579122723847614,0.32082130082460697,0.29421497216298875,0.24508502416032488,0.18242552825126704,0.16451645675203386,0.14804720179063333,0.08509905138791503,0.06008665185713089,0.06754668832401889,0.06008665248830213,0.06008665248830213,0.06754668597767712,0.07585818628900447,0.11920292984474949,0.09534946040040722,0.06754668926255561,0.09534946297109421,0.09534946040040722,0.0850990438468576,0.053403324903538434
0.8933094152856196,0.2689414272294874,0.320821300824607,0.29421498454004374,0.32082128783705344,0.3775406687981454,0.4073334000459302,0.4073334000459302,0.4687906266262437,0.4687906266262437,0.43782349911420193,0.40733340004593027,0.320821300824607,0.34864514210180597,0.4073334000459302,0.4073334000459302,0.5,0.5312093733737562,0.5312093733737563,0.5312093733737563,0.4687906266262437
0.6513548646660542,0.20181323186177208,0.16451645675203386,0.14804719991116141,0.1329642419157059,0.13296424363358259,0.11920292828022305,0.18242551713899047,0.1480472055495773,0.2227001285074597,0.18242551713899047,0.18242551713899047,0.182425528251267,0.16451646904109266,0.14804720179063335,0.13296424535145931,0.16451646084838673,0.16451646289656316,0.22270012850745968,0.2018132246607271,0.18242552602881168
0.7057850340255386,0.22270013366638422,0.20181321745968234,0.18242551713899047,0.16451646494473965,0.1480472055495773,0.1480472055495773,0.1480472036701053,0.1480472036701053,0.22270014914315833,0.2018132246607271,0.18242552380635635,0.14804719803168945,0.18242551713899047,0.20181322226037884,0.18242551713899047,0.16451645880021026,0.1480471999111614,0.16451645880021026,0.20181321745968234,0.16451645880021026
0.5,0.10669059465574898,0.09534946168575072,0.08509903920620716,0.08509904790742692,0.0850990490675896,0.060086647228542,0.06754669113962912,0.06754669113962912,0.1192029110704336,0.07585817427579646,0.09534946168575072,0.08509904790742692,0.06754669724011829,0.06754669724011829,0.05340332753999996,0.06754669020109236,0.07585817427579646,0.07585818211049714,0.10669060459711842,0.07585817323116975
0.8354835371034368,0.006692852029465064,0.0035936019686550287,0.004070137294963264,0.003172682688587179,0.003172682688587179,0.004070137294963264,0.0046095723503026004,0.005220125006811988,0.005220125006811988,0.005220125006811988,0.005220125006811988,0.0035936019686550287,0.005220125623432879,0.005911068344558451,0.0046095723503026004,0.005911069042311205,0.005911069042311205,0.004070137294963264,0.004070137294963264,0.005220125623432879
0.6224593312018546,0.0024726232330138753,0.0009110512499786033,0.0009110512499786033,0.0009110512499786033,0.0009110512499786033,0.001325022199080471,0.0017007223774388998,0.0021827164311465485,0.002800927287075985,0.002182716172021526,0.0019267345209466272,0.002182716949396686,0.0024726226438037285,0.0024726226438037285,0.0028009269508630975,0.002472623526470443,0.0021827164311465485,0.0019267349787592978,0.0021827164311465485,0.0019267347499648834
0.9149009497722477,0.006692851221476155,0.0019267342921522673,0.0019267345209466272,0.0013250226726256359,0.0015011825291288126,0.0015011825291288126,0.0019267342921522673,0.003593602819022897,0.0035936023938389376,0.0024726229395573424,0.002800927287075985,0.0024726229395573424,0.0021827169519321567,0.0021827169519321567,0.002800927287075985,0.002800927287075985,0.002800927287075985,0.0024726229395573424,0.0024726229395573424,0.0028009276187367063
0.8519528038477825,0.22270012850745968,0.22270013882530887,0.24508501313237172,0.34864514210180597,0.37754066179448903,0.43782349911420193,0.5,0.4378234991142019,0.4378234991142019,0.4073334000459302,0.4073334000459302,0.4073334000459302,0.40733340004593027,0.40733340004593027,0.46879062662624377,0.46879062662624377,0.5,0.5312093733737563,0.5312093733737563,0.5
0.6791787056691698,0.007577242784093672,0.0035936019686550287,0.003172682688587179,0.0031726830648641457,0.0028009276187367063,0.004609572341756182,0.005220124994721384,0.0059110683281407405,0.005911069737327755,0.006692850435157538,0.005911069737327755,0.005220126854256757,0.004070136804189576,0.0052201262400538425,0.006692849648839014,0.006692852029465064,0.006692852029465064,0.004609571252087787,0.0052201262400538425,0.005911069737327755
0.7310585786300049,0.37754067580180184,0.37754066879814546,0.37754066879814546,0.3775406617944891,0.3486451285660856,0.3208212943308302,0.43782349911420193,0.46879062662624377,0.5,0.5,0.46879062662624377,0.5,0.46879062662624377,0.4378234991142019,0.37754067580180184,0.4073334000459302,0.4378234991142019,0.4378234991142019,0.46879062662624377,0.4378234991142019
0.5926665999540698,0.26894141551050293,0.22270013882530887,0.2689414330889797,0.24508501313237172,0.22270014914315833,0.2942149845400438,0.3208213073183839,0.3208213073183839,0.3486451217982255,0.3775406687981454,0.37754067580180184,0.3486451217982255,0.32082129433083023,0.3208213138121609,0.348645142101806,0.3486451285660856,0.3775406687981454,0.40733340004593027,0.40733340004593027,0.3775406687981454
0.9324533116759811,0.4687906266262437,0.3486451488696663,0.2689414096510109,0.24508500761839527,0.24508501313237172,0.18242551713899047,0.18242551713899047,0.22270013882530884,0.22270012850745968,0.26894141551050293,0.2689414213699951,0.22270013366638422,0.18242551713899047,0.16451645675203386,0.20181321745968234,0.16451645675203386,0.18242552602881168,0.20181322466072713,0.22270013366638422,0.24508502416032485
0.9626731126558705,0.24508501864634827,0.22270012850745968,0.18242551713899047,0.13296422989056966,0.14804720554957732,0.16451646494473965,0.11920292671569666,0.07585817949893017,0.06754669630158146,0.06754668926255561,0.060086644703857287,0.06754669630158146,0.07585818733363134,0.08509904268669496,0.07585817949893017,0.060086651015569245,0.09534946489910949,0.1192029235866439,0.09534947453918644,0.06008665017400762
0.9525741301883566,0.4378234991142019,0.40733340004593027,0.3775406687981454,0.34864512179822543,0.3486451217982255,0.3486451285660856,0.34864514886966624,0.34864513533394575,0.34864513533394575,0.37754066879814546,0.4073334000459302,0.4378234991142019,0.4687906266262437,0.43782349911420193,0.4687906266262437,0.40733340004593027,0.4073334000459302,0.3775406687981454,0.43782349911420193,0.4378234991142019
0.9046505440982948,0.017986213811316386,0.005911068344558451,0.006692851243146353,0.005911069042311205,0.005220125623432879,0.006692850456827735,0.005911068344558451,0.005911069042311205,0.007577241894663736,0.007577241894663736,0.005911069042311205,0.006692851243146353,0.005911069042311205,0.005220125623432879,0.0035936019686550287,0.0040701377762990525,0.005220125623432879,0.005220125623432879,0.005911069042311205,0.004609572895136895
0.9706877684536753,0.020332355346163247,0.008577485223634738,0.007577241894663736,0.005911069042311205,0.005911069042311205,0.007577242784093672,0.006692851243146353,0.006692851243146353,0.005911068344558451,0.006692851243146353,0.008577486229460215,0.007577241894663736,0.00970847698289483,0.009708475845744208,0.009708475845744208,0.008577486229460215,0.008577486229460215,0.007577240087790639,0.007577242784093672,0.00970847698289483
0.9241418126663686,0.1066906024668249,0.047425870989716595,0.025957360070550783,0.017986209501500604,0.017986209501500604,0.014063624602580737,0.012431650578771145,0.012431652030882206,0.01098694018156191,0.010986944017028478,0.010986944017028478,0.010986940120842134,0.01590638932096636,0.01798621364681958,0.017986211574159975,0.01590639494820756,0.017986207297244074,0.020332352637722033,0.015906393111335865,0.01798621364681958
0.8807970748488297,0.3486451285660856,0.2689414213699951,0.2018132198600306,0.1329642316084462,0.1329642316084462,0.10669058968506456,0.11920291263495983,0.13296423504419935,0.11920292984474948,0.14804719803168948,0.14804720554957732,0.11920292828022305,0.09534946297109421,0.11920293140927592,0.10669059536584677,0.10669058471438037,0.11920292045759123,0.1329642436335826,0.1329642316084462,0.11920293453832884
0.6513548646660543,0.22270014914315833,0.20181322226037884,0.18242551713899047,0.18242552380635635,0.16451646289656316,0.22270014398423357,0.22270013882530887,0.22270013882530887,0.2689414213699951,0.24508502416032488,0.22270012850745968,0.20181321745968234,0.20181322946142374,0.18242552825126704,0.13296422989056966,0.18242552825126704,0.20181323186177208,0.18242551713899047,0.2450850021044189,0.22270012850745968
0.7549149758396752,0.07585818837825821,0.047425870989716595,0.03308597791199667,0.022977369199165775,0.025957360070550783,0.025957360070550783,0.037326883462100995,0.042087729267329864,0.042087729267329864,0.03308597767364294,0.03308597767364294,0.0373268831943749,0.03732688761185558,0.03732688761185558,0.03732688761185558,0.042087724160866216,0.060086644703857287,0.060086651015569245,0.06754669395523942,0.07585818733363134
0.9149009602137116,0.320821300824607,0.18242552825126704,0.16451647108926923,0.14804720554957732,0.10669059465574898,0.10669059465574898,0.10669058471438037,0.08509903920620716,0.07585818367743735,0.10669059465574898,0.09534946875514018,0.10669059749614017,0.09534945590170513,0.06754668926255561,0.07585818837825821,0.08509905312815914,0.06754668832401889,0.06754669630158146,0.06754668926255561,0.06754668926255561
0.7310585669110202,0.07585817584273653,0.03732688734412946,0.029312231546324632,0.020332355160653567,0.020332352823231696,0.022977371917159397,0.037326887879581695,0.042087724160866216,0.037326883863690125,0.029312228472447265,0.033085981844833426,0.029312231758316185,0.029312228472447265,0.037326883863690125,0.037326883863690125,0.033085978269527264,0.037326883863690125,0.037326887879581695,0.047425870989716595,0.04208772881675952
0.7981867705385763,0.26894142136999516,0.29421497216298875,0.3486451285660856,0.32082128783705344,0.4073334000459302,0.4378234991142019,0.4378234991142019,0.4687906266262437,0.5312093733737563,0.5,0.5,0.43782349911420193,0.4378234991142019,0.4687906266262437,0.5,0.5312093733737563,0.5312093733737563,0.5312093733737563,0.5621765008857981,0.5312093733737563
0.6513548511303338,0.006692851243146353,0.002800926954764988,0.002800926954764988,0.0021827164336820186,0.0024726235293418383,0.0024726235293418383,0.0035936019686550287,0.004070137294963264,0.0035936032500427655,0.004070137294963264,0.0035936019686550287,0.003172682688587179,0.003172682688587179,0.003172682688587179,0.00280092662245403,0.003172682688587179,0.0046095723503026004,0.0035936019686550287,0.0035936019686550287,0.0024726226466751226
0.8175744828610095,0.4378234991142019,0.46879062662624377,0.4378234991142019,0.3775406687981454,0.4073334000459302,0.4073334000459302,0.5,0.5,0.5621765008857981,0.5,0.5,0.5312093733737563,0.5,0.4687906266262437,0.4378234991142019,0.4687906266262437,0.4687906266262437,0.4687906266262437,0.4687906266262437,0.5
0.6791786926816161,0.07585818837825821,0.047425876038601794,0.047425870989716595,0.037326888281170874,0.04208772461143651,0.04208772461143651,0.053403333754516925,0.06008664638698043,0.06008665269869255,0.06008664554541885,0.042087724160866216,0.05340332678672523,0.05340332678672523,0.042087729267329864,0.06008665185713089,0.06008665185713089,0.06754669724011829,0.06754669630158146,0.07585818106587033,0.06754669630158146
0.9740426400707322,0.3208213138121609,0.22270013882530884,0.14804720554957732,0.16451646289656316,0.13296424191570594,0.13296422989056966,0.13296422989056966,0.13296423332632276,0.1192029110704336,0.13296424191570594,0.16451647108926923,0.16451646699291614,0.18242552825126704,0.1480471999111614,0.14804719615221756,0.16451647108926923,0.14804720367010532,0.13296424535145931,0.13296422989056966,0.16451647108926923
0.6791786861878392,0.2689414213699951,0.22270014914315833,0.18242552380635635,0.10669059678604235,0.10669059678604235,0.1329642487872128,0.11920292202211755,0.11920292202211755,0.20181321745968234,0.14804719803168945,0.10669058471438037,0.10669060459711842,0.13296424535145931,0.14804719615221756,0.09534945782972029,0.07585817323116975,0.10669059252545564,0.1192029188930649,0.14804720179063333,0.14804719615221756
0.798186768138228,0.24508502416032488,0.24508500761839527,0.26894142722948733,0.2942149721629888,0.3486451353339457,0.4073334000459302,0.4073334000459302,0.4378234991142019,0.4073334000459302,0.43782349911420193,0.4073334000459302,0.3486451285660856,0.3486451217982255,0.4073334000459302,0.4073334000459302,0.4073334000459302,0.43782349911420193,0.43782349911420193,0.46879062662624377,0.4378234991142019
0.9465966732132747,0.29421497216298875,0.16451647108926923,0.10669059252545564,0.08509905312815914,0.07585818106587033,0.09534945782972029,0.09534946875514018,0.08509903746596331,0.09534945975773548,0.10669059465574898,0.13296424191570594,0.1192029188930649,0.10669060459711842,0.08509904616718289,0.09534946875514018,0.1192029188930649,0.09534946875514018,0.09534945782972029,0.09534945782972029,0.11920292984474948
