0,1,2,3,4,5,6,7,8,9,10,11,12,13,14,15,16,17,18,19,20
0.9947798735253883,0.40733340004593027,0.30735800417608683,0.22270013882530887,0.2018132270610754,0.2942149659744614,0.268941415510503,0.23370635157681108,0.24508501313237172,0.2568319856991699,0.2942149783515162,0.4073334000459302,0.2568319856991699,0.26894141551050293,0.24508501864634827,0.2689414272294874,0.29421496597446145,0.23370636758849894,0.29421498454004374,0.2689414330889797,0.2942149783515162
0.9688561710389126,0.7549149923816048,0.8933094131553264,0.8807970732843033,0.651354857898194,0.679178699175393,0.6926419767901475,0.7057850278370112,0.665410558746814,0.6926419958239132,0.7549149923816048,0.743168019989179,0.6654105653819835,0.6926419958239132,0.7310585903489891,0.8175744828610095,0.6370307944803831,0.5926665999540698,0.7549149978955811,0.7431680086124812,0.7057850340255386
0.8991213705121083,0.8080672112416737,0.7981867777396212,0.8354835309589074,0.7549149868676283,0.8354835371034368,0.8267117940706734,0.7981867777396212,0.7879312006227324,0.7981867705385762,0.8438951025545426,0.7549149868676283,0.731058584489497,0.8519528038477824,0.8354835289107309,0.8596637451167997,0.808067204308405,0.8080672181749421,0.6654105521116443,0.8596637487122111,0.7310585786300049
0.9626731126558705,0.5774953651858118,0.45326184801538616,0.4073334000459302,0.4225046348141882,0.5156199157230156,0.48438008427698437,0.5312093733737563,0.5312093733737563,0.5,0.4378234991142019,0.4532618480153861,0.5312093733737563,0.4532618480153861,0.5,0.37754066879814546,0.6224593312018546,0.5,0.5156199157230157,0.46879062662624377,0.5156199157230157
0.9940889316937496,0.3345894545235253,0.24508502416032488,0.24508502416032488,0.32082131381216084,0.37754066879814546,0.39233683016710835,0.20181322946142374,0.23370635691404026,0.22270013366638422,0.16451646699291614,0.16451646494473965,0.13296423160844617,0.23370636758849891,0.21206880684702423,0.23370635691404026,0.20181322226037884,0.2337063569140403,0.20181321505933414,0.22270014398423357,0.33458943461801643
0.9940889320905109,0.26894141551050293,0.20181322946142372,0.19193279338050545,0.24508501864634827,0.18242552158390102,0.16451646699291617,0.21206879937726766,0.1824255326961778,0.24508500761839522,0.12592277467581972,0.23370636225126956,0.14033624769237754,0.1329642419157059,0.1561048974454574,0.11920291889306492,0.1645164567520338,0.1403362494900832,0.18242551491653522,0.15610489940847916,0.16451645880021026
0.9850429151083187,0.6654105521116443,0.6370307944803831,0.5,0.6224593312018546,0.546738151984614,0.5621765008857982,0.5467381519846138,0.5774953651858118,0.6076631698328916,0.6076631698328916,0.6076631627277604,0.5774953651858118,0.5,0.5156199157230157,0.5621765008857981,0.5467381519846138,0.6513548714339144,0.48438008427698437,0.5467381519846138,0.5467381519846138
0.9947798750101149,0.817574471748733,0.6791787056691698,0.5312093733737563,0.7185943985973772,0.6224593241981982,0.5621765008857981,0.6224593241981982,0.5774953651858118,0.46879062662624377,0.4843800842769843,0.40733340004593027,0.4225046348141882,0.3629691917376783,0.30735802320985245,0.40733340004593027,0.36296921241058616,0.40733340004593027,0.4378234991142019,0.3629692055196168,0.43782349911420193
0.9783846647950839,0.9149009625340366,0.8438950966654774,0.9362849999699593,0.8807970685907242,0.8519527982093666,0.8519527982093666,0.8175744806385542,0.8080672112416737,0.9046505453836383,0.8438951005915208,0.8354835309589074,0.8872045840243196,0.9362850101927077,0.9046505395995927,0.8080672135527632,0.9149009515124917,0.9046505293168445,0.8354835371034368,0.8438951084436077,0.8807970842359877
0.9937100982007303,0.7549149813536518,0.7057850216484838,0.6791787056691698,0.679178699175393,0.6224593312018546,0.6370307944803831,0.6654105653819836,0.546738151984614,0.6076631698328917,0.6224593241981982,0.6076631698328917,0.5621765008857981,0.6224593312018545,0.48438008427698437,0.5926665999540697,0.5621765008857981,0.5926665999540698,0.5312093733737562,0.6076631698328916,0.4532618480153861
0.9867771773727597,0.320821300824607,0.2018132270610754,0.23370635157681108,0.1919327841361473,0.16451646699291614,0.15610489351941398,0.16451645470385745,0.1561049013715009,0.18242552602881168,0.14804719991116141,0.14804719051380197,0.11920291576401235,0.1329642264548166,0.11279541001088823,0.08035746882220708,0.11920292202211755,0.0953494674697966,0.11920292984474949,0.14804719615221756,0.14804720367010532
0.9919380080993392,0.48438008427698437,0.4532618480153861,0.5774953651858117,0.43782349911420193,0.4532618480153861,0.43782349911420193,0.42250463481418826,0.3629691917376783,0.4073334000459302,0.42250463481418826,0.3775406758018019,0.42250463481418826,0.42250463481418826,0.4073334000459302,0.34864513533394575,0.3775406687981454,0.4073334000459302,0.3345894279828469,0.5156199157230157,0.4073334000459302
0.9890130574301267,0.39233683016710835,0.36296921241058616,0.32082129433083023,0.256832002764217,0.26894141551050293,0.26894142722948744,0.3486451488696663,0.2942149659744614,0.2689414213699951,0.28140561345566495,0.22270013882530884,0.23370636225126956,0.2689414096510108,0.33458944788835565,0.2689414272294874,0.19193277951396834,0.2689414096510109,0.20181321745968234,0.2018132246607271,0.26894141551050293
0.932453304167687,0.5926665999540697,0.39233683016710835,0.5,0.5,0.4687906266262437,0.5,0.4073334000459302,0.48438008427698437,0.4378234991142019,0.3923368301671084,0.3923368372722396,0.46879062662624377,0.4225046348141882,0.3775406758018019,0.37754066879814546,0.4378234991142019,0.5156199157230156,0.5312093733737562,0.5,0.5156199157230156
0.9867771799489575,0.16451646084838667,0.12592275991478882,0.11920293140927592,0.12592277139559055,0.09534947261117098,0.0900929951834931,0.09534947004048376,0.1192029188930649,0.12592276811536138,0.1008786267847576,0.09009300006965833,0.07585818211049714,0.13296423504419935,0.056652426502516375,0.05340332452690108,0.08509905138791503,0.09534946554178127,0.08035746772100909,0.0900929951834931,0.10669058400428263
0.9924227597861485,0.7310585786300049,0.8175744695262777,0.6076631698328916,0.6513548714339145,0.6224593382055109,0.6076631627277603,0.348645142101806,0.6224593312018546,0.42250463481418826,0.5312093733737562,0.5926665999540698,0.5621765008857981,0.5926665999540697,0.5926665999540698,0.46879062662624377,0.4532618480153861,0.40733340004593027,0.5467381519846138,0.6076631698328916,0.5774953651858118
0.9883127405950867,0.3629692055196168,0.28140560742914383,0.2120688018671865,0.2568319970758679,0.28140561345566495,0.2120688093369431,0.2814055953761018,0.1919327841361473,0.2120688093369431,0.15610489155639232,0.11920292202211755,0.20181322946142374,0.18242552602881168,0.1066905889749668,0.14804719615221756,0.08509905254807777,0.10087862746054113,0.11279541597568046,0.1403362566809061,0.09534946297109421
0.9947798740501208,0.9046505312448598,0.9196425245706047,0.8670357494949105,0.8596637469145054,0.8740772236840656,0.7057850340255386,0.7772998663336158,0.7310585669110203,0.8438951084436077,0.8596637523076225,0.8080672158638527,0.8670357683915538,0.851952809486198,0.8175744806385542,0.8519528076067262,0.7310585727705126,0.7772998560157665,0.766293653760418,0.851952809486198,0.8354835391516132
0.9924227601328159,0.8175744828610095,0.8267117983401363,0.705785040214066,0.74316801430083,0.7310585903489892,0.6791787056691698,0.6224593312018546,0.6654105454764747,0.718594386544335,0.6513548714339145,0.8080672112416736,0.7310585844894971,0.6926419958239132,0.6791786926816161,0.7057850278370112,0.5774953651858118,0.651354857898194,0.5926665999540698,0.6926419894793248,0.6370307875894138
0.9919380080025181,0.7185943985973772,0.6926419767901475,0.665410558746814,0.7431680029241321,0.6926419894793248,0.665410558746814,0.705785040214066,0.7057850216484838,0.7772998663336158,0.743167997235783,0.7549149923816048,0.6370308082623217,0.7662936484231889,0.6791787121629466,0.6791787121629466,0.6791787056691698,0.8080672204860316,0.7431680029241321,0.6654105521116443,0.6791786926816161
0.9755769107003615,0.8175744828610095,0.6654105653819836,0.48438008427698437,0.5,0.45326184801538616,0.6370307944803832,0.42250463481418826,0.5,0.5,0.6513548511303336,0.7185943985973772,0.5774953651858118,0.48438008427698437,0.5926665999540698,0.5926665999540698,0.5926665999540697,0.4073334000459302,0.6076631698328916,0.6926419767901475,0.6076631698328916
0.9902915232588616,0.1259227631950178,0.05665242132616555,0.06754669160889748,0.0566524197334423,0.0758581727088564,0.06754668644694546,0.06371498802942314,0.0566524239143409,0.0330859792229422,0.03514484539020588,0.031143829635526404,0.03308597552845946,0.015906393956879948,0.03963883612289993,0.031143827724615873,0.03308597958047282,0.03514484816932126,0.05340332904654947,0.03308597505175204,0.03732688881662312
0.9875683482778344,0.8872046049010912,0.7772998611746912,0.7772998663336157,0.7772998560157665,0.808067204308405,0.8267118004748677,0.8267117855317474,0.7981867825403177,0.843895106480586,0.7981867825403176,0.8519527982093666,0.817574478416099,0.8519528038477825,0.8670357598021707,0.8519528076067262,0.8354835309589073,0.8596637451167997,0.8596637487122112,0.7662936484231889,0.8080672158638527
0.9688561712637257,0.8354835411997897,0.7772998714925403,0.6654105521116443,0.7185943805178139,0.7879311981328135,0.7662936430859597,0.7549149758396752,0.6791786926816161,0.6791786926816161,0.8080672181749422,0.7057850340255386,0.6654105521116443,0.7772998560157665,0.7772998508568416,0.7549149923816048,0.718594386544335,0.7662936377487304,0.6224593382055109,0.7431680143008301,0.651354857898194
0.9896718487182293,0.30735802320985245,0.1403362458946719,0.07585818054355695,0.10087861732378864,0.10087863286680951,0.11279539509890883,0.09534946554178127,0.09534945975773547,0.0953494597577355,0.08509904268669496,0.07585818106587035,0.09534947453918645,0.090092998848117,0.10087861799957212,0.06754668410060376,0.06371499158516147,0.07585818106587033,0.08035747432819719,0.0715912034062289,0.08035747653059333
0.9940889303502334,0.8670357512127872,0.8267117983401363,0.8080672135527632,0.7981867801399694,0.7057850216484838,0.8267118004748678,0.7549149758396752,0.74316801430083,0.8438950966654774,0.8080672204860316,0.7981867705385763,0.7662936484231889,0.817574471748733,0.731058584489497,0.754914997895581,0.7879311906630568,0.6791787056691698,0.6926419767901475,0.7662936430859598,0.7549149868676283
0.9883127395623764,0.3775406687981454,0.30735800417608683,0.28140560742914383,0.24508500761839525,0.3345894279828469,0.3486451488696663,0.3208212943308302,0.29421496597446145,0.23370635157681108,0.34864512179822543,0.23370636225126956,0.21206880186718646,0.23370636758849891,0.2942149783515163,0.2018132270610754,0.19193279106941588,0.2568319970758679,0.2450850131323717,0.2568319856991699,0.2814056194821861
0.9940889308673914,0.8740772253241802,0.731058584489497,0.6224593312018546,0.6076631698328916,0.6370307806984444,0.6370308013713525,0.6224593312018546,0.5926665999540698,0.546738151984614,0.5926665999540698,0.6370308082623217,0.5774953651858118,0.6926419767901475,0.5926665999540698,0.718594386544335,0.5926665999540698,0.7310585727705126,0.7057850278370112,0.7310585844894971,0.5774953651858118
0.9919380080323092,0.705785040214066,0.5621765008857982,0.5156199157230156,0.6224593312018546,0.5467381519846138,0.46879062662624377,0.4532618480153861,0.5156199157230156,0.546738151984614,0.46879062662624377,0.48438008427698437,0.5621765008857981,0.4378234991142019,0.5156199157230156,0.46879062662624377,0.42250463481418826,0.3629691917376783,0.40733340004593027,0.5,0.4843800842769843
0.9896718496225814,0.48438008427698437,0.33458943461801643,0.34864514210180597,0.4378234991142019,0.3923368301671084,0.36296921930155557,0.4378234991142019,0.37754066879814546,0.36296919173767833,0.2120688018671865,0.2942149783515162,0.29421498454004374,0.34864513533394575,0.25683199138751883,0.3629692055196168,0.2942149597859341,0.39233683016710835,0.37754066879814546,0.42250463481418826,0.320821300824607
0.9924227578497127,0.914900963114118,0.851952809486198,0.7310585903489891,0.8354835309589074,0.7310585786300049,0.8175744761936437,0.7057850216484838,0.7772998663336158,0.8080672112416736,0.8267118004748677,0.8596637505099167,0.7772998663336158,0.8354835432479661,0.8267117855317474,0.7310585786300049,0.7549149813536518,0.8267117876664789,0.7772998611746912,0.8175744761936438,0.7879311881731379
0.9770226278737641,0.766293653760418,0.6224593382055109,0.5926665999540698,0.6076631698328916,0.7057850278370112,0.6076631698328916,0.6791787056691698,0.6370307806984444,0.7549149813536518,0.7772998663336158,0.6654105454764747,0.7185943985973772,0.6926419831347361,0.7431680143008301,0.7057850154599563,0.651354857898194,0.743167997235783,0.6370308013713525,0.6076631698328916,0.6370308082623217
0.995929861904698,0.3629691986286475,0.2942149597859341,0.28140561345566495,0.34864513533394575,0.2942149721629888,0.3629692055196168,0.3345894478883556,0.24508501313237172,0.26894141551050293,0.2814056014026228,0.16451645470385745,0.1645164628965632,0.20181322226037882,0.23370634623958195,0.2689414213699951,0.17328819952513227,0.16451646904109268,0.13296423847995262,0.18242551713899044,0.18242552380635635
0.9961755166472027,0.30735801686526387,0.3073580295544412,0.25683199707586785,0.39233683016710835,0.3775406617944891,0.34864513533394575,0.3629692193015555,0.28140560742914383,0.3073580105206753,0.25683198569916993,0.15610490333452268,0.18242551713899047,0.2018132270610754,0.1561049052975445,0.26894142722948733,0.1480471999111614,0.19193278875832634,0.18242551713899047,0.24508500761839525,0.21206879937726766
0.9241418147556223,0.8519528038477824,0.8080672204860316,0.7981867729389246,0.8933094081846421,0.8670357546485407,0.8596637487122111,0.8438951104066293,0.8872046049010912,0.7879311981328135,0.8596637541053281,0.8872045944627058,0.9196425333801889,0.9046505402422645,0.7981867801399695,0.9149009596336303,0.8991213745668095,0.8933094131553264,0.9046505318875316,0.8933094152856197,0.8933094060543488
0.9961755169940397,0.787931190663057,0.7662936324115011,0.5926665999540698,0.6224593241981982,0.546738151984614,0.5467381519846138,0.5156199157230156,0.6076631698328917,0.5312093733737563,0.5926665999540698,0.5926665999540698,0.5467381519846138,0.6224593312018546,0.5156199157230156,0.5156199157230156,0.5621765008857981,0.4073334000459302,0.48438008427698437,0.5312093733737563,0.4687906266262437
0.9553191254340224,0.10669058613457583,0.0600866487012748,0.05340332546849446,0.06754668691621381,0.04742587637519416,0.06371500003004073,0.1008786267847576,0.05033062707763533,0.05340333431947304,0.06754669301670264,0.06008665648572012,0.07585818419975077,0.050330630460763956,0.06371498980729229,0.08035746882220707,0.06754668832401889,0.08509905080783367,0.08509903746596333,0.10087863151524239,0.06371499958557338
0.9959298628050791,0.6370307944803831,0.6076631698328916,0.546738151984614,0.5467381519846138,0.5156199157230156,0.4532618480153861,0.5,0.5621765008857982,0.4532618480153861,0.48438008427698437,0.4378234991142019,0.45326184801538616,0.39233683727223956,0.45326184801538616,0.4687906266262437,0.5156199157230157,0.4532618480153861,0.5156199157230156,0.3775406687981454,0.5312093733737562
0.9867771784664287,0.2942149721629888,0.13296425222296634,0.17328820592932656,0.13296423504419938,0.11920293140927592,0.11279539808130457,0.13296425050508953,0.16451646289656316,0.09534946104307897,0.11279541672127952,0.13296422989056964,0.10669059039516234,0.09009299823734633,0.08035747597999429,0.060086648280494,0.0900929902973281,0.1561049013715009,0.10669060530721625,0.07585817218654307,0.0953494616857507
0.9973683260850054,0.30735801686526387,0.1919327772028789,0.1259227631950178,0.2018132246607271,0.1732882016598637,0.14033625128778893,0.14033625308549463,0.1732882059293266,0.13296423847995262,0.10087861259330445,0.1329642419157059,0.07159119201640969,0.09534946425643773,0.09009299640503438,0.0953494578297203,0.09534946104307897,0.09534947261117098,0.06371499291856339,0.11279540330049728,0.09534947196849917
0.9362850119705768,0.04208773046885081,0.014063628980281278,0.03308597767364294,0.017986211179367696,0.020332355197755503,0.017986206047068846,0.02595735974089048,0.024423088456409045,0.021615331738470633,0.014957083272542008,0.021615332014210595,0.011687259200522847,0.014957089721657347,0.015906389962413444,0.021615334929176125,0.02161533118699072,0.022977368822828224,0.024423087790701504,0.03514484867461498,0.021615331856644902
0.9940889318086735,0.7185943865443352,0.6513548714339145,0.6224593312018546,0.6370308013713525,0.6076631698328916,0.5621765008857981,0.5774953651858117,0.6076631698328916,0.6370307806984444,0.6224593312018546,0.665410558746814,0.46879062662624377,0.48438008427698437,0.5312093733737563,0.45326184801538616,0.5,0.42250463481418826,0.4687906266262437,0.4225046348141882,0.4687906266262437
0.9830850867022999,0.5,0.3923368301671084,0.3923368301671084,0.48438008427698437,0.46879062662624377,0.4532618480153861,0.4378234991142019,0.4532618480153861,0.46879062662624377,0.3923368372722396,0.40733340004593027,0.3923368301671083,0.34864514210180597,0.320821300824607,0.2942149597859341,0.2942149659744614,0.33458943461801643,0.3486451353339458,0.3073580105206753,0.3486451285660856
0.9896718479185918,0.6654105653819836,0.5,0.37754067580180184,0.48438008427698437,0.4843800842769843,0.5926665999540698,0.5467381519846138,0.42250463481418826,0.4687906266262437,0.4532618480153861,0.4687906266262437,0.43782349911420193,0.40733340004593027,0.32082129433083023,0.2814056014026228,0.2942149783515162,0.25683199138751883,0.2568319970758679,0.3345894346180164,0.36296921241058616
0.9883127397560096,0.46879062662624377,0.3775406687981454,0.3775406687981454,0.37754066879814546,0.3486451285660856,0.36296921930155557,0.4532618480153861,0.45326184801538616,0.48438008427698437,0.4073334000459302,0.3775406687981454,0.30735801686526387,0.30735801686526387,0.34864514886966624,0.30735800417608683,0.23370635157681108,0.23370636225126956,0.19193279338050545,0.25683199138751883,0.23370635691404026
0.9902915221664805,0.16451646699291617,0.10087861529643825,0.07585818576669104,0.039638839242782886,0.07159120439664805,0.05340333563770401,0.06371499291856339,0.04468087297585627,0.0534033330012421,0.047425867792089564,0.047425875533713246,0.01590638958337653,0.02931223409022338,0.021615332250559133,0.020332354826736142,0.021615330714293658,0.014957089419783803,0.02297736807015313,0.04468087472498968,0.020332355234857435
0.9324533060447605,0.5467381519846138,0.5,0.45326184801538616,0.5312093733737563,0.5312093733737562,0.5312093733737563,0.5774953651858118,0.4378234991142019,0.5312093733737563,0.4225046348141882,0.5,0.37754066879814546,0.3923368230619772,0.33458943461801643,0.5156199157230156,0.42250463481418826,0.4378234991142018,0.45326184801538616,0.5,0.37754066879814546
0.9755769096352293,0.8596637487122111,0.8354835411997897,0.8596637469145053,0.8080672158638528,0.8267117940706734,0.7879311931529758,0.8175744739711883,0.8519528076067262,0.8267117876664789,0.8596637559030337,0.8807970779778824,0.8354835391516132,0.8596637559030338,0.8991213691605412,0.8267117962054048,0.8670357580842941,0.8519528000888387,0.7662936377487305,0.8354835391516132,0.8175744828610095
0.9902915218530925,0.8438950947024556,0.7310585727705126,0.6076631698328916,0.6513548646660543,0.6224593312018546,0.5312093733737563,0.6224593241981982,0.546738151984614,0.651354857898194,0.5774953651858118,0.6076631627277603,0.48438008427698437,0.5312093733737563,0.4532618480153861,0.5312093733737563,0.546738151984614,0.45326184801538616,0.5,0.5312093733737563,0.4532618480153861
0.9867771794750344,0.22270013882530884,0.16451646904109266,0.1480472036701053,0.14033624769237754,0.14033624589467186,0.1561048915563923,0.20181322466072713,0.14804720179063335,0.1480471999111614,0.22270014398423355,0.2689414330889797,0.17328820806405804,0.18242553047372242,0.19193279338050545,0.22270013366638422,0.14033625668090613,0.28140560742914383,0.12592276975547595,0.16451646494473965,0.22270013366638422
0.9896718479185918,0.2814056014026228,0.17328821019878957,0.12592277795604903,0.13296422989056964,0.13296425222296634,0.1329642281726931,0.09534947068315555,0.10087861529643824,0.10669059181535785,0.14033624769237754,0.14033624409696624,0.12592277303570512,0.10669059252545564,0.09534946554178125,0.12592275991478882,0.07159119795892385,0.09534946297109421,0.06371499202962878,0.06371498847389043,0.0900930037342824
0.988312744413962,0.9046505254608136,0.9149009497722477,0.8872045892435128,0.8740772466456689,0.8080672112416737,0.7549149923816046,0.7772998663336158,0.7549149813536518,0.8267118026095991,0.8670357512127873,0.7772998663336157,0.8933094032139576,0.8267118026095991,0.8354835371034368,0.7662936324115011,0.7662936484231889,0.7431680143008301,0.7549149813536518,0.817574478416099,0.8354835309589074
0.9755769122536789,0.8080672181749422,0.6654105454764747,0.5312093733737562,0.5621765008857982,0.5926665999540698,0.6076631698328916,0.6791786861878392,0.6654105653819836,0.5621765008857981,0.5312093733737562,0.5467381519846138,0.5156199157230157,0.3923368301671084,0.6224593312018546,0.43782349911420193,0.4225046348141882,0.6076631698328916,0.5926665999540698,0.5156199157230157,0.4687906266262437
0.9908743632424211,0.9046505383142492,0.8080672181749422,0.8080672112416736,0.7772998663336158,0.6791786861878392,0.5926665999540698,0.7549149758396752,0.6926419767901476,0.6370307806984444,0.7057850340255386,0.7879312031126512,0.7772998560157665,0.8080672181749422,0.7981867705385762,0.8175744828610095,0.7185943925708562,0.7057850340255386,0.7879312006227324,0.665410558746814,0.665410558746814
0.989671846738174,0.4532618480153862,0.3629691917376783,0.3775406687981454,0.3486451285660856,0.3629692124105861,0.2568319856991699,0.334589441253186,0.25683198569916993,0.2689414330889797,0.21206879439743007,0.28140560742914383,0.2689414272294874,0.2942149597859341,0.2689414330889797,0.2689414330889797,0.23370635691404026,0.26894141551050293,0.21206879688734884,0.28140560742914383,0.3073580105206753
0.977022631511694,0.8991213826762114,0.8354835391516133,0.7310585903489892,0.817574478416099,0.8354835330070839,0.8354835330070838,0.843895106480586,0.8354835411997897,0.8438951025545426,0.7772998611746912,0.8438950947024555,0.8438951064805861,0.880797081106935,0.8354835350552603,0.8438951084436077,0.8933094074745443,0.7662936430859597,0.8080672158638527,0.880797068590724,0.7310585786300049
0.9937100966261274,0.7310585727705126,0.6654105521116443,0.4378234991142019,0.5312093733737563,0.5621765008857982,0.6224593312018546,0.7310585669110202,0.6076631698328916,0.5467381519846138,0.48438008427698437,0.6076631769380227,0.48438008427698437,0.5621765008857981,0.29421497216298875,0.5621765008857981,0.42250463481418826,0.24508501864634827,0.4378234991142019,0.5156199157230156,0.546738151984614
0.962673109443157,0.1824255304737224,0.1403362494900832,0.15610489351941398,0.12592276647524683,0.1403362512877889,0.11920292828022307,0.16451646084838673,0.21206881431678096,0.14804719427274568,0.16451646289656316,0.0900929890757869,0.1066905854244781,0.12592276647524683,0.182425528251267,0.1732882080640581,0.14804719803168945,0.1403362476923775,0.14033624949008322,0.21206879439743007,0.17328820379459514
0.9956684988650857,0.9465966702001758,0.8933094053442511,0.8267117919359419,0.8080672204860316,0.7662936324115011,0.8596637487122111,0.8438951084436077,0.8175744806385542,0.8519528076067262,0.8807970732843033,0.9046505370289059,0.8807970842359876,0.893309405344251,0.8596637541053281,0.8872045937171068,0.8991213759183765,0.8991213705121083,0.8872046004274976,0.8354835371034368,0.843895106480586
0.9959298624445492,0.1919327864472368,0.13296424706933604,0.06754669677084987,0.09534946232842247,0.13296422817269313,0.06008665396103505,0.08509904790742691,0.08509903688588204,0.06754668363133542,0.029312231228337305,0.029312232394290857,0.027585285124714694,0.056652422520708005,0.03732688466686841,0.04742587233608593,0.025957357056513877,0.037326889619801504,0.024423088944594586,0.04468086931857751,0.047425872336085924
0.9953904270877703,0.21206879439743004,0.08509905312815914,0.06754669677084987,0.06371499958557338,0.056652421923436766,0.056652427099787656,0.06754669583231304,0.06754668550840878,0.05665243128068676,0.06008665038439803,0.04742587300927061,0.07159120142539066,0.05033063188523924,0.03514484690608696,0.04468087170375927,0.02758528157725518,0.037326890958432175,0.04468086677438376,0.04742586796038572,0.0420877273148584
0.9928785698582202,0.6076631698328916,0.5,0.4687906266262437,0.5156199157230157,0.4843800842769843,0.43782349911420193,0.46879062662624377,0.42250463481418826,0.5621765008857981,0.4378234991142019,0.4843800842769844,0.45326184801538616,0.4687906266262437,0.48438008427698437,0.348645142101806,0.4378234991142019,0.46879062662624377,0.3208212943308302,0.48438008427698437,0.4378234991142019
0.946596671895044,0.3073580041760868,0.2689414213699951,0.32082128783705344,0.4843800842769844,0.3629692193015556,0.32082129433083023,0.42250463481418826,0.5156199157230156,0.4073334000459302,0.4843800842769844,0.4687906266262437,0.3629691917376783,0.45326184801538616,0.29421497216298875,0.28140560140262283,0.33458943461801643,0.4225046348141882,0.29421496597446145,0.40733340004593027,0.40733340004593027
0.9933071501932782,0.8872045922259088,0.8267117898012104,0.8175744850834648,0.7057850278370112,0.7431680143008301,0.8438951045175643,0.8354835309589073,0.8267117898012105,0.8175744828610095,0.7981867777396212,0.7549149923816048,0.7310585844894971,0.817574478416099,0.8354835452961425,0.8175744828610095,0.8267118004748677,0.8175744806385542,0.6926419831347361,0.8354835371034368,0.6926419958239132
0.9830850873837181,0.07585818054355693,0.0330859819640103,0.03514484880093841,0.03114382873627438,0.03963883697377708,0.03514484640079327,0.02595735550240123,0.02595735569077852,0.04468086629734745,0.02297737254438874,0.01495708560520043,0.024423091740566494,0.019124038707532997,0.019124038008731515,0.01912403863765285,0.020332351932785337,0.01912403720510984,0.011687260233233012,0.014957086483377813,0.02758527947875822
0.9979492568060193,0.8267118026095991,0.8807970904940925,0.8267117940706734,0.7185943925708561,0.7662936484231889,0.6926419831347361,0.7310585669110203,0.7772998663336157,0.5926665999540698,0.679178699175393,0.7549149868676283,0.7431680143008301,0.8740772236840656,0.7431680029241321,0.7310585727705127,0.7772998663336158,0.7549149813536518,0.817574471748733,0.8807970889295664,0.7549149978955811
0.9875683517880552,0.36296920551961687,0.22270014398423357,0.23370635157681108,0.2568319913875189,0.22270013882530884,0.18242552380635635,0.2018132150593341,0.16451646699291614,0.1480472036701053,0.11920292202211757,0.12592277139559052,0.15610490137150093,0.10669059678604235,0.09009298418962222,0.06371499025175958,0.06371498891835771,0.10669059252545562,0.07585818211049714,0.0953494616857507,0.16451646494473965
0.9947798752809444,0.18242552602881168,0.09009298724347513,0.07159119894934293,0.0900930031235117,0.090093000680429,0.0803574721258011,0.06371499202962878,0.0715911969685048,0.10087862948789175,0.044680865502286934,0.03114382986033942,0.04468087408894116,0.050330634734189895,0.03114383210846962,0.042087731219801416,0.06754668738548218,0.027585284725000922,0.04468086868252905,0.07159120687269596,0.07159119647329529
0.9959298616026833,0.9648551575152327,0.9324533051062237,0.914900952092573,0.8933093975331752,0.7772998611746912,0.8267117855317474,0.8519527982093666,0.8175744828610095,0.7879311856832191,0.8438951005915208,0.8519527963298946,0.8438951084436077,0.8872045914803098,0.9196425273235999,0.8807970858005139,0.8670357649558007,0.8991213698363247,0.8991213718636754,0.9284087941177233,0.8519527982093668
0.9908743626445049,0.8596637487122111,0.8596637505099168,0.798186768138228,0.8267117983401363,0.7772998611746912,0.8519528076067262,0.8080672181749422,0.8354835330070839,0.8740772269642948,0.817574478416099,0.8080672112416737,0.8438951025545426,0.8080672227971212,0.8991213691605412,0.8354835330070839,0.8175744673038222,0.8519528000888386,0.8740772253241803,0.8438950986284991,0.817574478416099
0.993710096984124,0.7549149868676283,0.651354857898194,0.6076631698328916,0.5621765008857981,0.5467381519846138,0.5926665999540698,0.5,0.5467381519846138,0.6654105521116443,0.6370307806984444,0.6513548646660543,0.4843800842769844,0.5774953651858118,0.6370307875894138,0.6224593312018546,0.5926665999540698,0.5621765008857981,0.5312093733737563,0.7185944046238981,0.6076631698328916
0.9820137912222852,0.7662936324115011,0.6513548714339145,0.5467381519846138,0.5926665999540698,0.6076631698328916,0.4843800842769843,0.5621765008857981,0.6076631698328916,0.5774953651858117,0.546738151984614,0.5467381519846138,0.45326184801538616,0.5621765008857981,0.40733340004593027,0.5156199157230156,0.5774953651858118,0.6224593312018545,0.6076631627277603,0.5312093733737563,0.5
0.9669140211345885,0.8354835309589073,0.7662936484231889,0.7662936377487305,0.8080672066194945,0.8080672135527632,0.8175744828610095,0.7981867705385762,0.7772998714925403,0.7310585903489891,0.8354835289107307,0.817574471748733,0.9149009480320036,0.8438951045175643,0.8807970795424088,0.8872045981907006,0.7662936430859598,0.8740772466456689,0.7310585844894971,0.8438950966654774,0.7772998611746911
0.9940889315186272,0.8519528057272543,0.8438951005915208,0.7310585669110203,0.7772998560157665,0.7772998560157665,0.817574478416099,0.851952809486198,0.8080672227971211,0.8740772466456689,0.8519528076067262,0.7981867753392728,0.8807970795424088,0.8519527963298947,0.8933094017937621,0.8519528057272543,0.8354835411997897,0.9196425223682085,0.8354835371034368,0.8991213847035617,0.8438951064805861
0.9896718482803325,0.8670357512127873,0.8991213738910259,0.7662936430859597,0.7431680199891789,0.8438951045175643,0.766293653760418,0.8080672112416737,0.8519527963298947,0.8670357649558007,0.8991213874066956,0.8807970842359877,0.8267117983401363,0.8991213867309121,0.9241418257242036,0.8872045989362997,0.8519527944504227,0.8519527982093668,0.9046505331728751,0.8991213772699435,0.8670357735451834
0.9964063980671938,0.16451646699291614,0.14033625308549463,0.11279540553729422,0.10087862205427302,0.07159120390143849,0.06371499158516147,0.08035747102460308,0.0803574671704101,0.08509904674726422,0.06754668738548215,0.06371499647430197,0.053403326786725235,0.060086645966199635,0.03308597934211907,0.050330629392407525,0.04742587115801275,0.05340332923486816,0.05665242630342596,0.0474258736824553,0.10087861259330444
0.9859363733183346,0.46879062662624377,0.36296921930155557,0.42250463481418826,0.4532618480153861,0.48438008427698437,0.3629692055196168,0.5467381519846138,0.4843800842769844,0.5,0.4378234991142019,0.4225046348141882,0.4073334000459302,0.28140561345566495,0.3629691917376783,0.22270013366638425,0.2942149659744614,0.3073580232098525,0.26894142136999516,0.2689414213699951,0.3073580232098525
0.9971990724762092,0.766293653760418,0.6654105653819836,0.5774953651858118,0.6926419958239132,0.5621765008857982,0.6370307944803831,0.7185944046238981,0.6926419894793248,0.7310585669110202,0.7772998508568416,0.7310585727705127,0.6926419894793246,0.7431680199891789,0.7549149868676283,0.7662936484231889,0.7981867825403177,0.7662936377487305,0.6926419958239132,0.7772998663336158,0.6926419894793248
0.978384669246315,0.17328821019878954,0.09534946104307895,0.08509903630580076,0.09534946875514017,0.06754669395523943,0.07159119894934292,0.05033063473418989,0.0715912034062289,0.07585817740967665,0.06371499602983464,0.06008665101556926,0.056652427497968505,0.050330631351061,0.04468087313486839,0.04468086693339587,0.035144847158733825,0.08035746386681626,0.044680868205492726,0.04208773046885081,0.053403334131154334
0.9808759651009348,0.8991213765941599,0.7549149868676283,0.7310585844894971,0.651354857898194,0.665410558746814,0.7310585727705127,0.7549149758396752,0.7185943925708562,0.651354857898194,0.679178692681616,0.7310585903489892,0.7310585844894971,0.6791786926816161,0.7185944046238981,0.7057850278370112,0.5926665999540698,0.7549149813536518,0.679178699175393,0.7057850216484839,0.6370307944803832
0.9883127446183525,0.8807970842359876,0.7772998663336158,0.787931188173138,0.7431680029241322,0.7981867681382279,0.7981867705385762,0.7879312031126511,0.7981867729389246,0.7310585786300049,0.7310585786300049,0.8080672204860316,0.8933094096048377,0.8438951064805861,0.9149009596336303,0.8438951064805861,0.8807970842359877,0.8740772253241803,0.8872045855155176,0.7879311981328135,0.8596637469145053
0.9724147208210271,0.6513548511303336,0.5774953651858118,0.5156199157230156,0.5,0.4378234991142019,0.4378234991142019,0.39233683016710835,0.5156199157230157,0.5312093733737563,0.4378234991142019,0.5312093733737562,0.5312093733737563,0.4843800842769844,0.546738151984614,0.5,0.46879062662624377,0.43782349911420193,0.4225046348141882,0.48438008427698437,0.3923368301671084
0.9808759651708149,0.46879062662624377,0.28140561345566495,0.28140560140262283,0.334589441253186,0.4073334000459302,0.2689414213699951,0.25683198001082097,0.3775406687981454,0.4225046348141882,0.32082130082460697,0.30735801686526387,0.21206879688734884,0.28140560742914383,0.3073580105206753,0.25683198569916993,0.23370634623958195,0.24508502416032488,0.16451646699291614,0.22270013882530884,0.32082129433083023
0.9933071484348964,0.7772998560157665,0.6370308082623217,0.7549149813536518,0.6513548714339145,0.6224593312018546,0.7057850278370112,0.6926419894793248,0.5926665999540697,0.6791786861878392,0.7310585727705127,0.7549149923816048,0.6926419831347361,0.7057850340255386,0.6224593312018545,0.5774953651858117,0.6224593241981982,0.6513548714339145,0.5621765008857981,0.7310585727705126,0.5621765008857981
0.9496693650877507,0.8596637559030337,0.7185943925708562,0.7981867753392728,0.7310585844894971,0.6926419767901475,0.7057850216484838,0.6926419831347361,0.6926419704455589,0.718594386544335,0.5621765008857982,0.7310585786300049,0.679178699175393,0.766293653760418,0.6224593312018546,0.6513548714339144,0.6513548646660542,0.6654105653819836,0.6926419767901476,0.7981867729389246,0.651354857898194
0.9770226290445923,0.8267118026095991,0.8596637469145054,0.7879311931529758,0.8267117983401363,0.8670357563664174,0.7981867825403176,0.8354835309589074,0.843895106480586,0.7662936484231889,0.7981867705385763,0.7662936430859597,0.8438950986284991,0.8670357718273068,0.8519528038477824,0.8519528076067262,0.8991213860551287,0.8519528038477824,0.7981867777396211,0.8670357477770336,0.8740772351648677
0.9196425355825848,0.7772998714925403,0.7879312031126512,0.843895106480586,0.8933094046341532,0.7549149978955811,0.7981867801399695,0.8740772384450968,0.8080672066194946,0.8519528057272543,0.7310585786300048,0.8933094124452287,0.7662936430859597,0.7981867705385762,0.8519528057272543,0.7662936377487305,0.787931190663057,0.798186784940666,0.665410558746814,0.8354835350552604,0.7772998714925403
0.974042643791184,0.6926419831347361,0.6076631698328916,0.5926665999540698,0.5774953651858118,0.5774953651858118,0.5312093733737563,0.5621765008857981,0.6370307944803831,0.48438008427698437,0.5312093733737563,0.5774953651858118,0.5621765008857981,0.5774953651858118,0.5,0.5467381519846138,0.45326184801538616,0.5156199157230157,0.3775406687981454,0.48438008427698437,0.46879062662624377
0.9933071497165338,0.1403362476923775,0.07585817427579646,0.0758581763650499,0.06008664491424768,0.07585818211049714,0.06371499202962878,0.05340332678672523,0.035144846021822995,0.056652427697058944,0.060086647018151605,0.03963884094453733,0.03732688587163586,0.033085978746234736,0.02595735489017506,0.03114383019755894,0.019124035248465895,0.01691490930211234,0.019124038288252102,0.03308598029553404,0.02442309023162923
0.9961755166534121,0.1192029235866439,0.060086648490884395,0.10669059323555341,0.07585817897661677,0.0600866545922063,0.06754669442450784,0.10669059678604235,0.08509905138791503,0.07159119944455247,0.08035747267640012,0.10087862475740705,0.11920291419948607,0.11279541448448238,0.05340332923486816,0.08509904674726423,0.06008664491424768,0.06754669113962912,0.08035747653059333,0.11279540479169524,0.08509903746596331
0.9908743615328861,0.5467381519846138,0.3486451488696663,0.3923368372722396,0.40733340004593027,0.3923368301671084,0.25683199707586785,0.26894141551050293,0.21206879688734884,0.1561048974454574,0.20181322226037882,0.22270014914315836,0.22270013882530884,0.17328819952513227,0.18242553047372242,0.22270013366638425,0.17328819952513227,0.19193279338050545,0.24508500761839527,0.21206881182686205,0.22270014398423355
0.9959298628862455,0.546738151984614,0.3923368230619772,0.5312093733737562,0.5621765008857981,0.4843800842769844,0.4687906266262437,0.3345894346180165,0.37754066879814546,0.256832002764217,0.2450850021044189,0.42250463481418826,0.2814055953761018,0.30735801686526387,0.4073334000459302,0.36296920551961687,0.2942149721629888,0.5312093733737563,0.4225046348141882,0.3629691917376783,0.30735802320985245
0.9919380079429359,0.665410558746814,0.766293653760418,0.6926419894793248,0.7057850340255386,0.7310585786300049,0.5156199157230156,0.5312093733737563,0.5926665999540698,0.6076631698328916,0.5312093733737563,0.6370307944803831,0.5156199157230157,0.6926419767901476,0.6513548511303338,0.622459324198198,0.6513548782017745,0.5156199157230157,0.5312093733737563,0.6791787121629466,0.5312093733737563
0.9944450754120644,0.7549149923816048,0.6224593312018546,0.6654105521116443,0.6224593312018546,0.6513548714339145,0.6791786926816161,0.6370307806984444,0.5621765008857982,0.6224593241981982,0.6224593312018545,0.6224593382055109,0.7057850278370112,0.5774953651858118,0.5156199157230157,0.5926665999540697,0.5621765008857981,0.48438008427698437,0.5156199157230157,0.6224593312018546,0.5774953651858118
0.9902915214143494,0.8438950986284991,0.7662936430859597,0.718594386544335,0.718594386544335,0.7310585727705126,0.7431680086124812,0.7057850154599562,0.651354857898194,0.7431680086124811,0.766293653760418,0.7981867777396211,0.6791786926816161,0.8175744739711883,0.8438950986284991,0.8267117940706734,0.78793120560257,0.7549149868676284,0.6926419831347361,0.7772998663336158,0.7879311881731379
0.9796676447280406,0.28140560742914383,0.19193277951396837,0.15610489744545739,0.1561049033345227,0.13296424706933604,0.13296423332632276,0.11279540180929934,0.1259227582746744,0.14033625488320037,0.16451645675203383,0.19193277951396837,0.19193277951396834,0.14804719427274568,0.1480471942727457,0.1403362494900832,0.1480471923932738,0.12592275499444552,0.12592276647524683,0.1403362530854946,0.15610489940847913
0.9944450761065973,0.1403362512877889,0.05033063580254643,0.08509905080783367,0.06371499602983463,0.05033063366583338,0.03514484993784934,0.03308598220236406,0.02931223000938591,0.01912403703040948,0.011687258006451831,0.012431652488240056,0.013222821533571363,0.02033235401049356,0.014063626591270492,0.010328150177509259,0.015906393840253174,0.019124038078611662,0.008061992541170156,0.01495708358813695,0.022977372293497
0.9947798742484067,0.8740772417253256,0.8519528057272543,0.7431679972357831,0.6224593312018545,0.5774953651858118,0.6654105454764747,0.5774953651858118,0.5774953651858118,0.5156199157230157,0.6370307944803831,0.6926419831347361,0.6791787056691698,0.7185943925708562,0.7057850154599562,0.6654105653819836,0.5621765008857982,0.7185944046238981,0.7057850340255386,0.6791786926816161,0.6654105521116445
0.9944450765438958,0.22270014914315836,0.1919327841361473,0.18242553269617778,0.17328820592932656,0.14804719615221756,0.1824255326961778,0.14804720179063335,0.14804719991116141,0.0953494616857507,0.06371500091897546,0.06754668597767712,0.09009299457272246,0.07585818367743737,0.07585818054355695,0.07159120043497157,0.06371499469643266,0.056652422520708005,0.1008786328668095,0.11279540404609627,0.14033624949008322
0.9896718491656457,0.4225046348141882,0.2689414272294874,0.22270013882530884,0.23370635157681108,0.22270013882530884,0.19193277951396837,0.23370634623958197,0.18242552602881165,0.19193277951396837,0.2450850131323717,0.12592277467581975,0.1329642436335826,0.10669060317692272,0.09534946425643774,0.09009300251274102,0.12592276483513232,0.1066905825840872,0.10669059891633577,0.1919327841361473,0.12592275499444552
0.982013794117428,0.8438951005915208,0.743167997235783,0.5467381519846138,0.6654105454764747,0.6224593312018546,0.6076631698328916,0.7662936484231889,0.6513548714339145,0.6370307944803831,0.6513548782017745,0.7057850340255386,0.7057850340255386,0.6370308082623217,0.7772998560157665,0.6654105521116443,0.5926665999540698,0.6370308013713525,0.6791787056691697,0.7057850278370112,0.6076631698328917
0.9956684977725835,0.2942149659744614,0.2689414213699951,0.2337063569140403,0.33458944788835565,0.30735801052067535,0.2689414330889797,0.2689414096510108,0.3486451488696663,0.2689414330889797,0.29421496597446134,0.24508500761839525,0.2018132270610754,0.18242552380635635,0.22270013882530887,0.16451645880021026,0.15610488959337065,0.12592276647524683,0.11279539509890883,0.18242551713899047,0.21206881182686205
0.995390428732956,0.6654105521116443,0.5312093733737563,0.45326184801538616,0.4225046348141882,0.5467381519846138,0.5156199157230156,0.3486451488696663,0.3923368372722396,0.4687906266262437,0.40733340004593027,0.5,0.40733340004593027,0.3923368301671084,0.39233682306197715,0.3923368301671084,0.45326184801538616,0.39233682306197726,0.3775406687981454,0.4532618480153861,0.42250463481418826
0.9770226319716622,0.7431680086124811,0.6370307806984444,0.6370308082623217,0.679178699175393,0.6926419831347361,0.7549149868676283,0.7057850216484838,0.6513548714339145,0.8080672089305841,0.5774953651858118,0.6926419894793248,0.6370307944803831,0.7310585786300049,0.679178692681616,0.5,0.5926665999540698,0.5467381519846138,0.5926665999540698,0.6224593312018545,0.5
0.9875683464484029,0.7879311956428947,0.5312093733737563,0.5926665999540698,0.7662936484231889,0.6654105454764746,0.5621765008857981,0.5156199157230156,0.6370308082623217,0.7057850340255386,0.6513548714339145,0.6654105720171531,0.6076631769380227,0.6654105587468141,0.6926419958239132,0.5774953651858118,0.5926665999540698,0.7057850278370112,0.5156199157230156,0.6076631698328916,0.5926665999540698
0.9465966683169887,0.7879311956428947,0.7549149868676283,0.7431680086124811,0.7310585786300049,0.7057850216484838,0.7310585669110202,0.6654105653819835,0.7310585669110203,0.679178692681616,0.651354857898194,0.6513548714339144,0.6926419894793248,0.651354857898194,0.7057850340255386,0.651354857898194,0.6513548714339144,0.6926419831347362,0.679178699175393,0.6926419958239132,0.6224593312018546
0.9944450758545076,0.9284088055075428,0.8438951045175643,0.7772998560157665,0.8807970795424087,0.8519528076067262,0.8354835432479661,0.9241418257242036,0.9149009538328171,0.9099070054272775,0.9196425366837827,0.8933094003735663,0.880797068590724,0.8596637523076225,0.9196425251212037,0.8740772400852111,0.9196425278741989,0.9099070151996073,0.919642528424798,0.9496693666902855,0.9241418178895029
0.9956684986361423,0.24508502416032488,0.08035746386681626,0.08035746992340506,0.11279541299328431,0.13296423847995262,0.06371498758495588,0.09009299823734633,0.12592276647524683,0.10087862408162354,0.07159120390143847,0.12592277467581975,0.11279541746687857,0.09534946875514017,0.1192029235866439,0.10669058613457581,0.10669060246682488,0.08509904848750825,0.11279540479169524,0.10669060317692271,0.10669060175672707
0.994445075213994,0.3073580232098525,0.24508501864634824,0.14033625488320037,0.21206881182686205,0.20181321986003056,0.17328820806405806,0.22270013882530884,0.23370634623958197,0.11279539584450776,0.12592277139559052,0.1259227615549033,0.11279541224768529,0.0758581727088564,0.07159120489185762,0.09009299090809873,0.06371499380749801,0.0850990432667763,0.06754669395523943,0.06754669207816587,0.0715911969685048
0.984093608783849,0.09534945525903343,0.04468087536103822,0.0637149933630307,0.07585818367743737,0.06754668926255562,0.05340332546849447,0.050330633843892796,0.060086656064939264,0.0534033354493853,0.035144845390205876,0.037326886273225016,0.029312233878231814,0.04208772671409796,0.04468087424795329,0.03114383345734781,0.04208772881675952,0.027585282476611073,0.024423088722692065,0.050330637048962415,0.03514484943255559
0.9724147200715638,0.6370307944803831,0.6791786926816161,0.48438008427698437,0.5926665999540698,0.5467381519846138,0.6224593312018546,0.679178699175393,0.546738151984614,0.5926665999540698,0.7057850340255386,0.6224593312018546,0.6926419894793246,0.5621765008857981,0.5312093733737563,0.6370307806984444,0.6224593312018546,0.6370308082623217,0.5,0.5926665999540698,0.6513548714339145
0.9924227580808245,0.5,0.29421497216298875,0.19193278413614728,0.37754066879814546,0.24508501864634824,0.24508501864634824,0.2450850021044189,0.18242552380635635,0.3073580295544412,0.2018132246607271,0.2120688093369431,0.12592277303570515,0.13296425222296632,0.20181322226037884,0.22270014914315836,0.14804720179063335,0.2120688018671865,0.16451646289656316,0.18242552158390102,0.24508501864634824
0.9820137931962462,0.3923368301671084,0.30735801686526387,0.3629691986286475,0.4687906266262437,0.45326184801538616,0.3486451488696663,0.33458942798284697,0.45326184801538616,0.2018132150593341,0.2814056194821862,0.2814056014026228,0.3073580105206753,0.2337063569140403,0.21206881182686207,0.20181322946142374,0.256831980010821,0.34864513533394575,0.2942149597859341,0.3345894346180165,0.21206879937726764
0.9973683256388864,0.14033625308549463,0.09009299823734633,0.06754668738548217,0.060086655644158424,0.04742587183119742,0.053403326786725235,0.022977371289930073,0.037326887344129464,0.027585284974822023,0.02033235315714909,0.013222822141165224,0.011687259017647098,0.014063630336206497,0.012431652030882204,0.024423090586673288,0.01590639395687995,0.017986209863393495,0.014957088980695019,0.009708476203901872,0.021615332014210595
0.9830850875695594,0.9196425394367774,0.9465966720833626,0.8991213718636754,0.8933094081846422,0.8670357563664174,0.8596637469145054,0.8740772384450968,0.8267117940706734,0.8175744761936437,0.8519528076067262,0.9046505370289059,0.8807970748488297,0.8670357683915538,0.8596637505099168,0.8519527982093666,0.8354835371034368,0.8807970826714614,0.8519527982093668,0.8933094010836643,0.8175744695262777
0.9770226302154202,0.7879312056025699,0.6791787056691698,0.7057850278370112,0.5774953651858118,0.6224593382055109,0.6513548646660542,0.679178699175393,0.6513548714339144,0.6370307806984444,0.6654105720171531,0.6654105653819835,0.679178699175393,0.6791786861878392,0.6513548782017745,0.5926665999540698,0.7549149813536518,0.7185943925708561,0.743168019989179,0.665410558746814,0.6224593312018546
0.9919380082110559,0.754914997895581,0.7057850216484838,0.679178686187839,0.5621765008857981,0.5926665999540698,0.7057850216484838,0.5621765008857981,0.5926665999540697,0.6224593312018546,0.6791787121629466,0.6224593312018546,0.5467381519846138,0.5156199157230156,0.6076631627277603,0.4378234991142019,0.46879062662624377,0.665410558746814,0.5312093733737563,0.6076631698328916,0.5926665999540698
0.9940889318059372,0.8807970670261976,0.9496693636632753,0.9324533079218341,0.9046505421702797,0.8933094025038598,0.9362850088593058,0.9362850070814366,0.9099070054272775,0.9149009625340366,0.9324533130837862,0.9324533107374444,0.9046505248181418,0.8933094152856196,0.9362849995254918,0.9196425262224018,0.8933094103149354,0.9324533107374443,0.8519528057272543,0.9149009619539554,0.8991213772699435
0.9724147183727806,0.9099070017626537,0.8175744739711883,0.8438951045175643,0.8354835371034368,0.8807970701552505,0.9099070121457543,0.874077230244524,0.7981867729389246,0.7549149758396752,0.651354857898194,0.7879311931529758,0.8267117855317474,0.7057850278370112,0.6926419831347361,0.8175744695262777,0.8175744806385542,0.8175744739711883,0.7772998560157665,0.8438950986284991,0.8519528057272543
0.9976768371292964,0.1259227582746744,0.08509905138791503,0.056652426900697224,0.06008664933244601,0.056652426502516375,0.05033063615866528,0.04742587486052853,0.05033063651478413,0.053403325656813154,0.011687259695363123,0.01912403661112862,0.025957357150702527,0.027585279928436127,0.029312232924269762,0.02442308863393106,0.03114383255809568,0.022977368906458788,0.020332354529920653,0.025957359505418835,0.022977372209866422
0.9944450764075615,0.8080672204860316,0.766293653760418,0.6224593312018546,0.5467381519846138,0.4532618480153861,0.4843800842769844,0.5312093733737563,0.42250463481418826,0.5467381519846138,0.5621765008857982,0.5774953651858118,0.5156199157230156,0.5621765008857981,0.6076631698328916,0.6370307944803831,0.5312093733737562,0.5467381519846138,0.4687906266262437,0.5467381519846138,0.46879062662624377
0.9688561687907825,0.23370634623958197,0.12592276811536138,0.11920292828022307,0.09009300190197034,0.14033624589467186,0.17328821233352107,0.21206880684702423,0.21206881431678096,0.1561049033345227,0.17328819952513227,0.11279540628289321,0.14804720367010532,0.1645164628965632,0.1403362458946719,0.17328820379459514,0.16451645880021026,0.156104893519414,0.11279540180929935,0.1919327887583263,0.1645164608483867
0.9850429160825467,0.10669059181535787,0.06754668691621382,0.0850990374659633,0.07159120043497157,0.05033063526836816,0.056652424511612155,0.05340333507274788,0.06371498758495588,0.06008664954283641,0.03514484854829155,0.04468086693339587,0.03963883825009283,0.03114383345734782,0.03963884136997595,0.01590639101205418,0.022977372209866422,0.01590639518146112,0.035144849685202456,0.025957359882173466,0.044680867092407976
0.9947798736994931,0.8933094096048376,0.8596637505099168,0.8438951025545426,0.8354835432479661,0.718594386544335,0.7772998508568417,0.7981867849406659,0.7431680086124811,0.6926419958239132,0.7310585669110203,0.7185943985973772,0.8175744739711883,0.7981867729389246,0.705785040214066,0.6224593382055109,0.718594386544335,0.8080672066194945,0.7185943985973772,0.8519528057272543,0.7549149813536518
0.9908743619455325,0.9099070084811307,0.8175744828610095,0.7981867825403176,0.7981867777396212,0.8080672112416737,0.817574471748733,0.9046505447409665,0.8519527982093666,0.7879311956428946,0.8670357735451834,0.8519528019683106,0.8267118004748677,0.8807970701552505,0.8670357701094303,0.8872045892435128,0.8519528057272544,0.8740772286044095,0.8807970732843033,0.9099070109242131,0.8596637505099167
0.996406397148463,0.8267118004748677,0.7057850216484838,0.7057850340255386,0.5774953651858117,0.5926665999540698,0.6370307944803831,0.6076631698328916,0.651354857898194,0.5156199157230157,0.5774953651858118,0.6791786926816161,0.6076631698328916,0.5467381519846138,0.6076631769380229,0.6791787056691697,0.4225046348141882,0.5312093733737563,0.5621765008857981,0.5156199157230156,0.24508501313237172
0.9959298630297023,0.6513548714339144,0.5156199157230157,0.5,0.5156199157230156,0.5926665999540698,0.6791786926816161,0.5156199157230157,0.4378234991142019,0.5621765008857981,0.43782349911420193,0.46879062662624377,0.4073334000459302,0.40733340004593027,0.4378234991142019,0.5467381519846138,0.5,0.45326184801538616,0.3923368301671084,0.5467381519846138,0.4532618480153861
0.9953904278505383,0.13296423504419935,0.07585817688736327,0.04742587385075147,0.04742587351415913,0.035144850064172777,0.020332350968135158,0.024423088323267537,0.029312229267415526,0.024423091074858867,0.016914914877351275,0.013222820160409337,0.019124037344870125,0.009125639443991152,0.009125636235455079,0.009708475666665384,0.014063628734923395,0.002800927342352769,0.008061991066509124,0.006289902401751722,0.008061991416554901
0.9928785698648054,0.7662936484231889,0.7549149978955811,0.6370308013713525,0.5774953651858118,0.546738151984614,0.6076631698328917,0.6513548646660542,0.665410558746814,0.6513548714339145,0.679178699175393,0.5774953651858118,0.5621765008857981,0.6370308082623217,0.7310585727705126,0.5774953651858118,0.6513548714339144,0.6791787121629466,0.7772998560157665,0.7431680029241321,0.6370308082623217
0.9284088015458666,0.6224593312018545,0.679178699175393,0.6076631698328916,0.7185943805178138,0.6076631698328916,0.5621765008857982,0.6513548782017745,0.6076631698328917,0.5926665999540697,0.6224593312018545,0.6513548714339145,0.6370307944803832,0.7057850216484838,0.6076631698328917,0.6513548714339144,0.5467381519846138,0.6513548714339145,0.5467381519846138,0.665410558746814,0.5774953651858117
0.9783846696402291,0.42250463481418826,0.3629691917376783,0.3486451285660856,0.46879062662624377,0.3923368301671084,0.4843800842769844,0.39233683016710835,0.37754067580180184,0.30735800417608683,0.29421498454004374,0.32082129433083023,0.268941415510503,0.2018132150593341,0.20181321745968234,0.18242551936144571,0.16451646699291614,0.21206881431678098,0.20181323186177208,0.24508501313237172,0.22270013366638425
0.9755769112329273,0.8807970795424087,0.7772998560157663,0.7185943985973772,0.7310585844894971,0.7057850340255386,0.7431680086124812,0.7549149923816048,0.8175744806385542,0.808067204308405,0.718594386544335,0.7431680029241321,0.7549149978955811,0.6926419704455589,0.8175744739711883,0.7662936324115011,0.7057850216484838,0.7549149923816048,0.6791787121629466,0.843895106480586,0.7057850216484838
0.9783846694432721,0.40733340004593027,0.36296921930155557,0.4073334000459302,0.33458944788835565,0.39233683016710835,0.37754066179448903,0.28140561345566495,0.2814056074291439,0.36296921241058616,0.3629692055196168,0.4532618480153861,0.28140561345566495,0.256831980010821,0.29421497216298875,0.19193279338050542,0.2337063515768111,0.19193279106941585,0.1561048974454574,0.2337063515768111,0.19193279338050542
0.9840936087255356,0.904650536386234,0.7662936377487305,0.7549149923816048,0.7185943985973772,0.7431680199891789,0.7879312006227324,0.7772998611746911,0.7772998508568416,0.7549149978955811,0.7879311956428946,0.843895106480586,0.8354835350552604,0.8354835350552604,0.7549149868676283,0.8175744761936437,0.8354835350552604,0.8670357529306639,0.8519528038477825,0.8354835391516132,0.7981867777396212
0.9046505351008906,0.03514484311638436,0.01495708475446614,0.03114382873627438,0.031143827162583387,0.021615330517336554,0.035144846274469836,0.027585284025501835,0.03514484715873382,0.010986942974671997,0.013222819965979326,0.015906394656640607,0.022977368530121237,0.02161533106881645,0.02161533378682472,0.027585279129008742,0.021615334614044694,0.03732688841503393,0.03114382817424187,0.0351448498115259,0.0351448455165293
0.9603611614662815,0.5156199157230156,0.37754066879814546,0.3629691917376783,0.3629692193015555,0.4378234991142019,0.46879062662624377,0.4073334000459302,0.4073334000459302,0.4378234991142019,0.34864512856608565,0.34864514210180597,0.28140560140262283,0.37754066879814546,0.33458944788835565,0.3629692055196168,0.2942149783515162,0.32082129433083023,0.28140561345566495,0.30735801052067524,0.334589441253186
0.9770226304244967,0.7431680029241321,0.5774953651858118,0.4687906266262437,0.6076631698328916,0.6076631698328916,0.6370308013713525,0.6076631698328916,0.5467381519846138,0.546738151984614,0.6370308082623217,0.6076631698328916,0.6224593312018546,0.7057850340255386,0.6224593312018545,0.6513548782017745,0.6224593241981982,0.6224593312018546,0.6224593312018546,0.6791786861878392,0.6791786861878392
0.9850429112251279,0.8933094103149354,0.8438951084436077,0.8267117898012104,0.8933093954028817,0.8596637541053281,0.7981867825403177,0.8354835309589074,0.8267117919359419,0.8354835432479661,0.8807970842359877,0.8519528019683106,0.7879311931529758,0.8519528094861981,0.8080672135527631,0.817574471748733,0.8080672227971212,0.8438951005915208,0.7662936430859597,0.9099069968764883,0.8519528057272543
0.9796676469170548,0.8991213684847577,0.8933094110250331,0.8670357701094304,0.7662936377487304,0.817574471748733,0.817574478416099,0.7981867873410141,0.8670357477770336,0.7879311981328135,0.7981867825403176,0.8438950947024555,0.8354835391516133,0.8596637469145053,0.8872045855155176,0.8519527963298946,0.8354835391516133,0.8670357512127872,0.8080672066194945,0.8807970654616711,0.8267118004748677
0.9908743605139021,0.9362850084148385,0.899121375242593,0.8872045996818986,0.8519528038477824,0.8438951005915208,0.8807970670261976,0.8354835289107307,0.808067204308405,0.8438951104066293,0.914900959053549,0.8872045944627058,0.8438950986284991,0.914900963114118,0.8807970826714613,0.9149009509324104,0.8991213684847575,0.904650530602188,0.8175744806385543,0.8354835391516133,0.8596637505099167
0.9953904278911337,0.7879311981328135,0.6513548646660542,0.5774953651858118,0.5774953651858117,0.5774953651858118,0.5467381519846138,0.6791786926816161,0.6224593312018545,0.6654105521116443,0.6076631698328916,0.5312093733737563,0.651354857898194,0.3775406687981454,0.5312093733737562,0.43782349911420193,0.5621765008857981,0.5621765008857981,0.43782349911420193,0.42250463481418826,0.48438008427698437
0.9875683467342515,0.0953494732538428,0.05665242610433553,0.04468087249881989,0.04742586812868187,0.053403328669912084,0.053403334696110465,0.029312231281335196,0.03514484640079327,0.035144849685202456,0.027585281177541467,0.027585281927004695,0.04742587788985982,0.04742587637519416,0.027585284725000922,0.03308598089141841,0.0259573571036082,0.044680871544747154,0.0534033354493853,0.0803574649680142,0.07159119498766672
0.9973683259847813,0.8438950966654774,0.8354835411997897,0.9046505312448598,0.8519527982093666,0.8519528038477824,0.8933093996634687,0.8080672066194945,0.8519528000888387,0.8438951045175643,0.8596637487122112,0.87407724336544,0.8080672135527632,0.9046505325302033,0.8872045952083047,0.787931188173138,0.8080672204860316,0.7431680086124811,0.8740772335247532,0.8267117940706734,0.8438951005915208
0.9820137903340027,0.05033063615866528,0.04468086788746851,0.0534033316830112,0.03514484564285272,0.050330633309714545,0.02931222884343245,0.04468086709240797,0.047425870316531935,0.05033063135106099,0.029312232606282417,0.031143832220876133,0.01798621318622854,0.02442309209561057,0.04742587755326745,0.03514484993784934,0.020332355271959375,0.031143828399054874,0.021615333235344758,0.031143831546437052,0.039638835555648504
0.997199073140181,0.8438951104066293,0.7981867681382279,0.7879311981328134,0.766293653760418,0.8080672181749422,0.8519527982093666,0.8080672089305841,0.8080672158638527,0.8519528076067261,0.8175744806385542,0.798186768138228,0.7879312006227324,0.8267117919359419,0.8354835330070839,0.7057850278370112,0.7431680029241321,0.8175744695262775,0.7981867849406659,0.7772998560157665,0.7549149923816048
0.9928785722123991,0.3345894279828469,0.28140561345566495,0.32082128783705344,0.3629692193015555,0.3775406687981454,0.3923368230619772,0.24508502416032488,0.22270014914315836,0.21206879439743007,0.21206879937726766,0.2450850131323717,0.20181321265898594,0.17328820806405806,0.23370635157681108,0.24508500761839527,0.1561049013715009,0.26894141551050293,0.22270013882530884,0.29421498454004374,0.2942149721629888
0.9928785712608501,0.11920291263495983,0.06371498758495588,0.05340332904654947,0.07159119746371434,0.047425870821420434,0.0311438309844045,0.037326890021390696,0.04742586829697802,0.04208773197075204,0.04742586930675497,0.022977371373560648,0.020332351116542878,0.025957358940286904,0.022977372293497,0.0159063898457867,0.0244230912523809,0.02297736853012124,0.024423088456409045,0.039638835697461364,0.02931223207630352
0.9796676442828174,0.40733340004593027,0.2450850021044189,0.3629692193015555,0.3208213138121609,0.33458945452352534,0.42250463481418826,0.36296919173767833,0.40733340004593027,0.37754066879814546,0.3775406687981454,0.24508501313237172,0.28140561345566495,0.2942149659744614,0.23370635157681108,0.256831980010821,0.26894142136999516,0.320821300824607,0.3208212878370535,0.36296921930155557,0.3486451285660856
0.9808759611177666,0.05033063740508127,0.050330638117319,0.04742587250438209,0.0900929890757869,0.0534033328129234,0.04468087488400182,0.05340332509185711,0.06008664365190536,0.0446808731348684,0.03114382749980288,0.0566524259052451,0.031143831771250078,0.02931222990339014,0.050330631707179815,0.04742587132630891,0.04468086693339587,0.060086643651905365,0.03732688667481418,0.053403332059648596,0.08035746441741523
0.9883127413696191,0.817574471748733,0.7879312031126512,0.665410558746814,0.6926419831347361,0.6224593241981982,0.6224593312018545,0.7185943985973772,0.6926419704455588,0.7772998611746912,0.6791786926816161,0.5467381519846138,0.6370307806984444,0.6926419831347361,0.6076631698328917,0.743168019989179,0.7057850278370112,0.651354857898194,0.6926419767901476,0.6926419894793246,0.6926419958239132
0.9902915240468084,0.45326184801538616,0.3073580105206753,0.2942149783515162,0.32082130731838393,0.3629691917376783,0.3923368372722396,0.37754066179448903,0.32082129433083023,0.2689414096510109,0.22270014914315836,0.29421498454004374,0.29421497216298875,0.25683198569916993,0.28140561345566495,0.256831980010821,0.24508501864634824,0.22270014914315836,0.2814055953761019,0.25683199707586785,0.33458944125318596
0.9859363711101137,0.9284088025362857,0.8267117983401363,0.7431680086124812,0.7185943805178139,0.7310585727705126,0.7310585786300049,0.7549149923816048,0.7310585727705127,0.7057850278370112,0.6926419894793248,0.7549149868676283,0.7310585786300049,0.7057850216484838,0.7981867801399695,0.8267117940706734,0.7772998560157665,0.8354835432479661,0.7879311981328135,0.8080672181749422,0.7879311931529758
0.9924227604479682,0.8991213745668094,0.7549149813536518,0.6370308082623217,0.6513548714339145,0.6224593312018545,0.5926665999540698,0.7310585844894971,0.5926665999540698,0.6224593312018546,0.7185943925708562,0.6370308082623217,0.5774953651858118,0.6076631698328917,0.5,0.6076631698328916,0.6370307944803832,0.6654105587468141,0.5621765008857981,0.6224593312018545,0.6224593312018546
0.9908743628045106,0.8175744850834649,0.7879311981328135,0.7185943925708561,0.7549149868676283,0.7431680086124812,0.7549149813536518,0.7981867849406659,0.7662936324115011,0.766293653760418,0.7310585669110203,0.7981867801399695,0.7662936484231889,0.679178699175393,0.8267117898012104,0.8175744695262775,0.7981867873410141,0.7431680143008301,0.7981867705385762,0.7772998714925403,0.7431680029241321
0.9875683487466261,0.23370636758849894,0.20181321745968236,0.14804720367010532,0.16451646904109268,0.19193279338050542,0.13296423332632276,0.1919327841361473,0.18242552380635632,0.17328819739040086,0.12592275991478885,0.05665243028523457,0.10669058258408719,0.06754669583231304,0.08035746276561836,0.06754669254743426,0.05665242789614937,0.10087862678475762,0.09534946104307895,0.11920292515117027,0.1066905911052601
0.9890130561044111,0.3629691986286475,0.23370635691404026,0.23370634623958197,0.16451646699291614,0.22270013366638422,0.24508502416032488,0.24508501313237172,0.1824255304737224,0.1824255304737224,0.17328821233352107,0.1259227631950178,0.1645164608483867,0.12592275499444552,0.14033624229926062,0.1329642333263228,0.1066905911052601,0.09009300190197035,0.1403362494900832,0.24508501864634824,0.2120688093369431
0.9980732653577162,0.8267117983401363,0.8080672112416737,0.7057850278370112,0.7981867705385762,0.7185943985973772,0.7431680143008301,0.7772998560157663,0.7662936484231889,0.7981867849406659,0.7981867705385762,0.718594386544335,0.7662936484231889,0.6926419958239132,0.8354835432479663,0.731058584489497,0.7431680086124812,0.7549149868676284,0.8175744850834648,0.6224593312018546,0.7310585786300049
0.9975273768582964,0.7879312031126512,0.6926419894793248,0.6076631698328916,0.7310585786300049,0.7057850340255386,0.7057850402140659,0.7431680143008301,0.7185943805178138,0.7549149868676283,0.6926419831347361,0.7772998611746912,0.6224593382055109,0.7662936430859597,0.7431680143008301,0.7431680029241321,0.7549149978955811,0.7662936430859597,0.7879311931529758,0.7310585844894971,0.7662936484231889
0.9937100984976055,0.7185943985973772,0.766293653760418,0.743168019989179,0.6224593312018546,0.665410558746814,0.6513548646660543,0.6076631769380227,0.5621765008857982,0.5156199157230156,0.37754066879814546,0.4378234991142019,0.3073580105206753,0.33458943461801643,0.43782349911420193,0.2942149659744614,0.2568319970758679,0.34864514886966624,0.2814055953761019,0.3775406687981454,0.5156199157230156
0.9950945954148926,0.7981867729389246,0.7310585786300049,0.7549149868676283,0.7431680199891789,0.7879311931529758,0.7057850216484838,0.7431680143008301,0.7185943985973772,0.7879311931529758,0.7549149813536518,0.7549149868676283,0.7185943985973772,0.7185943985973773,0.7772998508568416,0.7549149813536518,0.7772998663336158,0.787931188173138,0.718594386544335,0.7431680029241321,0.5621765008857981
0.9603611573537082,0.3775406687981454,0.2814056014026228,0.24508500761839525,0.30735801052067535,0.23370636225126956,0.3345894346180165,0.28140561345566495,0.34864514210180597,0.33458945452352534,0.22270014398423355,0.2942149783515163,0.23370635691404026,0.24508500761839525,0.2689414213699951,0.23370636225126956,0.14033624949008322,0.15610490137150093,0.22270013366638422,0.2942149659744614,0.2120688068470242
0.9970189668078846,0.9399133456181841,0.9046505254608135,0.9399133519298963,0.9149009486120849,0.8175744850834649,0.9149009642742805,0.9196425240200058,0.843895106480586,0.899121386730912,0.8596637541053281,0.8933094039240554,0.8438951025545426,0.92414182206801,0.8991213725394589,0.9433475764838399,0.9399133531922388,0.8991213840277783,0.8670357563664174,0.9496693677586419,0.9149009509324104
0.9924227578076924,0.3775406687981454,0.22270014398423357,0.24508500761839525,0.19193277951396837,0.20181321745968234,0.2120688068470242,0.16451645470385742,0.16451646289656316,0.13296424535145931,0.12592275499444552,0.14033625488320034,0.1329642316084462,0.13296423504419935,0.11920291576401233,0.10087863151524239,0.08509903920620715,0.09534945525903342,0.09009298418962222,0.10669058968506456,0.12592277139559052
0.9553191257520467,0.7772998714925403,0.7549149923816048,0.6513548782017745,0.6513548782017745,0.6076631698328916,0.6791786861878392,0.6513548646660543,0.4687906266262437,0.5774953651858118,0.5156199157230156,0.6654105521116443,0.665410572017153,0.6076631698328916,0.5,0.6076631627277604,0.5774953651858117,0.5621765008857981,0.5,0.42250463481418826,0.5312093733737563
0.98677718028921,0.7662936430859597,0.8354835350552604,0.8175744828610095,0.7185944046238981,0.7185943985973773,0.5774953651858118,0.7185943985973773,0.7431680143008301,0.679178692681616,0.6370307944803832,0.665410558746814,0.6926419894793246,0.6370307944803832,0.7549149923816048,0.7185943805178139,0.6654105653819836,0.7057850340255387,0.5467381519846138,0.7057850340255386,0.6791786861878392
0.9971990736344203,0.7981867825403177,0.7662936377487304,0.6076631698328916,0.6370307944803832,0.6224593382055109,0.6370308013713525,0.6224593312018546,0.5156199157230157,0.5774953651858117,0.5156199157230157,0.6370307806984444,0.5926665999540698,0.5926665999540698,0.5621765008857981,0.679178699175393,0.5312093733737563,0.3923368372722396,0.4532618480153861,0.48438008427698437,0.5
0.9937100976098905,0.6224593241981982,0.6076631698328917,0.6076631769380229,0.6076631698328916,0.5467381519846138,0.5156199157230157,0.5774953651858118,0.5,0.5312093733737563,0.4687906266262438,0.5774953651858118,0.37754066879814546,0.4073334000459302,0.6224593312018546,0.4532618480153861,0.5926665999540697,0.5774953651858118,0.3486451488696663,0.5,0.3923368372722396
0.9648551567572922,0.3923368301671084,0.2942149659744614,0.3486451353339458,0.39233683016710835,0.3775406687981454,0.37754066879814546,0.37754066879814546,0.4532618480153861,0.3775406687981454,0.4378234991142019,0.39233683727223956,0.34864514210180597,0.4687906266262437,0.30735801686526387,0.334589441253186,0.3775406617944891,0.3629692055196168,0.37754066879814546,0.3629692055196168,0.3073580232098525
0.9908743611960319,0.33458944788835565,0.4532618480153861,0.29421497216298875,0.28140561345566495,0.39233683016710835,0.46879062662624377,0.4378234991142019,0.40733340004593027,0.3923368372722396,0.4378234991142019,0.4687906266262437,0.2942149659744614,0.34864513533394575,0.22270014398423357,0.23370634623958197,0.28140561345566495,0.2568319970758679,0.19193277951396834,0.15610488959337065,0.22270012850745968
0.9626731117188292,0.8807970748488297,0.7662936484231889,0.7772998663336158,0.7431680029241321,0.6926419831347362,0.8267118004748677,0.7981867729389245,0.7879311906630568,0.8175744850834649,0.8519528019683105,0.7772998560157665,0.7549149868676283,0.8080672227971211,0.7549149868676284,0.8519527963298947,0.7981867777396211,0.7662936430859597,0.7549149923816048,0.7879311931529758,0.7549149978955811
0.9919380071236795,0.3345894545235253,0.2568319856991699,0.16451645880021026,0.1919327887583263,0.256832002764217,0.24508500210441886,0.23370634623958195,0.22270013366638422,0.2018132246607271,0.24508501864634824,0.14804720179063333,0.2018132198600306,0.1480471923932738,0.1480471999111614,0.12592277631593438,0.16451646699291617,0.16451645675203383,0.1561049033345227,0.21206880435710534,0.23370635691404026
0.9770226322225538,0.04742587805815601,0.037326890690706035,0.03732689028911683,0.04468087329388052,0.0600866491220556,0.04208773167037178,0.06008665227791172,0.05033063598060585,0.03308597874623473,0.03732688761185558,0.02931223159932252,0.039638839951847235,0.035144845137559035,0.04208772626352765,0.031143831996063107,0.056652430683415446,0.060086652698692546,0.05665242351616007,0.05033063776120014,0.044680871544747154
0.9840936079091483,0.8438951025545426,0.6791787056691697,0.6370307944803831,0.6076631698328916,0.6926419958239132,0.6224593312018545,0.6370307944803832,0.6791786861878392,0.6791787121629465,0.6370307944803831,0.5926665999540698,0.6370308013713525,0.7549149813536518,0.7310585727705127,0.679178699175393,0.7662936377487304,0.8596637487122111,0.7549149813536518,0.7057850278370112,0.7981867753392728
0.9867771752218771,0.39233683016710835,0.23370636758849894,0.22270013366638422,0.30735800417608683,0.2018132246607271,0.24508501864634824,0.17328821446825263,0.23370636758849891,0.22270012850745968,0.23370635157681108,0.1824255304737224,0.18242552380635635,0.18242551713899047,0.20181322946142374,0.26894141551050293,0.18242552158390102,0.1919327864472368,0.24508501864634824,0.22270014398423355,0.26894143308897966
0.9669140248290711,0.7879311881731379,0.7057850216484838,0.8740772351648677,0.7981867873410141,0.7772998611746912,0.817574471748733,0.7981867705385762,0.7772998611746912,0.7981867729389246,0.8596637523076225,0.8519528057272544,0.8670357718273068,0.8596637451167997,0.8267117855317474,0.8080672112416737,0.8807970764133561,0.8670357615200475,0.8267117983401363,0.8670357477770336,0.8519528038477824
0.9579122767402743,0.6654105454764746,0.6513548714339145,0.7310585727705126,0.6224593312018546,0.6513548511303336,0.5312093733737562,0.5926665999540698,0.5621765008857981,0.5774953651858118,0.5621765008857981,0.5312093733737562,0.5312093733737563,0.5312093733737563,0.5621765008857981,0.5621765008857981,0.6370307806984444,0.5467381519846138,0.4532618480153861,0.6224593312018545,0.5467381519846138
0.9875683507590004,0.1259227615549033,0.0953494604004072,0.04742587132630892,0.050330633309714545,0.08035746166442044,0.05665242650251638,0.044680869636601735,0.03514484842196812,0.042087725963147436,0.037326888281170874,0.02442309165180548,0.03514484501123561,0.02931222921441764,0.029312232235297192,0.022977370077286754,0.02442309209561057,0.017986206014169497,0.024423089521541146,0.03963883739921566,0.02442309209561057
0.9850429131735841,0.8872045974451017,0.8740772302445241,0.8596637523076225,0.7772998560157665,0.7662936484231889,0.8267117983401363,0.8438951005915208,0.8080672181749422,0.8807970764133561,0.8354835371034369,0.8670357701094303,0.9046505408849362,0.8740772368049822,0.8267117962054048,0.8354835391516132,0.8519527982093666,0.8519528000888387,0.8080672135527632,0.8596637487122111,0.8519528057272543
0.995094593516894,0.843895106480586,0.7431680143008301,0.7310585786300049,0.6654105653819836,0.6791787056691698,0.6791786861878392,0.6654105653819836,0.6654105653819835,0.6926419831347361,0.6654105587468141,0.6370307944803831,0.5312093733737563,0.5621765008857982,0.6791787121629465,0.6513548714339145,0.5467381519846138,0.5621765008857981,0.5467381519846138,0.6224593312018545,0.6791787056691697
0.9324533130837862,0.5,0.743167997235783,0.679178699175393,0.766293653760418,0.6654105653819836,0.6513548646660543,0.7185943925708561,0.7057850216484838,0.7310585786300048,0.651354857898194,0.7879311956428947,0.6926419958239132,0.6926419831347361,0.7431680199891789,0.651354857898194,0.6926419958239132,0.6513548511303338,0.6926419704455589,0.7431680143008301,0.7057850154599562
0.9961755165753515,0.8670357649558007,0.8080672066194945,0.7879311956428947,0.7431679972357831,0.7772998611746912,0.6370307806984444,0.6791786926816161,0.6076631698328916,0.6224593382055109,0.7431680086124811,0.6370308082623217,0.7431680029241321,0.743167997235783,0.7057850402140659,0.7185943805178139,0.6654105521116443,0.6654105521116443,0.5,0.718594386544335,0.7057850340255386
0.9966233877812335,0.24508501864634827,0.15610490333452268,0.1645164608483867,0.14804719427274568,0.1732882016598637,0.11920292202211755,0.1066905889749668,0.14804719615221756,0.14804719427274568,0.13296422989056966,0.0803574649680142,0.0900929878542457,0.09009299090809872,0.08035746606921215,0.11920291263495983,0.10669060033653141,0.06008665290908296,0.09534947004048376,0.09009300190197034,0.1403362494900832
0.9883127446183525,0.28140560742914383,0.2568319970758679,0.18242551713899047,0.20181323186177208,0.20181322946142372,0.2120688068470242,0.18242552158390105,0.14804719803168945,0.18242552158390102,0.1561048915563923,0.21206879937726766,0.2018132126589859,0.19193277951396834,0.1732882059293266,0.1480471999111614,0.20181322946142374,0.23370634623958195,0.21206880435710534,0.16451645675203386,0.15610489940847916
0.989671849289399,0.3629692193015555,0.3923368301671084,0.45326184801538616,0.45326184801538616,0.5,0.5156199157230156,0.3775406617944891,0.4073334000459302,0.5156199157230156,0.4687906266262437,0.5312093733737563,0.48438008427698437,0.4225046348141882,0.28140560140262283,0.2942149659744614,0.3629691917376783,0.33458945452352534,0.30735801686526387,0.33458944788835565,0.3073580168652638
0.9966233870760617,0.5774953651858118,0.43782349911420193,0.4687906266262437,0.5156199157230157,0.5774953651858118,0.39233683016710835,0.4532618480153861,0.3073580232098525,0.3208212878370535,0.2942149659744614,0.2942149783515163,0.30735801686526387,0.30735802320985245,0.42250463481418826,0.2814056014026228,0.4532618480153861,0.334589441253186,0.3486451217982255,0.4073334000459302,0.33458944788835565
0.9959298616989505,0.32082129433083023,0.32082129433083023,0.34864513533394575,0.34864514210180597,0.40733340004593027,0.2689414330889797,0.22270012850745968,0.2568319970758679,0.19193279338050545,0.1403362476923775,0.16451646699291617,0.1645164608483867,0.21206880435710534,0.19193278875832634,0.16451646699291614,0.0900930031235117,0.14033624949008322,0.15610489940847913,0.23370636225126953,0.19193277951396834
0.9840936100375866,0.8519528038477824,0.9149009486120849,0.8670357615200474,0.8596637541053281,0.7310585844894971,0.8807970904940926,0.7981867801399695,0.7310585786300049,0.7981867729389246,0.7981867849406659,0.8670357529306639,0.8519528057272543,0.798186787341014,0.8991213684847577,0.8807970904940926,0.7772998560157665,0.7981867705385763,0.6791787121629465,0.7310585669110203,0.7772998611746912
0.997527377308531,0.19193279106941588,0.10087861259330445,0.06754669301670264,0.07585817949893016,0.0446808737709169,0.07585818315512395,0.0758581763650499,0.04742587233608593,0.033085975647636316,0.01912403710028962,0.024423092273132607,0.029312233825233916,0.03308597743528921,0.016914914536642178,0.021615333117170482,0.022977368321044824,0.03308597958047281,0.020332351673071826,0.01691491187291674,0.035144850316819645
0.9933071490385662,0.8438951104066293,0.7185943985973772,0.6370307944803831,0.6926419704455589,0.7057850340255386,0.8080672066194945,0.766293648423189,0.766293653760418,0.7431680086124812,0.8080672181749422,0.8519527963298947,0.7662936484231889,0.7057850402140659,0.8175744761936437,0.6926419894793246,0.7662936430859597,0.7879311856832191,0.7662936430859597,0.7549149923816048,0.6791787056691698
0.9890130572580872,0.4073334000459302,0.4378234991142019,0.3775406687981454,0.29421497216298875,0.4225046348141882,0.348645142101806,0.2814056014026228,0.39233683016710835,0.28140560140262283,0.36296919173767833,0.3208213138121609,0.334589441253186,0.2814055953761019,0.3923368372722396,0.28140560742914383,0.2942149783515162,0.3208212878370535,0.34864513533394575,0.29421497216298875,0.2814056014026228
0.9953904271283658,0.8596637433190939,0.8807970811069351,0.6791787056691697,0.6370307944803831,0.7057850340255387,0.705785040214066,0.6513548646660543,0.6791787056691698,0.7772998663336158,0.6654105653819836,0.7981867873410141,0.7057850340255386,0.7549149923816048,0.7431680029241321,0.6654105521116443,0.6513548646660542,0.6513548782017745,0.6926419767901475,0.7981867825403176,0.7057850154599562
0.9947798751237665,0.7310585727705127,0.679178692681616,0.5621765008857981,0.5156199157230156,0.6370307944803832,0.5,0.6370307806984444,0.6076631769380229,0.5774953651858117,0.4378234991142019,0.5312093733737563,0.3923368301671084,0.29421498454004374,0.3073580168652638,0.4073334000459302,0.32082129433083023,0.25683199138751883,0.3073580041760869,0.33458943461801643,0.34864512856608554
0.9830850878483214,0.705785040214066,0.6370307944803832,0.5156199157230157,0.5774953651858118,0.6076631698328916,0.5926665999540697,0.5,0.5621765008857981,0.5774953651858117,0.5312093733737563,0.5621765008857981,0.5926665999540697,0.48438008427698437,0.5312093733737562,0.6224593312018546,0.6654105454764746,0.5,0.5926665999540698,0.5312093733737563,0.5621765008857981
0.9956684976139297,0.7662936484231889,0.787931188173138,0.7662936430859597,0.7185943985973773,0.7185944046238981,0.7772998663336157,0.7879311956428946,0.8080672112416737,0.7662936484231889,0.7431680143008301,0.8175744761936437,0.8080672089305841,0.705785040214066,0.7981867777396212,0.7549149758396752,0.7772998663336158,0.7981867729389246,0.7057850278370112,0.7772998611746912,0.6926419831347361
0.9940889320823021,0.8175744717487329,0.8519528038477825,0.7981867753392728,0.8267117898012105,0.7772998663336158,0.718594386544335,0.7662936484231889,0.7185943925708561,0.7772998508568417,0.8080672112416737,0.7879312031126512,0.7981867801399695,0.7879311956428946,0.7772998508568417,0.766293653760418,0.7549149978955811,0.7549149923816048,0.8175744673038222,0.7879312056025699,0.7549149923816048
0.9950945936328197,0.9496693633071565,0.9241418241572634,0.8807970795424088,0.9046505447409665,0.9149009457116781,0.9149009636941993,0.9046505299595162,0.9362850070814366,0.9399133531922388,0.91964253282959,0.9149009636941993,0.9046505428129514,0.9284087946129328,0.914900957313305,0.9324533032291501,0.9496693654438695,0.8740772302445241,0.924141813188682,0.8872045996818986,0.9149009474519223
0.974042641907411,0.5774953651858118,0.5,0.5621765008857981,0.45326184801538616,0.6654105454764747,0.5621765008857982,0.5774953651858118,0.5467381519846138,0.5312093733737563,0.6076631698328916,0.6370308013713526,0.48438008427698437,0.5312093733737563,0.5,0.4687906266262437,0.5156199157230156,0.5467381519846138,0.5467381519846138,0.5774953651858118,0.5156199157230157
0.9808759615370475,0.5,0.4378234991142019,0.4378234991142019,0.42250463481418826,0.48438008427698437,0.4378234991142019,0.4532618480153861,0.4073334000459302,0.39233683016710835,0.320821300824607,0.3073580232098525,0.28140560742914383,0.34864513533394575,0.26894142722948733,0.26894141551050293,0.23370635691404026,0.30735801686526387,0.2120688093369431,0.3345894478883556,0.3629691917376783
0.984093605576613,0.651354857898194,0.6513548646660543,0.6370307944803832,0.5926665999540698,0.6076631698328916,0.5621765008857981,0.6224593382055109,0.6076631698328916,0.6370307944803832,0.5156199157230156,0.5621765008857981,0.665410572017153,0.6224593241981982,0.5926665999540698,0.5621765008857982,0.5,0.5467381519846138,0.4378234991142019,0.5774953651858117,0.4532618480153861
0.9525741227833249,0.48438008427698437,0.4843800842769844,0.4225046348141883,0.5156199157230157,0.5156199157230157,0.5,0.5312093733737562,0.5156199157230157,0.5156199157230156,0.48438008427698437,0.5312093733737562,0.3923368372722396,0.46879062662624377,0.4843800842769843,0.5467381519846138,0.5926665999540698,0.6076631698328916,0.45326184801538616,0.5621765008857981,0.5
0.9947798749012994,0.7772998611746911,0.7549149923816048,0.665410558746814,0.6513548782017745,0.5156199157230157,0.6513548646660542,0.5774953651858118,0.6224593312018546,0.665410558746814,0.5926665999540698,0.5312093733737563,0.5926665999540698,0.546738151984614,0.5774953651858118,0.5,0.5467381519846138,0.46879062662624377,0.6370307806984444,0.7057850278370112,0.6224593312018546
0.9928785706681896,0.33458943461801643,0.21206880933694314,0.1329642316084462,0.19193279338050545,0.13296423332632276,0.18242552825126704,0.1329642316084462,0.12592275171421677,0.13296425394084313,0.1732882059293266,0.1561048974454574,0.1645164710892692,0.11920292984474948,0.11920291576401233,0.1008786132690879,0.20181322466072713,0.14804720179063335,0.16451646289656316,0.12592277631593438,0.2227001439842336
0.9669140229222414,0.8438951084436077,0.7772998663336157,0.7549149868676283,0.6926419831347361,0.679178699175393,0.7772998560157663,0.731058584489497,0.7057850278370112,0.7772998663336158,0.7662936377487305,0.8080672158638527,0.7431680029241321,0.731058584489497,0.7662936377487305,0.7549149813536518,0.7879311956428946,0.6926419894793246,0.6370307875894139,0.7431680143008301,0.6224593312018546
0.9968273166855117,0.8354835309589074,0.7431680086124811,0.679178699175393,0.5926665999540698,0.679178699175393,0.6224593312018546,0.7185943925708562,0.5,0.5926665999540698,0.7057850278370112,0.6654105653819836,0.6076631698328916,0.4843800842769844,0.6654105521116443,0.6654105653819836,0.4843800842769843,0.6076631698328916,0.7310585903489891,0.6076631698328917,0.5926665999540697
0.9964063968183201,0.7310585727705127,0.6224593312018545,0.6926419767901476,0.6224593312018546,0.7057850216484838,0.5312093733737563,0.6513548646660543,0.6370307944803831,0.665410558746814,0.7310585903489891,0.6654105720171531,0.679178699175393,0.718594386544335,0.6654105653819836,0.5621765008857981,0.6224593312018546,0.6076631698328916,0.6224593241981982,0.622459338205511,0.6791786926816161
0.9496693698953548,0.5312093733737563,0.4378234991142018,0.39233683016710835,0.5,0.43782349911420193,0.42250463481418826,0.4378234991142019,0.4687906266262437,0.546738151984614,0.3629691986286475,0.5156199157230157,0.4073334000459302,0.5,0.48438008427698437,0.5312093733737563,0.46879062662624377,0.4687906266262437,0.43782349911420193,0.5,0.46879062662624377
0.993307148187237,0.7662936484231889,0.8354835391516133,0.8267117876664789,0.7057850340255386,0.7981867753392728,0.7981867777396212,0.7772998714925403,0.6926419767901475,0.8080672089305841,0.7981867825403177,0.7662936484231889,0.7185943805178139,0.679178699175393,0.679178699175393,0.6076631698328917,0.7879311956428946,0.718594386544335,0.7310585786300049,0.651354857898194,0.6791787056691698
0.9433475689184037,0.3775406617944891,0.45326184801538616,0.4532618480153861,0.39233683016710835,0.46879062662624377,0.6224593312018546,0.45326184801538616,0.6076631698328917,0.4843800842769843,0.4687906266262438,0.4532618480153861,0.4532618480153861,0.37754066879814546,0.4378234991142019,0.4378234991142019,0.37754067580180184,0.37754066879814546,0.3073580232098525,0.348645142101806,0.37754067580180184
0.9950945944306612,0.8354835411997897,0.8596637541053281,0.8519528076067262,0.8438950966654774,0.8807970670261976,0.8438951084436077,0.8267118004748677,0.8596637451167997,0.8670357546485407,0.7549149813536518,0.8596637451167997,0.7310585727705126,0.7057850154599562,0.7057850154599562,0.8267117940706734,0.718594386544335,0.6926419958239133,0.6654105653819835,0.6926419831347361,0.7057850154599562
0.9914225140556556,0.5774953651858118,0.5156199157230156,0.5312093733737563,0.4378234991142019,0.4532618480153861,0.5156199157230157,0.5312093733737563,0.5156199157230157,0.5312093733737563,0.5156199157230156,0.5,0.5156199157230156,0.39233683016710835,0.4532618480153861,0.4073334000459302,0.37754066879814546,0.3073580105206753,0.37754066879814546,0.4378234991142019,0.34864513533394575
0.9896718464145111,0.5774953651858117,0.5621765008857981,0.6076631627277603,0.6224593382055109,0.6370307806984444,0.651354857898194,0.5312093733737563,0.5774953651858118,0.6224593312018546,0.546738151984614,0.6791787056691698,0.6370307944803831,0.665410572017153,0.5926665999540698,0.5774953651858118,0.5156199157230156,0.5156199157230157,0.5156199157230157,0.6513548646660543,0.5467381519846138
0.9241418137109955,0.7310585903489891,0.8175744828610095,0.7310585669110202,0.7662936377487304,0.731058584489497,0.8080672135527632,0.679178692681616,0.7662936484231889,0.7662936324115011,0.6513548714339145,0.7057850216484838,0.731058584489497,0.6224593312018546,0.7431680086124811,0.6791787121629466,0.754914975839675,0.8080672135527632,0.6926419894793246,0.6513548511303336,0.7772998508568416
0.9940889315186272,0.6513548511303338,0.5926665999540697,0.6224593312018545,0.5926665999540698,0.5926665999540698,0.5774953651858118,0.5926665999540697,0.42250463481418826,0.40733340004593027,0.45326184801538616,0.5312093733737563,0.48438008427698437,0.4532618480153861,0.46879062662624377,0.5156199157230156,0.46879062662624377,0.45326184801538616,0.5,0.5312093733737563,0.5156199157230157
0.9669140248290711,0.7772998714925403,0.743167997235783,0.6926419831347362,0.766293653760418,0.7310585903489891,0.7549149868676284,0.7981867849406659,0.7772998663336158,0.7772998611746912,0.7431680143008301,0.7662936377487305,0.8080672089305841,0.7879311906630568,0.7981867729389246,0.8438950966654774,0.8080672112416737,0.7431680143008301,0.7185943985973772,0.705785040214066,0.7057850278370112
0.9933071480138753,0.7310585786300049,0.5774953651858117,0.5156199157230156,0.5156199157230156,0.5621765008857981,0.5312093733737562,0.5467381519846138,0.5312093733737563,0.5774953651858118,0.5,0.6076631698328916,0.5,0.45326184801538616,0.5,0.5,0.4225046348141882,0.5774953651858118,0.36296919173767833,0.4532618480153861,0.4843800842769844
0.989013059555319,0.32082130731838393,0.22270014398423355,0.25683199138751883,0.2450850131323717,0.14804719991116141,0.21206881182686205,0.21206879439743,0.23370635691404026,0.2689414213699951,0.19193278182505782,0.14804720179063333,0.21206880933694308,0.20181322946142372,0.1732882016598637,0.14033625308549463,0.06754669207816585,0.18242552825126704,0.16451646904109268,0.1919327841361473,0.11920290950590741
0.9914225164078615,0.2942149783515162,0.1824255149165352,0.1480472055495773,0.11920293453832885,0.11920293297380238,0.16451646904109268,0.12592276483513232,0.1732882059293266,0.18242552158390102,0.16451646494473962,0.21206879439743007,0.18242552380635635,0.16451646289656316,0.14033625488320037,0.1561049033345227,0.2227001388253088,0.16451646904109268,0.24508501864634824,0.18242552602881165,0.28140561345566495
0.9896718451293788,0.5156199157230156,0.4073334000459302,0.48438008427698437,0.34864514210180597,0.4378234991142019,0.46879062662624377,0.5156199157230156,0.4532618480153861,0.42250463481418826,0.45326184801538616,0.34864513533394575,0.37754066879814546,0.4378234991142019,0.39233683016710835,0.40733340004593027,0.3486451285660856,0.4225046348141882,0.3629692055196168,0.39233683016710835,0.42250463481418826
0.9973683266221813,0.7772998560157663,0.5774953651858118,0.5621765008857981,0.6370307944803832,0.6926419831347361,0.5621765008857982,0.6224593312018546,0.5926665999540698,0.6926419894793246,0.546738151984614,0.5926665999540697,0.6076631698328916,0.7310585786300049,0.5926665999540698,0.6513548782017745,0.6513548782017745,0.6370307944803831,0.6654105720171531,0.7549149813536518,0.5926665999540698
0.9928785724099526,0.8991213732152424,0.8991213725394589,0.8519528000888387,0.7879311931529758,0.8670357546485408,0.8933094039240554,0.8519527944504227,0.8438951045175643,0.8807970779778824,0.8991213745668094,0.8807970826714614,0.8807970670261976,0.8670357632379241,0.8991213786215104,0.9099069962657176,0.8872045937171068,0.8807970826714614,0.909906997487259,0.8991213698363247,0.880797068590724
0.9284088015458666,0.031143829410713395,0.016914911563181246,0.024423088012604018,0.02758528462507248,0.03963884349716912,0.022977372042605262,0.03114383132162403,0.020332353862085824,0.02931223234129297,0.02297737032817847,0.021615334062564707,0.020332355680080683,0.024423089166497106,0.03308597481339833,0.019124035038825482,0.02297737241894287,0.012431648223378753,0.019124036366548122,0.04208773136999154,0.033085981606479666
0.9950945939919621,0.9284087995650284,0.8872045870067157,0.8519527963298947,0.8267117898012105,0.8175744761936437,0.8596637559030338,0.7310585727705126,0.8438951045175643,0.8080672135527632,0.817574471748733,0.8438951005915208,0.8267117983401363,0.8354835391516133,0.8267117962054049,0.8438951064805861,0.8354835371034369,0.8080672089305841,0.7549149758396752,0.766293653760418,0.7431680143008301
0.9875683519138286,0.8354835432479661,0.743167997235783,0.6654105653819836,0.6076631698328916,0.5926665999540698,0.622459338205511,0.6076631627277604,0.6513548511303336,0.6791787121629465,0.7057850278370112,0.6370308013713525,0.5467381519846138,0.5926665999540697,0.6076631627277603,0.5312093733737563,0.7057850340255386,0.6513548646660542,0.5926665999540698,0.5621765008857982,0.5926665999540698
0.99444507478184,0.7185943985973772,0.5621765008857981,0.5621765008857982,0.40733340004593027,0.5,0.5312093733737563,0.5156199157230157,0.6076631627277603,0.5774953651858118,0.40733340004593027,0.5926665999540698,0.5,0.46879062662624377,0.4843800842769844,0.4073334000459302,0.4532618480153861,0.4378234991142019,0.5467381519846138,0.5312093733737563,0.5
0.9950945946284167,0.924141827813457,0.8670357598021707,0.808067204308405,0.8740772384450967,0.8872045989362997,0.8596637523076225,0.8670357735451834,0.9046505280315008,0.9284087975841903,0.9399133502467732,0.9149009532527358,0.8438950966654774,0.8670357529306639,0.8438951045175642,0.8991213745668094,0.8933093961129794,0.8933094074745443,0.8519527982093666,0.8438951025545426,0.7772998611746912
0.9950945932736773,0.6513548646660542,0.5312093733737563,0.5621765008857982,0.6076631769380229,0.6076631627277604,0.4532618480153861,0.46879062662624377,0.5926665999540698,0.4843800842769844,0.43782349911420193,0.48438008427698437,0.42250463481418826,0.3073580232098525,0.48438008427698437,0.4073334000459302,0.34864513533394575,0.4073334000459302,0.4378234991142019,0.48438008427698437,0.45326184801538616
0.9973683255038285,0.8267117898012104,0.7879312056025699,0.6513548714339145,0.5156199157230156,0.48438008427698437,0.4843800842769843,0.4687906266262437,0.5,0.4225046348141882,0.42250463481418826,0.5312093733737562,0.4378234991142019,0.4378234991142019,0.5926665999540697,0.5156199157230157,0.3629691986286475,0.40733340004593027,0.40733340004593027,0.5156199157230156,0.4225046348141882
0.9908743623244934,0.7431680029241321,0.5621765008857981,0.5926665999540698,0.4532618480153861,0.5156199157230156,0.6224593382055109,0.6654105521116443,0.5467381519846138,0.6224593312018545,0.5621765008857982,0.5774953651858118,0.5,0.5312093733737563,0.45326184801538616,0.5312093733737563,0.546738151984614,0.4073334000459302,0.5,0.4687906266262437,0.4378234991142019
0.964855157009939,0.4378234991142019,0.43782349911420193,0.3486451285660856,0.23370636225126953,0.2942149783515162,0.348645142101806,0.2814056014026228,0.2689414330889797,0.39233683016710835,0.33458942798284697,0.25683199138751883,0.23370635691404026,0.24508500761839522,0.21206880186718646,0.25683199138751883,0.18242551491653522,0.1480472055495773,0.1561049052975445,0.23370635157681108,0.23370634623958197
0.966914021492119,0.5,0.3775406687981454,0.3923368301671084,0.4378234991142019,0.33458945452352534,0.3073580232098525,0.3073580168652638,0.34864513533394575,0.29421497216298875,0.28140561345566495,0.3073580232098525,0.29421498454004374,0.3775406687981454,0.28140560140262283,0.24508500761839522,0.268941415510503,0.29421497216298875,0.2018132198600306,0.19193277951396837,0.2018132246607271
0.9924227586025766,0.546738151984614,0.4378234991142019,0.45326184801538616,0.32082131381216084,0.2942149721629888,0.34864513533394575,0.3073580232098525,0.3073580105206753,0.21206881182686205,0.2689414213699951,0.3629692055196168,0.24508500761839525,0.2120688093369431,0.2689414096510109,0.3345894478883556,0.36296921241058616,0.2942149845400438,0.23370635691404026,0.28140561345566495,0.29421498454004374
0.9796676446909387,0.9241418231126367,0.8438951104066293,0.8080672158638528,0.7981867849406659,0.7431680029241321,0.7879311906630568,0.7879311931529758,0.7772998560157665,0.7431680143008301,0.7662936430859597,0.8354835309589074,0.7981867825403176,0.817574471748733,0.7772998560157665,0.7549149758396752,0.6926419831347361,0.808067204308405,0.7549149978955811,0.7549149813536518,0.7549149923816048
0.9956684972142827,0.10669058968506456,0.06371499691876929,0.04742587216778976,0.047425872840974444,0.04742586981164345,0.0330859781503504,0.035144845895499564,0.060086645335028464,0.03514484387432485,0.03963883938459575,0.03114383165884357,0.0534033311180551,0.024423092406274136,0.02931222826045574,0.03514484387432485,0.037326887076403345,0.03114382727498988,0.020332351005237087,0.04208773257151255,0.044680868523516944
0.9937100979911713,0.4073334000459302,0.320821300824607,0.39233683016710835,0.37754066879814546,0.40733340004593027,0.3775406687981454,0.3923368301671084,0.33458943461801643,0.2018132150593341,0.19193277951396837,0.37754066179448903,0.2568319856991699,0.24508501864634824,0.24508501864634824,0.3629692055196168,0.32082128783705344,0.29421497216298875,0.2689414330889797,0.3923368372722396,0.3345894545235253
0.9959298613780598,0.7662936430859597,0.665410558746814,0.6370307944803831,0.743167997235783,0.6370307944803831,0.5774953651858118,0.6791787056691697,0.5926665999540698,0.5467381519846138,0.665410558746814,0.7431680143008301,0.6076631698328916,0.5621765008857981,0.5774953651858118,0.5,0.6224593312018546,0.718594386544335,0.7549149923816048,0.7549149923816048,0.6513548782017745
0.9944450749336083,0.3923368301671084,0.24508500761839525,0.2689414213699951,0.3073580295544412,0.22270013882530887,0.24508501864634824,0.29421498454004374,0.23370634623958195,0.2689414213699951,0.24508501864634824,0.1329642436335826,0.1329642333263228,0.1732882016598637,0.17328820379459514,0.20181322946142374,0.21206880684702423,0.1561048954824357,0.17328821233352107,0.19193279569159505,0.19193279569159502
0.9875683513649993,0.7310585786300049,0.5,0.5926665999540698,0.5926665999540698,0.5467381519846138,0.6791787056691697,0.6513548646660543,0.5156199157230157,0.6224593312018545,0.5926665999540698,0.5312093733737563,0.6224593312018546,0.5312093733737562,0.6224593312018546,0.5,0.6370307944803831,0.5,0.5312093733737563,0.5621765008857981,0.5774953651858117
0.9971990728826563,0.8596637523076225,0.743168019989179,0.6926419894793248,0.7310585844894971,0.6926419767901475,0.6926419831347361,0.6654105454764747,0.6654105454764747,0.7662936484231889,0.6926419767901475,0.6076631698328916,0.5467381519846138,0.5774953651858118,0.5926665999540698,0.5,0.6224593241981982,0.5621765008857981,0.5621765008857981,0.7057850402140659,0.6076631698328916
0.9919380101176881,0.06754669630158146,0.03732688854889699,0.031143832895315228,0.025957355502401233,0.0311438294107134,0.03514484299006095,0.03514484652711669,0.04468086852351695,0.031143833457347815,0.0275852841753945,0.0259573592699472,0.03514484324270777,0.014063628773664114,0.029312228207457852,0.02931222757148327,0.024423091918088533,0.02033235523485744,0.03514484311638436,0.02033235185858148,0.03308597672022805
0.9944450749336083,0.2689414272294874,0.17328820165986372,0.09009299518349309,0.12592276647524683,0.1480472036701053,0.14033624229926062,0.10669059820623797,0.11920292671569666,0.09534946361376598,0.06371499825217133,0.0850990519679964,0.09534946040040722,0.06754668973182398,0.05340332584513183,0.047425874692232355,0.04208772491181671,0.060086647649322804,0.07585817897661677,0.037326883729827086,0.060086655854548844
0.9626731110495138,0.6224593312018546,0.5312093733737563,0.4843800842769844,0.6370308013713525,0.4687906266262437,0.5926665999540697,0.5926665999540698,0.5621765008857981,0.5467381519846138,0.5312093733737563,0.5156199157230157,0.5774953651858118,0.5774953651858118,0.5312093733737563,0.5,0.5312093733737563,0.5312093733737563,0.6076631698328916,0.5774953651858118,0.5926665999540698
0.9928785709612273,0.7310585727705127,0.679178699175393,0.5,0.5,0.5467381519846138,0.6224593382055109,0.5467381519846138,0.3923368230619772,0.4378234991142019,0.24508502416032485,0.28140560742914383,0.19193279106941588,0.1259227631950178,0.2120688093369431,0.19193279569159505,0.14033625308549463,0.15610489940847913,0.11920293297380237,0.20181322466072713,0.14804719051380197
0.991422515006042,0.8354835391516133,0.8175744806385542,0.8354835452961425,0.7662936484231889,0.7772998560157665,0.808067208930584,0.8175744761936437,0.7772998611746912,0.8519528019683106,0.8438951025545426,0.7981867729389246,0.7981867825403176,0.851952809486198,0.8872045825331214,0.8933094032139577,0.8438950966654774,0.8807970811069351,0.8519528038477825,0.8438950986284991,0.867035752930664
0.9919380094920746,0.6926419831347361,0.6076631698328916,0.5312093733737562,0.4687906266262437,0.5,0.5621765008857982,0.5926665999540698,0.5312093733737563,0.4378234991142019,0.6076631698328916,0.6370307944803831,0.5926665999540698,0.5621765008857982,0.6513548714339145,0.5774953651858117,0.6513548782017745,0.679178699175393,0.45326184801538616,0.5621765008857981,0.6076631698328916
0.9783846694826634,0.21206879937726766,0.10087861462065478,0.0900930031235117,0.056652424511612155,0.09534946875514017,0.060086651015569245,0.08509903746596331,0.06371500003004073,0.07159120340622892,0.056652428891601526,0.05033063295359571,0.0534033284815934,0.042087731520181665,0.05033062761181352,0.0637149955853673,0.035144849937849325,0.027585280977684607,0.037326884666868405,0.04468086597932324,0.05033063615866528
0.97557690794877,0.0420877310696113,0.03732688600549891,0.060086648490884395,0.04742586829697802,0.060086651225959666,0.06371499202962878,0.05033063206329864,0.02931222852544515,0.027585284225358716,0.029312231599322523,0.03308598053388779,0.039638843071730476,0.05033063793925958,0.03963883981003436,0.0474258688018665,0.053403326975043915,0.05340332923486816,0.06754668926255562,0.06754668785475053,0.06008664407268613
0.9783846655435211,0.3073580232098525,0.19193279106941588,0.30735800417608683,0.30735802320985245,0.334589441253186,0.28140561345566495,0.26894141551050293,0.2689414272294874,0.23370636225126953,0.3208212943308302,0.2689414096510108,0.22270013366638425,0.2337063569140403,0.28140560742914383,0.1480471923932738,0.11920292671569664,0.21206879937726764,0.2018132246607271,0.2450850131323717,0.19193279106941588
0.9956684977223766,0.8267118004748677,0.8933093954028816,0.8670357649558007,0.8267117962054048,0.7981867681382279,0.8872045937171068,0.8080672181749422,0.8740772417253256,0.8080672181749421,0.8267117919359419,0.7772998663336158,0.8175744739711883,0.787931190663057,0.8596637523076225,0.843895106480586,0.7310585727705127,0.6513548578981939,0.7310585727705126,0.7549149923816048,0.7662936430859597
0.9966233871693011,0.8807970811069351,0.8438950966654774,0.7662936484231889,0.766293653760418,0.7431680029241321,0.7772998611746912,0.7981867849406659,0.7662936377487304,0.7431680029241321,0.7310585669110203,0.8438950966654772,0.7549149813536518,0.7310585786300049,0.7431680086124811,0.7662936484231889,0.6791786926816161,0.6926419704455588,0.7431680029241322,0.7185943805178138,0.6076631698328916
0.978384666095001,0.42250463481418826,0.2942149659744614,0.33458943461801643,0.3073580232098525,0.36296920551961676,0.24508502416032488,0.24508501313237172,0.23370635691404026,0.25683198569916993,0.2120688018671865,0.24508501313237172,0.20181322226037884,0.19193279338050545,0.18242552158390105,0.1403362494900832,0.15610489155639232,0.20181323186177205,0.1403362422992606,0.1403362530854946,0.19193278875832634
0.9914225161385853,0.8175744806385543,0.8175744761936437,0.7310585786300049,0.7879311906630568,0.7310585844894971,0.6370307944803831,0.7981867729389246,0.651354857898194,0.7057850402140659,0.6926419704455589,0.6370308082623217,0.7185943985973772,0.5312093733737563,0.5156199157230157,0.6513548646660542,0.7057850216484838,0.679178699175393,0.5156199157230156,0.5774953651858118,0.5312093733737562
0.9626731142622272,0.8354835371034368,0.7549149813536518,0.731058584489497,0.7879311931529758,0.6791786926816161,0.6926419894793246,0.651354857898194,0.6926419831347361,0.7549149758396752,0.7185943805178138,0.743168019989179,0.7431680029241321,0.6370307944803831,0.7185944046238981,0.6370307875894139,0.7981867729389246,0.7662936430859597,0.7310585786300049,0.7662936377487304,0.7662936377487305
0.9973683260116708,0.5156199157230157,0.5,0.4073334000459302,0.45326184801538616,0.5,0.43782349911420193,0.42250463481418826,0.26894142136999516,0.33458944788835565,0.3486451285660856,0.32082129433083023,0.36296921241058616,0.3486451217982255,0.34864512179822543,0.42250463481418826,0.3073580105206753,0.33458944788835565,0.32082129433083023,0.34864514210180597,0.3923368301671084
0.9830850867022999,0.7662936484231889,0.7310585844894971,0.7310585669110203,0.7185943865443352,0.6370308013713525,0.7431680029241321,0.7549149868676284,0.7057850216484839,0.7310585727705126,0.7431680029241322,0.817574471748733,0.7549149868676283,0.7431680143008301,0.7185943805178139,0.7549149758396752,0.6654105521116443,0.7431680199891789,0.6513548782017745,0.6370308082623217,0.7549149813536518
0.9688561723877906,0.1259227648351323,0.07585818785594478,0.05340332377362639,0.05033063509030874,0.08509903688588202,0.05665242092798473,0.06371499602983463,0.04742586981164345,0.06371500091897546,0.06008665248830213,0.0803574671704101,0.039638843497169125,0.07159119498766672,0.0330859792229422,0.029312232659280308,0.04208773106961129,0.053403331494692494,0.053403329423186846,0.03732688587163586,0.042087731520181665
0.9740426457691455,0.5621765008857982,0.34864513533394575,0.5,0.4687906266262437,0.6224593312018546,0.5312093733737562,0.5156199157230157,0.37754066879814546,0.48438008427698437,0.45326184801538616,0.5467381519846138,0.43782349911420193,0.37754066879814546,0.48438008427698437,0.48438008427698437,0.48438008427698437,0.4532618480153862,0.4532618480153861,0.5156199157230157,0.6076631698328916
0.9908743606739078,0.8175744695262775,0.8519528057272543,0.7549149978955811,0.7431680086124811,0.7057850278370112,0.7185943865443349,0.7057850278370112,0.679178692681616,0.6654105521116443,0.6791787121629466,0.7879312006227324,0.7981867801399695,0.6926419894793246,0.7310585786300048,0.6513548646660543,0.7981867825403177,0.718594386544335,0.6224593312018546,0.754914997895581,0.7057850278370112
0.9944450745143162,0.5926665999540698,0.5926665999540698,0.5,0.5156199157230157,0.3775406687981454,0.6224593312018546,0.4843800842769844,0.45326184801538616,0.46879062662624377,0.3345894545235253,0.5467381519846138,0.2814055953761019,0.3208213138121609,0.4073334000459302,0.33458944125318596,0.33458944788835565,0.256831980010821,0.34864512856608554,0.3629691986286475,0.37754066879814546
0.9964063979396386,0.8991213786215105,0.9196425284247979,0.817574478416099,0.7879311981328135,0.6791786926816161,0.7549149813536518,0.705785040214066,0.7549149758396752,0.6791786926816161,0.8519528038477824,0.7772998714925403,0.8596637451167997,0.7310585786300049,0.8175744784160989,0.7310585903489891,0.7431680086124811,0.7772998714925403,0.743168019989179,0.8438950966654772,0.7549149923816048
0.99029152564061,0.4532618480153861,0.43782349911420193,0.42250463481418826,0.46879062662624377,0.43782349911420193,0.48438008427698437,0.4687906266262438,0.4687906266262437,0.48438008427698437,0.36296919862864757,0.5156199157230157,0.42250463481418826,0.33458943461801643,0.4532618480153861,0.4378234991142019,0.42250463481418826,0.39233683016710835,0.4073334000459302,0.4225046348141882,0.39233683016710835
0.9896718484326444,0.19193277951396837,0.0900930031235117,0.08509903862612589,0.09534945461636173,0.07159120093018112,0.07585818681131791,0.06371499425196535,0.07585817479810981,0.063714989362825,0.056652420927984726,0.06754668503914044,0.07585817897661677,0.07585818733363135,0.0715912009301811,0.06754669442450784,0.03308598017635717,0.06371500047450808,0.06754669160889748,0.07159120142539066,0.07585817793199001
0.9953904269232516,0.6654105521116443,0.5621765008857981,0.5926665999540698,0.5312093733737563,0.6076631698328916,0.5621765008857981,0.42250463481418826,0.5,0.46879062662624377,0.46879062662624377,0.40733340004593027,0.4532618480153861,0.46879062662624377,0.3629692055196168,0.45326184801538616,0.40733340004593027,0.4073334000459302,0.5,0.5,0.5
0.9928785695717677,0.8080672158638527,0.7431680143008301,0.5774953651858118,0.5621765008857981,0.5774953651858118,0.6513548714339144,0.6513548714339145,0.6926419767901475,0.6791787121629466,0.5926665999540698,0.5156199157230156,0.6076631698328916,0.5312093733737563,0.6654105653819836,0.5926665999540698,0.5926665999540698,0.5467381519846138,0.5,0.5926665999540698,0.5774953651858118
0.9796676469170548,0.3486451285660856,0.2120688068470242,0.15610489351941398,0.15610489351941398,0.16451646494473965,0.1561049013715009,0.1732882016598637,0.1192029235866439,0.12592276647524683,0.13296422989056964,0.2120687968873488,0.11279540553729422,0.1403362512877889,0.08509903630580076,0.12592277139559052,0.09534947389651462,0.08509904268669496,0.1066905911052601,0.1066906045971184,0.09534945847239201
0.9896718490799701,0.39233683016710835,0.3345894279828469,0.320821300824607,0.33458944788835565,0.39233682306197715,0.4225046348141882,0.43782349911420193,0.48438008427698437,0.4532618480153861,0.43782349911420193,0.33458945452352534,0.3486451353339458,0.33458943461801643,0.2942149721629888,0.3486451217982255,0.25683200276421697,0.2450850131323717,0.23370635691404026,0.2814056074291439,0.26894142136999516
0.9966233876926953,0.3486451353339457,0.28140560140262283,0.23370635157681105,0.21206881431678096,0.2814056194821861,0.22270013882530887,0.2942149845400438,0.24508500761839525,0.24508501864634827,0.25683199138751883,0.13296423504419938,0.2018132270610754,0.2337063515768111,0.2018132198600306,0.1329642316084462,0.08509905080783367,0.12592277631593438,0.12592277467581975,0.1192029204575912,0.12592275663455996
0.9964063968725103,0.2018132126589859,0.1192029110704336,0.1403362530854946,0.15610489548243567,0.14033624409696624,0.11279541150208626,0.18242552380635638,0.1403362512877889,0.10669059465574897,0.06371499825217133,0.10087862813632467,0.09009299090809873,0.050330631351061,0.047425871831197425,0.0715911915212002,0.029312230645360544,0.047425871831197425,0.050330634378071046,0.08509903862612588,0.10087862475740705
0.9579122728353316,0.8519528076067262,0.7431680029241321,0.7662936484231889,0.743168019989179,0.7981867849406659,0.8519527982093666,0.8267118004748677,0.7431680029241321,0.7057850340255386,0.8267117962054049,0.7879311856832191,0.6926419894793246,0.7549149758396752,0.7549149868676283,0.7662936430859597,0.8080672181749422,0.8354835371034368,0.7662936430859597,0.8438951045175643,0.743167997235783
0.9648551517043553,0.060086652277911726,0.03963884193722745,0.027585279578686644,0.03732688332823795,0.03308597672022805,0.029312232341292967,0.03514484741138067,0.0566524199325327,0.031143830647184973,0.025957356962325234,0.025957356067533095,0.033085980653064666,0.02595736021183377,0.03732689082456911,0.02758528132743411,0.025957357197796852,0.03732689136002139,0.04742587082142042,0.03732688694254029,0.05340333337787952
0.9859363750487529,0.1732881995251323,0.09534946875514018,0.08035747542939525,0.09534947261117098,0.07159120687269595,0.06371499114069418,0.06754669395523943,0.06371498758495588,0.06371499114069418,0.0715911939972477,0.04742587788985983,0.05665243048432501,0.044680868205492726,0.03308598053388779,0.04208772551257712,0.06008665059478843,0.03963883938459575,0.044680869477589626,0.04208772866656941,0.044680869159565394
0.9840936077925216,0.9284088074883807,0.9149009561531424,0.9099070121457543,0.817574478416099,0.7185943985973772,0.7310585786300049,0.7185943925708562,0.6926419704455589,0.7772998611746911,0.6654105521116443,0.7431680029241321,0.7310585727705127,0.7185943985973772,0.7772998611746912,0.7549149868676283,0.7772998663336158,0.6926419767901475,0.6513548646660543,0.7057850216484838,0.5926665999540698
0.9850429149985465,0.1403362530854946,0.07585818367743737,0.07159120489185762,0.05340332772831865,0.08509904906758961,0.08035746551861317,0.08509904326677628,0.0803574677210091,0.07159119894934292,0.037326891493884455,0.03963883768284138,0.03114383109681101,0.03732688426527926,0.042087728215999064,0.05340332565681315,0.04468087249881989,0.035144842863737535,0.02297736919916577,0.029312228578443036,0.022977370077286757
0.983085086764247,0.6370307806984444,0.5467381519846138,0.4073334000459302,0.4687906266262437,0.4378234991142019,0.3775406687981454,0.34864512856608565,0.3073580232098525,0.2814056014026228,0.3073580105206753,0.3073580232098525,0.28140561345566495,0.25683199138751883,0.32082131381216084,0.21206879439743004,0.256831980010821,0.21206880684702423,0.2450850021044189,0.334589441253186,0.334589441253186
0.9820137905642982,0.2120688068470242,0.07585818576669104,0.07159120489185762,0.08035746551861318,0.0803574611138215,0.09009299396195183,0.10087862340584003,0.060086646807761206,0.060086647228542005,0.06008665227791172,0.07159119251161919,0.10087863083945885,0.06008665164674048,0.07585817584273653,0.04742586997993962,0.053403330553099,0.042087732120942155,0.047425870653124265,0.03963883952640862,0.04468087345289265
0.9902915253630379,0.1329642436335826,0.08035746166442044,0.06754669348597103,0.03963883966822149,0.039638841086350206,0.04742587334586295,0.0446808718627714,0.03963883910097002,0.050330638117319,0.039638834846584245,0.033085980653064666,0.027585281777112048,0.01590639235326189,0.025957357574551445,0.019124037903911293,0.04468086741043219,0.019124038288252102,0.033085981844833426,0.033085977911996675,0.04208772686428807
0.9968273168799093,0.9648551547361176,0.8991213847035617,0.8438950947024555,0.8267118026095991,0.8438950966654774,0.8354835452961425,0.8740772253241802,0.8438950966654772,0.8872045884979137,0.8933094124452287,0.9241418121440552,0.867035758084294,0.8933094032139576,0.9241418225903233,0.9241418272911436,0.8519527963298947,0.8807970701552505,0.8175744695262775,0.9196425295259959,0.8438951084436077
0.9783846693644892,0.6076631627277603,0.5621765008857981,0.5774953651858118,0.3775406687981454,0.4225046348141883,0.5,0.4378234991142019,0.5,0.48438008427698437,0.42250463481418826,0.5,0.46879062662624377,0.4532618480153861,0.42250463481418826,0.39233683016710835,0.3923368301671084,0.40733340004593027,0.37754066179448903,0.37754066879814546,0.33458944125318596
0.9908743607833854,0.8080672135527631,0.8267117983401363,0.6654105653819836,0.6513548646660542,0.8080672089305841,0.7185943925708562,0.7549149923816048,0.6791787121629465,0.7981867777396212,0.743168019989179,0.7662936377487304,0.74316801430083,0.7549149923816048,0.7431680086124812,0.6370307944803832,0.665410572017153,0.679178699175393,0.7431680029241321,0.705785040214066,0.718594386544335
0.9902915220232175,0.718594386544335,0.7310585903489891,0.7662936377487304,0.665410572017153,0.7310585786300049,0.6513548511303338,0.6926419894793248,0.6370308082623217,0.7431680029241321,0.7057850278370111,0.6926419767901475,0.7310585727705126,0.6370307944803832,0.6513548714339145,0.7431680029241321,0.6791787056691697,0.6654105653819835,0.5621765008857982,0.6370308013713525,0.6791786926816161
0.9947798736559669,0.8596637505099168,0.8175744717487329,0.7772998508568416,0.7981867681382279,0.7879311931529758,0.8080672089305841,0.798186768138228,0.7310585727705126,0.8354835411997897,0.8438951045175643,0.851952809486198,0.7879311906630568,0.7549149868676283,0.7662936377487304,0.8438950966654772,0.8175744806385543,0.8175744828610095,0.7879312056025699,0.8670357598021707,0.787931185683219
0.980875964716594,0.34864514210180597,0.1329642436335826,0.15610489940847913,0.14033625488320034,0.1480472055495773,0.14804719239327382,0.16451645675203383,0.11920292984474946,0.17328821019878957,0.14804719803168948,0.13296423332632276,0.1561049013715009,0.12592277631593438,0.11920293453832886,0.13296424019782926,0.16451645470385742,0.19193277951396837,0.14033625308549463,0.17328820806405806,0.12592275335433115
0.995390427305704,0.20181321505933414,0.1403362440969662,0.13296424191570594,0.10669059820623797,0.11279541523008142,0.14804719051380194,0.1561048974454574,0.1403362476923775,0.17328819739040088,0.11279540777409121,0.10669059039516232,0.07159120093018112,0.1008786328668095,0.08509904790742691,0.0803574671704101,0.07585817793199001,0.08509904558710156,0.0758581727088564,0.07585818315512395,0.11920291263495983
0.9947798744926369,0.8438951045175643,0.8267118004748677,0.8175744850834648,0.7662936377487305,0.718594386544335,0.7310585727705127,0.743167997235783,0.7057850278370112,0.7772998560157665,0.6076631698328916,0.7981867729389246,0.7879312031126512,0.7057850154599562,0.6926419767901476,0.7431680143008301,0.7185943985973772,0.6224593241981982,0.6370307806984444,0.7662936484231889,0.7057850216484838
0.9973683263331208,0.9196425372343816,0.8438950986284991,0.8991213759183765,0.8807970795424087,0.8872045892435128,0.8596637541053281,0.8670357649558007,0.8740772335247532,0.9099070048165069,0.9046505293168444,0.9196425366837827,0.9284087995650284,0.9496693686489389,0.9099069980980297,0.9099070035949657,0.8933094017937621,0.9284087980793998,0.9362849995254919,0.9324533093296392,0.9241418121440552
0.9933071499456189,0.7185943805178139,0.7185943925708562,0.7879311931529758,0.6513548714339145,0.718594386544335,0.7057850216484838,0.5467381519846138,0.5467381519846138,0.5774953651858117,0.5774953651858118,0.5156199157230156,0.5467381519846138,0.4073334000459302,0.42250463481418826,0.45326184801538616,0.5312093733737563,0.3629692055196168,0.4378234991142019,0.5312093733737563,0.5621765008857981
0.9947798740767201,0.665410558746814,0.679178699175393,0.5926665999540698,0.5621765008857981,0.5,0.5774953651858118,0.5774953651858117,0.48438008427698437,0.5,0.2450850021044189,0.30735801686526387,0.4073334000459302,0.4073334000459302,0.34864512856608554,0.36296919173767833,0.3073580105206753,0.3486451217982255,0.42250463481418826,0.48438008427698437,0.42250463481418826
0.9149009619539554,0.3923368230619772,0.2814056014026228,0.33458945452352534,0.3073580232098525,0.33458943461801643,0.28140560742914383,0.29421495978593415,0.34864514210180597,0.3345894478883556,0.30735802955444114,0.22270013366638422,0.1919327887583263,0.19193279106941588,0.2120687968873488,0.24508500210441886,0.1561048915563923,0.1732882037945951,0.16451646494473965,0.29421496597446134,0.16451645675203383
0.9966233877922028,0.8267117898012105,0.7772998508568416,0.7057850216484838,0.7057850278370112,0.665410558746814,0.6370307944803831,0.6076631698328916,0.6370307944803832,0.6513548782017745,0.6370308082623217,0.7185943985973772,0.6076631698328916,0.5156199157230156,0.5467381519846138,0.6370308082623217,0.5926665999540698,0.6791786926816161,0.5467381519846138,0.5926665999540698,0.45326184801538616
0.9908743610276047,0.34864514210180597,0.22270012850745968,0.1824255260288117,0.1919327864472368,0.20181322226037882,0.17328820592932656,0.16451645880021024,0.21206879439743004,0.2018132150593341,0.22270013882530884,0.24508502416032488,0.22270013366638422,0.16451647108926923,0.1403362458946719,0.16451645880021024,0.1919327841361473,0.21206880435710534,0.23370636758849894,0.20181321745968234,0.19193278875832634
0.9968273164874325,0.320821300824607,0.21206881182686205,0.18242551936144574,0.20181322946142374,0.21206879688734884,0.23370635157681105,0.1645164608483867,0.2120688093369431,0.11920292515117026,0.11279540404609625,0.12592277631593438,0.10669059678604235,0.09534945654437685,0.07159119300682869,0.0900929884650163,0.0534033271633626,0.047425869643347295,0.06754668879328725,0.10087861259330445,0.09009298907578692
0.9896718458528608,0.5926665999540698,0.4225046348141882,0.43782349911420193,0.4532618480153861,0.5312093733737563,0.4532618480153861,0.4532618480153861,0.4843800842769843,0.3775406758018019,0.42250463481418826,0.4378234991142019,0.3345894478883556,0.46879062662624377,0.34864512856608554,0.4532618480153861,0.32082130731838393,0.30735802320985245,0.21206880684702423,0.36296921930155557,0.2689414272294874
0.9724147192221723,0.050330632241358045,0.031143834019380413,0.027585279978400344,0.035144845390205876,0.027585282476611073,0.03514484715873382,0.02758528292628903,0.05033063135106099,0.03114383390697389,0.03732688480073146,0.03514484993784933,0.027585283375966992,0.02442309054229278,0.04468087440696543,0.02595735903447556,0.033085976601051184,0.02595735540821259,0.04742586913845881,0.060086647859713196,0.06754668503914044
0.9964063973227051,0.7879311981328135,0.7431680199891789,0.7310585727705127,0.7185943985973772,0.7057850340255386,0.7310585903489892,0.7431680029241321,0.7057850216484838,0.7772998560157665,0.6926419958239132,0.6370307806984444,0.6513548714339145,0.651354857898194,0.651354857898194,0.6926419894793246,0.5926665999540698,0.622459338205511,0.6224593241981982,0.6370308082623217,0.6224593312018545
0.9919380067438426,0.7057850154599563,0.7057850340255385,0.7662936377487305,0.5,0.6791787056691697,0.5926665999540698,0.6513548782017745,0.679178692681616,0.6654105653819835,0.5774953651858117,0.5774953651858118,0.5312093733737563,0.5926665999540698,0.5926665999540698,0.48438008427698437,0.48438008427698437,0.5312093733737563,0.5156199157230156,0.6370308013713525,0.6076631769380229
0.9959298616026833,0.9465966700118571,0.9496693617046216,0.9284088030314952,0.9362850075259039,0.8740772466456689,0.8740772269642949,0.8991213799730774,0.8872045877523147,0.8740772318846386,0.9149009636941993,0.9196425289753969,0.9196425317283919,0.9241418199787564,0.9433475760856591,0.9046505395995929,0.9149009509324104,0.9149009497722477,0.8807970904940926,0.9284087975841903,0.9046505254608136
0.964855153978177,0.15610489351941398,0.11279540255489831,0.10669058400428262,0.10087861935113906,0.0803574671704101,0.06008665354025421,0.060086644283076515,0.07159120192060023,0.09009299640503439,0.10669060388702056,0.0715911920164097,0.07159119300682869,0.04742586930675497,0.04742586930675497,0.07585818785594478,0.05665242072889432,0.053403324715219753,0.08035747708119237,0.06371499469643266,0.07159120687269596
0.9940889303146617,0.7310585669110203,0.7057850278370111,0.6791786991753929,0.5621765008857981,0.6513548714339145,0.679178699175393,0.6076631769380227,0.6513548714339145,0.6926419894793246,0.7431680029241322,0.6370307806984444,0.5,0.5774953651858118,0.6076631698328916,0.5621765008857981,0.5621765008857981,0.6513548714339145,0.5312093733737563,0.6370307875894139,0.5774953651858118
0.9770226314698788,0.6076631698328916,0.5467381519846138,0.43782349911420193,0.6076631698328916,0.6513548511303336,0.5926665999540698,0.5621765008857982,0.5312093733737563,0.5,0.5467381519846138,0.5774953651858118,0.5156199157230156,0.6076631698328916,0.5467381519846138,0.5774953651858118,0.6076631698328916,0.5774953651858118,0.5156199157230156,0.5621765008857981,0.5621765008857981
0.9724147188224586,0.26894142722948744,0.1480472036701053,0.1561049033345227,0.1403362476923775,0.2227001285074597,0.21206880186718646,0.16451646494473965,0.14033625308549463,0.2120688093369431,0.20181321745968234,0.16451646494473965,0.1561048954824357,0.10087862610897408,0.21206881182686205,0.14033625488320037,0.11279539509890883,0.1259227615549033,0.16451646084838673,0.11920291263495983,0.1403362530854946
0.9961755161300517,0.7981867681382279,0.7981867729389246,0.6654105720171531,0.7310585786300049,0.6370307875894139,0.6513548646660543,0.7549149923816048,0.7549149813536518,0.7772998560157665,0.7057850154599563,0.7310585727705126,0.7310585727705126,0.7431680029241321,0.766293653760418,0.7057850340255386,0.6224593312018546,0.7185943925708562,0.6926419767901475,0.5926665999540698,0.5156199157230156
0.9961755162382719,0.8991213772699436,0.9149009578933863,0.7981867825403176,0.8519528019683105,0.7772998508568416,0.7057850340255386,0.7879311931529758,0.7662936377487304,0.7057850216484838,0.7981867681382279,0.7549149868676284,0.8080672089305841,0.8267117919359419,0.7772998714925403,0.8080672089305841,0.7310585669110202,0.7981867681382279,0.7772998508568416,0.8080672204860316,0.7772998508568416
0.990291525765965,0.7057850340255386,0.7185944046238981,0.6076631698328917,0.6076631769380227,0.6076631698328916,0.546738151984614,0.6370307944803831,0.5312093733737563,0.5156199157230157,0.5467381519846138,0.5621765008857981,0.48438008427698437,0.42250463481418826,0.5312093733737563,0.4073334000459302,0.43782349911420193,0.45326184801538616,0.32082128783705344,0.5926665999540697,0.4225046348141882
0.9603611573537082,0.11920292671569666,0.06754668879328725,0.04742587031653193,0.033085980057180296,0.05033063615866528,0.0330859800571803,0.04742586930675497,0.03732688694254029,0.027585280927720394,0.04742587688008271,0.029312232712278202,0.02758528522464313,0.029312231811314073,0.035144847664027534,0.027585279079044532,0.021615335047350408,0.02931223303026554,0.03308598041471092,0.0534033330012421,0.0373268872102664
0.960361159764527,0.10087861326908788,0.06754668691621381,0.06754669536304464,0.08509904500702024,0.07159120439664804,0.056652427497968505,0.07585817897661677,0.0803574671704101,0.06754668644694546,0.06754669489377622,0.0566524197334423,0.0803574622150194,0.10087861799957212,0.06754669817865513,0.053403330929736405,0.06371499202962877,0.08509904674726422,0.1192029188930649,0.10087861732378865,0.11279541448448238
0.9740426423312599,0.787931188173138,0.8519527963298947,0.679178699175393,0.679178699175393,0.7057850154599562,0.7879311881731379,0.8519528019683106,0.7981867753392728,0.8267117983401363,0.7310585844894971,0.7549149923816048,0.8354835309589073,0.8080672112416737,0.6654105653819835,0.7310585727705126,0.7879311956428947,0.5926665999540697,0.7310585786300049,0.8080672066194946,0.6654105653819835
0.9959298617310395,0.1824255304737224,0.1066905854244781,0.06371500003004073,0.04208772325972562,0.04742587031653194,0.03514484943255558,0.047425872336085924,0.03514484614814642,0.03732689109229524,0.02297736949187277,0.021615331541513516,0.01243164892084927,0.03514484589549957,0.02297736878101294,0.01243165171073172,0.014957085220997842,0.013222824607996583,0.015906394831580774,0.02595735606753309,0.03308598065306466
0.9956684988008209,0.30735800417608683,0.3486451285660856,0.2689414213699951,0.3629691986286475,0.3775406687981454,0.3775406687981454,0.3923368301671084,0.40733340004593027,0.3775406687981455,0.2942149597859341,0.3345894346180164,0.33458944125318596,0.37754066879814546,0.3345894478883556,0.22270013882530884,0.2814056194821861,0.21206880435710532,0.2814055953761018,0.22270012850745968,0.2689414272294874
0.9820137885574375,0.8872045966995028,0.8807970826714614,0.8596637505099168,0.8267117855317474,0.6513548714339145,0.7310585669110202,0.7772998663336158,0.665410558746814,0.7549149923816048,0.7185943985973772,0.8175744761936437,0.7981867705385762,0.6654105521116443,0.8354835391516133,0.8267117962054049,0.7662936430859598,0.6076631698328916,0.7310585786300048,0.5774953651858117,0.7431680086124812
0.9149009491921664,0.4378234991142019,0.5,0.5156199157230157,0.5312093733737563,0.5156199157230157,0.5,0.5467381519846138,0.5312093733737563,0.5312093733737563,0.5156199157230156,0.4225046348141882,0.4073334000459302,0.46879062662624377,0.46879062662624377,0.4843800842769844,0.4532618480153861,0.4687906266262437,0.40733340004593027,0.39233683016710835,0.42250463481418826
0.99592986287492,0.7662936484231889,0.5774953651858118,0.5621765008857981,0.6076631627277604,0.5467381519846138,0.7057850216484838,0.5926665999540698,0.5156199157230156,0.6513548714339145,0.6224593312018546,0.651354857898194,0.5312093733737562,0.5926665999540697,0.5156199157230157,0.5312093733737562,0.45326184801538616,0.5926665999540698,0.4073334000459302,0.5774953651858118,0.45326184801538616
0.9362850044146327,0.5774953651858118,0.5312093733737563,0.5621765008857981,0.7057850340255386,0.5926665999540698,0.5312093733737563,0.5,0.5312093733737563,0.5926665999540697,0.5,0.5156199157230156,0.5,0.42250463481418826,0.5312093733737563,0.5156199157230157,0.5774953651858117,0.48438008427698437,0.6224593312018546,0.5621765008857981,0.5621765008857981
0.97557690794877,0.03732688975366456,0.0474258768800827,0.04742587637519415,0.07159119894934292,0.05665242630342595,0.04208772911713975,0.06371499514089998,0.050330634734189895,0.039638841795414576,0.056652422719798416,0.03114382974793291,0.029312233136261325,0.05033063010464514,0.04208772806580895,0.042087723560105816,0.037326885068457556,0.03963883513020995,0.04468086979561385,0.04742587519712089,0.07585817479810981
0.9579122678790578,0.5156199157230156,0.3923368301671084,0.4073334000459302,0.4073334000459302,0.39233683016710835,0.4378234991142018,0.2689414213699951,0.39233683016710835,0.4073334000459302,0.4225046348141882,0.3923368230619772,0.3486451285660856,0.320821300824607,0.34864514210180597,0.3073580232098525,0.34864512856608565,0.3486451285660856,0.37754067580180184,0.3629691917376783,0.4687906266262437
0.9953904273249334,0.1403362512877889,0.13296423676207597,0.0758581737534831,0.09009298418962222,0.06371499380749802,0.08509904558710156,0.05340332998814293,0.06008664575580924,0.07159119251161919,0.07159120043497155,0.04208772716466829,0.06008664659737082,0.04208772611333754,0.06754668738548217,0.06008664428307652,0.05033063188523924,0.06754668926255561,0.05665242431252174,0.1008786288121082,0.05033062761181352
0.9850429148201667,0.8991213698363247,0.8519528000888386,0.8991213772699436,0.8740772318846386,0.8807970889295664,0.8807970748488297,0.8519527963298947,0.7981867777396212,0.8670357494949105,0.9149009532527358,0.8670357494949105,0.9196425229188077,0.8670357615200474,0.904650530602188,0.8740772236840656,0.9284088045171237,0.8740772253241803,0.8740772236840656,0.8933094003735664,0.88720460564669
0.9959298618556206,0.9324533074525658,0.8807970654616711,0.8438951005915208,0.8670357615200474,0.8354835391516133,0.8354835350552604,0.8080672112416737,0.7879312006227324,0.8596637469145054,0.8807970732843033,0.8519528019683105,0.7981867729389246,0.8354835452961425,0.8267117940706734,0.7772998560157665,0.817574471748733,0.8872045914803098,0.8267117919359419,0.8596637487122111,0.7879311931529758
0.9944450762737996,0.7772998611746912,0.7057850154599562,0.6224593312018546,0.7549149813536518,0.74316801430083,0.7772998611746912,0.817574478416099,0.7310585786300048,0.6791787056691698,0.7185943805178139,0.7549149868676283,0.6791787056691698,0.7549149868676283,0.7185943985973772,0.826711787666479,0.7772998663336158,0.705785040214066,0.6926419958239132,0.7431680029241322,0.5926665999540697
0.9724147152749991,0.7981867705385763,0.7981867705385763,0.7879311931529759,0.6224593312018546,0.7057850216484838,0.5774953651858118,0.7431680143008301,0.718594386544335,0.6370307944803831,0.7185944046238981,0.826711791935942,0.7185943925708562,0.7981867753392728,0.7662936324115012,0.7662936484231889,0.6654105521116443,0.7310585844894971,0.6076631698328917,0.7185943985973772,0.6791787121629466
0.9956684989494332,0.8438950986284991,0.6791787121629466,0.5926665999540697,0.6513548782017745,0.7185943985973773,0.705785040214066,0.6926419958239132,0.7185943805178139,0.7662936484231889,0.7772998663336157,0.8267118004748677,0.7772998508568416,0.7772998714925403,0.7549149923816048,0.731058584489497,0.7549149813536518,0.7772998560157665,0.766293653760418,0.798186775339273,0.754914997895581
0.9875683515250745,0.09534947068315555,0.07585817270885642,0.06754668785475053,0.06371499869663867,0.07585817323116975,0.06371499069622688,0.060086651015569245,0.08035747487879623,0.06754669113962909,0.027585281077613037,0.039638838675531425,0.024423091119239373,0.02758528062793511,0.035144842863737535,0.02297737057907019,0.02161533099003361,0.03114383278290871,0.035144847916674396,0.044680867887468514,0.050330635624487
0.9908743630403086,0.9525741242979906,0.9433475734974837,0.9196425306271939,0.8670357615200474,0.8991213765941599,0.9196425322789908,0.8872046034098933,0.9284087960985615,0.9149009486120849,0.8872045870067157,0.9362850053035673,0.9149009457116781,0.9525741288419872,0.9626731130574597,0.9553191333846284,0.9284088074883807,0.9433475766829303,0.9284087995650285,0.8872046049010912,0.9284087965937712
0.9688561669922783,0.7310585669110202,0.6513548714339145,0.5156199157230157,0.6370308082623217,0.6513548646660543,0.5926665999540698,0.6370308082623217,0.5774953651858117,0.5774953651858117,0.5774953651858117,0.5312093733737563,0.5774953651858118,0.48438008427698437,0.4378234991142019,0.4687906266262437,0.5621765008857981,0.6791787056691698,0.5926665999540698,0.6654105653819836,0.6224593312018546
0.9970189679635357,0.8670357735451835,0.8080672158638528,0.8175744695262775,0.7057850340255386,0.766293653760418,0.6654105521116443,0.6513548714339145,0.6076631769380229,0.665410572017153,0.651354857898194,0.6654105720171531,0.7185943985973772,0.6654105653819835,0.6513548511303338,0.6076631698328916,0.5774953651858118,0.5467381519846138,0.6370308013713525,0.6654105653819835,0.6076631698328916
0.9525741232882136,0.48438008427698437,0.37754067580180184,0.42250463481418826,0.4378234991142019,0.43782349911420193,0.5,0.39233683016710835,0.37754066879814546,0.3486451285660856,0.3208212878370535,0.3629691986286475,0.4073334000459302,0.4687906266262437,0.3629692055196168,0.3486451217982255,0.42250463481418826,0.34864514210180597,0.39233683016710835,0.45326184801538616,0.37754067580180184
0.9465966656805269,0.46879062662624377,0.40733340004593027,0.4532618480153861,0.48438008427698437,0.42250463481418826,0.4378234991142019,0.48438008427698437,0.3775406687981454,0.4225046348141882,0.33458942798284697,0.42250463481418826,0.34864513533394575,0.4687906266262437,0.4532618480153861,0.3629692193015555,0.3629691917376783,0.45326184801538616,0.3486451353339458,0.4073334000459302,0.4687906266262437
0.9883127428003529,0.6513548714339145,0.6076631698328917,0.5312093733737563,0.5,0.5467381519846138,0.46879062662624377,0.5621765008857981,0.5312093733737562,0.6076631698328917,0.5467381519846138,0.5467381519846138,0.5312093733737563,0.4532618480153861,0.5774953651858117,0.6076631698328916,0.4378234991142018,0.4073334000459302,0.43782349911420193,0.48438008427698437,0.42250463481418826
0.936285000858894,0.05033063330971454,0.03963884349716912,0.022977368446490676,0.035144847664027534,0.02931223276527609,0.031143829298306894,0.021615332329341982,0.02297736811196841,0.031143827837022374,0.027585280977684607,0.013222821229774442,0.020332355605876807,0.01495708659314999,0.014063623892334462,0.016914911718048993,0.020332354158901302,0.015906392673985487,0.02442308898897509,0.01691491453664218,0.021615331383947826
0.9830850829235263,0.08509904674726422,0.03514485019049621,0.029312234090223377,0.0534033243385824,0.039638838675531425,0.03732688801344475,0.04742587334586295,0.039638843071730476,0.03732688868276005,0.014063627611442616,0.022977369073719923,0.031143827612209376,0.025957354325043227,0.03114382839905487,0.019124035458106307,0.02758528477496514,0.04208772340991572,0.05033063544642759,0.0900929896865575,0.06371499202962878
0.9919380096261347,0.7772998611746912,0.6370307875894138,0.5621765008857982,0.5156199157230156,0.4532618480153861,0.48438008427698437,0.5774953651858117,0.5621765008857981,0.5,0.5774953651858118,0.5621765008857981,0.5312093733737563,0.5156199157230157,0.4532618480153861,0.5774953651858117,0.5,0.43782349911420193,0.5312093733737562,0.5467381519846138,0.45326184801538616
0.9924227571108555,0.9284088045171237,0.8596637559030338,0.7310585903489892,0.6791786861878392,0.7057850216484838,0.7310585786300049,0.6926419704455589,0.7310585903489892,0.7431680029241321,0.6224593312018545,0.7057850154599563,0.7310585727705127,0.7431680143008301,0.6513548782017745,0.7431680143008301,0.7431680086124811,0.6926419958239132,0.6370307944803832,0.6926419767901475,0.6926419767901475
0.9830850878483214,0.45326184801538616,0.45326184801538616,0.37754066879814546,0.32082130731838393,0.4532618480153861,0.3629692055196168,0.4532618480153861,0.37754066179448903,0.39233683016710835,0.26894142136999516,0.32082130731838393,0.32082129433083023,0.36296921930155557,0.4378234991142019,0.4378234991142019,0.25683199707586785,0.2942149659744614,0.24508500210441886,0.34864513533394575,0.3345894279828469
0.9953904282223075,0.9324533135530545,0.9465966741548681,0.8670357615200475,0.8519527963298946,0.8354835452961425,0.8740772482857833,0.8519527982093666,0.7549149978955811,0.8175744695262775,0.8596637469145053,0.8670357735451835,0.9046505383142492,0.8670357666736772,0.8740772450055545,0.8175744695262777,0.8740772384450967,0.8933094003735664,0.8740772400852111,0.8740772368049822,0.8438951045175643
0.9902915233752628,0.08509905370824053,0.04468087027265021,0.04208772536238702,0.024423089610302155,0.02442308974344367,0.042087729267329864,0.03514484917990872,0.0330859768394049,0.02931222810146209,0.039638839242782886,0.02595735658557064,0.02442309120800039,0.029312230221377453,0.02758527922893717,0.021615331935427747,0.02033235464122646,0.031143829635526407,0.025957355596589873,0.02442309253941567,0.05033063776120014
0.9959298625068397,0.13296424019782926,0.10087861259330444,0.05665242630342595,0.05340333262460469,0.07585817375348311,0.06754669301670264,0.060086647018151605,0.04742586930675497,0.07159119993976203,0.04468087392992904,0.04468087059067444,0.053403331871329895,0.0850990479074269,0.033085975409282604,0.03114383019755894,0.03308598029553404,0.050330638117319,0.04742587738497127,0.05033063793925957,0.06008664617659003
0.9961755170011362,0.9284087965937711,0.8991213738910259,0.8438951005915208,0.8438950966654774,0.7185943805178139,0.7879311981328135,0.7431680143008301,0.6513548714339145,0.651354857898194,0.6654105653819836,0.7879312031126512,0.7981867849406659,0.8175744739711883,0.7981867777396212,0.6791786861878392,0.7549149868676284,0.7772998714925403,0.7662936484231889,0.7057850340255386,0.7772998560157665
0.9896718492989185,0.8596637559030338,0.8175744806385543,0.7662936430859597,0.7549149868676283,0.7879311906630568,0.8175744850834648,0.843895106480586,0.7431680029241322,0.787931188173138,0.8354835371034368,0.8519528019683106,0.7981867777396212,0.8354835391516133,0.8670357580842941,0.8267118004748677,0.8354835350552603,0.7772998560157665,0.7772998663336158,0.8354835350552604,0.8438950966654774
0.99539042871159,0.8596637505099168,0.9046505248181418,0.9046505434556231,0.8872046019186954,0.8354835330070839,0.8267117940706734,0.8670357666736772,0.7981867849406659,0.8519528019683105,0.7431680086124811,0.6654105454764747,0.5774953651858117,0.7185943985973772,0.8175744695262775,0.6654105454764747,0.651354857898194,0.6370307806984444,0.6513548714339145,0.7772998560157665,0.679178692681616
0.9908743606654865,0.7057850278370112,0.7057850216484837,0.6224593312018546,0.6370308013713525,0.546738151984614,0.6513548646660542,0.6791786861878392,0.6370307875894138,0.7057850340255386,0.718594386544335,0.45326184801538616,0.4687906266262437,0.5621765008857982,0.5312093733737563,0.5312093733737562,0.4378234991142019,0.46879062662624377,0.4687906266262437,0.5774953651858118,0.6370307944803832
0.9924227597756433,0.8670357701094303,0.7431680029241321,0.7185943985973772,0.7310585669110203,0.743167997235783,0.6791786926816161,0.7662936377487305,0.6370308013713525,0.7662936484231889,0.5774953651858118,0.7057850154599562,0.7310585844894971,0.5926665999540698,0.6926419831347362,0.6926419958239132,0.6513548646660543,0.6791787056691698,0.6076631698328916,0.6076631698328916,0.6513548782017746
0.9950945938760363,0.7662936430859597,0.7879312006227324,0.7879312006227324,0.7549149758396752,0.8354835432479661,0.7057850402140659,0.7772998508568416,0.7879312056025699,0.7662936324115011,0.7662936377487305,0.787931185683219,0.787931185683219,0.731058584489497,0.6791786926816161,0.817574471748733,0.8080672112416737,0.7185943985973772,0.6926419767901475,0.7772998663336157,0.7879311931529758
0.9961755161105366,0.8991213725394589,0.8519528019683106,0.787931188173138,0.7310585727705127,0.7549149978955811,0.8175744739711883,0.8267117898012105,0.7772998560157665,0.679178692681616,0.8175744850834648,0.7431680143008301,0.817574471748733,0.787931188173138,0.7879311956428947,0.665410558746814,0.7431680086124811,0.6926419894793246,0.6224593241981982,0.6926419831347361,0.6926419767901476
0.9770226295463756,0.787931190663057,0.665410558746814,0.6224593241981982,0.6926419958239132,0.6513548714339144,0.6926419767901475,0.6926419704455589,0.8354835350552603,0.7185943805178139,0.743167997235783,0.7431680086124811,0.7185943985973772,0.7310585669110203,0.8596637523076225,0.7879311931529758,0.6654105521116445,0.7057850154599562,0.787931188173138,0.8354835452961425,0.7057850216484838
0.9783846686554436,0.40733340004593027,0.3629691917376783,0.2689414272294874,0.3923368372722396,0.4532618480153861,0.28140561345566495,0.36296921930155557,0.2942149845400438,0.42250463481418826,0.3775406687981454,0.3629692055196168,0.33458942798284697,0.28140560742914383,0.33458943461801643,0.24508500761839527,0.2689414272294874,0.2689414272294874,0.1919327864472368,0.24508501313237172,0.19193279338050545
0.9525741303566527,0.8596637469145054,0.8267117940706734,0.7662936324115011,0.5926665999540697,0.5774953651858118,0.7431680086124811,0.6791787056691698,0.7057850216484838,0.6370307944803832,0.6926419831347362,0.7879311956428947,0.7310585669110202,0.7549149868676283,0.7057850340255385,0.7549149923816048,0.651354857898194,0.6654105454764746,0.6654105521116443,0.8080672066194945,0.7185943925708561
0.9933071502892461,0.7431680086124811,0.7431680086124812,0.6370307944803832,0.6926419894793246,0.6926419767901475,0.7549149868676283,0.7879312006227324,0.7185943985973772,0.7310585786300049,0.7662936484231889,0.6513548646660543,0.5156199157230156,0.5774953651858118,0.6926419894793248,0.5774953651858118,0.5926665999540697,0.5621765008857981,0.6370307944803832,0.5774953651858118,0.5621765008857982
0.9976768377963,0.8080672089305841,0.6791787121629466,0.7772998560157663,0.8267117919359419,0.7879312031126511,0.718594386544335,0.6654105521116443,0.7431680086124812,0.7879312056025699,0.718594386544335,0.8175744761936438,0.7185943985973772,0.6654105521116445,0.766293653760418,0.718594386544335,0.718594386544335,0.7431680029241321,0.6654105653819835,0.7549149868676283,0.8175744739711883
0.9808759617816281,0.8872045922259088,0.8596637469145054,0.8740772466456689,0.8080672204860316,0.8354835411997897,0.7185943925708562,0.7549149923816048,0.7310585786300049,0.7981867777396211,0.754914997895581,0.8519528019683106,0.8354835350552604,0.7981867705385762,0.8438951084436077,0.7772998714925403,0.7662936430859597,0.6224593312018546,0.5926665999540698,0.7310585844894971,0.679178699175393
0.9947798741927899,0.14033624229926062,0.12592275991478882,0.09534946939781194,0.07159120192060023,0.0953494674697966,0.060086647018151605,0.07159119597808575,0.06371499291856339,0.03963883938459576,0.06371498980729229,0.04208772626352765,0.033085977792819805,0.05033063580254643,0.022977371708082953,0.02931222894942822,0.024423091784947,0.0275852846750367,0.025957355549495555,0.025957359693796152,0.031143830197558942
0.9959298618914849,0.29421497216298875,0.17328819739040088,0.2018132150593341,0.2120688018671865,0.24508501313237172,0.26894141551050293,0.24508502416032488,0.1732882059293266,0.21206879937726764,0.11279541597568048,0.15610490333452268,0.11279540031810142,0.09009299884811699,0.1192029188930649,0.14804720179063333,0.0803574611138215,0.13296423847995262,0.14033624229926062,0.2450850131323717,0.18242552380635632
0.9950945934373372,0.18242552380635635,0.07159120687269596,0.08035747708119237,0.08509904094645104,0.05033062903628872,0.08509905080783367,0.08509904268669496,0.10087861394487135,0.05033062814599171,0.03963883711558994,0.039638839242782886,0.02931223212930141,0.039638838250092824,0.07585818681131791,0.047425868970162655,0.027585283326002772,0.031143827387396378,0.04208773257151255,0.05340333450779175,0.06754668550840877
0.9924227579897804,0.8596637469145054,0.8267117962054048,0.6926419894793246,0.7549149923816048,0.6076631698328917,0.679178699175393,0.7057850278370112,0.6370307944803832,0.6370307944803831,0.7057850278370112,0.8175744828610095,0.6791787121629466,0.6926419767901475,0.7431680029241321,0.7310585786300049,0.6513548511303336,0.7310585669110203,0.6654105653819836,0.6224593382055109,0.6513548646660543
0.9867771773849114,0.33458943461801643,0.36296921930155557,0.3073580105206753,0.3486451285660856,0.42250463481418826,0.3923368372722396,0.3073580105206753,0.2814055953761019,0.21206880684702423,0.20181322706107543,0.1919327864472368,0.24508501864634824,0.16451645880021026,0.22270014398423355,0.24508501864634827,0.22270012850745968,0.21206881182686202,0.25683199138751883,0.22270013366638422,0.3629692055196168
0.9808759642973132,0.15610489940847916,0.07159120637748637,0.06008664638698042,0.08035747763179142,0.09534947196849917,0.1008786328668095,0.08035747102460307,0.1192029235866439,0.0900929878542457,0.1259227582746744,0.10669059110526011,0.08509904326677628,0.09534947389651462,0.09534945525903342,0.10669060317692272,0.15610489155639232,0.12592277795604903,0.1480471999111614,0.15610489351941398,0.11279540851969022
0.9971990734425774,0.6791787121629466,0.6926419767901475,0.5926665999540698,0.7185943985973772,0.679178699175393,0.6926419831347361,0.6370307944803831,0.7310585786300049,0.7057850216484838,0.7057850340255386,0.7057850216484837,0.665410572017153,0.6791786926816161,0.6926419894793246,0.6654105587468141,0.6654105454764747,0.6224593241981982,0.7057850340255386,0.651354857898194,0.679178692681616
0.9966233876096418,0.6076631698328917,0.5926665999540698,0.5926665999540698,0.6076631769380229,0.5774953651858117,0.6224593241981982,0.6076631698328916,0.5926665999540698,0.40733340004593027,0.4073334000459302,0.43782349911420193,0.36296921930155557,0.34864514210180597,0.5,0.4225046348141883,0.5312093733737563,0.4378234991142018,0.39233683016710835,0.4378234991142019,0.42250463481418826
0.9724147160744265,0.42250463481418826,0.37754066879814546,0.25683200276421697,0.3208213138121609,0.320821300824607,0.30735801686526387,0.3923368301671084,0.37754066879814546,0.33458943461801643,0.3923368372722396,0.39233683016710835,0.334589441253186,0.28140560742914383,0.3073580105206753,0.23370636225126956,0.25683200276421697,0.24508501864634827,0.1480471961522176,0.23370636758849891,0.3073580168652638
0.9947798744684557,0.9324533060447606,0.826711791935942,0.8080672158638528,0.8519527963298947,0.8872045996818986,0.8354835309589073,0.8596637451167997,0.8438950947024555,0.8872045989362997,0.817574478416099,0.8080672066194945,0.8670357563664174,0.8872045825331214,0.8596637505099167,0.8740772368049822,0.8596637505099167,0.9099070090919013,0.8670357701094303,0.8670357563664174,0.8596637469145054
0.9937100984685,0.37754066879814546,0.2689414213699951,0.23370636225126956,0.22270013366638422,0.2689414096510108,0.1919327887583263,0.22270013882530884,0.21206879937726764,0.3073580105206753,0.23370636225126956,0.2942149845400438,0.29421498454004374,0.24508500210441891,0.34864514210180597,0.2568319970758679,0.23370634623958195,0.2814056074291439,0.24508500761839525,0.30735802320985245,0.3073580295544412
0.9496693661561072,0.07159120192060021,0.04742586863357034,0.05033063295359571,0.04208772641371775,0.03514484640079327,0.04468086629734745,0.042087730468850816,0.05033062903628872,0.03732688841503393,0.03732689136002138,0.044680870908698676,0.021615333274736182,0.03963884151178883,0.029312229108421867,0.02297737095540777,0.027585283675752303,0.03514484804299782,0.047425871831197425,0.05665242072889432,0.0850990490675896
0.9859363728534459,0.8991213840277783,0.8438950947024555,0.7879311956428947,0.7057850154599562,0.6926419704455588,0.7310585903489892,0.6926419894793246,0.6791787121629465,0.7431680143008301,0.7879311931529758,0.679178699175393,0.7185943925708561,0.7879311956428946,0.743168019989179,0.6654105720171531,0.679178699175393,0.7549149868676284,0.6370307944803831,0.6654105587468141,0.651354857898194
0.8670357563664174,0.7981867681382279,0.8267117940706734,0.7431680143008301,0.7981867801399695,0.7549149923816048,0.817574478416099,0.8596637487122111,0.6926419831347361,0.8267117983401363,0.7310585903489892,0.8596637541053281,0.8438951104066293,0.8438951005915208,0.8807970779778824,0.8670357666736772,0.8670357735451835,0.8080672135527632,0.8519527963298946,0.8596637451167997,0.8740772302445241
0.9850429161099896,0.18242552158390102,0.09534946232842247,0.09534946489910949,0.11920291107043361,0.09534945782972028,0.06754669113962909,0.06754668597767712,0.09009298724347511,0.08509904964767095,0.0803574633162173,0.056652430484325014,0.08035746606921214,0.08035746441741523,0.06754669020109236,0.10087862408162354,0.06371499869663867,0.09009300190197035,0.06371499736323664,0.05033063687090299,0.0953494616857507
0.9961755155783056,0.3629692055196168,0.3629692055196168,0.26894141551050293,0.24508500761839527,0.29421497216298875,0.32082130731838393,0.2568319856991699,0.28140561345566495,0.24508501313237172,0.22270013882530884,0.2689414272294874,0.1732882059293266,0.1480472036701053,0.17328820806405806,0.17328821233352107,0.1919327772028789,0.17328819739040088,0.11279540106370038,0.18242552380635635,0.2120688018671865
0.9669140219688265,0.8354835330070839,0.7662936484231889,0.7057850216484838,0.8080672135527632,0.7772998611746911,0.7981867729389246,0.8596637505099168,0.7879311956428947,0.8354835411997897,0.7981867753392728,0.8872045959539037,0.8519528057272544,0.787931188173138,0.8740772351648677,0.8872045929715078,0.8740772253241802,0.8670357735451835,0.8080672066194945,0.8519527944504227,0.7772998611746911
0.9830850876005329,0.24508501313237172,0.1066906024668249,0.10087861394487134,0.07585817897661677,0.08509904558710156,0.0715912034062289,0.06371499869663867,0.06754668879328725,0.11279540702849221,0.05665242232161759,0.07585818315512395,0.0637150004745081,0.06371499336303071,0.04742587519712089,0.05033063526836816,0.05340332961150555,0.05033063793925957,0.03963883470477139,0.027585284325287156,0.053403327163362595
0.991938006937485,0.8080672066194946,0.7981867801399694,0.6926419704455589,0.6791787121629466,0.6926419767901476,0.6513548714339145,0.7185943925708561,0.6370307806984444,0.6926419831347361,0.6076631698328916,0.5467381519846138,0.6076631698328916,0.5467381519846138,0.5621765008857981,0.665410558746814,0.4843800842769844,0.5,0.4843800842769843,0.6370308013713524,0.5467381519846138
0.9770226280828406,0.36296921241058616,0.3629692055196168,0.2689414330889797,0.3073580105206753,0.3775406687981454,0.28140561345566495,0.3345894478883556,0.3486451488696663,0.3345894478883556,0.3208212878370535,0.32082130731838393,0.45326184801538616,0.22270013366638422,0.2689414213699951,0.23370636758849894,0.21206881182686202,0.2689414096510108,0.22270013366638425,0.21206879439743004,0.19193277951396837
0.9867771805079438,0.07159119548287624,0.029312233295254998,0.03963884037728584,0.06371498847389043,0.056652419335261495,0.05340332509185711,0.08509904848750825,0.03732688881662311,0.05033063028270455,0.03963884264629184,0.02595735540821259,0.04208773257151255,0.07159120142539066,0.04468086820549273,0.03963883626471278,0.031143827162583383,0.04468086566129904,0.037326890289116836,0.042087725062006816,0.037326887344129464
0.9688561668798717,0.7549149868676283,0.6513548782017745,0.6224593241981982,0.5,0.6370308082623217,0.6791787121629466,0.6224593312018546,0.5926665999540698,0.651354857898194,0.6224593382055109,0.5774953651858117,0.6513548714339145,0.6654105653819835,0.7662936430859597,0.6076631698328916,0.5312093733737563,0.6654105454764747,0.6513548714339145,0.6224593312018546,0.5621765008857981
0.996827316985208,0.17328820379459514,0.08035747487879621,0.053403329799824234,0.06754669583231303,0.07585817532042317,0.09534946361376596,0.08509904732734556,0.10087862070270603,0.0850990519679964,0.06754668785475053,0.06754668926255561,0.11279541448448237,0.08035747157520208,0.10669060033653141,0.08509904732734556,0.03514484475858878,0.04468086534327483,0.05665242928978238,0.09534947068315555,0.10669059039516232
0.9755769098571317,0.6926419767901475,0.5621765008857981,0.5926665999540698,0.6076631698328916,0.5621765008857981,0.5467381519846138,0.6076631698328916,0.5156199157230157,0.6370307875894138,0.6370307806984444,0.6654105653819836,0.5467381519846138,0.5312093733737563,0.5926665999540698,0.5774953651858118,0.5467381519846138,0.5467381519846138,0.5774953651858117,0.5926665999540698,0.5467381519846138
0.9961755169692024,0.8438951084436077,0.7185943985973772,0.6513548646660543,0.7310585786300049,0.5926665999540698,0.5621765008857982,0.6791787056691698,0.5467381519846138,0.6224593382055109,0.5,0.6224593312018545,0.5467381519846138,0.5467381519846138,0.5,0.5621765008857982,0.4532618480153861,0.3923368301671084,0.6224593312018545,0.5,0.4532618480153861
0.9964063970600915,0.36296921930155557,0.3923368372722396,0.33458943461801643,0.3775406687981454,0.4073334000459302,0.5467381519846138,0.45326184801538616,0.3629691986286475,0.3629692055196168,0.2689414330889797,0.30735801686526387,0.39233683016710835,0.28140560742914383,0.23370635691404026,0.2568319913875189,0.28140560742914383,0.24508500761839525,0.23370634623958195,0.2942149721629888,0.32082128783705344
0.9830850845341511,0.4073334000459302,0.39233683016710835,0.40733340004593027,0.33458944125318596,0.4225046348141882,0.34864512179822543,0.320821300824607,0.3629692055196168,0.3775406687981454,0.37754066879814546,0.2814056014026228,0.23370634623958195,0.2689414330889797,0.3073580232098525,0.20181321745968234,0.2814056194821861,0.20181322946142372,0.19193277951396834,0.23370636225126956,0.20181322946142374
0.9956684970435793,0.893309405344251,0.7662936430859597,0.8267117855317474,0.7662936430859597,0.7185943805178139,0.7549149813536518,0.743168019989179,0.7662936430859597,0.7549149868676284,0.7981867729389246,0.8080672181749422,0.7772998663336158,0.7662936377487304,0.8080672181749422,0.7662936430859597,0.6513548646660543,0.7772998508568416,0.7549149758396752,0.7772998508568416,0.6654105587468141
0.9940889299616807,0.09534946104307897,0.0850990519679964,0.04742587637519416,0.05665243088250589,0.053403331494692494,0.05340332998814293,0.06371498802942314,0.07585818785594477,0.05033062725569472,0.044680869000553285,0.05340332377362639,0.031143831434030544,0.08509904790742691,0.07585817949893016,0.044680865502286934,0.04468086947758962,0.08035747377759817,0.04742587536541707,0.07159119597808576,0.06371499425196533
0.9973683263648991,0.731058584489497,0.6926419894793248,0.6224593312018546,0.743168019989179,0.6224593312018546,0.5774953651858118,0.665410572017153,0.7185943985973772,0.5774953651858117,0.6370308082623217,0.6926419831347361,0.665410572017153,0.6076631698328916,0.5774953651858117,0.7057850278370111,0.6224593312018546,0.7185943985973772,0.6370308013713525,0.7310585727705126,0.6370307875894139
0.9973683263129538,0.20181321745968234,0.1480472055495773,0.11279540031810142,0.14804719615221756,0.09534946682712482,0.09009298602193394,0.20181321265898594,0.14033624409696624,0.10669059181535787,0.11279541672127952,0.07585817479810981,0.10669060388702056,0.05340333450779175,0.06008665648572012,0.056652419335261495,0.029312230221377456,0.025957358563532287,0.029312229055423987,0.053403325280175794,0.039638841937227456
0.9971990736656355,0.7981867825403177,0.7662936377487305,0.7772998508568417,0.7662936324115011,0.718594386544335,0.6926419767901475,0.7772998560157665,0.7431680143008301,0.7549149978955811,0.7772998663336158,0.6370307806984444,0.6926419894793248,0.679178699175393,0.6926419767901476,0.7431680143008301,0.6513548646660542,0.5774953651858118,0.6654105653819835,0.6513548646660542,0.6370308082623217
0.9964063973602213,0.8933094025038599,0.8807970748488297,0.8267117962054048,0.8596637523076225,0.87407724336544,0.8670357718273068,0.8872046004274975,0.8740772318846387,0.9399133464597458,0.8872045981907006,0.8933093996634686,0.8807970701552505,0.9046505370289059,0.9149009613738741,0.9149009474519223,0.8991213820004279,0.9399133433038895,0.9324533022906133,0.9196425344813869,0.9362850070814366
0.9840936108831304,0.18242552602881168,0.11920292671569666,0.09009298907578689,0.15610489940847916,0.10087862746054113,0.06371499602983463,0.07585817793199001,0.060086646386980413,0.13296425050508953,0.06371499958557338,0.05665242610433553,0.060086655433767996,0.047425872336085924,0.05340332622176919,0.06371499958557338,0.039638841369975954,0.042087728366189174,0.05340333507274788,0.06008665627532969,0.1403362566809061
0.9933071500818315,0.7772998611746912,0.6370307875894138,0.7057850278370112,0.7549149758396752,0.8080672135527632,0.7310585844894971,0.787931188173138,0.7310585786300049,0.7662936324115011,0.7549149868676283,0.7879311956428947,0.7185943925708562,0.7431680086124811,0.7662936537604181,0.7662936324115011,0.6654105587468141,0.6654105454764747,0.7310585786300049,0.7057850340255385,0.7549149868676284
0.9950945946284167,0.9770226286682546,0.9553191257520467,0.9324533046369554,0.8991213833519949,0.9046505383142492,0.9284087951081424,0.9496693679367013,0.9553191309994467,0.9362850039701655,0.9284088055075428,0.9496693711417706,0.9433475734974835,0.939913344566232,0.9669140200619966,0.9465966698235384,0.9553191337026525,0.9433475742938453,0.9669140207770578,0.9433475725020315,0.9324533088603709
0.9928785714123077,0.2942149783515162,0.2120688093369431,0.14804719803168948,0.23370636758849891,0.20181322226037882,0.182425528251267,0.11920292671569666,0.1732881995251323,0.1732882144682526,0.19193279338050545,0.24508500761839525,0.29421497216298875,0.1824255326961778,0.22270013882530884,0.1919327772028789,0.29421495978593404,0.23370634623958197,0.1919327864472368,0.28140560742914383,0.33458943461801643
0.9883127424668735,0.8596637487122111,0.8354835309589074,0.6926419767901475,0.6791787121629466,0.665410572017153,0.8519528000888386,0.8175744806385542,0.7057850402140659,0.5774953651858117,0.7549149868676283,0.7310585727705126,0.6224593312018546,0.6076631698328916,0.679178699175393,0.6076631698328916,0.5774953651858118,0.5312093733737563,0.5926665999540698,0.6513548511303338,0.6926419831347362
0.9796676466202393,0.9149009497722478,0.8267117940706734,0.6513548714339145,0.6513548714339144,0.6654105521116443,0.7662936377487305,0.7057850154599563,0.7057850340255387,0.7310585786300049,0.7662936484231889,0.7185943985973772,0.6791786926816161,0.766293653760418,0.7310585844894971,0.718594386544335,0.7185943925708561,0.7431680143008301,0.679178699175393,0.6926419704455588,0.6654105521116443
0.9830850899854962,0.8670357494949105,0.8080672066194945,0.817574478416099,0.731058584489497,0.718594386544335,0.6654105521116443,0.679178699175393,0.6654105653819835,0.7431680143008301,0.7185943805178139,0.6513548646660542,0.665410558746814,0.6654105653819835,0.6926419894793248,0.651354857898194,0.7662936430859597,0.7879311881731379,0.718594386544335,0.787931188173138,0.7310585727705126
0.9840936061597468,0.7772998560157665,0.7431680029241321,0.7057850216484838,0.651354857898194,0.7662936324115011,0.7549149923816048,0.7549149868676283,0.7549149813536518,0.7549149978955811,0.6926419831347361,0.7431680143008301,0.6791786861878392,0.6513548782017746,0.665410558746814,0.7057850216484838,0.7310585844894971,0.6791786861878392,0.6513548511303338,0.6370308082623217,0.6926419704455589
0.9830850876005329,0.7549149923816048,0.6513548646660543,0.6224593312018546,0.5312093733737563,0.4843800842769844,0.5,0.6370307944803831,0.665410558746814,0.6224593312018546,0.6076631698328916,0.5774953651858118,0.6370308082623216,0.6076631698328916,0.5156199157230156,0.6224593312018546,0.5774953651858118,0.5621765008857981,0.4532618480153861,0.48438008427698437,0.5621765008857981
0.9902915253809457,0.8991213860551287,0.899121367808974,0.8438951084436077,0.8740772351648676,0.8080672135527632,0.8080672089305841,0.8080672066194946,0.766293653760418,0.6791786861878392,0.7879311931529758,0.7057850402140659,0.8670357580842941,0.817574471748733,0.7879311981328134,0.8354835452961425,0.7185943925708562,0.7310585669110203,0.7431680029241322,0.7185943985973772,0.7981867705385762
0.9933071503232993,0.2814056194821861,0.2942149659744614,0.24508501864634824,0.3208212943308302,0.2689414272294874,0.2337063515768111,0.2450850131323717,0.2568319856991699,0.2337063569140403,0.24508500210441886,0.1919327841361473,0.20181323186177208,0.17328820165986367,0.22270013882530884,0.19193278413614728,0.1732882144682526,0.17328821233352107,0.18242552602881168,0.18242552380635635,0.1561048915563923
0.9859363730084089,0.2450850131323717,0.13296425222296632,0.14033624409696624,0.1732882059293266,0.19193277951396834,0.11279540404609627,0.1127953943533099,0.11920293140927592,0.1066905911052601,0.11920293140927592,0.08509904210661366,0.09534947196849916,0.08035746882220708,0.10669059607594457,0.08035747212580109,0.06754668879328725,0.08509904036636974,0.07585817479810981,0.08509903746596331,0.14804719991116141
0.9896718451008204,0.7185943985973772,0.5,0.5621765008857981,0.5621765008857982,0.5467381519846138,0.5774953651858118,0.6076631698328916,0.5156199157230156,0.5,0.5,0.4843800842769844,0.5312093733737563,0.42250463481418826,0.4843800842769844,0.5156199157230156,0.43782349911420193,0.5,0.48438008427698437,0.5467381519846138,0.5621765008857981
0.9959298617989928,0.8080672066194945,0.7772998560157665,0.7185943805178139,0.6513548714339144,0.7310585727705127,0.7310585786300049,0.743168019989179,0.665410558746814,0.74316801430083,0.6076631698328916,0.7310585669110202,0.7057850278370112,0.6791787056691698,0.5774953651858118,0.718594386544335,0.6513548646660542,0.651354857898194,0.651354857898194,0.6654105653819835,0.6224593312018546
0.9902915214143494,0.8438950986284991,0.7879312006227324,0.7057850278370112,0.6513548646660543,0.743167997235783,0.6926419767901475,0.718594386544335,0.7057850340255386,0.7185944046238981,0.718594386544335,0.665410572017153,0.6224593312018546,0.8175744695262777,0.7981867873410141,0.7310585727705127,0.7310585786300049,0.8354835309589074,0.7431680029241321,0.7549149923816048,0.7981867705385762
0.9933071493976724,0.4378234991142019,0.3923368301671084,0.45326184801538616,0.4378234991142019,0.5156199157230156,0.37754066879814546,0.48438008427698437,0.42250463481418826,0.4687906266262437,0.3775406617944891,0.3629692055196168,0.43782349911420193,0.33458943461801643,0.3923368301671084,0.4687906266262437,0.40733340004593027,0.34864512856608554,0.39233683016710835,0.46879062662624377,0.5156199157230156
0.985042914696673,0.1919327887583263,0.14804720179063335,0.1259227615549033,0.09009300068042898,0.1329642436335826,0.14804720179063335,0.11920292671569664,0.14804720367010532,0.14033624409696624,0.11279541523008142,0.10669059536584677,0.09009300251274102,0.1259227763159344,0.10669059891633578,0.09009300312351172,0.13296425222296632,0.08035747377759815,0.09534947068315557,0.10087862610897409,0.08509905312815914
0.9940889303885414,0.8670357563664174,0.8670357632379241,0.8175744695262777,0.8670357580842941,0.8080672158638528,0.8807970858005139,0.8519528019683106,0.8354835350552604,0.8596637451167997,0.8991213806488609,0.8933094110250333,0.9149009544128984,0.8933094124452288,0.7879312006227324,0.8438950947024555,0.8438950986284991,0.8807970654616711,0.8807970732843033,0.8670357529306639,0.7879311981328135
0.9875683509991131,0.33458943461801643,0.15610489155639232,0.09009299090809872,0.10669059323555341,0.11920293140927592,0.09534947389651462,0.08035746111382149,0.07159119894934292,0.11920291732853862,0.10087863151524239,0.0850990438468576,0.08509903630580076,0.08035747597999428,0.11279540404609625,0.10087862408162354,0.0600866533298638,0.06754669817865513,0.10669059252545564,0.06754669160889748,0.06371499780770397
0.9783846670403952,0.7549149923816048,0.5926665999540697,0.5621765008857982,0.4378234991142019,0.4532618480153861,0.5312093733737563,0.5312093733737563,0.5926665999540698,0.43782349911420193,0.5467381519846138,0.5774953651858118,0.5156199157230156,0.4378234991142018,0.5312093733737563,0.4073334000459302,0.3486451217982255,0.45326184801538616,0.5621765008857982,0.5156199157230156,0.42250463481418826
0.9867771783449099,0.7662936430859597,0.7662936377487304,0.6370307944803832,0.6791787121629466,0.6791787056691698,0.7057850340255386,0.6926419894793248,0.6370307944803831,0.6654105454764747,0.6224593312018546,0.6926419958239132,0.7310585786300049,0.6076631698328916,0.6791786926816161,0.6513548782017745,0.7185943925708562,0.7549149923816048,0.7310585903489891,0.6926419831347361,0.5467381519846138
0.9978172838229076,0.8438950966654774,0.7662936484231889,0.7185943985973773,0.731058584489497,0.7057850340255386,0.665410558746814,0.7549149813536518,0.7185943985973772,0.5467381519846138,0.5926665999540698,0.7431680143008301,0.665410572017153,0.7310585727705126,0.7772998611746912,0.7310585903489891,0.6926419894793246,0.8267117876664789,0.7057850278370112,0.7772998663336157,0.6654105454764746
0.9956684985517947,0.4687906266262437,0.2568319970758679,0.22270013366638422,0.24508500761839525,0.26894142136999516,0.2450850241603249,0.3073580295544412,0.20181322706107543,0.2450850021044189,0.14804719239327382,0.26894141551050293,0.16451646699291614,0.1561049033345227,0.14804720179063335,0.14804719051380197,0.21206881431678096,0.18242552602881168,0.24508500761839525,0.3073580105206753,0.22270014398423357
0.9820137911893858,0.8991213840277783,0.8740772400852111,0.8807970889295664,0.8872046041554922,0.9196425311777929,0.9149009497722477,0.8933094145755219,0.8991213732152423,0.9241418283357703,0.8933093954028816,0.909907001151883,0.9196425256718027,0.9099070084811307,0.9433475778774728,0.9362850061925019,0.9284088069931713,0.9284088055075428,0.8933093954028816,0.9284088064979618,0.8807970873650403
0.9950945946579662,0.1403362476923775,0.08509903688588202,0.12592275991478885,0.07585817897661677,0.14033624409696624,0.10669059181535787,0.0600866484908844,0.10087863219102595,0.0803574677210091,0.0850990380460446,0.09534945911506375,0.07585818524437761,0.09009299457272248,0.07159120439664804,0.0900929884650163,0.0715911920164097,0.1192029095059074,0.12592275335433112,0.1403362422992606,0.07159119399724771
0.97966764624922,0.6926419704455589,0.7310585727705127,0.5926665999540698,0.6791786991753931,0.6076631698328916,0.6370307944803831,0.4843800842769843,0.4843800842769844,0.48438008427698437,0.5156199157230157,0.6654105454764747,0.5621765008857981,0.5774953651858117,0.5774953651858118,0.48438008427698437,0.5156199157230157,0.7185943985973772,0.5312093733737563,0.6224593312018545,0.5312093733737563
0.9149009491921664,0.8354835371034368,0.8080672112416737,0.7981867873410141,0.651354857898194,0.8267118026095991,0.8354835452961425,0.7772998714925403,0.7981867849406659,0.8080672112416737,0.7772998611746911,0.7431680143008301,0.8354835330070839,0.743167997235783,0.8519528076067262,0.8670357666736772,0.7772998560157665,0.8438951025545426,0.7549149868676283,0.8175744806385542,0.6926419894793246
0.9956684971158772,0.5312093733737563,0.48438008427698437,0.3923368372722396,0.4532618480153861,0.5156199157230156,0.42250463481418826,0.45326184801538616,0.4843800842769844,0.37754066879814546,0.4378234991142019,0.39233683016710835,0.37754066179448903,0.46879062662624377,0.4378234991142019,0.3923368372722396,0.39233683016710835,0.34864514210180597,0.3775406687981454,0.45326184801538616,0.4532618480153861
0.9525741301883566,0.4532618480153861,0.5156199157230156,0.45326184801538616,0.5312093733737563,0.4378234991142019,0.45326184801538616,0.39233683727223956,0.3923368301671084,0.5156199157230156,0.5,0.30735802955444114,0.3345894545235253,0.37754067580180184,0.2942149659744614,0.33458943461801643,0.23370636225126956,0.2942149783515163,0.28140561345566495,0.28140561345566495,0.268941415510503
0.990874364674051,0.6791787056691697,0.6076631698328916,0.5774953651858118,0.5467381519846138,0.6513548782017745,0.651354857898194,0.6370307806984445,0.5621765008857982,0.6076631698328916,0.5774953651858118,0.5774953651858117,0.5,0.5774953651858118,0.6224593312018546,0.6224593312018546,0.6513548511303338,0.679178699175393,0.6224593312018546,0.6654105720171531,0.5926665999540698
0.9950945942715475,0.7772998560157663,0.6513548578981939,0.6654105521116443,0.5926665999540698,0.6654105720171531,0.5774953651858118,0.6926419894793246,0.5312093733737563,0.6926419831347361,0.6654105653819835,0.7431680086124811,0.6076631698328916,0.5467381519846138,0.5621765008857982,0.5,0.42250463481418826,0.6224593312018546,0.665410558746814,0.6370308082623217,0.46879062662624377
0.9973683262426748,0.8933094124452288,0.8872045996818986,0.7662936324115011,0.8080672066194946,0.7662936430859597,0.7185944046238981,0.7549149813536518,0.7662936430859598,0.7549149813536518,0.7662936430859597,0.8267117962054049,0.8267117940706734,0.8438951005915208,0.8080672158638528,0.851952809486198,0.7772998611746912,0.8175744739711883,0.74316801430083,0.8740772253241803,0.8080672181749422
0.9940889320823021,0.6926419894793248,0.6076631698328917,0.7057850216484838,0.679178699175393,0.5926665999540698,0.5,0.48438008427698437,0.5774953651858118,0.6370307875894138,0.46879062662624377,0.5621765008857981,0.5926665999540698,0.6224593312018546,0.7549149923816048,0.5774953651858118,0.7057850154599562,0.6926419704455588,0.7057850216484838,0.6370307806984444,0.679178692681616
0.9959298624917389,0.8670357649558006,0.9149009486120849,0.8354835432479663,0.808067204308405,0.7772998611746911,0.8354835371034368,0.8175744850834648,0.8438950966654774,0.7879311956428946,0.8596637451167997,0.8596637523076225,0.8175744828610095,0.8267117983401363,0.7879312006227324,0.8354835371034368,0.8670357598021707,0.8175744828610096,0.7549149758396752,0.8519528019683106,0.7981867825403177
0.9947798732352138,0.8991213691605412,0.8519527982093666,0.826711787666479,0.665410558746814,0.7879311956428947,0.7310585903489891,0.8438951025545426,0.6926419894793246,0.6926419767901475,0.7772998560157665,0.8438950966654772,0.843895106480586,0.8175744828610095,0.7431680029241321,0.8519528076067262,0.8080672089305841,0.8267117962054049,0.7057850278370112,0.7549149868676283,0.867035758084294
0.9933071503232993,0.9525741283370988,0.9740426421428826,0.9362850026367634,0.9046505254608136,0.939913350667554,0.9196425333801889,0.8596637451167995,0.9149009526726545,0.9099069962657177,0.9241418210233833,0.8872045877523147,0.8807970779778824,0.9046505421702797,0.9324533036984185,0.9241418236349501,0.8807970889295664,0.8933093968230773,0.9099070054272775,0.9149009567332237,0.8438951104066293
0.9940889307168957,0.18242552380635632,0.07159119597808576,0.07585818576669104,0.09534946489910948,0.10087862070270603,0.05665242291888883,0.06754668832401889,0.0637149898072923,0.04468087106771079,0.031143830085152435,0.04208772881675952,0.03963883612289993,0.033085977792819805,0.06754669630158146,0.05033062903628872,0.03114382828664837,0.05033063776120015,0.06008665438181588,0.06371499469643267,0.09009300129119967
0.997676837041334,0.7310585727705127,0.6654105653819836,0.5621765008857981,0.6224593312018546,0.5621765008857981,0.6370307875894139,0.5,0.5467381519846138,0.6224593241981982,0.3073580168652638,0.5156199157230157,0.4843800842769843,0.3775406687981454,0.5156199157230156,0.5156199157230157,0.48438008427698437,0.4378234991142019,0.4225046348141882,0.6076631698328916,0.5774953651858117
0.9964063966582508,0.9648551535992067,0.919642533380189,0.8872046004274975,0.817574478416099,0.8933094060543487,0.8080672066194946,0.8080672089305841,0.8438951045175643,0.8519528000888386,0.8807970842359877,0.8080672227971211,0.8438951064805861,0.9046505447409665,0.8740772400852111,0.8080672112416737,0.851952809486198,0.8354835309589073,0.8991213772699435,0.9149009468718408,0.8354835391516132
0.9796676488463552,0.40733340004593027,0.320821300824607,0.32082130731838393,0.29421495978593415,0.3345894346180165,0.3923368301671084,0.3345894478883556,0.3486451285660856,0.43782349911420193,0.43782349911420193,0.28140561345566495,0.33458943461801643,0.24508500761839525,0.24508502416032488,0.22270013882530887,0.24508501313237172,0.2942149659744614,0.3073580295544412,0.24508501864634827,0.22270013366638422
0.9914225146654869,0.8933094110250331,0.7431680143008301,0.6926419767901475,0.6926419767901475,0.651354857898194,0.7772998611746912,0.6654105521116443,0.6370307875894139,0.7185943865443349,0.6926419767901475,0.6076631698328916,0.7185943925708562,0.6224593312018546,0.7057850154599562,0.679178692681616,0.7310585669110202,0.7057850154599562,0.5926665999540698,0.7772998714925403,0.7662936484231889
0.9944450757516139,0.25683199138751883,0.2689414272294874,0.22270014398423355,0.28140561345566495,0.29421496597446134,0.33458943461801643,0.256831980010821,0.24508500761839525,0.24508501313237174,0.13296425050508953,0.16451645880021026,0.1259227582746744,0.14804719803168948,0.18242552825126704,0.12592276811536138,0.11920291889306492,0.12592276975547595,0.17328819952513227,0.18242552602881168,0.19193279338050545
0.9964063980671938,0.5156199157230156,0.5156199157230157,0.5774953651858118,0.5621765008857981,0.4687906266262437,0.3923368230619772,0.4532618480153861,0.5,0.3629692055196168,0.33458944125318596,0.4532618480153861,0.34864514886966624,0.4532618480153861,0.36296920551961687,0.30735802320985245,0.3923368301671084,0.39233683016710835,0.3775406687981454,0.5621765008857982,0.3486451285660856
0.9933071491623959,0.8267118004748677,0.766293653760418,0.6926419894793248,0.5926665999540698,0.5926665999540698,0.7185943865443352,0.7057850278370112,0.6224593382055109,0.7185943985973773,0.6370307875894139,0.5621765008857981,0.6370307875894138,0.6926419894793246,0.7662936377487305,0.6076631698328916,0.6926419767901476,0.6513548646660542,0.651354857898194,0.5926665999540698,0.5621765008857981
0.9820137896431161,0.11920292984474948,0.0566524298870537,0.05340332584513183,0.0758581737534831,0.0675466977093867,0.05033063491224932,0.0534033311180551,0.09534947261117098,0.042087727314858395,0.07159120588227678,0.05665243167886765,0.03308597707775863,0.05033062850211051,0.053403335449385296,0.053403326410087874,0.04742587385075148,0.04468087043166232,0.04742587671178653,0.056652422321617595,0.06008664407268613
0.9850429124600649,0.28140560742914383,0.22270014398423355,0.25683198569916993,0.12592276975547595,0.19193277951396837,0.21206881182686202,0.14804719051380197,0.1732881995251323,0.1919327818250578,0.16451645880021026,0.17328820165986367,0.14804719803168945,0.20181322466072713,0.12592276975547598,0.14033624589467186,0.13296422989056964,0.14804719239327382,0.1561048974454574,0.14033624589467186,0.15610488959337065
0.9953904279103633,0.8933094039240554,0.9099069980980297,0.8354835391516133,0.8933094039240554,0.8267117898012104,0.7310585669110203,0.7549149813536518,0.8267117983401363,0.8175744695262775,0.7549149923816048,0.8175744761936437,0.8740772253241802,0.7981867801399695,0.7772998714925403,0.8175744673038222,0.7879312006227324,0.7879311856832191,0.7185943985973772,0.8080672089305841,0.8933093982432729
0.9840936084922821,0.743168019989179,0.7057850278370112,0.6654105521116445,0.6076631698328917,0.5312093733737563,0.6791787121629466,0.6791786861878392,0.5312093733737562,0.5312093733737563,0.5312093733737563,0.5467381519846138,0.46879062662624377,0.46879062662624377,0.45326184801538616,0.5467381519846138,0.5156199157230157,0.5774953651858118,0.5312093733737563,0.5,0.5621765008857981
0.9937100980464716,0.7981867705385762,0.6654105521116443,0.6076631698328916,0.5774953651858118,0.5926665999540697,0.5926665999540698,0.5926665999540698,0.6076631698328917,0.6076631698328917,0.5774953651858118,0.6076631698328916,0.4378234991142019,0.48438008427698437,0.5467381519846138,0.4843800842769844,0.5312093733737563,0.5621765008857981,0.39233683016710835,0.546738151984614,0.5467381519846138
0.9830850856801727,0.7185943985973773,0.5774953651858118,0.5,0.5,0.5926665999540698,0.5467381519846138,0.6370308082623217,0.5312093733737563,0.5621765008857982,0.5312093733737563,0.45326184801538616,0.4687906266262437,0.5156199157230156,0.42250463481418826,0.46879062662624377,0.39233683016710835,0.46879062662624377,0.40733340004593027,0.4687906266262438,0.5
0.9914225138418188,0.9648551533465599,0.9433475758865687,0.9362849986365571,0.93991335382341,0.8519528057272543,0.9284087975841901,0.8740772236840656,0.843895106480586,0.9284087985746093,0.880797085800514,0.9241418168448761,0.899121388082479,0.9099070017626536,0.8933094131553264,0.9046505395995929,0.928408795603352,0.8519528038477825,0.9149009462917594,0.8670357477770336,0.9362850070814366
0.9433475794701961,0.06754668738548217,0.031143828286648374,0.05340332396194506,0.04742587284097443,0.044680865343274846,0.0600866545922063,0.03514484437961852,0.05665242132616554,0.07159119647329527,0.03308597457504462,0.04208772701447818,0.03514484677976354,0.05340332998814293,0.05340332528017579,0.056652426104335525,0.03963884207904032,0.047425875870305605,0.06371499025175957,0.09534946232842245,0.06371499736323664
0.9924227598982026,0.43782349911420193,0.4378234991142019,0.42250463481418826,0.40733340004593027,0.5,0.3775406687981454,0.4378234991142019,0.43782349911420193,0.32082129433083023,0.39233683016710835,0.3486451285660856,0.36296921930155557,0.3629692055196168,0.3923368301671084,0.3486451217982255,0.33458943461801643,0.320821300824607,0.4073334000459302,0.4687906266262437,0.48438008427698437
0.997368325551496,0.7772998611746911,0.8080672135527632,0.7879311906630568,0.8175744828610095,0.8080672135527631,0.843895106480586,0.7431680143008301,0.8267118004748677,0.8080672066194946,0.8267117940706734,0.7772998663336158,0.7772998560157665,0.8740772384450967,0.7057850216484838,0.8354835350552604,0.8354835432479661,0.8267117898012104,0.8080672158638528,0.8807970732843033,0.8872045840243196
0.9770226278737641,0.12592275991478882,0.12592277467581975,0.09534947068315555,0.09009300006965833,0.0637149924740961,0.07159120736790556,0.0637149924740961,0.06371498802942316,0.08509904326677628,0.08509904442693891,0.0900929933511812,0.05665242928978239,0.06754669489377622,0.03308597576681318,0.0373268854700467,0.04468087249881989,0.06371499602983463,0.05340332772831865,0.06371499247409608,0.09009299212963996
0.9770226292536687,0.19193278182505785,0.08035747708119238,0.10669058684467356,0.0953494674697966,0.11279541746687857,0.08035747487879621,0.09534946425643771,0.09534946489910949,0.0715912009301811,0.05665243128068677,0.08035747487879623,0.08035746606921215,0.044680871544747154,0.060086650384398026,0.06008664554541885,0.05340333318956081,0.04468087043166233,0.05033063793925957,0.06371499202962878,0.04742587486052854
0.9944450760191376,0.8872045855155176,0.8438950947024555,0.8519528038477824,0.8933094074745443,0.9099070011518829,0.9149009497722478,0.8807970764133561,0.8933094110250331,0.9149009602137116,0.9324533018213448,0.8991213840277783,0.90990700787036,0.9525741291785795,0.9433475790720153,0.9433475687193132,0.9241418225903234,0.904650536386234,0.9284088030314952,0.9149009544128984,0.928408800060238
0.9940889320740932,0.46879062662624377,0.5621765008857982,0.546738151984614,0.43782349911420193,0.5312093733737562,0.5156199157230157,0.5467381519846138,0.4532618480153861,0.5312093733737563,0.5156199157230156,0.5156199157230156,0.5312093733737563,0.45326184801538616,0.48438008427698437,0.5312093733737563,0.4378234991142019,0.37754066179448903,0.4378234991142019,0.5156199157230157,0.36296919173767833
0.9875683509648113,0.2689414272294874,0.10669059607594455,0.09534946425643771,0.10087861394487134,0.1008786267847576,0.09534945782972029,0.07585817793199001,0.1561049033345227,0.09009299151886935,0.09009298480039278,0.07159119350203819,0.0850990519679964,0.11279539435330992,0.08035746661981112,0.060086645966199635,0.04468086995462597,0.06371498980729229,0.07159120588227677,0.07159120637748637,0.05665242431252174
0.9830850876005329,0.2018132126589859,0.10669058613457583,0.09009298846501629,0.10087861259330445,0.08509904500702023,0.056652427497968505,0.056652427497968505,0.07585817323116976,0.06371499914110604,0.13296424706933604,0.0758581868113179,0.09534946682712482,0.07159119449245721,0.0758581763650499,0.03963884349716912,0.07159120390143849,0.04208772896694963,0.07159119944455247,0.0637150004745081,0.08509904558710156
0.9975273767497578,0.3486451285660856,0.2942149659744614,0.28140560140262283,0.20181321265898594,0.2568319913875189,0.2942149659744614,0.16451646494473965,0.1732882037945951,0.26894142136999516,0.21206881182686205,0.18242552825126704,0.21206879937726764,0.22270012850745968,0.20181322466072713,0.14804720179063335,0.14804719051380197,0.22270014914315836,0.19193279569159505,0.20181322226037882,0.21206879688734884
0.9626731117188292,0.8872045855155176,0.8740772400852111,0.8872045989362995,0.8670357615200474,0.8519528019683105,0.8872045892435128,0.8740772450055545,0.8596637541053281,0.8933094025038598,0.8596637559030338,0.8740772253241803,0.8991213820004279,0.8872045907347107,0.8740772286044095,0.8933094003735664,0.8872046011730964,0.8933093996634686,0.8354835411997897,0.8872046034098933,0.817574471748733
0.9465966756614176,0.7185943865443349,0.679178692681616,0.6654105521116443,0.6513548714339144,0.6224593312018546,0.6926419831347361,0.743168019989179,0.679178699175393,0.5621765008857981,0.5467381519846138,0.6076631698328916,0.6076631698328916,0.6654105521116443,0.5774953651858118,0.5926665999540698,0.6370308013713525,0.6513548714339145,0.7057850154599563,0.5926665999540698,0.6076631698328917
0.9830850848129131,0.8933093968230773,0.8175744761936437,0.7310585903489891,0.7662936377487305,0.6654105653819836,0.7310585786300049,0.7879312006227324,0.7057850340255386,0.8080672112416737,0.7310585844894971,0.6926419894793246,0.6513548578981939,0.665410558746814,0.7431680143008301,0.8267117983401363,0.7549149758396752,0.7879311856832191,0.8080672181749422,0.7185943985973772,0.6926419894793246
0.9924227581893769,0.7549149923816048,0.6370307806984444,0.6076631698328916,0.6224593312018545,0.6654105521116443,0.7310585669110203,0.6791787056691698,0.6654105521116445,0.651354857898194,0.6791787121629466,0.6513548511303336,0.5774953651858118,0.7310585786300049,0.6513548646660542,0.6370308082623217,0.7057850278370111,0.5926665999540698,0.5774953651858118,0.5774953651858117,0.6224593312018546
0.9937100966814277,0.8267117876664789,0.8175744673038222,0.7981867753392728,0.787931188173138,0.7549149978955811,0.7662936324115011,0.787931190663057,0.7310585844894971,0.7185943925708561,0.7185943805178139,0.7431679972357831,0.7549149758396752,0.679178699175393,0.7772998560157665,0.7981867753392728,0.6654105653819836,0.6791786861878392,0.651354857898194,0.6654105521116443,0.7662936484231889
0.9914225161623451,0.7431680029241321,0.743168019989179,0.7981867729389246,0.718594386544335,0.6926419767901476,0.7185944046238981,0.7981867681382279,0.7310585727705127,0.7549149813536518,0.6791787056691698,0.7057850340255386,0.7981867705385762,0.6791786926816161,0.7185943985973772,0.7879312056025699,0.718594386544335,0.8080672204860317,0.6370307806984444,0.7185943985973772,0.6513548511303338
0.980875962235849,0.9149009509324104,0.8991213867309121,0.8519528000888387,0.8519528038477824,0.9099070139780661,0.8519527982093666,0.899121375242593,0.880797068590724,0.87407724336544,0.8740772318846386,0.8596637433190939,0.8670357649558007,0.8872045914803098,0.9099070011518829,0.8596637505099168,0.8740772400852111,0.909907001151883,0.8438950947024555,0.8991213772699435,0.8670357563664174
0.9933071484906197,0.8596637505099168,0.8596637523076225,0.7879311931529759,0.7879312006227324,0.8267118004748677,0.8175744761936437,0.880797085800514,0.7772998560157665,0.8080672135527632,0.8354835350552603,0.766293653760418,0.7981867801399695,0.7772998663336157,0.8354835350552603,0.8519527963298947,0.7549149813536518,0.7549149813536518,0.8267118004748677,0.8670357666736772,0.6926419704455589
0.9770226323061845,0.42250463481418826,0.4225046348141882,0.4532618480153861,0.42250463481418826,0.4225046348141883,0.40733340004593027,0.42250463481418826,0.4378234991142019,0.39233683016710835,0.39233683016710835,0.3923368372722396,0.34864514210180597,0.33458945452352534,0.32082128783705344,0.34864513533394575,0.3486451285660856,0.25683199707586785,0.37754066879814546,0.37754066879814546,0.3486451285660856
0.9956684971299351,0.8670357615200474,0.8933094032139577,0.8267117919359419,0.7185943925708561,0.7057850402140659,0.7057850278370112,0.766293653760418,0.766293653760418,0.731058584489497,0.6926419894793246,0.8080672135527632,0.8080672089305841,0.7057850154599562,0.8354835330070839,0.679178699175393,0.7310585786300049,0.7185943925708562,0.6926419831347361,0.8080672066194945,0.7879312031126511
0.9896718462050822,0.808067208930584,0.679178699175393,0.651354857898194,0.5156199157230156,0.651354857898194,0.6076631698328917,0.6513548646660543,0.5926665999540698,0.679178699175393,0.6224593312018546,0.6224593312018546,0.6513548511303338,0.5621765008857981,0.5,0.5467381519846138,0.48438008427698437,0.45326184801538616,0.4532618480153861,0.4843800842769843,0.5312093733737562
0.9947798745095637,0.8080672135527631,0.7310585786300049,0.718594386544335,0.731058584489497,0.7057850216484838,0.5467381519846138,0.6513548511303338,0.6654105521116443,0.5926665999540698,0.6791786926816161,0.7057850216484838,0.7310585903489891,0.7185943985973772,0.5926665999540697,0.6791787056691697,0.7185943805178138,0.6654105521116443,0.651354857898194,0.6654105653819836,0.6513548782017745
0.9975273764103588,0.5467381519846138,0.48438008427698437,0.4073334000459302,0.4843800842769843,0.43782349911420193,0.33458943461801643,0.3629692055196168,0.3345894279828469,0.2814055953761019,0.33458943461801643,0.32082129433083023,0.2689414272294874,0.2568319970758679,0.20181323186177208,0.19193278875832634,0.2942149659744614,0.21206880435710532,0.26894142136999516,0.28140561345566495,0.2337063569140403
0.9902915245750911,0.817574471748733,0.6791786861878392,0.679178699175393,0.6926419831347362,0.665410572017153,0.6370307875894139,0.7549149868676283,0.7431680086124811,0.718594386544335,0.6654105521116443,0.7057850340255386,0.6370307806984444,0.7057850216484838,0.6926419894793248,0.6654105653819835,0.665410558746814,0.7549149813536518,0.7772998714925403,0.7057850278370112,0.7310585727705127
0.9975273764384985,0.8807970732843033,0.8080672089305841,0.7549149868676284,0.6513548714339145,0.7981867753392728,0.7879311906630568,0.7981867849406659,0.7662936377487305,0.8670357598021707,0.8596637487122111,0.8354835289107307,0.8267117919359419,0.7879312031126511,0.7185943805178139,0.7185943925708561,0.6926419831347361,0.8267117919359419,0.7981867777396212,0.7549149813536518,0.743167997235783
0.9966233881432217,0.5156199157230157,0.6076631698328916,0.5156199157230157,0.48438008427698437,0.5621765008857981,0.42250463481418826,0.4532618480153862,0.4687906266262437,0.36296921930155557,0.26894142136999516,0.2942149721629888,0.17328820806405806,0.25683198569916993,0.28140561345566495,0.2120688018671865,0.15610490333452268,0.2568319856991699,0.22270014398423357,0.24508501864634824,0.2942149597859341
0.9740426425196372,0.08035746276561835,0.05033063509030874,0.07585818054355695,0.05665242909069196,0.11279540628289321,0.06754669207816587,0.07159119944455247,0.05340333526106659,0.053403334131154334,0.0600866476493228,0.03963884321354336,0.07159119449245721,0.0850990519679964,0.090093000680429,0.0850990490675896,0.07585818785594478,0.08035747047400407,0.07585817427579646,0.1008786186753556,0.10087862137848955
0.9961755170011362,0.9433475719047602,0.9324533158993962,0.8267117962054048,0.7185943925708562,0.7310585786300049,0.6791787056691698,0.766293653760418,0.6224593312018545,0.6513548714339144,0.7549149813536518,0.7981867849406659,0.679178699175393,0.7981867801399694,0.7549149923816048,0.6926419704455589,0.718594386544335,0.766293653760418,0.6513548714339145,0.6076631769380229,0.7310585903489892
0.9956684974030607,0.9241418257242034,0.9399133433038895,0.8991213853793452,0.8354835350552604,0.8080672204860316,0.8438951104066293,0.9241418241572635,0.8933094110250333,0.8991213738910259,0.7879311956428946,0.8872045944627057,0.9149009515124917,0.8740772417253256,0.9099070035949656,0.9099070066488187,0.904650538956921,0.8807970873650403,0.8807970748488296,0.8991213711878918,0.8740772417253256
0.9859363720528045,0.6370308082623217,0.6791787056691697,0.6076631698328917,0.5621765008857981,0.5467381519846138,0.5312093733737563,0.5312093733737562,0.6076631698328917,0.5467381519846138,0.5156199157230156,0.5774953651858117,0.5156199157230156,0.40733340004593027,0.4687906266262437,0.4378234991142018,0.45326184801538616,0.46879062662624377,0.4532618480153861,0.5467381519846138,0.4225046348141882
0.9933071494007681,0.7431679972357831,0.7772998560157665,0.8267117940706734,0.718594386544335,0.7662936430859597,0.7057850278370112,0.7057850278370111,0.6513548646660543,0.743168019989179,0.6513548714339145,0.5774953651858118,0.5467381519846138,0.6926419767901475,0.5926665999540698,0.5156199157230156,0.546738151984614,0.5621765008857981,0.4843800842769844,0.6224593312018546,0.5621765008857981
0.9867771755864335,0.8354835330070839,0.718594386544335,0.7549149868676284,0.6224593382055109,0.7057850278370111,0.7310585844894971,0.7549149868676283,0.718594386544335,0.7662936430859597,0.7662936484231889,0.7772998611746912,0.8267117876664789,0.7772998611746912,0.7431680086124812,0.7310585727705127,0.718594386544335,0.7549149868676283,0.6513548646660543,0.7662936430859597,0.7662936430859598
0.9867771754284591,0.4843800842769844,0.37754067580180184,0.42250463481418826,0.546738151984614,0.5467381519846138,0.5,0.36296921930155557,0.3486451285660856,0.5774953651858117,0.5621765008857981,0.4687906266262437,0.37754066879814546,0.40733340004593027,0.3775406687981454,0.28140560742914383,0.2942149659744614,0.33458943461801643,0.36296919862864757,0.28140560742914383,0.28140561345566495
0.980875963179231,0.8872045847699186,0.766293653760418,0.8519528076067262,0.8438950986284991,0.8519528038477824,0.817574478416099,0.8267118004748677,0.8354835350552604,0.817574471748733,0.8438950966654774,0.8933094017937621,0.8596637523076225,0.8596637505099167,0.8354835452961425,0.8740772384450967,0.8267117876664789,0.8670357477770337,0.8519527944504227,0.8519527982093666,0.8438950966654774
0.9867771782963024,0.8740772286044095,0.87407724336544,0.8267117940706735,0.8175744761936437,0.679178699175393,0.7662936430859597,0.7662936484231889,0.5621765008857981,0.7185943985973772,0.7879311956428946,0.8267117919359419,0.7662936484231889,0.7057850216484838,0.7549149923816048,0.7662936377487305,0.7185944046238981,0.7662936377487305,0.6791786926816161,0.7057850216484838,0.5926665999540698
0.9908743630403086,0.6513548714339144,0.5621765008857981,0.5621765008857981,0.5926665999540698,0.6926419894793246,0.6370307806984444,0.6224593312018545,0.6370307944803832,0.6513548714339144,0.679178699175393,0.6513548714339145,0.6654105521116443,0.6076631769380227,0.546738151984614,0.6654105653819836,0.4843800842769843,0.48438008427698437,0.5312093733737562,0.48438008427698437,0.5774953651858117
0.9783846664101324,0.9399133433038895,0.9241418168448761,0.9284087975841903,0.8933093975331751,0.8438950966654774,0.8519528076067262,0.8438951084436077,0.817574478416099,0.8933094096048377,0.8438951025545426,0.8872045996818986,0.8991213684847575,0.8807970795424087,0.8438951064805861,0.8670357701094303,0.8740772253241802,0.8354835371034368,0.8670357649558007,0.8438951045175643,0.8438951045175643
0.9755769114992104,0.651354857898194,0.5621765008857981,0.5621765008857981,0.5926665999540697,0.665410558746814,0.6370308082623217,0.6076631698328916,0.6076631698328916,0.6076631698328916,0.5467381519846138,0.679178699175393,0.6791786861878392,0.4843800842769844,0.6370307944803832,0.6370308082623217,0.6076631769380229,0.6791786926816161,0.6224593312018546,0.6791786861878392,0.6654105653819835
0.94966936526581,0.5774953651858118,0.5467381519846138,0.6076631627277604,0.46879062662624377,0.6076631698328916,0.6224593312018546,0.5926665999540698,0.5312093733737563,0.5,0.5312093733737563,0.5621765008857981,0.5156199157230157,0.43782349911420193,0.4225046348141882,0.5467381519846138,0.48438008427698437,0.5926665999540698,0.6370307944803832,0.6224593312018546,0.5156199157230156
0.975576911543591,0.07585818681131791,0.047425872167789755,0.06754669442450784,0.03514484299006095,0.037326884666868405,0.03514484665344011,0.039638843213543364,0.0534033314946925,0.039638836406525636,0.04742587620689798,0.056652425108883415,0.053403326975043915,0.05665242809523979,0.04742586829697803,0.053403329799824234,0.05665243048432501,0.04742587486052853,0.06754669067036072,0.053403331494692494,0.08035746276561834
0.9968273168511914,0.5312093733737563,0.39233683016710835,0.3486451285660856,0.4532618480153861,0.39233683016710835,0.32082129433083023,0.34864512179822543,0.33458944125318596,0.25683199138751883,0.23370636225126956,0.3629692055196168,0.2814056014026228,0.23370635691404026,0.25683200276421697,0.28140560742914383,0.2942149659744614,0.2814056194821861,0.2942149659744614,0.43782349911420193,0.24508502416032488
0.9956684970616537,0.975576908481336,0.9324533121452495,0.9496693706075925,0.8991213725394589,0.8438951005915208,0.9149009613738741,0.8807970779778824,0.8080672204860317,0.8670357546485408,0.8596637433190939,0.8807970889295664,0.8933094081846421,0.8991213847035617,0.9196425256718028,0.8740772335247532,0.8267118004748678,0.8670357494949105,0.8596637433190938,0.9099069999303417,0.8596637523076225
0.9924227575660756,0.23370635691404026,0.2120688018671865,0.24508500210441891,0.17328820379459514,0.1732882016598637,0.19193279338050545,0.1561049013715009,0.18242551713899047,0.16451646289656316,0.10087861394487134,0.12592276483513232,0.10087863016367529,0.09009299945888766,0.09009299090809872,0.09534945718704856,0.0803574721258011,0.1329642436335826,0.08035747487879621,0.09009299274041058,0.08509903804604459
0.993710097118009,0.7431680029241321,0.6513548646660542,0.5621765008857982,0.5926665999540698,0.5312093733737562,0.5312093733737563,0.4687906266262437,0.4843800842769844,0.5,0.5312093733737563,0.5312093733737563,0.3629691917376783,0.45326184801538616,0.6076631698328916,0.46879062662624377,0.4378234991142019,0.4378234991142019,0.5467381519846138,0.5156199157230157,0.4225046348141882
0.9919380090898943,0.5156199157230156,0.5467381519846138,0.5467381519846138,0.5,0.6654105521116443,0.39233683016710835,0.546738151984614,0.4843800842769843,0.46879062662624377,0.40733340004593027,0.32082130731838393,0.42250463481418826,0.40733340004593027,0.37754066179448903,0.42250463481418826,0.4532618480153861,0.40733340004593027,0.36296921241058616,0.3775406687981454,0.42250463481418826
0.9937100977088489,0.34864514886966624,0.3345894545235253,0.32082131381216084,0.2814056074291439,0.28140560140262283,0.23370636225126956,0.32082130731838393,0.2337063515768111,0.30735801686526387,0.2689414272294874,0.2689414272294874,0.2018132270610754,0.23370635157681105,0.2689414330889797,0.20181322466072713,0.18242552602881168,0.1480472055495773,0.14804719615221756,0.20181321745968234,0.23370636758849891
0.9933071490385662,0.9324533018213448,0.8596637505099167,0.7879311931529758,0.7879311981328135,0.7310585727705126,0.6926419767901475,0.743167997235783,0.7185943925708562,0.7185943805178138,0.6791786861878392,0.7431680143008301,0.6224593312018546,0.7057850154599562,0.808067204308405,0.7431680086124811,0.6926419831347361,0.6926419831347361,0.7057850278370112,0.8740772318846386,0.6926419704455588
0.9669140198236429,0.8267117983401364,0.8080672181749422,0.8080672227971211,0.731058584489497,0.7431680029241322,0.6926419894793248,0.679178699175393,0.6224593312018546,0.8519528000888386,0.7662936484231889,0.7772998560157663,0.8267118004748677,0.8175744695262775,0.7310585727705127,0.8267117919359419,0.7057850216484838,0.6513548714339145,0.665410558746814,0.7879311981328135,0.7431680029241321
0.9964063973235388,0.8519528000888387,0.817574471748733,0.7772998560157665,0.7981867705385762,0.7431680143008301,0.8080672066194946,0.8080672135527632,0.6224593241981982,0.7662936377487305,0.7057850216484838,0.7185943985973772,0.7057850278370112,0.7662936377487304,0.8267117940706734,0.718594386544335,0.7662936377487305,0.7662936537604181,0.6513548782017745,0.743167997235783,0.7431680143008301
0.9796676468057489,0.3629692055196168,0.1824255326961778,0.14033625488320037,0.16451646494473965,0.1561048974454574,0.12592275827467436,0.13296422817269313,0.17328820379459514,0.16451646699291614,0.15610489744545744,0.19193278875832634,0.1480472055495773,0.18242552825126704,0.1561049013715009,0.11279540702849222,0.14033625488320034,0.14804720179063333,0.12592276975547595,0.13296424535145931,0.1732882037945951
0.9830850902023109,0.6076631769380229,0.5926665999540697,0.5,0.5,0.5926665999540698,0.5156199157230156,0.5926665999540698,0.5,0.6224593312018546,0.6370307806984444,0.45326184801538616,0.4532618480153861,0.5774953651858118,0.5156199157230157,0.6224593382055109,0.5467381519846138,0.6513548578981939,0.6654105521116445,0.6513548782017745,0.48438008427698437
0.9944450740564387,0.5312093733737563,0.39233683016710835,0.33458944788835565,0.33458943461801643,0.48438008427698437,0.3073580105206753,0.4225046348141882,0.3486451488696663,0.5156199157230156,0.40733340004593027,0.36296921930155557,0.2337063569140403,0.34864513533394575,0.2942149597859341,0.334589441253186,0.256831980010821,0.24508501864634824,0.3208212943308302,0.2227001336663842,0.2689414330889797
0.9933071477569286,0.6513548782017745,0.6224593312018546,0.5621765008857981,0.5774953651858117,0.6370308082623217,0.5312093733737563,0.5312093733737562,0.45326184801538616,0.5156199157230157,0.46879062662624377,0.5621765008857981,0.5156199157230157,0.48438008427698437,0.5621765008857982,0.5156199157230157,0.3923368372722396,0.5312093733737563,0.5467381519846138,0.4378234991142019,0.5312093733737563
0.964855157641556,0.8175744695262775,0.7549149758396752,0.5774953651858118,0.7310585844894971,0.7310585786300049,0.6654105521116443,0.5621765008857981,0.6791787056691697,0.651354857898194,0.6791787056691697,0.7185943805178139,0.665410572017153,0.679178699175393,0.718594386544335,0.7431680086124811,0.7431680029241321,0.7772998611746912,0.718594386544335,0.7662936377487304,0.6513548646660542
0.9947798747320309,0.8872045937171068,0.8354835350552603,0.8872045922259088,0.7662936430859597,0.8080672066194946,0.8354835289107307,0.8080672135527632,0.880797071719777,0.8670357649558006,0.8596637577007394,0.8519528019683106,0.9149009538328171,0.8933093968230772,0.8596637451167997,0.7662936484231889,0.7549149923816048,0.7772998560157665,0.787931188173138,0.7549149923816048,0.8596637541053281
0.9937100964718688,0.7310585903489891,0.665410572017153,0.6370308013713525,0.5621765008857981,0.6076631698328916,0.6076631698328916,0.7549149923816048,0.6513548714339144,0.6791787056691698,0.7057850216484838,0.7057850278370111,0.46879062662624377,0.6076631698328917,0.6224593312018546,0.546738151984614,0.6791786926816161,0.7310585844894971,0.7057850340255386,0.6513548714339144,0.6370307806984444
0.9890130586344025,0.5,0.5156199157230156,0.45326184801538616,0.39233683016710835,0.4073334000459302,0.46879062662624377,0.48438008427698437,0.39233683016710835,0.4687906266262437,0.40733340004593027,0.4378234991142019,0.4225046348141883,0.39233683016710835,0.30735802320985245,0.4843800842769844,0.29421498454004374,0.3208212943308302,0.21206879937726766,0.30735801686526387,0.25683199138751883
0.9840936092211994,0.8267118026095992,0.6926419958239132,0.5774953651858118,0.4843800842769844,0.6076631698328916,0.6370308082623217,0.5,0.5621765008857982,0.46879062662624377,0.5621765008857982,0.6224593312018546,0.7057850278370111,0.6076631627277604,0.6513548511303338,0.5467381519846138,0.6791787056691697,0.6513548782017745,0.5467381519846138,0.7185943925708561,0.6513548646660543
0.9959298622444644,0.5774953651858118,0.6224593241981982,0.4843800842769844,0.42250463481418826,0.5467381519846138,0.5,0.48438008427698437,0.5,0.30735802320985245,0.42250463481418826,0.42250463481418826,0.3073580105206753,0.3486451285660856,0.34864512179822543,0.2942149597859341,0.42250463481418826,0.3629692055196168,0.2942149783515162,0.39233683016710835,0.34864512179822543
0.9956684971018193,0.9399133515091156,0.8438950966654774,0.8438951084436077,0.7662936324115012,0.7310585786300049,0.7879312006227324,0.817574478416099,0.7549149813536518,0.7981867825403177,0.8267117983401363,0.7981867849406659,0.8354835289107307,0.8438951005915208,0.787931190663057,0.8175744695262775,0.8267117983401363,0.8267118004748677,0.7981867705385763,0.7431680029241321,0.7431680143008301
0.9783846670010038,0.1008786267847576,0.09009299579426373,0.05033062921434812,0.06371499825217132,0.03963883598108707,0.04742587435564,0.047425871326308926,0.06371500047450808,0.0534033313063738,0.0351448424847673,0.056652420728894315,0.06371499114069418,0.033085974694221476,0.047425868128681874,0.042087728966949636,0.06371498847389044,0.039638834704771385,0.06371499514089998,0.06754668879328725,0.05033063491224932
0.9902915248884789,0.43782349911420193,0.39233683016710835,0.4378234991142019,0.4843800842769843,0.4687906266262438,0.5312093733737563,0.4532618480153861,0.4225046348141882,0.46879062662624377,0.4687906266262437,0.5926665999540697,0.4378234991142019,0.5774953651858118,0.3629692055196168,0.4378234991142019,0.4378234991142019,0.3775406687981454,0.48438008427698437,0.4687906266262437,0.45326184801538616
0.9859363721431995,0.5312093733737563,0.46879062662624377,0.3923368372722396,0.3775406687981454,0.34864514210180597,0.2689414272294874,0.334589441253186,0.23370636225126956,0.2568319970758679,0.26894141551050293,0.22270013366638422,0.24508501864634824,0.22270012850745968,0.2942149659744614,0.24508502416032488,0.34864512179822543,0.3486451353339458,0.3073580232098525,0.4225046348141882,0.22270013366638422
0.9956684979131629,0.7772998560157665,0.74316801430083,0.754914997895581,0.7057850154599562,0.7662936537604181,0.7310585786300049,0.766293653760418,0.7057850278370112,0.7549149813536516,0.7879311981328135,0.7879311931529758,0.7057850154599563,0.7772998714925403,0.8175744739711883,0.8175744739711883,0.6926419704455589,0.8354835350552604,0.8175744850834649,0.8740772450055544,0.7772998714925403
0.9553191306814225,0.6926419704455589,0.7057850216484838,0.6654105521116443,0.665410572017153,0.7310585844894971,0.6654105653819835,0.718594386544335,0.6791787056691698,0.7772998560157665,0.7772998560157665,0.766293653760418,0.7431680143008301,0.731058584489497,0.7549149923816048,0.7549149923816048,0.7879311956428946,0.679178699175393,0.7549149978955811,0.7879312006227324,0.7549149868676283
0.9875683464484029,0.8670357649558007,0.8933094131553264,0.8354835391516132,0.7772998663336158,0.7310585727705127,0.7772998560157665,0.798186787341014,0.679178699175393,0.8080672135527631,0.7662936377487304,0.8267117940706735,0.7772998508568416,0.7549149758396752,0.6926419831347361,0.7057850402140659,0.7772998714925402,0.7549149868676284,0.5926665999540697,0.6926419831347362,0.7549149868676284
0.867035771827307,0.03732688975366457,0.029312232394290857,0.02595735479598642,0.03732688895048618,0.04468086963660174,0.027585284774965146,0.044680869954625974,0.03308598077224154,0.0140636279859362,0.01912403545810631,0.03732688413141622,0.031143832782908713,0.033085978627057866,0.03732688386369013,0.03732688854889699,0.047425872336085924,0.06371499469643266,0.044680875202026085,0.039638840377285836,0.04208772686428807
0.9840936058681798,0.11279540777409121,0.04742587385075147,0.09009299701580503,0.06008665606493927,0.05033063526836816,0.06754668879328725,0.060086647649322804,0.10087862002692255,0.06371499158516147,0.03963883456295854,0.0600866484908844,0.037326885068457556,0.024423091651805475,0.047425870316531935,0.03308598196401031,0.039638840660911584,0.03732688613936196,0.029312227942468443,0.06008665227791172,0.0803574721258011
0.9968273171339515,0.8080672112416737,0.7549149923816048,0.5926665999540697,0.6224593312018545,0.5467381519846138,0.6791787121629466,0.6926419831347361,0.5774953651858118,0.6513548782017745,0.5774953651858117,0.6076631698328916,0.6076631698328916,0.4073334000459302,0.46879062662624377,0.5467381519846138,0.4532618480153861,0.5467381519846138,0.5312093733737563,0.6076631698328916,0.4532618480153861
