0,1,2,3,4,5,6,7,8,9,10,11,12,13,14,15,16,17,18,19,20
0.999999999994891,0.9999832985701905,0.9706877672877217,0.9933071487351834,0.8175744850834648,0.2689414213699951,0.37754066879814546,0.6224593312018546,0.37754066879814546,0.0005527785524441057,0.010986941578116867,0.00020342704657999323,0.0003353500316799018,1.6701429809483402e-05,6.144177531850823e-06,1.6701429809483402e-05,7.484626298776402e-05,1.6701429809483402e-05,0.00020342704657999323,2.2603251062511995e-06,3.7266388399128017e-06
0.9999999999999558,0.9999999987498471,0.9999999907625504,0.9999999586006244,0.9999999317439628,0.9999999586006244,0.9999996940976636,0.999999974890009,0.9999999317439628,0.9999991684720715,0.9999998874648245,0.9999996940976636,0.9999998874648245,0.9999994956523514,0.9999996940976636,0.999999814460854,0.9999996940976636,0.999999814460854,0.9999999317439628,0.9999999317439628,0.9999999317439628
0.9999999999969011,0.9999546021475793,0.9933071487351834,0.997527377056997,0.5,0.7310585786300049,0.2689414213699951,0.11920291732853862,0.2689414213699951,0.006692851264816553,0.00020342704657999323,0.0005527785524441057,0.0005527785524441057,0.00020342704657999323,0.002472622943003016,0.00020342704657999323,4.5397852420729034e-05,2.7535687821746045e-05,7.484626298776402e-05,1.3709578605790399e-06,2.2603251062511995e-06
0.999999999989184,0.6224593312018546,0.00020342704657999323,1.067702997323512e-06,6.475945666070602e-07,3.9278634073828347e-07,1.955568070542584e-08,1.125351754703302e-07,1.4449802095675026e-07,9.237449576640118e-09,1.522997951276035e-08,5.60279640614594e-09,5.60279640614594e-09,9.237449576640118e-09,9.237449576640118e-09,7.194132978569833e-09,2.646573631904765e-09,4.363462233903899e-09,1.1861120010657661e-08,7.194132978569833e-09,5.60279640614594e-09
0.9999999995400946,0.047425873514159125,7.484626298776402e-05,6.144177531850823e-06,1.760343003490802e-06,1.3709578605790399e-06,5.043476486929152e-07,1.760343003490802e-06,6.144177531850823e-06,2.2603251062511995e-06,8.315279285380714e-07,2.3823696679343503e-07,3.059023363247549e-07,1.3709578605790399e-06,1.3709578605790399e-06,1.067702997323512e-06,6.475945666070602e-07,1.8553914607279396e-07,1.3709578605790399e-06,5.043476486929152e-07,2.3823696679343503e-07
0.9999999998973812,0.99966464996832,0.9998766053808288,0.9990889486412498,0.9997965729534201,0.9997965729534201,0.9997965729534201,0.99966464996832,0.9997965729534201,0.9997965729534201,0.9998766053808288,0.9959298622161507,0.9990889486412498,0.9990889486412498,0.9994472214475559,0.9890130584218833,0.9820137881297458,0.9706877672877217,0.9959298622161507,0.8807970826714614,0.9525741264858409
0.9999999979388463,0.1824255149165352,0.047425873514159125,0.11920291732853862,0.11920291732853862,0.6224593312018546,0.6224593312018546,0.6224593312018546,0.5,0.047425873514159125,0.047425873514159125,0.0293122327122782,0.07585817323116975,0.0293122327122782,0.37754066879814546,0.2689414213699951,0.5,0.07585817323116975,0.8175744850834648,0.11920291732853862,0.07585817323116975
0.9999999999515263,0.8175744850834648,0.006692851264816553,0.010986941578116867,0.004070137783849419,0.006692851264816553,0.004070137783849419,0.07585817323116975,0.11920291732853862,0.047425873514159125,0.01798621187025419,0.006692851264816553,0.01798621187025419,0.0015011819937681247,0.004070137783849419,0.0005527785524441057,0.0009110513587503459,0.00012339461917113592,0.0005527785524441057,0.0003353500316799018,0.0005527785524441057
0.9999999973534264,0.7310585786300049,0.7310585786300049,0.2689414213699951,0.006692851264816553,0.0293122327122782,0.01798621187025419,0.0293122327122782,0.047425873514159125,0.0003353500316799018,0.0015011819937681247,0.0003353500316799018,0.002472622943003016,0.00020342704657999323,2.7535687821746045e-05,0.004070137783849419,0.00012339461917113592,2.7535687821746045e-05,0.00020342704657999323,1.6701429809483402e-05,0.00012339461917113592
0.999999999782756,0.9933071487351834,0.0293122327122782,0.004070137783849419,0.00012339461917113592,0.00012339461917113592,4.5397852420729034e-05,7.484626298776402e-05,0.00020342704657999323,4.5397852420729034e-05,0.00020342704657999323,2.7535687821746045e-05,2.7535687821746045e-05,4.5397852420729034e-05,2.7535687821746045e-05,7.484626298776402e-05,7.484626298776402e-05,2.7535687821746045e-05,1.0129987357628251e-05,8.315279285380714e-07,6.144177531850823e-06
0.9999999999377585,0.9890130584218833,0.6224593312018546,0.047425873514159125,0.5,0.9820137881297458,0.9820137881297458,0.9706877672877217,0.9241418267688302,0.7310585786300049,0.5,0.047425873514159125,0.37754066879814546,0.37754066879814546,0.9241418267688302,0.7310585786300049,0.9241418267688302,0.37754066879814546,0.9525741264858409,0.6224593312018546,0.2689414213699951
0.99999999999886,0.9999998874648245,0.9999999677581336,0.999999974890009,0.999999974890009,0.9999999468421502,0.9999999586006244,0.9999998874648245,0.9999999317439628,0.9999996940976636,0.9999986290421394,0.9999996940976636,0.9999991684720715,0.9999994956523514,0.9999994956523514,0.9999986290421394,0.99999627336116,0.99999627336116,0.9999986290421394,0.9999986290421394,0.9999986290421394
0.9999999992417439,1.6701429809483402e-05,3.059023363247549e-07,1.125351754703302e-07,6.825603724121505e-08,6.825603724121505e-08,4.1399375473943306e-08,5.3157849718487075e-08,6.825603724121505e-08,5.3157849718487075e-08,5.3157849718487075e-08,9.237449576640118e-09,9.237449576640118e-09,7.194132978569833e-09,4.363462233903899e-09,7.194132978569833e-09,9.237449576640118e-09,5.60279640614594e-09,5.3157849718487075e-08,3.3982678079468468e-09,1.2501528648238603e-09
0.9999999979388463,0.9997965729534201,0.9525741264858409,0.9241418267688302,0.37754066879814546,0.1824255149165352,0.047425873514159125,0.047425873514159125,0.11920291732853862,0.006692851264816553,0.010986941578116867,0.0005527785524441057,0.004070137783849419,0.002472622943003016,0.00012339461917113592,0.0003353500316799018,0.0009110513587503459,0.004070137783849419,0.0015011819937681247,1.6701429809483402e-05,0.0003353500316799018
0.999999999868235,0.0015011819937681247,6.144177531850823e-06,2.3823696679343503e-07,3.059023363247549e-07,1.4449802095675026e-07,2.5109990926928157e-08,6.825603724121505e-08,3.2241866333029355e-08,8.764248496102855e-08,8.764248496102855e-08,9.237449576640118e-09,1.1861120010657661e-08,2.5109990926928157e-08,1.522997951276035e-08,1.522997951276035e-08,1.955568070542584e-08,7.194132978569833e-09,1.522997951276035e-08,1.522997951276035e-08,1.1861120010657661e-08
0.999999999782756,0.0003353500316799018,1.8553914607279396e-07,1.125351754703302e-07,6.825603724121505e-08,2.5109990926928157e-08,1.955568070542584e-08,3.2241866333029355e-08,1.8553914607279396e-07,1.955568070542584e-08,2.5109990926928157e-08,1.955568070542584e-08,4.1399375473943306e-08,1.522997951276035e-08,2.5109990926928157e-08,5.3157849718487075e-08,6.825603724121505e-08,4.1399375473943306e-08,5.043476486929152e-07,1.125351754703302e-07,1.125351754703302e-07
0.999999999868235,0.07585817323116975,1.6701429809483402e-05,5.043476486929152e-07,1.8553914607279396e-07,1.3709578605790399e-06,6.825603724121505e-08,3.059023363247549e-07,2.2603251062511995e-06,1.4449802095675026e-07,8.315279285380714e-07,1.4449802095675026e-07,1.3709578605790399e-06,5.043476486929152e-07,8.315279285380714e-07,8.315279285380714e-07,1.3709578605790399e-06,8.315279285380714e-07,6.144177531850823e-06,1.3709578605790399e-06,1.067702997323512e-06
0.9999999999934397,0.99999998813888,0.9999999317439628,0.999999974890009,0.9999996940976636,0.9999994956523514,0.9999991684720715,0.9999986290421394,0.9999938558224682,0.9999898700126424,0.9999546021475793,0.9984988180062319,0.9990889486412498,0.9994472214475559,0.9984988180062319,0.997527377056997,0.9706877672877217,0.8175744850834648,0.9959298622161507,0.1824255149165352,0.1824255149165352
0.9999999999200804,0.11920291732853862,4.5397852420729034e-05,7.484626298776402e-05,0.00020342704657999323,0.00020342704657999323,0.0003353500316799018,0.010986941578116867,0.01798621187025419,0.004070137783849419,0.0015011819937681247,0.00012339461917113592,0.0003353500316799018,4.5397852420729034e-05,4.5397852420729034e-05,1.0129987357628251e-05,2.7535687821746045e-05,1.0129987357628251e-05,4.5397852420729034e-05,3.7266388399128017e-06,1.0129987357628251e-05
0.9999999999998799,0.9999999973534264,0.99999998813888,0.9999998874648245,0.9999994956523514,0.9999994956523514,0.9999986290421394,0.99999627336116,0.9999938558224682,0.9998766053808288,0.9999251537370122,0.9890130584218833,0.9890130584218833,0.9890130584218833,0.9525741264858409,0.9706877672877217,0.9933071487351834,0.9525741264858409,0.9933071487351834,0.8175744850834648,0.8175744850834648
0.9999999992417439,0.8807970826714614,0.0003353500316799018,0.00012339461917113592,1.6701429809483402e-05,2.7535687821746045e-05,6.144177531850823e-06,1.6701429809483402e-05,4.5397852420729034e-05,2.2603251062511995e-06,3.7266388399128017e-06,1.3709578605790399e-06,2.2603251062511995e-06,2.2603251062511995e-06,8.315279285380714e-07,1.0129987357628251e-05,6.144177531850823e-06,1.3709578605790399e-06,3.7266388399128017e-06,1.3709578605790399e-06,6.144177531850823e-06
0.9999999997210531,0.8175744850834648,0.00012339461917113592,3.7266388399128017e-06,8.315279285380714e-07,5.043476486929152e-07,3.059023363247549e-07,1.3709578605790399e-06,1.3709578605790399e-06,1.4449802095675026e-07,1.8553914607279396e-07,1.125351754703302e-07,1.8553914607279396e-07,1.8553914607279396e-07,6.825603724121505e-08,6.825603724121505e-08,6.825603724121505e-08,4.1399375473943306e-08,4.1399375473943306e-08,1.955568070542584e-08,1.125351754703302e-07
0.9999999804443193,7.484626298776402e-05,4.5397852420729034e-05,6.144177531850823e-06,8.315279285380714e-07,6.475945666070602e-07,1.3709578605790399e-06,6.144177531850823e-06,8.315279285380714e-07,1.4449802095675026e-07,8.315279285380714e-07,1.125351754703302e-07,3.059023363247549e-07,1.8553914607279396e-07,6.825603724121505e-08,1.3709578605790399e-06,3.059023363247549e-07,1.125351754703302e-07,6.144177531850823e-06,1.3709578605790399e-06,8.315279285380714e-07
0.9999999979388463,0.0009110513587503459,0.00012339461917113592,7.484626298776402e-05,1.6701429809483402e-05,7.484626298776402e-05,2.7535687821746045e-05,0.00020342704657999323,0.00012339461917113592,2.7535687821746045e-05,2.7535687821746045e-05,4.5397852420729034e-05,0.00020342704657999323,0.00012339461917113592,0.00020342704657999323,4.5397852420729034e-05,4.5397852420729034e-05,1.0129987357628251e-05,0.00012339461917113592,2.7535687821746045e-05,1.0129987357628251e-05
0.9999999973534264,0.2689414213699951,0.0009110513587503459,7.484626298776402e-05,4.5397852420729034e-05,4.5397852420729034e-05,1.6701429809483402e-05,2.7535687821746045e-05,1.0129987357628251e-05,1.0129987357628251e-05,1.0129987357628251e-05,1.3709578605790399e-06,3.7266388399128017e-06,8.315279285380714e-07,3.059023363247549e-07,8.764248496102855e-08,2.3823696679343503e-07,3.059023363247549e-07,6.144177531850823e-06,3.059023363247549e-07,3.059023363247549e-07
0.9999999966017321,0.9241418267688302,0.37754066879814546,0.7310585786300049,0.6224593312018546,0.9820137881297458,0.9706877672877217,0.9706877672877217,0.9820137881297458,0.7310585786300049,0.997527377056997,0.997527377056997,0.9984988180062319,0.9933071487351834,0.997527377056997,0.9959298622161507,0.997527377056997,0.997527377056997,0.9998766053808288,0.9933071487351834,0.99966464996832
0.9999999999705993,0.9999977396748937,0.8175744850834648,0.047425873514159125,0.11920291732853862,0.8807970826714614,0.07585817323116975,0.006692851264816553,0.07585817323116975,0.004070137783849419,0.006692851264816553,0.0003353500316799018,0.006692851264816553,0.002472622943003016,0.0003353500316799018,0.0003353500316799018,0.00020342704657999323,0.0015011819937681247,0.010986941578116867,2.7535687821746045e-05,4.5397852420729034e-05
0.9999999994094697,0.8807970826714614,0.8807970826714614,0.37754066879814546,0.002472622943003016,0.1824255149165352,0.006692851264816553,0.010986941578116867,0.004070137783849419,0.010986941578116867,0.00020342704657999323,0.00020342704657999323,0.0009110513587503459,0.0003353500316799018,0.0003353500316799018,2.7535687821746045e-05,4.5397852420729034e-05,1.6701429809483402e-05,0.00020342704657999323,1.6701429809483402e-05,1.0129987357628251e-05
0.9999999677581336,0.0003353500316799018,0.00020342704657999323,1.0129987357628251e-05,2.2603251062511995e-06,3.7266388399128017e-06,6.144177531850823e-06,1.0129987357628251e-05,1.6701429809483402e-05,1.3709578605790399e-06,3.7266388399128017e-06,3.7266388399128017e-06,6.144177531850823e-06,3.7266388399128017e-06,3.7266388399128017e-06,1.0129987357628251e-05,6.144177531850823e-06,8.315279285380714e-07,6.144177531850823e-06,3.059023363247549e-07,1.3709578605790399e-06
0.999999999994891,0.9999991684720715,0.9997965729534201,0.99966464996832,0.9984988180062319,0.9820137881297458,0.8807970826714614,0.6224593312018546,0.6224593312018546,0.002472622943003016,0.006692851264816553,7.484626298776402e-05,0.002472622943003016,0.0015011819937681247,0.0003353500316799018,0.00020342704657999323,0.0003353500316799018,7.484626298776402e-05,0.0015011819937681247,2.7535687821746045e-05,7.484626298776402e-05
0.999999999994891,0.9999251537370122,0.8175744850834648,0.2689414213699951,0.01798621187025419,0.047425873514159125,0.006692851264816553,0.004070137783849419,0.01798621187025419,0.0009110513587503459,4.5397852420729034e-05,3.7266388399128017e-06,4.5397852420729034e-05,1.6701429809483402e-05,6.144177531850823e-06,1.0129987357628251e-05,1.0129987357628251e-05,2.7535687821746045e-05,0.00012339461917113592,5.043476486929152e-07,3.7266388399128017e-06
0.9999999999515263,0.9706877672877217,0.8175744850834648,0.37754066879814546,0.2689414213699951,0.2689414213699951,0.1824255149165352,0.1824255149165352,0.37754066879814546,0.1824255149165352,0.07585817323116975,0.07585817323116975,0.01798621187025419,0.01798621187025419,0.047425873514159125,0.0015011819937681247,0.0015011819937681247,0.0009110513587503459,0.004070137783849419,0.002472622943003016,0.004070137783849419
0.9999999999999432,0.9999898700126424,0.9999977396748937,0.9999977396748937,0.99999627336116,0.9999977396748937,0.9999938558224682,0.9999996940976636,0.9999994956523514,0.9999938558224682,0.9999251537370122,0.9998766053808288,0.9999832985701905,0.9999898700126424,0.9999832985701905,0.9999898700126424,0.9999724643121783,0.9999546021475793,0.9999938558224682,0.9999251537370122,0.9999546021475793
0.999999999996021,0.9999999956365377,0.999999974890009,0.9999999804443193,0.9999998874648245,0.9999994956523514,0.9999986290421394,0.9999977396748937,0.99999627336116,0.9999832985701905,0.9997965729534201,0.9959298622161507,0.9990889486412498,0.9990889486412498,0.9994472214475559,0.9959298622161507,0.9933071487351834,0.9706877672877217,0.9990889486412498,0.6224593312018546,0.7310585786300049
0.9999999998308102,0.9997965729534201,0.9933071487351834,0.9706877672877217,0.8807970826714614,0.7310585786300049,0.8807970826714614,0.9706877672877217,0.8807970826714614,0.6224593312018546,0.2689414213699951,0.07585817323116975,0.0293122327122782,0.006692851264816553,0.01798621187025419,0.002472622943003016,0.004070137783849419,0.004070137783849419,0.010986941578116867,0.006692851264816553,0.004070137783849419
0.9999999999377585,0.006692851264816553,0.0293122327122782,0.0293122327122782,0.11920291732853862,0.11920291732853862,0.07585817323116975,0.07585817323116975,0.11920291732853862,0.010986941578116867,0.002472622943003016,0.0015011819937681247,0.01798621187025419,0.010986941578116867,0.006692851264816553,0.006692851264816553,0.010986941578116867,0.0003353500316799018,0.010986941578116867,0.0015011819937681247,0.0015011819937681247
0.999999999994891,0.9997965729534201,0.6224593312018546,0.8807970826714614,0.11920291732853862,0.010986941578116867,0.07585817323116975,0.006692851264816553,0.01798621187025419,0.002472622943003016,0.00012339461917113592,2.7535687821746045e-05,0.0005527785524441057,4.5397852420729034e-05,4.5397852420729034e-05,2.7535687821746045e-05,2.7535687821746045e-05,3.7266388399128017e-06,4.5397852420729034e-05,2.7535687821746045e-05,6.144177531850823e-06
0.9999999999998019,0.9999999943972036,0.9999999847700205,0.9999998874648245,0.9999996940976636,0.9999998874648245,0.9999991684720715,0.9999998874648245,0.9999998874648245,0.9999898700126424,0.9999977396748937,0.9999977396748937,0.9999994956523514,0.9999986290421394,0.9999898700126424,0.9999977396748937,0.9999938558224682,0.99999627336116,0.9999991684720715,0.9998766053808288,0.9999991684720715
0.9999999999994615,0.9999832985701905,0.997527377056997,0.9984988180062319,0.9933071487351834,0.9984988180062319,0.9706877672877217,0.9820137881297458,0.9820137881297458,0.37754066879814546,0.2689414213699951,0.006692851264816553,0.2689414213699951,0.07585817323116975,0.004070137783849419,0.0005527785524441057,0.006692851264816553,0.006692851264816553,0.1824255149165352,0.00020342704657999323,0.006692851264816553
0.9999999999981204,0.9999832985701905,0.9994472214475559,0.9984988180062319,0.9525741264858409,0.7310585786300049,0.7310585786300049,0.9525741264858409,0.6224593312018546,0.11920291732853862,0.0293122327122782,0.006692851264816553,0.010986941578116867,0.006692851264816553,0.004070137783849419,0.00012339461917113592,7.484626298776402e-05,1.0129987357628251e-05,0.00020342704657999323,7.484626298776402e-05,1.0129987357628251e-05
0.9999999999200804,0.9999724643121783,0.9999724643121783,0.9999251537370122,0.9999898700126424,0.9999898700126424,0.9999938558224682,0.9999938558224682,0.9999546021475793,0.9997965729534201,0.9998766053808288,0.9994472214475559,0.9990889486412498,0.997527377056997,0.9994472214475559,0.99966464996832,0.997527377056997,0.9959298622161507,0.9997965729534201,0.9994472214475559,0.9984988180062319
0.999999999868235,0.9990889486412498,0.9241418267688302,0.7310585786300049,0.8807970826714614,0.9525741264858409,0.9933071487351834,0.9984988180062319,0.9933071487351834,0.9241418267688302,0.8175744850834648,0.8175744850834648,0.9241418267688302,0.9890130584218833,0.997527377056997,0.997527377056997,0.997527377056997,0.9890130584218833,0.9997965729534201,0.9997965729534201,0.997527377056997
0.9999999979388463,0.37754066879814546,0.0293122327122782,0.1824255149165352,0.2689414213699951,0.2689414213699951,0.1824255149165352,0.37754066879814546,0.37754066879814546,0.11920291732853862,0.07585817323116975,0.07585817323116975,0.1824255149165352,0.010986941578116867,0.010986941578116867,0.010986941578116867,0.047425873514159125,0.002472622943003016,0.01798621187025419,0.004070137783849419,0.0009110513587503459
0.9999999999991123,0.9999999317439628,0.9999999317439628,0.9999996940976636,0.9999977396748937,0.9999938558224682,0.99999627336116,0.9999938558224682,0.99999627336116,0.9999977396748937,0.99999627336116,0.99999627336116,0.99999627336116,0.99999627336116,0.9999832985701905,0.9998766053808288,0.9999832985701905,0.9999832985701905,0.9999832985701905,0.9999546021475793,0.9999724643121783
0.9999999998308102,0.9990889486412498,0.9525741264858409,0.9890130584218833,0.9933071487351834,0.9820137881297458,0.9933071487351834,0.9959298622161507,0.9890130584218833,0.9959298622161507,0.9706877672877217,0.7310585786300049,0.9706877672877217,0.8807970826714614,0.7310585786300049,0.07585817323116975,0.11920291732853862,0.01798621187025419,0.07585817323116975,0.047425873514159125,0.0293122327122782
0.9999999468421502,0.9706877672877217,0.37754066879814546,0.1824255149165352,0.2689414213699951,0.8807970826714614,0.9241418267688302,0.9525741264858409,0.7310585786300049,0.11920291732853862,0.2689414213699951,0.0293122327122782,0.6224593312018546,0.8175744850834648,0.6224593312018546,0.5,0.8175744850834648,0.8175744850834648,0.9890130584218833,0.7310585786300049,0.9525741264858409
0.9999999928058669,1.8553914607279396e-07,5.60279640614594e-09,3.3982678079468468e-09,2.0611536181902033e-09,3.3982678079468468e-09,1.6052280526088547e-09,2.0611536181902033e-09,2.646573631904765e-09,1.2501528648238603e-09,1.6052280526088547e-09,7.582560422162384e-10,3.581747929000289e-10,2.7894680920908113e-10,5.905303995456778e-10,2.1724399346070676e-10,2.1724399346070676e-10,7.582560422162384e-10,4.599055376537186e-10,9.736200303530205e-10,9.736200303530205e-10
0.9999999990263799,0.9525741264858409,0.047425873514159125,0.0003353500316799018,2.7535687821746045e-05,2.7535687821746045e-05,2.7535687821746045e-05,0.00020342704657999323,4.5397852420729034e-05,3.7266388399128017e-06,1.0129987357628251e-05,8.315279285380714e-07,2.2603251062511995e-06,3.7266388399128017e-06,3.7266388399128017e-06,6.144177531850823e-06,1.6701429809483402e-05,1.6701429809483402e-05,4.5397852420729034e-05,8.315279285380714e-07,5.043476486929152e-07
0.99999998813888,0.0293122327122782,0.6224593312018546,0.9933071487351834,0.9706877672877217,0.9984988180062319,0.9997965729534201,0.9999546021475793,0.9999898700126424,0.9999977396748937,0.9999991684720715,0.9999977396748937,0.9999991684720715,0.9999938558224682,0.9999994956523514,0.9999994956523514,0.9999999317439628,0.9999986290421394,0.99999627336116,0.99999627336116,0.9999991684720715
0.9999999999995806,0.99999998813888,0.9999999586006244,0.9999999586006244,0.9999999586006244,0.9999999317439628,0.9999998874648245,0.999999814460854,0.999999814460854,0.9999994956523514,0.9999996940976636,0.9999991684720715,0.9999994956523514,0.9999986290421394,0.9999986290421394,0.9999938558224682,0.9999986290421394,0.9999991684720715,0.9999994956523514,0.99999627336116,0.9999938558224682
0.9999999999998457,0.9999999992417439,0.9999999994094697,0.9999999992417439,0.9999999987498471,0.9999999979388463,0.999999998394772,0.9999999973534264,0.9999999979388463,0.9999999907625504,0.9999999943972036,0.9999999956365377,0.9999999973534264,0.9999999928058669,0.9999999907625504,0.9999999956365377,0.9999999943972036,0.9999999943972036,0.9999999987498471,0.9999999956365377,0.9999999966017321
0.9999999998973812,0.9241418267688302,0.004070137783849419,0.07585817323116975,0.1824255149165352,0.2689414213699951,0.2689414213699951,0.37754066879814546,0.37754066879814546,0.006692851264816553,0.010986941578116867,0.0293122327122782,0.11920291732853862,0.047425873514159125,0.1824255149165352,0.11920291732853862,0.0293122327122782,0.006692851264816553,0.1824255149165352,0.11920291732853862,0.010986941578116867
0.999999999782756,0.9990889486412498,0.8175744850834648,0.5,0.0293122327122782,0.0293122327122782,0.010986941578116867,0.0293122327122782,0.07585817323116975,0.006692851264816553,0.0293122327122782,0.0005527785524441057,0.006692851264816553,0.01798621187025419,0.0009110513587503459,0.0015011819937681247,0.0005527785524441057,0.00012339461917113592,0.0005527785524441057,7.484626298776402e-05,0.0009110513587503459
0.9999999999993086,0.9999999966017321,0.9999999973534264,0.9999999987498471,0.9999999966017321,0.9999999966017321,0.9999999973534264,0.9999999979388463,0.9999999943972036,0.9999999907625504,0.9999999847700205,0.9999999847700205,0.9999999586006244,0.9999999317439628,0.999999974890009,0.9999999586006244,0.9999999317439628,0.999999974890009,0.9999999943972036,0.999999974890009,0.999999974890009
0.9999999999200804,0.11920291732853862,0.9959298622161507,0.9998766053808288,0.9999546021475793,0.9999251537370122,0.9999546021475793,0.9999898700126424,0.9999251537370122,0.9999724643121783,0.9998766053808288,0.9990889486412498,0.9999546021475793,0.9959298622161507,0.997527377056997,0.9525741264858409,0.9525741264858409,0.9525741264858409,0.9820137881297458,0.8807970826714614,0.1824255149165352
0.999999999996021,0.9999998874648245,0.9999938558224682,0.9999991684720715,0.9999898700126424,0.9999986290421394,0.9999991684720715,0.9999977396748937,0.9999898700126424,0.99966464996832,0.9994472214475559,0.9706877672877217,0.9820137881297458,0.9525741264858409,0.9706877672877217,0.9241418267688302,0.9525741264858409,0.9241418267688302,0.9820137881297458,0.1824255149165352,0.37754066879814546
0.9999999999999065,0.9990889486412498,0.8175744850834648,0.0009110513587503459,0.00020342704657999323,0.006692851264816553,1.0129987357628251e-05,0.00012339461917113592,4.5397852420729034e-05,5.3157849718487075e-08,2.2603251062511995e-06,6.475945666070602e-07,2.3823696679343503e-07,1.8553914607279396e-07,3.059023363247549e-07,5.043476486929152e-07,8.315279285380714e-07,8.315279285380714e-07,3.7266388399128017e-06,3.9278634073828347e-07,3.9278634073828347e-07
0.999999999996021,0.9706877672877217,0.004070137783849419,6.144177531850823e-06,1.3709578605790399e-06,8.315279285380714e-07,1.955568070542584e-08,3.059023363247549e-07,5.043476486929152e-07,4.1399375473943306e-08,3.2241866333029355e-08,3.3982678079468468e-09,3.3982678079468468e-09,9.237449576640118e-09,7.194132978569833e-09,9.237449576640118e-09,9.237449576640118e-09,7.194132978569833e-09,6.825603724121505e-08,1.522997951276035e-08,3.2241866333029355e-08
0.9999999999995806,0.9999999992417439,0.9999999979388463,0.9999999979388463,0.9999999973534264,0.999999998394772,0.9999999979388463,0.9999999973534264,0.9999999973534264,0.9999999907625504,0.9999999907625504,0.9999999943972036,0.9999999847700205,0.9999999847700205,0.9999999943972036,0.9999999966017321,0.9999999943972036,0.9999999907625504,0.9999999943972036,0.9999999943972036,0.9999999847700205
0.9999991684720715,1.8553914607279396e-07,2.5109990926928157e-08,4.1399375473943306e-08,2.5109990926928157e-08,1.955568070542584e-08,3.2241866333029355e-08,8.764248496102855e-08,1.8553914607279396e-07,2.5109990926928157e-08,1.125351754703302e-07,4.1399375473943306e-08,2.5109990926928157e-08,1.522997951276035e-08,1.1861120010657661e-08,1.1861120010657661e-08,6.825603724121505e-08,1.1861120010657661e-08,4.1399375473943306e-08,5.60279640614594e-09,1.125351754703302e-07
0.999999999868235,0.9241418267688302,0.006692851264816553,0.0009110513587503459,0.0005527785524441057,0.004070137783849419,0.00020342704657999323,0.0293122327122782,0.2689414213699951,0.006692851264816553,0.006692851264816553,0.00012339461917113592,0.0003353500316799018,0.0009110513587503459,0.0009110513587503459,0.0009110513587503459,0.0009110513587503459,4.5397852420729034e-05,0.0015011819937681247,4.5397852420729034e-05,2.7535687821746045e-05
0.9999999999969011,0.999999814460854,0.99999627336116,0.997527377056997,0.9525741264858409,0.9890130584218833,0.0293122327122782,0.6224593312018546,0.8807970826714614,0.002472622943003016,0.047425873514159125,7.484626298776402e-05,0.0005527785524441057,0.002472622943003016,0.0003353500316799018,0.0015011819937681247,0.0005527785524441057,0.0009110513587503459,0.01798621187025419,0.00012339461917113592,0.0015011819937681247
0.9999999999993086,0.9997965729534201,0.99966464996832,0.7310585786300049,0.11920291732853862,0.9241418267688302,0.004070137783849419,0.0293122327122782,0.11920291732853862,2.7535687821746045e-05,4.5397852420729034e-05,4.5397852420729034e-05,0.00012339461917113592,1.0129987357628251e-05,1.6701429809483402e-05,0.0015011819937681247,0.0003353500316799018,0.00020342704657999323,0.010986941578116867,0.0003353500316799018,0.0005527785524441057
0.9999999677581336,0.00012339461917113592,1.0129987357628251e-05,6.144177531850823e-06,5.043476486929152e-07,3.7266388399128017e-06,1.0129987357628251e-05,1.6701429809483402e-05,1.0129987357628251e-05,3.9278634073828347e-07,1.3709578605790399e-06,5.043476486929152e-07,5.043476486929152e-07,8.315279285380714e-07,3.059023363247549e-07,1.3709578605790399e-06,3.059023363247549e-07,1.8553914607279396e-07,1.3709578605790399e-06,5.043476486929152e-07,1.3709578605790399e-06
0.9999999999985363,0.9999997617630333,0.9999832985701905,0.9959298622161507,0.9241418267688302,0.2689414213699951,0.0015011819937681247,0.9706877672877217,0.9933071487351834,0.01798621187025419,0.010986941578116867,0.0005527785524441057,0.07585817323116975,0.2689414213699951,0.11920291732853862,0.7310585786300049,0.5,0.8807970826714614,0.997527377056997,0.8807970826714614,0.9706877672877217
0.9999999999622486,0.0009110513587503459,3.059023363247549e-07,8.764248496102855e-08,3.2241866333029355e-08,5.3157849718487075e-08,3.2241866333029355e-08,1.4449802095675026e-07,5.043476486929152e-07,8.764248496102855e-08,8.764248496102855e-08,1.955568070542584e-08,3.2241866333029355e-08,1.522997951276035e-08,4.1399375473943306e-08,4.1399375473943306e-08,4.1399375473943306e-08,4.1399375473943306e-08,3.059023363247549e-07,1.125351754703302e-07,6.825603724121505e-08
0.9999999804443193,0.0005527785524441057,0.0003353500316799018,0.0005527785524441057,0.00012339461917113592,0.0003353500316799018,0.0003353500316799018,0.0005527785524441057,0.002472622943003016,0.0009110513587503459,0.0003353500316799018,7.484626298776402e-05,0.0003353500316799018,0.00020342704657999323,0.0005527785524441057,0.0003353500316799018,7.484626298776402e-05,1.6701429809483402e-05,0.00012339461917113592,0.00012339461917113592,2.7535687821746045e-05
0.99999999999886,0.997527377056997,0.0015011819937681247,2.7535687821746045e-05,1.760343003490802e-06,6.144177531850823e-06,2.3823696679343503e-07,1.067702997323512e-06,3.7266388399128017e-06,6.475945666070602e-07,6.475945666070602e-07,8.764248496102855e-08,1.8553914607279396e-07,1.125351754703302e-07,1.125351754703302e-07,2.3823696679343503e-07,1.8553914607279396e-07,1.8553914607279396e-07,8.315279285380714e-07,2.3823696679343503e-07,8.315279285380714e-07
0.9999999992417439,3.7266388399128017e-06,5.043476486929152e-07,3.059023363247549e-07,1.8553914607279396e-07,5.043476486929152e-07,8.764248496102855e-08,5.043476486929152e-07,3.7266388399128017e-06,5.043476486929152e-07,1.3709578605790399e-06,3.9278634073828347e-07,8.315279285380714e-07,1.3709578605790399e-06,1.3709578605790399e-06,1.3709578605790399e-06,1.3709578605790399e-06,8.315279285380714e-07,3.7266388399128017e-06,2.2603251062511995e-06,1.3709578605790399e-06
0.9999999998308102,0.9990889486412498,0.37754066879814546,0.11920291732853862,0.01798621187025419,0.047425873514159125,0.004070137783849419,0.0293122327122782,0.0015011819937681247,0.0003353500316799018,0.0003353500316799018,6.144177531850823e-06,2.7535687821746045e-05,2.2603251062511995e-06,1.0129987357628251e-05,1.6701429809483402e-05,1.6701429809483402e-05,1.6701429809483402e-05,0.00020342704657999323,1.0129987357628251e-05,1.067702997323512e-06
0.9999999999991123,0.9999999995400946,0.9999999943972036,0.9999999847700205,0.9999999317439628,0.9999996940976636,0.999999814460854,0.9999998874648245,0.9999998874648245,0.9999986290421394,0.9999994956523514,0.9999977396748937,0.9999986290421394,0.9999986290421394,0.9999977396748937,0.9999991684720715,0.9999991684720715,0.99999627336116,0.9999977396748937,0.9999724643121783,0.9999832985701905
0.9999999928058669,0.0009110513587503459,1.6701429809483402e-05,3.7266388399128017e-06,1.8553914607279396e-07,1.3709578605790399e-06,1.3709578605790399e-06,2.2603251062511995e-06,3.7266388399128017e-06,8.315279285380714e-07,8.315279285380714e-07,3.059023363247549e-07,1.125351754703302e-07,1.125351754703302e-07,1.8553914607279396e-07,2.2603251062511995e-06,3.059023363247549e-07,4.1399375473943306e-08,8.315279285380714e-07,3.059023363247549e-07,3.059023363247549e-07
0.9999999999997455,0.999999998394772,0.9999999928058669,0.9999999907625504,0.9999999966017321,0.9999999928058669,0.9999999966017321,0.9999999928058669,0.9999999847700205,0.9999999847700205,0.9999999928058669,0.9999999928058669,0.9999999804443193,0.999999974890009,0.9999999847700205,0.9999999317439628,0.9999999804443193,0.9999999847700205,0.9999999847700205,0.999999974890009,0.9999999586006244
0.9999999999998457,0.9999999994094697,0.9999999979388463,0.9999999943972036,0.9999999979388463,0.9999999966017321,0.9999999907625504,0.9999999907625504,0.9999999907625504,0.999999974890009,0.9999999847700205,0.999999974890009,0.999999974890009,0.9999998874648245,0.9999999586006244,0.999999814460854,0.9999998874648245,0.9999998874648245,0.9999999907625504,0.9999999586006244,0.9999999586006244
0.99999998813888,0.07585817323116975,0.00020342704657999323,3.7266388399128017e-06,5.043476486929152e-07,2.3823696679343503e-07,5.3157849718487075e-08,2.3823696679343503e-07,1.3709578605790399e-06,1.125351754703302e-07,3.059023363247549e-07,2.5109990926928157e-08,1.125351754703302e-07,2.3823696679343503e-07,8.764248496102855e-08,5.043476486929152e-07,1.3709578605790399e-06,1.4449802095675026e-07,1.3709578605790399e-06,1.8553914607279396e-07,2.3823696679343503e-07
0.999999974890009,0.0293122327122782,0.004070137783849419,0.01798621187025419,0.11920291732853862,0.7310585786300049,0.9706877672877217,0.9820137881297458,0.9890130584218833,0.9959298622161507,0.997527377056997,0.9525741264858409,0.9820137881297458,0.9933071487351834,0.9890130584218833,0.997527377056997,0.997527377056997,0.9706877672877217,0.997527377056997,0.9984988180062319,0.997527377056997
0.9999999999377585,0.9890130584218833,0.9706877672877217,0.9959298622161507,0.9959298622161507,0.9997965729534201,0.9999251537370122,0.9999251537370122,0.9999546021475793,0.9997965729534201,0.9984988180062319,0.9890130584218833,0.997527377056997,0.997527377056997,0.9990889486412498,0.9984988180062319,0.997527377056997,0.9959298622161507,0.997527377056997,0.9959298622161507,0.9933071487351834
0.9999999677581336,0.9706877672877217,0.006692851264816553,1.6701429809483402e-05,1.6701429809483402e-05,1.0129987357628251e-05,2.9023119851992182e-06,0.00020342704657999323,0.0003353500316799018,6.144177531850823e-06,0.00012339461917113592,6.144177531850823e-06,0.00020342704657999323,0.0003353500316799018,1.0129987357628251e-05,0.00012339461917113592,7.484626298776402e-05,2.7535687821746045e-05,0.00020342704657999323,2.7535687821746045e-05,1.0129987357628251e-05
0.9999999999515263,0.9984988180062319,0.047425873514159125,0.0005527785524441057,0.0009110513587503459,0.11920291732853862,0.004070137783849419,0.0009110513587503459,0.006692851264816553,0.00012339461917113592,0.0009110513587503459,0.00012339461917113592,0.0005527785524441057,0.00012339461917113592,1.6701429809483402e-05,4.5397852420729034e-05,7.484626298776402e-05,7.484626298776402e-05,4.5397852420729034e-05,1.3709578605790399e-06,2.7535687821746045e-05
0.9999999999200804,0.07585817323116975,0.0003353500316799018,7.484626298776402e-05,4.5397852420729034e-05,0.006692851264816553,0.0015011819937681247,0.006692851264816553,0.2689414213699951,0.11920291732853862,0.07585817323116975,0.002472622943003016,0.0293122327122782,0.004070137783849419,0.01798621187025419,0.002472622943003016,0.004070137783849419,0.0015011819937681247,0.07585817323116975,0.0005527785524441057,0.006692851264816553
0.999999814460854,0.00012339461917113592,2.7535687821746045e-05,1.3709578605790399e-06,1.8553914607279396e-07,3.059023363247549e-07,3.059023363247549e-07,8.315279285380714e-07,3.059023363247549e-07,4.1399375473943306e-08,1.4449802095675026e-07,6.825603724121505e-08,1.8553914607279396e-07,1.4449802095675026e-07,5.3157849718487075e-08,2.3823696679343503e-07,1.8553914607279396e-07,5.3157849718487075e-08,8.764248496102855e-08,3.2241866333029355e-08,1.4449802095675026e-07
0.9999999999515263,0.9999251537370122,0.9997965729534201,0.9997965729534201,0.9999546021475793,0.9999724643121783,0.9999832985701905,0.9999938558224682,0.9999898700126424,0.9999938558224682,0.9999977396748937,0.9999898700126424,0.9999898700126424,0.9997965729534201,0.9997965729534201,0.9997965729534201,0.9999251537370122,0.9997965729534201,0.9999938558224682,0.9999724643121783,0.9999251537370122
0.9999999997210531,0.5,0.002472622943003016,0.0003353500316799018,1.6701429809483402e-05,1.6701429809483402e-05,1.067702997323512e-06,6.144177531850823e-06,1.0129987357628251e-05,3.7266388399128017e-06,6.475945666070602e-07,3.9278634073828347e-07,1.4449802095675026e-07,3.059023363247549e-07,5.043476486929152e-07,5.043476486929152e-07,3.059023363247549e-07,3.059023363247549e-07,1.3709578605790399e-06,1.4449802095675026e-07,1.4449802095675026e-07
0.9999999999998019,0.9999999979388463,0.9999999990263799,0.9999999987498471,0.999999998394772,0.9999999973534264,0.9999999987498471,0.9999999966017321,0.9999999956365377,0.9999999943972036,0.9999999943972036,0.999999974890009,0.999999974890009,0.9999999847700205,0.9999999847700205,0.9999999586006244,0.9999999847700205,0.9999999907625504,0.9999999956365377,0.9999999907625504,0.9999999847700205
0.999999999989184,0.9999998874648245,0.9984988180062319,0.9241418267688302,0.01798621187025419,0.0015011819937681247,0.00012339461917113592,7.484626298776402e-05,7.484626298776402e-05,1.0129987357628251e-05,3.7266388399128017e-06,3.9278634073828347e-07,1.3709578605790399e-06,1.067702997323512e-06,1.8553914607279396e-07,3.059023363247549e-07,1.125351754703302e-07,1.4449802095675026e-07,1.3709578605790399e-06,2.3823696679343503e-07,8.315279285380714e-07
0.9999999956365377,0.37754066879814546,0.0293122327122782,0.0293122327122782,0.11920291732853862,0.1824255149165352,0.1824255149165352,0.1824255149165352,0.37754066879814546,0.1824255149165352,0.006692851264816553,0.00020342704657999323,0.0009110513587503459,0.0015011819937681247,0.004070137783849419,0.01798621187025419,0.11920291732853862,0.006692851264816553,0.11920291732853862,0.01798621187025419,0.006692851264816553
0.9999999995400946,0.9998766053808288,0.9990889486412498,0.9994472214475559,0.9933071487351834,0.9959298622161507,0.9959298622161507,0.9990889486412498,0.9990889486412498,0.9990889486412498,0.9820137881297458,0.9241418267688302,0.8807970826714614,0.5,0.9525741264858409,0.2689414213699951,0.37754066879814546,0.2689414213699951,0.8175744850834648,0.11920291732853862,0.004070137783849419
0.9999999979388463,1.0129987357628251e-05,1.125351754703302e-07,1.522997951276035e-08,1.522997951276035e-08,6.825603724121505e-08,1.125351754703302e-07,6.825603724121505e-08,1.125351754703302e-07,1.125351754703302e-07,1.125351754703302e-07,1.955568070542584e-08,2.5109990926928157e-08,5.3157849718487075e-08,5.3157849718487075e-08,4.1399375473943306e-08,3.2241866333029355e-08,6.825603724121505e-08,1.8553914607279396e-07,6.825603724121505e-08,1.955568070542584e-08
0.9999999999999432,0.999999998394772,0.9999999586006244,0.9999998874648245,0.9999996940976636,0.9999977396748937,0.9999986290421394,0.99999627336116,0.9999832985701905,0.9998766053808288,0.9999251537370122,0.9933071487351834,0.9933071487351834,0.9820137881297458,0.9933071487351834,0.9933071487351834,0.997527377056997,0.9706877672877217,0.997527377056997,0.5,0.8807970826714614
0.9999999999915765,0.9984988180062319,0.7310585786300049,0.7310585786300049,0.8807970826714614,0.37754066879814546,0.047425873514159125,0.006692851264816553,0.0009110513587503459,7.484626298776402e-05,0.00012339461917113592,2.7535687821746045e-05,0.00012339461917113592,1.3007123813725571e-05,7.889264466933239e-06,2.7535687821746045e-05,7.484626298776402e-05,2.7535687821746045e-05,0.0003353500316799018,1.067702997323512e-06,3.7266388399128017e-06
0.9999999999377585,0.9990889486412498,0.010986941578116867,0.006692851264816553,0.006692851264816553,0.0293122327122782,0.0009110513587503459,0.006692851264816553,0.047425873514159125,0.006692851264816553,0.047425873514159125,0.0015011819937681247,0.0015011819937681247,0.0009110513587503459,0.004070137783849419,0.004070137783849419,0.004070137783849419,0.0005527785524441057,0.0015011819937681247,0.00020342704657999323,4.5397852420729034e-05
0.9999999997210531,0.9984988180062319,0.00020342704657999323,1.0129987357628251e-05,2.7535687821746045e-05,0.00012339461917113592,1.0129987357628251e-05,7.484626298776402e-05,0.0005527785524441057,1.6701429809483402e-05,2.7535687821746045e-05,3.7266388399128017e-06,1.0129987357628251e-05,2.2603251062511995e-06,3.7266388399128017e-06,7.484626298776402e-05,0.0003353500316799018,7.484626298776402e-05,0.0003353500316799018,2.7535687821746045e-05,2.7535687821746045e-05
0.9999999999999065,0.9999724643121783,0.0293122327122782,0.0015011819937681247,0.00012339461917113592,0.00020342704657999323,2.2603251062511995e-06,4.785094494835719e-06,2.7535687821746045e-05,1.3709578605790399e-06,2.9023119851992182e-06,3.9278634073828347e-07,6.475945666070602e-07,5.043476486929152e-07,1.8553914607279396e-07,6.475945666070602e-07,8.315279285380714e-07,1.3709578605790399e-06,1.6701429809483402e-05,1.760343003490802e-06,6.144177531850823e-06
0.9999998874648245,6.144177531850823e-06,3.9278634073828347e-07,8.764248496102855e-08,1.955568070542584e-08,2.5109990926928157e-08,1.1861120010657661e-08,5.3157849718487075e-08,5.3157849718487075e-08,1.955568070542584e-08,3.2241866333029355e-08,1.522997951276035e-08,2.5109990926928157e-08,4.1399375473943306e-08,6.825603724121505e-08,6.825603724121505e-08,5.3157849718487075e-08,8.764248496102855e-08,1.8553914607279396e-07,4.1399375473943306e-08,1.125351754703302e-07
0.9999999907625504,0.8807970826714614,0.0293122327122782,0.11920291732853862,0.6224593312018546,0.9525741264858409,0.9990889486412498,0.9984988180062319,0.9994472214475559,0.9990889486412498,0.9998766053808288,0.9984988180062319,0.9997965729534201,0.99966464996832,0.9998766053808288,0.9994472214475559,0.99966464996832,0.9994472214475559,0.9998766053808288,0.9959298622161507,0.9933071487351834
0.9999999999997455,0.9999251537370122,0.9959298622161507,0.8175744850834648,0.1824255149165352,0.047425873514159125,0.07585817323116975,0.37754066879814546,0.5,0.0009110513587503459,0.004070137783849419,0.0015011819937681247,0.0293122327122782,0.0009110513587503459,0.00012339461917113592,4.5397852420729034e-05,7.484626298776402e-05,0.0003353500316799018,0.002472622943003016,2.7535687821746045e-05,0.0003353500316799018
0.9999999999377585,0.1824255149165352,1.0129987357628251e-05,1.3709578605790399e-06,8.315279285380714e-07,1.6701429809483402e-05,4.5397852420729034e-05,0.0009110513587503459,0.01798621187025419,0.0015011819937681247,0.004070137783849419,0.0009110513587503459,0.004070137783849419,0.0003353500316799018,0.00012339461917113592,7.484626298776402e-05,0.002472622943003016,0.002472622943003016,0.047425873514159125,0.0015011819937681247,0.002472622943003016
0.9999991684720715,6.825603724121505e-08,5.60279640614594e-09,2.0611536181902033e-09,3.581747929000289e-10,7.582560422162384e-10,1.2501528648238603e-09,2.0611536181902033e-09,9.736200303530205e-10,7.582560422162384e-10,4.599055376537186e-10,1.6918979223288786e-10,1.3176514268359263e-10,2.1724399346070676e-10,7.991959892315218e-11,2.7894680920908113e-10,7.582560422162384e-10,2.7894680920908113e-10,2.1724399346070676e-10,4.599055376537186e-10,2.1724399346070676e-10
0.99999998813888,7.484626298776402e-05,2.2603251062511995e-06,3.7266388399128017e-06,2.2603251062511995e-06,2.2603251062511995e-06,2.2603251062511995e-06,6.144177531850823e-06,1.6701429809483402e-05,1.6701429809483402e-05,6.144177531850823e-06,3.7266388399128017e-06,1.6701429809483402e-05,1.6701429809483402e-05,1.6701429809483402e-05,2.2603251062511995e-06,8.315279285380714e-07,8.315279285380714e-07,1.3709578605790399e-06,5.043476486929152e-07,8.315279285380714e-07
0.9999999999934397,0.9999251537370122,0.8175744850834648,0.8807970826714614,0.5,0.2689414213699951,0.010986941578116867,0.006692851264816553,0.0005527785524441057,7.484626298776402e-05,0.00012339461917113592,1.6701429809483402e-05,4.5397852420729034e-05,6.144177531850823e-06,2.2603251062511995e-06,1.3709578605790399e-06,1.6701429809483402e-05,6.144177531850823e-06,1.0129987357628251e-05,3.059023363247549e-07,5.043476486929152e-07
0.9999999996418252,0.9706877672877217,0.0005527785524441057,6.144177531850823e-06,6.144177531850823e-06,3.7266388399128017e-06,8.315279285380714e-07,2.2603251062511995e-06,1.0129987357628251e-05,8.315279285380714e-07,8.315279285380714e-07,3.9278634073828347e-07,1.8553914607279396e-07,3.059023363247549e-07,3.059023363247549e-07,3.9278634073828347e-07,5.043476486929152e-07,1.125351754703302e-07,8.764248496102855e-08,1.4449802095675026e-07,1.8553914607279396e-07
0.9999999987498471,0.9241418267688302,0.5,0.5,0.7310585786300049,0.8175744850834648,0.7310585786300049,0.8175744850834648,0.8807970826714614,0.9820137881297458,0.7310585786300049,0.11920291732853862,0.7310585786300049,0.37754066879814546,0.11920291732853862,0.047425873514159125,0.37754066879814546,0.0293122327122782,0.07585817323116975,0.0293122327122782,0.047425873514159125
0.9999999999998457,0.9999999317439628,0.9999991684720715,0.9999994956523514,0.9999986290421394,0.9999994956523514,0.9999994956523514,0.9999991684720715,0.9999986290421394,0.99999627336116,0.99999627336116,0.9999898700126424,0.9999832985701905,0.9999724643121783,0.9999832985701905,0.9999546021475793,0.9999546021475793,0.9999832985701905,0.9999977396748937,0.9999832985701905,0.9999546021475793
0.9999999468421502,0.0005527785524441057,0.0005527785524441057,0.004070137783849419,0.0293122327122782,0.37754066879814546,0.9525741264858409,0.9525741264858409,0.37754066879814546,0.9241418267688302,0.9933071487351834,0.9933071487351834,0.9990889486412498,0.9933071487351834,0.9820137881297458,0.9706877672877217,0.9820137881297458,0.9706877672877217,0.9959298622161507,0.1824255149165352,0.9525741264858409
0.9999999956365377,0.00020342704657999323,1.3709578605790399e-06,3.059023363247549e-07,2.5109990926928157e-08,1.522997951276035e-08,1.522997951276035e-08,6.825603724121505e-08,1.125351754703302e-07,1.522997951276035e-08,2.5109990926928157e-08,1.522997951276035e-08,9.237449576640118e-09,9.237449576640118e-09,3.3982678079468468e-09,2.5109990926928157e-08,2.5109990926928157e-08,7.194132978569833e-09,1.522997951276035e-08,1.522997951276035e-08,2.5109990926928157e-08
0.9999999994094697,0.0005527785524441057,7.484626298776402e-05,2.7535687821746045e-05,6.144177531850823e-06,0.00012339461917113592,1.0129987357628251e-05,0.00020342704657999323,1.0129987357628251e-05,2.7535687821746045e-05,3.7266388399128017e-06,3.7266388399128017e-06,2.2603251062511995e-06,2.2603251062511995e-06,3.7266388399128017e-06,8.315279285380714e-07,1.3709578605790399e-06,8.315279285380714e-07,1.3709578605790399e-06,5.043476486929152e-07,5.043476486929152e-07
0.9999999999998799,0.9999998874648245,0.999999814460854,0.9999996940976636,0.9999986290421394,0.9999991684720715,0.9999991684720715,0.9999994956523514,0.9999996940976636,0.9999991684720715,0.9999991684720715,0.9999977396748937,0.9999986290421394,0.9999977396748937,0.9999994956523514,0.9999994956523514,0.9999977396748937,0.9999938558224682,0.9999986290421394,0.9999938558224682,0.9999832985701905
0.999999999868235,0.9999832985701905,0.9999832985701905,0.9999546021475793,0.9999898700126424,0.99999627336116,0.99999627336116,0.9999938558224682,0.9999938558224682,0.9999991684720715,0.9999996072136592,0.99999627336116,0.9999977396748937,0.99999627336116,0.9999986290421394,0.9999898700126424,0.9999251537370122,0.9997965729534201,0.9998766053808288,0.9990889486412498,0.9959298622161507
0.9999999996418252,0.9998766053808288,0.0015011819937681247,2.7535687821746045e-05,7.484626298776402e-05,4.5397852420729034e-05,2.7535687821746045e-05,4.5397852420729034e-05,0.00012339461917113592,4.5397852420729034e-05,2.7535687821746045e-05,2.2603251062511995e-06,1.6701429809483402e-05,3.7266388399128017e-06,2.2603251062511995e-06,2.7535687821746045e-05,0.00012339461917113592,0.00020342704657999323,0.0005527785524441057,1.0129987357628251e-05,4.5397852420729034e-05
0.999999999989184,0.9999986290421394,0.8807970826714614,0.0293122327122782,0.0015011819937681247,0.004070137783849419,0.0009110513587503459,0.11920291732853862,0.5,0.0293122327122782,0.0293122327122782,0.0005527785524441057,0.006692851264816553,0.0293122327122782,0.1824255149165352,0.6224593312018546,0.8175744850834648,0.2689414213699951,0.8807970826714614,0.8175744850834648,0.11920291732853862
0.9999999999999065,0.9999999943972036,0.9999999943972036,0.9999999907625504,0.9999999928058669,0.9999999928058669,0.9999999907625504,0.9999999907625504,0.9999999956365377,0.99999998813888,0.9999999804443193,0.9999999804443193,0.9999999847700205,0.9999999847700205,0.99999998813888,0.99999998813888,0.9999999847700205,0.9999999943972036,0.9999999956365377,0.9999999943972036,0.9999999928058669
0.9999999998308102,0.0003353500316799018,2.2603251062511995e-06,6.144177531850823e-06,1.0129987357628251e-05,6.144177531850823e-06,7.484626298776402e-05,0.0003353500316799018,0.0005527785524441057,0.0005527785524441057,0.0003353500316799018,0.00012339461917113592,0.0005527785524441057,0.00020342704657999323,0.00012339461917113592,4.5397852420729034e-05,0.00012339461917113592,2.7535687821746045e-05,0.0005527785524441057,2.7535687821746045e-05,2.7535687821746045e-05
0.9999999999934397,0.9999898700126424,0.8807970826714614,0.8175744850834648,0.2689414213699951,0.0015011819937681247,0.006692851264816553,0.0015011819937681247,0.0009110513587503459,1.6701429809483402e-05,1.6701429809483402e-05,3.059023363247549e-07,8.315279285380714e-07,1.3709578605790399e-06,3.059023363247549e-07,3.059023363247549e-07,3.059023363247549e-07,8.764248496102855e-08,8.315279285380714e-07,1.125351754703302e-07,4.1399375473943306e-08
0.9999999996418252,0.010986941578116867,4.5397852420729034e-05,0.00012339461917113592,0.0005527785524441057,0.00012339461917113592,7.484626298776402e-05,0.00012339461917113592,0.0009110513587503459,0.0003353500316799018,2.7535687821746045e-05,6.144177531850823e-06,1.0129987357628251e-05,1.0129987357628251e-05,7.484626298776402e-05,1.0129987357628251e-05,7.484626298776402e-05,1.6701429809483402e-05,4.5397852420729034e-05,3.7266388399128017e-06,1.3709578605790399e-06
0.999999999989184,0.9999898700126424,0.997527377056997,0.9820137881297458,0.047425873514159125,0.1824255149165352,0.006692851264816553,0.002472622943003016,0.0293122327122782,2.7535687821746045e-05,1.6701429809483402e-05,6.144177531850823e-06,2.7535687821746045e-05,1.0129987357628251e-05,1.3709578605790399e-06,8.315279285380714e-07,6.144177531850823e-06,2.2603251062511995e-06,2.2603251062511995e-06,3.059023363247549e-07,3.7266388399128017e-06
0.99999999999886,0.9999994956523514,0.999999814460854,0.999999814460854,0.9999999317439628,0.9999999586006244,0.9999996940976636,0.999999814460854,0.9999998874648245,0.999999814460854,0.9999991684720715,0.9999938558224682,0.9999724643121783,0.9999251537370122,0.9998766053808288,0.9984988180062319,0.9990889486412498,0.997527377056997,0.9984988180062319,0.9820137881297458,0.9820137881297458
0.9999999999821676,0.9998766053808288,0.9997965729534201,0.9997965729534201,0.9999546021475793,0.9999977396748937,0.9999991684720715,0.9999977396748937,0.9999991684720715,0.9999986290421394,0.99999627336116,0.9999546021475793,0.9999898700126424,0.9999546021475793,0.9999251537370122,0.9820137881297458,0.9525741264858409,0.8175744850834648,0.9959298622161507,0.8175744850834648,0.9241418267688302
0.9999999992417439,0.9706877672877217,0.2689414213699951,0.010986941578116867,0.0005527785524441057,0.00012339461917113592,0.0009110513587503459,0.004070137783849419,0.004070137783849419,7.484626298776402e-05,0.0003353500316799018,7.484626298776402e-05,0.0009110513587503459,0.0015011819937681247,0.00012339461917113592,0.002472622943003016,0.01798621187025419,0.0015011819937681247,0.002472622943003016,0.00020342704657999323,0.0015011819937681247
0.9999999990263799,4.5397852420729034e-05,0.00020342704657999323,0.00012339461917113592,0.006692851264816553,0.0293122327122782,0.010986941578116867,0.5,0.1824255149165352,0.2689414213699951,0.2689414213699951,0.11920291732853862,0.37754066879814546,0.11920291732853862,0.0293122327122782,0.0293122327122782,0.010986941578116867,0.0015011819937681247,0.0293122327122782,0.006692851264816553,0.00020342704657999323
0.9999999999200804,0.004070137783849419,4.1399375473943306e-08,9.237449576640118e-09,5.60279640614594e-09,1.955568070542584e-08,5.60279640614594e-09,1.522997951276035e-08,6.825603724121505e-08,4.1399375473943306e-08,6.825603724121505e-08,1.955568070542584e-08,4.1399375473943306e-08,6.825603724121505e-08,5.3157849718487075e-08,1.4449802095675026e-07,3.9278634073828347e-07,1.8553914607279396e-07,1.067702997323512e-06,1.8553914607279396e-07,3.9278634073828347e-07
0.9999999998973812,0.9999986290421394,0.9999898700126424,0.9999546021475793,0.9999251537370122,0.9997965729534201,0.9994472214475559,0.9999251537370122,0.9999251537370122,0.9990889486412498,0.99966464996832,0.9984988180062319,0.9994472214475559,0.997527377056997,0.9820137881297458,0.9933071487351834,0.9984988180062319,0.9959298622161507,0.9959298622161507,0.8175744850834648,0.9706877672877217
0.9999999999200804,0.9999251537370122,0.9890130584218833,0.7310585786300049,0.1824255149165352,0.01798621187025419,0.002472622943003016,0.010986941578116867,0.010986941578116867,0.0005527785524441057,0.0009110513587503459,7.484626298776402e-05,0.004070137783849419,0.006692851264816553,0.0003353500316799018,0.00012339461917113592,0.0005527785524441057,0.0003353500316799018,0.0005527785524441057,1.6701429809483402e-05,0.0003353500316799018
0.9999999999915765,0.5,0.006692851264816553,0.01798621187025419,0.004070137783849419,4.5397852420729034e-05,1.0129987357628251e-05,6.144177531850823e-06,2.2603251062511995e-06,3.059023363247549e-07,5.043476486929152e-07,2.5109990926928157e-08,6.825603724121505e-08,5.3157849718487075e-08,8.764248496102855e-08,1.125351754703302e-07,3.9278634073828347e-07,6.825603724121505e-08,1.8553914607279396e-07,1.955568070542584e-08,1.4449802095675026e-07
0.9999999995400946,0.9241418267688302,0.5,0.2689414213699951,0.047425873514159125,0.11920291732853862,0.0293122327122782,0.11920291732853862,0.047425873514159125,0.11920291732853862,0.006692851264816553,0.0009110513587503459,0.002472622943003016,0.0015011819937681247,0.002472622943003016,0.00020342704657999323,7.484626298776402e-05,4.5397852420729034e-05,0.00020342704657999323,0.00020342704657999323,7.484626298776402e-05
0.9999999999200804,0.9999938558224682,0.9999986290421394,0.9999991684720715,0.9999977396748937,0.9999991684720715,0.9999996940976636,0.9999991684720715,0.9999991684720715,0.9999898700126424,0.9999724643121783,0.9997965729534201,0.9999832985701905,0.9999546021475793,0.9999546021475793,0.9999546021475793,0.9999251537370122,0.9997965729534201,0.9999546021475793,0.9997965729534201,0.9990889486412498
0.9999999956365377,0.0003353500316799018,2.7535687821746045e-05,0.00020342704657999323,0.00012339461917113592,4.5397852420729034e-05,2.7535687821746045e-05,7.484626298776402e-05,0.00020342704657999323,0.00020342704657999323,1.6701429809483402e-05,2.2603251062511995e-06,2.2603251062511995e-06,8.315279285380714e-07,3.7266388399128017e-06,2.2603251062511995e-06,1.3709578605790399e-06,1.3709578605790399e-06,1.0129987357628251e-05,5.043476486929152e-07,1.8553914607279396e-07
0.9999999999998019,0.9999999586006244,0.9999999586006244,0.9999999677581336,0.999999814460854,0.9999999317439628,0.9999999586006244,0.9999999317439628,0.999999974890009,0.9999998874648245,0.9999999677581336,0.9999998874648245,0.9999999468421502,0.9999999123575151,0.9999999468421502,0.9999999317439628,0.9999999317439628,0.9999996940976636,0.999999814460854,0.9999996940976636,0.9999996940976636
0.9999999943972036,0.0009110513587503459,3.059023363247549e-07,2.3823696679343503e-07,1.125351754703302e-07,3.059023363247549e-07,8.764248496102855e-08,5.043476486929152e-07,1.067702997323512e-06,6.475945666070602e-07,1.067702997323512e-06,1.125351754703302e-07,2.3823696679343503e-07,3.9278634073828347e-07,5.043476486929152e-07,2.2603251062511995e-06,1.067702997323512e-06,8.315279285380714e-07,2.9023119851992182e-06,1.067702997323512e-06,1.760343003490802e-06
0.9999999999993086,0.9999999677581336,0.999999998394772,0.9999999992417439,0.9999999979388463,0.9999999990263799,0.9999999995400946,0.9999999994094697,0.9999999998308102,0.9999999995400946,0.9999999990263799,0.9999999979388463,0.9999999987498471,0.9999999979388463,0.999999998394772,0.9999999966017321,0.9999999979388463,0.9999999987498471,0.999999998394772,0.9999999979388463,0.9999999956365377
0.99999998813888,0.0003353500316799018,0.00020342704657999323,0.00012339461917113592,0.0003353500316799018,0.00020342704657999323,0.00012339461917113592,0.00012339461917113592,2.7535687821746045e-05,6.144177531850823e-06,1.6701429809483402e-05,2.7535687821746045e-05,0.0005527785524441057,0.0003353500316799018,0.00012339461917113592,0.0003353500316799018,0.00020342704657999323,7.484626298776402e-05,0.002472622943003016,0.0003353500316799018,0.0005527785524441057
0.999999999782756,0.1824255149165352,0.00012339461917113592,2.7535687821746045e-05,3.7266388399128017e-06,1.6701429809483402e-05,1.6701429809483402e-05,7.484626298776402e-05,0.004070137783849419,0.0005527785524441057,0.0015011819937681247,0.00012339461917113592,0.0009110513587503459,0.0293122327122782,0.0293122327122782,0.01798621187025419,0.0009110513587503459,0.0015011819937681247,0.1824255149165352,0.002472622943003016,0.0005527785524441057
0.9999999999998019,0.9999999987498471,0.9999999943972036,0.9999999847700205,0.999999814460854,0.9999998874648245,0.9999999317439628,0.9999998874648245,0.9999994956523514,0.99999627336116,0.9999994956523514,0.9999991684720715,0.9999991684720715,0.9999977396748937,0.9999898700126424,0.9999977396748937,0.9999986290421394,0.9999994956523514,0.999999814460854,0.9999994956523514,0.999999814460854
0.9999999994094697,0.006692851264816553,0.0015011819937681247,0.047425873514159125,0.047425873514159125,0.2689414213699951,0.5,0.37754066879814546,0.1824255149165352,0.0293122327122782,0.0293122327122782,0.01798621187025419,0.01798621187025419,0.0293122327122782,0.11920291732853862,0.11920291732853862,0.01798621187025419,0.047425873514159125,0.5,0.1824255149165352,0.047425873514159125
0.9999999999999558,0.9999999966017321,0.9999999973534264,0.999999998394772,0.999999998394772,0.9999999990263799,0.9999999987498471,0.9999999973534264,0.9999999987498471,0.9999999979388463,0.9999999979388463,0.9999999943972036,0.9999999943972036,0.9999999956365377,0.9999999966017321,0.9999999966017321,0.9999999928058669,0.99999998813888,0.9999999943972036,0.9999999907625504,0.9999999943972036
0.9999999997210531,0.9997965729534201,0.9999724643121783,0.9999832985701905,0.9999546021475793,0.99966464996832,0.9999251537370122,0.9999546021475793,0.9997965729534201,0.9999251537370122,0.99966464996832,0.9959298622161507,0.9984988180062319,0.9890130584218833,0.9959298622161507,0.9241418267688302,0.9706877672877217,0.5,0.7310585786300049,0.7310585786300049,0.5
0.9999999994094697,0.8175744850834648,0.9525741264858409,0.9706877672877217,0.9890130584218833,0.9959298622161507,0.9525741264858409,0.9241418267688302,0.7310585786300049,0.047425873514159125,0.37754066879814546,0.1824255149165352,0.37754066879814546,0.2689414213699951,0.2689414213699951,0.1824255149165352,0.0293122327122782,0.004070137783849419,0.0293122327122782,0.0293122327122782,0.004070137783849419
0.9999999999999065,0.9999999586006244,0.9999999317439628,0.9999999317439628,0.9999996940976636,0.9999999317439628,0.9999999586006244,0.9999999586006244,0.9999999847700205,0.9999999317439628,0.9999999317439628,0.999999814460854,0.9999999586006244,0.9999999677581336,0.9999999586006244,0.999999974890009,0.9999999317439628,0.999999974890009,0.9999999928058669,0.9999999804443193,0.9999999586006244
0.9999999999998457,0.9999977396748937,0.9998766053808288,0.9994472214475559,0.997527377056997,0.9994472214475559,0.997527377056997,0.99966464996832,0.99966464996832,0.9525741264858409,0.9706877672877217,0.8807970826714614,0.8175744850834648,0.8807970826714614,0.8175744850834648,0.7310585786300049,0.9706877672877217,0.9525741264858409,0.9933071487351834,0.9820137881297458,0.9525741264858409
0.99999999999886,0.9999998874648245,0.9999999907625504,0.9999999907625504,0.9999999907625504,0.9999999586006244,0.9999991684720715,0.9999994956523514,0.9999994956523514,0.9999977396748937,0.9999986290421394,0.9999832985701905,0.9999724643121783,0.99999627336116,0.9999977396748937,0.9999832985701905,0.9999832985701905,0.9999251537370122,0.9999898700126424,0.9990889486412498,0.9999724643121783
0.999999998394772,0.9890130584218833,0.0015011819937681247,0.0005527785524441057,0.00012339461917113592,0.0003353500316799018,0.00020342704657999323,0.0005527785524441057,0.01798621187025419,0.047425873514159125,0.004070137783849419,0.0003353500316799018,0.0005527785524441057,0.0009110513587503459,0.002472622943003016,0.010986941578116867,0.010986941578116867,0.002472622943003016,0.010986941578116867,0.0015011819937681247,0.0015011819937681247
0.999999999868235,0.5,0.1824255149165352,0.1824255149165352,0.9241418267688302,0.9890130584218833,0.9820137881297458,0.9525741264858409,0.9890130584218833,0.8175744850834648,0.5,0.07585817323116975,0.5,0.2689414213699951,0.8175744850834648,0.7310585786300049,0.8807970826714614,0.6224593312018546,0.9241418267688302,0.8175744850834648,0.6224593312018546
0.9999999317439628,0.07585817323116975,0.002472622943003016,0.004070137783849419,0.0005527785524441057,0.006692851264816553,0.11920291732853862,0.07585817323116975,0.047425873514159125,0.002472622943003016,0.002472622943003016,0.006692851264816553,0.01798621187025419,0.01798621187025419,0.047425873514159125,0.0293122327122782,0.11920291732853862,0.07585817323116975,0.37754066879814546,0.01798621187025419,0.1824255149165352
0.9999991684720715,1.8553914607279396e-07,6.825603724121505e-08,4.1399375473943306e-08,1.522997951276035e-08,4.1399375473943306e-08,6.825603724121505e-08,1.8553914607279396e-07,3.059023363247549e-07,1.125351754703302e-07,1.125351754703302e-07,2.5109990926928157e-08,1.8553914607279396e-07,6.825603724121505e-08,1.522997951276035e-08,4.1399375473943306e-08,6.825603724121505e-08,5.60279640614594e-09,3.059023363247549e-07,9.237449576640118e-09,3.2241866333029355e-08
0.9999999998308102,0.9706877672877217,0.997527377056997,0.9820137881297458,0.9890130584218833,0.997527377056997,0.997527377056997,0.997527377056997,0.9994472214475559,0.7310585786300049,0.6224593312018546,0.01798621187025419,0.07585817323116975,0.1824255149165352,0.37754066879814546,0.37754066879814546,0.37754066879814546,0.11920291732853862,0.07585817323116975,0.1824255149165352,0.5
0.999999999996021,0.999999998394772,0.999999974890009,0.9999998874648245,0.9999986290421394,0.9999994956523514,0.9999991684720715,0.9999977396748937,0.9999991684720715,0.9999832985701905,0.99999627336116,0.9999832985701905,0.99999627336116,0.9999898700126424,0.9999832985701905,0.9999832985701905,0.9999251537370122,0.9999898700126424,0.9999832985701905,0.99966464996832,0.9998766053808288
0.9999999999771028,0.8175744850834648,0.8175744850834648,0.9820137881297458,0.9959298622161507,0.9994472214475559,0.9994472214475559,0.9998766053808288,0.9997965729534201,0.997527377056997,0.9984988180062319,0.9933071487351834,0.99966464996832,0.9933071487351834,0.9820137881297458,0.9933071487351834,0.9706877672877217,0.9820137881297458,0.9984988180062319,0.9241418267688302,0.5
0.9999999994094697,0.9990889486412498,0.9984988180062319,0.9984988180062319,0.9525741264858409,0.9525741264858409,0.9820137881297458,0.8807970826714614,0.9820137881297458,0.9241418267688302,0.7310585786300049,0.37754066879814546,0.5,0.2689414213699951,0.1824255149165352,0.047425873514159125,0.047425873514159125,0.010986941578116867,0.1824255149165352,0.2689414213699951,0.1824255149165352
0.9999999999934397,0.0293122327122782,4.5397852420729034e-05,7.484626298776402e-05,3.7266388399128017e-06,6.144177531850823e-06,6.144177531850823e-06,1.0129987357628251e-05,2.2603251062511995e-06,3.059023363247549e-07,1.125351754703302e-07,1.1861120010657661e-08,1.522997951276035e-08,4.363462233903899e-09,4.363462233903899e-09,2.646573631904765e-09,7.194132978569833e-09,4.363462233903899e-09,2.5109990926928157e-08,1.6052280526088547e-09,1.2501528648238603e-09
0.9999999999998457,0.999999998394772,0.9999999987498471,0.999999998394772,0.9999999979388463,0.9999999973534264,0.999999998394772,0.9999999973534264,0.9999999943972036,0.9999999943972036,0.9999999943972036,0.9999999847700205,0.9999999943972036,0.999999974890009,0.9999999907625504,0.9999999317439628,0.9999999586006244,0.9999999586006244,0.9999999847700205,0.9999999586006244,0.9999994956523514
0.9999999999999065,0.999999974890009,0.999999974890009,0.9999999317439628,0.999999814460854,0.9999998874648245,0.9999999586006244,0.999999814460854,0.9999991684720715,0.9999898700126424,0.9999994956523514,0.9999977396748937,0.9999977396748937,0.9999986290421394,0.9999898700126424,0.9999898700126424,0.9999938558224682,0.9999898700126424,0.99999627336116,0.9999832985701905,0.9999991684720715
0.9999999999622486,0.99966464996832,0.9994472214475559,0.9984988180062319,0.9984988180062319,0.9999546021475793,0.9999832985701905,0.9999938558224682,0.9999938558224682,0.9999724643121783,0.9997965729534201,0.9990889486412498,0.9999546021475793,0.9997965729534201,0.9998766053808288,0.9997965729534201,0.9999251537370122,0.99966464996832,0.9999251537370122,0.9997965729534201,0.9998766053808288
0.9999999999622486,0.9999991684720715,0.9997965729534201,0.997527377056997,0.997527377056997,0.997527377056997,0.9959298622161507,0.9994472214475559,0.99966464996832,0.9820137881297458,0.9959298622161507,0.9706877672877217,0.9820137881297458,0.9890130584218833,0.8175744850834648,0.8175744850834648,0.9241418267688302,0.9706877672877217,0.9959298622161507,0.37754066879814546,0.5
0.9999999997210531,0.997527377056997,0.9990889486412498,0.9933071487351834,0.9959298622161507,0.997527377056997,0.997527377056997,0.9984988180062319,0.997527377056997,0.9820137881297458,0.7310585786300049,0.1824255149165352,0.1824255149165352,0.07585817323116975,0.6224593312018546,0.0293122327122782,0.010986941578116867,0.010986941578116867,0.047425873514159125,0.010986941578116867,0.002472622943003016
0.9999999907625504,0.01798621187025419,0.006692851264816553,0.010986941578116867,0.1824255149165352,0.5,0.8175744850834648,0.8807970826714614,0.8807970826714614,0.9241418267688302,0.9933071487351834,0.9241418267688302,0.997527377056997,0.9933071487351834,0.9959298622161507,0.9933071487351834,0.9959298622161507,0.997527377056997,0.99966464996832,0.7310585786300049,0.9706877672877217
0.9999999990263799,2.9023119851992182e-06,3.2241866333029355e-08,1.1861120010657661e-08,9.237449576640118e-09,1.1861120010657661e-08,2.646573631904765e-09,5.60279640614594e-09,5.60279640614594e-09,4.363462233903899e-09,4.363462233903899e-09,2.0611536181902033e-09,3.3982678079468468e-09,3.3982678079468468e-09,3.3982678079468468e-09,9.237449576640118e-09,1.955568070542584e-08,7.194132978569833e-09,9.237449576640118e-09,1.1861120010657661e-08,1.1861120010657661e-08
0.9999999999377585,0.8175744850834648,0.8175744850834648,0.37754066879814546,0.11920291732853862,0.1824255149165352,0.11920291732853862,0.07585817323116975,0.11920291732853862,0.6224593312018546,0.1824255149165352,0.010986941578116867,0.010986941578116867,0.004070137783849419,0.0293122327122782,0.0005527785524441057,0.002472622943003016,0.0003353500316799018,0.0005527785524441057,0.00020342704657999323,0.00012339461917113592
0.999999999996021,0.5,0.006692851264816553,0.004070137783849419,4.5397852420729034e-05,6.144177531850823e-06,2.2603251062511995e-06,8.315279285380714e-07,1.067702997323512e-06,1.4449802095675026e-07,6.825603724121505e-08,3.2241866333029355e-08,8.764248496102855e-08,1.955568070542584e-08,2.5109990926928157e-08,1.1861120010657661e-08,7.194132978569833e-09,2.646573631904765e-09,2.5109990926928157e-08,4.363462233903899e-09,5.60279640614594e-09
0.9999999999985363,0.9999999987498471,0.9999999943972036,0.9999999966017321,0.999999974890009,0.9999999317439628,0.9999999586006244,0.999999974890009,0.9999999586006244,0.9999991684720715,0.9999991684720715,0.9999724643121783,0.999999814460854,0.9999977396748937,0.9999832985701905,0.99999627336116,0.9999546021475793,0.9999898700126424,0.9999994956523514,0.997527377056997,0.9999546021475793
0.9999999999999065,0.9999724643121783,0.9997965729534201,0.9984988180062319,0.9706877672877217,0.9241418267688302,0.6224593312018546,0.8175744850834648,0.7310585786300049,0.07585817323116975,0.004070137783849419,0.0015011819937681247,0.010986941578116867,0.010986941578116867,0.0293122327122782,0.006692851264816553,0.004070137783849419,0.00020342704657999323,0.0293122327122782,0.002472622943003016,0.004070137783849419
0.9999999999999902,0.9999999956365377,0.9999999943972036,0.9999999956365377,0.9999999973534264,0.9999999966017321,0.9999999943972036,0.9999999973534264,0.9999999992417439,0.9999999979388463,0.9999999990263799,0.999999998394772,0.9999999973534264,0.9999999979388463,0.999999998394772,0.999999998394772,0.9999999987498471,0.9999999979388463,0.9999999973534264,0.999999998394772,0.999999998394772
0.9999999999999791,0.9999999990263799,0.9999999994094697,0.999999998394772,0.9999999973534264,0.9999999973534264,0.9999999943972036,0.9999999956365377,0.9999999956365377,0.99999998813888,0.9999999928058669,0.9999999847700205,0.9999999847700205,0.999999974890009,0.9999999804443193,0.9999999804443193,0.9999999317439628,0.9999998874648245,0.9999999804443193,0.9999999804443193,0.9999999317439628
0.9999999999998457,0.9999999317439628,0.9999999966017321,0.999999998394772,0.9999999973534264,0.9999999992417439,0.9999999987498471,0.9999999990263799,0.9999999997210531,0.9999999990263799,0.9999999987498471,0.9999999956365377,0.9999999966017321,0.9999999973534264,0.9999999973534264,0.9999999956365377,0.9999999907625504,0.9999999966017321,0.9999999943972036,0.999999974890009,0.9999999907625504
0.9999999999998799,0.999999998394772,0.9999999586006244,0.9999998874648245,0.9999986290421394,0.99999627336116,0.9999986290421394,0.9999724643121783,0.9999832985701905,0.997527377056997,0.9990889486412498,0.9525741264858409,0.9525741264858409,0.9525741264858409,0.5,0.2689414213699951,0.7310585786300049,0.8175744850834648,0.9959298622161507,0.7310585786300049,0.7310585786300049
0.99999999999886,0.9999999317439628,0.9999996940976636,0.9999986290421394,0.9999898700126424,0.9999898700126424,0.9999938558224682,0.9999898700126424,0.9997965729534201,0.9999251537370122,0.9998766053808288,0.9998766053808288,0.99966464996832,0.997527377056997,0.9990889486412498,0.997527377056997,0.9997965729534201,0.9933071487351834,0.9990889486412498,0.9997965729534201,0.9706877672877217
0.9999999999991123,0.999999814460854,0.9999994956523514,0.9999986290421394,0.9999251537370122,0.9998766053808288,0.9997965729534201,0.9994472214475559,0.9984988180062319,0.7310585786300049,0.5,0.006692851264816553,0.010986941578116867,0.006692851264816553,0.07585817323116975,0.010986941578116867,0.006692851264816553,0.047425873514159125,0.01798621187025419,0.0003353500316799018,0.004070137783849419
0.9999999998308102,0.9994472214475559,0.9241418267688302,0.5,0.002472622943003016,0.0009110513587503459,0.00020342704657999323,0.002472622943003016,0.002472622943003016,4.5397852420729034e-05,0.00012339461917113592,4.5397852420729034e-05,0.0003353500316799018,0.0003353500316799018,2.7535687821746045e-05,0.00012339461917113592,0.0003353500316799018,0.00020342704657999323,0.0015011819937681247,2.7535687821746045e-05,7.484626298776402e-05
0.9999994956523514,6.825603724121505e-08,1.522997951276035e-08,2.5109990926928157e-08,1.522997951276035e-08,2.5109990926928157e-08,2.5109990926928157e-08,4.1399375473943306e-08,1.522997951276035e-08,1.522997951276035e-08,4.1399375473943306e-08,7.194132978569833e-09,2.5109990926928157e-08,7.194132978569833e-09,9.237449576640118e-09,1.522997951276035e-08,1.522997951276035e-08,1.522997951276035e-08,1.8553914607279396e-07,4.363462233903899e-09,2.5109990926928157e-08
0.9999994956523514,8.315279285380714e-07,1.125351754703302e-07,6.825603724121505e-08,5.3157849718487075e-08,6.825603724121505e-08,1.125351754703302e-07,8.764248496102855e-08,1.8553914607279396e-07,1.8553914607279396e-07,8.315279285380714e-07,6.825603724121505e-08,1.125351754703302e-07,1.955568070542584e-08,2.5109990926928157e-08,6.825603724121505e-08,1.125351754703302e-07,1.955568070542584e-08,6.825603724121505e-08,1.522997951276035e-08,1.125351754703302e-07
0.9999999999993086,0.9999986290421394,0.9999994956523514,0.9999991684720715,0.9999991684720715,0.9999994956523514,0.99999627336116,0.9999724643121783,0.9999832985701905,0.99966464996832,0.9933071487351834,0.9933071487351834,0.9998766053808288,0.9984988180062319,0.9999251537370122,0.9998766053808288,0.9999251537370122,0.99966464996832,0.9999898700126424,0.9997965729534201,0.9984988180062319
0.9999999999999731,0.999999998394772,0.9999999956365377,0.9999999956365377,0.9999999966017321,0.9999999973534264,0.9999999973534264,0.9999999956365377,0.9999999928058669,0.9999999847700205,0.9999999847700205,0.9999999804443193,0.9999999847700205,0.999999974890009,0.9999999677581336,0.9999999586006244,0.999999814460854,0.9999996940976636,0.999999974890009,0.9999999317439628,0.999999814460854
0.9999999999995806,0.9999999907625504,0.9999999973534264,0.9999999990263799,0.9999999979388463,0.9999999987498471,0.9999999987498471,0.9999999987498471,0.9999999956365377,0.9999999966017321,0.9999999992417439,0.9999999979388463,0.9999999966017321,0.9999999979388463,0.9999999973534264,0.9999999907625504,0.9999999943972036,0.9999999966017321,0.9999999973534264,0.999999998394772,0.999999998394772
0.9999999995400946,0.01798621187025419,1.3709578605790399e-06,1.4449802095675026e-07,8.764248496102855e-08,6.825603724121505e-08,1.955568070542584e-08,4.1399375473943306e-08,3.2241866333029355e-08,8.764248496102855e-08,2.5109990926928157e-08,5.60279640614594e-09,4.363462233903899e-09,5.60279640614594e-09,1.522997951276035e-08,9.237449576640118e-09,1.1861120010657661e-08,5.60279640614594e-09,1.522997951276035e-08,1.522997951276035e-08,1.1861120010657661e-08
0.9999986290421394,1.3709578605790399e-06,4.1399375473943306e-08,6.825603724121505e-08,1.125351754703302e-07,6.825603724121505e-08,6.825603724121505e-08,6.825603724121505e-08,1.125351754703302e-07,1.125351754703302e-07,5.043476486929152e-07,5.3157849718487075e-08,6.825603724121505e-08,8.764248496102855e-08,5.3157849718487075e-08,1.955568070542584e-08,6.825603724121505e-08,3.2241866333029355e-08,1.4449802095675026e-07,4.1399375473943306e-08,8.315279285380714e-07
0.9999999979388463,0.6224593312018546,0.047425873514159125,0.010986941578116867,0.047425873514159125,0.37754066879814546,0.2689414213699951,0.1824255149165352,0.2689414213699951,0.2689414213699951,0.1824255149165352,0.010986941578116867,0.010986941578116867,0.010986941578116867,0.07585817323116975,0.01798621187025419,0.010986941578116867,0.0015011819937681247,0.010986941578116867,0.0015011819937681247,0.0003353500316799018
0.9999999999999065,0.9999999928058669,0.9999999847700205,0.999999974890009,0.999999974890009,0.999999974890009,0.999999974890009,0.999999974890009,0.999999974890009,0.9999999317439628,0.9999999586006244,0.9999998874648245,0.9999999317439628,0.9999999586006244,0.9999999317439628,0.999999814460854,0.999999814460854,0.999999814460854,0.9999999317439628,0.9999998874648245,0.9999999317439628
0.9999999999995806,0.99999998813888,0.9999999956365377,0.9999999973534264,0.9999999956365377,0.9999999973534264,0.9999999973534264,0.9999999979388463,0.999999998394772,0.9999999928058669,0.9999999956365377,0.9999999943972036,0.9999999847700205,0.9999999907625504,0.9999999907625504,0.9999999847700205,0.999999974890009,0.999999974890009,0.9999999847700205,0.999999974890009,0.9999999847700205
0.9999999966017321,0.9890130584218833,0.5,0.2689414213699951,0.002472622943003016,0.004070137783849419,0.010986941578116867,0.010986941578116867,0.004070137783849419,0.00020342704657999323,0.0009110513587503459,0.0015011819937681247,0.002472622943003016,0.0003353500316799018,0.00020342704657999323,0.0005527785524441057,7.484626298776402e-05,1.6701429809483402e-05,0.0003353500316799018,0.00020342704657999323,0.0003353500316799018
0.9999999999996734,0.9999938558224682,0.997527377056997,0.9241418267688302,0.37754066879814546,0.11920291732853862,0.004070137783849419,0.2689414213699951,0.6224593312018546,0.00012339461917113592,0.0005527785524441057,0.0005527785524441057,0.002472622943003016,0.0005527785524441057,4.5397852420729034e-05,0.0009110513587503459,0.00020342704657999323,0.00020342704657999323,0.002472622943003016,0.00012339461917113592,0.0005527785524441057
0.9999999999705993,0.9999251537370122,0.9990889486412498,0.9999251537370122,0.9999832985701905,0.9999898700126424,0.9999546021475793,0.9999724643121783,0.9999832985701905,0.9997965729534201,0.9998766053808288,0.9994472214475559,0.9999251537370122,0.9990889486412498,0.9999724643121783,0.9998766053808288,0.9990889486412498,0.9994472214475559,0.9999251537370122,0.99966464996832,0.99966464996832
0.9999999992417439,3.7266388399128017e-06,5.3157849718487075e-08,9.237449576640118e-09,9.237449576640118e-09,1.955568070542584e-08,3.3982678079468468e-09,2.646573631904765e-09,3.3982678079468468e-09,3.3982678079468468e-09,7.194132978569833e-09,1.6052280526088547e-09,1.2501528648238603e-09,1.6052280526088547e-09,1.6052280526088547e-09,1.2501528648238603e-09,1.6052280526088547e-09,2.0611536181902033e-09,1.6052280526088547e-09,3.3982678079468468e-09,1.6052280526088547e-09
0.9999999999999432,0.9999999943972036,0.9999999973534264,0.9999999928058669,0.9999999907625504,0.9999999847700205,0.9999999468421502,0.999999974890009,0.9999999677581336,0.9999999586006244,0.9999999317439628,0.9999999123575151,0.9999999677581336,0.9999999317439628,0.9999999586006244,0.9999999468421502,0.9999999677581336,0.9999998874648245,0.9999999586006244,0.999999814460854,0.9999999317439628
0.9999999999999656,0.9999999907625504,0.9999999966017321,0.9999999979388463,0.9999999966017321,0.9999999987498471,0.999999998394772,0.9999999956365377,0.9999999979388463,0.9999999966017321,0.9999999943972036,0.9999999943972036,0.9999999966017321,0.9999999928058669,0.99999998813888,0.9999999943972036,0.9999999966017321,0.9999999907625504,0.9999999928058669,0.9999999928058669,0.9999999928058669
0.9999999999994615,0.9999999990263799,0.9999999987498471,0.9999999987498471,0.9999999979388463,0.9999999979388463,0.9999999979388463,0.999999998394772,0.9999999943972036,0.9999999907625504,0.9999999966017321,0.9999999907625504,0.9999999943972036,0.9999999943972036,0.9999999847700205,0.9999999966017321,0.9999999966017321,0.9999999907625504,0.9999999943972036,0.9999999943972036,0.9999999943972036
0.9999999999999065,0.9999898700126424,0.9990889486412498,0.9933071487351834,0.9933071487351834,0.997527377056997,0.9706877672877217,0.9984988180062319,0.9959298622161507,0.6224593312018546,0.9890130584218833,0.8807970826714614,0.6224593312018546,0.6224593312018546,0.2689414213699951,0.6224593312018546,0.9820137881297458,0.9241418267688302,0.9706877672877217,0.9820137881297458,0.9525741264858409
0.99999998813888,0.0009110513587503459,4.5397852420729034e-05,1.0129987357628251e-05,1.6701429809483402e-05,0.0003353500316799018,0.0003353500316799018,0.00012339461917113592,2.7535687821746045e-05,2.7535687821746045e-05,6.144177531850823e-06,6.144177531850823e-06,2.7535687821746045e-05,4.5397852420729034e-05,0.00012339461917113592,0.0005527785524441057,0.0003353500316799018,4.5397852420729034e-05,0.0009110513587503459,0.0003353500316799018,7.484626298776402e-05
0.9999999999999432,0.9999999992417439,0.9999999990263799,0.9999999996418252,0.999999999782756,0.9999999998308102,0.9999999997210531,0.9999999997210531,0.999999999868235,0.9999999997210531,0.999999999782756,0.9999999996418252,0.9999999996418252,0.9999999995400946,0.9999999998308102,0.9999999997210531,0.9999999995400946,0.9999999994094697,0.999999999782756,0.9999999994094697,0.9999999992417439
0.9999999999998457,0.9999999966017321,0.9999999317439628,0.999999814460854,0.9999977396748937,0.9999986290421394,0.9999986290421394,0.9999994956523514,0.9999991684720715,0.9997965729534201,0.9997965729534201,0.9984988180062319,0.99966464996832,0.9990889486412498,0.9706877672877217,0.9959298622161507,0.997527377056997,0.997527377056997,0.997527377056997,0.9820137881297458,0.9820137881297458
0.999999998394772,2.7535687821746045e-05,2.2603251062511995e-06,5.043476486929152e-07,2.3823696679343503e-07,1.8553914607279396e-07,6.825603724121505e-08,8.764248496102855e-08,1.8553914607279396e-07,1.125351754703302e-07,5.3157849718487075e-08,1.522997951276035e-08,1.522997951276035e-08,1.955568070542584e-08,6.825603724121505e-08,5.3157849718487075e-08,1.125351754703302e-07,1.955568070542584e-08,4.1399375473943306e-08,1.1861120010657661e-08,1.955568070542584e-08
0.9999999998308102,0.997527377056997,0.9933071487351834,0.9241418267688302,0.5,0.9241418267688302,0.9820137881297458,0.9525741264858409,0.9706877672877217,0.9933071487351834,0.9820137881297458,0.9241418267688302,0.9890130584218833,0.9890130584218833,0.9933071487351834,0.9890130584218833,0.9820137881297458,0.9706877672877217,0.9706877672877217,0.9820137881297458,0.9933071487351834
0.999999999994891,0.5,0.00012339461917113592,2.7535687821746045e-05,5.043476486929152e-07,6.475945666070602e-07,4.1399375473943306e-08,5.3157849718487075e-08,6.825603724121505e-08,1.955568070542584e-08,3.2241866333029355e-08,7.194132978569833e-09,4.363462233903899e-09,5.60279640614594e-09,7.194132978569833e-09,1.1861120010657661e-08,1.955568070542584e-08,9.237449576640118e-09,6.825603724121505e-08,1.522997951276035e-08,1.955568070542584e-08
0.9999999999995806,0.9999999956365377,0.9999999973534264,0.9999999973534264,0.9999999907625504,0.9999999928058669,0.9999999956365377,0.9999999979388463,0.9999999956365377,0.9999999943972036,0.9999999966017321,0.9999999907625504,0.9999999943972036,0.9999999943972036,0.9999999943972036,0.9999999966017321,0.99999998813888,0.9999999973534264,0.9999999956365377,0.9999999907625504,0.9999999956365377
0.9999999998973812,0.8807970826714614,0.8807970826714614,0.9241418267688302,0.5,0.37754066879814546,0.9820137881297458,0.8807970826714614,0.8807970826714614,0.6224593312018546,0.37754066879814546,0.2689414213699951,0.5,0.11920291732853862,0.07585817323116975,0.006692851264816553,0.01798621187025419,0.0015011819937681247,0.010986941578116867,0.0009110513587503459,0.010986941578116867
0.999999974890009,0.9525741264858409,0.9959298622161507,0.9820137881297458,0.9241418267688302,0.9241418267688302,0.9890130584218833,0.9933071487351834,0.9959298622161507,0.9706877672877217,0.9933071487351834,0.9241418267688302,0.9890130584218833,0.9706877672877217,0.9890130584218833,0.9241418267688302,0.9706877672877217,0.8175744850834648,0.7310585786300049,0.37754066879814546,0.7310585786300049
0.9999999586006244,0.11920291732853862,0.00012339461917113592,2.2603251062511995e-06,5.043476486929152e-07,3.059023363247549e-07,1.8553914607279396e-07,2.2603251062511995e-06,6.144177531850823e-06,5.043476486929152e-07,8.315279285380714e-07,3.059023363247549e-07,2.2603251062511995e-06,2.2603251062511995e-06,1.3709578605790399e-06,6.144177531850823e-06,2.7535687821746045e-05,1.3709578605790399e-06,1.6701429809483402e-05,1.3709578605790399e-06,1.3709578605790399e-06
0.9999999979388463,0.002472622943003016,5.043476486929152e-07,2.5109990926928157e-08,2.5109990926928157e-08,1.125351754703302e-07,1.125351754703302e-07,6.825603724121505e-08,1.4449802095675026e-07,8.764248496102855e-08,1.125351754703302e-07,5.3157849718487075e-08,3.2241866333029355e-08,1.955568070542584e-08,7.194132978569833e-09,9.237449576640118e-09,4.363462233903899e-09,5.60279640614594e-09,1.955568070542584e-08,3.3982678079468468e-09,4.363462233903899e-09
0.9999999999991123,0.9999999907625504,0.9999999943972036,0.9999999907625504,0.9999999943972036,0.9999999928058669,0.9999999907625504,0.9999999979388463,0.9999999973534264,0.9999999943972036,0.9999999956365377,0.9999999847700205,0.9999999928058669,0.99999998813888,0.9999999928058669,0.9999999907625504,0.9999999928058669,0.9999999586006244,0.9999999804443193,0.999999974890009,0.9999999956365377
0.9999999999999558,0.9999999987498471,0.9999999987498471,0.9999999966017321,0.9999999966017321,0.9999999979388463,0.999999998394772,0.999999998394772,0.9999999956365377,0.9999999943972036,0.9999999973534264,0.9999999928058669,0.9999999907625504,0.9999999928058669,0.99999998813888,0.99999998813888,0.99999998813888,0.9999999928058669,0.9999999973534264,0.9999999956365377,0.999999974890009
0.9999999997210531,0.7310585786300049,0.07585817323116975,0.5,0.37754066879814546,0.11920291732853862,0.1824255149165352,0.8807970826714614,0.8807970826714614,0.8807970826714614,0.11920291732853862,0.2689414213699951,0.1824255149165352,0.11920291732853862,0.07585817323116975,0.0293122327122782,0.010986941578116867,0.0003353500316799018,0.0003353500316799018,0.0009110513587503459,0.0005527785524441057
0.9999999999997455,0.9999999966017321,0.9999999943972036,0.9999999973534264,0.999999998394772,0.9999999979388463,0.9999999966017321,0.9999999990263799,0.9999999987498471,0.9999999943972036,0.9999999847700205,0.9999999966017321,0.9999999907625504,0.9999999847700205,0.9999999943972036,0.9999999907625504,0.9999999586006244,0.999999974890009,0.9999999907625504,0.999999974890009,0.9999999907625504
0.9999996940976636,0.00020342704657999323,4.5397852420729034e-05,0.0009110513587503459,0.0009110513587503459,0.006692851264816553,0.11920291732853862,0.1824255149165352,0.07585817323116975,0.37754066879814546,0.8175744850834648,0.7310585786300049,0.9525741264858409,0.6224593312018546,0.9241418267688302,0.6224593312018546,0.9525741264858409,0.11920291732853862,0.8175744850834648,0.5,0.7310585786300049
0.9999999999995806,0.9999999956365377,0.99999998813888,0.9999999804443193,0.9999999847700205,0.999999974890009,0.999999974890009,0.9999999907625504,0.9999999847700205,0.9999998874648245,0.9999998874648245,0.9999998874648245,0.9999999317439628,0.9999999586006244,0.9999999317439628,0.9999999586006244,0.999999974890009,0.9999999847700205,0.9999999847700205,0.9999999847700205,0.9999999847700205
0.999999999994891,0.00020342704657999323,8.315279285380714e-07,3.059023363247549e-07,6.825603724121505e-08,3.059023363247549e-07,1.955568070542584e-08,1.1861120010657661e-08,2.5109990926928157e-08,1.1861120010657661e-08,2.646573631904765e-09,2.646573631904765e-09,1.2501528648238603e-09,1.2501528648238603e-09,1.6052280526088547e-09,2.646573631904765e-09,2.0611536181902033e-09,9.736200303530205e-10,7.582560422162384e-10,9.736200303530205e-10,1.6052280526088547e-09
0.9999999999200804,0.9525741264858409,0.8175744850834648,0.8175744850834648,0.8807970826714614,0.9525741264858409,0.9820137881297458,0.9890130584218833,0.9933071487351834,0.997527377056997,0.9984988180062319,0.9525741264858409,0.9706877672877217,0.9820137881297458,0.9933071487351834,0.9820137881297458,0.9890130584218833,0.9525741264858409,0.9890130584218833,0.37754066879814546,0.5
0.9999999966017321,0.002472622943003016,3.7266388399128017e-06,3.7266388399128017e-06,8.315279285380714e-07,3.9278634073828347e-07,8.764248496102855e-08,5.043476486929152e-07,5.043476486929152e-07,1.8553914607279396e-07,8.764248496102855e-08,5.3157849718487075e-08,3.2241866333029355e-08,2.5109990926928157e-08,2.5109990926928157e-08,5.3157849718487075e-08,5.3157849718487075e-08,1.1861120010657661e-08,1.522997951276035e-08,1.522997951276035e-08,4.1399375473943306e-08
0.9999999999771028,0.9525741264858409,0.0005527785524441057,7.484626298776402e-05,2.7535687821746045e-05,0.00020342704657999323,1.6701429809483402e-05,0.0003353500316799018,0.0293122327122782,0.00020342704657999323,0.010986941578116867,4.5397852420729034e-05,0.0005527785524441057,0.00020342704657999323,7.484626298776402e-05,0.00012339461917113592,0.0003353500316799018,0.00012339461917113592,0.0005527785524441057,0.00020342704657999323,0.00020342704657999323
0.9999999973534264,7.484626298776402e-05,1.3709578605790399e-06,3.059023363247549e-07,3.2241866333029355e-08,4.1399375473943306e-08,4.1399375473943306e-08,1.125351754703302e-07,6.825603724121505e-08,1.1861120010657661e-08,9.237449576640118e-09,1.1861120010657661e-08,7.194132978569833e-09,5.60279640614594e-09,4.363462233903899e-09,3.3982678079468468e-09,4.363462233903899e-09,1.1861120010657661e-08,2.5109990926928157e-08,4.363462233903899e-09,2.646573631904765e-09
0.9999999943972036,7.484626298776402e-05,1.3709578605790399e-06,8.315279285380714e-07,2.2603251062511995e-06,2.2603251062511995e-06,6.144177531850823e-06,1.0129987357628251e-05,2.7535687821746045e-05,7.484626298776402e-05,7.484626298776402e-05,2.7535687821746045e-05,2.7535687821746045e-05,4.5397852420729034e-05,7.484626298776402e-05,0.00012339461917113592,0.0003353500316799018,7.484626298776402e-05,7.484626298776402e-05,2.7535687821746045e-05,0.00012339461917113592
0.9999999998973812,0.9525741264858409,0.9525741264858409,0.9890130584218833,0.9525741264858409,0.9820137881297458,0.9820137881297458,0.9706877672877217,0.9241418267688302,0.7310585786300049,0.2689414213699951,0.0293122327122782,0.07585817323116975,0.11920291732853862,0.11920291732853862,0.11920291732853862,0.07585817323116975,0.010986941578116867,0.1824255149165352,0.047425873514159125,0.07585817323116975
0.9999999999993086,0.9999999847700205,0.999999974890009,0.9999999317439628,0.9999996940976636,0.9999998874648245,0.9999999317439628,0.9999998874648245,0.999999814460854,0.999999814460854,0.9999996940976636,0.9999994956523514,0.9999991684720715,0.9999986290421394,0.9999938558224682,0.99999627336116,0.99999627336116,0.99999627336116,0.999999814460854,0.9999991684720715,0.9999991684720715
0.9999999999995806,0.9999999847700205,0.9999994956523514,0.997527377056997,0.9990889486412498,0.9959298622161507,0.1824255149165352,0.9820137881297458,0.9241418267688302,0.2689414213699951,0.1824255149165352,0.0003353500316799018,0.0009110513587503459,0.0293122327122782,0.01798621187025419,0.0293122327122782,0.006692851264816553,0.006692851264816553,0.6224593312018546,0.1824255149165352,0.1824255149165352
0.9999999999996734,0.9999999928058669,0.9999999847700205,0.9999999804443193,0.999999974890009,0.9999999804443193,0.99999998813888,0.999999974890009,0.9999999317439628,0.999999814460854,0.9999999586006244,0.9999999586006244,0.9999999317439628,0.999999814460854,0.9999996940976636,0.9999994956523514,0.9999996940976636,0.9999994956523514,0.9999998874648245,0.9999991684720715,0.9999991684720715
0.9999999999998019,0.9999999928058669,0.9999999966017321,0.9999999907625504,0.9999999943972036,0.9999999847700205,0.9999999847700205,0.999999974890009,0.9999999907625504,0.9999999847700205,0.9999999907625504,0.9999999847700205,0.9999999586006244,0.9999999317439628,0.9999999586006244,0.9999994956523514,0.9999999586006244,0.9999999317439628,0.999999974890009,0.999999814460854,0.9999999317439628
0.9999999804443193,0.00012339461917113592,0.0003353500316799018,0.0005527785524441057,0.00020342704657999323,2.7535687821746045e-05,0.00012339461917113592,0.0005527785524441057,0.0003353500316799018,0.00020342704657999323,7.484626298776402e-05,0.00012339461917113592,7.484626298776402e-05,7.484626298776402e-05,0.0003353500316799018,7.484626298776402e-05,7.484626298776402e-05,2.7535687821746045e-05,4.5397852420729034e-05,2.7535687821746045e-05,0.00012339461917113592
0.9999999999998799,0.999999999782756,0.9999999992417439,0.9999999990263799,0.9999999979388463,0.999999998394772,0.9999999987498471,0.9999999987498471,0.999999998394772,0.9999999847700205,0.9999999943972036,0.9999999907625504,0.9999999907625504,0.9999999847700205,0.9999999847700205,0.9999999847700205,0.999999974890009,0.9999999847700205,0.99999998813888,0.999999974890009,0.9999999928058669
0.9999999994094697,7.484626298776402e-05,8.315279285380714e-07,8.764248496102855e-08,8.764248496102855e-08,1.4449802095675026e-07,1.955568070542584e-08,3.2241866333029355e-08,4.1399375473943306e-08,3.2241866333029355e-08,1.955568070542584e-08,5.60279640614594e-09,7.194132978569833e-09,1.1861120010657661e-08,7.194132978569833e-09,1.1861120010657661e-08,1.955568070542584e-08,1.1861120010657661e-08,1.522997951276035e-08,1.522997951276035e-08,1.1861120010657661e-08
0.9999999999934397,0.9999938558224682,0.997527377056997,0.9525741264858409,0.37754066879814546,0.7310585786300049,0.07585817323116975,0.1824255149165352,0.5,0.07585817323116975,0.010986941578116867,0.002472622943003016,0.010986941578116867,0.006692851264816553,0.047425873514159125,0.006692851264816553,0.047425873514159125,0.07585817323116975,0.6224593312018546,0.047425873514159125,0.006692851264816553
0.9999999995400946,0.9820137881297458,0.6224593312018546,0.6224593312018546,0.37754066879814546,0.5,0.1824255149165352,0.1824255149165352,0.37754066879814546,0.6224593312018546,0.047425873514159125,0.0009110513587503459,0.006692851264816553,0.002472622943003016,0.0293122327122782,0.002472622943003016,0.004070137783849419,0.002472622943003016,0.004070137783849419,0.004070137783849419,0.00012339461917113592
0.9999999999996734,0.9999546021475793,0.37754066879814546,0.047425873514159125,0.00020342704657999323,0.002472622943003016,3.7266388399128017e-06,4.5397852420729034e-05,0.0003353500316799018,2.2603251062511995e-06,6.144177531850823e-06,3.059023363247549e-07,5.043476486929152e-07,8.315279285380714e-07,3.9278634073828347e-07,2.2603251062511995e-06,3.7266388399128017e-06,1.3709578605790399e-06,4.5397852420729034e-05,1.0129987357628251e-05,4.5397852420729034e-05
0.9999999995400946,2.7535687821746045e-05,3.7266388399128017e-06,3.7266388399128017e-06,3.7266388399128017e-06,8.315279285380714e-07,5.043476486929152e-07,8.315279285380714e-07,1.3709578605790399e-06,5.043476486929152e-07,5.043476486929152e-07,3.059023363247549e-07,6.825603724121505e-08,3.2241866333029355e-08,1.955568070542584e-08,9.237449576640118e-09,3.2241866333029355e-08,2.5109990926928157e-08,1.125351754703302e-07,2.5109990926928157e-08,4.1399375473943306e-08
0.9999999996418252,0.99966464996832,0.997527377056997,0.9890130584218833,0.9820137881297458,0.9525741264858409,0.6224593312018546,0.9706877672877217,0.9933071487351834,0.8175744850834648,0.8807970826714614,0.1824255149165352,0.6224593312018546,0.7310585786300049,0.11920291732853862,0.5,0.37754066879814546,0.37754066879814546,0.6224593312018546,0.006692851264816553,0.11920291732853862
0.9999999999515263,0.6224593312018546,0.9706877672877217,0.9241418267688302,0.9241418267688302,0.9706877672877217,0.9890130584218833,0.9959298622161507,0.9820137881297458,0.9706877672877217,0.9525741264858409,0.6224593312018546,0.9706877672877217,0.9525741264858409,0.8175744850834648,0.5,0.5,0.1824255149165352,0.8807970826714614,0.11920291732853862,0.07585817323116975
0.9999999987498471,0.9820137881297458,0.997527377056997,0.9933071487351834,0.7310585786300049,0.7310585786300049,0.9706877672877217,0.9706877672877217,0.9706877672877217,0.9241418267688302,0.9706877672877217,0.7310585786300049,0.7310585786300049,0.8175744850834648,0.9706877672877217,0.7310585786300049,0.5,0.1824255149165352,0.8807970826714614,0.8175744850834648,0.5
0.9999999979388463,0.0015011819937681247,1.8553914607279396e-07,1.125351754703302e-07,2.5109990926928157e-08,5.3157849718487075e-08,1.522997951276035e-08,3.2241866333029355e-08,1.125351754703302e-07,6.825603724121505e-08,8.764248496102855e-08,2.5109990926928157e-08,1.522997951276035e-08,4.1399375473943306e-08,1.4449802095675026e-07,1.8553914607279396e-07,3.9278634073828347e-07,3.059023363247549e-07,5.043476486929152e-07,2.3823696679343503e-07,3.059023363247549e-07
0.9999999999998457,0.999999814460854,0.9999977396748937,0.9999986290421394,0.99999627336116,0.9999977396748937,0.9999977396748937,0.9999977396748937,0.99999627336116,0.9999898700126424,0.9999724643121783,0.9998766053808288,0.9997965729534201,0.99966464996832,0.9997965729534201,0.9990889486412498,0.9999251537370122,0.9998766053808288,0.9999724643121783,0.9998766053808288,0.9998766053808288
0.9999999999200804,0.6224593312018546,0.0015011819937681247,0.0003353500316799018,0.00012339461917113592,0.0005527785524441057,0.00012339461917113592,0.004070137783849419,0.004070137783849419,0.0003353500316799018,0.00012339461917113592,1.0129987357628251e-05,0.00012339461917113592,0.00020342704657999323,4.5397852420729034e-05,0.0003353500316799018,4.5397852420729034e-05,1.3007123813725571e-05,4.5397852420729034e-05,1.0129987357628251e-05,2.7535687821746045e-05
0.9999999995400946,1.6701429809483402e-05,1.8553914607279396e-07,5.3157849718487075e-08,3.2241866333029355e-08,2.5109990926928157e-08,7.194132978569833e-09,1.955568070542584e-08,6.825603724121505e-08,4.1399375473943306e-08,1.955568070542584e-08,5.60279640614594e-09,9.237449576640118e-09,4.1399375473943306e-08,8.764248496102855e-08,5.3157849718487075e-08,3.2241866333029355e-08,3.2241866333029355e-08,1.4449802095675026e-07,2.3823696679343503e-07,5.3157849718487075e-08
0.9999999994094697,0.0005527785524441057,2.2603251062511995e-06,3.7266388399128017e-06,2.7535687821746045e-05,4.5397852420729034e-05,4.5397852420729034e-05,0.00012339461917113592,0.00020342704657999323,0.00012339461917113592,7.484626298776402e-05,2.7535687821746045e-05,7.484626298776402e-05,2.7535687821746045e-05,4.5397852420729034e-05,1.0129987357628251e-05,2.7535687821746045e-05,4.5397852420729034e-05,0.00020342704657999323,2.7535687821746045e-05,1.6701429809483402e-05
0.9999999928058669,0.1824255149165352,0.11920291732853862,0.6224593312018546,0.7310585786300049,0.9525741264858409,0.9890130584218833,0.997527377056997,0.997527377056997,0.9959298622161507,0.9890130584218833,0.9990889486412498,0.9997965729534201,0.997527377056997,0.99966464996832,0.9994472214475559,0.9994472214475559,0.9990889486412498,0.9994472214475559,0.9994472214475559,0.9984988180062319
0.9999999997210531,0.99966464996832,0.9933071487351834,0.9525741264858409,0.6224593312018546,0.9525741264858409,0.9933071487351834,0.9933071487351834,0.9890130584218833,0.9890130584218833,0.9933071487351834,0.9820137881297458,0.9820137881297458,0.9706877672877217,0.9890130584218833,0.9241418267688302,0.7310585786300049,0.9890130584218833,0.9959298622161507,0.9990889486412498,0.9820137881297458
0.9999999999200804,0.9241418267688302,0.0293122327122782,0.0009110513587503459,0.00020342704657999323,0.0003353500316799018,1.6701429809483402e-05,2.7535687821746045e-05,1.6701429809483402e-05,1.6701429809483402e-05,2.7535687821746045e-05,3.7266388399128017e-06,1.760343003490802e-06,1.067702997323512e-06,3.7266388399128017e-06,6.144177531850823e-06,6.144177531850823e-06,3.7266388399128017e-06,1.0129987357628251e-05,5.043476486929152e-07,8.315279285380714e-07
0.9999999999915765,0.9999986290421394,0.010986941578116867,1.0129987357628251e-05,6.475945666070602e-07,3.9278634073828347e-07,6.825603724121505e-08,1.125351754703302e-07,5.3157849718487075e-08,4.1399375473943306e-08,4.1399375473943306e-08,7.194132978569833e-09,4.363462233903899e-09,7.194132978569833e-09,7.194132978569833e-09,1.522997951276035e-08,7.194132978569833e-09,9.237449576640118e-09,1.955568070542584e-08,1.1861120010657661e-08,1.522997951276035e-08
0.9999999907625504,0.01798621187025419,2.7535687821746045e-05,1.3709578605790399e-06,1.8553914607279396e-07,5.3157849718487075e-08,4.1399375473943306e-08,1.8553914607279396e-07,3.059023363247549e-07,5.3157849718487075e-08,6.825603724121505e-08,3.2241866333029355e-08,1.8553914607279396e-07,1.125351754703302e-07,1.8553914607279396e-07,8.315279285380714e-07,3.059023363247549e-07,1.125351754703302e-07,8.315279285380714e-07,3.059023363247549e-07,1.8553914607279396e-07
0.999999999868235,0.002472622943003016,0.9890130584218833,0.9959298622161507,0.9959298622161507,0.9999546021475793,0.9990889486412498,0.9999832985701905,0.9999546021475793,0.9999251537370122,0.9994472214475559,0.9890130584218833,0.9959298622161507,0.9890130584218833,0.9241418267688302,0.6224593312018546,0.37754066879814546,0.37754066879814546,0.9525741264858409,0.07585817323116975,0.006692851264816553
0.9999999999999656,0.9999999992417439,0.9999999973534264,0.9999999943972036,0.9999999956365377,0.9999999956365377,0.9999999966017321,0.9999999979388463,0.999999998394772,0.9999999907625504,0.9999999928058669,0.9999999943972036,0.9999999928058669,0.9999999943972036,0.9999999956365377,0.9999999847700205,0.9999999928058669,0.9999999956365377,0.9999999956365377,0.9999999956365377,0.9999999928058669
0.9999999987498471,0.006692851264816553,1.3709578605790399e-06,1.8553914607279396e-07,1.4449802095675026e-07,8.315279285380714e-07,1.8553914607279396e-07,2.3823696679343503e-07,8.315279285380714e-07,1.125351754703302e-07,1.8553914607279396e-07,5.3157849718487075e-08,4.1399375473943306e-08,4.1399375473943306e-08,7.194132978569833e-09,3.2241866333029355e-08,2.5109990926928157e-08,3.2241866333029355e-08,5.3157849718487075e-08,5.60279640614594e-09,1.522997951276035e-08
0.999999999868235,0.9999986290421394,0.99999627336116,0.9999994956523514,0.9999986290421394,0.9999996940976636,0.9999994956523514,0.9999994956523514,0.9999986290421394,0.9999938558224682,0.9998766053808288,0.9997965729534201,0.9999251537370122,0.9997965729534201,0.9999251537370122,0.9998766053808288,0.9990889486412498,0.9890130584218833,0.99966464996832,0.9998766053808288,0.9959298622161507
0.99999999999886,0.99999998813888,0.9999998874648245,0.9999996940976636,0.9999994956523514,0.9999994956523514,0.9999991684720715,0.9999991684720715,0.9999994956523514,0.99999627336116,0.9999986290421394,0.9999938558224682,0.9999938558224682,0.9999546021475793,0.9999724643121783,0.9997965729534201,0.9999251537370122,0.9999546021475793,0.9999977396748937,0.9999724643121783,0.9999724643121783
0.999999998394772,0.010986941578116867,0.010986941578116867,0.01798621187025419,0.01798621187025419,0.047425873514159125,0.01798621187025419,0.0293122327122782,0.004070137783849419,0.0015011819937681247,0.004070137783849419,0.0009110513587503459,0.0015011819937681247,0.002472622943003016,0.002472622943003016,0.0015011819937681247,0.0009110513587503459,0.0003353500316799018,0.01798621187025419,0.002472622943003016,0.0015011819937681247
0.9999999997210531,0.37754066879814546,0.1824255149165352,0.11920291732853862,0.5,0.5,0.6224593312018546,0.9706877672877217,0.7310585786300049,0.6224593312018546,0.1824255149165352,0.11920291732853862,0.37754066879814546,0.1824255149165352,0.0293122327122782,0.004070137783849419,0.1824255149165352,0.2689414213699951,0.2689414213699951,0.047425873514159125,0.047425873514159125
0.9999999998973812,0.11920291732853862,0.0003353500316799018,1.6701429809483402e-05,2.2603251062511995e-06,2.2603251062511995e-06,8.315279285380714e-07,1.3709578605790399e-06,6.144177531850823e-06,1.125351754703302e-07,3.059023363247549e-07,1.125351754703302e-07,8.315279285380714e-07,5.043476486929152e-07,6.825603724121505e-08,3.059023363247549e-07,3.059023363247549e-07,8.315279285380714e-07,3.059023363247549e-07,6.825603724121505e-08,6.825603724121505e-08
0.999999999868235,0.9999832985701905,0.9706877672877217,0.0015011819937681247,2.7535687821746045e-05,4.5397852420729034e-05,1.3709578605790399e-06,6.144177531850823e-06,0.00020342704657999323,6.144177531850823e-06,1.0129987357628251e-05,8.315279285380714e-07,2.2603251062511995e-06,1.0129987357628251e-05,1.0129987357628251e-05,3.7266388399128017e-06,3.7266388399128017e-06,1.3709578605790399e-06,3.7266388399128017e-06,1.3709578605790399e-06,8.315279285380714e-07
0.99999998813888,0.997527377056997,0.9820137881297458,0.9241418267688302,0.9706877672877217,0.9984988180062319,0.99966464996832,0.99966464996832,0.9990889486412498,0.9890130584218833,0.9990889486412498,0.9984988180062319,0.9999251537370122,0.99966464996832,0.9998766053808288,0.9990889486412498,0.9998766053808288,0.9998766053808288,0.9999898700126424,0.9999546021475793,0.9999251537370122
0.999999999868235,3.059023363247549e-07,1.3709578605790399e-06,2.2603251062511995e-06,2.2603251062511995e-06,4.5397852420729034e-05,3.7266388399128017e-06,1.0129987357628251e-05,1.6701429809483402e-05,0.0009110513587503459,0.00012339461917113592,4.5397852420729034e-05,0.00012339461917113592,7.484626298776402e-05,0.00012339461917113592,1.6701429809483402e-05,6.144177531850823e-06,2.2603251062511995e-06,1.0129987357628251e-05,6.144177531850823e-06,2.2603251062511995e-06
0.9999999999771028,0.9984988180062319,0.5,0.01798621187025419,0.07585817323116975,0.01798621187025419,0.002472622943003016,0.0015011819937681247,0.0015011819937681247,0.00012339461917113592,7.484626298776402e-05,4.785094494835719e-06,1.3007123813725571e-05,1.0129987357628251e-05,1.0129987357628251e-05,3.7266388399128017e-06,1.6701429809483402e-05,7.889264466933239e-06,0.00020342704657999323,6.144177531850823e-06,3.7266388399128017e-06
0.999999999782756,0.006692851264816553,0.00020342704657999323,0.0009110513587503459,0.0009110513587503459,0.0009110513587503459,0.0015011819937681247,0.0009110513587503459,0.004070137783849419,0.004070137783849419,0.0005527785524441057,0.00012339461917113592,4.5397852420729034e-05,4.5397852420729034e-05,0.00020342704657999323,1.6701429809483402e-05,4.5397852420729034e-05,2.7535687821746045e-05,4.5397852420729034e-05,3.7266388399128017e-06,2.2603251062511995e-06
0.9999999999997455,0.9999999966017321,0.9999999907625504,0.9999999317439628,0.9999996940976636,0.9999994956523514,0.9999998874648245,0.9999994956523514,0.9999994956523514,0.9999546021475793,0.9999977396748937,0.99999627336116,0.9999977396748937,0.99999627336116,0.9999832985701905,0.9999832985701905,0.9999977396748937,0.9999991684720715,0.9999991684720715,0.99999627336116,0.9999994956523514
0.9999999999994615,0.9999999907625504,0.999999974890009,0.999999814460854,0.9999996940976636,0.9999994956523514,0.9999999317439628,0.9999999586006244,0.9999994956523514,0.9999724643121783,0.9999986290421394,0.9999986290421394,0.9999938558224682,0.99999627336116,0.9999898700126424,0.9999898700126424,0.9999977396748937,0.9999977396748937,0.9999991684720715,0.9999938558224682,0.9999898700126424
0.9999999999975866,0.99999998813888,0.9999999928058669,0.99999998813888,0.9999999943972036,0.99999998813888,0.9999999907625504,0.9999999804443193,0.99999998813888,0.99999998813888,0.9999999804443193,0.9999999317439628,0.9999999677581336,0.9999999468421502,0.9999999804443193,0.9999999586006244,0.9999999468421502,0.999999814460854,0.9999999317439628,0.9999996940976636,0.999999855501979
0.9999999999995806,0.9999999992417439,0.9999999907625504,0.9999999586006244,0.9999998874648245,0.9999999317439628,0.999999814460854,0.999999974890009,0.999999974890009,0.9999938558224682,0.9999994956523514,0.9999977396748937,0.9999977396748937,0.99999627336116,0.99999627336116,0.99999627336116,0.9999977396748937,0.9999986290421394,0.9999994956523514,0.9999986290421394,0.9999986290421394
0.999999999996021,0.9999991684720715,0.9999938558224682,0.9994472214475559,0.9820137881297458,0.9890130584218833,0.6224593312018546,0.9933071487351834,0.9994472214475559,0.7310585786300049,0.01798621187025419,0.004070137783849419,0.2689414213699951,0.2689414213699951,0.11920291732853862,0.9706877672877217,0.6224593312018546,0.8175744850834648,0.997527377056997,0.9933071487351834,0.9820137881297458
0.9999999999995806,0.9999999956365377,0.9999999928058669,0.9999999928058669,0.9999999847700205,0.999999974890009,0.9999999907625504,0.9999999907625504,0.9999999943972036,0.9999999847700205,0.9999999586006244,0.9999999586006244,0.999999974890009,0.9999999586006244,0.999999974890009,0.9999998874648245,0.999999814460854,0.9999994956523514,0.9999999317439628,0.9999999317439628,0.9999998874648245
0.999999999782756,0.9999251537370122,0.9241418267688302,0.2689414213699951,0.047425873514159125,0.07585817323116975,0.006692851264816553,0.010986941578116867,0.0293122327122782,0.0293122327122782,0.006692851264816553,0.00020342704657999323,0.0009110513587503459,0.002472622943003016,0.0003353500316799018,0.0005527785524441057,0.0015011819937681247,0.0009110513587503459,0.006692851264816553,1.6701429809483402e-05,0.00012339461917113592
0.9999999995400946,0.9933071487351834,0.9820137881297458,0.997527377056997,0.9984988180062319,0.9984988180062319,0.9990889486412498,0.9994472214475559,0.9997965729534201,0.9994472214475559,0.9984988180062319,0.9933071487351834,0.9959298622161507,0.9820137881297458,0.997527377056997,0.8807970826714614,0.9890130584218833,0.8175744850834648,0.9525741264858409,0.1824255149165352,0.37754066879814546
0.9999999998308102,0.997527377056997,0.9990889486412498,0.9994472214475559,0.99966464996832,0.9999546021475793,0.9999546021475793,0.9999724643121783,0.9999724643121783,0.99966464996832,0.99966464996832,0.9990889486412498,0.9994472214475559,0.99966464996832,0.9999724643121783,0.9997965729534201,0.99966464996832,0.9984988180062319,0.9999251537370122,0.9998766053808288,0.9994472214475559
0.99999998813888,0.7310585786300049,0.9241418267688302,0.9706877672877217,0.9241418267688302,0.9706877672877217,0.9525741264858409,0.9706877672877217,0.9706877672877217,0.9890130584218833,0.9933071487351834,0.9241418267688302,0.9933071487351834,0.9959298622161507,0.9959298622161507,0.9525741264858409,0.9820137881297458,0.8807970826714614,0.9241418267688302,0.6224593312018546,0.9525741264858409
0.9999999999995806,0.9999999804443193,0.9999999966017321,0.9999999973534264,0.9999999966017321,0.9999999966017321,0.9999999928058669,0.9999999943972036,0.9999999973534264,0.9999999928058669,0.9999999317439628,0.9999999847700205,0.9999999956365377,0.999999974890009,0.9999999928058669,0.99999998813888,0.999999974890009,0.9999999907625504,0.9999999943972036,0.9999999956365377,0.9999999956365377
0.9999999999975866,0.9999986290421394,0.9994472214475559,0.9984988180062319,0.9890130584218833,0.9820137881297458,0.9959298622161507,0.9959298622161507,0.9890130584218833,0.2689414213699951,0.37754066879814546,0.01798621187025419,0.047425873514159125,0.004070137783849419,0.004070137783849419,0.004070137783849419,0.010986941578116867,0.0009110513587503459,0.0293122327122782,0.0005527785524441057,0.0005527785524441057
0.9999999994094697,0.9999898700126424,0.9959298622161507,0.9959298622161507,0.9241418267688302,0.7310585786300049,0.2689414213699951,0.8175744850834648,0.8175744850834648,0.11920291732853862,0.5,0.047425873514159125,0.1824255149165352,0.047425873514159125,0.010986941578116867,0.11920291732853862,0.047425873514159125,0.11920291732853862,0.2689414213699951,0.0005527785524441057,0.01798621187025419
0.9999999999981204,0.9999999956365377,0.99999998813888,0.9999999586006244,0.9999999317439628,0.9999999586006244,0.999999814460854,0.9999999317439628,0.9999998874648245,0.9999998874648245,0.9999996940976636,0.9999991684720715,0.9999991684720715,0.9999986290421394,0.9999991684720715,0.99999627336116,0.9999898700126424,0.9999832985701905,0.9999898700126424,0.9999898700126424,0.99966464996832
0.9999999999200804,0.5,2.7535687821746045e-05,1.3709578605790399e-06,3.059023363247549e-07,3.059023363247549e-07,1.125351754703302e-07,1.8553914607279396e-07,1.8553914607279396e-07,1.8553914607279396e-07,1.8553914607279396e-07,3.2241866333029355e-08,4.1399375473943306e-08,6.825603724121505e-08,6.825603724121505e-08,6.825603724121505e-08,2.5109990926928157e-08,2.5109990926928157e-08,3.059023363247549e-07,1.522997951276035e-08,2.5109990926928157e-08
0.9999999928058669,0.8807970826714614,0.8807970826714614,0.1824255149165352,0.0015011819937681247,0.0015011819937681247,0.047425873514159125,0.2689414213699951,0.047425873514159125,0.002472622943003016,0.010986941578116867,0.0003353500316799018,0.004070137783849419,0.0005527785524441057,0.0003353500316799018,0.002472622943003016,0.002472622943003016,0.00020342704657999323,0.0015011819937681247,0.0003353500316799018,0.0009110513587503459
0.99999998813888,0.9706877672877217,0.8175744850834648,0.8175744850834648,0.11920291732853862,0.07585817323116975,0.07585817323116975,0.8175744850834648,0.7310585786300049,0.010986941578116867,0.37754066879814546,0.010986941578116867,0.07585817323116975,0.010986941578116867,0.0005527785524441057,0.0009110513587503459,0.004070137783849419,0.002472622943003016,0.002472622943003016,4.5397852420729034e-05,0.0015011819937681247
0.999999999994891,0.9998766053808288,0.9820137881297458,0.6224593312018546,0.6224593312018546,0.2689414213699951,0.07585817323116975,0.047425873514159125,0.0293122327122782,0.0015011819937681247,0.002472622943003016,7.484626298776402e-05,0.00012339461917113592,7.484626298776402e-05,4.5397852420729034e-05,1.6701429809483402e-05,2.7535687821746045e-05,4.5397852420729034e-05,0.0015011819937681247,2.7535687821746045e-05,4.5397852420729034e-05
0.9999999987498471,0.0003353500316799018,7.484626298776402e-05,0.0005527785524441057,0.0005527785524441057,0.004070137783849419,0.01798621187025419,0.01798621187025419,0.006692851264816553,0.0005527785524441057,0.0005527785524441057,7.484626298776402e-05,0.002472622943003016,0.002472622943003016,0.01798621187025419,0.002472622943003016,0.010986941578116867,0.002472622943003016,0.0293122327122782,0.010986941578116867,0.006692851264816553
0.9999999999996734,0.9999999943972036,0.999999974890009,0.999999974890009,0.999999814460854,0.999999814460854,0.9999994956523514,0.9999986290421394,0.9999977396748937,0.9999832985701905,0.9998766053808288,0.9820137881297458,0.9525741264858409,0.9525741264858409,0.9890130584218833,0.9820137881297458,0.9933071487351834,0.37754066879814546,0.8175744850834648,0.11920291732853862,0.5
0.9999999998308102,0.9984988180062319,0.99966464996832,0.9959298622161507,0.9994472214475559,0.99966464996832,0.99966464996832,0.99966464996832,0.9997965729534201,0.9890130584218833,0.9525741264858409,0.5,0.6224593312018546,0.8175744850834648,0.9525741264858409,0.9525741264858409,0.9820137881297458,0.8175744850834648,0.9933071487351834,0.9820137881297458,0.9525741264858409
0.999999999994891,0.0015011819937681247,2.7535687821746045e-05,1.0129987357628251e-05,3.7266388399128017e-06,1.3709578605790399e-06,3.059023363247549e-07,8.315279285380714e-07,8.315279285380714e-07,5.3157849718487075e-08,5.3157849718487075e-08,7.194132978569833e-09,2.646573631904765e-09,1.6052280526088547e-09,9.736200303530205e-10,3.581747929000289e-10,5.905303995456778e-10,3.581747929000289e-10,2.646573631904765e-09,2.1724399346070676e-10,2.7894680920908113e-10
0.999999999994891,0.9999999847700205,0.9999999317439628,0.9999999317439628,0.9999996940976636,0.9999991684720715,0.9999986290421394,0.9999977396748937,0.9999832985701905,0.9999832985701905,0.9999546021475793,0.9959298622161507,0.9984988180062319,0.99966464996832,0.9990889486412498,0.9959298622161507,0.9706877672877217,0.9241418267688302,0.9984988180062319,0.1824255149165352,0.1824255149165352
0.9999999998308102,0.9999251537370122,0.9999251537370122,0.9999546021475793,0.99966464996832,0.9990889486412498,0.9990889486412498,0.9998766053808288,0.9994472214475559,0.9959298622161507,0.9890130584218833,0.9820137881297458,0.8807970826714614,0.7310585786300049,0.8807970826714614,0.11920291732853862,0.2689414213699951,0.0293122327122782,0.047425873514159125,0.047425873514159125,0.010986941578116867
0.9999999999996734,0.9999999586006244,0.9999999317439628,0.999999855501979,0.9999996940976636,0.9999991684720715,0.9999977396748937,0.9999986290421394,0.9999986290421394,0.9999986290421394,0.9999991684720715,0.99999627336116,0.9999977396748937,0.9999977396748937,0.9999986290421394,0.9999938558224682,0.9999938558224682,0.9999724643121783,0.9999938558224682,0.9998766053808288,0.9999724643121783
0.999999999782756,0.11920291732853862,0.0015011819937681247,0.00012339461917113592,7.484626298776402e-05,4.5397852420729034e-05,6.144177531850823e-06,4.5397852420729034e-05,0.0005527785524441057,1.0129987357628251e-05,1.6701429809483402e-05,2.2603251062511995e-06,2.2603251062511995e-06,2.2603251062511995e-06,1.3709578605790399e-06,1.3709578605790399e-06,2.2603251062511995e-06,2.2603251062511995e-06,2.2603251062511995e-06,1.125351754703302e-07,1.8553914607279396e-07
0.9999999995400946,0.047425873514159125,0.010986941578116867,0.1824255149165352,0.1824255149165352,0.1824255149165352,0.6224593312018546,0.7310585786300049,0.2689414213699951,0.047425873514159125,0.01798621187025419,0.006692851264816553,0.004070137783849419,0.002472622943003016,0.01798621187025419,0.01798621187025419,0.07585817323116975,0.010986941578116867,0.01798621187025419,0.010986941578116867,0.004070137783849419
0.9999999990263799,8.315279285380714e-07,3.2241866333029355e-08,9.237449576640118e-09,2.0611536181902033e-09,2.646573631904765e-09,2.0611536181902033e-09,2.0611536181902033e-09,2.646573631904765e-09,3.3982678079468468e-09,4.363462233903899e-09,1.6052280526088547e-09,2.0611536181902033e-09,1.2501528648238603e-09,7.582560422162384e-10,2.0611536181902033e-09,3.3982678079468468e-09,4.363462233903899e-09,5.60279640614594e-09,3.3982678079468468e-09,2.646573631904765e-09
0.9999938558224682,5.043476486929152e-07,5.043476486929152e-07,1.125351754703302e-07,3.2241866333029355e-08,3.2241866333029355e-08,2.5109990926928157e-08,5.3157849718487075e-08,5.3157849718487075e-08,1.522997951276035e-08,1.522997951276035e-08,4.363462233903899e-09,5.60279640614594e-09,7.194132978569833e-09,7.194132978569833e-09,3.3982678079468468e-09,2.5109990926928157e-08,1.2501528648238603e-09,2.646573631904765e-09,1.2501528648238603e-09,4.363462233903899e-09
0.999999974890009,0.11920291732853862,0.1824255149165352,0.11920291732853862,0.07585817323116975,0.07585817323116975,0.1824255149165352,0.1824255149165352,0.6224593312018546,0.2689414213699951,0.37754066879814546,0.1824255149165352,0.5,0.37754066879814546,0.11920291732853862,0.047425873514159125,0.1824255149165352,0.006692851264816553,0.37754066879814546,0.047425873514159125,0.2689414213699951
0.9999999999996734,0.999999999782756,0.999999999782756,0.9999999994094697,0.9999999992417439,0.9999999994094697,0.9999999994094697,0.9999999987498471,0.9999999987498471,0.9999999907625504,0.9999999907625504,0.9999999847700205,0.9999999943972036,0.9999999943972036,0.9999999907625504,0.9999999847700205,0.9999999847700205,0.9999999943972036,0.9999999973534264,0.9999999907625504,0.9999999943972036
0.99999998813888,1.125351754703302e-07,7.194132978569833e-09,4.363462233903899e-09,1.2501528648238603e-09,1.6052280526088547e-09,1.6052280526088547e-09,5.60279640614594e-09,2.0611536181902033e-09,9.736200303530205e-10,9.736200303530205e-10,7.582560422162384e-10,7.582560422162384e-10,4.599055376537186e-10,1.2501528648238603e-09,1.6052280526088547e-09,7.582560422162384e-10,9.736200303530205e-10,7.582560422162384e-10,9.736200303530205e-10,9.736200303530205e-10
0.9999999996418252,0.9706877672877217,0.5,0.8175744850834648,0.7310585786300049,0.8175744850834648,0.8175744850834648,0.9241418267688302,0.8175744850834648,0.11920291732853862,0.047425873514159125,0.047425873514159125,0.07585817323116975,0.0293122327122782,0.0293122327122782,0.010986941578116867,0.047425873514159125,0.047425873514159125,0.7310585786300049,0.5,0.1824255149165352
0.9999999999999065,0.999999999782756,0.9999999995400946,0.9999999997210531,0.9999999987498471,0.9999999990263799,0.9999999990263799,0.9999999994094697,0.9999999987498471,0.9999999956365377,0.9999999956365377,0.9999999966017321,0.9999999973534264,0.9999999956365377,0.9999999907625504,0.9999999928058669,0.9999999928058669,0.9999999943972036,0.9999999966017321,0.9999999966017321,0.9999999928058669
0.9999999999999065,0.9999999994094697,0.9999999979388463,0.9999999907625504,0.999999814460854,0.9999994956523514,0.9999986290421394,0.999999814460854,0.9999994956523514,0.9999251537370122,0.9999977396748937,0.9999938558224682,0.9999986290421394,0.99999627336116,0.9999724643121783,0.99999627336116,0.9999991684720715,0.9999996940976636,0.9999998874648245,0.9999994956523514,0.9999996940976636
0.9999999973534264,0.047425873514159125,6.144177531850823e-06,2.3823696679343503e-07,8.764248496102855e-08,1.8553914607279396e-07,3.2241866333029355e-08,1.125351754703302e-07,5.043476486929152e-07,8.764248496102855e-08,6.475945666070602e-07,8.764248496102855e-08,3.059023363247549e-07,3.9278634073828347e-07,2.3823696679343503e-07,6.475945666070602e-07,1.8553914607279396e-07,1.4449802095675026e-07,2.9023119851992182e-06,6.475945666070602e-07,3.9278634073828347e-07
0.9999999999975866,0.9999996940976636,0.9999832985701905,0.9999251537370122,0.9999251537370122,0.9990889486412498,0.9890130584218833,0.9820137881297458,0.9933071487351834,0.8807970826714614,0.9525741264858409,0.2689414213699951,0.6224593312018546,0.047425873514159125,0.07585817323116975,0.2689414213699951,0.7310585786300049,0.37754066879814546,0.5,0.002472622943003016,0.006692851264816553
0.9999999999515263,0.9999986290421394,0.9999996940976636,0.9999994956523514,0.9999986290421394,0.9999996940976636,0.9999991684720715,0.9999996940976636,0.9999996940976636,0.9999994956523514,0.9999986290421394,0.99999627336116,0.9999898700126424,0.9999938558224682,0.9999832985701905,0.9999251537370122,0.9998766053808288,0.9997965729534201,0.9999724643121783,0.9999546021475793,0.9994472214475559
0.9999999928058669,3.7266388399128017e-06,5.043476486929152e-07,5.043476486929152e-07,1.3709578605790399e-06,6.144177531850823e-06,1.3709578605790399e-06,2.2603251062511995e-06,2.2603251062511995e-06,5.043476486929152e-07,1.125351754703302e-07,6.825603724121505e-08,1.8553914607279396e-07,1.8553914607279396e-07,3.059023363247549e-07,5.043476486929152e-07,5.043476486929152e-07,1.125351754703302e-07,3.7266388399128017e-06,1.3709578605790399e-06,5.043476486929152e-07
0.999999999996021,0.9999996940976636,0.9997965729534201,0.9241418267688302,0.9525741264858409,0.9959298622161507,0.6224593312018546,0.9959298622161507,0.9994472214475559,0.9959298622161507,0.9525741264858409,0.7310585786300049,0.8175744850834648,0.9933071487351834,0.9241418267688302,0.9820137881297458,0.37754066879814546,0.6224593312018546,0.9890130584218833,0.8175744850834648,0.6224593312018546
0.9999999999821676,0.99966464996832,0.5,0.7310585786300049,0.1824255149165352,0.1824255149165352,0.006692851264816553,0.07585817323116975,0.2689414213699951,0.0009110513587503459,0.01798621187025419,0.004070137783849419,0.01798621187025419,0.006692851264816553,0.0003353500316799018,0.0009110513587503459,0.004070137783849419,0.0009110513587503459,0.002472622943003016,0.00012339461917113592,0.006692851264816553
0.9999999973534264,5.043476486929152e-07,8.315279285380714e-07,5.043476486929152e-07,1.3709578605790399e-06,8.315279285380714e-07,1.0129987357628251e-05,0.00012339461917113592,7.484626298776402e-05,4.5397852420729034e-05,0.00020342704657999323,1.0129987357628251e-05,0.00012339461917113592,1.6701429809483402e-05,2.7535687821746045e-05,2.7535687821746045e-05,7.484626298776402e-05,2.7535687821746045e-05,1.6701429809483402e-05,6.144177531850823e-06,1.0129987357628251e-05
0.9999999999995806,0.9999996940976636,0.9999991684720715,0.9999938558224682,0.9984988180062319,0.9997965729534201,0.9820137881297458,0.9990889486412498,0.9998766053808288,0.9984988180062319,0.8807970826714614,0.37754066879814546,0.9933071487351834,0.9933071487351834,0.9706877672877217,0.9933071487351834,0.9959298622161507,0.997527377056997,0.9999546021475793,0.9959298622161507,0.9997965729534201
0.9999999999996734,0.9999999979388463,0.9999999928058669,0.9999999907625504,0.999999974890009,0.9999999586006244,0.9999999847700205,0.9999999907625504,0.9999999847700205,0.9999999586006244,0.9999999317439628,0.9999999317439628,0.9999999317439628,0.999999814460854,0.999999814460854,0.9999999317439628,0.9999998874648245,0.999999814460854,0.999999974890009,0.999999974890009,0.9999991684720715
0.9999999956365377,0.9890130584218833,0.9890130584218833,0.9959298622161507,0.9820137881297458,0.9820137881297458,0.9525741264858409,0.9241418267688302,0.9890130584218833,0.9706877672877217,0.8175744850834648,0.37754066879814546,0.6224593312018546,0.6224593312018546,0.9706877672877217,0.37754066879814546,0.07585817323116975,0.11920291732853862,0.047425873514159125,0.006692851264816553,0.01798621187025419
0.999999999868235,0.9525741264858409,0.9241418267688302,0.9241418267688302,0.8175744850834648,0.9241418267688302,0.8807970826714614,0.8807970826714614,0.7310585786300049,0.37754066879814546,0.37754066879814546,0.07585817323116975,0.2689414213699951,0.2689414213699951,0.7310585786300049,0.37754066879814546,0.2689414213699951,0.0293122327122782,0.7310585786300049,0.37754066879814546,0.37754066879814546
0.9999999999377585,0.37754066879814546,2.7535687821746045e-05,1.0129987357628251e-05,2.2603251062511995e-06,3.7266388399128017e-06,1.0129987357628251e-05,4.5397852420729034e-05,1.0129987357628251e-05,3.7266388399128017e-06,1.6701429809483402e-05,1.067702997323512e-06,6.144177531850823e-06,1.6701429809483402e-05,6.144177531850823e-06,1.760343003490802e-06,1.760343003490802e-06,3.9278634073828347e-07,4.785094494835719e-06,4.785094494835719e-06,1.3007123813725571e-05
0.9999999999997455,0.9999991684720715,0.9890130584218833,0.9820137881297458,0.8807970826714614,0.9525741264858409,0.7310585786300049,0.8175744850834648,0.7310585786300049,0.0293122327122782,0.5,0.0005527785524441057,0.010986941578116867,0.002472622943003016,0.0005527785524441057,0.0015011819937681247,0.0005527785524441057,0.00020342704657999323,0.0015011819937681247,2.2603251062511995e-06,1.0129987357628251e-05
0.9999999994094697,0.9706877672877217,0.8807970826714614,0.9820137881297458,0.9706877672877217,0.9820137881297458,0.9820137881297458,0.8175744850834648,0.6224593312018546,0.9525741264858409,0.8175744850834648,0.1824255149165352,0.047425873514159125,0.0293122327122782,0.2689414213699951,0.010986941578116867,0.01798621187025419,0.0009110513587503459,0.010986941578116867,0.006692851264816553,0.0003353500316799018
0.9999999999996734,0.9999999586006244,0.9999999317439628,0.9999999317439628,0.9999994956523514,0.99999627336116,0.9999986290421394,0.9999986290421394,0.9999991684720715,0.9999986290421394,0.9999986290421394,0.9999938558224682,0.9999991684720715,0.99999627336116,0.9999977396748937,0.9999832985701905,0.9999938558224682,0.9999546021475793,0.99999627336116,0.9999938558224682,0.9999724643121783
0.9999999999705993,0.9999724643121783,0.9706877672877217,0.9241418267688302,0.8175744850834648,0.9525741264858409,0.8807970826714614,0.9241418267688302,0.8807970826714614,0.7310585786300049,0.37754066879814546,0.07585817323116975,0.6224593312018546,0.8175744850834648,0.9706877672877217,0.7310585786300049,0.8807970826714614,0.9241418267688302,0.9890130584218833,0.9706877672877217,0.7310585786300049
0.9999999586006244,0.37754066879814546,0.002472622943003016,0.0015011819937681247,0.006692851264816553,0.006692851264816553,0.01798621187025419,0.006692851264816553,0.002472622943003016,0.0015011819937681247,0.0009110513587503459,0.0003353500316799018,0.0015011819937681247,0.0015011819937681247,0.002472622943003016,0.004070137783849419,0.004070137783849419,0.004070137783849419,0.11920291732853862,0.006692851264816553,0.006692851264816553
0.9999999847700205,0.010986941578116867,0.002472622943003016,0.004070137783849419,0.002472622943003016,0.010986941578116867,0.010986941578116867,0.006692851264816553,0.002472622943003016,2.7535687821746045e-05,0.0003353500316799018,0.0005527785524441057,0.002472622943003016,0.0005527785524441057,0.00020342704657999323,0.00012339461917113592,0.00012339461917113592,0.00012339461917113592,0.010986941578116867,0.0003353500316799018,0.0015011819937681247
0.9999999999999065,0.9999999995400946,0.9999999847700205,0.9999998874648245,0.9999996940976636,0.9999991684720715,0.9999991684720715,0.9999986290421394,0.9999938558224682,0.9984988180062319,0.9998766053808288,0.9984988180062319,0.9959298622161507,0.9820137881297458,0.8807970826714614,0.8175744850834648,0.9890130584218833,0.9820137881297458,0.9933071487351834,0.9890130584218833,0.9525741264858409
0.9999999999994615,0.999999814460854,0.9999999586006244,0.9999999847700205,0.9999999586006244,0.9999996940976636,0.9999991684720715,0.999999814460854,0.9999996940976636,0.9999994956523514,0.9999991684720715,0.9999994956523514,0.9999998874648245,0.9999998874648245,0.9999996940976636,0.9999996940976636,0.9999996940976636,0.9999996940976636,0.9999999317439628,0.9999998874648245,0.9999999317439628
0.999999999782756,0.99999627336116,0.9999938558224682,0.9999898700126424,0.9999938558224682,0.9999977396748937,0.9999977396748937,0.9999986290421394,0.9999991684720715,0.9999898700126424,0.9999938558224682,0.9999898700126424,0.99999627336116,0.9999724643121783,0.9999546021475793,0.9999832985701905,0.9999251537370122,0.99966464996832,0.9999898700126424,0.9999546021475793,0.9998766053808288
0.999999999868235,0.9999991684720715,0.9999938558224682,0.9999251537370122,0.9998766053808288,0.9999546021475793,0.9999251537370122,0.9998766053808288,0.9999546021475793,0.9990889486412498,0.9998766053808288,0.9959298622161507,0.9990889486412498,0.9984988180062319,0.9959298622161507,0.9933071487351834,0.9959298622161507,0.9933071487351834,0.9820137881297458,0.7310585786300049,0.9820137881297458
0.999999999996021,0.9999898700126424,0.8807970826714614,0.37754066879814546,0.0293122327122782,0.01798621187025419,0.004070137783849419,0.0293122327122782,0.0003353500316799018,2.7535687821746045e-05,0.0015011819937681247,1.0129987357628251e-05,3.7266388399128017e-06,1.0129987357628251e-05,1.0129987357628251e-05,1.6701429809483402e-05,6.144177531850823e-06,2.2603251062511995e-06,4.5397852420729034e-05,1.8553914607279396e-07,8.315279285380714e-07
0.9999999999200804,0.9998766053808288,0.99999627336116,0.9999832985701905,0.9999938558224682,0.99999627336116,0.9999991684720715,0.9999994956523514,0.9999977396748937,0.9999832985701905,0.9999724643121783,0.9998766053808288,0.9999724643121783,0.9999546021475793,0.9999724643121783,0.9999251537370122,0.9999251537370122,0.9999251537370122,0.9999251537370122,0.9997965729534201,0.9994472214475559
0.9999999999994615,0.9999999586006244,0.9999994956523514,0.9999996940976636,0.9999977396748937,0.9999991684720715,0.9999996940976636,0.9999977396748937,0.99999627336116,0.9999977396748937,0.9999938558224682,0.99999627336116,0.9999977396748937,0.9999898700126424,0.9999832985701905,0.9999251537370122,0.9999898700126424,0.9999832985701905,0.9999977396748937,0.9999938558224682,0.99966464996832
0.9999999999981204,0.9999994956523514,0.9999938558224682,0.99966464996832,0.9820137881297458,0.9820137881297458,0.1824255149165352,0.9706877672877217,0.9984988180062319,0.2689414213699951,0.0293122327122782,0.006692851264816553,0.047425873514159125,0.006692851264816553,0.01798621187025419,0.1824255149165352,0.1824255149165352,0.11920291732853862,0.8807970826714614,0.9241418267688302,0.6224593312018546
0.9999999998308102,0.9999251537370122,0.9999898700126424,0.99999627336116,0.99999627336116,0.9999938558224682,0.9999898700126424,0.9999977396748937,0.9999977396748937,0.9999832985701905,0.9999724643121783,0.9999251537370122,0.9999724643121783,0.9999251537370122,0.9999546021475793,0.9984988180062319,0.9994472214475559,0.9959298622161507,0.99966464996832,0.99966464996832,0.9984988180062319
0.9999999966017321,4.5397852420729034e-05,6.144177531850823e-06,2.2603251062511995e-06,1.0129987357628251e-05,1.0129987357628251e-05,7.484626298776402e-05,0.0003353500316799018,0.0005527785524441057,0.0005527785524441057,0.0009110513587503459,0.0005527785524441057,0.004070137783849419,0.00020342704657999323,0.0005527785524441057,0.00020342704657999323,0.006692851264816553,7.484626298776402e-05,0.004070137783849419,0.0003353500316799018,0.00020342704657999323
0.9999999999969011,0.9999724643121783,0.1824255149165352,0.0015011819937681247,4.5397852420729034e-05,4.5397852420729034e-05,6.475945666070602e-07,0.00012339461917113592,7.484626298776402e-05,3.9278634073828347e-07,6.144177531850823e-06,5.3157849718487075e-08,8.315279285380714e-07,8.315279285380714e-07,6.475945666070602e-07,1.3709578605790399e-06,2.2603251062511995e-06,1.3709578605790399e-06,7.484626298776402e-05,2.2603251062511995e-06,4.5397852420729034e-05
0.9999999999998019,0.9999999979388463,0.9999998874648245,0.9999994956523514,0.99999627336116,0.99999627336116,0.9999991684720715,0.9999938558224682,0.9999546021475793,0.9997965729534201,0.9959298622161507,0.9525741264858409,0.9890130584218833,0.8807970826714614,0.6224593312018546,0.2689414213699951,0.8807970826714614,0.9241418267688302,0.9984988180062319,0.7310585786300049,0.8175744850834648
0.9999999999999432,0.9999999677581336,0.999999974890009,0.9999999586006244,0.999999814460854,0.9999998874648245,0.999999814460854,0.9999999847700205,0.9999999586006244,0.999999814460854,0.999999814460854,0.9999938558224682,0.9999994956523514,0.9999998874648245,0.9999996940976636,0.9999996940976636,0.999999814460854,0.999999814460854,0.9999999586006244,0.999999814460854,0.999999814460854
0.9999999847700205,0.7310585786300049,0.01798621187025419,4.5397852420729034e-05,3.7266388399128017e-06,3.7266388399128017e-06,2.3823696679343503e-07,3.7266388399128017e-06,1.6701429809483402e-05,8.315279285380714e-07,1.3709578605790399e-06,8.764248496102855e-08,5.043476486929152e-07,5.043476486929152e-07,1.8553914607279396e-07,1.3709578605790399e-06,6.144177531850823e-06,3.7266388399128017e-06,6.144177531850823e-06,8.315279285380714e-07,1.3709578605790399e-06
0.999999999996021,0.9999999943972036,0.9999999847700205,0.9999999847700205,0.9999999847700205,0.9999999943972036,0.9999999966017321,0.9999999966017321,0.9999999928058669,0.999999974890009,0.9999999586006244,0.9999999586006244,0.9999999586006244,0.9999999317439628,0.999999974890009,0.9999999317439628,0.999999814460854,0.9999994956523514,0.9999999317439628,0.9999999317439628,0.9999996940976636
0.9999999943972036,0.0005527785524441057,2.7535687821746045e-05,2.2603251062511995e-06,8.315279285380714e-07,1.125351754703302e-07,6.825603724121505e-08,3.059023363247549e-07,1.8553914607279396e-07,8.764248496102855e-08,6.825603724121505e-08,2.5109990926928157e-08,6.825603724121505e-08,4.1399375473943306e-08,4.1399375473943306e-08,6.825603724121505e-08,1.8553914607279396e-07,5.3157849718487075e-08,1.125351754703302e-07,1.522997951276035e-08,6.825603724121505e-08
0.9999999847700205,0.0009110513587503459,0.00012339461917113592,1.0129987357628251e-05,6.144177531850823e-06,1.0129987357628251e-05,8.315279285380714e-07,1.6701429809483402e-05,4.5397852420729034e-05,8.315279285380714e-07,1.6701429809483402e-05,3.7266388399128017e-06,1.0129987357628251e-05,4.5397852420729034e-05,1.0129987357628251e-05,2.7535687821746045e-05,7.484626298776402e-05,1.6701429809483402e-05,0.0003353500316799018,4.5397852420729034e-05,1.6701429809483402e-05
0.9999999998973812,0.9999724643121783,0.37754066879814546,0.004070137783849419,0.002472622943003016,0.002472622943003016,0.00012339461917113592,0.0015011819937681247,0.006692851264816553,0.0003353500316799018,0.0005527785524441057,1.6701429809483402e-05,0.00012339461917113592,4.5397852420729034e-05,0.00012339461917113592,0.0003353500316799018,0.0015011819937681247,0.0015011819937681247,0.010986941578116867,0.0003353500316799018,0.0009110513587503459
0.9999999999975866,0.9999977396748937,0.9999546021475793,0.9998766053808288,0.9997965729534201,0.9994472214475559,0.9999832985701905,0.9933071487351834,0.9990889486412498,0.9525741264858409,0.8807970826714614,0.37754066879814546,0.7310585786300049,0.11920291732853862,0.0293122327122782,0.01798621187025419,0.07585817323116975,0.006692851264816553,0.37754066879814546,0.0003353500316799018,0.006692851264816553
0.9999999998973812,0.9984988180062319,0.9994472214475559,0.9997965729534201,0.9933071487351834,0.9959298622161507,0.9990889486412498,0.9999251537370122,0.99966464996832,0.9959298622161507,0.9984988180062319,0.9933071487351834,0.9959298622161507,0.997527377056997,0.9990889486412498,0.9241418267688302,0.9890130584218833,0.9525741264858409,0.9820137881297458,0.9525741264858409,0.9241418267688302
0.999999999989184,0.9933071487351834,0.010986941578116867,0.0005527785524441057,0.0009110513587503459,0.0015011819937681247,0.0009110513587503459,0.004070137783849419,0.047425873514159125,0.0293122327122782,0.0293122327122782,0.0009110513587503459,0.004070137783849419,0.002472622943003016,0.002472622943003016,0.0005527785524441057,0.0003353500316799018,0.0005527785524441057,0.006692851264816553,0.00020342704657999323,0.00020342704657999323
0.999999999996021,0.9999991684720715,0.997527377056997,0.9820137881297458,0.01798621187025419,0.047425873514159125,0.00020342704657999323,4.5397852420729034e-05,0.0005527785524441057,1.0129987357628251e-05,1.0129987357628251e-05,2.2603251062511995e-06,3.9278634073828347e-07,8.315279285380714e-07,2.3823696679343503e-07,6.475945666070602e-07,8.315279285380714e-07,2.3823696679343503e-07,3.059023363247549e-07,9.237449576640118e-09,3.059023363247549e-07
0.9999999987498471,6.144177531850823e-06,5.3157849718487075e-08,2.5109990926928157e-08,9.237449576640118e-09,1.955568070542584e-08,1.1861120010657661e-08,3.2241866333029355e-08,1.1861120010657661e-08,2.646573631904765e-09,7.194132978569833e-09,2.0611536181902033e-09,4.363462233903899e-09,2.0611536181902033e-09,2.646573631904765e-09,1.1861120010657661e-08,3.3982678079468468e-09,2.646573631904765e-09,9.237449576640118e-09,5.60279640614594e-09,9.237449576640118e-09
0.9999999999999065,0.9999999804443193,0.9999998874648245,0.9999998874648245,0.999999814460854,0.9999999317439628,0.9999999317439628,0.9999998874648245,0.9999998874648245,0.9999996940976636,0.999999814460854,0.9999994956523514,0.9999991684720715,0.99999627336116,0.9999938558224682,0.9999898700126424,0.9999898700126424,0.9999832985701905,0.9999991684720715,0.9999898700126424,0.9999898700126424
0.9999999999934397,0.9997965729534201,0.8807970826714614,0.5,0.006692851264816553,0.00020342704657999323,1.0129987357628251e-05,4.5397852420729034e-05,7.484626298776402e-05,6.475945666070602e-07,3.7266388399128017e-06,2.2603251062511995e-06,2.2603251062511995e-06,3.7266388399128017e-06,5.043476486929152e-07,1.3709578605790399e-06,8.315279285380714e-07,2.3823696679343503e-07,8.315279285380714e-07,3.059023363247549e-07,6.144177531850823e-06
0.9999999995400946,0.006692851264816553,0.0003353500316799018,0.0003353500316799018,0.00012339461917113592,0.0015011819937681247,0.002472622943003016,0.0005527785524441057,0.00012339461917113592,7.484626298776402e-05,0.00012339461917113592,4.5397852420729034e-05,7.484626298776402e-05,2.7535687821746045e-05,2.7535687821746045e-05,1.6701429809483402e-05,1.0129987357628251e-05,1.6701429809483402e-05,0.00012339461917113592,0.00012339461917113592,4.5397852420729034e-05
0.999999999986112,0.047425873514159125,0.006692851264816553,0.0003353500316799018,7.484626298776402e-05,0.00012339461917113592,3.7266388399128017e-06,1.6701429809483402e-05,4.5397852420729034e-05,3.7266388399128017e-06,1.0129987357628251e-05,1.067702997323512e-06,1.4449802095675026e-07,3.9278634073828347e-07,5.043476486929152e-07,1.3709578605790399e-06,1.3709578605790399e-06,3.059023363247549e-07,3.7266388399128017e-06,2.3823696679343503e-07,5.043476486929152e-07
0.9999999999998457,0.9999996940976636,0.9999994956523514,0.9999898700126424,0.9999832985701905,0.9999986290421394,0.9999938558224682,0.9999994956523514,0.9999991684720715,0.9994472214475559,0.9999996940976636,0.9999938558224682,0.99999627336116,0.9999977396748937,0.99999627336116,0.9999991684720715,0.9999991684720715,0.9999991684720715,0.9999994956523514,0.9999977396748937,0.9999991684720715
0.999999999994891,0.9999991684720715,0.9999251537370122,0.9999832985701905,0.9241418267688302,0.8807970826714614,0.37754066879814546,0.047425873514159125,0.07585817323116975,0.0003353500316799018,0.002472622943003016,0.00012339461917113592,7.484626298776402e-05,7.484626298776402e-05,1.0129987357628251e-05,6.144177531850823e-06,0.00020342704657999323,6.144177531850823e-06,0.0003353500316799018,2.7535687821746045e-05,1.6701429809483402e-05
0.999999999868235,0.9999938558224682,0.9984988180062319,0.8807970826714614,0.7310585786300049,0.11920291732853862,0.07585817323116975,0.1824255149165352,0.11920291732853862,0.0005527785524441057,0.006692851264816553,0.0009110513587503459,0.002472622943003016,0.002472622943003016,0.006692851264816553,0.0015011819937681247,0.0003353500316799018,0.00020342704657999323,0.0003353500316799018,6.144177531850823e-06,1.6701429809483402e-05
0.9999999999991123,0.9999999966017321,0.9999998874648245,0.9999998874648245,0.9999991684720715,0.9999898700126424,0.9999938558224682,0.9999546021475793,0.99966464996832,0.9706877672877217,0.9890130584218833,0.5,0.8175744850834648,0.07585817323116975,0.11920291732853862,0.2689414213699951,0.5,0.5,0.9241418267688302,0.1824255149165352,0.37754066879814546
0.9999999966017321,0.11920291732853862,6.144177531850823e-06,5.043476486929152e-07,1.125351754703302e-07,1.8553914607279396e-07,4.1399375473943306e-08,1.8553914607279396e-07,5.043476486929152e-07,4.1399375473943306e-08,5.043476486929152e-07,5.3157849718487075e-08,1.3709578605790399e-06,3.059023363247549e-07,1.125351754703302e-07,5.043476486929152e-07,5.043476486929152e-07,2.3823696679343503e-07,2.2603251062511995e-06,2.3823696679343503e-07,3.059023363247549e-07
0.999999998394772,0.0293122327122782,0.0293122327122782,0.8175744850834648,0.8807970826714614,0.9706877672877217,0.9984988180062319,0.997527377056997,0.9890130584218833,0.9998766053808288,0.9998766053808288,0.9998766053808288,0.9998766053808288,0.9999251537370122,0.9999832985701905,0.9999251537370122,0.9999832985701905,0.9998766053808288,0.99966464996832,0.9999724643121783,0.9999832985701905
0.9999999999915765,0.9999994956523514,0.997527377056997,0.9959298622161507,0.8807970826714614,0.37754066879814546,0.2689414213699951,0.37754066879814546,0.07585817323116975,0.010986941578116867,0.0005527785524441057,1.6701429809483402e-05,7.484626298776402e-05,4.5397852420729034e-05,4.5397852420729034e-05,1.0129987357628251e-05,6.144177531850823e-06,1.3709578605790399e-06,3.7266388399128017e-06,2.2603251062511995e-06,1.760343003490802e-06
0.9999999966017321,0.8175744850834648,0.0015011819937681247,0.004070137783849419,0.004070137783849419,0.0015011819937681247,0.0015011819937681247,0.00020342704657999323,0.0005527785524441057,0.00012339461917113592,4.5397852420729034e-05,0.00012339461917113592,0.0005527785524441057,0.0005527785524441057,0.006692851264816553,0.004070137783849419,0.0005527785524441057,0.00020342704657999323,0.002472622943003016,0.0009110513587503459,0.0015011819937681247
0.9999999999998799,0.9999999907625504,0.9999998874648245,0.999999814460854,0.9999994956523514,0.9999998874648245,0.9999991684720715,0.9999938558224682,0.9999938558224682,0.9999724643121783,0.9999251537370122,0.9706877672877217,0.9820137881297458,0.8807970826714614,0.2689414213699951,0.9820137881297458,0.8175744850834648,0.7310585786300049,0.9525741264858409,0.07585817323116975,0.2689414213699951
0.9999999999993086,0.9999999804443193,0.9999999677581336,0.9999999317439628,0.9999998874648245,0.9999996940976636,0.9999996940976636,0.9999998874648245,0.999999814460854,0.9999994956523514,0.9999986290421394,0.9999986290421394,0.999999814460854,0.9999991684720715,0.9999986290421394,0.9999991684720715,0.9999986290421394,0.9999994956523514,0.9999998874648245,0.9999986290421394,0.999999814460854
0.9999999999991123,0.9999999468421502,0.999999974890009,0.9999999317439628,0.999999974890009,0.9999999317439628,0.9999991684720715,0.999999814460854,0.9999999317439628,0.9999977396748937,0.9999898700126424,0.9999938558224682,0.9999724643121783,0.9999938558224682,0.9999898700126424,0.9999938558224682,0.9999724643121783,0.9998766053808288,0.99999627336116,0.9998766053808288,0.9998766053808288
0.9999999999996734,0.9999999943972036,0.9999999586006244,0.9999998874648245,0.9999991684720715,0.99999627336116,0.9999994956523514,0.9999994956523514,0.9999977396748937,0.9998766053808288,0.9999898700126424,0.9999724643121783,0.9999938558224682,0.9999546021475793,0.9999251537370122,0.9999251537370122,0.9998766053808288,0.9999898700126424,0.9999724643121783,0.9994472214475559,0.99999627336116
0.9999999999991123,0.0003353500316799018,1.3709578605790399e-06,1.4449802095675026e-07,1.8553914607279396e-07,6.825603724121505e-08,5.60279640614594e-09,1.955568070542584e-08,1.1861120010657661e-08,1.6052280526088547e-09,2.0611536181902033e-09,9.736200303530205e-10,7.582560422162384e-10,1.6052280526088547e-09,1.2501528648238603e-09,7.582560422162384e-10,5.905303995456778e-10,7.582560422162384e-10,1.2501528648238603e-09,1.2501528648238603e-09,1.2501528648238603e-09
0.9999999999995806,0.9999999317439628,0.9999998874648245,0.999999814460854,0.9999986290421394,0.99999627336116,0.99999627336116,0.9999986290421394,0.9999986290421394,0.9999991684720715,0.99999627336116,0.9999724643121783,0.9999898700126424,0.9999898700126424,0.9999938558224682,0.9999898700126424,0.9999938558224682,0.9998766053808288,0.9999898700126424,0.9999938558224682,0.9999832985701905
0.999999999994891,0.997527377056997,0.00012339461917113592,3.9278634073828347e-07,1.8553914607279396e-07,3.2241866333029355e-08,5.60279640614594e-09,4.1399375473943306e-08,5.3157849718487075e-08,4.363462233903899e-09,9.237449576640118e-09,1.6052280526088547e-09,3.3982678079468468e-09,4.363462233903899e-09,2.0611536181902033e-09,2.0611536181902033e-09,2.0611536181902033e-09,2.646573631904765e-09,5.60279640614594e-09,9.237449576640118e-09,7.194132978569833e-09
0.9999999999999731,0.9999999317439628,0.9999999943972036,0.9999999979388463,0.9999999973534264,0.9999999956365377,0.9999999956365377,0.9999999943972036,0.9999999973534264,0.9999999979388463,0.9999999943972036,0.9999999979388463,0.9999999966017321,0.9999999928058669,0.9999999973534264,0.9999999956365377,0.9999999943972036,0.9999999966017321,0.9999999943972036,0.9999999907625504,0.9999999966017321
0.999999999996021,0.999999974890009,0.999999974890009,0.9999998874648245,0.9999996940976636,0.9999998874648245,0.999999814460854,0.9999999317439628,0.9999999586006244,0.9999998874648245,0.9999996940976636,0.9999986290421394,0.9999996940976636,0.9999977396748937,0.9999986290421394,0.9999898700126424,0.9999898700126424,0.9999832985701905,0.9999938558224682,0.9999546021475793,0.9994472214475559
0.9999999999997455,0.9999999907625504,0.9999999317439628,0.9999996940976636,0.9999994956523514,0.9999999317439628,0.9999998874648245,0.999999855501979,0.9999999123575151,0.9999998874648245,0.9999998874648245,0.9999994956523514,0.9999996940976636,0.9999996940976636,0.999999814460854,0.9999996940976636,0.9999998874648245,0.999999855501979,0.9999998874648245,0.999999814460854,0.999999814460854
0.9999999999200804,0.9933071487351834,0.997527377056997,0.9990889486412498,0.9990889486412498,0.997527377056997,0.9984988180062319,0.9990889486412498,0.9990889486412498,0.9525741264858409,0.8175744850834648,0.2689414213699951,0.8175744850834648,0.8175744850834648,0.6224593312018546,0.5,0.5,0.07585817323116975,0.6224593312018546,0.6224593312018546,0.6224593312018546
0.999999999989184,0.9999977396748937,0.9820137881297458,0.9994472214475559,0.9706877672877217,0.5,0.1824255149165352,0.1824255149165352,0.2689414213699951,0.0009110513587503459,0.004070137783849419,1.6701429809483402e-05,0.00020342704657999323,0.00012339461917113592,4.5397852420729034e-05,1.6701429809483402e-05,4.5397852420729034e-05,6.144177531850823e-06,0.00020342704657999323,1.3709578605790399e-06,6.144177531850823e-06
0.9999999999994615,0.9999977396748937,0.9997965729534201,0.9999724643121783,0.9998766053808288,0.9998766053808288,0.9997965729534201,0.9999546021475793,0.9999898700126424,0.9933071487351834,0.9890130584218833,0.2689414213699951,0.8807970826714614,0.5,0.01798621187025419,0.11920291732853862,0.37754066879814546,0.11920291732853862,0.37754066879814546,0.0293122327122782,0.047425873514159125
0.9999999999377585,0.01798621187025419,0.0003353500316799018,0.00020342704657999323,2.7535687821746045e-05,1.6701429809483402e-05,6.144177531850823e-06,0.00020342704657999323,0.0003353500316799018,2.7535687821746045e-05,7.484626298776402e-05,6.144177531850823e-06,4.5397852420729034e-05,7.484626298776402e-05,2.7535687821746045e-05,2.7535687821746045e-05,1.6701429809483402e-05,1.0129987357628251e-05,0.0003353500316799018,4.5397852420729034e-05,2.7535687821746045e-05
0.9999999997210531,0.9999986290421394,0.6224593312018546,0.5,0.1824255149165352,0.11920291732853862,0.010986941578116867,0.11920291732853862,0.5,0.01798621187025419,0.0293122327122782,0.002472622943003016,0.004070137783849419,0.07585817323116975,0.11920291732853862,0.37754066879814546,0.11920291732853862,0.01798621187025419,0.37754066879814546,0.11920291732853862,0.01798621187025419
0.999999999782756,0.99999627336116,0.9994472214475559,0.9959298622161507,0.9706877672877217,0.9990889486412498,0.9890130584218833,0.9933071487351834,0.997527377056997,0.9241418267688302,0.997527377056997,0.9241418267688302,0.9525741264858409,0.9706877672877217,0.8175744850834648,0.9525741264858409,0.9706877672877217,0.8807970826714614,0.9890130584218833,0.37754066879814546,0.8175744850834648
0.999999999989184,0.9999998874648245,0.9998766053808288,0.9994472214475559,0.9706877672877217,0.9241418267688302,0.9525741264858409,0.9525741264858409,0.9933071487351834,0.9241418267688302,0.8175744850834648,0.2689414213699951,0.9241418267688302,0.9525741264858409,0.8175744850834648,0.8175744850834648,0.9241418267688302,0.9820137881297458,0.9890130584218833,0.37754066879814546,0.2689414213699951
0.9999999995400946,0.9984988180062319,0.9890130584218833,0.9890130584218833,0.9959298622161507,0.9990889486412498,0.9984988180062319,0.997527377056997,0.9990889486412498,0.9990889486412498,0.99966464996832,0.9820137881297458,0.9984988180062319,0.9959298622161507,0.9994472214475559,0.997527377056997,0.9990889486412498,0.9984988180062319,0.9990889486412498,0.9525741264858409,0.6224593312018546
0.9999999990263799,0.9999898700126424,0.997527377056997,0.9933071487351834,0.9933071487351834,0.9990889486412498,0.9959298622161507,0.9933071487351834,0.9241418267688302,0.5,0.8175744850834648,0.8807970826714614,0.9890130584218833,0.9820137881297458,0.9890130584218833,0.9890130584218833,0.9933071487351834,0.9890130584218833,0.9959298622161507,0.9959298622161507,0.997527377056997
0.9999999999996734,0.9999999586006244,0.9999998874648245,0.9999996940976636,0.9999986290421394,0.9999977396748937,0.9999977396748937,0.9999991684720715,0.9999977396748937,0.9999938558224682,0.9999898700126424,0.9999938558224682,0.9999986290421394,0.9999977396748937,0.9999977396748937,0.9999898700126424,0.9999832985701905,0.9999898700126424,0.9999977396748937,0.9999724643121783,0.9999724643121783
0.9999999995400946,4.5397852420729034e-05,0.0005527785524441057,0.0005527785524441057,0.0015011819937681247,0.0015011819937681247,0.002472622943003016,0.004070137783849419,0.0015011819937681247,0.0293122327122782,0.010986941578116867,0.004070137783849419,0.01798621187025419,0.006692851264816553,0.004070137783849419,0.002472622943003016,0.0009110513587503459,0.0015011819937681247,0.0015011819937681247,0.0005527785524441057,0.00020342704657999323
0.9999999979388463,2.2603251062511995e-06,1.522997951276035e-08,7.194132978569833e-09,7.194132978569833e-09,9.237449576640118e-09,4.363462233903899e-09,1.1861120010657661e-08,1.522997951276035e-08,5.60279640614594e-09,3.2241866333029355e-08,5.60279640614594e-09,5.60279640614594e-09,5.60279640614594e-09,4.363462233903899e-09,1.1861120010657661e-08,1.1861120010657661e-08,1.522997951276035e-08,5.3157849718487075e-08,4.1399375473943306e-08,6.825603724121505e-08
0.9999999999999065,0.9999999804443193,0.9999999847700205,0.9999999677581336,0.9999999677581336,0.9999999847700205,0.9999999468421502,0.9999999586006244,0.9999999907625504,0.999999974890009,0.9999999677581336,0.9999999317439628,0.9999999317439628,0.9999999317439628,0.999999974890009,0.9999999804443193,0.9999999804443193,0.9999999586006244,0.99999998813888,0.9999999468421502,0.9999999677581336
0.9999999847700205,0.0003353500316799018,2.7535687821746045e-05,2.7535687821746045e-05,2.7535687821746045e-05,1.6701429809483402e-05,4.5397852420729034e-05,7.484626298776402e-05,0.00012339461917113592,0.00020342704657999323,0.00012339461917113592,1.6701429809483402e-05,2.7535687821746045e-05,4.5397852420729034e-05,7.484626298776402e-05,1.6701429809483402e-05,4.5397852420729034e-05,2.7535687821746045e-05,7.484626298776402e-05,6.144177531850823e-06,2.2603251062511995e-06
0.9999999996418252,0.0003353500316799018,0.0003353500316799018,0.0005527785524441057,0.010986941578116867,0.0293122327122782,0.047425873514159125,0.5,0.07585817323116975,0.5,0.11920291732853862,0.5,0.6224593312018546,0.047425873514159125,0.2689414213699951,0.047425873514159125,0.07585817323116975,0.1824255149165352,0.1824255149165352,0.11920291732853862,0.010986941578116867
0.9999999998308102,0.9984988180062319,0.9525741264858409,0.6224593312018546,0.7310585786300049,0.9890130584218833,0.8807970826714614,0.8175744850834648,0.8175744850834648,0.5,0.8175744850834648,0.9820137881297458,0.9933071487351834,0.9933071487351834,0.9933071487351834,0.9820137881297458,0.9959298622161507,0.9933071487351834,0.997527377056997,0.9933071487351834,0.9890130584218833
0.9999996940976636,0.0003353500316799018,4.5397852420729034e-05,3.7266388399128017e-06,3.9278634073828347e-07,3.059023363247549e-07,3.9278634073828347e-07,6.475945666070602e-07,5.043476486929152e-07,6.825603724121505e-08,6.825603724121505e-08,2.5109990926928157e-08,6.825603724121505e-08,1.955568070542584e-08,1.955568070542584e-08,5.3157849718487075e-08,1.125351754703302e-07,1.522997951276035e-08,2.5109990926928157e-08,2.5109990926928157e-08,3.2241866333029355e-08
0.9999999999915765,0.9999251537370122,0.5,0.11920291732853862,0.01798621187025419,0.047425873514159125,0.2689414213699951,0.5,0.37754066879814546,0.2689414213699951,0.37754066879814546,0.07585817323116975,0.11920291732853862,0.11920291732853862,0.0293122327122782,0.01798621187025419,0.37754066879814546,0.01798621187025419,0.11920291732853862,0.11920291732853862,0.11920291732853862
0.9999999999915765,0.9999991684720715,0.9999251537370122,0.9997965729534201,0.9959298622161507,0.9241418267688302,0.8807970826714614,0.7310585786300049,0.1824255149165352,0.0293122327122782,0.0293122327122782,0.002472622943003016,0.006692851264816553,0.0003353500316799018,0.0015011819937681247,0.0003353500316799018,0.0009110513587503459,0.0003353500316799018,0.002472622943003016,4.5397852420729034e-05,0.00012339461917113592
0.9999999996418252,0.11920291732853862,0.11920291732853862,0.006692851264816553,0.002472622943003016,0.006692851264816553,0.0015011819937681247,0.002472622943003016,0.010986941578116867,0.002472622943003016,0.0003353500316799018,0.0003353500316799018,0.0005527785524441057,0.0005527785524441057,0.00020342704657999323,0.00012339461917113592,7.484626298776402e-05,7.484626298776402e-05,0.00012339461917113592,4.5397852420729034e-05,2.7535687821746045e-05
0.9999999999969011,0.9999898700126424,0.7310585786300049,0.7310585786300049,0.010986941578116867,0.010986941578116867,0.0005527785524441057,0.00012339461917113592,7.484626298776402e-05,3.7266388399128017e-06,2.7535687821746045e-05,1.3709578605790399e-06,1.067702997323512e-06,2.9023119851992182e-06,3.9278634073828347e-07,1.067702997323512e-06,5.043476486929152e-07,2.3823696679343503e-07,2.2603251062511995e-06,6.825603724121505e-08,2.3823696679343503e-07
0.9999999998308102,0.99966464996832,0.9984988180062319,0.9890130584218833,0.997527377056997,0.9990889486412498,0.9994472214475559,0.9984988180062319,0.9959298622161507,0.9994472214475559,0.997527377056997,0.8807970826714614,0.8175744850834648,0.8807970826714614,0.8807970826714614,0.1824255149165352,0.2689414213699951,0.11920291732853862,0.5,0.11920291732853862,0.2689414213699951
0.999999999989184,0.9999832985701905,0.11920291732853862,2.7535687821746045e-05,1.6701429809483402e-05,0.00012339461917113592,4.5397852420729034e-05,7.484626298776402e-05,0.0009110513587503459,0.0003353500316799018,0.0015011819937681247,4.5397852420729034e-05,0.00020342704657999323,0.0005527785524441057,0.006692851264816553,0.11920291732853862,0.07585817323116975,0.010986941578116867,0.37754066879814546,0.2689414213699951,0.01798621187025419
0.9999999997210531,0.9997965729534201,0.9706877672877217,0.9525741264858409,0.9525741264858409,0.9890130584218833,0.9241418267688302,0.9933071487351834,0.9706877672877217,0.8807970826714614,0.9820137881297458,0.9890130584218833,0.9959298622161507,0.9820137881297458,0.9933071487351834,0.9933071487351834,0.9990889486412498,0.9984988180062319,0.9997965729534201,0.9994472214475559,0.9959298622161507
0.9999999956365377,0.2689414213699951,0.6224593312018546,0.8175744850834648,0.37754066879814546,0.2689414213699951,0.1824255149165352,0.11920291732853862,0.6224593312018546,0.6224593312018546,0.8175744850834648,0.11920291732853862,0.2689414213699951,0.1824255149165352,0.5,0.2689414213699951,0.07585817323116975,0.0293122327122782,0.07585817323116975,0.004070137783849419,0.004070137783849419
0.9999999998308102,0.99966464996832,0.997527377056997,0.9241418267688302,0.11920291732853862,0.0293122327122782,0.11920291732853862,0.6224593312018546,0.6224593312018546,0.6224593312018546,0.37754066879814546,0.1824255149165352,0.37754066879814546,0.37754066879814546,0.7310585786300049,0.5,0.1824255149165352,0.07585817323116975,0.11920291732853862,0.047425873514159125,0.07585817323116975
0.9999999999999558,0.9999999966017321,0.9999999847700205,0.999999974890009,0.9999999586006244,0.9999999586006244,0.999999974890009,0.999999974890009,0.9999999907625504,0.999999974890009,0.999999974890009,0.999999814460854,0.999999814460854,0.9999998874648245,0.9999999317439628,0.9999999586006244,0.9999999586006244,0.9999999586006244,0.9999999847700205,0.9999999586006244,0.9999999586006244
0.9999999999998457,0.9999999943972036,0.999999998394772,0.9999999992417439,0.999999998394772,0.9999999987498471,0.9999999992417439,0.9999999987498471,0.9999999994094697,0.9999999990263799,0.9999999979388463,0.9999999907625504,0.9999999973534264,0.9999999966017321,0.9999999979388463,0.9999999956365377,0.9999999966017321,0.9999999956365377,0.9999999966017321,0.9999999956365377,0.9999999928058669
0.9999999999975866,0.9999999995400946,0.9999999943972036,0.999999974890009,0.9999998874648245,0.999999814460854,0.9999996940976636,0.999999814460854,0.999999814460854,0.9999991684720715,0.999999814460854,0.9999991684720715,0.9999996940976636,0.9999991684720715,0.9999991684720715,0.9999994956523514,0.9999991684720715,0.9999991684720715,0.9999991684720715,0.9999938558224682,0.9999991684720715
0.99999999999886,0.9999991684720715,0.9820137881297458,0.11920291732853862,0.010986941578116867,0.01798621187025419,0.004070137783849419,0.004070137783849419,0.0015011819937681247,1.6701429809483402e-05,1.6701429809483402e-05,1.760343003490802e-06,7.484626298776402e-05,1.0129987357628251e-05,3.059023363247549e-07,8.315279285380714e-07,6.475945666070602e-07,3.7266388399128017e-06,7.484626298776402e-05,5.043476486929152e-07,1.0129987357628251e-05
0.9999999999999656,0.9999999990263799,0.9999999943972036,0.9999999907625504,0.9999999586006244,0.999999974890009,0.9999999317439628,0.9999999847700205,0.9999999847700205,0.9999986290421394,0.9999998874648245,0.999999814460854,0.9999999317439628,0.9999999847700205,0.9999999586006244,0.999999974890009,0.9999999586006244,0.9999999586006244,0.9999999907625504,0.999999974890009,0.9999998874648245
0.9999999999998457,0.9999999973534264,0.999999974890009,0.9999994956523514,0.99999627336116,0.9999938558224682,0.9999938558224682,0.9999977396748937,0.9999938558224682,0.9990889486412498,0.9999938558224682,0.9999724643121783,0.9999898700126424,0.9999546021475793,0.99966464996832,0.9999898700126424,0.9999938558224682,0.9999977396748937,0.9999994956523514,0.9999724643121783,0.9999898700126424
0.9999999999985363,0.99999998813888,0.9999998874648245,0.9999999317439628,0.9999991684720715,0.9999977396748937,0.9999991684720715,0.9999986290421394,0.9999994956523514,0.9999832985701905,0.9999546021475793,0.9959298622161507,0.99966464996832,0.9990889486412498,0.99966464996832,0.9933071487351834,0.9959298622161507,0.9820137881297458,0.9994472214475559,0.8175744850834648,0.9890130584218833
0.9999999999995806,0.9999999992417439,0.9999999928058669,0.9999999847700205,0.999999814460854,0.9999998874648245,0.999999814460854,0.999999814460854,0.999999814460854,0.9999977396748937,0.9999832985701905,0.9999546021475793,0.9999832985701905,0.9998766053808288,0.9999251537370122,0.9990889486412498,0.9994472214475559,0.9890130584218833,0.9994472214475559,0.9997965729534201,0.99966464996832
0.9999999999993086,0.9999999847700205,0.999999814460854,0.9999991684720715,0.99999627336116,0.9999832985701905,0.9999724643121783,0.9999898700126424,0.9999938558224682,0.99966464996832,0.9998766053808288,0.9997965729534201,0.9999251537370122,0.9984988180062319,0.9933071487351834,0.9984988180062319,0.997527377056997,0.9994472214475559,0.9994472214475559,0.9890130584218833,0.9998766053808288
0.9999999804443193,0.002472622943003016,0.0015011819937681247,0.004070137783849419,0.004070137783849419,0.006692851264816553,0.010986941578116867,0.010986941578116867,0.006692851264816553,0.0005527785524441057,0.0005527785524441057,0.0009110513587503459,0.0009110513587503459,0.00020342704657999323,0.0015011819937681247,0.0005527785524441057,0.0009110513587503459,0.002472622943003016,0.047425873514159125,0.0293122327122782,0.010986941578116867
0.999999999782756,0.9706877672877217,0.997527377056997,0.9990889486412498,0.9990889486412498,0.9999546021475793,0.9999251537370122,0.9999546021475793,0.9998766053808288,0.9820137881297458,0.9933071487351834,0.9820137881297458,0.9890130584218833,0.9890130584218833,0.997527377056997,0.9933071487351834,0.9706877672877217,0.9525741264858409,0.997527377056997,0.9890130584218833,0.9706877672877217
0.999999999994891,0.01798621187025419,0.00012339461917113592,4.5397852420729034e-05,3.7266388399128017e-06,1.3709578605790399e-06,3.059023363247549e-07,8.315279285380714e-07,3.059023363247549e-07,1.1861120010657661e-08,9.237449576640118e-09,9.736200303530205e-10,3.3982678079468468e-09,5.905303995456778e-10,4.599055376537186e-10,7.582560422162384e-10,2.646573631904765e-09,9.736200303530205e-10,9.237449576640118e-09,2.7894680920908113e-10,5.905303995456778e-10
0.99999998813888,0.01798621187025419,0.0009110513587503459,2.7535687821746045e-05,1.3709578605790399e-06,3.7266388399128017e-06,2.2603251062511995e-06,1.6701429809483402e-05,0.00012339461917113592,8.315279285380714e-07,6.144177531850823e-06,1.8553914607279396e-07,8.315279285380714e-07,5.043476486929152e-07,6.825603724121505e-08,5.043476486929152e-07,3.7266388399128017e-06,3.7266388399128017e-06,1.3709578605790399e-06,1.955568070542584e-08,3.059023363247549e-07
0.999999999868235,0.9999251537370122,0.9525741264858409,0.8175744850834648,0.2689414213699951,0.9241418267688302,0.9241418267688302,0.8807970826714614,0.7310585786300049,0.07585817323116975,0.37754066879814546,0.37754066879814546,0.9241418267688302,0.9241418267688302,0.8175744850834648,0.9525741264858409,0.9241418267688302,0.9241418267688302,0.9959298622161507,0.9820137881297458,0.9820137881297458
0.9999999999975866,0.9998766053808288,0.997527377056997,0.9890130584218833,0.9933071487351834,0.9706877672877217,0.7310585786300049,0.8807970826714614,0.8807970826714614,0.11920291732853862,0.37754066879814546,0.004070137783849419,0.004070137783849419,0.0015011819937681247,0.0009110513587503459,0.0015011819937681247,0.006692851264816553,0.002472622943003016,0.010986941578116867,1.6701429809483402e-05,0.00020342704657999323
0.9999999928058669,1.3709578605790399e-06,1.1861120010657661e-08,1.6052280526088547e-09,1.6052280526088547e-09,9.736200303530205e-10,1.2501528648238603e-09,1.6052280526088547e-09,5.60279640614594e-09,1.6052280526088547e-09,1.6052280526088547e-09,5.905303995456778e-10,1.6052280526088547e-09,2.0611536181902033e-09,2.646573631904765e-09,3.3982678079468468e-09,4.363462233903899e-09,4.363462233903899e-09,1.955568070542584e-08,1.1861120010657661e-08,5.60279640614594e-09
0.999999999868235,0.07585817323116975,0.07585817323116975,0.1824255149165352,0.5,0.1824255149165352,0.9706877672877217,0.9525741264858409,0.5,0.9820137881297458,0.9241418267688302,0.8175744850834648,0.37754066879814546,0.07585817323116975,0.11920291732853862,0.1824255149165352,0.8807970826714614,0.11920291732853862,0.37754066879814546,0.1824255149165352,0.1824255149165352
0.9999999999993086,0.9999999847700205,0.999999974890009,0.9999998874648245,0.9999996940976636,0.9999986290421394,0.9999977396748937,0.9999986290421394,0.9999991684720715,0.9999986290421394,0.9999986290421394,0.99999627336116,0.9999977396748937,0.9999986290421394,0.9999991684720715,0.99999627336116,0.99999627336116,0.9999898700126424,0.9999977396748937,0.9999898700126424,0.9998766053808288
0.9999999997210531,0.9525741264858409,0.9525741264858409,0.9990889486412498,0.9990889486412498,0.9990889486412498,0.997527377056997,0.9706877672877217,0.9706877672877217,0.9959298622161507,0.9933071487351834,0.9241418267688302,0.8175744850834648,0.7310585786300049,0.9525741264858409,0.6224593312018546,0.6224593312018546,0.11920291732853862,0.5,0.07585817323116975,0.006692851264816553
0.9999999999999272,0.9999999804443193,0.9999999907625504,0.9999999804443193,0.9999999804443193,0.9999999847700205,0.9999999907625504,0.9999999847700205,0.9999999928058669,0.9999999847700205,0.999999974890009,0.9999999586006244,0.9999999804443193,0.9999999677581336,0.9999999847700205,0.9999999804443193,0.999999974890009,0.999999974890009,0.9999999804443193,0.9999999586006244,0.999999974890009
0.9999999999993086,0.9999999468421502,0.9999999586006244,0.9999998874648245,0.9999991684720715,0.9999991684720715,0.9999986290421394,0.9999991684720715,0.9999991684720715,0.9999986290421394,0.9999832985701905,0.9997965729534201,0.9999724643121783,0.9999251537370122,0.9999832985701905,0.9999898700126424,0.9999832985701905,0.9999724643121783,0.99999627336116,0.99999627336116,0.9999832985701905
0.9999999987498471,1.6701429809483402e-05,5.043476486929152e-07,4.1399375473943306e-08,2.5109990926928157e-08,4.1399375473943306e-08,1.1861120010657661e-08,6.825603724121505e-08,1.4449802095675026e-07,1.955568070542584e-08,4.1399375473943306e-08,9.237449576640118e-09,1.1861120010657661e-08,1.955568070542584e-08,1.522997951276035e-08,2.5109990926928157e-08,4.1399375473943306e-08,3.2241866333029355e-08,3.9278634073828347e-07,6.825603724121505e-08,5.3157849718487075e-08
0.9999999998973812,0.6224593312018546,0.0009110513587503459,0.0015011819937681247,0.0003353500316799018,0.0003353500316799018,4.5397852420729034e-05,0.0015011819937681247,0.004070137783849419,7.484626298776402e-05,0.00012339461917113592,2.7535687821746045e-05,2.7535687821746045e-05,1.6701429809483402e-05,1.6701429809483402e-05,6.144177531850823e-06,2.7535687821746045e-05,4.5397852420729034e-05,1.6701429809483402e-05,8.315279285380714e-07,3.7266388399128017e-06
0.9999999928058669,0.0005527785524441057,0.004070137783849419,0.002472622943003016,0.00012339461917113592,0.0003353500316799018,0.002472622943003016,0.002472622943003016,0.0005527785524441057,0.0009110513587503459,0.0015011819937681247,0.0003353500316799018,0.0005527785524441057,0.0015011819937681247,0.002472622943003016,0.0003353500316799018,7.484626298776402e-05,2.7535687821746045e-05,0.0005527785524441057,0.0015011819937681247,0.002472622943003016
0.9999999999998799,0.9999999847700205,0.9999996940976636,0.9999996940976636,0.9999991684720715,0.9999994956523514,0.9999991684720715,0.9999998874648245,0.9999999677581336,0.9999986290421394,0.9999991684720715,0.9999986290421394,0.9999994956523514,0.9999994956523514,0.9999994956523514,0.9999996940976636,0.999999814460854,0.9999996940976636,0.9999996940976636,0.9999991684720715,0.9999994956523514
0.9999999999969011,0.9999999847700205,0.9999999317439628,0.999999814460854,0.99966464996832,0.997527377056997,0.9241418267688302,0.9959298622161507,0.9890130584218833,0.006692851264816553,0.01798621187025419,0.006692851264816553,0.006692851264816553,0.002472622943003016,0.0015011819937681247,0.0005527785524441057,0.0009110513587503459,0.0015011819937681247,0.004070137783849419,4.5397852420729034e-05,0.0015011819937681247
0.9999999956365377,0.2689414213699951,0.1824255149165352,0.047425873514159125,0.004070137783849419,0.010986941578116867,0.01798621187025419,0.5,0.047425873514159125,0.0015011819937681247,0.004070137783849419,0.00020342704657999323,0.006692851264816553,0.006692851264816553,4.5397852420729034e-05,0.00012339461917113592,0.004070137783849419,2.7535687821746045e-05,0.00020342704657999323,2.7535687821746045e-05,0.00012339461917113592
0.999999999996021,0.9997965729534201,0.00012339461917113592,2.2603251062511995e-06,1.4449802095675026e-07,1.125351754703302e-07,9.237449576640118e-09,6.825603724121505e-08,6.825603724121505e-08,7.194132978569833e-09,7.194132978569833e-09,3.3982678079468468e-09,2.0611536181902033e-09,7.194132978569833e-09,4.363462233903899e-09,5.60279640614594e-09,3.3982678079468468e-09,2.646573631904765e-09,1.1861120010657661e-08,3.3982678079468468e-09,5.60279640614594e-09
0.9999999999993086,0.99999998813888,0.9999999987498471,0.999999998394772,0.9999999987498471,0.9999999979388463,0.9999999966017321,0.9999999966017321,0.999999998394772,0.9999999979388463,0.9999999956365377,0.9999999956365377,0.9999999966017321,0.9999999956365377,0.9999999956365377,0.9999999966017321,0.9999999973534264,0.9999999973534264,0.9999999992417439,0.9999999907625504,0.9999999943972036
0.9999999956365377,0.9706877672877217,0.9525741264858409,0.5,0.2689414213699951,0.1824255149165352,0.07585817323116975,0.0293122327122782,0.01798621187025419,0.006692851264816553,0.006692851264816553,0.047425873514159125,0.2689414213699951,0.1824255149165352,0.07585817323116975,0.010986941578116867,0.002472622943003016,0.0005527785524441057,0.002472622943003016,0.004070137783849419,0.0009110513587503459
0.99999999999886,0.99999627336116,0.9820137881297458,0.9706877672877217,0.9525741264858409,0.9820137881297458,0.9241418267688302,0.9984988180062319,0.9820137881297458,0.07585817323116975,0.37754066879814546,0.01798621187025419,0.010986941578116867,0.002472622943003016,0.0293122327122782,0.047425873514159125,0.11920291732853862,0.0293122327122782,0.5,0.0293122327122782,0.07585817323116975
0.9999999999996734,0.999999855501979,0.9999938558224682,0.9998766053808288,0.9994472214475559,0.9241418267688302,0.8175744850834648,0.997527377056997,0.9998766053808288,0.0293122327122782,0.11920291732853862,0.047425873514159125,0.7310585786300049,0.5,0.7310585786300049,0.9706877672877217,0.8175744850834648,0.9241418267688302,0.9820137881297458,0.8807970826714614,0.997527377056997
0.9999999999622486,0.9525741264858409,0.997527377056997,0.9997965729534201,0.9999251537370122,0.9999546021475793,0.9999724643121783,0.9999724643121783,0.9999251537370122,0.9933071487351834,0.9890130584218833,0.9706877672877217,0.9933071487351834,0.9241418267688302,0.9820137881297458,0.9525741264858409,0.8175744850834648,0.5,0.9890130584218833,0.9241418267688302,0.6224593312018546
0.9999999973534264,1.522997951276035e-08,5.60279640614594e-09,5.60279640614594e-09,2.0611536181902033e-09,2.0611536181902033e-09,1.6052280526088547e-09,7.194132978569833e-09,2.646573631904765e-09,1.6052280526088547e-09,2.646573631904765e-09,7.582560422162384e-10,2.646573631904765e-09,9.736200303530205e-10,1.2501528648238603e-09,7.582560422162384e-10,7.582560422162384e-10,9.736200303530205e-10,2.0611536181902033e-09,9.736200303530205e-10,2.646573631904765e-09
0.9999999966017321,0.00012339461917113592,6.144177531850823e-06,5.043476486929152e-07,3.2241866333029355e-08,3.2241866333029355e-08,5.3157849718487075e-08,3.059023363247549e-07,6.825603724121505e-08,3.2241866333029355e-08,2.5109990926928157e-08,5.60279640614594e-09,9.237449576640118e-09,1.1861120010657661e-08,7.194132978569833e-09,2.5109990926928157e-08,1.522997951276035e-08,2.0611536181902033e-09,8.764248496102855e-08,1.955568070542584e-08,1.955568070542584e-08
0.9999999997210531,0.047425873514159125,0.2689414213699951,0.1824255149165352,0.9525741264858409,0.6224593312018546,0.9525741264858409,0.9959298622161507,0.8175744850834648,0.8807970826714614,0.9241418267688302,0.6224593312018546,0.8807970826714614,0.37754066879814546,0.11920291732853862,0.010986941578116867,0.07585817323116975,0.1824255149165352,0.9525741264858409,0.047425873514159125,0.07585817323116975
0.999999999868235,0.7310585786300049,0.01798621187025419,0.0293122327122782,0.002472622943003016,0.004070137783849419,0.0005527785524441057,0.004070137783849419,0.006692851264816553,0.0009110513587503459,0.002472622943003016,0.00012339461917113592,0.0005527785524441057,4.5397852420729034e-05,1.6701429809483402e-05,7.484626298776402e-05,0.00012339461917113592,2.7535687821746045e-05,7.484626298776402e-05,3.7266388399128017e-06,1.0129987357628251e-05
0.9999999999998019,0.9999991684720715,0.9999938558224682,0.9999251537370122,0.99966464996832,0.9998766053808288,0.99966464996832,0.9999251537370122,0.9999724643121783,0.9994472214475559,0.9959298622161507,0.8175744850834648,0.9984988180062319,0.9998766053808288,0.9984988180062319,0.9994472214475559,0.9890130584218833,0.9990889486412498,0.99966464996832,0.9890130584218833,0.99966464996832
0.9999999804443193,0.002472622943003016,1.6701429809483402e-05,1.0129987357628251e-05,6.144177531850823e-06,6.144177531850823e-06,6.144177531850823e-06,6.144177531850823e-06,1.6701429809483402e-05,1.0129987357628251e-05,6.144177531850823e-06,3.7266388399128017e-06,2.2603251062511995e-06,1.0129987357628251e-05,1.6701429809483402e-05,3.7266388399128017e-06,3.7266388399128017e-06,8.315279285380714e-07,2.2603251062511995e-06,6.144177531850823e-06,6.144177531850823e-06
0.9999999992417439,6.144177531850823e-06,1.8553914607279396e-07,1.125351754703302e-07,4.1399375473943306e-08,4.1399375473943306e-08,1.955568070542584e-08,1.955568070542584e-08,6.825603724121505e-08,4.1399375473943306e-08,2.5109990926928157e-08,4.363462233903899e-09,5.60279640614594e-09,4.363462233903899e-09,5.60279640614594e-09,5.60279640614594e-09,1.522997951276035e-08,7.194132978569833e-09,2.5109990926928157e-08,4.363462233903899e-09,3.3982678079468468e-09
0.999999999868235,0.002472622943003016,2.2603251062511995e-06,2.5109990926928157e-08,2.5109990926928157e-08,1.125351754703302e-07,2.5109990926928157e-08,4.1399375473943306e-08,1.125351754703302e-07,4.1399375473943306e-08,6.825603724121505e-08,7.194132978569833e-09,9.237449576640118e-09,9.237449576640118e-09,9.237449576640118e-09,9.237449576640118e-09,9.237449576640118e-09,9.237449576640118e-09,2.5109990926928157e-08,1.6052280526088547e-09,4.363462233903899e-09
0.999999999994891,0.9706877672877217,0.004070137783849419,0.002472622943003016,0.0003353500316799018,0.0009110513587503459,0.00012339461917113592,4.5397852420729034e-05,0.00012339461917113592,3.7266388399128017e-06,1.3709578605790399e-06,1.125351754703302e-07,1.8553914607279396e-07,8.764248496102855e-08,8.315279285380714e-07,1.4449802095675026e-07,3.059023363247549e-07,3.059023363247549e-07,8.315279285380714e-07,4.1399375473943306e-08,4.1399375473943306e-08
0.9999999956365377,8.315279285380714e-07,1.8553914607279396e-07,6.825603724121505e-08,1.955568070542584e-08,2.5109990926928157e-08,4.363462233903899e-09,1.955568070542584e-08,1.522997951276035e-08,7.194132978569833e-09,5.60279640614594e-09,2.0611536181902033e-09,9.736200303530205e-10,2.646573631904765e-09,1.6052280526088547e-09,2.646573631904765e-09,2.646573631904765e-09,4.363462233903899e-09,2.646573631904765e-09,9.736200303530205e-10,1.6052280526088547e-09
0.9999999999998019,0.9999998874648245,0.99999627336116,0.9998766053808288,0.99966464996832,0.9990889486412498,0.9820137881297458,0.9984988180062319,0.9999832985701905,0.37754066879814546,0.8807970826714614,0.37754066879814546,0.99966464996832,0.9959298622161507,0.9890130584218833,0.9984988180062319,0.9959298622161507,0.997527377056997,0.9999546021475793,0.9990889486412498,0.9999546021475793
0.99999998813888,0.9241418267688302,0.5,0.9820137881297458,0.5,0.2689414213699951,0.07585817323116975,0.6224593312018546,0.2689414213699951,0.010986941578116867,0.1824255149165352,0.002472622943003016,0.047425873514159125,0.010986941578116867,0.0003353500316799018,0.002472622943003016,0.047425873514159125,0.0015011819937681247,0.010986941578116867,0.00012339461917113592,0.002472622943003016
0.9999999999200804,0.9999898700126424,0.9933071487351834,0.9933071487351834,0.9820137881297458,0.9820137881297458,0.9933071487351834,0.9890130584218833,0.9959298622161507,0.6224593312018546,0.9241418267688302,0.7310585786300049,0.9820137881297458,0.9241418267688302,0.37754066879814546,0.8175744850834648,0.37754066879814546,0.0293122327122782,0.7310585786300049,0.2689414213699951,0.2689414213699951
0.9999999992417439,0.0009110513587503459,1.6701429809483402e-05,1.3709578605790399e-06,5.043476486929152e-07,1.3709578605790399e-06,1.125351754703302e-07,1.8553914607279396e-07,5.043476486929152e-07,3.2241866333029355e-08,6.825603724121505e-08,1.955568070542584e-08,6.825603724121505e-08,6.825603724121505e-08,3.2241866333029355e-08,2.5109990926928157e-08,6.825603724121505e-08,6.825603724121505e-08,1.955568070542584e-08,7.194132978569833e-09,3.2241866333029355e-08
0.9999999999991123,0.9999999804443193,0.9999999907625504,0.9999999847700205,0.99999998813888,0.9999999907625504,0.9999999586006244,0.9999999804443193,0.999999974890009,0.999999974890009,0.9999999847700205,0.9999999317439628,0.9999999847700205,0.9999999586006244,0.9999999317439628,0.9999998874648245,0.9999998874648245,0.999999814460854,0.9999999468421502,0.9999994956523514,0.9999999317439628
0.999999855501979,0.11920291732853862,0.1824255149165352,0.047425873514159125,0.0293122327122782,0.047425873514159125,0.1824255149165352,0.07585817323116975,0.1824255149165352,0.5,0.11920291732853862,0.047425873514159125,0.6224593312018546,0.1824255149165352,0.1824255149165352,0.1824255149165352,0.6224593312018546,0.01798621187025419,0.01798621187025419,0.006692851264816553,0.0293122327122782
0.9999999998973812,0.047425873514159125,3.7266388399128017e-06,1.125351754703302e-07,4.1399375473943306e-08,5.3157849718487075e-08,9.237449576640118e-09,3.2241866333029355e-08,4.1399375473943306e-08,1.522997951276035e-08,2.5109990926928157e-08,7.194132978569833e-09,9.237449576640118e-09,7.194132978569833e-09,4.1399375473943306e-08,1.4449802095675026e-07,5.043476486929152e-07,1.125351754703302e-07,1.125351754703302e-07,4.1399375473943306e-08,6.825603724121505e-08
0.9999999998308102,0.9933071487351834,0.0293122327122782,0.0293122327122782,0.006692851264816553,0.006692851264816553,0.004070137783849419,0.002472622943003016,0.0293122327122782,0.004070137783849419,0.0015011819937681247,0.00012339461917113592,0.00020342704657999323,0.0003353500316799018,1.6701429809483402e-05,0.00020342704657999323,0.00012339461917113592,4.5397852420729034e-05,2.7535687821746045e-05,6.144177531850823e-06,2.7535687821746045e-05
0.9999999999934397,0.9999994956523514,0.9984988180062319,0.9990889486412498,0.9890130584218833,0.7310585786300049,0.7310585786300049,0.37754066879814546,0.2689414213699951,0.002472622943003016,0.01798621187025419,0.002472622943003016,0.010986941578116867,0.0003353500316799018,0.0009110513587503459,7.484626298776402e-05,0.00012339461917113592,0.00012339461917113592,0.002472622943003016,1.0129987357628251e-05,4.5397852420729034e-05
0.9999999995400946,0.0003353500316799018,3.059023363247549e-07,4.1399375473943306e-08,5.3157849718487075e-08,2.3823696679343503e-07,5.3157849718487075e-08,2.3823696679343503e-07,2.3823696679343503e-07,1.4449802095675026e-07,1.4449802095675026e-07,4.1399375473943306e-08,6.825603724121505e-08,6.825603724121505e-08,1.955568070542584e-08,1.955568070542584e-08,1.955568070542584e-08,2.5109990926928157e-08,4.1399375473943306e-08,7.194132978569833e-09,1.522997951276035e-08
0.9999999999993086,0.99999627336116,0.9998766053808288,0.9997965729534201,0.9997965729534201,0.9994472214475559,0.9984988180062319,0.9998766053808288,0.9990889486412498,0.37754066879814546,0.9241418267688302,0.2689414213699951,0.8175744850834648,0.37754066879814546,0.006692851264816553,0.01798621187025419,0.11920291732853862,0.1824255149165352,0.8807970826714614,0.0009110513587503459,0.047425873514159125
0.9999999999996734,0.9999986290421394,0.9890130584218833,0.9959298622161507,0.9997965729534201,0.9999251537370122,0.9959298622161507,0.9890130584218833,0.997527377056997,0.1824255149165352,0.8807970826714614,0.01798621187025419,0.11920291732853862,0.0293122327122782,0.006692851264816553,0.047425873514159125,0.37754066879814546,0.0293122327122782,0.047425873514159125,4.5397852420729034e-05,0.0003353500316799018
0.9999999996418252,0.0009110513587503459,0.00020342704657999323,0.0003353500316799018,0.0009110513587503459,0.0005527785524441057,0.0015011819937681247,0.004070137783849419,0.047425873514159125,0.004070137783849419,0.01798621187025419,0.0005527785524441057,0.006692851264816553,0.0015011819937681247,0.0015011819937681247,0.0005527785524441057,0.0015011819937681247,0.0009110513587503459,0.07585817323116975,0.0005527785524441057,0.0005527785524441057
0.9999999966017321,1.125351754703302e-07,1.955568070542584e-08,4.363462233903899e-09,5.60279640614594e-09,3.3982678079468468e-09,1.2501528648238603e-09,2.0611536181902033e-09,1.6052280526088547e-09,9.736200303530205e-10,2.0611536181902033e-09,5.905303995456778e-10,2.646573631904765e-09,2.646573631904765e-09,1.6052280526088547e-09,1.6052280526088547e-09,7.582560422162384e-10,4.599055376537186e-10,2.646573631904765e-09,7.582560422162384e-10,1.6052280526088547e-09
0.9999999997210531,3.7266388399128017e-06,4.1399375473943306e-08,9.237449576640118e-09,2.5109990926928157e-08,1.522997951276035e-08,9.237449576640118e-09,6.825603724121505e-08,1.125351754703302e-07,1.125351754703302e-07,4.1399375473943306e-08,5.3157849718487075e-08,3.2241866333029355e-08,1.125351754703302e-07,3.059023363247549e-07,6.825603724121505e-08,6.825603724121505e-08,4.1399375473943306e-08,3.059023363247549e-07,1.8553914607279396e-07,1.8553914607279396e-07
0.9999999999999731,0.9999999956365377,0.9999999992417439,0.9999999990263799,0.9999999994094697,0.9999999994094697,0.9999999995400946,0.9999999994094697,0.9999999996418252,0.9999999994094697,0.999999998394772,0.9999999987498471,0.9999999992417439,0.9999999987498471,0.999999998394772,0.9999999973534264,0.9999999979388463,0.9999999956365377,0.9999999966017321,0.9999999928058669,0.9999999928058669
0.9999999998308102,0.0009110513587503459,6.144177531850823e-06,1.3709578605790399e-06,1.8553914607279396e-07,3.059023363247549e-07,6.475945666070602e-07,2.2603251062511995e-06,2.2603251062511995e-06,1.4449802095675026e-07,5.043476486929152e-07,5.043476486929152e-07,8.315279285380714e-07,1.8553914607279396e-07,1.125351754703302e-07,5.043476486929152e-07,1.8553914607279396e-07,3.2241866333029355e-08,1.8553914607279396e-07,5.3157849718487075e-08,3.059023363247549e-07
0.9999999998308102,0.9999546021475793,0.9959298622161507,0.9933071487351834,0.9820137881297458,0.9241418267688302,0.8807970826714614,0.9706877672877217,0.9890130584218833,0.6224593312018546,0.9241418267688302,0.1824255149165352,0.37754066879814546,0.11920291732853862,0.047425873514159125,0.047425873514159125,0.0293122327122782,0.07585817323116975,0.047425873514159125,0.0015011819937681247,0.01798621187025419
0.9999999999934397,0.9999986290421394,0.99966464996832,0.9820137881297458,0.9525741264858409,0.5,0.07585817323116975,0.6224593312018546,0.5,0.006692851264816553,0.0009110513587503459,4.5397852420729034e-05,0.0005527785524441057,0.00012339461917113592,4.5397852420729034e-05,1.0129987357628251e-05,1.0129987357628251e-05,6.144177531850823e-06,7.484626298776402e-05,2.2603251062511995e-06,2.7535687821746045e-05
0.9999999990263799,7.484626298776402e-05,1.0129987357628251e-05,1.0129987357628251e-05,7.484626298776402e-05,0.00020342704657999323,0.0005527785524441057,0.0005527785524441057,0.0005527785524441057,0.0009110513587503459,0.01798621187025419,0.0003353500316799018,0.010986941578116867,0.004070137783849419,0.004070137783849419,0.006692851264816553,0.006692851264816553,0.004070137783849419,0.047425873514159125,0.00012339461917113592,0.006692851264816553
0.9999999677581336,0.0293122327122782,0.0003353500316799018,0.0005527785524441057,0.0005527785524441057,0.0009110513587503459,0.002472622943003016,0.006692851264816553,0.01798621187025419,0.004070137783849419,0.004070137783849419,0.0005527785524441057,0.006692851264816553,0.006692851264816553,0.010986941578116867,0.006692851264816553,0.010986941578116867,0.0005527785524441057,0.0005527785524441057,0.00012339461917113592,0.00020342704657999323
0.999999999996021,0.9999999990263799,0.9999999586006244,0.9999999317439628,0.9999996940976636,0.9999999317439628,0.9999994956523514,0.9999999586006244,0.999999974890009,0.9998766053808288,0.9999991684720715,0.9999986290421394,0.9999986290421394,0.9999898700126424,0.9999251537370122,0.9999724643121783,0.9999251537370122,0.9999546021475793,0.9999724643121783,0.9525741264858409,0.9984988180062319
0.9999999999981204,0.9999999586006244,0.9999998874648245,0.999999814460854,0.9999999317439628,0.9999999317439628,0.9999999317439628,0.9999998874648245,0.9999999586006244,0.9999999317439628,0.999999814460854,0.9999977396748937,0.9999986290421394,0.9999898700126424,0.99999627336116,0.9999832985701905,0.9999898700126424,0.9999546021475793,0.9999832985701905,0.9959298622161507,0.9706877672877217
0.99999999999886,0.9999724643121783,0.997527377056997,0.37754066879814546,0.010986941578116867,0.11920291732853862,7.484626298776402e-05,0.006692851264816553,0.01798621187025419,0.00012339461917113592,4.5397852420729034e-05,6.144177531850823e-06,1.6701429809483402e-05,0.00012339461917113592,2.7535687821746045e-05,0.0003353500316799018,0.00020342704657999323,0.00012339461917113592,0.002472622943003016,4.5397852420729034e-05,7.484626298776402e-05
0.9999999990263799,0.9959298622161507,0.9706877672877217,0.8175744850834648,0.5,0.6224593312018546,0.9241418267688302,0.8807970826714614,0.8807970826714614,0.9241418267688302,0.5,0.07585817323116975,0.11920291732853862,0.37754066879814546,0.11920291732853862,0.01798621187025419,0.0293122327122782,0.0015011819937681247,0.0293122327122782,0.004070137783849419,0.004070137783849419
0.999999999989184,0.9999938558224682,0.9999546021475793,0.997527377056997,0.9990889486412498,0.9994472214475559,0.9990889486412498,0.9999251537370122,0.9994472214475559,0.9820137881297458,0.9706877672877217,0.9959298622161507,0.9959298622161507,0.9984988180062319,0.997527377056997,0.9933071487351834,0.9959298622161507,0.9959298622161507,0.9994472214475559,0.99966464996832,0.9933071487351834
0.9999999999996734,0.9999546021475793,0.9984988180062319,0.8175744850834648,0.11920291732853862,0.047425873514159125,0.01798621187025419,0.1824255149165352,0.5,0.0005527785524441057,0.0003353500316799018,4.5397852420729034e-05,0.0009110513587503459,0.0005527785524441057,1.6701429809483402e-05,2.7535687821746045e-05,4.5397852420729034e-05,4.5397852420729034e-05,0.0015011819937681247,1.6701429809483402e-05,0.0005527785524441057
0.9999999966017321,1.3709578605790399e-06,1.125351754703302e-07,4.1399375473943306e-08,4.1399375473943306e-08,1.8553914607279396e-07,3.059023363247549e-07,1.125351754703302e-07,1.8553914607279396e-07,1.125351754703302e-07,4.1399375473943306e-08,5.60279640614594e-09,1.955568070542584e-08,1.955568070542584e-08,4.1399375473943306e-08,6.825603724121505e-08,4.1399375473943306e-08,5.3157849718487075e-08,1.125351754703302e-07,5.3157849718487075e-08,5.3157849718487075e-08
0.9999999999995806,0.9999998874648245,0.9999546021475793,0.9984988180062319,0.37754066879814546,0.010986941578116867,0.0009110513587503459,0.11920291732853862,0.37754066879814546,0.010986941578116867,0.0003353500316799018,4.785094494835719e-06,0.0009110513587503459,0.010986941578116867,0.002472622943003016,0.047425873514159125,0.047425873514159125,0.047425873514159125,0.9820137881297458,0.37754066879814546,0.6224593312018546
0.9999999999999272,0.9999996940976636,0.9999994956523514,0.9999994956523514,0.9999986290421394,0.99999627336116,0.9999938558224682,0.9999938558224682,0.9999986290421394,0.9999898700126424,0.9999832985701905,0.9999251537370122,0.9999724643121783,0.9999546021475793,0.9999724643121783,0.9998766053808288,0.9999251537370122,0.9990889486412498,0.9999724643121783,0.9998766053808288,0.9994472214475559
0.9999999966017321,8.315279285380714e-07,1.8553914607279396e-07,1.125351754703302e-07,8.315279285380714e-07,8.315279285380714e-07,5.043476486929152e-07,5.043476486929152e-07,1.8553914607279396e-07,4.1399375473943306e-08,6.825603724121505e-08,2.5109990926928157e-08,2.5109990926928157e-08,2.5109990926928157e-08,2.5109990926928157e-08,4.1399375473943306e-08,6.825603724121505e-08,2.5109990926928157e-08,1.125351754703302e-07,2.5109990926928157e-08,2.5109990926928157e-08
0.9999999999998019,0.9999999317439628,0.9999998874648245,0.999999814460854,0.9999991684720715,0.99999627336116,0.9999938558224682,0.9999977396748937,0.9999977396748937,0.9999724643121783,0.9999546021475793,0.9997965729534201,0.9999724643121783,0.9999546021475793,0.9999546021475793,0.9998766053808288,0.9998766053808288,0.9984988180062319,0.9999832985701905,0.9999546021475793,0.9999546021475793
0.9999999999999272,0.9999898700126424,0.9994472214475559,0.9959298622161507,0.9525741264858409,0.9933071487351834,0.9890130584218833,0.997527377056997,0.9933071487351834,0.9241418267688302,0.8175744850834648,0.37754066879814546,0.6224593312018546,0.1824255149165352,0.1824255149165352,0.5,0.5,0.8807970826714614,0.9525741264858409,0.8175744850834648,0.5
0.9999996940976636,1.3709578605790399e-06,1.125351754703302e-07,6.825603724121505e-08,4.1399375473943306e-08,1.125351754703302e-07,1.125351754703302e-07,1.8553914607279396e-07,3.059023363247549e-07,4.1399375473943306e-08,8.315279285380714e-07,1.955568070542584e-08,4.1399375473943306e-08,6.825603724121505e-08,2.5109990926928157e-08,3.2241866333029355e-08,6.825603724121505e-08,3.2241866333029355e-08,4.1399375473943306e-08,1.522997951276035e-08,1.4449802095675026e-07
0.9999999677581336,0.8807970826714614,0.9820137881297458,0.9525741264858409,0.7310585786300049,0.7310585786300049,0.7310585786300049,0.8175744850834648,0.9241418267688302,0.8175744850834648,0.7310585786300049,0.37754066879814546,0.37754066879814546,0.37754066879814546,0.7310585786300049,0.047425873514159125,0.2689414213699951,0.047425873514159125,0.2689414213699951,0.1824255149165352,0.11920291732853862
0.9999999999997455,0.9999999907625504,0.999999974890009,0.9999999317439628,0.9999996940976636,0.9999996940976636,0.9999996940976636,0.9999999317439628,0.9999999317439628,0.9999977396748937,0.9999977396748937,0.9999898700126424,0.9999977396748937,0.99999627336116,0.9999991684720715,0.99999627336116,0.9999986290421394,0.9999994956523514,0.9999996940976636,0.99999627336116,0.999999814460854
0.999999999868235,0.9999977396748937,0.99966464996832,0.8175744850834648,0.7310585786300049,0.9241418267688302,0.1824255149165352,0.11920291732853862,0.2689414213699951,0.0293122327122782,0.01798621187025419,0.002472622943003016,0.0293122327122782,0.010986941578116867,0.002472622943003016,0.006692851264816553,0.010986941578116867,0.006692851264816553,0.0015011819937681247,0.0003353500316799018,0.004070137783849419
0.9999999943972036,1.3709578605790399e-06,6.825603724121505e-08,2.5109990926928157e-08,4.1399375473943306e-08,1.955568070542584e-08,1.522997951276035e-08,3.2241866333029355e-08,5.3157849718487075e-08,1.1861120010657661e-08,3.2241866333029355e-08,9.237449576640118e-09,1.955568070542584e-08,7.194132978569833e-09,2.646573631904765e-09,3.3982678079468468e-09,4.363462233903899e-09,2.0611536181902033e-09,1.1861120010657661e-08,1.6052280526088547e-09,4.363462233903899e-09
0.9999999990263799,1.0129987357628251e-05,3.7266388399128017e-06,1.6701429809483402e-05,1.0129987357628251e-05,2.7535687821746045e-05,0.0003353500316799018,0.00012339461917113592,0.0009110513587503459,0.0009110513587503459,0.0003353500316799018,0.00012339461917113592,0.0005527785524441057,0.0005527785524441057,0.0005527785524441057,0.00020342704657999323,0.0003353500316799018,1.6701429809483402e-05,7.484626298776402e-05,2.7535687821746045e-05,2.7535687821746045e-05
0.9999999999934397,0.9994472214475559,0.8175744850834648,0.6224593312018546,0.8175744850834648,0.5,0.11920291732853862,0.11920291732853862,0.01798621187025419,0.0015011819937681247,0.002472622943003016,0.0003353500316799018,0.0009110513587503459,0.00020342704657999323,0.0009110513587503459,0.0005527785524441057,0.002472622943003016,0.0005527785524441057,0.0005527785524441057,1.0129987357628251e-05,4.5397852420729034e-05
0.99999999999886,0.9999977396748937,0.9999991684720715,0.99999627336116,0.9999546021475793,0.9999724643121783,0.99966464996832,0.9999251537370122,0.9999546021475793,0.9984988180062319,0.9933071487351834,0.9890130584218833,0.9990889486412498,0.997527377056997,0.9525741264858409,0.6224593312018546,0.37754066879814546,0.8807970826714614,0.9525741264858409,0.1824255149165352,0.9241418267688302
0.9999999998308102,0.997527377056997,0.9984988180062319,0.9990889486412498,0.9999251537370122,0.9999546021475793,0.9999832985701905,0.9999898700126424,0.9999546021475793,0.9999724643121783,0.9998766053808288,0.9997965729534201,0.9997965729534201,0.9997965729534201,0.9999546021475793,0.9999546021475793,0.9997965729534201,0.9984988180062319,0.9999251537370122,0.9997965729534201,0.9990889486412498
0.99999627336116,3.7266388399128017e-06,5.043476486929152e-07,1.955568070542584e-08,9.237449576640118e-09,7.194132978569833e-09,2.0611536181902033e-09,5.60279640614594e-09,1.1861120010657661e-08,2.0611536181902033e-09,2.646573631904765e-09,1.2501528648238603e-09,2.0611536181902033e-09,2.0611536181902033e-09,7.582560422162384e-10,2.646573631904765e-09,3.3982678079468468e-09,2.0611536181902033e-09,3.3982678079468468e-09,4.363462233903899e-09,7.194132978569833e-09
0.9999999907625504,0.9990889486412498,0.9933071487351834,0.997527377056997,0.9984988180062319,0.99966464996832,0.9997965729534201,0.9990889486412498,0.9990889486412498,0.9820137881297458,0.9820137881297458,0.9959298622161507,0.9990889486412498,0.9890130584218833,0.997527377056997,0.9890130584218833,0.9959298622161507,0.9994472214475559,0.9998766053808288,0.9994472214475559,0.9997965729534201
0.9999999999998019,0.9999999907625504,0.9999999992417439,0.9999999995400946,0.9999999992417439,0.9999999995400946,0.9999999992417439,0.9999999997210531,0.9999999998308102,0.9999999995400946,0.9999999995400946,0.9999999990263799,0.9999999994094697,0.9999999992417439,0.9999999996418252,0.9999999992417439,0.9999999979388463,0.999999998394772,0.9999999979388463,0.9999999987498471,0.9999999987498471
0.9999999998308102,0.9999986290421394,0.9999546021475793,0.9994472214475559,0.9994472214475559,0.9997965729534201,0.997527377056997,0.9990889486412498,0.997527377056997,0.9706877672877217,0.9933071487351834,0.8175744850834648,0.9241418267688302,0.6224593312018546,0.37754066879814546,0.6224593312018546,0.37754066879814546,0.37754066879814546,0.8175744850834648,0.01798621187025419,0.07585817323116975
0.9999999995400946,0.9998766053808288,0.9959298622161507,0.9999724643121783,0.9998766053808288,0.9997965729534201,0.9999546021475793,0.99966464996832,0.9990889486412498,0.997527377056997,0.9706877672877217,0.9706877672877217,0.9890130584218833,0.9890130584218833,0.9241418267688302,0.5,0.9241418267688302,0.8175744850834648,0.9525741264858409,0.5,0.37754066879814546
0.9999999999994615,0.9999938558224682,0.9999546021475793,0.9890130584218833,0.8807970826714614,0.9241418267688302,0.07585817323116975,0.7310585786300049,0.5,0.006692851264816553,0.002472622943003016,4.5397852420729034e-05,0.006692851264816553,0.047425873514159125,0.0005527785524441057,0.0009110513587503459,0.0015011819937681247,0.0005527785524441057,0.047425873514159125,0.00012339461917113592,0.002472622943003016
0.9999999943972036,0.6224593312018546,0.7310585786300049,0.37754066879814546,0.07585817323116975,0.07585817323116975,0.1824255149165352,0.37754066879814546,0.6224593312018546,0.2689414213699951,0.8175744850834648,0.1824255149165352,0.2689414213699951,0.11920291732853862,0.1824255149165352,0.01798621187025419,0.0293122327122782,0.006692851264816553,0.1824255149165352,0.07585817323116975,0.2689414213699951
0.9999999999993086,0.9999999928058669,0.9999999847700205,0.9999999317439628,0.9999977396748937,0.9999898700126424,0.99999627336116,0.9999938558224682,0.9999724643121783,0.9959298622161507,0.9998766053808288,0.997527377056997,0.9990889486412498,0.9994472214475559,0.9890130584218833,0.9999251537370122,0.9998766053808288,0.9990889486412498,0.9999724643121783,0.9999546021475793,0.9999832985701905
0.999999974890009,0.004070137783849419,0.0293122327122782,0.7310585786300049,0.9525741264858409,0.9706877672877217,0.997527377056997,0.99966464996832,0.9994472214475559,0.9999724643121783,0.9999832985701905,0.9999251537370122,0.9999898700126424,0.9999832985701905,0.9999546021475793,0.9999724643121783,0.9999251537370122,0.9999546021475793,0.9999724643121783,0.9999546021475793,0.99966464996832
0.9999999999999731,0.9990889486412498,0.997527377056997,0.9933071487351834,0.9820137881297458,0.9525741264858409,0.7310585786300049,0.8807970826714614,0.7310585786300049,0.047425873514159125,0.047425873514159125,0.010986941578116867,0.047425873514159125,0.006692851264816553,0.010986941578116867,0.0003353500316799018,0.004070137783849419,0.0015011819937681247,0.010986941578116867,0.002472622943003016,0.0009110513587503459
0.999999999996021,0.9820137881297458,0.07585817323116975,0.07585817323116975,0.11920291732853862,0.7310585786300049,0.37754066879814546,0.1824255149165352,0.0293122327122782,0.004070137783849419,0.004070137783849419,4.5397852420729034e-05,0.0003353500316799018,0.00012339461917113592,2.7535687821746045e-05,4.5397852420729034e-05,0.00012339461917113592,4.5397852420729034e-05,0.0009110513587503459,1.3709578605790399e-06,2.2603251062511995e-06
0.9999999999998457,0.9984988180062319,0.9959298622161507,0.9933071487351834,0.5,0.7310585786300049,0.7310585786300049,0.8175744850834648,0.2689414213699951,0.004070137783849419,0.047425873514159125,0.006692851264816553,0.047425873514159125,0.004070137783849419,0.004070137783849419,0.0005527785524441057,0.00020342704657999323,0.0003353500316799018,0.047425873514159125,0.0003353500316799018,0.0015011819937681247
0.9999999999705993,0.01798621187025419,0.0015011819937681247,0.0015011819937681247,0.0015011819937681247,0.0009110513587503459,0.00012339461917113592,0.00020342704657999323,0.0003353500316799018,7.484626298776402e-05,0.0003353500316799018,2.7535687821746045e-05,2.7535687821746045e-05,4.5397852420729034e-05,0.00012339461917113592,4.5397852420729034e-05,1.6701429809483402e-05,2.7535687821746045e-05,0.00012339461917113592,2.7535687821746045e-05,2.7535687821746045e-05
0.9999999987498471,0.006692851264816553,8.315279285380714e-07,1.8553914607279396e-07,5.3157849718487075e-08,1.125351754703302e-07,5.3157849718487075e-08,8.764248496102855e-08,1.125351754703302e-07,1.955568070542584e-08,1.1861120010657661e-08,3.3982678079468468e-09,3.3982678079468468e-09,2.646573631904765e-09,2.646573631904765e-09,4.363462233903899e-09,4.363462233903899e-09,4.363462233903899e-09,4.363462233903899e-09,3.3982678079468468e-09,4.363462233903899e-09
0.9999999999377585,0.9994472214475559,0.047425873514159125,0.006692851264816553,2.7535687821746045e-05,1.0129987357628251e-05,6.144177531850823e-06,4.5397852420729034e-05,0.0003353500316799018,1.3709578605790399e-06,2.2603251062511995e-06,1.3709578605790399e-06,3.7266388399128017e-06,1.3709578605790399e-06,5.043476486929152e-07,3.7266388399128017e-06,2.2603251062511995e-06,2.2603251062511995e-06,2.2603251062511995e-06,5.043476486929152e-07,2.2603251062511995e-06
0.9999999999998799,0.9999999317439628,0.9999986290421394,0.9998766053808288,0.9959298622161507,0.9933071487351834,0.9984988180062319,0.9990889486412498,0.9990889486412498,0.37754066879814546,0.9241418267688302,0.7310585786300049,0.8807970826714614,0.5,0.07585817323116975,0.0293122327122782,0.2689414213699951,0.6224593312018546,0.8807970826714614,0.37754066879814546,0.9890130584218833
0.999999999986112,0.99999627336116,0.9525741264858409,0.11920291732853862,0.002472622943003016,0.047425873514159125,0.0003353500316799018,0.0009110513587503459,0.0015011819937681247,0.0005527785524441057,0.00020342704657999323,4.5397852420729034e-05,0.00020342704657999323,4.5397852420729034e-05,7.484626298776402e-05,0.0003353500316799018,0.00020342704657999323,0.0015011819937681247,0.01798621187025419,0.0009110513587503459,0.00012339461917113592
0.9999999999998019,0.9999999992417439,0.9999999847700205,0.9999999586006244,0.9999996940976636,0.9999986290421394,0.9999986290421394,0.9999977396748937,0.9999991684720715,0.9999898700126424,0.9999832985701905,0.9990889486412498,0.9994472214475559,0.997527377056997,0.9890130584218833,0.9525741264858409,0.9525741264858409,0.8175744850834648,0.9706877672877217,0.6224593312018546,0.8807970826714614
0.9999999847700205,0.9933071487351834,0.8807970826714614,0.7310585786300049,0.9525741264858409,0.9959298622161507,0.9984988180062319,0.9990889486412498,0.9959298622161507,0.9525741264858409,0.9820137881297458,0.5,0.9525741264858409,0.9820137881297458,0.9525741264858409,0.9820137881297458,0.9706877672877217,0.9525741264858409,0.9984988180062319,0.9933071487351834,0.9890130584218833
0.9999999997210531,4.5397852420729034e-05,3.059023363247549e-07,2.3823696679343503e-07,1.8553914607279396e-07,3.059023363247549e-07,5.3157849718487075e-08,5.043476486929152e-07,5.043476486929152e-07,3.059023363247549e-07,3.059023363247549e-07,6.825603724121505e-08,8.764248496102855e-08,1.125351754703302e-07,1.125351754703302e-07,3.059023363247549e-07,5.043476486929152e-07,3.059023363247549e-07,5.043476486929152e-07,5.043476486929152e-07,3.9278634073828347e-07
0.9999999999996734,0.9999999987498471,0.9999999907625504,0.9999999586006244,0.9999986290421394,0.9999991684720715,0.9999977396748937,0.99999627336116,0.9999986290421394,0.9997965729534201,0.9998766053808288,0.997527377056997,0.9890130584218833,0.9525741264858409,0.9525741264858409,0.5,0.9525741264858409,0.1824255149165352,0.6224593312018546,0.7310585786300049,0.7310585786300049
0.9999999998308102,0.6224593312018546,0.37754066879814546,0.2689414213699951,0.11920291732853862,0.1824255149165352,0.11920291732853862,0.2689414213699951,0.37754066879814546,0.37754066879814546,0.07585817323116975,0.0293122327122782,0.11920291732853862,0.37754066879814546,0.37754066879814546,0.11920291732853862,0.0293122327122782,0.004070137783849419,0.0293122327122782,0.0293122327122782,0.07585817323116975
0.9999999996418252,0.9997965729534201,0.5,0.11920291732853862,0.0015011819937681247,0.002472622943003016,0.0015011819937681247,0.07585817323116975,0.047425873514159125,0.0015011819937681247,0.004070137783849419,0.0003353500316799018,0.010986941578116867,0.07585817323116975,0.1824255149165352,0.1824255149165352,0.11920291732853862,0.2689414213699951,0.8175744850834648,0.37754066879814546,0.8807970826714614
0.999999999989184,0.9706877672877217,0.01798621187025419,1.6701429809483402e-05,6.144177531850823e-06,6.144177531850823e-06,1.4449802095675026e-07,1.3709578605790399e-06,1.760343003490802e-06,6.825603724121505e-08,1.4449802095675026e-07,2.5109990926928157e-08,8.764248496102855e-08,1.4449802095675026e-07,5.3157849718487075e-08,6.825603724121505e-08,8.764248496102855e-08,4.1399375473943306e-08,1.4449802095675026e-07,8.764248496102855e-08,3.9278634073828347e-07
0.9999999999969011,0.9999999966017321,0.9999998874648245,0.999999974890009,0.9999998874648245,0.9999998874648245,0.9999994956523514,0.9999998874648245,0.9999991684720715,0.9999546021475793,0.9998766053808288,0.9706877672877217,0.9890130584218833,0.9933071487351834,0.9525741264858409,0.9525741264858409,0.9890130584218833,0.9525741264858409,0.9984988180062319,0.1824255149165352,0.7310585786300049
0.9999999999821676,0.8175744850834648,0.6224593312018546,0.7310585786300049,0.7310585786300049,0.9241418267688302,0.9706877672877217,0.8175744850834648,0.6224593312018546,0.11920291732853862,0.37754066879814546,0.11920291732853862,0.11920291732853862,0.07585817323116975,0.1824255149165352,0.01798621187025419,0.047425873514159125,0.11920291732853862,0.7310585786300049,0.5,0.37754066879814546
0.9999999999998019,0.9999999956365377,0.9999999907625504,0.9999999928058669,0.999999974890009,0.9999999586006244,0.9999999847700205,0.9999999907625504,0.9999998874648245,0.999999814460854,0.9999998874648245,0.999999814460854,0.9999999317439628,0.9999999317439628,0.9999998874648245,0.9999994956523514,0.9999986290421394,0.99999627336116,0.9999994956523514,0.9999977396748937,0.9999938558224682
0.9999999999995806,0.9999999317439628,0.9994472214475559,0.99966464996832,0.9820137881297458,0.9820137881297458,0.9525741264858409,0.7310585786300049,0.8175744850834648,0.0293122327122782,0.1824255149165352,0.047425873514159125,0.11920291732853862,0.002472622943003016,0.0009110513587503459,0.00020342704657999323,0.0009110513587503459,0.0009110513587503459,0.004070137783849419,2.7535687821746045e-05,0.00020342704657999323
0.9999999907625504,0.8807970826714614,0.9820137881297458,0.997527377056997,0.9706877672877217,0.9525741264858409,0.9820137881297458,0.9706877672877217,0.9241418267688302,0.9241418267688302,0.5,0.2689414213699951,0.8807970826714614,0.6224593312018546,0.8175744850834648,0.5,0.5,0.01798621187025419,0.2689414213699951,0.37754066879814546,0.2689414213699951
0.9999999999995806,0.9999999966017321,0.9999999907625504,0.99999998813888,0.9999999847700205,0.99999998813888,0.9999999586006244,0.99999998813888,0.9999999943972036,0.9999998874648245,0.9999998874648245,0.9999999317439628,0.9999999586006244,0.999999974890009,0.9999999317439628,0.9999999586006244,0.9999999847700205,0.999999974890009,0.9999999907625504,0.9999999943972036,0.9999999586006244
0.9999999999934397,0.006692851264816553,2.7535687821746045e-05,3.7266388399128017e-06,3.059023363247549e-07,8.764248496102855e-08,9.237449576640118e-09,3.2241866333029355e-08,1.1861120010657661e-08,1.1861120010657661e-08,4.363462233903899e-09,1.6052280526088547e-09,1.6052280526088547e-09,1.2501528648238603e-09,5.905303995456778e-10,5.905303995456778e-10,2.1724399346070676e-10,2.7894680920908113e-10,9.736200303530205e-10,2.1724399346070676e-10,2.7894680920908113e-10
0.9999999999998019,0.9999999998308102,0.9999999996418252,0.9999999994094697,0.9999999996418252,0.9999999996418252,0.9999999992417439,0.9999999995400946,0.9999999994094697,0.9999999966017321,0.9999999966017321,0.9999999966017321,0.9999999987498471,0.9999999973534264,0.9999999956365377,0.9999999956365377,0.9999999973534264,0.9999999979388463,0.9999999992417439,0.9999999966017321,0.9999999987498471
0.999999998394772,4.5397852420729034e-05,6.144177531850823e-06,4.5397852420729034e-05,0.00012339461917113592,0.0003353500316799018,0.0005527785524441057,0.002472622943003016,0.010986941578116867,0.002472622943003016,0.01798621187025419,0.002472622943003016,0.047425873514159125,0.01798621187025419,0.0293122327122782,0.010986941578116867,0.010986941578116867,0.0009110513587503459,0.07585817323116975,0.0005527785524441057,0.01798621187025419
0.9999999999993086,0.99999998813888,0.999999974890009,0.9999998874648245,0.9999996940976636,0.999999814460854,0.9999998874648245,0.9999999317439628,0.9999998874648245,0.9999986290421394,0.9999994956523514,0.9999986290421394,0.9999977396748937,0.9999898700126424,0.9999938558224682,0.9999898700126424,0.9999977396748937,0.9999832985701905,0.99999627336116,0.9999724643121783,0.9999832985701905
0.999999998394772,0.6224593312018546,0.006692851264816553,0.002472622943003016,0.047425873514159125,0.0293122327122782,0.047425873514159125,0.07585817323116975,0.01798621187025419,0.010986941578116867,0.010986941578116867,0.01798621187025419,0.01798621187025419,0.01798621187025419,0.006692851264816553,0.002472622943003016,0.010986941578116867,0.0009110513587503459,0.01798621187025419,0.002472622943003016,0.0015011819937681247
0.9999999999915765,0.9820137881297458,0.6224593312018546,0.0293122327122782,0.01798621187025419,0.01798621187025419,0.0009110513587503459,0.004070137783849419,0.0003353500316799018,2.7535687821746045e-05,0.00012339461917113592,1.6701429809483402e-05,2.7535687821746045e-05,7.889264466933239e-06,1.6701429809483402e-05,1.6701429809483402e-05,0.00012339461917113592,6.144177531850823e-06,1.6701429809483402e-05,6.475945666070602e-07,2.2603251062511995e-06
0.9999999996418252,0.0293122327122782,6.144177531850823e-06,6.475945666070602e-07,6.144177531850823e-06,2.2603251062511995e-06,5.043476486929152e-07,3.7266388399128017e-06,1.0129987357628251e-05,6.144177531850823e-06,2.7535687821746045e-05,2.2603251062511995e-06,3.7266388399128017e-06,6.144177531850823e-06,3.7266388399128017e-06,7.484626298776402e-05,0.00020342704657999323,0.00020342704657999323,0.00012339461917113592,1.6701429809483402e-05,2.7535687821746045e-05
0.9999999997210531,0.1824255149165352,0.006692851264816553,0.0015011819937681247,0.002472622943003016,0.010986941578116867,0.0015011819937681247,0.002472622943003016,0.0009110513587503459,0.00020342704657999323,0.0005527785524441057,0.0003353500316799018,0.00012339461917113592,2.7535687821746045e-05,0.00012339461917113592,4.5397852420729034e-05,4.5397852420729034e-05,0.00012339461917113592,0.006692851264816553,0.0005527785524441057,0.0005527785524441057
0.999999999868235,0.9984988180062319,0.8175744850834648,0.11920291732853862,0.010986941578116867,0.11920291732853862,0.0293122327122782,0.01798621187025419,0.01798621187025419,0.006692851264816553,0.0293122327122782,0.002472622943003016,0.0015011819937681247,0.0009110513587503459,0.00020342704657999323,0.0003353500316799018,0.0005527785524441057,0.0009110513587503459,0.002472622943003016,2.7535687821746045e-05,0.00020342704657999323
0.9999999999999065,0.99966464996832,0.9890130584218833,0.2689414213699951,0.047425873514159125,0.37754066879814546,0.004070137783849419,0.0293122327122782,0.0009110513587503459,1.0129987357628251e-05,4.785094494835719e-06,6.144177531850823e-06,2.7535687821746045e-05,6.144177531850823e-06,2.2603251062511995e-06,1.0129987357628251e-05,2.7535687821746045e-05,1.3007123813725571e-05,0.00012339461917113592,3.7266388399128017e-06,2.7535687821746045e-05
0.999999999868235,0.010986941578116867,1.6701429809483402e-05,6.144177531850823e-06,2.2603251062511995e-06,1.760343003490802e-06,2.3823696679343503e-07,5.043476486929152e-07,2.2603251062511995e-06,3.059023363247549e-07,6.475945666070602e-07,6.825603724121505e-08,8.764248496102855e-08,1.4449802095675026e-07,8.764248496102855e-08,6.825603724121505e-08,8.764248496102855e-08,5.3157849718487075e-08,1.4449802095675026e-07,5.3157849718487075e-08,1.4449802095675026e-07
0.9999999999999558,0.9999999966017321,0.9999999979388463,0.9999999907625504,0.9999999586006244,0.9999999317439628,0.9999999317439628,0.9999999317439628,0.9999998874648245,0.9999938558224682,0.9999996940976636,0.9999994956523514,0.999999814460854,0.9999991684720715,0.99999627336116,0.9999991684720715,0.9999991684720715,0.99999627336116,0.9999991684720715,0.9999724643121783,0.9999977396748937
0.9999999847700205,0.00012339461917113592,0.0015011819937681247,0.00020342704657999323,7.484626298776402e-05,0.00012339461917113592,0.0003353500316799018,0.0005527785524441057,0.0003353500316799018,0.00012339461917113592,0.00012339461917113592,7.484626298776402e-05,0.00020342704657999323,0.0005527785524441057,0.002472622943003016,0.0005527785524441057,0.00012339461917113592,4.5397852420729034e-05,0.0005527785524441057,0.0005527785524441057,0.0015011819937681247
0.9999999999991123,0.9999999999622486,0.9999999995400946,0.9999999987498471,0.9999999943972036,0.9999999847700205,0.999999974890009,0.9999999586006244,0.999999814460854,0.99999627336116,0.9999986290421394,0.99966464996832,0.9999724643121783,0.9999938558224682,0.9999251537370122,0.9999977396748937,0.99966464996832,0.9999724643121783,0.9999938558224682,0.9525741264858409,0.9999832985701905
0.9999999999975866,0.9999986290421394,0.9890130584218833,0.9890130584218833,0.8175744850834648,0.7310585786300049,0.8175744850834648,0.7310585786300049,0.37754066879814546,0.004070137783849419,0.0015011819937681247,0.00012339461917113592,0.00012339461917113592,0.00012339461917113592,0.0003353500316799018,1.0129987357628251e-05,0.00012339461917113592,1.6701429809483402e-05,0.0015011819937681247,4.5397852420729034e-05,0.00012339461917113592
0.9999999999997455,0.9999994956523514,0.9999998874648245,0.9999996940976636,0.999999814460854,0.9999999317439628,0.999999814460854,0.9999998874648245,0.9999998874648245,0.9999986290421394,0.9999938558224682,0.9999832985701905,0.9999991684720715,0.9999986290421394,0.9999986290421394,0.9999938558224682,0.99999627336116,0.9999724643121783,0.99999627336116,0.9999898700126424,0.9999898700126424
