0,1,2,3,4,5,6,7,8,9,10,11,12,13,14,15,16,17,18,19,20
0.9999999123575151,3.059023363247549e-07,5.60279640614594e-09,9.237449576640118e-09,9.237449576640118e-09,9.237449576640118e-09,1.1861120010657661e-08,7.194132978569833e-09,2.646573631904765e-09,1.1861120010657661e-08,1.955568070542584e-08,4.363462233903899e-09,1.955568070542584e-08,2.5109990926928157e-08,6.825603724121505e-08,9.237449576640118e-09,1.522997951276035e-08,7.194132978569833e-09,5.60279640614594e-09,7.194132978569833e-09,4.1399375473943306e-08
0.9999999999998019,0.9999994956523514,0.9999546021475793,0.997527377056997,0.8807970826714614,0.9525741264858409,0.9890130584218833,0.9525741264858409,0.9241418267688302,0.7310585786300049,0.8175744850834648,0.8807970826714614,0.9525741264858409,0.7310585786300049,0.6224593312018546,0.11920291732853862,0.37754066879814546,0.11920291732853862,0.2689414213699951,0.5,0.1824255149165352
0.9999999999996734,0.999999814460854,0.9999832985701905,0.9997965729534201,0.9933071487351834,0.9959298622161507,0.9890130584218833,0.9933071487351834,0.9706877672877217,0.9890130584218833,0.6224593312018546,0.7310585786300049,0.9525741264858409,0.8807970826714614,0.9525741264858409,0.5,0.5,0.7310585786300049,0.9241418267688302,0.6224593312018546,0.07585817323116975
0.9999999995400946,0.99999627336116,0.9999998874648245,0.9999994956523514,0.9999977396748937,0.9999991684720715,0.9999996940976636,0.9999999586006244,0.9999996940976636,0.9999996940976636,0.9999986290421394,0.99999627336116,0.9999991684720715,0.9999994956523514,0.9999994956523514,0.9999938558224682,0.9999832985701905,0.9999938558224682,0.9999977396748937,0.9999977396748937,0.9999938558224682
0.9999999999622486,3.775134544136581e-11,3.098819138712223e-12,3.098819138712223e-12,1.4637785141237664e-12,1.4637785141237664e-12,2.4133627718273893e-12,2.4133627718273893e-12,3.098819138712223e-12,2.4133627718273893e-12,1.4637785141237664e-12,1.8795288165355504e-12,3.978962535821407e-12,2.4133627718273893e-12,1.7832472907828393e-11,8.423463754397692e-12,5.109089028037223e-12,1.0815941557168708e-11,4.847368706035286e-11,1.0815941557168708e-11,8.423463754397692e-12
0.9999999994094697,0.9999999468421502,0.9999999907625504,0.9999999586006244,0.99999998813888,0.9999999928058669,0.9999999928058669,0.9999999317439628,0.9999998874648245,0.9999999586006244,0.9999999317439628,0.9999999317439628,0.9999999468421502,0.9999998874648245,0.9999999804443193,0.999999814460854,0.9999986290421394,0.9999991684720715,0.9999994956523514,0.9999996940976636,0.9999996940976636
0.9999999999981204,0.00020342704657999323,1.6701429809483402e-05,8.315279285380714e-07,8.315279285380714e-07,1.3709578605790399e-06,2.2603251062511995e-06,2.2603251062511995e-06,8.315279285380714e-07,6.825603724121505e-08,3.059023363247549e-07,1.8553914607279396e-07,5.043476486929152e-07,3.059023363247549e-07,1.8553914607279396e-07,1.8553914607279396e-07,5.043476486929152e-07,1.3709578605790399e-06,1.3709578605790399e-06,1.8553914607279396e-07,6.825603724121505e-08
0.9999999999999272,0.9999977396748937,0.9998766053808288,0.9933071487351834,0.997527377056997,0.9933071487351834,0.9706877672877217,0.8807970826714614,0.8175744850834648,0.8807970826714614,0.8175744850834648,0.8175744850834648,0.9820137881297458,0.9525741264858409,0.9706877672877217,0.37754066879814546,0.5,0.5,0.2689414213699951,0.2689414213699951,0.047425873514159125
0.9999999999915765,0.999999999782756,0.999999999782756,0.9999999996418252,0.9999999996418252,0.9999999997210531,0.9999999994094697,0.9999999987498471,0.999999998394772,0.9999999990263799,0.9999999979388463,0.9999999979388463,0.9999999992417439,0.9999999990263799,0.9999999995400946,0.9999999973534264,0.9999999956365377,0.9999999966017321,0.999999998394772,0.9999999987498471,0.9999999928058669
0.99999999999886,1.4449802095675026e-07,1.6052280526088547e-09,1.6052280526088547e-09,1.6918979223288786e-10,1.6918979223288786e-10,1.3176514268359263e-10,1.6918979223288786e-10,1.0261879630648829e-10,2.940077739198032e-11,2.2897348455931243e-11,1.7832472907828393e-11,3.775134544136581e-11,6.224144622520382e-11,1.6918979223288786e-10,4.847368706035286e-11,2.940077739198032e-11,4.847368706035286e-11,1.0261879630648829e-10,3.775134544136581e-11,1.3887943864771146e-11
0.9999999999377585,2.5109990926928157e-08,6.825603724121505e-08,1.8553914607279396e-07,5.3157849718487075e-08,9.237449576640118e-09,1.1861120010657661e-08,2.5109990926928157e-08,1.1861120010657661e-08,4.363462233903899e-09,1.2501528648238603e-09,2.646573631904765e-09,1.1861120010657661e-08,3.3982678079468468e-09,2.5109990926928157e-08,2.0611536181902033e-09,2.0611536181902033e-09,5.60279640614594e-09,1.522997951276035e-08,9.237449576640118e-09,2.646573631904765e-09
0.999999999986112,4.5397852420729034e-05,1.3709578605790399e-06,8.315279285380714e-07,8.764248496102855e-08,6.825603724121505e-08,5.3157849718487075e-08,1.125351754703302e-07,3.2241866333029355e-08,1.522997951276035e-08,3.2241866333029355e-08,5.3157849718487075e-08,5.3157849718487075e-08,3.2241866333029355e-08,8.764248496102855e-08,1.955568070542584e-08,9.237449576640118e-09,1.522997951276035e-08,4.1399375473943306e-08,6.825603724121505e-08,1.955568070542584e-08
0.99999998813888,7.484626298776402e-05,2.7535687821746045e-05,0.0015011819937681247,0.07585817323116975,0.006692851264816553,0.0293122327122782,0.37754066879814546,0.37754066879814546,0.37754066879814546,0.37754066879814546,0.047425873514159125,0.2689414213699951,0.047425873514159125,0.07585817323116975,0.01798621187025419,0.01798621187025419,0.1824255149165352,0.9890130584218833,0.7310585786300049,0.5
0.999999998394772,5.905303995456778e-10,2.940077739198032e-11,2.940077739198032e-11,8.423463754397692e-12,3.978962535821407e-12,3.978962535821407e-12,3.098819138712223e-12,3.978962535821407e-12,3.098819138712223e-12,3.098819138712223e-12,3.978962535821407e-12,5.109089028037223e-12,1.0815941557168708e-11,1.7832472907828393e-11,1.3887943864771146e-11,6.560200168110742e-12,5.109089028037223e-12,1.0815941557168708e-11,8.423463754397692e-12,1.3887943864771146e-11
0.999999999986112,0.07585817323116975,1.6701429809483402e-05,1.0129987357628251e-05,6.144177531850823e-06,1.6701429809483402e-05,6.144177531850823e-06,7.484626298776402e-05,2.7535687821746045e-05,4.5397852420729034e-05,1.0129987357628251e-05,1.0129987357628251e-05,4.5397852420729034e-05,0.00020342704657999323,0.047425873514159125,0.006692851264816553,0.0005527785524441057,0.0009110513587503459,0.0009110513587503459,0.004070137783849419,0.0003353500316799018
0.9999999999994615,0.9999999317439628,0.9999999586006244,0.9999999586006244,0.9999999317439628,0.9999998874648245,0.9999996940976636,0.9999996940976636,0.9999994956523514,0.9999977396748937,0.9999994956523514,0.9999986290421394,0.9999996940976636,0.9999996940976636,0.999999814460854,0.9999996940976636,0.999999814460854,0.9999994956523514,0.999999814460854,0.9999994956523514,0.9999991684720715
0.999999999989184,0.99966464996832,0.006692851264816553,0.01798621187025419,0.01798621187025419,0.047425873514159125,0.006692851264816553,0.004070137783849419,0.01798621187025419,0.0005527785524441057,0.00012339461917113592,2.7535687821746045e-05,0.00012339461917113592,0.0005527785524441057,0.0009110513587503459,0.00020342704657999323,0.0009110513587503459,0.0015011819937681247,0.0003353500316799018,0.00020342704657999323,0.0003353500316799018
0.9999999999999791,0.9999999999985363,0.9999999999994615,0.9999999999996734,0.9999999999995806,0.9999999999993086,0.9999999999994615,0.9999999999993086,0.9999999999975866,0.9999999999969011,0.999999999996021,0.9999999999969011,0.9999999999981204,0.999999999996021,0.999999999996021,0.999999999996021,0.999999999994891,0.9999999999969011,0.999999999994891,0.9999999999934397,0.999999999986112
0.9999999995400946,8.423463754397692e-12,1.4637785141237664e-12,4.1937956583777856e-13,9.3576229688393e-14,4.1937956583777856e-13,3.2661313427863805e-13,4.1937956583777856e-13,5.384940217751136e-13,8.878265478451776e-13,1.1399918530430558e-12,8.878265478451776e-13,2.4133627718273893e-12,2.4133627718273893e-12,3.098819138712223e-12,1.8795288165355504e-12,1.4637785141237664e-12,2.4133627718273893e-12,5.109089028037223e-12,5.109089028037223e-12,5.109089028037223e-12
0.9999999999934397,0.010986941578116867,1.3709578605790399e-06,1.8553914607279396e-07,8.315279285380714e-07,1.125351754703302e-07,1.125351754703302e-07,3.059023363247549e-07,1.125351754703302e-07,1.522997951276035e-08,1.1861120010657661e-08,4.363462233903899e-09,2.5109990926928157e-08,5.60279640614594e-09,1.522997951276035e-08,5.60279640614594e-09,4.363462233903899e-09,7.194132978569833e-09,1.522997951276035e-08,9.237449576640118e-09,2.0611536181902033e-09
0.9999999847700205,0.00020342704657999323,1.3709578605790399e-06,3.059023363247549e-07,2.2603251062511995e-06,1.0129987357628251e-05,3.7266388399128017e-06,5.043476486929152e-07,8.315279285380714e-07,3.7266388399128017e-06,8.315279285380714e-07,3.7266388399128017e-06,6.144177531850823e-06,6.144177531850823e-06,3.7266388399128017e-06,8.315279285380714e-07,5.043476486929152e-07,3.059023363247549e-07,5.043476486929152e-07,2.2603251062511995e-06,3.7266388399128017e-06
0.9999999999999065,0.9959298622161507,0.002472622943003016,0.010986941578116867,0.0005527785524441057,0.004070137783849419,0.0015011819937681247,0.0003353500316799018,0.0003353500316799018,1.6701429809483402e-05,2.7535687821746045e-05,4.5397852420729034e-05,2.7535687821746045e-05,2.7535687821746045e-05,1.0129987357628251e-05,4.5397852420729034e-05,2.7535687821746045e-05,2.7535687821746045e-05,0.0003353500316799018,3.7266388399128017e-06,4.5397852420729034e-05
0.9999999998308102,0.9994472214475559,0.9984988180062319,0.997527377056997,0.9984988180062319,0.9890130584218833,0.9706877672877217,0.9525741264858409,0.9706877672877217,0.9820137881297458,0.8807970826714614,0.8807970826714614,0.8175744850834648,0.8807970826714614,0.997527377056997,0.9706877672877217,0.07585817323116975,0.11920291732853862,0.7310585786300049,0.6224593312018546,0.5
0.99999627336116,4.1399375473943306e-08,1.6052280526088547e-09,2.0611536181902033e-09,2.646573631904765e-09,4.363462233903899e-09,5.60279640614594e-09,1.522997951276035e-08,4.1399375473943306e-08,4.1399375473943306e-08,4.1399375473943306e-08,1.955568070542584e-08,2.5109990926928157e-08,4.1399375473943306e-08,1.522997951276035e-08,3.2241866333029355e-08,9.237449576640118e-09,7.194132978569833e-09,6.825603724121505e-08,1.1861120010657661e-08,1.125351754703302e-07
0.9999999999998019,0.9994472214475559,0.1824255149165352,0.07585817323116975,0.01798621187025419,0.010986941578116867,0.004070137783849419,0.006692851264816553,0.006692851264816553,7.484626298776402e-05,0.0015011819937681247,0.0005527785524441057,0.0005527785524441057,0.00012339461917113592,0.00012339461917113592,0.00020342704657999323,0.0003353500316799018,0.0005527785524441057,0.002472622943003016,1.6701429809483402e-05,0.00012339461917113592
0.9999999999934397,0.9999832985701905,0.9999724643121783,0.9999898700126424,0.99966464996832,0.9998766053808288,0.9999832985701905,0.9999938558224682,0.9999977396748937,0.99999627336116,0.997527377056997,0.9997965729534201,0.9999898700126424,0.9999938558224682,0.9999986290421394,0.9994472214475559,0.9997965729534201,0.9999832985701905,0.99999627336116,0.9999991684720715,0.9999986290421394
0.999999999986112,1.760343003490802e-06,2.0611536181902033e-09,2.1724399346070676e-10,2.940077739198032e-11,8.423463754397692e-12,8.423463754397692e-12,1.3887943864771146e-11,1.7832472907828393e-11,1.0815941557168708e-11,3.978962535821407e-12,3.098819138712223e-12,1.0815941557168708e-11,6.560200168110742e-12,1.0815941557168708e-11,1.7832472907828393e-11,2.940077739198032e-11,1.7832472907828393e-11,7.991959892315218e-11,1.7832472907828393e-11,2.2897348455931243e-11
0.9999999999999656,0.9999999999975866,0.9999999999993086,0.9999999999985363,0.9999999999993086,0.99999999999886,0.9999999999991123,0.9999999999991123,0.9999999999981204,0.9999999999981204,0.9999999999969011,0.999999999994891,0.9999999999969011,0.999999999994891,0.999999999996021,0.9999999999915765,0.9999999999934397,0.999999999994891,0.9999999999934397,0.999999999989184,0.9999999999821676
0.9999999999995806,0.0009110513587503459,8.315279285380714e-07,6.825603724121505e-08,1.8553914607279396e-07,1.8553914607279396e-07,1.760343003490802e-06,3.9278634073828347e-07,6.825603724121505e-08,1.4449802095675026e-07,1.4449802095675026e-07,3.059023363247549e-07,8.315279285380714e-07,3.059023363247549e-07,3.9278634073828347e-07,5.043476486929152e-07,8.315279285380714e-07,6.144177531850823e-06,7.889264466933239e-06,5.043476486929152e-07,6.475945666070602e-07
0.9999999999200804,7.484626298776402e-05,1.0129987357628251e-05,0.0003353500316799018,2.7535687821746045e-05,1.6701429809483402e-05,1.067702997323512e-06,8.315279285380714e-07,5.043476486929152e-07,2.9023119851992182e-06,8.315279285380714e-07,4.1399375473943306e-08,1.4449802095675026e-07,1.4449802095675026e-07,1.760343003490802e-06,3.9278634073828347e-07,3.9278634073828347e-07,8.764248496102855e-08,1.125351754703302e-07,1.955568070542584e-08,6.825603724121505e-08
0.9999999999999272,0.9999999317439628,0.9999994956523514,0.9999991684720715,0.9999832985701905,0.9999832985701905,0.9999898700126424,0.9999977396748937,0.9999724643121783,0.9999832985701905,0.9998766053808288,0.9998766053808288,0.9999546021475793,0.9999251537370122,0.9999832985701905,0.9997965729534201,0.99966464996832,0.9997965729534201,0.9990889486412498,0.997527377056997,0.9525741264858409
0.999999999989184,0.9999832985701905,0.9890130584218833,0.37754066879814546,0.0293122327122782,0.11920291732853862,0.010986941578116867,0.0009110513587503459,0.0009110513587503459,7.484626298776402e-05,0.00012339461917113592,0.0009110513587503459,0.0005527785524441057,0.00020342704657999323,0.0003353500316799018,0.00012339461917113592,0.00012339461917113592,7.484626298776402e-05,0.00020342704657999323,7.484626298776402e-05,4.785094494835719e-06
0.999999999996021,2.7894680920908113e-10,1.0815941557168708e-11,8.878265478451776e-13,5.384940217751136e-13,1.5428112031916497e-13,1.9810087980485874e-13,3.2661313427863805e-13,4.1937956583777856e-13,4.1937956583777856e-13,1.2015425731770343e-13,1.9810087980485874e-13,1.5428112031916497e-13,5.6756852326324e-14,9.3576229688393e-14,7.287724095819161e-14,9.3576229688393e-14,5.6756852326324e-14,1.5428112031916497e-13,9.3576229688393e-14,5.6756852326324e-14
0.9999999999999432,0.9999999677581336,0.9999999586006244,0.999999974890009,0.9999999586006244,0.9999999317439628,0.9999999586006244,0.9999999317439628,0.9999999586006244,0.999999814460854,0.9999996940976636,0.999999814460854,0.9999998874648245,0.999999814460854,0.9999998874648245,0.999999814460854,0.9999998874648245,0.9999996940976636,0.9999999586006244,0.9999998874648245,0.9999998874648245
0.9999999996418252,0.2689414213699951,0.0005527785524441057,0.0003353500316799018,0.0005527785524441057,0.0003353500316799018,2.7535687821746045e-05,0.0005527785524441057,0.00020342704657999323,4.5397852420729034e-05,4.5397852420729034e-05,7.484626298776402e-05,2.7535687821746045e-05,2.7535687821746045e-05,1.0129987357628251e-05,1.0129987357628251e-05,6.144177531850823e-06,1.0129987357628251e-05,7.484626298776402e-05,7.484626298776402e-05,1.6701429809483402e-05
0.9999999804443193,2.2603251062511995e-06,1.8553914607279396e-07,5.043476486929152e-07,3.9278634073828347e-07,1.760343003490802e-06,2.2603251062511995e-06,6.475945666070602e-07,1.067702997323512e-06,1.760343003490802e-06,6.475945666070602e-07,1.067702997323512e-06,7.889264466933239e-06,7.889264466933239e-06,1.3007123813725571e-05,6.144177531850823e-06,1.3709578605790399e-06,2.2603251062511995e-06,2.9023119851992182e-06,3.7266388399128017e-06,2.2603251062511995e-06
0.999999999986112,0.9999999990263799,0.9999999994094697,0.9999999994094697,0.9999999966017321,0.9999999907625504,0.9999999943972036,0.9999999586006244,0.9999999317439628,0.9999938558224682,0.9998766053808288,0.9820137881297458,0.9998766053808288,0.9998766053808288,0.9999724643121783,0.9999546021475793,0.9999724643121783,0.9990889486412498,0.9997965729534201,0.9984988180062319,0.9706877672877217
0.9999999999999558,0.9999999987498471,0.9999999987498471,0.9999999990263799,0.9999999995400946,0.9999999996418252,0.9999999996418252,0.9999999997210531,0.9999999995400946,0.9999999990263799,0.9999999979388463,0.9999999990263799,0.9999999987498471,0.9999999979388463,0.9999999966017321,0.9999999943972036,0.9999999966017321,0.9999999928058669,0.9999999966017321,0.9999999943972036,0.999999974890009
0.9999999999200804,2.2603251062511995e-06,5.60279640614594e-09,5.60279640614594e-09,5.60279640614594e-09,4.1399375473943306e-08,7.194132978569833e-09,9.237449576640118e-09,5.60279640614594e-09,1.522997951276035e-08,9.237449576640118e-09,1.522997951276035e-08,4.1399375473943306e-08,6.825603724121505e-08,6.825603724121505e-08,2.5109990926928157e-08,1.522997951276035e-08,1.522997951276035e-08,1.8553914607279396e-07,5.043476486929152e-07,8.315279285380714e-07
0.9999999999377585,3.059023363247549e-07,9.237449576640118e-09,2.5109990926928157e-08,1.1861120010657661e-08,4.1399375473943306e-08,1.522997951276035e-08,3.2241866333029355e-08,1.955568070542584e-08,1.1861120010657661e-08,9.237449576640118e-09,4.363462233903899e-09,1.522997951276035e-08,4.1399375473943306e-08,6.825603724121505e-08,1.955568070542584e-08,1.1861120010657661e-08,7.194132978569833e-09,4.363462233903899e-09,7.194132978569833e-09,7.194132978569833e-09
0.9999999999996734,5.043476486929152e-07,2.646573631904765e-09,4.599055376537186e-10,2.646573631904765e-09,5.60279640614594e-09,4.363462233903899e-09,2.646573631904765e-09,2.0611536181902033e-09,5.905303995456778e-10,2.0611536181902033e-09,9.736200303530205e-10,4.363462233903899e-09,1.6052280526088547e-09,7.582560422162384e-10,4.363462233903899e-09,5.60279640614594e-09,5.60279640614594e-09,3.2241866333029355e-08,1.6052280526088547e-09,2.0611536181902033e-09
0.9999999943972036,1.0129987357628251e-05,1.3709578605790399e-06,2.7535687821746045e-05,0.00020342704657999323,0.0009110513587503459,0.004070137783849419,0.002472622943003016,0.01798621187025419,0.004070137783849419,0.010986941578116867,0.01798621187025419,0.006692851264816553,0.0293122327122782,0.0293122327122782,0.0015011819937681247,0.002472622943003016,0.002472622943003016,0.004070137783849419,0.0009110513587503459,0.002472622943003016
0.9999998874648245,3.7266388399128017e-06,5.043476486929152e-07,1.3709578605790399e-06,6.144177531850823e-06,1.0129987357628251e-05,1.6701429809483402e-05,1.0129987357628251e-05,1.3709578605790399e-06,6.144177531850823e-06,3.7266388399128017e-06,3.7266388399128017e-06,4.5397852420729034e-05,4.5397852420729034e-05,4.5397852420729034e-05,1.6701429809483402e-05,1.0129987357628251e-05,6.144177531850823e-06,4.5397852420729034e-05,4.5397852420729034e-05,4.5397852420729034e-05
0.9999999990263799,1.0261879630648829e-10,5.109089028037223e-12,1.0815941557168708e-11,8.423463754397692e-12,3.978962535821407e-12,8.423463754397692e-12,8.423463754397692e-12,2.940077739198032e-11,3.775134544136581e-11,1.7832472907828393e-11,1.3887943864771146e-11,6.224144622520382e-11,1.3176514268359263e-10,2.7894680920908113e-10,1.6918979223288786e-10,1.6918979223288786e-10,1.0261879630648829e-10,1.6918979223288786e-10,2.1724399346070676e-10,1.2501528648238603e-09
0.9999994956523514,0.047425873514159125,0.006692851264816553,0.11920291732853862,0.5,0.9525741264858409,0.9525741264858409,0.9890130584218833,0.9933071487351834,0.9959298622161507,0.997527377056997,0.9959298622161507,0.997527377056997,0.9984988180062319,0.997527377056997,0.9890130584218833,0.9933071487351834,0.9959298622161507,0.9990889486412498,0.997527377056997,0.9525741264858409
0.999999999986112,0.9999999987498471,0.9999999847700205,0.9999999586006244,0.9999998874648245,0.9999999847700205,0.9999999317439628,0.9999996940976636,0.9999986290421394,0.99999627336116,0.9999832985701905,0.9999251537370122,0.9999938558224682,0.99999627336116,0.9999898700126424,0.9999724643121783,0.9999898700126424,0.9999251537370122,0.9999832985701905,0.9994472214475559,0.9933071487351834
0.9999999998973812,0.9959298622161507,0.9999724643121783,0.9999998874648245,0.9999999317439628,0.9999999317439628,0.9999999317439628,0.999999974890009,0.999999974890009,0.9999999317439628,0.9999999586006244,0.9999998874648245,0.999999814460854,0.999999814460854,0.9999999847700205,0.9999999586006244,0.9999998874648245,0.9999996940976636,0.9999998874648245,0.9999994956523514,0.9999994956523514
0.9999999999993086,0.8175744850834648,1.0129987357628251e-05,1.6701429809483402e-05,2.7535687821746045e-05,7.484626298776402e-05,1.6701429809483402e-05,3.7266388399128017e-06,6.144177531850823e-06,6.825603724121505e-08,2.5109990926928157e-08,1.955568070542584e-08,4.1399375473943306e-08,6.825603724121505e-08,2.5109990926928157e-08,2.5109990926928157e-08,1.955568070542584e-08,4.1399375473943306e-08,6.825603724121505e-08,7.194132978569833e-09,6.825603724121505e-08
0.9999999999998019,0.99999998813888,0.9999999973534264,0.9999999979388463,0.999999998394772,0.9999999979388463,0.9999999956365377,0.9999999943972036,0.9999999677581336,0.9999999317439628,0.9999998874648245,0.9999998874648245,0.9999998874648245,0.9999999317439628,0.9999999804443193,0.9999999804443193,0.9999999804443193,0.9999999317439628,0.999999974890009,0.9999999317439628,0.9999999586006244
0.9999999999995806,0.00020342704657999323,3.9278634073828347e-07,6.475945666070602e-07,3.059023363247549e-07,1.8553914607279396e-07,6.475945666070602e-07,2.3823696679343503e-07,3.2241866333029355e-08,5.3157849718487075e-08,5.043476486929152e-07,6.475945666070602e-07,1.760343003490802e-06,1.3709578605790399e-06,1.760343003490802e-06,1.3709578605790399e-06,2.2603251062511995e-06,2.2603251062511995e-06,2.7535687821746045e-05,5.043476486929152e-07,1.067702997323512e-06
0.9999999999934397,0.9999999999200804,0.9999999999622486,0.999999999868235,0.9999999992417439,0.9999999966017321,0.9999999987498471,0.9999999994094697,0.9999999943972036,0.9999999943972036,0.9999999907625504,0.9999999317439628,0.9999999317439628,0.9999999317439628,0.999999974890009,0.9999996940976636,0.9999994956523514,0.9999999317439628,0.9999999847700205,0.9999999317439628,0.9999999586006244
0.9999999990263799,8.315279285380714e-07,7.194132978569833e-09,2.0611536181902033e-09,1.2501528648238603e-09,7.582560422162384e-10,7.582560422162384e-10,9.736200303530205e-10,7.582560422162384e-10,1.6918979223288786e-10,1.3176514268359263e-10,1.6918979223288786e-10,3.581747929000289e-10,2.7894680920908113e-10,1.6052280526088547e-09,1.2501528648238603e-09,2.1724399346070676e-10,2.1724399346070676e-10,1.2501528648238603e-09,4.599055376537186e-10,3.581747929000289e-10
0.999999999989184,2.1724399346070676e-10,1.4637785141237664e-12,8.878265478451776e-13,1.5428112031916497e-13,3.2661313427863805e-13,1.2015425731770343e-13,1.9810087980485874e-13,2.5436656473762755e-13,1.2015425731770343e-13,4.420228103640978e-14,2.6810038677817314e-14,1.5428112031916497e-13,5.6756852326324e-14,7.287724095819161e-14,7.287724095819161e-14,5.6756852326324e-14,5.6756852326324e-14,1.5428112031916497e-13,7.287724095819161e-14,5.6756852326324e-14
0.9999999999997455,0.9999999317439628,0.9999994956523514,0.9999898700126424,0.9999832985701905,0.9999898700126424,0.9999546021475793,0.9994472214475559,0.9241418267688302,0.9890130584218833,0.9820137881297458,0.9706877672877217,0.9984988180062319,0.9959298622161507,0.9933071487351834,0.9706877672877217,0.9890130584218833,0.9890130584218833,0.9890130584218833,0.8807970826714614,0.2689414213699951
0.9999999999998457,0.9999994956523514,0.999999814460854,0.9999986290421394,0.9999546021475793,0.9997965729534201,0.9998766053808288,0.99966464996832,0.9984988180062319,0.9959298622161507,0.997527377056997,0.9959298622161507,0.9984988180062319,0.997527377056997,0.9990889486412498,0.9959298622161507,0.997527377056997,0.9933071487351834,0.9984988180062319,0.9820137881297458,0.8807970826714614
0.999999999996021,1.125351754703302e-07,3.3982678079468468e-09,4.363462233903899e-09,5.60279640614594e-09,2.646573631904765e-09,4.363462233903899e-09,4.363462233903899e-09,2.0611536181902033e-09,1.2501528648238603e-09,2.0611536181902033e-09,1.2501528648238603e-09,7.582560422162384e-10,7.582560422162384e-10,9.736200303530205e-10,1.6052280526088547e-09,2.646573631904765e-09,2.0611536181902033e-09,2.646573631904765e-09,3.581747929000289e-10,4.599055376537186e-10
0.9999999999200804,0.0009110513587503459,3.7266388399128017e-06,1.6701429809483402e-05,6.144177531850823e-06,3.7266388399128017e-06,6.144177531850823e-06,6.144177531850823e-06,3.7266388399128017e-06,1.6701429809483402e-05,6.144177531850823e-06,3.7266388399128017e-06,1.3709578605790399e-06,6.144177531850823e-06,1.6701429809483402e-05,5.043476486929152e-07,3.9278634073828347e-07,2.3823696679343503e-07,8.315279285380714e-07,1.6701429809483402e-05,3.7266388399128017e-06
0.999999974890009,0.002472622943003016,0.0005527785524441057,0.37754066879814546,0.9241418267688302,0.9706877672877217,0.9959298622161507,0.9998766053808288,0.9999251537370122,0.9990889486412498,0.9994472214475559,0.9990889486412498,0.9984988180062319,0.9959298622161507,0.9984988180062319,0.9994472214475559,0.9933071487351834,0.9984988180062319,0.9933071487351834,0.9890130584218833,0.9933071487351834
0.999999999986112,0.9999991684720715,0.9999724643121783,0.9998766053808288,0.9990889486412498,0.9990889486412498,0.997527377056997,0.997527377056997,0.9959298622161507,0.9820137881297458,0.9241418267688302,0.8807970826714614,0.9706877672877217,0.9933071487351834,0.9706877672877217,0.6224593312018546,0.2689414213699951,0.11920291732853862,0.2689414213699951,0.7310585786300049,0.1824255149165352
0.9999999907625504,0.99999627336116,0.9999938558224682,0.9999999586006244,0.9999999943972036,0.9999999943972036,0.9999999907625504,0.9999999907625504,0.9999999847700205,0.9999999907625504,0.9999999907625504,0.9999999907625504,0.9999999956365377,0.9999999847700205,0.9999999943972036,0.9999999847700205,0.9999999847700205,0.9999999847700205,0.9999999928058669,0.9999999847700205,0.999999814460854
0.9999999999996734,0.997527377056997,0.9525741264858409,0.5,0.2689414213699951,0.1824255149165352,0.11920291732853862,0.047425873514159125,0.0293122327122782,0.0009110513587503459,0.0005527785524441057,0.00020342704657999323,0.0009110513587503459,0.0009110513587503459,0.0009110513587503459,0.006692851264816553,0.0015011819937681247,0.004070137783849419,0.1824255149165352,0.0015011819937681247,0.0009110513587503459
0.9999999999999731,0.9999999996418252,0.999999999868235,0.999999999782756,0.999999999868235,0.9999999998308102,0.999999999782756,0.9999999997210531,0.9999999996418252,0.9999999996418252,0.9999999994094697,0.9999999990263799,0.9999999987498471,0.9999999973534264,0.9999999995400946,0.9999999990263799,0.9999999979388463,0.9999999992417439,0.9999999994094697,0.9999999987498471,0.9999999973534264
0.9999999847700205,0.9525741264858409,0.2689414213699951,0.7310585786300049,0.1824255149165352,0.2689414213699951,0.7310585786300049,0.1824255149165352,0.1824255149165352,0.8175744850834648,0.2689414213699951,0.5,0.8175744850834648,0.9959298622161507,0.9990889486412498,0.9241418267688302,0.7310585786300049,0.8175744850834648,0.6224593312018546,0.8175744850834648,0.11920291732853862
0.9999999999991123,0.9999999998308102,0.9999999995400946,0.9999999990263799,0.9999999995400946,0.9999999994094697,0.9999999994094697,0.9999999987498471,0.9999999992417439,0.9999999966017321,0.9999999907625504,0.999999974890009,0.9999999847700205,0.9999999586006244,0.9999999847700205,0.9999999586006244,0.999999974890009,0.9999999847700205,0.9999999943972036,0.9999999586006244,0.999999814460854
0.9999999999995806,0.004070137783849419,6.144177531850823e-06,8.315279285380714e-07,1.125351754703302e-07,8.764248496102855e-08,2.5109990926928157e-08,9.237449576640118e-09,4.363462233903899e-09,5.60279640614594e-09,1.522997951276035e-08,1.955568070542584e-08,4.1399375473943306e-08,1.955568070542584e-08,3.2241866333029355e-08,5.3157849718487075e-08,3.059023363247549e-07,2.3823696679343503e-07,8.315279285380714e-07,3.2241866333029355e-08,5.3157849718487075e-08
0.9999999998973812,0.9959298622161507,0.99966464996832,0.9999546021475793,0.9999251537370122,0.9999251537370122,0.9999724643121783,0.9998766053808288,0.9999832985701905,0.9999938558224682,0.9997965729534201,0.9959298622161507,0.9984988180062319,0.9933071487351834,0.9984988180062319,0.9959298622161507,0.8807970826714614,0.9933071487351834,0.9706877672877217,0.8807970826714614,0.9706877672877217
0.9999999999915765,0.99999627336116,0.99966464996832,0.9820137881297458,0.9990889486412498,0.9997965729534201,0.9999251537370122,0.9997965729534201,0.9997965729534201,0.9959298622161507,0.9820137881297458,0.9890130584218833,0.9959298622161507,0.9933071487351834,0.9994472214475559,0.9890130584218833,0.8807970826714614,0.997527377056997,0.9999724643121783,0.9998766053808288,0.9959298622161507
0.9999999999515263,0.07585817323116975,4.5397852420729034e-05,1.6701429809483402e-05,1.760343003490802e-06,2.9023119851992182e-06,1.0129987357628251e-05,4.785094494835719e-06,3.7266388399128017e-06,1.0129987357628251e-05,8.315279285380714e-07,2.2603251062511995e-06,1.6701429809483402e-05,4.785094494835719e-06,4.785094494835719e-06,1.760343003490802e-06,2.9023119851992182e-06,4.785094494835719e-06,1.6701429809483402e-05,2.7535687821746045e-05,1.0129987357628251e-05
0.9999999999998799,0.9999832985701905,0.99966464996832,0.9984988180062319,0.8175744850834648,0.8175744850834648,0.8175744850834648,0.6224593312018546,0.1824255149165352,0.37754066879814546,0.047425873514159125,0.010986941578116867,0.07585817323116975,0.047425873514159125,0.01798621187025419,0.0015011819937681247,0.0015011819937681247,0.0015011819937681247,0.002472622943003016,0.0005527785524441057,0.00020342704657999323
0.9999999994094697,0.0015011819937681247,0.010986941578116867,0.002472622943003016,2.7535687821746045e-05,7.484626298776402e-05,0.00012339461917113592,0.00012339461917113592,0.00020342704657999323,0.0005527785524441057,0.00012339461917113592,7.484626298776402e-05,0.00012339461917113592,0.0005527785524441057,0.002472622943003016,0.00012339461917113592,1.6701429809483402e-05,7.484626298776402e-05,0.0005527785524441057,0.00020342704657999323,0.0003353500316799018
0.9999999999981204,0.999999999989184,0.999999999996021,0.9999999999969011,0.999999999996021,0.999999999994891,0.999999999996021,0.999999999994891,0.9999999999934397,0.9999999999821676,0.999999999986112,0.9999999999705993,0.9999999999705993,0.9999999999515263,0.9999999999771028,0.9999999999200804,0.9999999999515263,0.9999999998973812,0.9999999999515263,0.999999999868235,0.9999999996418252
0.999999999868235,0.2689414213699951,7.484626298776402e-05,4.5397852420729034e-05,4.5397852420729034e-05,3.7266388399128017e-06,1.0129987357628251e-05,1.0129987357628251e-05,6.144177531850823e-06,2.7535687821746045e-05,1.0129987357628251e-05,6.144177531850823e-06,1.0129987357628251e-05,2.7535687821746045e-05,7.484626298776402e-05,2.2603251062511995e-06,2.2603251062511995e-06,3.7266388399128017e-06,1.0129987357628251e-05,1.0129987357628251e-05,1.0129987357628251e-05
0.9999999999997455,0.9999977396748937,0.997527377056997,0.9241418267688302,0.7310585786300049,0.8175744850834648,0.8175744850834648,0.8807970826714614,0.37754066879814546,0.7310585786300049,0.5,0.9241418267688302,0.9241418267688302,0.9241418267688302,0.9525741264858409,0.7310585786300049,0.37754066879814546,0.37754066879814546,0.7310585786300049,0.6224593312018546,0.2689414213699951
0.9999999999975866,0.999999999986112,0.999999999989184,0.999999999986112,0.9999999999622486,0.9999999999515263,0.9999999999821676,0.9999999999705993,0.9999999999622486,0.9999999999377585,0.9999999999200804,0.9999999998308102,0.9999999999200804,0.9999999997210531,0.9999999998308102,0.9999999998308102,0.9999999997210531,0.999999999868235,0.9999999999200804,0.9999999998308102,0.9999999992417439
0.9999999995400946,7.484626298776402e-05,1.3709578605790399e-06,1.0129987357628251e-05,3.7266388399128017e-06,1.0129987357628251e-05,6.144177531850823e-06,1.0129987357628251e-05,3.7266388399128017e-06,3.7266388399128017e-06,8.315279285380714e-07,8.315279285380714e-07,1.3709578605790399e-06,3.7266388399128017e-06,1.6701429809483402e-05,8.315279285380714e-07,1.3709578605790399e-06,8.315279285380714e-07,1.3709578605790399e-06,3.7266388399128017e-06,1.3709578605790399e-06
0.9999999999998019,3.059023363247549e-07,2.5109990926928157e-08,1.955568070542584e-08,9.237449576640118e-09,9.237449576640118e-09,5.60279640614594e-09,3.3982678079468468e-09,2.0611536181902033e-09,1.6052280526088547e-09,3.3982678079468468e-09,9.736200303530205e-10,3.3982678079468468e-09,1.6052280526088547e-09,2.646573631904765e-09,5.60279640614594e-09,9.237449576640118e-09,1.955568070542584e-08,4.1399375473943306e-08,2.0611536181902033e-09,1.522997951276035e-08
0.9999999907625504,1.0129987357628251e-05,5.043476486929152e-07,6.475945666070602e-07,3.9278634073828347e-07,5.043476486929152e-07,2.2603251062511995e-06,6.144177531850823e-06,1.3007123813725571e-05,2.9023119851992182e-06,8.315279285380714e-07,2.9023119851992182e-06,1.067702997323512e-06,1.760343003490802e-06,1.760343003490802e-06,1.3709578605790399e-06,2.2603251062511995e-06,2.7535687821746045e-05,0.00020342704657999323,4.5397852420729034e-05,3.535625493426631e-05
0.9999999999998019,0.9999999928058669,0.9999999847700205,0.9999999928058669,0.999999974890009,0.9999999928058669,0.9999999956365377,0.99999998813888,0.9999999907625504,0.9999999317439628,0.999999974890009,0.9999998874648245,0.999999814460854,0.9999991684720715,0.9999998874648245,0.999999814460854,0.9999994956523514,0.9999994956523514,0.9999998874648245,0.9999998874648245,0.9999991684720715
0.9999999999993086,0.9999999999934397,0.999999999994891,0.9999999999934397,0.999999999989184,0.9999999999915765,0.9999999999915765,0.999999999986112,0.999999999989184,0.9999999999821676,0.9999999999377585,0.9999999999200804,0.9999999999515263,0.9999999998973812,0.9999999999705993,0.9999999999200804,0.9999999999377585,0.9999999999200804,0.9999999998973812,0.999999999782756,0.9999999992417439
0.9999999999934397,0.9999938558224682,0.9999724643121783,0.9998766053808288,0.9994472214475559,0.9820137881297458,0.9890130584218833,0.8807970826714614,0.6224593312018546,0.006692851264816553,0.0293122327122782,0.010986941578116867,0.047425873514159125,0.047425873514159125,0.11920291732853862,0.0293122327122782,0.047425873514159125,0.2689414213699951,0.2689414213699951,0.002472622943003016,0.004070137783849419
0.99999998813888,0.8807970826714614,0.5,0.047425873514159125,0.1824255149165352,0.047425873514159125,0.07585817323116975,0.07585817323116975,0.1824255149165352,0.0293122327122782,0.047425873514159125,0.11920291732853862,0.1824255149165352,0.7310585786300049,0.1824255149165352,0.07585817323116975,0.01798621187025419,0.07585817323116975,0.8175744850834648,0.8807970826714614,0.2689414213699951
0.9999999928058669,3.2241866333029355e-08,5.905303995456778e-10,1.2501528648238603e-09,1.6052280526088547e-09,2.646573631904765e-09,7.194132978569833e-09,3.3982678079468468e-09,5.905303995456778e-10,2.0611536181902033e-09,4.599055376537186e-10,9.736200303530205e-10,2.646573631904765e-09,4.363462233903899e-09,5.60279640614594e-09,1.6052280526088547e-09,5.905303995456778e-10,7.582560422162384e-10,2.646573631904765e-09,5.60279640614594e-09,3.3982678079468468e-09
0.9999999998308102,0.0003353500316799018,1.3709578605790399e-06,1.3709578605790399e-06,3.7266388399128017e-06,2.2603251062511995e-06,1.0129987357628251e-05,6.144177531850823e-06,8.315279285380714e-07,6.144177531850823e-06,1.0129987357628251e-05,2.7535687821746045e-05,7.484626298776402e-05,4.5397852420729034e-05,0.0003353500316799018,0.00012339461917113592,2.7535687821746045e-05,4.5397852420729034e-05,0.00012339461917113592,0.0009110513587503459,0.0003353500316799018
0.9999999943972036,2.1724399346070676e-10,1.0815941557168708e-11,3.978962535821407e-12,6.914400106935422e-13,8.878265478451776e-13,1.1399918530430558e-12,8.878265478451776e-13,2.4133627718273893e-12,2.4133627718273893e-12,1.1399918530430558e-12,1.1399918530430558e-12,2.4133627718273893e-12,5.109089028037223e-12,8.423463754397692e-12,3.098819138712223e-12,2.4133627718273893e-12,3.978962535821407e-12,1.3887943864771146e-11,2.2897348455931243e-11,1.7832472907828393e-11
0.9999999994094697,2.1724399346070676e-10,8.423463754397692e-12,2.4133627718273893e-12,1.8795288165355504e-12,3.098819138712223e-12,3.978962535821407e-12,3.098819138712223e-12,1.3887943864771146e-11,2.4133627718273893e-12,1.1399918530430558e-12,1.8795288165355504e-12,2.4133627718273893e-12,1.8795288165355504e-12,6.560200168110742e-12,1.8795288165355504e-12,1.8795288165355504e-12,6.914400106935422e-13,1.4637785141237664e-12,3.978962535821407e-12,1.1399918530430558e-12
0.9999999999969011,0.9999832985701905,0.8175744850834648,0.11920291732853862,0.01798621187025419,0.0009110513587503459,0.0005527785524441057,0.0009110513587503459,4.5397852420729034e-05,2.7535687821746045e-05,2.7535687821746045e-05,3.7266388399128017e-06,1.6701429809483402e-05,1.0129987357628251e-05,0.0003353500316799018,4.5397852420729034e-05,1.0129987357628251e-05,3.7266388399128017e-06,3.7266388399128017e-06,2.2603251062511995e-06,5.043476486929152e-07
0.9999999999934397,0.6224593312018546,8.315279285380714e-07,1.0129987357628251e-05,6.144177531850823e-06,5.043476486929152e-07,8.315279285380714e-07,1.3709578605790399e-06,1.3709578605790399e-06,8.315279285380714e-07,1.8553914607279396e-07,1.125351754703302e-07,6.825603724121505e-08,5.60279640614594e-09,4.1399375473943306e-08,1.522997951276035e-08,2.5109990926928157e-08,5.3157849718487075e-08,1.4449802095675026e-07,4.1399375473943306e-08,1.1861120010657661e-08
0.9999999999915765,0.07585817323116975,2.2603251062511995e-06,3.059023363247549e-07,1.8553914607279396e-07,1.125351754703302e-07,3.059023363247549e-07,1.125351754703302e-07,6.825603724121505e-08,1.125351754703302e-07,1.125351754703302e-07,4.1399375473943306e-08,1.125351754703302e-07,1.125351754703302e-07,1.8553914607279396e-07,1.125351754703302e-07,3.059023363247549e-07,3.059023363247549e-07,1.8553914607279396e-07,2.5109990926928157e-08,4.1399375473943306e-08
0.9999999586006244,0.5,0.8175744850834648,0.9890130584218833,0.9890130584218833,0.9525741264858409,0.9994472214475559,0.9997965729534201,0.9998766053808288,0.99966464996832,0.9999251537370122,0.997527377056997,0.9994472214475559,0.9990889486412498,0.9997965729534201,0.9984988180062319,0.9990889486412498,0.9984988180062319,0.9998766053808288,0.9990889486412498,0.9990889486412498
0.9999999804443193,0.9999251537370122,0.9820137881297458,0.9999898700126424,0.99999627336116,0.9999986290421394,0.9999898700126424,0.9999938558224682,0.9999986290421394,0.9999977396748937,0.99999627336116,0.9999938558224682,0.9999986290421394,0.9999977396748937,0.9999977396748937,0.99999627336116,0.9999986290421394,0.9999977396748937,0.9999986290421394,0.9999898700126424,0.9999546021475793
0.9999999999998457,0.9999999999985363,0.9999999999993086,0.9999999999991123,0.9999999999985363,0.9999999999985363,0.99999999999886,0.99999999999886,0.9999999999993086,0.9999999999985363,0.9999999999985363,0.9999999999975866,0.999999999996021,0.999999999996021,0.9999999999975866,0.999999999996021,0.9999999999934397,0.999999999996021,0.999999999994891,0.999999999994891,0.9999999999915765
0.9999999999991123,0.9999999943972036,0.9999999317439628,0.9999977396748937,0.9999994956523514,0.9999986290421394,0.9999986290421394,0.9999898700126424,0.9999938558224682,0.9999986290421394,0.9999977396748937,0.9999938558224682,0.9999986290421394,0.9999938558224682,0.9999991684720715,0.99999627336116,0.9999724643121783,0.9999546021475793,0.99999627336116,0.99999627336116,0.9999251537370122
0.9999999999200804,0.9999999907625504,0.9999999943972036,0.9999999987498471,0.9999999996418252,0.9999999996418252,0.9999999994094697,0.9999999994094697,0.9999999996418252,0.999999998394772,0.9999999979388463,0.9999999966017321,0.9999999943972036,0.9999999847700205,0.9999999943972036,0.999999974890009,0.9999998874648245,0.999999814460854,0.999999814460854,0.9999991684720715,0.9999832985701905
0.9999999943972036,3.581747929000289e-10,4.847368706035286e-11,3.775134544136581e-11,8.423463754397692e-12,3.978962535821407e-12,1.7832472907828393e-11,2.2897348455931243e-11,3.775134544136581e-11,8.423463754397692e-12,6.560200168110742e-12,2.2897348455931243e-11,1.0261879630648829e-10,3.775134544136581e-11,1.3176514268359263e-10,2.940077739198032e-11,2.940077739198032e-11,4.847368706035286e-11,1.0261879630648829e-10,7.991959892315218e-11,1.0261879630648829e-10
0.9999999943972036,0.9999999586006244,0.9999999943972036,0.9999999907625504,0.999999974890009,0.9999999586006244,0.9999999317439628,0.9999996940976636,0.9999996940976636,0.9999998874648245,0.9999996940976636,0.9999998874648245,0.9999999586006244,0.999999814460854,0.999999814460854,0.99999627336116,0.9999898700126424,0.99999627336116,0.9999994956523514,0.9999996940976636,0.9999546021475793
0.9999999999705993,0.9999996940976636,0.9999938558224682,0.9999986290421394,0.9999998874648245,0.9999998874648245,0.9999994956523514,0.9999994956523514,0.9999994956523514,0.9999996940976636,0.9999991684720715,0.9999994956523514,0.9999991684720715,0.9999977396748937,0.9999996940976636,0.9999977396748937,0.9999977396748937,0.9999994956523514,0.9999994956523514,0.9999991684720715,0.9999898700126424
0.9999999999969011,0.9241418267688302,0.006692851264816553,0.0005527785524441057,0.00020342704657999323,0.00012339461917113592,1.6701429809483402e-05,2.7535687821746045e-05,3.7266388399128017e-06,6.144177531850823e-06,2.2603251062511995e-06,8.315279285380714e-07,3.7266388399128017e-06,1.3709578605790399e-06,2.2603251062511995e-06,8.315279285380714e-07,5.043476486929152e-07,3.059023363247549e-07,2.2603251062511995e-06,2.2603251062511995e-06,5.043476486929152e-07
0.9999999998308102,0.9999999999821676,0.9999999999934397,0.999999999996021,0.9999999999915765,0.999999999986112,0.9999999999821676,0.9999999999705993,0.9999999999377585,0.9999999999515263,0.9999999998973812,0.999999999868235,0.9999999999200804,0.9999999999377585,0.9999999999515263,0.9999999997210531,0.9999999998308102,0.9999999996418252,0.9999999992417439,0.999999999782756,0.9999999987498471
0.9999977396748937,1.4637785141237664e-12,9.3576229688393e-14,2.6810038677817314e-14,2.6810038677817314e-14,1.6261110446177924e-14,2.6810038677817314e-14,3.442477108469858e-14,4.420228103640978e-14,2.6810038677817314e-14,4.420228103640978e-14,5.6756852326324e-14,7.287724095819161e-14,1.2015425731770343e-13,1.2015425731770343e-13,9.3576229688393e-14,9.3576229688393e-14,1.5428112031916497e-13,6.914400106935422e-13,1.9810087980485874e-13,2.5436656473762755e-13
0.9999999997210531,0.9999977396748937,0.9999999943972036,0.999999974890009,0.999999974890009,0.9999999586006244,0.9999996940976636,0.9999986290421394,0.9999938558224682,0.9999546021475793,0.99966464996832,0.9998766053808288,0.9998766053808288,0.9999251537370122,0.9999724643121783,0.9525741264858409,0.9525741264858409,0.8807970826714614,0.9706877672877217,0.9890130584218833,0.37754066879814546
0.9999999999622486,0.9890130584218833,0.2689414213699951,0.37754066879814546,0.0293122327122782,0.11920291732853862,0.1824255149165352,0.0293122327122782,0.2689414213699951,0.07585817323116975,0.11920291732853862,0.01798621187025419,0.006692851264816553,0.01798621187025419,0.1824255149165352,0.01798621187025419,0.01798621187025419,0.07585817323116975,0.6224593312018546,0.7310585786300049,0.1824255149165352
0.9999999999981204,0.99966464996832,0.07585817323116975,0.0005527785524441057,0.0015011819937681247,0.0005527785524441057,0.00012339461917113592,0.0005527785524441057,0.00020342704657999323,7.484626298776402e-05,6.144177531850823e-06,3.7266388399128017e-06,1.0129987357628251e-05,6.144177531850823e-06,1.6701429809483402e-05,6.144177531850823e-06,6.144177531850823e-06,6.144177531850823e-06,1.0129987357628251e-05,3.7266388399128017e-06,3.059023363247549e-07
0.9999999999969011,0.9999999995400946,0.9999999979388463,0.9999999943972036,0.9999999943972036,0.9999999804443193,0.999999974890009,0.999999814460854,0.999999814460854,0.9999994956523514,0.999999814460854,0.9999938558224682,0.9999991684720715,0.9999977396748937,0.99999627336116,0.9999938558224682,0.9999977396748937,0.9999938558224682,0.9999994956523514,0.9999898700126424,0.9999996940976636
0.9999999928058669,1.6918979223288786e-10,1.0261879630648829e-10,6.224144622520382e-11,1.0815941557168708e-11,8.423463754397692e-12,3.775134544136581e-11,3.775134544136581e-11,4.847368706035286e-11,1.3887943864771146e-11,3.775134544136581e-11,6.224144622520382e-11,2.1724399346070676e-10,7.991959892315218e-11,1.0261879630648829e-10,1.3176514268359263e-10,2.7894680920908113e-10,3.581747929000289e-10,7.582560422162384e-10,5.905303995456778e-10,2.1724399346070676e-10
0.9999999997210531,0.9994472214475559,0.9997965729534201,0.99966464996832,0.9959298622161507,0.99966464996832,0.9990889486412498,0.997527377056997,0.99966464996832,0.9997965729534201,0.9994472214475559,0.9984988180062319,0.9933071487351834,0.9994472214475559,0.9994472214475559,0.9933071487351834,0.9706877672877217,0.9890130584218833,0.99966464996832,0.9984988180062319,0.9933071487351834
0.99999998813888,4.363462233903899e-09,1.6918979223288786e-10,2.1724399346070676e-10,1.3176514268359263e-10,3.581747929000289e-10,5.905303995456778e-10,2.7894680920908113e-10,1.3176514268359263e-10,4.599055376537186e-10,2.7894680920908113e-10,9.736200303530205e-10,7.582560422162384e-10,7.582560422162384e-10,1.6052280526088547e-09,7.582560422162384e-10,3.581747929000289e-10,2.1724399346070676e-10,2.7894680920908113e-10,1.2501528648238603e-09,9.736200303530205e-10
0.9999999998308102,0.999999974890009,0.999999974890009,0.9999999847700205,0.9999999847700205,0.9999999847700205,0.9999999943972036,0.9999999847700205,0.9999999586006244,0.999999974890009,0.9999999317439628,0.9999998874648245,0.9999999317439628,0.9999999586006244,0.9999999928058669,0.9999998874648245,0.999999814460854,0.9999996940976636,0.999999814460854,0.999999814460854,0.99999627336116
0.9999999999998457,0.9999999999377585,0.9999999999771028,0.9999999999821676,0.9999999999705993,0.9999999999200804,0.9999999998973812,0.999999999868235,0.9999999998973812,0.999999999782756,0.9999999996418252,0.9999999996418252,0.9999999996418252,0.9999999996418252,0.9999999998308102,0.9999999996418252,0.9999999995400946,0.9999999994094697,0.9999999995400946,0.9999999995400946,0.9999999994094697
0.9999999999915765,4.1399375473943306e-08,5.60279640614594e-09,4.363462233903899e-09,1.1861120010657661e-08,4.363462233903899e-09,7.194132978569833e-09,3.2241866333029355e-08,9.237449576640118e-09,4.363462233903899e-09,2.646573631904765e-09,3.3982678079468468e-09,2.0611536181902033e-09,2.0611536181902033e-09,4.363462233903899e-09,3.3982678079468468e-09,2.0611536181902033e-09,2.646573631904765e-09,3.3982678079468468e-09,1.2501528648238603e-09,4.599055376537186e-10
0.999999855501979,0.0293122327122782,0.0003353500316799018,0.0005527785524441057,4.5397852420729034e-05,7.484626298776402e-05,0.0005527785524441057,4.5397852420729034e-05,0.0009110513587503459,0.0009110513587503459,0.00020342704657999323,0.0009110513587503459,0.004070137783849419,0.004070137783849419,0.006692851264816553,0.0003353500316799018,0.0015011819937681247,0.0009110513587503459,0.004070137783849419,0.0015011819937681247,0.010986941578116867
0.9999999847700205,1.125351754703302e-07,2.5109990926928157e-08,1.522997951276035e-08,5.60279640614594e-09,1.1861120010657661e-08,2.646573631904765e-09,5.60279640614594e-09,2.646573631904765e-09,2.646573631904765e-09,1.2501528648238603e-09,9.736200303530205e-10,4.363462233903899e-09,7.194132978569833e-09,9.237449576640118e-09,4.363462233903899e-09,5.60279640614594e-09,2.646573631904765e-09,4.363462233903899e-09,2.646573631904765e-09,5.60279640614594e-09
0.9999999999995806,0.9999999998308102,0.9999999998308102,0.9999999998973812,0.999999999782756,0.9999999998308102,0.9999999998308102,0.9999999997210531,0.9999999995400946,0.9999999987498471,0.9999999990263799,0.9999999987498471,0.999999998394772,0.9999999979388463,0.9999999979388463,0.9999999966017321,0.9999999966017321,0.9999999979388463,0.9999999973534264,0.999999998394772,0.9999999987498471
0.9999999995400946,0.6224593312018546,0.9959298622161507,0.9706877672877217,0.2689414213699951,0.5,0.9241418267688302,0.6224593312018546,0.7310585786300049,0.37754066879814546,0.0293122327122782,0.1824255149165352,0.5,0.8807970826714614,0.9959298622161507,0.9933071487351834,0.07585817323116975,0.07585817323116975,0.07585817323116975,0.7310585786300049,0.6224593312018546
0.9999999999998799,0.7310585786300049,0.1824255149165352,0.2689414213699951,0.006692851264816553,0.002472622943003016,0.0009110513587503459,7.484626298776402e-05,2.7535687821746045e-05,7.484626298776402e-05,0.00020342704657999323,0.00012339461917113592,4.5397852420729034e-05,7.484626298776402e-05,0.0003353500316799018,0.0003353500316799018,0.002472622943003016,0.0005527785524441057,0.006692851264816553,0.00012339461917113592,0.00020342704657999323
0.9999999996418252,0.00012339461917113592,2.2603251062511995e-06,2.2603251062511995e-06,8.315279285380714e-07,5.043476486929152e-07,3.059023363247549e-07,5.043476486929152e-07,5.043476486929152e-07,3.7266388399128017e-06,8.315279285380714e-07,8.315279285380714e-07,3.7266388399128017e-06,6.144177531850823e-06,7.484626298776402e-05,1.0129987357628251e-05,1.3709578605790399e-06,8.315279285380714e-07,2.2603251062511995e-06,1.6701429809483402e-05,1.0129987357628251e-05
0.9999999999995806,0.0005527785524441057,6.825603724121505e-08,6.825603724121505e-08,1.522997951276035e-08,2.5109990926928157e-08,2.5109990926928157e-08,2.5109990926928157e-08,1.125351754703302e-07,1.522997951276035e-08,4.363462233903899e-09,3.3982678079468468e-09,7.194132978569833e-09,2.646573631904765e-09,5.60279640614594e-09,2.0611536181902033e-09,5.60279640614594e-09,9.237449576640118e-09,1.522997951276035e-08,3.3982678079468468e-09,1.522997951276035e-08
0.99999999999886,0.9999977396748937,0.9525741264858409,0.9959298622161507,0.9994472214475559,0.9997965729534201,0.99966464996832,0.9984988180062319,0.9997965729534201,0.7310585786300049,0.9820137881297458,0.2689414213699951,0.8175744850834648,0.6224593312018546,0.1824255149165352,0.11920291732853862,0.6224593312018546,0.37754066879814546,0.7310585786300049,0.1824255149165352,0.5
0.999999999989184,0.9999999992417439,0.9999999943972036,0.9999999907625504,0.9999999907625504,0.9999998874648245,0.9999994956523514,0.9999986290421394,0.9999977396748937,0.9999832985701905,0.99999627336116,0.9999251537370122,0.9999898700126424,0.9999938558224682,0.9999938558224682,0.9999832985701905,0.99999627336116,0.9999724643121783,0.9999991684720715,0.9999724643121783,0.99999627336116
0.9999999999997455,0.9999999317439628,0.9999999586006244,0.9999999847700205,0.9999999586006244,0.9999999847700205,0.999999814460854,0.9999996940976636,0.999999814460854,0.9999994956523514,0.999999814460854,0.9999998874648245,0.9999996940976636,0.999999974890009,0.9999999847700205,0.999999974890009,0.999999974890009,0.9999999586006244,0.9999994956523514,0.9999977396748937,0.99999627336116
0.9999999999999065,2.7535687821746045e-05,8.315279285380714e-07,8.315279285380714e-07,8.315279285380714e-07,5.043476486929152e-07,1.4449802095675026e-07,1.8553914607279396e-07,5.3157849718487075e-08,2.5109990926928157e-08,3.2241866333029355e-08,6.825603724121505e-08,8.315279285380714e-07,3.059023363247549e-07,3.059023363247549e-07,1.8553914607279396e-07,3.059023363247549e-07,3.059023363247549e-07,2.2603251062511995e-06,1.3709578605790399e-06,1.3709578605790399e-06
0.9999999999915765,0.9999999998308102,0.9999999990263799,0.9999999992417439,0.9999999987498471,0.9999999987498471,0.9999999994094697,0.9999999979388463,0.999999974890009,0.9999999804443193,0.9999998874648245,0.9999996940976636,0.999999814460854,0.9999991684720715,0.9999991684720715,0.9999977396748937,0.9999977396748937,0.9999977396748937,0.9999991684720715,0.9999938558224682,0.99966464996832
0.9999999999969011,0.9999999998308102,0.999999999782756,0.999999999868235,0.9999999997210531,0.999999999782756,0.9999999996418252,0.999999998394772,0.9999999990263799,0.9999999966017321,0.9999999847700205,0.9999999317439628,0.9999999847700205,0.9999999847700205,0.9999999847700205,0.999999974890009,0.999999974890009,0.9999998874648245,0.9999999907625504,0.9999999586006244,0.999999974890009
0.9999999999969011,5.3157849718487075e-08,3.581747929000289e-10,4.847368706035286e-11,2.2897348455931243e-11,1.0815941557168708e-11,5.109089028037223e-12,3.098819138712223e-12,5.109089028037223e-12,1.8795288165355504e-12,1.1399918530430558e-12,1.4637785141237664e-12,8.423463754397692e-12,2.4133627718273893e-12,5.109089028037223e-12,1.4637785141237664e-12,2.4133627718273893e-12,1.4637785141237664e-12,3.978962535821407e-12,1.4637785141237664e-12,1.4637785141237664e-12
0.9999999995400946,0.9525741264858409,0.9890130584218833,0.99966464996832,0.9994472214475559,0.9998766053808288,0.9990889486412498,0.9999724643121783,0.9999724643121783,0.9994472214475559,0.997527377056997,0.9933071487351834,0.9933071487351834,0.9933071487351834,0.9959298622161507,0.9525741264858409,0.8175744850834648,0.7310585786300049,0.7310585786300049,0.6224593312018546,0.1824255149165352
0.9999999996418252,0.9999999317439628,0.9999999317439628,0.9999999586006244,0.9999999907625504,0.9999996940976636,0.9999998874648245,0.9999996940976636,0.9999986290421394,0.9999991684720715,0.9999977396748937,0.9999991684720715,0.99999627336116,0.9999832985701905,0.9999986290421394,0.9999251537370122,0.9999251537370122,0.9998766053808288,0.9999938558224682,0.9999938558224682,0.9990889486412498
0.9999999999998457,0.9999938558224682,0.99966464996832,0.997527377056997,0.9241418267688302,0.9706877672877217,0.8175744850834648,0.7310585786300049,0.07585817323116975,0.07585817323116975,0.07585817323116975,0.047425873514159125,0.11920291732853862,0.07585817323116975,0.047425873514159125,0.006692851264816553,0.01798621187025419,0.006692851264816553,0.010986941578116867,0.0015011819937681247,0.0003353500316799018
0.9999999999994615,0.9999999907625504,0.9999998874648245,0.9999996940976636,0.9999996940976636,0.9999986290421394,0.9999994956523514,0.9999991684720715,0.99999627336116,0.9999251537370122,0.9999546021475793,0.9984988180062319,0.9994472214475559,0.9959298622161507,0.9999546021475793,0.9999546021475793,0.9997965729534201,0.9990889486412498,0.9990889486412498,0.9820137881297458,0.9525741264858409
0.999999998394772,2.646573631904765e-09,1.6052280526088547e-09,1.6052280526088547e-09,1.3176514268359263e-10,2.1724399346070676e-10,1.6918979223288786e-10,1.3176514268359263e-10,6.224144622520382e-11,3.775134544136581e-11,2.940077739198032e-11,1.3887943864771146e-11,2.940077739198032e-11,3.775134544136581e-11,1.3176514268359263e-10,1.6918979223288786e-10,1.6918979223288786e-10,6.224144622520382e-11,7.991959892315218e-11,4.847368706035286e-11,7.991959892315218e-11
0.9999999997210531,0.37754066879814546,0.002472622943003016,0.11920291732853862,0.11920291732853862,0.047425873514159125,0.010986941578116867,0.01798621187025419,0.1824255149165352,0.047425873514159125,0.006692851264816553,0.0015011819937681247,0.0005527785524441057,0.002472622943003016,0.010986941578116867,0.0003353500316799018,0.00012339461917113592,7.484626298776402e-05,0.00012339461917113592,0.00020342704657999323,0.00020342704657999323
0.9999999123575151,0.37754066879814546,0.01798621187025419,0.9820137881297458,0.997527377056997,0.9990889486412498,0.9998766053808288,0.9998766053808288,0.9999251537370122,0.9990889486412498,0.9994472214475559,0.9994472214475559,0.9997965729534201,0.9994472214475559,0.9994472214475559,0.997527377056997,0.9994472214475559,0.9933071487351834,0.9994472214475559,0.9933071487351834,0.9984988180062319
0.99999999999886,0.004070137783849419,0.0005527785524441057,0.004070137783849419,0.00020342704657999323,0.00020342704657999323,0.00020342704657999323,0.002472622943003016,0.004070137783849419,0.0005527785524441057,0.00012339461917113592,0.00012339461917113592,4.5397852420729034e-05,7.484626298776402e-05,0.004070137783849419,0.0009110513587503459,0.00020342704657999323,0.00012339461917113592,0.00012339461917113592,1.0129987357628251e-05,1.0129987357628251e-05
0.9999999999200804,1.6701429809483402e-05,5.043476486929152e-07,2.2603251062511995e-06,3.7266388399128017e-06,1.3709578605790399e-06,1.3709578605790399e-06,3.7266388399128017e-06,1.3709578605790399e-06,3.059023363247549e-07,1.125351754703302e-07,1.8553914607279396e-07,1.3709578605790399e-06,1.3709578605790399e-06,1.6701429809483402e-05,3.7266388399128017e-06,3.7266388399128017e-06,5.043476486929152e-07,1.3709578605790399e-06,1.3709578605790399e-06,8.315279285380714e-07
0.9999999999993086,0.9999994956523514,0.9999251537370122,0.9994472214475559,0.9984988180062319,0.9706877672877217,0.9933071487351834,0.9820137881297458,0.8175744850834648,0.9241418267688302,0.8175744850834648,0.8807970826714614,0.9241418267688302,0.9525741264858409,0.9890130584218833,0.8175744850834648,0.9525741264858409,0.7310585786300049,0.9820137881297458,0.6224593312018546,0.2689414213699951
0.9999999999999272,0.9999999996418252,0.9999999973534264,0.9999999979388463,0.9999999979388463,0.999999998394772,0.9999999992417439,0.999999998394772,0.9999999966017321,0.9999999907625504,0.9999999907625504,0.999999974890009,0.9999998874648245,0.9999998874648245,0.9999999586006244,0.9999998874648245,0.9999999586006244,0.999999974890009,0.9999999847700205,0.9999999907625504,0.9999999586006244
0.9999999998973812,0.9999724643121783,0.9990889486412498,0.9999724643121783,0.9999977396748937,0.99999627336116,0.9999938558224682,0.9999994956523514,0.9999991684720715,0.9999938558224682,0.9999724643121783,0.9999546021475793,0.9999898700126424,0.9999977396748937,0.99999627336116,0.9999938558224682,0.9999251537370122,0.9994472214475559,0.9997965729534201,0.9999898700126424,0.9999938558224682
0.9999999999993086,0.99999998813888,0.9999999973534264,0.9999999994094697,0.9999999979388463,0.9999999995400946,0.9999999990263799,0.9999999979388463,0.9999999907625504,0.9999999847700205,0.999999974890009,0.9999998874648245,0.999999974890009,0.9999999907625504,0.9999999907625504,0.9999999586006244,0.9999999847700205,0.9999999586006244,0.999999974890009,0.9999999317439628,0.9999994956523514
0.9999999928058669,0.9984988180062319,0.9890130584218833,0.9994472214475559,0.9990889486412498,0.9706877672877217,0.997527377056997,0.9890130584218833,0.9820137881297458,0.9990889486412498,0.9984988180062319,0.9997965729534201,0.99966464996832,0.9890130584218833,0.99966464996832,0.997527377056997,0.9959298622161507,0.9820137881297458,0.9706877672877217,0.9959298622161507,0.8175744850834648
0.9999999999975866,1.125351754703302e-07,6.825603724121505e-08,6.825603724121505e-08,3.059023363247549e-07,5.043476486929152e-07,3.2241866333029355e-08,5.3157849718487075e-08,2.3823696679343503e-07,2.3823696679343503e-07,3.2241866333029355e-08,1.955568070542584e-08,1.955568070542584e-08,3.2241866333029355e-08,3.2241866333029355e-08,1.6052280526088547e-09,5.60279640614594e-09,5.60279640614594e-09,1.522997951276035e-08,5.60279640614594e-09,5.60279640614594e-09
0.9999999966017321,1.6701429809483402e-05,2.2603251062511995e-06,1.125351754703302e-07,1.522997951276035e-08,9.237449576640118e-09,9.237449576640118e-09,1.522997951276035e-08,6.825603724121505e-08,4.1399375473943306e-08,2.5109990926928157e-08,6.825603724121505e-08,6.825603724121505e-08,6.825603724121505e-08,6.825603724121505e-08,6.825603724121505e-08,6.825603724121505e-08,1.8553914607279396e-07,8.315279285380714e-07,1.8553914607279396e-07,1.125351754703302e-07
0.99999999999886,0.9933071487351834,0.0293122327122782,0.0015011819937681247,0.0009110513587503459,0.0015011819937681247,0.004070137783849419,0.01798621187025419,0.010986941578116867,0.0015011819937681247,0.0009110513587503459,0.0009110513587503459,0.0003353500316799018,7.484626298776402e-05,0.0005527785524441057,0.0005527785524441057,0.0005527785524441057,0.0015011819937681247,0.004070137783849419,0.00012339461917113592,4.5397852420729034e-05
0.9999999677581336,0.9820137881297458,0.9241418267688302,0.9890130584218833,0.9990889486412498,0.9933071487351834,0.997527377056997,0.9984988180062319,0.9997965729534201,0.9998766053808288,0.9998766053808288,0.9999546021475793,0.9999938558224682,0.9999832985701905,0.9999251537370122,0.9997965729534201,0.99966464996832,0.9994472214475559,0.99966464996832,0.9990889486412498,0.9959298622161507
0.9999999999969011,0.999999999986112,0.9999999999934397,0.999999999994891,0.999999999989184,0.999999999989184,0.999999999994891,0.999999999989184,0.999999999986112,0.999999999986112,0.9999999999771028,0.9999999999705993,0.9999999999515263,0.9999999999377585,0.9999999999622486,0.9999999999200804,0.9999999999200804,0.9999999999515263,0.9999999999515263,0.9999999998973812,0.999999999868235
0.9999999999994615,0.002472622943003016,6.144177531850823e-06,1.3007123813725571e-05,7.889264466933239e-06,4.785094494835719e-06,4.785094494835719e-06,2.9023119851992182e-06,6.475945666070602e-07,1.067702997323512e-06,1.760343003490802e-06,1.3709578605790399e-06,6.144177531850823e-06,3.7266388399128017e-06,3.7266388399128017e-06,2.9023119851992182e-06,4.785094494835719e-06,7.889264466933239e-06,7.889264466933239e-06,1.3709578605790399e-06,6.144177531850823e-06
0.9999999999999656,0.8175744850834648,0.006692851264816553,0.5,0.1824255149165352,0.11920291732853862,0.010986941578116867,0.07585817323116975,0.0015011819937681247,0.002472622943003016,0.004070137783849419,0.0009110513587503459,0.0293122327122782,0.010986941578116867,0.004070137783849419,0.004070137783849419,0.01798621187025419,0.11920291732853862,0.0293122327122782,0.0009110513587503459,0.002472622943003016
0.9999999987498471,6.144177531850823e-06,6.825603724121505e-08,1.8553914607279396e-07,6.825603724121505e-08,3.059023363247549e-07,5.043476486929152e-07,8.315279285380714e-07,1.3709578605790399e-06,8.315279285380714e-07,8.315279285380714e-07,5.043476486929152e-07,6.825603724121505e-08,1.8553914607279396e-07,5.043476486929152e-07,8.315279285380714e-07,5.043476486929152e-07,1.125351754703302e-07,3.059023363247549e-07,1.125351754703302e-07,5.043476486929152e-07
0.9999999992417439,0.9999998874648245,0.9999998874648245,0.9999998874648245,0.999999814460854,0.9999977396748937,0.9999986290421394,0.9999991684720715,0.9999994956523514,0.9999986290421394,0.9999938558224682,0.9999938558224682,0.99999627336116,0.9999977396748937,0.9999986290421394,0.9999898700126424,0.9999546021475793,0.9999724643121783,0.9999898700126424,0.9999977396748937,0.9999832985701905
0.9999999999985363,0.9999999996418252,0.999999999782756,0.9999999999200804,0.9999999999377585,0.9999999998973812,0.999999999868235,0.999999999782756,0.9999999998973812,0.9999999994094697,0.9999999994094697,0.9999999966017321,0.9999999994094697,0.9999999987498471,0.9999999987498471,0.9999999979388463,0.9999999992417439,0.9999999992417439,0.999999998394772,0.9999999966017321,0.9999999966017321
0.9999999992417439,0.9999999943972036,0.9999999987498471,0.9999999996418252,0.9999999966017321,0.9999999943972036,0.9999999966017321,0.999999974890009,0.9999999317439628,0.9999999317439628,0.9999986290421394,0.9999999317439628,0.999999814460854,0.9999999317439628,0.9999999847700205,0.9999994956523514,0.9999986290421394,0.9999977396748937,0.9999977396748937,0.9999977396748937,0.9999898700126424
0.9999999999998457,0.9959298622161507,0.0015011819937681247,0.004070137783849419,0.0015011819937681247,0.01798621187025419,0.004070137783849419,0.0005527785524441057,0.00020342704657999323,4.5397852420729034e-05,0.002472622943003016,0.00020342704657999323,7.484626298776402e-05,4.5397852420729034e-05,4.5397852420729034e-05,0.00012339461917113592,0.00012339461917113592,2.7535687821746045e-05,0.00012339461917113592,3.7266388399128017e-06,3.7266388399128017e-06
0.9999999999999558,0.99999998813888,0.9999999966017321,0.9999999994094697,0.9999999987498471,0.9999999992417439,0.999999998394772,0.9999999973534264,0.9999999973534264,0.9999999966017321,0.9999999907625504,0.9999999847700205,0.9999999966017321,0.9999999973534264,0.9999999973534264,0.9999999966017321,0.9999999907625504,0.9999999956365377,0.9999999928058669,0.9999999943972036,0.999999974890009
0.9999999847700205,3.098819138712223e-12,1.5428112031916497e-13,1.2015425731770343e-13,3.442477108469858e-14,3.442477108469858e-14,9.3576229688393e-14,3.442477108469858e-14,5.6756852326324e-14,2.6810038677817314e-14,9.3576229688393e-14,5.6756852326324e-14,7.287724095819161e-14,1.9810087980485874e-13,2.5436656473762755e-13,1.2015425731770343e-13,1.9810087980485874e-13,4.1937956583777856e-13,2.4133627718273893e-12,5.384940217751136e-13,4.1937956583777856e-13
0.9999999999998019,0.9999996940976636,0.9999999317439628,0.999999814460854,0.999999814460854,0.9999986290421394,0.999999814460854,0.9999998874648245,0.9999996940976636,0.9999977396748937,0.9999938558224682,0.9999977396748937,0.9999986290421394,0.9999977396748937,0.9999994956523514,0.9999938558224682,0.9999898700126424,0.9999977396748937,0.9999986290421394,0.9998766053808288,0.9999832985701905
0.9999999998973812,0.9999832985701905,0.9999251537370122,0.999999814460854,0.9999998874648245,0.9999999847700205,0.999999974890009,0.9999999847700205,0.9999999907625504,0.9999999847700205,0.9999999847700205,0.9999999847700205,0.9999999317439628,0.9999999586006244,0.9999999907625504,0.999999814460854,0.9999999586006244,0.9999999586006244,0.999999974890009,0.999999814460854,0.999999814460854
0.9999999998308102,9.237449576640118e-09,9.736200303530205e-10,3.581747929000289e-10,4.599055376537186e-10,7.582560422162384e-10,9.736200303530205e-10,1.6052280526088547e-09,1.6052280526088547e-09,7.582560422162384e-10,2.7894680920908113e-10,2.1724399346070676e-10,1.6052280526088547e-09,1.2501528648238603e-09,9.736200303530205e-10,3.581747929000289e-10,3.581747929000289e-10,1.3176514268359263e-10,2.0611536181902033e-09,5.905303995456778e-10,5.905303995456778e-10
0.9999999999999656,3.059023363247549e-07,7.194132978569833e-09,5.60279640614594e-09,9.237449576640118e-09,1.1861120010657661e-08,2.646573631904765e-09,2.0611536181902033e-09,9.736200303530205e-10,4.599055376537186e-10,1.6052280526088547e-09,7.582560422162384e-10,1.6052280526088547e-09,7.582560422162384e-10,1.2501528648238603e-09,2.646573631904765e-09,3.3982678079468468e-09,4.363462233903899e-09,7.194132978569833e-09,7.582560422162384e-10,5.60279640614594e-09
0.999999999986112,0.9999999992417439,0.9999999997210531,0.9999999994094697,0.9999999994094697,0.9999999995400946,0.9999999992417439,0.9999999987498471,0.999999998394772,0.9999999973534264,0.9999999979388463,0.9999999943972036,0.9999999966017321,0.9999999928058669,0.9999999928058669,0.9999999847700205,0.9999999928058669,0.999999974890009,0.9999999956365377,0.9999999586006244,0.9999999586006244
0.9999999999975866,0.0003353500316799018,1.0129987357628251e-05,6.144177531850823e-06,6.144177531850823e-06,6.144177531850823e-06,1.6701429809483402e-05,7.484626298776402e-05,4.5397852420729034e-05,6.144177531850823e-06,1.3709578605790399e-06,1.760343003490802e-06,3.7266388399128017e-06,2.2603251062511995e-06,6.144177531850823e-06,6.144177531850823e-06,6.144177531850823e-06,1.0129987357628251e-05,4.5397852420729034e-05,1.0129987357628251e-05,1.3709578605790399e-06
0.9999999999996734,0.9999999999377585,0.9999999999622486,0.999999999782756,0.999999999868235,0.9999999997210531,0.9999999997210531,0.999999999782756,0.9999999998308102,0.999999999782756,0.9999999997210531,0.9999999996418252,0.9999999994094697,0.9999999994094697,0.9999999996418252,0.9999999992417439,0.9999999994094697,0.9999999992417439,0.9999999995400946,0.9999999994094697,0.999999998394772
0.9999999847700205,0.9999999943972036,0.9999999995400946,0.9999999995400946,0.9999999998973812,0.999999999868235,0.9999999998308102,0.9999999997210531,0.9999999997210531,0.9999999997210531,0.9999999995400946,0.9999999995400946,0.9999999998973812,0.9999999997210531,0.9999999997210531,0.9999999995400946,0.9999999996418252,0.9999999997210531,0.9999999992417439,0.9999999992417439,0.9999999907625504
0.9999999999996734,0.9999999996418252,0.9999999907625504,0.999999974890009,0.9999999943972036,0.9999999943972036,0.9999999943972036,0.9999999907625504,0.9999999907625504,0.999999974890009,0.9999999317439628,0.9999977396748937,0.9999986290421394,0.9999996940976636,0.9999994956523514,0.9999977396748937,0.9999986290421394,0.9999977396748937,0.9999991684720715,0.9999938558224682,0.9999994956523514
0.9999999999994615,0.006692851264816553,2.2603251062511995e-06,6.475945666070602e-07,5.043476486929152e-07,1.3709578605790399e-06,2.2603251062511995e-06,2.2603251062511995e-06,3.9278634073828347e-07,1.125351754703302e-07,1.8553914607279396e-07,3.9278634073828347e-07,1.760343003490802e-06,4.785094494835719e-06,2.9023119851992182e-06,3.7266388399128017e-06,6.144177531850823e-06,3.7266388399128017e-06,2.7535687821746045e-05,1.3709578605790399e-06,3.7266388399128017e-06
0.9999999999200804,0.1824255149165352,0.07585817323116975,0.11920291732853862,0.2689414213699951,0.1824255149165352,0.5,0.7310585786300049,0.8175744850834648,0.7310585786300049,0.2689414213699951,0.6224593312018546,0.5,0.2689414213699951,0.6224593312018546,0.9706877672877217,0.9241418267688302,0.9933071487351834,0.9990889486412498,0.9933071487351834,0.9890130584218833
0.9999999999622486,0.9890130584218833,0.9525741264858409,0.9820137881297458,0.9241418267688302,0.9890130584218833,0.9984988180062319,0.9890130584218833,0.9984988180062319,0.9933071487351834,0.6224593312018546,0.7310585786300049,0.37754066879814546,0.2689414213699951,0.2689414213699951,0.01798621187025419,0.010986941578116867,0.010986941578116867,0.2689414213699951,0.37754066879814546,0.11920291732853862
0.9999999999705993,0.997527377056997,0.9525741264858409,0.9525741264858409,0.2689414213699951,0.6224593312018546,0.7310585786300049,0.7310585786300049,0.8807970826714614,0.6224593312018546,0.11920291732853862,0.1824255149165352,0.1824255149165352,0.5,0.6224593312018546,0.07585817323116975,0.01798621187025419,0.01798621187025419,0.047425873514159125,0.2689414213699951,0.07585817323116975
0.999999999986112,0.0015011819937681247,6.144177531850823e-06,2.2603251062511995e-06,5.043476486929152e-07,6.475945666070602e-07,8.764248496102855e-08,2.3823696679343503e-07,1.125351754703302e-07,5.043476486929152e-07,1.125351754703302e-07,3.2241866333029355e-08,2.5109990926928157e-08,6.825603724121505e-08,6.825603724121505e-08,3.2241866333029355e-08,5.3157849718487075e-08,4.1399375473943306e-08,1.4449802095675026e-07,1.125351754703302e-07,9.237449576640118e-09
0.999999999868235,3.7266388399128017e-06,6.144177531850823e-06,1.6701429809483402e-05,1.3709578605790399e-06,6.825603724121505e-08,6.475945666070602e-07,6.475945666070602e-07,6.475945666070602e-07,6.475945666070602e-07,4.1399375473943306e-08,1.125351754703302e-07,2.3823696679343503e-07,8.764248496102855e-08,1.3709578605790399e-06,1.8553914607279396e-07,1.8553914607279396e-07,8.764248496102855e-08,1.8553914607279396e-07,6.825603724121505e-08,3.2241866333029355e-08
0.9999999999200804,0.9999999966017321,0.9999999994094697,0.9999999987498471,0.9999999994094697,0.9999999973534264,0.9999999847700205,0.9999999928058669,0.999999974890009,0.999999974890009,0.999999974890009,0.9999999907625504,0.9999999943972036,0.9999999928058669,0.9999999847700205,0.999999814460854,0.9999996940976636,0.9999994956523514,0.9999994956523514,0.9999986290421394,0.9999977396748937
0.9999999999993086,0.9999986290421394,0.9525741264858409,0.9999251537370122,0.9990889486412498,0.9998766053808288,0.99966464996832,0.9706877672877217,0.9984988180062319,0.2689414213699951,0.1824255149165352,0.010986941578116867,0.2689414213699951,0.0293122327122782,0.0293122327122782,0.37754066879814546,0.2689414213699951,0.11920291732853862,0.7310585786300049,0.01798621187025419,0.11920291732853862
0.9999999999995806,0.9999999907625504,0.9999999847700205,0.999999814460854,0.9999986290421394,0.9999986290421394,0.9999977396748937,0.9999938558224682,0.9990889486412498,0.9999251537370122,0.9984988180062319,0.9984988180062319,0.9997965729534201,0.9933071487351834,0.99966464996832,0.9994472214475559,0.997527377056997,0.9990889486412498,0.9994472214475559,0.9890130584218833,0.7310585786300049
0.9999999979388463,0.010986941578116867,0.0003353500316799018,0.00012339461917113592,0.0005527785524441057,0.00020342704657999323,0.0015011819937681247,0.004070137783849419,0.010986941578116867,0.002472622943003016,0.0009110513587503459,0.0005527785524441057,0.0003353500316799018,7.484626298776402e-05,0.0009110513587503459,7.484626298776402e-05,0.0003353500316799018,0.002472622943003016,0.006692851264816553,0.01798621187025419,0.002472622943003016
0.999999999994891,0.9999999996418252,0.999999999782756,0.9999999996418252,0.9999999996418252,0.9999999992417439,0.9999999990263799,0.9999999966017321,0.9999999943972036,0.9999999847700205,0.9999999317439628,0.9999994956523514,0.9999991684720715,0.9999996940976636,0.9999996940976636,0.99999627336116,0.9999991684720715,0.9999996940976636,0.9999996940976636,0.999999814460854,0.9999977396748937
0.999999999996021,0.9999999979388463,0.9999999987498471,0.9999999994094697,0.9999999990263799,0.9999999992417439,0.9999999994094697,0.9999999994094697,0.9999999995400946,0.9999999987498471,0.9999999956365377,0.9999999966017321,0.9999999943972036,0.9999999979388463,0.9999999979388463,0.99999998813888,0.9999999677581336,0.9999999804443193,0.9999999804443193,0.9999999677581336,0.9999996940976636
0.9999999999998457,0.9999999995400946,0.9999999973534264,0.9999999907625504,0.9999998874648245,0.9999999317439628,0.9999999586006244,0.9999998874648245,0.9999994956523514,0.9999898700126424,0.99966464996832,0.9933071487351834,0.9998766053808288,0.9997965729534201,0.9999546021475793,0.99966464996832,0.9994472214475559,0.9999546021475793,0.9999832985701905,0.9990889486412498,0.997527377056997
0.9999999999705993,0.07585817323116975,0.002472622943003016,0.010986941578116867,0.01798621187025419,0.11920291732853862,0.07585817323116975,0.37754066879814546,0.37754066879814546,0.8175744850834648,0.7310585786300049,0.07585817323116975,0.11920291732853862,0.6224593312018546,0.5,0.2689414213699951,0.047425873514159125,0.2689414213699951,0.9241418267688302,0.9241418267688302,0.11920291732853862
0.9999999999975866,0.0293122327122782,2.2603251062511995e-06,3.059023363247549e-07,8.764248496102855e-08,4.1399375473943306e-08,1.125351754703302e-07,1.1861120010657661e-08,4.363462233903899e-09,1.6052280526088547e-09,7.582560422162384e-10,5.905303995456778e-10,2.646573631904765e-09,2.0611536181902033e-09,9.736200303530205e-10,7.582560422162384e-10,3.3982678079468468e-09,2.0611536181902033e-09,1.2501528648238603e-09,3.581747929000289e-10,1.0261879630648829e-10
0.999999999986112,0.999999974890009,0.9999724643121783,0.9999724643121783,0.9999251537370122,0.9994472214475559,0.9959298622161507,0.9890130584218833,0.9890130584218833,0.1824255149165352,0.5,0.047425873514159125,0.5,0.5,0.7310585786300049,0.9525741264858409,0.9820137881297458,0.7310585786300049,0.997527377056997,0.9706877672877217,0.9890130584218833
0.9999991684720715,7.194132978569833e-09,2.1724399346070676e-10,3.581747929000289e-10,4.599055376537186e-10,1.6052280526088547e-09,2.0611536181902033e-09,7.194132978569833e-09,6.825603724121505e-08,1.955568070542584e-08,1.522997951276035e-08,1.522997951276035e-08,7.194132978569833e-09,3.2241866333029355e-08,7.194132978569833e-09,1.1861120010657661e-08,7.194132978569833e-09,2.0611536181902033e-09,9.237449576640118e-09,2.646573631904765e-09,1.1861120010657661e-08
0.9999999907625504,2.2603251062511995e-06,1.955568070542584e-08,1.522997951276035e-08,1.522997951276035e-08,4.1399375473943306e-08,3.2241866333029355e-08,5.3157849718487075e-08,5.043476486929152e-07,1.8553914607279396e-07,1.125351754703302e-07,1.125351754703302e-07,1.522997951276035e-08,4.1399375473943306e-08,1.125351754703302e-07,4.1399375473943306e-08,4.1399375473943306e-08,1.955568070542584e-08,5.3157849718487075e-08,9.237449576640118e-09,4.1399375473943306e-08
0.9999999999705993,0.5,0.002472622943003016,0.006692851264816553,0.0005527785524441057,0.00020342704657999323,0.00012339461917113592,0.00012339461917113592,4.5397852420729034e-05,1.6701429809483402e-05,1.6701429809483402e-05,7.484626298776402e-05,0.00020342704657999323,2.7535687821746045e-05,0.0003353500316799018,3.7266388399128017e-06,2.2603251062511995e-06,3.7266388399128017e-06,4.5397852420729034e-05,0.00012339461917113592,2.7535687821746045e-05
0.9999999999934397,1.8553914607279396e-07,3.3982678079468468e-09,2.1724399346070676e-10,3.775134544136581e-11,1.3887943864771146e-11,1.7832472907828393e-11,1.0815941557168708e-11,3.098819138712223e-12,3.098819138712223e-12,1.8795288165355504e-12,6.914400106935422e-13,3.978962535821407e-12,3.098819138712223e-12,3.098819138712223e-12,5.109089028037223e-12,1.4637785141237664e-12,3.098819138712223e-12,3.978962535821407e-12,3.098819138712223e-12,6.560200168110742e-12
0.9999999999998457,0.999999999996021,0.9999999999975866,0.9999999999975866,0.9999999999969011,0.999999999996021,0.999999999996021,0.999999999989184,0.999999999994891,0.9999999999915765,0.9999999999915765,0.999999999986112,0.999999999986112,0.999999999989184,0.999999999989184,0.9999999999821676,0.9999999999821676,0.9999999999821676,0.9999999999821676,0.9999999999622486,0.9999999999377585
0.9999999999377585,0.004070137783849419,1.6701429809483402e-05,4.5397852420729034e-05,1.6701429809483402e-05,0.00020342704657999323,0.00020342704657999323,0.0015011819937681247,0.006692851264816553,0.0009110513587503459,0.0015011819937681247,0.002472622943003016,0.0003353500316799018,0.0005527785524441057,0.0015011819937681247,0.0005527785524441057,7.484626298776402e-05,0.00020342704657999323,0.11920291732853862,0.047425873514159125,0.006692851264816553
0.9999999999998799,0.9999999995400946,0.9999999994094697,0.9999999992417439,0.9999999996418252,0.9999999996418252,0.9999999995400946,0.9999999994094697,0.9999999994094697,0.9999999966017321,0.9999999943972036,0.9999999943972036,0.9999999979388463,0.9999999943972036,0.9999999847700205,0.9999999586006244,0.9999999317439628,0.9999999847700205,0.9999999928058669,0.999999974890009,0.9999999586006244
0.9999999999995806,0.9999999992417439,0.999999974890009,0.999999814460854,0.9999251537370122,0.9998766053808288,0.9999724643121783,0.9999251537370122,0.9997965729534201,0.9999546021475793,0.9984988180062319,0.9933071487351834,0.9933071487351834,0.9984988180062319,0.9990889486412498,0.9890130584218833,0.7310585786300049,0.9525741264858409,0.9706877672877217,0.9890130584218833,0.8175744850834648
0.999999999994891,4.1399375473943306e-08,1.2501528648238603e-09,6.224144622520382e-11,1.7832472907828393e-11,6.224144622520382e-11,6.224144622520382e-11,3.775134544136581e-11,2.2897348455931243e-11,5.109089028037223e-12,5.109089028037223e-12,6.560200168110742e-12,8.423463754397692e-12,1.7832472907828393e-11,3.775134544136581e-11,1.7832472907828393e-11,7.991959892315218e-11,6.224144622520382e-11,3.775134544136581e-11,3.978962535821407e-12,6.560200168110742e-12
0.9999999999997455,0.9999999999969011,0.9999999999991123,0.9999999999985363,0.9999999999969011,0.999999999994891,0.9999999999934397,0.999999999996021,0.9999999999975866,0.999999999994891,0.9999999999915765,0.999999999989184,0.999999999989184,0.999999999989184,0.9999999999934397,0.999999999986112,0.9999999999915765,0.999999999986112,0.999999999986112,0.9999999999771028,0.9999999999622486
0.9999999847700205,0.9890130584218833,0.9959298622161507,0.9933071487351834,0.9984988180062319,0.9990889486412498,0.9984988180062319,0.9706877672877217,0.997527377056997,0.99966464996832,0.9890130584218833,0.9990889486412498,0.9998766053808288,0.9999724643121783,0.9999898700126424,0.9994472214475559,0.9994472214475559,0.9984988180062319,0.9990889486412498,0.99966464996832,0.9890130584218833
0.9999999999999065,0.99999627336116,0.9999251537370122,0.9990889486412498,0.9959298622161507,0.997527377056997,0.9984988180062319,0.9890130584218833,0.9706877672877217,0.9820137881297458,0.8807970826714614,0.9706877672877217,0.9890130584218833,0.9241418267688302,0.9820137881297458,0.5,0.2689414213699951,0.6224593312018546,0.37754066879814546,0.07585817323116975,0.11920291732853862
0.999999999989184,0.999999999782756,0.999999999868235,0.9999999996418252,0.9999999994094697,0.9999999992417439,0.9999999990263799,0.9999999987498471,0.9999999979388463,0.9999999973534264,0.9999999847700205,0.999999974890009,0.999999974890009,0.999999974890009,0.9999999586006244,0.9999999804443193,0.9999999468421502,0.9999999317439628,0.9999999847700205,0.999999974890009,0.999999814460854
0.9999999966017321,9.736200303530205e-10,3.775134544136581e-11,8.423463754397692e-12,5.109089028037223e-12,6.560200168110742e-12,2.2897348455931243e-11,1.0815941557168708e-11,6.560200168110742e-12,1.3887943864771146e-11,3.775134544136581e-11,3.775134544136581e-11,1.0261879630648829e-10,7.991959892315218e-11,1.6918979223288786e-10,4.847368706035286e-11,6.224144622520382e-11,6.224144622520382e-11,4.599055376537186e-10,2.1724399346070676e-10,3.581747929000289e-10
0.9999999999991123,0.9999999966017321,0.9999999586006244,0.9999999979388463,0.999999998394772,0.999999998394772,0.9999999973534264,0.9999999943972036,0.9999999956365377,0.9999999943972036,0.999999974890009,0.9999998874648245,0.9999999586006244,0.9999998874648245,0.999999814460854,0.9999994956523514,0.9999991684720715,0.9999986290421394,0.9999991684720715,0.99999627336116,0.9999898700126424
0.9999991684720715,1.8795288165355504e-12,7.287724095819161e-14,2.08796791164589e-14,3.442477108469858e-14,3.442477108469858e-14,7.287724095819161e-14,7.287724095819161e-14,4.420228103640978e-14,2.6810038677817314e-14,3.442477108469858e-14,4.420228103640978e-14,2.6810038677817314e-14,5.6756852326324e-14,5.6756852326324e-14,7.287724095819161e-14,9.3576229688393e-14,9.3576229688393e-14,2.5436656473762755e-13,1.2015425731770343e-13,3.2661313427863805e-13
0.99999998813888,0.8175744850834648,0.9820137881297458,0.9706877672877217,0.9525741264858409,0.8807970826714614,0.9959298622161507,0.9984988180062319,0.9984988180062319,0.9999251537370122,0.9984988180062319,0.9984988180062319,0.9999251537370122,0.9999546021475793,0.9997965729534201,0.9984988180062319,0.9959298622161507,0.9990889486412498,0.9999724643121783,0.9999546021475793,0.9994472214475559
0.9999999999200804,0.00012339461917113592,1.3709578605790399e-06,8.315279285380714e-07,3.7266388399128017e-06,2.2603251062511995e-06,5.043476486929152e-07,2.2603251062511995e-06,8.315279285380714e-07,5.043476486929152e-07,3.059023363247549e-07,1.4449802095675026e-07,3.059023363247549e-07,8.315279285380714e-07,2.2603251062511995e-06,1.4449802095675026e-07,8.764248496102855e-08,1.125351754703302e-07,1.8553914607279396e-07,1.8553914607279396e-07,6.825603724121505e-08
0.9999999996418252,0.010986941578116867,0.0005527785524441057,0.07585817323116975,0.37754066879814546,0.5,0.01798621187025419,0.2689414213699951,0.8175744850834648,0.37754066879814546,0.5,0.1824255149165352,0.047425873514159125,0.0293122327122782,0.2689414213699951,0.1824255149165352,0.01798621187025419,0.07585817323116975,0.2689414213699951,0.010986941578116867,0.002472622943003016
0.9999999956365377,4.363462233903899e-09,3.3982678079468468e-09,2.646573631904765e-09,2.646573631904765e-09,5.60279640614594e-09,4.363462233903899e-09,4.363462233903899e-09,5.60279640614594e-09,2.0611536181902033e-09,9.736200303530205e-10,2.646573631904765e-09,4.363462233903899e-09,7.194132978569833e-09,1.522997951276035e-08,7.194132978569833e-09,1.1861120010657661e-08,1.1861120010657661e-08,7.194132978569833e-09,5.60279640614594e-09,1.955568070542584e-08
0.9999999999985363,0.999999999989184,0.999999999994891,0.9999999999934397,0.9999999999934397,0.999999999989184,0.999999999986112,0.999999999986112,0.999999999989184,0.9999999999771028,0.9999999999622486,0.9999999999200804,0.9999999999377585,0.9999999999200804,0.9999999999515263,0.9999999998973812,0.9999999999200804,0.999999999868235,0.9999999999200804,0.9999999998308102,0.9999999997210531
0.9999999999622486,0.9999546021475793,0.9999724643121783,0.9999724643121783,0.9999724643121783,0.9999251537370122,0.9999832985701905,0.9998766053808288,0.99966464996832,0.9990889486412498,0.997527377056997,0.9933071487351834,0.9820137881297458,0.7310585786300049,0.9241418267688302,0.8807970826714614,0.8175744850834648,0.9241418267688302,0.9241418267688302,0.9241418267688302,0.5
0.9999999999991123,0.9999996940976636,0.9890130584218833,0.11920291732853862,0.07585817323116975,0.002472622943003016,0.002472622943003016,0.006692851264816553,0.0009110513587503459,7.484626298776402e-05,1.6701429809483402e-05,2.7535687821746045e-05,2.7535687821746045e-05,6.144177531850823e-06,2.7535687821746045e-05,2.7535687821746045e-05,1.6701429809483402e-05,2.7535687821746045e-05,1.6701429809483402e-05,3.7266388399128017e-06,5.043476486929152e-07
0.9999999999993086,0.9999832985701905,0.9706877672877217,0.9706877672877217,0.6224593312018546,0.9890130584218833,0.9706877672877217,0.8175744850834648,0.8807970826714614,0.37754066879814546,0.006692851264816553,0.00012339461917113592,0.0005527785524441057,0.006692851264816553,0.006692851264816553,0.0015011819937681247,0.0005527785524441057,0.004070137783849419,0.010986941578116867,0.00020342704657999323,4.5397852420729034e-05
0.9999999999993086,0.999999999868235,0.9999999999705993,0.9999999999771028,0.9999999999771028,0.9999999999622486,0.9999999999705993,0.9999999999515263,0.999999999868235,0.9999999999200804,0.9999999999377585,0.9999999998973812,0.9999999998308102,0.9999999998308102,0.9999999999377585,0.9999999997210531,0.9999999995400946,0.9999999996418252,0.9999999997210531,0.9999999995400946,0.9999999992417439
0.9999999999934397,0.9999832985701905,0.9241418267688302,0.8807970826714614,0.1824255149165352,0.0293122327122782,0.010986941578116867,0.004070137783849419,0.0015011819937681247,7.484626298776402e-05,2.7535687821746045e-05,0.00020342704657999323,0.0003353500316799018,0.0003353500316799018,0.0003353500316799018,0.00020342704657999323,7.484626298776402e-05,0.0003353500316799018,0.0009110513587503459,1.6701429809483402e-05,3.7266388399128017e-06
0.9999999677581336,0.8807970826714614,0.9933071487351834,0.997527377056997,0.9990889486412498,0.99966464996832,0.9990889486412498,0.99966464996832,0.99966464996832,0.9933071487351834,0.9890130584218833,0.9994472214475559,0.9994472214475559,0.9984988180062319,0.997527377056997,0.9890130584218833,0.997527377056997,0.9998766053808288,0.9999724643121783,0.9999251537370122,0.9997965729534201
0.999999999996021,0.9999898700126424,0.2689414213699951,0.01798621187025419,0.0003353500316799018,0.00012339461917113592,1.6701429809483402e-05,6.144177531850823e-06,3.7266388399128017e-06,5.043476486929152e-07,3.059023363247549e-07,1.125351754703302e-07,1.125351754703302e-07,5.043476486929152e-07,8.315279285380714e-07,3.059023363247549e-07,3.7266388399128017e-06,2.2603251062511995e-06,1.3709578605790399e-06,3.059023363247549e-07,1.125351754703302e-07
0.9999999998308102,1.3887943864771146e-11,3.098819138712223e-12,3.098819138712223e-12,6.914400106935422e-13,3.2661313427863805e-13,6.914400106935422e-13,6.914400106935422e-13,6.914400106935422e-13,4.1937956583777856e-13,3.2661313427863805e-13,1.2015425731770343e-13,3.2661313427863805e-13,3.2661313427863805e-13,1.1399918530430558e-12,6.914400106935422e-13,6.914400106935422e-13,1.8795288165355504e-12,3.978962535821407e-12,1.8795288165355504e-12,3.098819138712223e-12
0.9999999998308102,1.0129987357628251e-05,6.144177531850823e-06,2.7535687821746045e-05,3.7266388399128017e-06,5.043476486929152e-07,6.825603724121505e-08,8.764248496102855e-08,1.4449802095675026e-07,5.043476486929152e-07,3.059023363247549e-07,2.5109990926928157e-08,8.764248496102855e-08,8.764248496102855e-08,1.125351754703302e-07,5.3157849718487075e-08,2.5109990926928157e-08,2.5109990926928157e-08,4.1399375473943306e-08,4.1399375473943306e-08,3.2241866333029355e-08
0.9999999992417439,0.0005527785524441057,8.315279285380714e-07,8.315279285380714e-07,5.043476486929152e-07,3.059023363247549e-07,1.3709578605790399e-06,1.125351754703302e-07,1.125351754703302e-07,8.315279285380714e-07,1.8553914607279396e-07,5.043476486929152e-07,2.2603251062511995e-06,8.315279285380714e-07,3.7266388399128017e-06,1.3709578605790399e-06,1.8553914607279396e-07,5.043476486929152e-07,2.2603251062511995e-06,1.6701429809483402e-05,1.6701429809483402e-05
0.9999999999985363,0.010986941578116867,0.00012339461917113592,1.6701429809483402e-05,1.0129987357628251e-05,3.7266388399128017e-06,8.315279285380714e-07,3.9278634073828347e-07,1.125351754703302e-07,3.9278634073828347e-07,1.125351754703302e-07,3.9278634073828347e-07,1.4449802095675026e-07,2.3823696679343503e-07,6.475945666070602e-07,1.3709578605790399e-06,6.144177531850823e-06,3.7266388399128017e-06,3.7266388399128017e-06,3.059023363247549e-07,6.475945666070602e-07
0.99999998813888,3.7266388399128017e-06,8.764248496102855e-08,1.8553914607279396e-07,1.8553914607279396e-07,1.125351754703302e-07,5.043476486929152e-07,5.043476486929152e-07,5.043476486929152e-07,5.043476486929152e-07,1.125351754703302e-07,1.4449802095675026e-07,3.9278634073828347e-07,5.3157849718487075e-08,8.764248496102855e-08,4.1399375473943306e-08,1.4449802095675026e-07,3.9278634073828347e-07,3.7266388399128017e-06,3.7266388399128017e-06,8.315279285380714e-07
0.9999999999993086,0.9999999966017321,0.9999999987498471,0.9999999996418252,0.9999999992417439,0.9999999992417439,0.9999999994094697,0.9999999994094697,0.9999999994094697,0.9999999987498471,0.9999999956365377,0.9999999847700205,0.9999999586006244,0.9999998874648245,0.9999999586006244,0.9999998874648245,0.999999814460854,0.9999986290421394,0.9999977396748937,0.9999977396748937,0.9999832985701905
0.9999999997210531,0.9999994956523514,0.9999994956523514,0.9999999847700205,0.9999999847700205,0.9999999907625504,0.9999999943972036,0.9999999943972036,0.9999999979388463,0.9999999943972036,0.9999999966017321,0.9999999907625504,0.9999999907625504,0.9999999847700205,0.9999999847700205,0.9999999847700205,0.9999999847700205,0.9999999586006244,0.999999974890009,0.999999814460854,0.9999996940976636
0.999999999994891,0.999999998394772,0.9999999966017321,0.999999998394772,0.9999999995400946,0.9999999997210531,0.9999999995400946,0.9999999994094697,0.9999999992417439,0.9999999992417439,0.9999999987498471,0.9999999979388463,0.9999999987498471,0.9999999907625504,0.9999999979388463,0.99999998813888,0.9999999586006244,0.999999974890009,0.9999999847700205,0.9999999847700205,0.999999814460854
0.999999999994891,0.9999999943972036,0.9999986290421394,0.9999996940976636,0.9999991684720715,0.999999814460854,0.9999991684720715,0.9999996940976636,0.999999814460854,0.9999546021475793,0.9999832985701905,0.9999546021475793,0.9999938558224682,0.9999898700126424,0.9999977396748937,0.9999977396748937,0.99999627336116,0.9999898700126424,0.9999996940976636,0.9999546021475793,0.9999832985701905
0.999999998394772,1.4637785141237664e-12,1.2015425731770343e-13,5.6756852326324e-14,1.2664165549094015e-14,2.08796791164589e-14,5.6756852326324e-14,3.442477108469858e-14,2.6810038677817314e-14,1.6261110446177924e-14,1.6261110446177924e-14,4.420228103640978e-14,4.420228103640978e-14,5.6756852326324e-14,9.3576229688393e-14,5.6756852326324e-14,4.420228103640978e-14,7.287724095819161e-14,3.2661313427863805e-13,1.9810087980485874e-13,1.9810087980485874e-13
0.9999999999975866,2.0611536181902033e-09,6.560200168110742e-12,1.4637785141237664e-12,5.384940217751136e-13,1.2015425731770343e-13,3.2661313427863805e-13,2.5436656473762755e-13,2.5436656473762755e-13,1.2015425731770343e-13,5.6756852326324e-14,5.6756852326324e-14,1.9810087980485874e-13,9.3576229688393e-14,9.3576229688393e-14,5.6756852326324e-14,1.2015425731770343e-13,1.5428112031916497e-13,4.1937956583777856e-13,7.287724095819161e-14,7.287724095819161e-14
0.9999999979388463,2.1724399346070676e-10,2.4133627718273893e-12,2.4133627718273893e-12,1.4637785141237664e-12,6.914400106935422e-13,1.1399918530430558e-12,1.4637785141237664e-12,2.4133627718273893e-12,1.8795288165355504e-12,3.098819138712223e-12,1.8795288165355504e-12,1.3887943864771146e-11,2.940077739198032e-11,6.224144622520382e-11,3.775134544136581e-11,4.847368706035286e-11,7.991959892315218e-11,3.581747929000289e-10,2.1724399346070676e-10,2.7894680920908113e-10
0.9999999999981204,0.9999999999915765,0.999999999996021,0.999999999994891,0.999999999994891,0.9999999999934397,0.999999999989184,0.999999999986112,0.9999999999821676,0.9999999999821676,0.9999999999771028,0.9999999999705993,0.9999999999705993,0.9999999999515263,0.9999999999515263,0.9999999999515263,0.9999999999622486,0.9999999999515263,0.9999999999515263,0.9999999998308102,0.9999999996418252
0.9999999999915765,4.5397852420729034e-05,1.125351754703302e-07,6.825603724121505e-08,1.8553914607279396e-07,6.825603724121505e-08,6.825603724121505e-08,1.8553914607279396e-07,4.1399375473943306e-08,6.825603724121505e-08,9.237449576640118e-09,1.1861120010657661e-08,7.194132978569833e-09,7.194132978569833e-09,3.3982678079468468e-09,1.1861120010657661e-08,4.363462233903899e-09,1.1861120010657661e-08,1.955568070542584e-08,4.363462233903899e-09,2.0611536181902033e-09
0.9999999999200804,0.9999999992417439,0.9999999999200804,0.9999999999515263,0.9999999999622486,0.9999999999771028,0.9999999999771028,0.9999999999377585,0.9999999999200804,0.9999999999200804,0.999999999782756,0.9999999995400946,0.999999999782756,0.999999999868235,0.9999999999515263,0.9999999994094697,0.9999999990263799,0.9999999992417439,0.9999999987498471,0.9999999995400946,0.9999999966017321
0.9999999979388463,0.9999999943972036,0.9999999966017321,0.9999999966017321,0.9999999987498471,0.9999999979388463,0.9999999987498471,0.9999999979388463,0.9999999979388463,0.9999999973534264,0.9999999973534264,0.9999999973534264,0.9999999979388463,0.9999999979388463,0.9999999987498471,0.9999999907625504,0.999999974890009,0.99999998813888,0.9999999847700205,0.9999999847700205,0.9999999804443193
0.9999999999994615,0.9999998874648245,0.99999627336116,0.9999898700126424,0.9999898700126424,0.9999251537370122,0.9999546021475793,0.9999938558224682,0.9999832985701905,0.9999724643121783,0.9999546021475793,0.9999546021475793,0.9999898700126424,0.9999546021475793,0.9999832985701905,0.9998766053808288,0.99966464996832,0.9997965729534201,0.9994472214475559,0.9959298622161507,0.9820137881297458
0.9999999943972036,0.9999546021475793,0.9999724643121783,0.9999898700126424,0.9999251537370122,0.9997965729534201,0.9999251537370122,0.9998766053808288,0.9984988180062319,0.9984988180062319,0.9984988180062319,0.9990889486412498,0.997527377056997,0.997527377056997,0.99966464996832,0.9890130584218833,0.9890130584218833,0.9959298622161507,0.99966464996832,0.9984988180062319,0.9241418267688302
0.9999999999915765,2.0611536181902033e-09,6.560200168110742e-12,1.4637785141237664e-12,3.2661313427863805e-13,2.5436656473762755e-13,2.5436656473762755e-13,3.442477108469858e-14,5.6756852326324e-14,4.420228103640978e-14,5.6756852326324e-14,5.6756852326324e-14,1.2015425731770343e-13,9.3576229688393e-14,9.3576229688393e-14,5.6756852326324e-14,9.3576229688393e-14,1.5428112031916497e-13,4.1937956583777856e-13,9.3576229688393e-14,1.2015425731770343e-13
0.999999999868235,0.9999999979388463,0.9999999992417439,0.999999998394772,0.9999999990263799,0.9999999979388463,0.9999999987498471,0.9999999973534264,0.9999999973534264,0.999999998394772,0.9999999943972036,0.9999999966017321,0.9999999943972036,0.9999999943972036,0.9999999979388463,0.9999999907625504,0.9999999586006244,0.999999974890009,0.999999974890009,0.9999999586006244,0.9999999586006244
0.9999999999985363,0.9998766053808288,0.9984988180062319,0.6224593312018546,0.07585817323116975,0.07585817323116975,0.11920291732853862,0.047425873514159125,0.01798621187025419,0.1824255149165352,0.006692851264816553,0.002472622943003016,0.006692851264816553,0.006692851264816553,0.0293122327122782,0.006692851264816553,0.004070137783849419,0.002472622943003016,0.01798621187025419,0.010986941578116867,0.002472622943003016
0.9999999998973812,0.00012339461917113592,1.6701429809483402e-05,1.6701429809483402e-05,6.475945666070602e-07,6.475945666070602e-07,1.760343003490802e-06,8.315279285380714e-07,2.3823696679343503e-07,3.9278634073828347e-07,1.8553914607279396e-07,1.3709578605790399e-06,8.315279285380714e-07,1.8553914607279396e-07,2.3823696679343503e-07,4.1399375473943306e-08,5.3157849718487075e-08,6.475945666070602e-07,1.3709578605790399e-06,5.043476486929152e-07,2.3823696679343503e-07
0.9999999907625504,0.997527377056997,0.9525741264858409,0.9994472214475559,0.9999724643121783,0.9999724643121783,0.9999251537370122,0.9999832985701905,0.9999898700126424,0.9999938558224682,0.9999938558224682,0.9999977396748937,0.9999977396748937,0.99999627336116,0.9999977396748937,0.99999627336116,0.9999938558224682,0.99999627336116,0.9999938558224682,0.9999898700126424,0.99966464996832
0.999999999996021,0.9999999907625504,0.9999999586006244,0.999999974890009,0.9999996940976636,0.9999898700126424,0.9999991684720715,0.9999898700126424,0.9999938558224682,0.9994472214475559,0.9990889486412498,0.9890130584218833,0.9959298622161507,0.9984988180062319,0.9990889486412498,0.9994472214475559,0.9984988180062319,0.9890130584218833,0.9933071487351834,0.9820137881297458,0.9990889486412498
0.9999999999915765,1.8553914607279396e-07,2.7894680920908113e-10,1.0815941557168708e-11,8.878265478451776e-13,1.4637785141237664e-12,1.8795288165355504e-12,6.914400106935422e-13,4.1937956583777856e-13,4.1937956583777856e-13,1.5428112031916497e-13,1.9810087980485874e-13,6.914400106935422e-13,4.1937956583777856e-13,6.914400106935422e-13,5.384940217751136e-13,8.878265478451776e-13,8.878265478451776e-13,1.8795288165355504e-12,8.878265478451776e-13,1.1399918530430558e-12
0.999999999989184,0.9706877672877217,0.004070137783849419,0.0003353500316799018,0.0015011819937681247,0.00020342704657999323,0.0003353500316799018,0.0005527785524441057,4.5397852420729034e-05,7.484626298776402e-05,7.484626298776402e-05,7.484626298776402e-05,4.5397852420729034e-05,1.0129987357628251e-05,2.7535687821746045e-05,4.5397852420729034e-05,7.484626298776402e-05,0.00020342704657999323,0.0005527785524441057,1.6701429809483402e-05,1.0129987357628251e-05
0.9999999999985363,0.00012339461917113592,4.785094494835719e-06,4.785094494835719e-06,2.7535687821746045e-05,1.3007123813725571e-05,1.760343003490802e-06,2.3823696679343503e-07,1.8553914607279396e-07,3.059023363247549e-07,1.067702997323512e-06,1.760343003490802e-06,5.043476486929152e-07,1.067702997323512e-06,1.760343003490802e-06,2.9023119851992182e-06,2.2603251062511995e-06,1.3007123813725571e-05,1.3007123813725571e-05,1.067702997323512e-06,3.7266388399128017e-06
0.999999999986112,7.484626298776402e-05,9.237449576640118e-09,4.599055376537186e-10,1.3176514268359263e-10,8.423463754397692e-12,1.0815941557168708e-11,1.3887943864771146e-11,6.560200168110742e-12,1.8795288165355504e-12,1.4637785141237664e-12,3.2661313427863805e-13,8.878265478451776e-13,3.098819138712223e-12,2.4133627718273893e-12,1.4637785141237664e-12,3.098819138712223e-12,3.098819138712223e-12,5.109089028037223e-12,1.8795288165355504e-12,2.4133627718273893e-12
0.9999999956365377,9.736200303530205e-10,6.224144622520382e-11,1.7832472907828393e-11,2.940077739198032e-11,4.847368706035286e-11,3.775134544136581e-11,1.3887943864771146e-11,1.0815941557168708e-11,1.7832472907828393e-11,2.940077739198032e-11,2.2897348455931243e-11,1.6918979223288786e-10,6.224144622520382e-11,1.3176514268359263e-10,4.847368706035286e-11,1.6918979223288786e-10,5.905303995456778e-10,2.0611536181902033e-09,5.905303995456778e-10,3.581747929000289e-10
0.9999999943972036,0.0003353500316799018,0.00020342704657999323,0.010986941578116867,0.1824255149165352,0.1824255149165352,0.6224593312018546,0.37754066879814546,0.9706877672877217,0.7310585786300049,0.047425873514159125,0.0293122327122782,0.2689414213699951,0.5,0.37754066879814546,0.07585817323116975,0.1824255149165352,0.1824255149165352,0.047425873514159125,0.00020342704657999323,0.0005527785524441057
0.9999999999999272,0.9999999990263799,0.9999999996418252,0.9999999996418252,0.9999999995400946,0.9999999995400946,0.9999999994094697,0.9999999990263799,0.999999998394772,0.9999999979388463,0.9999999973534264,0.9999999966017321,0.9999999979388463,0.9999999987498471,0.9999999979388463,0.9999999973534264,0.9999999979388463,0.9999999979388463,0.9999999990263799,0.9999999973534264,0.9999999973534264
0.9999999994094697,0.9994472214475559,0.9997965729534201,0.9999938558224682,0.9999832985701905,0.9999898700126424,0.9999898700126424,0.9999832985701905,0.9999724643121783,0.9999832985701905,0.9994472214475559,0.9984988180062319,0.9994472214475559,0.9997965729534201,0.9999724643121783,0.9998766053808288,0.9999251537370122,0.9990889486412498,0.99966464996832,0.9984988180062319,0.9933071487351834
0.9999999999377585,0.99999627336116,0.9999832985701905,0.999999814460854,0.9999996940976636,0.9999991684720715,0.9999938558224682,0.9999991684720715,0.9999996940976636,0.9999938558224682,0.9999724643121783,0.99966464996832,0.9999251537370122,0.9994472214475559,0.9999546021475793,0.9984988180062319,0.9984988180062319,0.9933071487351834,0.997527377056997,0.9820137881297458,0.7310585786300049
0.9999999999996734,0.9999999992417439,0.9999999994094697,0.9999999997210531,0.9999999997210531,0.9999999996418252,0.999999999782756,0.9999999996418252,0.9999999994094697,0.999999998394772,0.9999999994094697,0.9999999987498471,0.9999999992417439,0.9999999956365377,0.9999999973534264,0.9999999943972036,0.9999999956365377,0.9999999943972036,0.9999999979388463,0.9999999966017321,0.9999999907625504
0.9999999999999065,0.9706877672877217,0.11920291732853862,0.6224593312018546,0.5,0.5,0.047425873514159125,0.2689414213699951,0.01798621187025419,0.0009110513587503459,0.006692851264816553,0.004070137783849419,0.1824255149165352,0.2689414213699951,0.11920291732853862,0.07585817323116975,0.1824255149165352,0.11920291732853862,0.9241418267688302,0.1824255149165352,0.010986941578116867
0.9999999999997455,0.9999999468421502,0.9999999847700205,0.9999999979388463,0.9999999966017321,0.9999999943972036,0.9999999847700205,0.9999999847700205,0.9999999317439628,0.9999998874648245,0.999999814460854,0.9999994956523514,0.9999999317439628,0.9999994956523514,0.999999814460854,0.9999996940976636,0.9999994956523514,0.9999996940976636,0.9999996940976636,0.9999994956523514,0.99999627336116
0.9999999994094697,2.5109990926928157e-08,9.237449576640118e-09,2.5109990926928157e-08,1.522997951276035e-08,1.955568070542584e-08,9.237449576640118e-09,2.5109990926928157e-08,4.1399375473943306e-08,2.5109990926928157e-08,4.363462233903899e-09,4.363462233903899e-09,3.3982678079468468e-09,1.1861120010657661e-08,6.825603724121505e-08,1.522997951276035e-08,4.1399375473943306e-08,4.1399375473943306e-08,1.522997951276035e-08,7.194132978569833e-09,9.237449576640118e-09
0.9999999999969011,0.9999832985701905,0.99966464996832,0.9999938558224682,0.9999977396748937,0.9999986290421394,0.9999996940976636,0.9999996940976636,0.9999998874648245,0.9999991684720715,0.9999991684720715,0.9999994956523514,0.9999986290421394,0.99999627336116,0.9999994956523514,0.9999996940976636,0.9999986290421394,0.9999977396748937,0.9999986290421394,0.9999977396748937,0.9999986290421394
0.9999999998973812,0.2689414213699951,0.0015011819937681247,0.0003353500316799018,0.00012339461917113592,2.7535687821746045e-05,4.5397852420729034e-05,7.484626298776402e-05,2.7535687821746045e-05,0.00020342704657999323,4.5397852420729034e-05,1.6701429809483402e-05,2.7535687821746045e-05,0.0005527785524441057,0.00020342704657999323,1.0129987357628251e-05,3.7266388399128017e-06,6.144177531850823e-06,1.6701429809483402e-05,0.0005527785524441057,0.00020342704657999323
0.9999999999622486,0.0005527785524441057,1.6701429809483402e-05,1.0129987357628251e-05,1.0129987357628251e-05,1.6701429809483402e-05,6.144177531850823e-06,6.144177531850823e-06,6.144177531850823e-06,3.7266388399128017e-06,5.043476486929152e-07,2.2603251062511995e-06,3.7266388399128017e-06,1.0129987357628251e-05,0.00020342704657999323,2.7535687821746045e-05,1.6701429809483402e-05,3.7266388399128017e-06,6.144177531850823e-06,2.7535687821746045e-05,6.144177531850823e-06
0.9999999999377585,0.9999999586006244,0.9999991684720715,0.9999999586006244,0.99999998813888,0.9999999928058669,0.999999974890009,0.99999998813888,0.9999999907625504,0.9999999928058669,0.9999999907625504,0.9999999907625504,0.99999998813888,0.9999999804443193,0.9999999847700205,0.9999999317439628,0.9999999317439628,0.9999998874648245,0.9999999586006244,0.9999999847700205,0.9999998874648245
0.99999998813888,0.9959298622161507,0.9820137881297458,0.9998766053808288,0.9999724643121783,0.9999991684720715,0.9999977396748937,0.9999994956523514,0.9999994956523514,0.9999994956523514,0.99999627336116,0.9999986290421394,0.9999994956523514,0.9999986290421394,0.9999991684720715,0.9999977396748937,0.9999938558224682,0.9999546021475793,0.9999546021475793,0.9999546021475793,0.9990889486412498
0.9999999966017321,0.9525741264858409,0.9820137881297458,0.8807970826714614,0.5,0.1824255149165352,0.37754066879814546,0.07585817323116975,0.1824255149165352,0.2689414213699951,0.1824255149165352,0.07585817323116975,0.1824255149165352,0.07585817323116975,0.5,0.37754066879814546,0.37754066879814546,0.7310585786300049,0.5,0.5,0.0293122327122782
0.9999999943972036,0.37754066879814546,0.11920291732853862,0.37754066879814546,0.7310585786300049,0.9525741264858409,0.8175744850834648,0.9525741264858409,0.9890130584218833,0.9933071487351834,0.9959298622161507,0.997527377056997,0.9959298622161507,0.9820137881297458,0.9706877672877217,0.9525741264858409,0.9933071487351834,0.9959298622161507,0.9959298622161507,0.9990889486412498,0.9984988180062319
0.9999999979388463,0.006692851264816553,0.00020342704657999323,0.00012339461917113592,0.00020342704657999323,0.00020342704657999323,0.0003353500316799018,0.00020342704657999323,4.5397852420729034e-05,0.0009110513587503459,0.0003353500316799018,0.00020342704657999323,0.004070137783849419,0.002472622943003016,0.006692851264816553,0.0009110513587503459,0.0005527785524441057,0.0003353500316799018,0.002472622943003016,0.002472622943003016,0.006692851264816553
0.9999999999996734,0.9999999997210531,0.9999999943972036,0.9999999943972036,0.9999999847700205,0.9999999943972036,0.9999999847700205,0.9999999586006244,0.9999999907625504,0.9999994956523514,0.999999814460854,0.99999627336116,0.9999996940976636,0.9999996940976636,0.9999996940976636,0.9999991684720715,0.9999991684720715,0.9999991684720715,0.999999814460854,0.99999627336116,0.9999977396748937
0.9999999943972036,0.9525741264858409,0.9890130584218833,0.9984988180062319,0.9820137881297458,0.8807970826714614,0.9890130584218833,0.8807970826714614,0.8807970826714614,0.8807970826714614,0.2689414213699951,0.6224593312018546,0.8807970826714614,0.9241418267688302,0.8807970826714614,0.37754066879814546,0.1824255149165352,0.37754066879814546,0.9241418267688302,0.9706877672877217,0.6224593312018546
0.9999999999981204,0.9999999943972036,0.9999999907625504,0.9999999979388463,0.9999999987498471,0.9999999990263799,0.9999999994094697,0.999999998394772,0.9999999990263799,0.9999999995400946,0.9999999979388463,0.9999999847700205,0.99999998813888,0.9999999317439628,0.9999999586006244,0.9999996940976636,0.9999996940976636,0.9999986290421394,0.9999977396748937,0.9999991684720715,0.9999938558224682
0.9999999999999065,0.004070137783849419,5.043476486929152e-07,8.315279285380714e-07,1.3709578605790399e-06,1.3709578605790399e-06,1.760343003490802e-06,5.043476486929152e-07,8.764248496102855e-08,5.3157849718487075e-08,8.764248496102855e-08,5.3157849718487075e-08,2.3823696679343503e-07,1.4449802095675026e-07,5.043476486929152e-07,1.8553914607279396e-07,5.043476486929152e-07,1.067702997323512e-06,1.6701429809483402e-05,1.067702997323512e-06,6.144177531850823e-06
0.9999999999999656,0.9890130584218833,0.7310585786300049,0.07585817323116975,0.7310585786300049,0.2689414213699951,0.2689414213699951,0.07585817323116975,0.002472622943003016,0.0005527785524441057,7.484626298776402e-05,0.00020342704657999323,0.004070137783849419,0.002472622943003016,0.0009110513587503459,0.0015011819937681247,0.0009110513587503459,0.0005527785524441057,0.01798621187025419,0.0005527785524441057,0.00020342704657999323
0.99999998813888,0.9999999907625504,0.9999999907625504,0.9999999943972036,0.999999998394772,0.9999999956365377,0.9999999966017321,0.9999999804443193,0.9999999586006244,0.9999999804443193,0.9999999586006244,0.9999999468421502,0.9999999677581336,0.9999999468421502,0.9999999468421502,0.999999814460854,0.999999855501979,0.9999996940976636,0.9999998874648245,0.999999855501979,0.9999991684720715
0.999999999868235,0.9241418267688302,0.9241418267688302,0.9998766053808288,0.9999832985701905,0.9999898700126424,0.9999898700126424,0.9999991684720715,0.9999986290421394,0.9999938558224682,0.9999986290421394,0.9999938558224682,0.9999977396748937,0.99999627336116,0.9999977396748937,0.9999977396748937,0.9999938558224682,0.9999724643121783,0.9999938558224682,0.9999898700126424,0.99999627336116
0.999999999986112,7.582560422162384e-10,3.978962535821407e-12,8.878265478451776e-13,3.2661313427863805e-13,3.2661313427863805e-13,1.1399918530430558e-12,6.914400106935422e-13,2.5436656473762755e-13,1.5428112031916497e-13,1.9810087980485874e-13,2.5436656473762755e-13,4.1937956583777856e-13,5.384940217751136e-13,5.384940217751136e-13,1.9810087980485874e-13,5.384940217751136e-13,2.5436656473762755e-13,5.384940217751136e-13,3.2661313427863805e-13,7.287724095819161e-14
0.9999999998973812,9.736200303530205e-10,6.224144622520382e-11,2.940077739198032e-11,1.0815941557168708e-11,2.2897348455931243e-11,1.0261879630648829e-10,1.0261879630648829e-10,6.224144622520382e-11,6.560200168110742e-12,1.3887943864771146e-11,5.109089028037223e-12,1.3887943864771146e-11,2.2897348455931243e-11,1.3176514268359263e-10,6.224144622520382e-11,3.775134544136581e-11,2.2897348455931243e-11,7.991959892315218e-11,6.224144622520382e-11,4.847368706035286e-11
0.99999998813888,1.8795288165355504e-12,1.5428112031916497e-13,2.6810038677817314e-14,1.6261110446177924e-14,1.6261110446177924e-14,2.6810038677817314e-14,2.08796791164589e-14,3.442477108469858e-14,2.08796791164589e-14,1.2664165549094015e-14,1.2664165549094015e-14,1.6261110446177924e-14,2.6810038677817314e-14,9.3576229688393e-14,2.6810038677817314e-14,3.442477108469858e-14,2.6810038677817314e-14,7.287724095819161e-14,9.3576229688393e-14,1.5428112031916497e-13
0.9999999999969011,0.9959298622161507,0.11920291732853862,0.7310585786300049,0.5,0.9241418267688302,0.9241418267688302,0.37754066879814546,0.8175744850834648,0.1824255149165352,0.010986941578116867,0.002472622943003016,0.0015011819937681247,0.010986941578116867,0.047425873514159125,0.0293122327122782,0.01798621187025419,0.07585817323116975,0.5,0.002472622943003016,0.004070137783849419
0.9999999999934397,0.0009110513587503459,3.7266388399128017e-06,5.043476486929152e-07,1.3709578605790399e-06,8.315279285380714e-07,1.8553914607279396e-07,5.043476486929152e-07,5.043476486929152e-07,5.3157849718487075e-08,3.2241866333029355e-08,2.5109990926928157e-08,3.2241866333029355e-08,1.522997951276035e-08,5.3157849718487075e-08,3.2241866333029355e-08,5.3157849718487075e-08,6.825603724121505e-08,1.8553914607279396e-07,1.1861120010657661e-08,1.1861120010657661e-08
0.9999999999975866,0.9999999997210531,0.9999999994094697,0.9999999992417439,0.9999999995400946,0.9999999987498471,0.9999999979388463,0.9999999943972036,0.9999999317439628,0.9999996940976636,0.99999627336116,0.9999724643121783,0.9999986290421394,0.9999898700126424,0.9999996940976636,0.9999986290421394,0.9999986290421394,0.9999724643121783,0.9999977396748937,0.9999724643121783,0.99966464996832
0.999999999868235,0.2689414213699951,0.002472622943003016,0.11920291732853862,0.7310585786300049,0.9241418267688302,0.2689414213699951,0.5,0.9706877672877217,0.8807970826714614,0.8807970826714614,0.7310585786300049,0.1824255149165352,0.37754066879814546,0.8175744850834648,0.1824255149165352,0.07585817323116975,0.11920291732853862,0.1824255149165352,0.0293122327122782,0.07585817323116975
0.9999999999934397,0.9999999994094697,0.9999999990263799,0.9999999979388463,0.9999999943972036,0.9999999973534264,0.999999998394772,0.9999999907625504,0.999999974890009,0.9999999586006244,0.9999998874648245,0.9999994956523514,0.9999996940976636,0.9999994956523514,0.9999991684720715,0.9999991684720715,0.9999996940976636,0.9999994956523514,0.9999994956523514,0.99999627336116,0.9999546021475793
0.999999999994891,2.1724399346070676e-10,3.098819138712223e-12,5.384940217751136e-13,9.3576229688393e-14,1.9810087980485874e-13,3.2661313427863805e-13,3.2661313427863805e-13,1.5428112031916497e-13,1.5428112031916497e-13,1.5428112031916497e-13,7.287724095819161e-14,9.3576229688393e-14,1.2015425731770343e-13,3.2661313427863805e-13,2.5436656473762755e-13,1.9810087980485874e-13,3.2661313427863805e-13,8.878265478451776e-13,1.2015425731770343e-13,1.2015425731770343e-13
0.9999999994094697,4.599055376537186e-10,1.7832472907828393e-11,1.0815941557168708e-11,3.098819138712223e-12,6.560200168110742e-12,5.109089028037223e-12,3.978962535821407e-12,5.109089028037223e-12,3.978962535821407e-12,5.109089028037223e-12,6.560200168110742e-12,1.0815941557168708e-11,1.3887943864771146e-11,2.2897348455931243e-11,1.3887943864771146e-11,1.0815941557168708e-11,1.3887943864771146e-11,3.775134544136581e-11,1.3887943864771146e-11,1.0815941557168708e-11
0.999999998394772,0.9933071487351834,0.997527377056997,0.9997965729534201,0.9999898700126424,0.9999898700126424,0.9999546021475793,0.9999546021475793,0.9999546021475793,0.9999832985701905,0.9999898700126424,0.9999546021475793,0.9999898700126424,0.99999627336116,0.9999977396748937,0.9997965729534201,0.9997965729534201,0.99966464996832,0.9999251537370122,0.99966464996832,0.9994472214475559
0.9999999847700205,2.7535687821746045e-05,2.2603251062511995e-06,1.0129987357628251e-05,7.484626298776402e-05,1.0129987357628251e-05,4.5397852420729034e-05,1.0129987357628251e-05,2.2603251062511995e-06,2.7535687821746045e-05,1.0129987357628251e-05,1.0129987357628251e-05,4.5397852420729034e-05,7.484626298776402e-05,0.00020342704657999323,2.7535687821746045e-05,3.7266388399128017e-06,6.144177531850823e-06,1.0129987357628251e-05,7.484626298776402e-05,4.5397852420729034e-05
0.9999999999915765,0.9999999586006244,0.999999814460854,0.9999986290421394,0.9999251537370122,0.9999251537370122,0.9959298622161507,0.7310585786300049,0.8175744850834648,0.0293122327122782,0.01798621187025419,0.004070137783849419,0.010986941578116867,0.2689414213699951,0.07585817323116975,0.07585817323116975,0.047425873514159125,0.01798621187025419,0.1824255149165352,0.0293122327122782,0.006692851264816553
0.9999999847700205,3.978962535821407e-12,5.384940217751136e-13,2.5436656473762755e-13,9.3576229688393e-14,3.2661313427863805e-13,4.1937956583777856e-13,9.3576229688393e-14,4.1937956583777856e-13,6.914400106935422e-13,5.384940217751136e-13,3.2661313427863805e-13,8.878265478451776e-13,1.4637785141237664e-12,1.4637785141237664e-12,3.098819138712223e-12,2.4133627718273893e-12,6.560200168110742e-12,1.3887943864771146e-11,3.978962535821407e-12,5.109089028037223e-12
0.9999999999994615,2.7535687821746045e-05,3.7266388399128017e-06,1.6701429809483402e-05,2.1444958641491428e-05,4.785094494835719e-06,1.3709578605790399e-06,3.9278634073828347e-07,2.3823696679343503e-07,3.7266388399128017e-06,6.144177531850823e-06,2.9023119851992182e-06,2.2603251062511995e-06,2.2603251062511995e-06,2.9023119851992182e-06,3.7266388399128017e-06,1.6701429809483402e-05,3.535625493426631e-05,2.1444958641491428e-05,3.7266388399128017e-06,6.144177531850823e-06
0.9999999956365377,0.9241418267688302,0.9990889486412498,0.9990889486412498,0.997527377056997,0.9890130584218833,0.9820137881297458,0.9820137881297458,0.9525741264858409,0.8807970826714614,0.6224593312018546,0.7310585786300049,0.9525741264858409,0.9933071487351834,0.9820137881297458,0.8175744850834648,0.7310585786300049,0.6224593312018546,0.9820137881297458,0.9890130584218833,0.8175744850834648
0.9999999928058669,0.00012339461917113592,3.7266388399128017e-06,0.0005527785524441057,0.006692851264816553,0.047425873514159125,0.1824255149165352,0.7310585786300049,0.9525741264858409,0.6224593312018546,0.8807970826714614,0.5,0.8175744850834648,0.6224593312018546,0.9525741264858409,0.6224593312018546,0.8175744850834648,0.6224593312018546,0.37754066879814546,0.047425873514159125,0.0293122327122782
0.9999999999981204,0.9999724643121783,0.01798621187025419,0.0015011819937681247,0.00020342704657999323,1.6701429809483402e-05,1.0129987357628251e-05,1.0129987357628251e-05,3.7266388399128017e-06,1.0129987357628251e-05,1.3709578605790399e-06,1.125351754703302e-07,3.059023363247549e-07,3.9278634073828347e-07,1.3709578605790399e-06,1.8553914607279396e-07,1.8553914607279396e-07,1.8553914607279396e-07,8.315279285380714e-07,1.3709578605790399e-06,1.8553914607279396e-07
0.9999999996418252,0.9999832985701905,0.9999986290421394,0.9999991684720715,0.9999986290421394,0.9999898700126424,0.9999938558224682,0.9999724643121783,0.9999251537370122,0.9999898700126424,0.9999546021475793,0.9998766053808288,0.9999832985701905,0.9999898700126424,0.9999251537370122,0.9990889486412498,0.9997965729534201,0.9984988180062319,0.9999251537370122,0.9999546021475793,0.9997965729534201
0.9999999804443193,3.978962535821407e-12,5.6756852326324e-14,3.442477108469858e-14,1.2664165549094015e-14,9.862862046580357e-15,2.08796791164589e-14,2.08796791164589e-14,2.08796791164589e-14,9.862862046580357e-15,7.681204685202035e-15,1.2664165549094015e-14,3.442477108469858e-14,2.6810038677817314e-14,5.6756852326324e-14,2.08796791164589e-14,1.6261110446177924e-14,5.6756852326324e-14,1.9810087980485874e-13,2.5436656473762755e-13,1.2015425731770343e-13
0.9999999999994615,0.047425873514159125,2.7535687821746045e-05,3.7266388399128017e-06,7.889264466933239e-06,1.6701429809483402e-05,1.3007123813725571e-05,1.6701429809483402e-05,2.2603251062511995e-06,1.6701429809483402e-05,2.1444958641491428e-05,7.889264466933239e-06,7.484626298776402e-05,1.6701429809483402e-05,0.00012339461917113592,7.484626298776402e-05,7.484626298776402e-05,7.484626298776402e-05,0.0003353500316799018,4.5397852420729034e-05,0.0009110513587503459
0.9999999995400946,0.07585817323116975,0.01798621187025419,0.9525741264858409,0.9706877672877217,0.9984988180062319,0.997527377056997,0.9997965729534201,0.9990889486412498,0.997527377056997,0.9890130584218833,0.9820137881297458,0.9933071487351834,0.9959298622161507,0.9933071487351834,0.9820137881297458,0.8175744850834648,0.8807970826714614,0.9706877672877217,0.9706877672877217,0.9525741264858409
0.9999999999515263,0.9999998874648245,0.9999998874648245,0.9999999317439628,0.9999999317439628,0.9999999804443193,0.9999999907625504,0.9999999907625504,0.99999998813888,0.9999999847700205,0.999999974890009,0.9999999804443193,0.99999998813888,0.9999999804443193,0.9999999677581336,0.9999999586006244,0.9999998874648245,0.9999999123575151,0.9999999586006244,0.9999999677581336,0.999999814460854
0.9999999999771028,0.01798621187025419,2.2603251062511995e-06,1.125351754703302e-07,3.059023363247549e-07,3.059023363247549e-07,1.3709578605790399e-06,1.3709578605790399e-06,5.043476486929152e-07,1.3709578605790399e-06,1.3709578605790399e-06,8.315279285380714e-07,3.7266388399128017e-06,1.6701429809483402e-05,2.7535687821746045e-05,2.7535687821746045e-05,6.144177531850823e-06,6.144177531850823e-06,1.6701429809483402e-05,0.00012339461917113592,1.6701429809483402e-05
0.9999999996418252,0.6224593312018546,0.0015011819937681247,0.01798621187025419,0.11920291732853862,0.047425873514159125,0.1824255149165352,0.37754066879814546,0.7310585786300049,0.7310585786300049,0.8807970826714614,0.9241418267688302,0.8175744850834648,0.8175744850834648,0.9706877672877217,0.9933071487351834,0.997527377056997,0.997527377056997,0.9990889486412498,0.99966464996832,0.9933071487351834
0.9999999973534264,0.010986941578116867,1.6701429809483402e-05,6.144177531850823e-06,1.6701429809483402e-05,7.484626298776402e-05,2.7535687821746045e-05,4.5397852420729034e-05,1.0129987357628251e-05,4.5397852420729034e-05,2.7535687821746045e-05,1.0129987357628251e-05,2.7535687821746045e-05,0.00020342704657999323,0.002472622943003016,0.0003353500316799018,0.00020342704657999323,4.5397852420729034e-05,0.00012339461917113592,0.00012339461917113592,4.5397852420729034e-05
0.9999999677581336,0.0009110513587503459,8.315279285380714e-07,2.2603251062511995e-06,2.7535687821746045e-05,1.0129987357628251e-05,4.5397852420729034e-05,1.0129987357628251e-05,1.6701429809483402e-05,7.484626298776402e-05,7.484626298776402e-05,0.00012339461917113592,0.00020342704657999323,0.00012339461917113592,0.0003353500316799018,2.7535687821746045e-05,2.7535687821746045e-05,7.484626298776402e-05,0.002472622943003016,0.002472622943003016,0.0005527785524441057
0.9999999999993086,0.999999974890009,0.9999994956523514,0.9999938558224682,0.99966464996832,0.9890130584218833,0.9994472214475559,0.9990889486412498,0.9820137881297458,0.9890130584218833,0.8807970826714614,0.7310585786300049,0.7310585786300049,0.5,0.7310585786300049,0.11920291732853862,0.2689414213699951,0.1824255149165352,0.5,0.11920291732853862,0.006692851264816553
0.9999999999998799,0.9999999907625504,0.9999999992417439,0.9999999990263799,0.9999999990263799,0.9999999990263799,0.9999999987498471,0.9999999979388463,0.9999999943972036,0.999999974890009,0.9999999847700205,0.9999999847700205,0.9999999907625504,0.9999999907625504,0.9999999979388463,0.9999999973534264,0.9999999907625504,0.9999999943972036,0.9999999973534264,0.9999999907625504,0.9999999907625504
0.9999999999969011,0.9999999943972036,0.9999999966017321,0.9999999992417439,0.9999999992417439,0.9999999994094697,0.9999999997210531,0.9999999992417439,0.9999999996418252,0.9999999994094697,0.9999999992417439,0.9999999979388463,0.999999998394772,0.9999999973534264,0.9999999943972036,0.9999999907625504,0.9999999943972036,0.9999999928058669,0.999999974890009,0.9999999847700205,0.9999999317439628
0.999999999994891,0.9999999999821676,0.9999999999515263,0.9999999999200804,0.999999999782756,0.9999999990263799,0.9999999995400946,0.9999999996418252,0.9999999990263799,0.9999999979388463,0.9999999928058669,0.9999999907625504,0.9999999907625504,0.9999999847700205,0.99999998813888,0.9999999847700205,0.9999999907625504,0.9999999317439628,0.9999999956365377,0.9999999317439628,0.9999999317439628
0.9999999998973812,4.599055376537186e-10,2.1724399346070676e-10,2.7894680920908113e-10,1.6918979223288786e-10,3.775134544136581e-11,2.2897348455931243e-11,1.0261879630648829e-10,1.3176514268359263e-10,2.940077739198032e-11,2.2897348455931243e-11,2.940077739198032e-11,6.224144622520382e-11,7.991959892315218e-11,2.7894680920908113e-10,1.3176514268359263e-10,7.991959892315218e-11,7.991959892315218e-11,2.7894680920908113e-10,3.775134544136581e-11,2.1724399346070676e-10
0.9999999998973812,0.9999998874648245,0.9999999907625504,0.9999999992417439,0.9999999995400946,0.9999999997210531,0.9999999992417439,0.9999999994094697,0.9999999987498471,0.9999999966017321,0.9999999907625504,0.9999999907625504,0.999999974890009,0.9999998874648245,0.9999999847700205,0.9999999586006244,0.9999996940976636,0.9999996940976636,0.9999977396748937,0.9999977396748937,0.9999546021475793
0.9999999997210531,6.825603724121505e-08,6.825603724121505e-08,1.125351754703302e-07,1.955568070542584e-08,4.363462233903899e-09,5.60279640614594e-09,7.194132978569833e-09,5.60279640614594e-09,9.736200303530205e-10,5.905303995456778e-10,9.736200303530205e-10,4.363462233903899e-09,4.363462233903899e-09,3.2241866333029355e-08,2.0611536181902033e-09,2.0611536181902033e-09,2.0611536181902033e-09,1.955568070542584e-08,5.60279640614594e-09,1.2501528648238603e-09
0.9999999999969011,0.9999898700126424,0.11920291732853862,0.37754066879814546,0.11920291732853862,0.2689414213699951,0.37754066879814546,0.01798621187025419,0.01798621187025419,0.004070137783849419,0.0015011819937681247,0.0003353500316799018,0.00020342704657999323,0.0015011819937681247,0.010986941578116867,0.07585817323116975,0.002472622943003016,0.0015011819937681247,0.01798621187025419,0.0005527785524441057,0.00012339461917113592
0.9999999943972036,0.37754066879814546,0.11920291732853862,0.6224593312018546,0.8807970826714614,0.9890130584218833,0.9241418267688302,0.9241418267688302,0.8807970826714614,0.8175744850834648,0.37754066879814546,0.9525741264858409,0.9525741264858409,0.9706877672877217,0.9890130584218833,0.9820137881297458,0.8175744850834648,0.11920291732853862,0.2689414213699951,0.37754066879814546,0.2689414213699951
0.99999998813888,0.9933071487351834,0.9998766053808288,0.997527377056997,0.9933071487351834,0.9890130584218833,0.7310585786300049,0.9241418267688302,0.7310585786300049,0.37754066879814546,0.37754066879814546,0.2689414213699951,0.37754066879814546,0.8175744850834648,0.9525741264858409,0.2689414213699951,0.07585817323116975,0.2689414213699951,0.8175744850834648,0.9241418267688302,0.6224593312018546
0.9999999994094697,2.0611536181902033e-09,1.2501528648238603e-09,1.0261879630648829e-10,4.847368706035286e-11,1.0261879630648829e-10,1.0261879630648829e-10,4.599055376537186e-10,1.6918979223288786e-10,5.905303995456778e-10,7.582560422162384e-10,9.736200303530205e-10,1.2501528648238603e-09,1.2501528648238603e-09,2.646573631904765e-09,1.6052280526088547e-09,1.6052280526088547e-09,9.237449576640118e-09,1.522997951276035e-08,1.1861120010657661e-08,1.522997951276035e-08
0.999999999989184,0.9999999943972036,0.9999999907625504,0.999999974890009,0.9999996940976636,0.9999991684720715,0.9999994956523514,0.9999832985701905,0.9999724643121783,0.9984988180062319,0.9933071487351834,0.9933071487351834,0.997527377056997,0.9933071487351834,0.9984988180062319,0.99966464996832,0.9890130584218833,0.9959298622161507,0.99966464996832,0.9890130584218833,0.9820137881297458
0.9999999999981204,0.9999999994094697,0.9999999992417439,0.999999999782756,0.999999999782756,0.9999999997210531,0.9999999996418252,0.9999999997210531,0.9999999998308102,0.999999999782756,0.9999999995400946,0.9999999994094697,0.9999999992417439,0.9999999990263799,0.9999999994094697,0.9999999990263799,0.9999999987498471,0.9999999973534264,0.9999999943972036,0.9999999956365377,0.9999999847700205
0.9999999956365377,5.905303995456778e-10,2.940077739198032e-11,2.940077739198032e-11,8.423463754397692e-12,3.978962535821407e-12,1.3887943864771146e-11,1.0815941557168708e-11,1.0815941557168708e-11,1.3887943864771146e-11,6.560200168110742e-12,5.109089028037223e-12,1.3887943864771146e-11,2.2897348455931243e-11,3.775134544136581e-11,1.7832472907828393e-11,1.3887943864771146e-11,1.3887943864771146e-11,2.940077739198032e-11,8.423463754397692e-12,2.940077739198032e-11
0.9999999928058669,0.2689414213699951,0.9241418267688302,0.9933071487351834,0.9820137881297458,0.9706877672877217,0.997527377056997,0.9994472214475559,0.9997965729534201,0.9994472214475559,0.9990889486412498,0.9994472214475559,0.9999546021475793,0.9999546021475793,0.99966464996832,0.9959298622161507,0.9984988180062319,0.9933071487351834,0.9998766053808288,0.9999546021475793,0.99966464996832
0.9999999998308102,1.3709578605790399e-06,5.60279640614594e-09,9.237449576640118e-09,9.237449576640118e-09,9.237449576640118e-09,4.1399375473943306e-08,2.5109990926928157e-08,2.5109990926928157e-08,1.522997951276035e-08,9.237449576640118e-09,9.237449576640118e-09,2.5109990926928157e-08,2.5109990926928157e-08,1.8553914607279396e-07,2.5109990926928157e-08,2.5109990926928157e-08,5.60279640614594e-09,7.194132978569833e-09,1.522997951276035e-08,9.237449576640118e-09
0.9999999998973812,0.9999999973534264,0.9999999997210531,0.999999999868235,0.9999999998973812,0.9999999999377585,0.9999999999377585,0.9999999998973812,0.9999999998308102,0.9999999997210531,0.9999999994094697,0.9999999995400946,0.9999999995400946,0.9999999997210531,0.999999999782756,0.9999999987498471,0.9999999956365377,0.9999999973534264,0.999999998394772,0.9999999992417439,0.9999999907625504
0.9999999996418252,0.010986941578116867,0.0003353500316799018,0.0005527785524441057,0.00012339461917113592,0.00012339461917113592,2.7535687821746045e-05,7.484626298776402e-05,2.7535687821746045e-05,1.0129987357628251e-05,1.0129987357628251e-05,2.7535687821746045e-05,1.6701429809483402e-05,4.5397852420729034e-05,4.5397852420729034e-05,2.7535687821746045e-05,1.0129987357628251e-05,2.7535687821746045e-05,0.00020342704657999323,0.00020342704657999323,1.0129987357628251e-05
0.999999999996021,0.00012339461917113592,3.7266388399128017e-06,1.8553914607279396e-07,1.522997951276035e-08,3.2241866333029355e-08,8.764248496102855e-08,9.237449576640118e-09,3.3982678079468468e-09,3.581747929000289e-10,2.1724399346070676e-10,1.3176514268359263e-10,7.582560422162384e-10,9.736200303530205e-10,2.646573631904765e-09,5.905303995456778e-10,4.599055376537186e-10,1.2501528648238603e-09,1.2501528648238603e-09,3.581747929000289e-10,1.6918979223288786e-10
0.9999999999995806,0.9999999987498471,0.9999999956365377,0.9999999973534264,0.9999999847700205,0.999999974890009,0.99999998813888,0.9999999847700205,0.999999974890009,0.9999999586006244,0.999999974890009,0.9999999847700205,0.9999999847700205,0.9999999586006244,0.9999999907625504,0.999999974890009,0.9999999586006244,0.999999974890009,0.9999999847700205,0.999999974890009,0.9999999907625504
0.9999999999915765,0.999999999782756,0.9999999997210531,0.9999999998308102,0.9999999987498471,0.9999999979388463,0.999999998394772,0.9999999907625504,0.9999999943972036,0.999999974890009,0.9999999317439628,0.9999996940976636,0.999999814460854,0.9999996940976636,0.9999994956523514,0.9999991684720715,0.999999814460854,0.9999996940976636,0.999999814460854,0.9999996940976636,0.9999986290421394
0.9999999995400946,0.8807970826714614,0.0009110513587503459,0.37754066879814546,0.5,0.9706877672877217,0.9241418267688302,0.8175744850834648,0.9241418267688302,0.2689414213699951,0.37754066879814546,0.37754066879814546,0.37754066879814546,0.7310585786300049,0.2689414213699951,0.37754066879814546,0.2689414213699951,0.01798621187025419,0.047425873514159125,0.11920291732853862,0.2689414213699951
0.9999999999999791,0.5,0.004070137783849419,0.2689414213699951,0.07585817323116975,0.010986941578116867,0.002472622943003016,0.004070137783849419,0.00020342704657999323,0.0015011819937681247,0.006692851264816553,0.002472622943003016,0.004070137783849419,0.006692851264816553,0.002472622943003016,0.11920291732853862,0.2689414213699951,0.01798621187025419,0.010986941578116867,0.004070137783849419,0.002472622943003016
0.999999999986112,0.9999999998308102,0.9999999997210531,0.9999999990263799,0.999999998394772,0.9999999943972036,0.9999999956365377,0.9999999928058669,0.9999999907625504,0.9999999847700205,0.9999999586006244,0.9999999317439628,0.9999999317439628,0.9999998874648245,0.9999998874648245,0.9999996940976636,0.9999999317439628,0.999999814460854,0.9999999586006244,0.9999996940976636,0.9999991684720715
0.999999999868235,0.5,0.0015011819937681247,0.11920291732853862,0.6224593312018546,0.8175744850834648,0.8175744850834648,0.9820137881297458,0.9984988180062319,0.9933071487351834,0.9890130584218833,0.9820137881297458,0.9933071487351834,0.9890130584218833,0.9984988180062319,0.9959298622161507,0.9820137881297458,0.9706877672877217,0.997527377056997,0.9241418267688302,0.9706877672877217
0.9999999999999558,0.999999998394772,0.9999999956365377,0.9999999966017321,0.9999999973534264,0.9999999943972036,0.9999999973534264,0.9999999979388463,0.9999999943972036,0.9999999907625504,0.9999999907625504,0.9999999943972036,0.9999999966017321,0.99999998813888,0.9999999943972036,0.9999999847700205,0.9999999907625504,0.9999999847700205,0.9999999928058669,0.9999999907625504,0.99999998813888
0.9999999999999432,0.9999999907625504,0.9999986290421394,0.9999832985701905,0.99999627336116,0.9999986290421394,0.9999977396748937,0.9999832985701905,0.9999251537370122,0.9999546021475793,0.9999546021475793,0.9998766053808288,0.9998766053808288,0.99966464996832,0.9997965729534201,0.9984988180062319,0.9933071487351834,0.9890130584218833,0.9933071487351834,0.9525741264858409,0.9525741264858409
0.9999999999622486,0.5,0.010986941578116867,0.6224593312018546,0.5,0.7310585786300049,0.8807970826714614,0.8807970826714614,0.9984988180062319,0.8175744850834648,0.8175744850834648,0.047425873514159125,0.0293122327122782,0.01798621187025419,0.047425873514159125,0.01798621187025419,0.047425873514159125,0.01798621187025419,0.07585817323116975,0.0003353500316799018,0.0009110513587503459
0.9999999999981204,0.9999977396748937,0.37754066879814546,0.006692851264816553,0.01798621187025419,0.004070137783849419,0.0005527785524441057,0.0009110513587503459,0.0009110513587503459,0.0009110513587503459,7.484626298776402e-05,6.144177531850823e-06,7.484626298776402e-05,2.7535687821746045e-05,1.6701429809483402e-05,1.0129987357628251e-05,1.0129987357628251e-05,1.6701429809483402e-05,7.484626298776402e-05,4.5397852420729034e-05,1.3709578605790399e-06
0.9999999317439628,1.6701429809483402e-05,3.059023363247549e-07,5.043476486929152e-07,1.3709578605790399e-06,8.315279285380714e-07,2.2603251062511995e-06,1.3709578605790399e-06,8.315279285380714e-07,1.3709578605790399e-06,3.7266388399128017e-06,6.144177531850823e-06,1.6701429809483402e-05,1.0129987357628251e-05,1.6701429809483402e-05,6.144177531850823e-06,1.6701429809483402e-05,1.6701429809483402e-05,2.7535687821746045e-05,7.484626298776402e-05,0.0003353500316799018
0.9999999992417439,0.9999991684720715,0.9999994956523514,0.9999999317439628,0.9999999586006244,0.9999999317439628,0.9999999317439628,0.999999814460854,0.9999998874648245,0.9999994956523514,0.9999977396748937,0.9999986290421394,0.9999998874648245,0.9999996940976636,0.9999999317439628,0.9999998874648245,0.999999814460854,0.9999994956523514,0.9999998874648245,0.9999986290421394,0.9999898700126424
0.9999999999998019,0.9999999995400946,0.9999999966017321,0.9999999317439628,0.999999814460854,0.9999998874648245,0.9999999317439628,0.9999994956523514,0.99999627336116,0.9999996940976636,0.9999977396748937,0.9999991684720715,0.9999991684720715,0.9999977396748937,0.999999814460854,0.9999986290421394,0.9999986290421394,0.9999986290421394,0.9999898700126424,0.9999832985701905,0.9998766053808288
0.9999999995400946,0.9999832985701905,0.9999898700126424,0.9999832985701905,0.9999832985701905,0.99999627336116,0.9997965729534201,0.9999898700126424,0.99999627336116,0.9999724643121783,0.9998766053808288,0.99966464996832,0.9994472214475559,0.9999546021475793,0.9999898700126424,0.9999251537370122,0.9998766053808288,0.9990889486412498,0.997527377056997,0.997527377056997,0.9820137881297458
0.999999998394772,8.315279285380714e-07,5.60279640614594e-09,7.194132978569833e-09,9.237449576640118e-09,4.1399375473943306e-08,1.125351754703302e-07,4.1399375473943306e-08,1.522997951276035e-08,6.825603724121505e-08,2.5109990926928157e-08,3.2241866333029355e-08,1.8553914607279396e-07,1.8553914607279396e-07,8.315279285380714e-07,6.825603724121505e-08,4.1399375473943306e-08,2.5109990926928157e-08,2.5109990926928157e-08,1.125351754703302e-07,4.1399375473943306e-08
0.9999999999981204,0.9999999999200804,0.9999999996418252,0.9999999996418252,0.9999999997210531,0.999999999868235,0.9999999997210531,0.9999999990263799,0.9999999996418252,0.9999999979388463,0.9999999966017321,0.9999999847700205,0.9999999907625504,0.9999999847700205,0.9999999966017321,0.999999974890009,0.9999999586006244,0.999999974890009,0.9999999907625504,0.9999999907625504,0.9999999943972036
0.999999999986112,0.9999986290421394,0.9998766053808288,0.7310585786300049,0.047425873514159125,0.0293122327122782,0.010986941578116867,0.010986941578116867,0.006692851264816553,7.484626298776402e-05,2.7535687821746045e-05,1.6701429809483402e-05,7.484626298776402e-05,0.0009110513587503459,0.0005527785524441057,0.0009110513587503459,0.00020342704657999323,0.00020342704657999323,0.0009110513587503459,7.484626298776402e-05,4.5397852420729034e-05
0.9999999317439628,0.11920291732853862,0.0293122327122782,0.006692851264816553,0.006692851264816553,0.0003353500316799018,0.006692851264816553,0.01798621187025419,0.01798621187025419,0.010986941578116867,0.0009110513587503459,0.01798621187025419,0.11920291732853862,0.01798621187025419,0.010986941578116867,0.010986941578116867,0.07585817323116975,0.0293122327122782,0.9241418267688302,0.5,0.5
0.9999999999515263,0.9999999956365377,0.9999999994094697,0.9999999995400946,0.9999999997210531,0.9999999990263799,0.9999999992417439,0.9999999987498471,0.999999998394772,0.9999999973534264,0.999999998394772,0.9999999966017321,0.999999998394772,0.9999999966017321,0.999999998394772,0.9999999804443193,0.9999999847700205,0.99999998813888,0.99999998813888,0.9999999586006244,0.9999991684720715
0.9999999677581336,2.2603251062511995e-06,1.8553914607279396e-07,8.764248496102855e-08,1.8553914607279396e-07,6.825603724121505e-08,3.059023363247549e-07,1.8553914607279396e-07,8.315279285380714e-07,5.043476486929152e-07,3.059023363247549e-07,8.315279285380714e-07,5.043476486929152e-07,8.764248496102855e-08,1.8553914607279396e-07,3.9278634073828347e-07,1.3709578605790399e-06,1.6701429809483402e-05,0.00020342704657999323,2.7535687821746045e-05,1.6701429809483402e-05
0.9999999997210531,9.736200303530205e-10,3.775134544136581e-11,4.847368706035286e-11,2.2897348455931243e-11,2.2897348455931243e-11,7.991959892315218e-11,7.991959892315218e-11,1.0261879630648829e-10,6.224144622520382e-11,1.7832472907828393e-11,1.3176514268359263e-10,2.1724399346070676e-10,1.0261879630648829e-10,7.991959892315218e-11,7.991959892315218e-11,4.599055376537186e-10,7.582560422162384e-10,4.599055376537186e-10,7.582560422162384e-10,3.581747929000289e-10
0.9999999966017321,1.3887943864771146e-11,1.1399918530430558e-12,3.2661313427863805e-13,2.5436656473762755e-13,4.1937956583777856e-13,4.1937956583777856e-13,4.1937956583777856e-13,5.384940217751136e-13,1.1399918530430558e-12,4.1937956583777856e-13,1.4637785141237664e-12,1.1399918530430558e-12,6.914400106935422e-13,1.1399918530430558e-12,1.1399918530430558e-12,3.098819138712223e-12,3.098819138712223e-12,1.0815941557168708e-11,3.098819138712223e-12,3.978962535821407e-12
0.9999999907625504,8.315279285380714e-07,3.059023363247549e-07,1.3709578605790399e-06,3.059023363247549e-07,2.2603251062511995e-06,8.315279285380714e-07,2.2603251062511995e-06,1.125351754703302e-07,1.3709578605790399e-06,8.315279285380714e-07,8.315279285380714e-07,1.0129987357628251e-05,1.3709578605790399e-06,1.0129987357628251e-05,2.2603251062511995e-06,8.315279285380714e-07,8.315279285380714e-07,8.315279285380714e-07,3.7266388399128017e-06,5.043476486929152e-07
0.999999998394772,4.363462233903899e-09,7.991959892315218e-11,1.3887943864771146e-11,8.423463754397692e-12,3.978962535821407e-12,3.978962535821407e-12,3.098819138712223e-12,2.4133627718273893e-12,2.4133627718273893e-12,1.1399918530430558e-12,1.4637785141237664e-12,3.978962535821407e-12,5.109089028037223e-12,1.3887943864771146e-11,8.423463754397692e-12,2.4133627718273893e-12,3.978962535821407e-12,1.0815941557168708e-11,5.109089028037223e-12,6.560200168110742e-12
0.9999999999999272,0.9706877672877217,0.004070137783849419,0.0003353500316799018,2.7535687821746045e-05,0.00012339461917113592,0.00020342704657999323,7.484626298776402e-05,6.144177531850823e-06,1.3709578605790399e-06,6.144177531850823e-06,3.7266388399128017e-06,1.6701429809483402e-05,1.3709578605790399e-06,6.144177531850823e-06,1.0129987357628251e-05,2.7535687821746045e-05,7.484626298776402e-05,0.00020342704657999323,1.3709578605790399e-06,1.0129987357628251e-05
0.9999999999915765,3.9278634073828347e-07,5.905303995456778e-10,1.0261879630648829e-10,1.3887943864771146e-11,3.098819138712223e-12,1.0815941557168708e-11,5.109089028037223e-12,5.109089028037223e-12,6.560200168110742e-12,1.1399918530430558e-12,2.4133627718273893e-12,3.098819138712223e-12,1.4637785141237664e-12,6.560200168110742e-12,3.098819138712223e-12,8.423463754397692e-12,1.0815941557168708e-11,2.940077739198032e-11,5.109089028037223e-12,5.109089028037223e-12
0.9999999999994615,0.9997965729534201,0.01798621187025419,0.00020342704657999323,0.00020342704657999323,7.484626298776402e-05,7.484626298776402e-05,0.0005527785524441057,0.0005527785524441057,2.7535687821746045e-05,1.6701429809483402e-05,6.144177531850823e-06,2.7535687821746045e-05,1.6701429809483402e-05,6.144177531850823e-06,6.144177531850823e-06,1.6701429809483402e-05,1.0129987357628251e-05,4.5397852420729034e-05,2.7535687821746045e-05,2.2603251062511995e-06
0.9999999999915765,0.002472622943003016,5.043476486929152e-07,1.125351754703302e-07,3.059023363247549e-07,6.825603724121505e-08,2.5109990926928157e-08,6.825603724121505e-08,4.1399375473943306e-08,3.2241866333029355e-08,4.363462233903899e-09,5.60279640614594e-09,1.1861120010657661e-08,2.646573631904765e-09,7.194132978569833e-09,5.60279640614594e-09,4.363462233903899e-09,5.60279640614594e-09,9.237449576640118e-09,2.0611536181902033e-09,2.646573631904765e-09
0.9999999999200804,0.2689414213699951,0.0003353500316799018,0.010986941578116867,0.047425873514159125,0.010986941578116867,0.010986941578116867,0.047425873514159125,0.010986941578116867,0.01798621187025419,0.002472622943003016,0.0015011819937681247,0.006692851264816553,0.010986941578116867,0.047425873514159125,0.0009110513587503459,0.0009110513587503459,0.0009110513587503459,0.0005527785524441057,0.002472622943003016,0.00020342704657999323
0.9999999999996734,0.999999999782756,0.9999999995400946,0.9999999994094697,0.9999999979388463,0.9999999987498471,0.9999999979388463,0.9999999907625504,0.9999999987498471,0.9999999907625504,0.9999999586006244,0.999999814460854,0.999999974890009,0.9999999586006244,0.999999814460854,0.9999998874648245,0.9999998874648245,0.9999991684720715,0.9999999586006244,0.999999814460854,0.9999999586006244
0.999999999994891,0.9890130584218833,0.0293122327122782,0.0005527785524441057,0.00012339461917113592,1.6701429809483402e-05,1.3709578605790399e-06,8.315279285380714e-07,2.2603251062511995e-06,1.125351754703302e-07,8.764248496102855e-08,8.764248496102855e-08,4.1399375473943306e-08,1.955568070542584e-08,3.059023363247549e-07,3.059023363247549e-07,4.1399375473943306e-08,5.3157849718487075e-08,3.2241866333029355e-08,2.5109990926928157e-08,1.125351754703302e-07
0.99999998813888,0.00012339461917113592,6.475945666070602e-07,2.7535687821746045e-05,0.00012339461917113592,0.0009110513587503459,0.0015011819937681247,0.006692851264816553,0.010986941578116867,0.004070137783849419,0.010986941578116867,0.0009110513587503459,0.002472622943003016,0.0293122327122782,0.010986941578116867,0.010986941578116867,0.0009110513587503459,0.0003353500316799018,0.002472622943003016,0.0009110513587503459,0.0015011819937681247
0.9999999907625504,1.3709578605790399e-06,4.1399375473943306e-08,7.194132978569833e-09,3.3982678079468468e-09,2.5109990926928157e-08,1.522997951276035e-08,2.5109990926928157e-08,3.2241866333029355e-08,5.3157849718487075e-08,3.2241866333029355e-08,1.1861120010657661e-08,1.1861120010657661e-08,9.237449576640118e-09,1.1861120010657661e-08,1.522997951276035e-08,1.1861120010657661e-08,2.3823696679343503e-07,5.043476486929152e-07,5.3157849718487075e-08,8.764248496102855e-08
0.9999999999998019,0.9999999966017321,0.9999999973534264,0.9999999956365377,0.9999999979388463,0.9999999979388463,0.999999974890009,0.9999999317439628,0.999999974890009,0.999999814460854,0.9999996940976636,0.9999994956523514,0.9999998874648245,0.999999814460854,0.9999999586006244,0.9999999586006244,0.9999998874648245,0.9999999586006244,0.9999999907625504,0.9999998874648245,0.9999996940976636
0.9999999997210531,0.999999814460854,0.999999974890009,0.999999974890009,0.9999999586006244,0.999999974890009,0.999999814460854,0.9999996940976636,0.999999814460854,0.9999998874648245,0.9999986290421394,0.99999627336116,0.9999996940976636,0.9999986290421394,0.9999991684720715,0.99999627336116,0.99999627336116,0.9999994956523514,0.9999996940976636,0.9999986290421394,0.9999986290421394
0.999999999989184,0.9999999979388463,0.9999999907625504,0.9999999907625504,0.9999999317439628,0.9999991684720715,0.99999627336116,0.9999546021475793,0.9998766053808288,0.9990889486412498,0.9241418267688302,0.8807970826714614,0.9820137881297458,0.9890130584218833,0.9933071487351834,0.9959298622161507,0.9994472214475559,0.997527377056997,0.9994472214475559,0.8807970826714614,0.9525741264858409
0.9999999999981204,0.9999994956523514,0.9959298622161507,0.9984988180062319,0.9933071487351834,0.9933071487351834,0.7310585786300049,0.9706877672877217,0.8175744850834648,0.7310585786300049,0.37754066879814546,0.047425873514159125,0.1824255149165352,0.5,0.9525741264858409,0.5,0.047425873514159125,0.01798621187025419,0.004070137783849419,0.0293122327122782,0.01798621187025419
0.9999999468421502,0.99999627336116,0.9999938558224682,0.9999991684720715,0.9999998874648245,0.9999994956523514,0.9999999317439628,0.9999999317439628,0.999999814460854,0.9999998874648245,0.9999998874648245,0.999999974890009,0.9999999317439628,0.999999974890009,0.999999974890009,0.999999814460854,0.9999999317439628,0.9999999317439628,0.9999998874648245,0.9999999317439628,0.9999991684720715
0.9999999943972036,0.7310585786300049,0.9959298622161507,0.9241418267688302,0.9241418267688302,0.9241418267688302,0.9706877672877217,0.9890130584218833,0.9933071487351834,0.9706877672877217,0.9525741264858409,0.9820137881297458,0.9933071487351834,0.997527377056997,0.9990889486412498,0.9241418267688302,0.9241418267688302,0.8807970826714614,0.9890130584218833,0.9994472214475559,0.9890130584218833
0.9999999999515263,0.6224593312018546,0.00020342704657999323,0.0293122327122782,0.006692851264816553,0.0009110513587503459,0.0015011819937681247,0.0009110513587503459,0.0003353500316799018,0.0009110513587503459,0.0003353500316799018,0.00020342704657999323,0.0009110513587503459,0.0003353500316799018,0.0003353500316799018,4.5397852420729034e-05,1.6701429809483402e-05,2.7535687821746045e-05,0.00012339461917113592,0.0015011819937681247,0.00020342704657999323
0.9999999907625504,2.4133627718273893e-12,9.3576229688393e-14,2.6810038677817314e-14,1.6261110446177924e-14,1.2664165549094015e-14,3.442477108469858e-14,1.6261110446177924e-14,2.6810038677817314e-14,3.442477108469858e-14,1.6261110446177924e-14,1.2664165549094015e-14,4.420228103640978e-14,5.6756852326324e-14,9.3576229688393e-14,5.6756852326324e-14,4.420228103640978e-14,7.287724095819161e-14,1.9810087980485874e-13,3.2661313427863805e-13,4.1937956583777856e-13
0.9999999999515263,0.9999986290421394,0.9999546021475793,0.9999938558224682,0.9999977396748937,0.9999996940976636,0.9999996940976636,0.9999994956523514,0.9999994956523514,0.9999991684720715,0.9999996940976636,0.9999977396748937,0.9999991684720715,0.9999986290421394,0.9999991684720715,0.9999898700126424,0.9999938558224682,0.9999898700126424,0.99999627336116,0.99999627336116,0.9999898700126424
0.9999999996418252,0.9999999973534264,0.9999999966017321,0.9999999979388463,0.9999999943972036,0.9999999847700205,0.9999999907625504,0.9999998874648245,0.9999996940976636,0.999999814460854,0.9999996940976636,0.9999998874648245,0.9999999317439628,0.9999999586006244,0.9999999847700205,0.9999996940976636,0.9999986290421394,0.9999898700126424,0.9999724643121783,0.9999977396748937,0.9998766053808288
0.9999999994094697,2.0611536181902033e-09,6.224144622520382e-11,2.940077739198032e-11,1.0815941557168708e-11,6.560200168110742e-12,2.4133627718273893e-12,3.098819138712223e-12,5.109089028037223e-12,6.560200168110742e-12,5.109089028037223e-12,1.4637785141237664e-12,6.560200168110742e-12,6.560200168110742e-12,1.7832472907828393e-11,1.7832472907828393e-11,2.940077739198032e-11,3.978962535821407e-12,6.560200168110742e-12,1.0815941557168708e-11,2.940077739198032e-11
0.9999999999996734,0.9999999999934397,0.9999999999915765,0.999999999989184,0.999999999986112,0.9999999999821676,0.999999999989184,0.999999999986112,0.9999999999821676,0.9999999999705993,0.9999999999377585,0.9999999999377585,0.9999999999200804,0.9999999999200804,0.9999999999200804,0.999999999868235,0.999999999868235,0.9999999999377585,0.9999999999515263,0.9999999999377585,0.9999999998973812
0.9999999999975866,0.07585817323116975,0.01798621187025419,0.010986941578116867,0.004070137783849419,0.002472622943003016,0.004070137783849419,0.01798621187025419,0.010986941578116867,0.0015011819937681247,0.0015011819937681247,0.0005527785524441057,0.0003353500316799018,0.0005527785524441057,0.0009110513587503459,0.0015011819937681247,0.0005527785524441057,0.002472622943003016,0.0015011819937681247,0.00020342704657999323,2.7535687821746045e-05
0.99999998813888,0.002472622943003016,0.00012339461917113592,0.5,0.8175744850834648,0.9706877672877217,0.9241418267688302,0.997527377056997,0.9933071487351834,0.6224593312018546,0.9933071487351834,0.9525741264858409,0.9241418267688302,0.997527377056997,0.9933071487351834,0.9820137881297458,0.9241418267688302,0.7310585786300049,0.9706877672877217,0.7310585786300049,0.8807970826714614
0.9999999999998799,0.9706877672877217,0.01798621187025419,0.0009110513587503459,0.0015011819937681247,0.01798621187025419,0.010986941578116867,0.0009110513587503459,2.7535687821746045e-05,0.00012339461917113592,0.0003353500316799018,0.00012339461917113592,0.0009110513587503459,7.484626298776402e-05,0.0015011819937681247,7.484626298776402e-05,0.00020342704657999323,0.004070137783849419,0.00012339461917113592,7.484626298776402e-05,0.0003353500316799018
0.9999999999995806,0.006692851264816553,3.059023363247549e-07,3.2241866333029355e-08,1.1861120010657661e-08,4.1399375473943306e-08,2.5109990926928157e-08,7.194132978569833e-09,2.646573631904765e-09,7.582560422162384e-10,1.6052280526088547e-09,5.905303995456778e-10,9.736200303530205e-10,9.736200303530205e-10,1.2501528648238603e-09,1.6052280526088547e-09,9.237449576640118e-09,4.363462233903899e-09,1.1861120010657661e-08,1.2501528648238603e-09,9.736200303530205e-10
0.9999999999998019,0.999999999868235,0.9999999987498471,0.9999999973534264,0.9999999995400946,0.9999999994094697,0.9999999987498471,0.9999999990263799,0.9999999990263799,0.999999974890009,0.9999999907625504,0.9999999586006244,0.9999999317439628,0.999999974890009,0.9999998874648245,0.999999974890009,0.9999999847700205,0.9999994956523514,0.9999999847700205,0.999999814460854,0.999999814460854
0.9999999979388463,0.9999832985701905,0.9999977396748937,0.9999898700126424,0.9999938558224682,0.99999627336116,0.9999977396748937,0.9999991684720715,0.99999627336116,0.9999898700126424,0.9998766053808288,0.9999251537370122,0.9999546021475793,0.9999546021475793,0.9999977396748937,0.9998766053808288,0.9997965729534201,0.99966464996832,0.9999251537370122,0.9999251537370122,0.9990889486412498
0.9999999999995806,0.9999999996418252,0.9999999994094697,0.999999999782756,0.9999999995400946,0.9999999987498471,0.9999999973534264,0.9999999987498471,0.9999999973534264,0.9999999907625504,0.9999999928058669,0.9999999943972036,0.9999999928058669,0.99999998813888,0.9999999928058669,0.9999999804443193,0.999999974890009,0.9999999468421502,0.9999999804443193,0.999999974890009,0.999999974890009
0.9999999995400946,0.9999977396748937,0.9999724643121783,0.9999996940976636,0.9999994956523514,0.9999994956523514,0.9999996940976636,0.9999991684720715,0.9999994956523514,0.9999998874648245,0.9999994956523514,0.9999991684720715,0.9999986290421394,0.9999938558224682,0.9999986290421394,0.9999898700126424,0.9999898700126424,0.9999724643121783,0.9999546021475793,0.9997965729534201,0.99966464996832
0.9999999998308102,8.764248496102855e-08,8.764248496102855e-08,8.764248496102855e-08,6.825603724121505e-08,1.955568070542584e-08,4.1399375473943306e-08,3.2241866333029355e-08,6.825603724121505e-08,5.3157849718487075e-08,9.237449576640118e-09,1.1861120010657661e-08,1.1861120010657661e-08,1.522997951276035e-08,8.764248496102855e-08,1.955568070542584e-08,2.5109990926928157e-08,1.955568070542584e-08,1.522997951276035e-08,1.955568070542584e-08,1.955568070542584e-08
0.9999999987498471,2.4133627718273893e-12,7.287724095819161e-14,2.6810038677817314e-14,2.6810038677817314e-14,1.6261110446177924e-14,4.420228103640978e-14,2.08796791164589e-14,3.442477108469858e-14,3.442477108469858e-14,3.442477108469858e-14,4.420228103640978e-14,1.2015425731770343e-13,5.6756852326324e-14,5.6756852326324e-14,5.6756852326324e-14,1.2015425731770343e-13,1.9810087980485874e-13,3.2661313427863805e-13,7.287724095819161e-14,1.2015425731770343e-13
0.9999999943972036,1.7832472907828393e-11,1.4637785141237664e-12,1.8795288165355504e-12,3.098819138712223e-12,6.914400106935422e-13,1.8795288165355504e-12,1.4637785141237664e-12,1.1399918530430558e-12,1.4637785141237664e-12,3.098819138712223e-12,3.098819138712223e-12,3.978962535821407e-12,2.4133627718273893e-12,5.109089028037223e-12,3.978962535821407e-12,1.0815941557168708e-11,8.423463754397692e-12,2.2897348455931243e-11,6.560200168110742e-12,6.560200168110742e-12
0.9999999999200804,0.999999814460854,0.9999999317439628,0.999999974890009,0.9999999943972036,0.9999999907625504,0.9999999847700205,0.9999999847700205,0.9999999907625504,0.9999999907625504,0.9999999317439628,0.9999996940976636,0.9999994956523514,0.9999977396748937,0.9999991684720715,0.99999627336116,0.9999986290421394,0.9999898700126424,0.9999977396748937,0.9999546021475793,0.9999251537370122
0.999999999994891,0.9999999987498471,0.9999999996418252,0.9999999987498471,0.9999999987498471,0.9999999987498471,0.9999999987498471,0.999999974890009,0.9999998874648245,0.99999627336116,0.9999251537370122,0.99966464996832,0.9999832985701905,0.9999898700126424,0.99999627336116,0.9999898700126424,0.9999832985701905,0.9999832985701905,0.9999898700126424,0.9990889486412498,0.9933071487351834
0.99999999999886,0.9999999943972036,0.9999999979388463,0.9999999973534264,0.9999999973534264,0.9999999966017321,0.9999999966017321,0.9999999956365377,0.9999999943972036,0.9999999928058669,0.9999999847700205,0.99999998813888,0.9999999847700205,0.999999814460854,0.9999998874648245,0.999999814460854,0.9999994956523514,0.9999996940976636,0.999999814460854,0.9999998874648245,0.9999991684720715
0.9999999997210531,0.2689414213699951,0.010986941578116867,0.002472622943003016,7.484626298776402e-05,7.484626298776402e-05,0.0003353500316799018,0.0005527785524441057,0.0009110513587503459,0.0005527785524441057,0.00020342704657999323,4.5397852420729034e-05,1.6701429809483402e-05,2.7535687821746045e-05,0.00012339461917113592,0.00012339461917113592,3.7266388399128017e-06,1.0129987357628251e-05,2.1444958641491428e-05,7.484626298776402e-05,4.5397852420729034e-05
0.99999627336116,1.1861120010657661e-08,5.905303995456778e-10,2.646573631904765e-09,3.3982678079468468e-09,4.363462233903899e-09,9.237449576640118e-09,4.1399375473943306e-08,2.3823696679343503e-07,1.955568070542584e-08,8.764248496102855e-08,1.955568070542584e-08,7.194132978569833e-09,1.955568070542584e-08,1.1861120010657661e-08,7.194132978569833e-09,2.5109990926928157e-08,3.3982678079468468e-09,1.1861120010657661e-08,7.194132978569833e-09,4.1399375473943306e-08
0.9999999999998019,0.9999999468421502,0.9999999943972036,0.9999999943972036,0.9999999907625504,0.9999999847700205,0.99999998813888,0.9999999847700205,0.9999998874648245,0.9999977396748937,0.9999994956523514,0.9999991684720715,0.999999814460854,0.9999998874648245,0.9999999586006244,0.9999998874648245,0.9999998874648245,0.9999996940976636,0.999999814460854,0.9999998874648245,0.9999994956523514
0.9999999999998019,0.9999999994094697,0.9999999994094697,0.999999999868235,0.9999999998973812,0.999999999868235,0.9999999996418252,0.9999999992417439,0.9999999979388463,0.9999999847700205,0.999999974890009,0.999999974890009,0.9999999847700205,0.9999999943972036,0.9999999966017321,0.9999999943972036,0.9999999907625504,0.9999999847700205,0.9999999943972036,0.9999999907625504,0.9999999907625504
0.9999999999991123,0.9999999317439628,0.9999546021475793,0.9999938558224682,0.9999898700126424,0.99999627336116,0.9998766053808288,0.9998766053808288,0.9990889486412498,0.997527377056997,0.9706877672877217,0.8807970826714614,0.9820137881297458,0.9933071487351834,0.9933071487351834,0.9241418267688302,0.6224593312018546,0.5,0.37754066879814546,0.9525741264858409,0.2689414213699951
0.9999999999999873,0.9999999999985363,0.99999999999886,0.9999999999994615,0.9999999999993086,0.9999999999991123,0.9999999999994615,0.9999999999985363,0.9999999999981204,0.9999999999981204,0.999999999994891,0.9999999999934397,0.9999999999915765,0.999999999989184,0.9999999999934397,0.999999999986112,0.9999999999915765,0.9999999999915765,0.9999999999934397,0.999999999986112,0.9999999999821676
0.9999999987498471,1.3176514268359263e-10,5.109089028037223e-12,3.978962535821407e-12,3.098819138712223e-12,3.098819138712223e-12,1.4637785141237664e-12,1.4637785141237664e-12,8.878265478451776e-13,8.878265478451776e-13,1.4637785141237664e-12,8.878265478451776e-13,6.560200168110742e-12,3.098819138712223e-12,5.109089028037223e-12,6.914400106935422e-13,2.4133627718273893e-12,6.560200168110742e-12,1.7832472907828393e-11,8.423463754397692e-12,1.0815941557168708e-11
0.9999999997210531,0.999999974890009,0.9999998874648245,0.9999999317439628,0.9999998874648245,0.9999999317439628,0.9999999317439628,0.999999814460854,0.9999996940976636,0.999999814460854,0.9999986290421394,0.9999994956523514,0.9999991684720715,0.9999977396748937,0.9999991684720715,0.9999832985701905,0.9999251537370122,0.9999938558224682,0.9999986290421394,0.9999977396748937,0.9999724643121783
0.999999999989184,2.0611536181902033e-09,8.423463754397692e-12,3.098819138712223e-12,1.1399918530430558e-12,3.2661313427863805e-13,4.1937956583777856e-13,6.914400106935422e-13,2.5436656473762755e-13,1.2015425731770343e-13,9.3576229688393e-14,5.6756852326324e-14,1.2015425731770343e-13,1.2015425731770343e-13,6.914400106935422e-13,3.2661313427863805e-13,2.5436656473762755e-13,1.5428112031916497e-13,3.2661313427863805e-13,2.5436656473762755e-13,1.9810087980485874e-13
0.9999999995400946,0.9999999987498471,0.999999999868235,0.999999999868235,0.999999999868235,0.9999999997210531,0.999999999782756,0.9999999997210531,0.9999999994094697,0.9999999994094697,0.9999999987498471,0.9999999992417439,0.9999999990263799,0.9999999990263799,0.9999999997210531,0.999999998394772,0.9999999973534264,0.999999998394772,0.9999999979388463,0.9999999979388463,0.9999999943972036
0.9999999999981204,0.9999999973534264,0.9999999966017321,0.9999999987498471,0.9999999994094697,0.9999999996418252,0.9999999979388463,0.9999999987498471,0.9999999990263799,0.9999999973534264,0.9999999956365377,0.9999999928058669,0.9999999847700205,0.9999999586006244,0.9999999847700205,0.9999999317439628,0.999999814460854,0.9999994956523514,0.9999994956523514,0.9999986290421394,0.9999938558224682
0.9999999999981204,0.9999999973534264,0.9999999990263799,0.999999998394772,0.999999998394772,0.9999999992417439,0.9999999990263799,0.9999999987498471,0.9999999987498471,0.9999999990263799,0.9999999956365377,0.9999999943972036,0.9999999966017321,0.9999999966017321,0.9999999943972036,0.999999974890009,0.9999999317439628,0.9999999586006244,0.9999999586006244,0.9999999943972036,0.999999974890009
0.9999999998973812,0.9999999943972036,0.9999999847700205,0.9999999907625504,0.999999974890009,0.999999974890009,0.9999999847700205,0.9999999586006244,0.9999998874648245,0.9999999317439628,0.999999814460854,0.9999998874648245,0.9999999317439628,0.999999974890009,0.99999998813888,0.9999996940976636,0.9999991684720715,0.99999627336116,0.99999627336116,0.9999986290421394,0.9999724643121783
0.9999999907625504,0.9999994956523514,0.9999991684720715,0.999999814460854,0.9999999586006244,0.9999999907625504,0.9999999966017321,0.9999999847700205,0.9999999907625504,0.9999999847700205,0.9999999847700205,0.9999999586006244,0.9999999847700205,0.9999999847700205,0.9999999956365377,0.9999999317439628,0.9999998874648245,0.9999999586006244,0.999999974890009,0.9999999586006244,0.9999998874648245
0.9999999999993086,0.047425873514159125,0.0005527785524441057,0.0003353500316799018,0.004070137783849419,0.002472622943003016,0.0009110513587503459,0.00012339461917113592,0.0003353500316799018,4.5397852420729034e-05,7.484626298776402e-05,7.484626298776402e-05,0.00012339461917113592,2.7535687821746045e-05,7.484626298776402e-05,4.5397852420729034e-05,0.00020342704657999323,0.00012339461917113592,0.00012339461917113592,2.7535687821746045e-05,7.484626298776402e-05
0.9999999998973812,9.237449576640118e-09,4.363462233903899e-09,2.646573631904765e-09,5.905303995456778e-10,7.582560422162384e-10,2.646573631904765e-09,9.736200303530205e-10,9.736200303530205e-10,1.6052280526088547e-09,7.582560422162384e-10,5.905303995456778e-10,7.582560422162384e-10,1.6052280526088547e-09,5.60279640614594e-09,1.6052280526088547e-09,7.582560422162384e-10,2.646573631904765e-09,9.237449576640118e-09,1.1861120010657661e-08,4.363462233903899e-09
0.999999999986112,0.9999999999515263,0.9999999999622486,0.9999999999622486,0.9999999999200804,0.9999999999515263,0.9999999999622486,0.9999999999377585,0.9999999999515263,0.9999999998308102,0.999999999868235,0.999999999782756,0.999999999782756,0.9999999997210531,0.9999999997210531,0.9999999996418252,0.9999999997210531,0.9999999997210531,0.9999999998308102,0.9999999994094697,0.9999999979388463
0.9999999907625504,0.0009110513587503459,6.144177531850823e-06,0.0009110513587503459,0.002472622943003016,0.006692851264816553,0.07585817323116975,0.1824255149165352,0.2689414213699951,0.11920291732853862,0.01798621187025419,0.11920291732853862,0.047425873514159125,0.0293122327122782,0.0293122327122782,0.006692851264816553,0.0015011819937681247,0.006692851264816553,0.37754066879814546,0.7310585786300049,0.11920291732853862
0.9999999999995806,0.0015011819937681247,2.2603251062511995e-06,4.5397852420729034e-05,2.7535687821746045e-05,3.7266388399128017e-06,2.2603251062511995e-06,6.144177531850823e-06,6.144177531850823e-06,6.144177531850823e-06,4.5397852420729034e-05,2.2603251062511995e-06,4.5397852420729034e-05,4.5397852420729034e-05,0.00020342704657999323,0.00020342704657999323,0.0005527785524441057,0.0005527785524441057,0.0015011819937681247,7.484626298776402e-05,0.0015011819937681247
0.9999999999999065,0.9999999999200804,0.9999999998973812,0.9999999999200804,0.999999999868235,0.9999999999200804,0.999999999868235,0.999999999868235,0.9999999998308102,0.999999999868235,0.999999999782756,0.9999999996418252,0.9999999996418252,0.9999999995400946,0.9999999996418252,0.9999999996418252,0.9999999994094697,0.9999999994094697,0.9999999995400946,0.9999999996418252,0.9999999994094697
0.9999999995400946,0.002472622943003016,0.00012339461917113592,2.7535687821746045e-05,4.5397852420729034e-05,1.6701429809483402e-05,1.6701429809483402e-05,3.7266388399128017e-06,8.315279285380714e-07,1.0129987357628251e-05,3.7266388399128017e-06,3.7266388399128017e-06,4.5397852420729034e-05,7.484626298776402e-05,0.0003353500316799018,2.7535687821746045e-05,6.144177531850823e-06,8.315279285380714e-07,2.2603251062511995e-06,3.7266388399128017e-06,2.2603251062511995e-06
0.9999999999994615,0.999999974890009,0.999999814460854,0.9999977396748937,0.9999986290421394,0.99999627336116,0.9999994956523514,0.9999991684720715,0.99999627336116,0.9999832985701905,0.9999898700126424,0.99999627336116,0.9999938558224682,0.9999898700126424,0.99999627336116,0.9999898700126424,0.9999546021475793,0.9999546021475793,0.9999832985701905,0.99966464996832,0.99966464996832
0.9999999999998019,0.9999999997210531,0.9999999990263799,0.9999999966017321,0.9999999847700205,0.9999999943972036,0.9999999907625504,0.9999999317439628,0.9999994956523514,0.9999832985701905,0.9997965729534201,0.9990889486412498,0.9999546021475793,0.9999938558224682,0.9999251537370122,0.9999832985701905,0.9999832985701905,0.9999898700126424,0.9999898700126424,0.997527377056997,0.997527377056997
0.9999999998973812,6.144177531850823e-06,2.3823696679343503e-07,8.764248496102855e-08,2.5109990926928157e-08,5.60279640614594e-09,9.237449576640118e-09,9.237449576640118e-09,4.363462233903899e-09,5.905303995456778e-10,1.2501528648238603e-09,1.2501528648238603e-09,1.6052280526088547e-09,1.6052280526088547e-09,3.3982678079468468e-09,5.905303995456778e-10,5.905303995456778e-10,1.2501528648238603e-09,7.194132978569833e-09,4.363462233903899e-09,7.582560422162384e-10
0.9999999999200804,0.9999999317439628,0.9999999943972036,0.9999999973534264,0.9999999956365377,0.9999999966017321,0.9999999956365377,0.9999999973534264,0.9999999847700205,0.9999999928058669,0.9999999956365377,0.9999999847700205,0.99999998813888,0.9999999847700205,0.9999999907625504,0.9999998874648245,0.9999994956523514,0.9999986290421394,0.9999996940976636,0.999999814460854,0.9999986290421394
0.9999999996418252,4.363462233903899e-09,4.599055376537186e-10,3.581747929000289e-10,1.0261879630648829e-10,3.775134544136581e-11,3.775134544136581e-11,3.775134544136581e-11,2.2897348455931243e-11,3.775134544136581e-11,1.0815941557168708e-11,8.423463754397692e-12,4.847368706035286e-11,3.775134544136581e-11,7.991959892315218e-11,1.0261879630648829e-10,4.847368706035286e-11,3.775134544136581e-11,1.0261879630648829e-10,7.991959892315218e-11,7.991959892315218e-11
0.9999999999515263,0.999999974890009,0.999999974890009,0.9999999907625504,0.9999999979388463,0.9999999973534264,0.9999999928058669,0.99999998813888,0.9999999847700205,0.9999999928058669,0.9999999847700205,0.999999974890009,0.9999999586006244,0.999999974890009,0.9999999907625504,0.9999996940976636,0.9999994956523514,0.9999996940976636,0.9999991684720715,0.9999994956523514,0.9999898700126424
0.9999999999998457,0.999999999989184,0.9999999999934397,0.999999999994891,0.9999999999915765,0.999999999989184,0.999999999989184,0.999999999986112,0.999999999989184,0.9999999999705993,0.9999999999705993,0.9999999999622486,0.9999999999705993,0.9999999999622486,0.9999999999622486,0.9999999999515263,0.9999999999622486,0.9999999999622486,0.9999999999377585,0.9999999998973812,0.9999999998308102
0.9999999979388463,1.0129987357628251e-05,5.043476486929152e-07,3.7266388399128017e-06,8.315279285380714e-07,1.3709578605790399e-06,6.144177531850823e-06,1.0129987357628251e-05,7.484626298776402e-05,7.484626298776402e-05,1.0129987357628251e-05,3.7266388399128017e-06,1.6701429809483402e-05,1.0129987357628251e-05,3.7266388399128017e-06,2.2603251062511995e-06,2.7535687821746045e-05,4.5397852420729034e-05,0.0015011819937681247,0.00012339461917113592,7.484626298776402e-05
0.9999999966017321,8.423463754397692e-12,1.9810087980485874e-13,1.5428112031916497e-13,3.2661313427863805e-13,4.1937956583777856e-13,3.2661313427863805e-13,8.878265478451776e-13,4.1937956583777856e-13,6.914400106935422e-13,5.384940217751136e-13,5.384940217751136e-13,5.384940217751136e-13,1.4637785141237664e-12,6.914400106935422e-13,8.878265478451776e-13,6.914400106935422e-13,8.878265478451776e-13,2.4133627718273893e-12,1.8795288165355504e-12,1.8795288165355504e-12
0.999999999868235,0.999999999782756,0.9999999999771028,0.9999999999771028,0.9999999999771028,0.9999999999771028,0.9999999999705993,0.9999999999771028,0.9999999999622486,0.9999999999771028,0.9999999999515263,0.9999999998973812,0.9999999999705993,0.9999999999771028,0.9999999999705993,0.9999999998308102,0.9999999998308102,0.9999999998308102,0.9999999998308102,0.9999999998308102,0.9999999995400946
0.9999999997210531,1.1861120010657661e-08,2.0611536181902033e-09,1.6052280526088547e-09,7.582560422162384e-10,1.2501528648238603e-09,5.60279640614594e-09,4.363462233903899e-09,1.2501528648238603e-09,2.0611536181902033e-09,1.6052280526088547e-09,7.582560422162384e-10,3.3982678079468468e-09,4.363462233903899e-09,2.0611536181902033e-09,9.736200303530205e-10,1.2501528648238603e-09,2.0611536181902033e-09,4.363462233903899e-09,3.3982678079468468e-09,1.6052280526088547e-09
0.9999999999915765,0.9999999979388463,0.9999999992417439,0.9999999990263799,0.9999999907625504,0.9999999943972036,0.9999999966017321,0.9999999847700205,0.9999999847700205,0.9999996940976636,0.9999994956523514,0.9999994956523514,0.9999986290421394,0.9999986290421394,0.9999996940976636,0.9999977396748937,0.9999991684720715,0.9999977396748937,0.999999814460854,0.9999832985701905,0.99966464996832
0.9999999998973812,0.9994472214475559,0.9959298622161507,0.9994472214475559,0.9997965729534201,0.9994472214475559,0.9984988180062319,0.9890130584218833,0.997527377056997,0.9994472214475559,0.9984988180062319,0.997527377056997,0.9820137881297458,0.9525741264858409,0.9933071487351834,0.5,0.8175744850834648,0.8175744850834648,0.8175744850834648,0.6224593312018546,0.07585817323116975
0.9999999999975866,0.8175744850834648,0.0009110513587503459,7.484626298776402e-05,1.0129987357628251e-05,1.6701429809483402e-05,2.2603251062511995e-06,3.7266388399128017e-06,6.144177531850823e-06,1.6701429809483402e-05,3.7266388399128017e-06,1.067702997323512e-06,8.315279285380714e-07,2.2603251062511995e-06,2.2603251062511995e-06,8.315279285380714e-07,3.7266388399128017e-06,3.7266388399128017e-06,6.144177531850823e-06,2.2603251062511995e-06,6.475945666070602e-07
0.9999999999999791,0.999999999986112,0.9999999999771028,0.9999999999622486,0.9999999999515263,0.9999999999200804,0.9999999999200804,0.9999999999200804,0.999999999868235,0.9999999999200804,0.9999999999200804,0.999999999782756,0.999999999782756,0.9999999997210531,0.9999999998973812,0.999999999782756,0.9999999997210531,0.9999999996418252,0.999999999868235,0.9999999994094697,0.9999999992417439
0.9999999995400946,0.9999999677581336,0.9999999907625504,0.9999999966017321,0.9999999966017321,0.999999998394772,0.9999999987498471,0.9999999966017321,0.9999999973534264,0.9999999966017321,0.9999999966017321,0.999999998394772,0.9999999979388463,0.9999999973534264,0.9999999973534264,0.9999999907625504,0.9999999847700205,0.99999998813888,0.9999999928058669,0.9999999956365377,0.9999999804443193
0.9999999999999065,0.9999999997210531,0.9999999994094697,0.9999999995400946,0.9999999994094697,0.9999999990263799,0.9999999995400946,0.9999999990263799,0.9999999992417439,0.9999999966017321,0.9999999943972036,0.9999999907625504,0.9999999943972036,0.9999999847700205,0.999999974890009,0.9999999317439628,0.999999974890009,0.9999999907625504,0.9999999907625504,0.9999999966017321,0.9999999943972036
0.999999855501979,0.9999938558224682,0.9999724643121783,0.9999977396748937,0.9999994956523514,0.9999996940976636,0.9999996940976636,0.9999994956523514,0.9999994956523514,0.9999994956523514,0.9999991684720715,0.9999996940976636,0.999999814460854,0.9999998874648245,0.9999998874648245,0.9999986290421394,0.9999991684720715,0.9999991684720715,0.9999994956523514,0.9999996940976636,0.9999996940976636
0.999999999868235,0.997527377056997,0.9933071487351834,0.9933071487351834,0.997527377056997,0.9525741264858409,0.8807970826714614,0.9706877672877217,0.9820137881297458,0.8807970826714614,0.9241418267688302,0.5,0.9706877672877217,0.9933071487351834,0.9890130584218833,0.2689414213699951,0.37754066879814546,0.7310585786300049,0.997527377056997,0.8175744850834648,0.8175744850834648
0.9999999994094697,0.004070137783849419,0.0015011819937681247,0.0003353500316799018,2.7535687821746045e-05,1.0129987357628251e-05,4.5397852420729034e-05,2.7535687821746045e-05,4.5397852420729034e-05,0.00020342704657999323,2.7535687821746045e-05,4.5397852420729034e-05,1.6701429809483402e-05,1.6701429809483402e-05,0.00012339461917113592,1.0129987357628251e-05,2.2603251062511995e-06,3.7266388399128017e-06,1.6701429809483402e-05,4.5397852420729034e-05,1.6701429809483402e-05
0.9999999999200804,0.9999999966017321,0.9999999966017321,0.9999999943972036,0.9999999943972036,0.9999999847700205,0.9999999847700205,0.9999999847700205,0.9999999907625504,0.9999999907625504,0.9999999907625504,0.9999999847700205,0.9999999928058669,0.9999999928058669,0.9999999907625504,0.9999999847700205,0.9999999847700205,0.9999999907625504,0.9999999907625504,0.9999999907625504,0.9999999586006244
0.9999991684720715,1.125351754703302e-07,1.522997951276035e-08,6.825603724121505e-08,6.825603724121505e-08,3.059023363247549e-07,5.043476486929152e-07,6.144177531850823e-06,2.7535687821746045e-05,8.315279285380714e-07,3.7266388399128017e-06,1.3709578605790399e-06,8.315279285380714e-07,8.315279285380714e-07,5.043476486929152e-07,5.043476486929152e-07,5.043476486929152e-07,3.059023363247549e-07,6.144177531850823e-06,6.144177531850823e-06,2.7535687821746045e-05
0.9999999999995806,0.9999999990263799,0.9999999987498471,0.9999999586006244,0.9999998874648245,0.9999996940976636,0.9999996940976636,0.9999977396748937,0.9999898700126424,0.9999724643121783,0.99966464996832,0.9984988180062319,0.99966464996832,0.99966464996832,0.9999546021475793,0.9994472214475559,0.997527377056997,0.9959298622161507,0.9994472214475559,0.9990889486412498,0.9706877672877217
0.9999999998308102,0.9241418267688302,0.9241418267688302,0.8807970826714614,0.5,0.07585817323116975,0.010986941578116867,0.047425873514159125,0.010986941578116867,0.07585817323116975,0.010986941578116867,0.004070137783849419,0.0015011819937681247,0.0015011819937681247,0.047425873514159125,0.00020342704657999323,2.7535687821746045e-05,7.484626298776402e-05,1.6701429809483402e-05,4.5397852420729034e-05,1.0129987357628251e-05
0.9999999994094697,0.11920291732853862,0.010986941578116867,0.9241418267688302,0.9525741264858409,0.9241418267688302,0.9525741264858409,0.9525741264858409,0.997527377056997,0.9525741264858409,0.9890130584218833,0.9706877672877217,0.9525741264858409,0.9706877672877217,0.9890130584218833,0.9525741264858409,0.9241418267688302,0.8807970826714614,0.9820137881297458,0.6224593312018546,0.8175744850834648
0.9999999999915765,0.999999999782756,0.9999999999200804,0.999999999782756,0.9999999996418252,0.9999999995400946,0.9999999994094697,0.9999999979388463,0.9999999987498471,0.9999999907625504,0.9999999928058669,0.9999999586006244,0.9999999847700205,0.999999974890009,0.9999999907625504,0.9999999677581336,0.9999999847700205,0.9999999586006244,0.9999999804443193,0.9999999317439628,0.9999998874648245
0.9999999943972036,0.9984988180062319,0.9999898700126424,0.999999814460854,0.9999998874648245,0.9999999586006244,0.9999999317439628,0.999999974890009,0.9999999907625504,0.9999999907625504,0.9999996940976636,0.9999998874648245,0.9999999586006244,0.9999999586006244,0.9999999847700205,0.9999998874648245,0.9999998874648245,0.9999994956523514,0.9999977396748937,0.9999898700126424,0.99999627336116
0.9999999999981204,0.9990889486412498,0.8807970826714614,0.07585817323116975,0.00020342704657999323,2.7535687821746045e-05,2.2603251062511995e-06,8.315279285380714e-07,3.059023363247549e-07,5.3157849718487075e-08,4.1399375473943306e-08,1.522997951276035e-08,9.237449576640118e-09,1.1861120010657661e-08,1.955568070542584e-08,1.8553914607279396e-07,1.125351754703302e-07,2.5109990926928157e-08,5.3157849718487075e-08,4.363462233903899e-09,5.60279640614594e-09
0.9999999995400946,0.00020342704657999323,2.7535687821746045e-05,0.00020342704657999323,0.0005527785524441057,0.0003353500316799018,0.0005527785524441057,0.004070137783849419,0.0015011819937681247,0.0015011819937681247,0.0003353500316799018,0.0003353500316799018,0.0009110513587503459,0.006692851264816553,0.047425873514159125,0.004070137783849419,0.0015011819937681247,0.004070137783849419,0.0015011819937681247,0.0009110513587503459,0.00020342704657999323
0.999999999986112,0.9999251537370122,0.9820137881297458,0.9999251537370122,0.9999832985701905,0.9999724643121783,0.9999938558224682,0.9999724643121783,0.9999938558224682,0.9999898700126424,0.9997965729534201,0.99966464996832,0.9999251537370122,0.9997965729534201,0.9999251537370122,0.9999251537370122,0.9999251537370122,0.9997965729534201,0.9999546021475793,0.9994472214475559,0.9990889486412498
0.9999999999999272,0.9999999907625504,0.9999991684720715,0.9999986290421394,0.9999938558224682,0.9999546021475793,0.9999724643121783,0.9999938558224682,0.9999724643121783,0.9999898700126424,0.9998766053808288,0.9997965729534201,0.9999251537370122,0.9997965729534201,0.9999251537370122,0.9994472214475559,0.9959298622161507,0.9990889486412498,0.99966464996832,0.9984988180062319,0.9959298622161507
0.9999999994094697,0.1824255149165352,0.006692851264816553,0.0005527785524441057,0.0009110513587503459,0.0005527785524441057,0.00012339461917113592,0.00020342704657999323,0.0005527785524441057,7.484626298776402e-05,1.6701429809483402e-05,7.484626298776402e-05,2.7535687821746045e-05,0.00020342704657999323,7.484626298776402e-05,1.6701429809483402e-05,6.144177531850823e-06,1.6701429809483402e-05,0.002472622943003016,0.0009110513587503459,4.5397852420729034e-05
0.9999999999377585,0.999999974890009,0.9999999973534264,0.9999999943972036,0.9999999966017321,0.9999999956365377,0.9999999973534264,0.9999999928058669,0.99999998813888,0.9999999943972036,0.999999974890009,0.9999999804443193,0.999999974890009,0.999999974890009,0.9999999907625504,0.9999994956523514,0.9999994956523514,0.9999996940976636,0.9999999123575151,0.9999999586006244,0.9999994956523514
0.999999999989184,0.999999974890009,0.9999994956523514,0.9999996940976636,0.9999724643121783,0.9998766053808288,0.9998766053808288,0.997527377056997,0.9984988180062319,0.9706877672877217,0.5,0.2689414213699951,0.6224593312018546,0.5,0.8807970826714614,0.9820137881297458,0.9525741264858409,0.8175744850834648,0.9706877672877217,0.5,0.37754066879814546
0.9999999999934397,0.9999998874648245,0.9997965729534201,0.99966464996832,0.9706877672877217,0.9241418267688302,0.7310585786300049,0.37754066879814546,0.0293122327122782,0.010986941578116867,0.01798621187025419,0.010986941578116867,0.07585817323116975,0.11920291732853862,0.07585817323116975,0.047425873514159125,0.0293122327122782,0.047425873514159125,0.11920291732853862,0.002472622943003016,0.0015011819937681247
0.9999999999969011,0.999999999782756,0.9999999996418252,0.9999999995400946,0.9999999992417439,0.9999999992417439,0.9999999995400946,0.9999999987498471,0.999999974890009,0.999999974890009,0.9999994956523514,0.99999627336116,0.9999991684720715,0.9999991684720715,0.9999996940976636,0.9999994956523514,0.9999994956523514,0.9999986290421394,0.999999814460854,0.9999986290421394,0.9999832985701905
0.99999998813888,5.043476486929152e-07,1.6052280526088547e-09,3.581747929000289e-10,5.60279640614594e-09,4.363462233903899e-09,3.3982678079468468e-09,9.736200303530205e-10,1.2501528648238603e-09,2.0611536181902033e-09,9.237449576640118e-09,9.237449576640118e-09,2.5109990926928157e-08,1.522997951276035e-08,4.1399375473943306e-08,4.363462233903899e-09,4.363462233903899e-09,3.3982678079468468e-09,9.237449576640118e-09,2.5109990926928157e-08,5.60279640614594e-09
0.9999999907625504,0.9999994956523514,0.9999832985701905,0.9999994956523514,0.999999974890009,0.999999974890009,0.9999999907625504,0.9999999847700205,0.9999999847700205,0.999999974890009,0.999999974890009,0.9999999907625504,0.9999999943972036,0.9999999966017321,0.9999999987498471,0.9999999586006244,0.9999999586006244,0.999999974890009,0.9999999847700205,0.9999999907625504,0.9999996940976636
0.9999999999993086,0.9999994956523514,0.9984988180062319,0.9990889486412498,0.9998766053808288,0.9990889486412498,0.9984988180062319,0.9890130584218833,0.9706877672877217,0.11920291732853862,0.37754066879814546,0.004070137783849419,0.010986941578116867,0.01798621187025419,0.37754066879814546,0.37754066879814546,0.047425873514159125,0.37754066879814546,0.9933071487351834,0.5,0.5
0.999999974890009,2.2603251062511995e-06,1.125351754703302e-07,1.8553914607279396e-07,5.043476486929152e-07,8.315279285380714e-07,1.3709578605790399e-06,1.3709578605790399e-06,5.043476486929152e-07,3.9278634073828347e-07,2.3823696679343503e-07,3.9278634073828347e-07,1.3709578605790399e-06,2.2603251062511995e-06,6.144177531850823e-06,8.315279285380714e-07,1.8553914607279396e-07,6.825603724121505e-08,1.4449802095675026e-07,5.043476486929152e-07,1.4449802095675026e-07
0.999999999994891,0.9999986290421394,0.9999991684720715,0.9999986290421394,0.9990889486412498,0.9241418267688302,0.7310585786300049,0.9525741264858409,0.9890130584218833,0.004070137783849419,0.01798621187025419,0.0015011819937681247,0.07585817323116975,0.1824255149165352,0.1824255149165352,0.11920291732853862,0.07585817323116975,0.2689414213699951,0.7310585786300049,0.010986941578116867,0.0009110513587503459
0.9999999943972036,0.002472622943003016,6.144177531850823e-06,1.0129987357628251e-05,1.6701429809483402e-05,1.6701429809483402e-05,1.0129987357628251e-05,7.484626298776402e-05,0.0005527785524441057,0.00020342704657999323,0.00020342704657999323,1.6701429809483402e-05,1.6701429809483402e-05,1.0129987357628251e-05,4.5397852420729034e-05,1.6701429809483402e-05,1.6701429809483402e-05,6.144177531850823e-06,1.0129987357628251e-05,3.7266388399128017e-06,3.7266388399128017e-06
0.999999999989184,0.9999999943972036,0.9999999907625504,0.9999999317439628,0.99999627336116,0.9999251537370122,0.9999251537370122,0.99966464996832,0.9890130584218833,0.8175744850834648,0.8175744850834648,0.8175744850834648,0.8175744850834648,0.8175744850834648,0.9706877672877217,0.9933071487351834,0.9820137881297458,0.7310585786300049,0.8175744850834648,0.1824255149165352,0.2689414213699951
0.99999998813888,0.07585817323116975,0.00020342704657999323,0.37754066879814546,0.9525741264858409,0.8175744850834648,0.9933071487351834,0.99966464996832,0.9997965729534201,0.9959298622161507,0.9997965729534201,0.9994472214475559,0.9994472214475559,0.9959298622161507,0.9959298622161507,0.9984988180062319,0.9984988180062319,0.9890130584218833,0.9994472214475559,0.9890130584218833,0.9933071487351834
0.9999999994094697,1.125351754703302e-07,1.955568070542584e-08,7.194132978569833e-09,5.905303995456778e-10,1.6052280526088547e-09,2.0611536181902033e-09,1.6052280526088547e-09,7.582560422162384e-10,2.0611536181902033e-09,2.0611536181902033e-09,1.6052280526088547e-09,3.3982678079468468e-09,7.582560422162384e-10,2.0611536181902033e-09,9.736200303530205e-10,5.60279640614594e-09,5.60279640614594e-09,2.0611536181902033e-09,9.736200303530205e-10,4.599055376537186e-10
0.9999999999993086,0.9994472214475559,0.6224593312018546,0.01798621187025419,0.0005527785524441057,0.00020342704657999323,0.00012339461917113592,0.00012339461917113592,0.00020342704657999323,0.00012339461917113592,0.0003353500316799018,0.00012339461917113592,7.484626298776402e-05,0.00020342704657999323,0.0003353500316799018,0.0005527785524441057,0.00020342704657999323,0.0003353500316799018,0.004070137783849419,0.0005527785524441057,0.0009110513587503459
0.9999999990263799,0.99966464996832,0.9999938558224682,0.9999977396748937,0.9999724643121783,0.99966464996832,0.9997965729534201,0.9984988180062319,0.9997965729534201,0.9999251537370122,0.9994472214475559,0.9984988180062319,0.9998766053808288,0.9998766053808288,0.9999898700126424,0.9999251537370122,0.99966464996832,0.9984988180062319,0.9998766053808288,0.9999251537370122,0.99966464996832
0.9999999956365377,0.9820137881297458,0.9959298622161507,0.9990889486412498,0.8807970826714614,0.8807970826714614,0.7310585786300049,0.7310585786300049,0.5,0.2689414213699951,0.07585817323116975,0.1824255149165352,0.6224593312018546,0.7310585786300049,0.5,0.11920291732853862,0.1824255149165352,0.5,0.8807970826714614,0.9706877672877217,0.5
0.9999999804443193,1.8795288165355504e-12,1.5428112031916497e-13,3.442477108469858e-14,7.681204685202035e-15,5.9821282237671e-15,1.6261110446177924e-14,3.442477108469858e-14,5.6756852326324e-14,2.08796791164589e-14,3.442477108469858e-14,2.08796791164589e-14,9.3576229688393e-14,5.6756852326324e-14,7.287724095819161e-14,1.5428112031916497e-13,4.1937956583777856e-13,1.4637785141237664e-12,1.8795288165355504e-12,8.878265478451776e-13,8.878265478451776e-13
0.9999999999622486,5.043476486929152e-07,4.1399375473943306e-08,2.5109990926928157e-08,4.1399375473943306e-08,1.125351754703302e-07,3.059023363247549e-07,4.1399375473943306e-08,2.5109990926928157e-08,5.60279640614594e-09,9.237449576640118e-09,9.237449576640118e-09,2.5109990926928157e-08,2.5109990926928157e-08,6.825603724121505e-08,4.1399375473943306e-08,4.1399375473943306e-08,4.363462233903899e-09,1.1861120010657661e-08,1.1861120010657661e-08,1.1861120010657661e-08
0.9999999999999432,0.9999999956365377,0.9999999586006244,0.9999999943972036,0.999999974890009,0.9999999907625504,0.9999999966017321,0.9999999928058669,0.9999999928058669,0.999999974890009,0.999999974890009,0.9999999317439628,0.9999999586006244,0.9999999847700205,0.999999974890009,0.999999974890009,0.9999999586006244,0.999999974890009,0.999999974890009,0.9999998874648245,0.999999974890009
0.9999999999995806,0.9999996940976636,0.9999998874648245,0.9999996940976636,0.9999977396748937,0.99999627336116,0.9999977396748937,0.9999832985701905,0.9999898700126424,0.9999938558224682,0.99999627336116,0.9999898700126424,0.9999724643121783,0.9999724643121783,0.9999832985701905,0.9998766053808288,0.9994472214475559,0.99966464996832,0.99966464996832,0.9994472214475559,0.9994472214475559
0.99999999999886,0.999999974890009,0.9999999979388463,0.9999999956365377,0.9999999966017321,0.9999999956365377,0.9999999928058669,0.9999999943972036,0.99999998813888,0.99999998813888,0.9999999468421502,0.9999999317439628,0.9999999586006244,0.9999999317439628,0.999999974890009,0.999999814460854,0.9999994956523514,0.9999998874648245,0.9999999317439628,0.9999998874648245,0.9999994956523514
0.999999999782756,0.9999994956523514,0.9999999317439628,0.999999814460854,0.9999996940976636,0.9999977396748937,0.9999991684720715,0.9999986290421394,0.9999898700126424,0.99999627336116,0.9999832985701905,0.9999832985701905,0.9999832985701905,0.9999251537370122,0.9999977396748937,0.99999627336116,0.9999251537370122,0.99966464996832,0.9997965729534201,0.9998766053808288,0.9998766053808288
0.9999999999996734,0.999999999996021,0.999999999994891,0.9999999999771028,0.9999999999821676,0.9999999999771028,0.999999999986112,0.9999999999705993,0.9999999999705993,0.9999999999515263,0.9999999999622486,0.9999999999200804,0.9999999999200804,0.999999999868235,0.9999999999515263,0.9999999999200804,0.9999999999377585,0.999999999782756,0.9999999998308102,0.9999999998308102,0.999999999782756
0.9999999999999272,0.9999999997210531,0.9999999995400946,0.9999999997210531,0.9999999996418252,0.9999999997210531,0.9999999998308102,0.9999999996418252,0.9999999995400946,0.999999998394772,0.9999999979388463,0.9999999979388463,0.9999999987498471,0.9999999973534264,0.9999999966017321,0.9999999956365377,0.9999999956365377,0.9999999956365377,0.9999999956365377,0.9999999973534264,0.9999999907625504
0.99999999999886,0.9706877672877217,0.0015011819937681247,0.1824255149165352,0.006692851264816553,0.006692851264816553,0.0015011819937681247,0.0005527785524441057,0.0293122327122782,7.484626298776402e-05,0.0003353500316799018,6.144177531850823e-06,4.5397852420729034e-05,0.00012339461917113592,1.0129987357628251e-05,7.484626298776402e-05,0.0005527785524441057,0.00020342704657999323,0.00020342704657999323,1.6701429809483402e-05,2.7535687821746045e-05
0.9999999999969011,0.999999998394772,0.9999999966017321,0.9999999966017321,0.999999974890009,0.9999999317439628,0.9999999317439628,0.9999994956523514,0.9999977396748937,0.9999977396748937,0.9998766053808288,0.9241418267688302,0.9984988180062319,0.9959298622161507,0.9999251537370122,0.9999251537370122,0.9994472214475559,0.9933071487351834,0.9994472214475559,0.9525741264858409,0.8175744850834648
0.9999999999998019,0.999999999782756,0.999999999868235,0.9999999997210531,0.9999999994094697,0.9999999994094697,0.9999999992417439,0.9999999979388463,0.9999999943972036,0.999999974890009,0.9999996940976636,0.9999991684720715,0.999999814460854,0.9999994956523514,0.9999986290421394,0.9999977396748937,0.9999986290421394,0.99999627336116,0.9999991684720715,0.9999898700126424,0.9998766053808288
0.9999999994094697,0.07585817323116975,0.0015011819937681247,0.047425873514159125,0.07585817323116975,0.047425873514159125,0.047425873514159125,0.11920291732853862,0.37754066879814546,0.7310585786300049,0.5,0.2689414213699951,0.07585817323116975,0.0293122327122782,0.1824255149165352,0.047425873514159125,0.0293122327122782,0.11920291732853862,0.37754066879814546,0.01798621187025419,0.0015011819937681247
0.9999999998308102,0.9999994956523514,0.9999991684720715,0.999999974890009,0.9999999943972036,0.9999999907625504,0.999999974890009,0.999999974890009,0.9999999907625504,0.9999999847700205,0.9999999586006244,0.9999998874648245,0.9999991684720715,0.9999994956523514,0.999999814460854,0.9999991684720715,0.9999986290421394,0.9999898700126424,0.9999977396748937,0.9999938558224682,0.9999938558224682
0.9999999997210531,0.6224593312018546,0.0003353500316799018,0.0009110513587503459,0.0003353500316799018,0.004070137783849419,0.0015011819937681247,0.010986941578116867,0.004070137783849419,0.004070137783849419,0.0015011819937681247,0.0005527785524441057,0.0009110513587503459,0.0015011819937681247,0.006692851264816553,0.07585817323116975,0.07585817323116975,0.1824255149165352,0.5,0.37754066879814546,0.37754066879814546
0.999999999996021,1.955568070542584e-08,1.6918979223288786e-10,2.2897348455931243e-11,2.4133627718273893e-12,1.4637785141237664e-12,2.4133627718273893e-12,1.4637785141237664e-12,1.1399918530430558e-12,6.914400106935422e-13,8.878265478451776e-13,8.878265478451776e-13,8.878265478451776e-13,1.8795288165355504e-12,2.4133627718273893e-12,2.4133627718273893e-12,5.109089028037223e-12,2.4133627718273893e-12,6.560200168110742e-12,2.4133627718273893e-12,3.978962535821407e-12
0.9999999999999065,0.9999999999934397,0.9999999999975866,0.999999999996021,0.9999999999915765,0.999999999986112,0.999999999989184,0.9999999999915765,0.9999999999705993,0.9999999999705993,0.9999999999622486,0.9999999999377585,0.9999999999377585,0.9999999999200804,0.9999999999515263,0.9999999999377585,0.9999999999515263,0.9999999999515263,0.9999999998973812,0.9999999999377585,0.999999999868235
0.9999999999991123,0.9999999999915765,0.999999999996021,0.9999999999934397,0.999999999989184,0.999999999986112,0.9999999999915765,0.999999999989184,0.999999999989184,0.9999999999771028,0.9999999999515263,0.9999999998973812,0.9999999999622486,0.9999999999515263,0.9999999999515263,0.9999999999200804,0.9999999999377585,0.9999999999515263,0.9999999999200804,0.9999999999200804,0.9999999996418252
0.9999999999771028,0.9959298622161507,0.9241418267688302,0.9999546021475793,0.9999546021475793,0.99999627336116,0.99999627336116,0.9998766053808288,0.9999724643121783,0.9999898700126424,0.9997965729534201,0.9959298622161507,0.99966464996832,0.9959298622161507,0.997527377056997,0.9890130584218833,0.9706877672877217,0.997527377056997,0.9525741264858409,0.6224593312018546,0.2689414213699951
0.9999999999994615,0.9999999999200804,0.9999999999771028,0.9999999999705993,0.9999999999705993,0.9999999999377585,0.9999999999515263,0.9999999999622486,0.9999999999705993,0.9999999999515263,0.9999999999622486,0.9999999998973812,0.9999999998308102,0.9999999998308102,0.9999999999377585,0.999999999782756,0.9999999998308102,0.9999999998308102,0.9999999998973812,0.9999999996418252,0.9999999997210531
0.999999998394772,0.9999999973534264,0.999999998394772,0.9999999987498471,0.9999999990263799,0.9999999979388463,0.9999999990263799,0.999999998394772,0.9999999956365377,0.9999999956365377,0.9999999907625504,0.9999999928058669,0.9999999943972036,0.9999999956365377,0.999999998394772,0.9999999907625504,0.999999974890009,0.999999974890009,0.9999999677581336,0.9999999586006244,0.9999999677581336
0.9999999943972036,2.2897348455931243e-11,5.384940217751136e-13,4.420228103640978e-14,2.6810038677817314e-14,1.6261110446177924e-14,3.442477108469858e-14,5.6756852326324e-14,2.6810038677817314e-14,3.442477108469858e-14,3.442477108469858e-14,4.420228103640978e-14,7.287724095819161e-14,1.2015425731770343e-13,4.1937956583777856e-13,1.2015425731770343e-13,7.287724095819161e-14,1.5428112031916497e-13,1.9810087980485874e-13,2.5436656473762755e-13,6.914400106935422e-13
0.9999999973534264,2.2603251062511995e-06,1.125351754703302e-07,3.059023363247549e-07,1.8553914607279396e-07,3.059023363247549e-07,3.059023363247549e-07,3.059023363247549e-07,8.764248496102855e-08,1.4449802095675026e-07,6.825603724121505e-08,6.825603724121505e-08,3.9278634073828347e-07,8.315279285380714e-07,2.2603251062511995e-06,1.8553914607279396e-07,8.764248496102855e-08,5.3157849718487075e-08,1.4449802095675026e-07,5.043476486929152e-07,1.8553914607279396e-07
0.9999999999969011,0.9999999966017321,0.9999999943972036,0.9999999586006244,0.9999994956523514,0.9999938558224682,0.9999898700126424,0.9999832985701905,0.9999546021475793,0.9999251537370122,0.9820137881297458,0.8175744850834648,0.9890130584218833,0.9959298622161507,0.9990889486412498,0.9984988180062319,0.9990889486412498,0.9994472214475559,0.99966464996832,0.9959298622161507,0.8807970826714614
0.9999999999998457,0.9999999999377585,0.9999999999515263,0.9999999999200804,0.9999999999377585,0.9999999999515263,0.9999999999377585,0.9999999999200804,0.9999999999200804,0.9999999997210531,0.9999999997210531,0.9999999992417439,0.9999999994094697,0.999999998394772,0.9999999979388463,0.9999999979388463,0.999999998394772,0.999999998394772,0.9999999992417439,0.9999999966017321,0.9999999966017321
0.999999999989184,0.9999999998308102,0.9999999998308102,0.9999999997210531,0.9999999992417439,0.9999999996418252,0.9999999998308102,0.9999999994094697,0.9999999992417439,0.9999999979388463,0.9999999966017321,0.9999999928058669,0.9999999928058669,0.9999999907625504,0.9999999928058669,0.9999999847700205,0.9999999847700205,0.9999999804443193,0.9999999928058669,0.9999999317439628,0.9999994956523514
0.9999999999998019,0.9999999966017321,0.9999999907625504,0.9999999966017321,0.9999999979388463,0.9999999907625504,0.999999974890009,0.9999999586006244,0.9999999317439628,0.9999999317439628,0.999999974890009,0.9999999317439628,0.9999998874648245,0.9999998874648245,0.9999999317439628,0.9999998874648245,0.9999999586006244,0.9999999317439628,0.9999999317439628,0.999999814460854,0.9999996940976636
0.999999999986112,0.0009110513587503459,6.144177531850823e-06,3.7266388399128017e-06,1.3709578605790399e-06,5.043476486929152e-07,3.059023363247549e-07,5.043476486929152e-07,5.043476486929152e-07,6.825603724121505e-08,5.3157849718487075e-08,7.194132978569833e-09,2.5109990926928157e-08,4.1399375473943306e-08,3.2241866333029355e-08,5.60279640614594e-09,1.522997951276035e-08,1.522997951276035e-08,5.3157849718487075e-08,1.522997951276035e-08,5.60279640614594e-09
0.9999999999994615,0.9999999586006244,0.9999251537370122,0.99966464996832,0.9241418267688302,0.9984988180062319,0.9984988180062319,0.9890130584218833,0.9820137881297458,0.1824255149165352,0.0293122327122782,0.010986941578116867,0.5,0.01798621187025419,0.010986941578116867,0.07585817323116975,0.07585817323116975,0.047425873514159125,0.07585817323116975,0.0015011819937681247,0.0005527785524441057
0.9999999999622486,0.9999999847700205,0.9999999907625504,0.9999999943972036,0.9999999979388463,0.999999998394772,0.9999999979388463,0.9999999987498471,0.9999999973534264,0.999999998394772,0.999999998394772,0.9999999956365377,0.9999999956365377,0.9999999907625504,0.9999999966017321,0.9999999847700205,0.9999999586006244,0.999999974890009,0.9999999928058669,0.9999999907625504,0.999999974890009
0.999999999782756,0.9999996940976636,0.9999986290421394,0.99999627336116,0.9999977396748937,0.9999938558224682,0.9999938558224682,0.9999938558224682,0.9999938558224682,0.9999832985701905,0.9998766053808288,0.9994472214475559,0.9990889486412498,0.99966464996832,0.9998766053808288,0.9984988180062319,0.9959298622161507,0.9820137881297458,0.99966464996832,0.9997965729534201,0.997527377056997
0.9999999943972036,0.999999814460854,0.999999814460854,0.9999999586006244,0.9999999966017321,0.9999999966017321,0.9999999979388463,0.9999999979388463,0.9999999966017321,0.9999999987498471,0.9999999979388463,0.9999999992417439,0.9999999992417439,0.9999999995400946,0.9999999992417439,0.9999999966017321,0.9999999979388463,0.9999999966017321,0.9999999987498471,0.9999999992417439,0.9999999907625504
0.9999999928058669,0.1824255149165352,0.8175744850834648,0.9525741264858409,0.37754066879814546,0.7310585786300049,0.5,0.7310585786300049,0.2689414213699951,0.2689414213699951,0.07585817323116975,0.2689414213699951,0.7310585786300049,0.1824255149165352,0.11920291732853862,0.2689414213699951,0.2689414213699951,0.5,0.8175744850834648,0.8175744850834648,0.6224593312018546
0.9999999998308102,0.9999999987498471,0.9999999990263799,0.9999999990263799,0.999999998394772,0.9999999979388463,0.9999999987498471,0.9999999973534264,0.9999999943972036,0.9999999943972036,0.9999999966017321,0.9999999907625504,0.9999999847700205,0.9999999804443193,0.99999998813888,0.999999814460854,0.9999999123575151,0.9999999468421502,0.9999999804443193,0.9999999847700205,0.9999991684720715
0.9999999999998457,0.7310585786300049,7.484626298776402e-05,4.5397852420729034e-05,7.484626298776402e-05,4.5397852420729034e-05,1.6701429809483402e-05,6.144177531850823e-06,2.9023119851992182e-06,8.315279285380714e-07,1.0129987357628251e-05,2.2603251062511995e-06,1.6701429809483402e-05,2.7535687821746045e-05,0.00020342704657999323,7.484626298776402e-05,0.0005527785524441057,0.0015011819937681247,0.010986941578116867,4.5397852420729034e-05,0.0005527785524441057
0.9999999998308102,0.9999999804443193,0.999999974890009,0.99999998813888,0.9999999847700205,0.999999974890009,0.99999998813888,0.9999999847700205,0.999999974890009,0.999999974890009,0.9999999317439628,0.9999999586006244,0.999999974890009,0.999999974890009,0.9999999943972036,0.9999999468421502,0.9999999677581336,0.9999999468421502,0.9999999804443193,0.999999974890009,0.9999996940976636
0.999999998394772,7.484626298776402e-05,4.5397852420729034e-05,0.00012339461917113592,4.5397852420729034e-05,0.00020342704657999323,7.484626298776402e-05,0.00020342704657999323,0.00012339461917113592,1.0129987357628251e-05,4.5397852420729034e-05,4.5397852420729034e-05,1.6701429809483402e-05,1.6701429809483402e-05,4.5397852420729034e-05,2.7535687821746045e-05,1.0129987357628251e-05,1.0129987357628251e-05,4.5397852420729034e-05,4.5397852420729034e-05,4.5397852420729034e-05
0.9999999995400946,0.9525741264858409,0.1824255149165352,0.07585817323116975,0.006692851264816553,0.004070137783849419,0.0009110513587503459,0.0015011819937681247,0.0015011819937681247,0.0009110513587503459,0.00020342704657999323,0.0009110513587503459,0.0009110513587503459,0.0003353500316799018,0.0003353500316799018,7.484626298776402e-05,2.7535687821746045e-05,0.00012339461917113592,0.002472622943003016,0.047425873514159125,0.002472622943003016
0.9999999999915765,2.5109990926928157e-08,4.847368706035286e-11,2.2897348455931243e-11,1.8795288165355504e-12,2.4133627718273893e-12,3.098819138712223e-12,2.4133627718273893e-12,2.4133627718273893e-12,1.4637785141237664e-12,5.384940217751136e-13,5.384940217751136e-13,1.4637785141237664e-12,4.1937956583777856e-13,1.1399918530430558e-12,5.384940217751136e-13,8.878265478451776e-13,1.1399918530430558e-12,1.8795288165355504e-12,1.1399918530430558e-12,8.878265478451776e-13
0.9999999999991123,0.9999999317439628,0.99999627336116,0.9999832985701905,0.9999938558224682,0.9999832985701905,0.9999724643121783,0.9999251537370122,0.9994472214475559,0.99966464996832,0.9984988180062319,0.9994472214475559,0.9959298622161507,0.9959298622161507,0.9990889486412498,0.9933071487351834,0.9984988180062319,0.9959298622161507,0.9994472214475559,0.9990889486412498,0.9933071487351834
0.9999999943972036,0.07585817323116975,0.047425873514159125,0.5,0.5,0.37754066879814546,0.1824255149165352,0.1824255149165352,0.2689414213699951,0.8807970826714614,0.6224593312018546,0.9241418267688302,0.9820137881297458,0.9890130584218833,0.9525741264858409,0.7310585786300049,0.6224593312018546,0.37754066879814546,0.2689414213699951,0.6224593312018546,0.047425873514159125
0.999999998394772,1.8795288165355504e-12,5.384940217751136e-13,2.5436656473762755e-13,1.9810087980485874e-13,1.5428112031916497e-13,1.5428112031916497e-13,4.1937956583777856e-13,3.2661313427863805e-13,1.9810087980485874e-13,1.9810087980485874e-13,1.5428112031916497e-13,4.1937956583777856e-13,3.2661313427863805e-13,1.9810087980485874e-13,5.384940217751136e-13,5.384940217751136e-13,4.1937956583777856e-13,5.384940217751136e-13,2.5436656473762755e-13,1.1399918530430558e-12
0.9999999995400946,0.9999977396748937,0.9999724643121783,0.9999938558224682,0.9999977396748937,0.9999898700126424,0.9999832985701905,0.9999724643121783,0.9998766053808288,0.9999898700126424,0.9997965729534201,0.9999251537370122,0.9999546021475793,0.9998766053808288,0.9999832985701905,0.99966464996832,0.9994472214475559,0.9994472214475559,0.9998766053808288,0.9997965729534201,0.9820137881297458
0.9999999998308102,2.0611536181902033e-09,5.905303995456778e-10,1.6918979223288786e-10,1.3176514268359263e-10,4.847368706035286e-11,1.7832472907828393e-11,4.847368706035286e-11,3.775134544136581e-11,2.2897348455931243e-11,2.2897348455931243e-11,3.775134544136581e-11,3.775134544136581e-11,1.3176514268359263e-10,1.3176514268359263e-10,7.991959892315218e-11,1.3176514268359263e-10,6.224144622520382e-11,5.905303995456778e-10,1.6918979223288786e-10,6.224144622520382e-11
0.9999999999999731,0.999999999996021,0.9999999999975866,0.9999999999981204,0.9999999999975866,0.999999999996021,0.9999999999969011,0.9999999999934397,0.9999999999934397,0.9999999999934397,0.999999999986112,0.9999999999771028,0.9999999999771028,0.9999999999771028,0.9999999999821676,0.9999999999622486,0.9999999999821676,0.9999999999622486,0.9999999999515263,0.9999999999515263,0.9999999999200804
0.9999999999622486,8.764248496102855e-08,1.6052280526088547e-09,9.736200303530205e-10,4.599055376537186e-10,9.736200303530205e-10,2.7894680920908113e-10,1.2501528648238603e-09,1.6052280526088547e-09,2.0611536181902033e-09,4.599055376537186e-10,1.6918979223288786e-10,1.2501528648238603e-09,7.582560422162384e-10,4.599055376537186e-10,7.582560422162384e-10,4.599055376537186e-10,2.7894680920908113e-10,5.905303995456778e-10,2.1724399346070676e-10,5.905303995456778e-10
0.9999999999915765,0.9999996940976636,0.9999898700126424,0.9994472214475559,0.9984988180062319,0.9984988180062319,0.9890130584218833,0.9525741264858409,0.9959298622161507,0.1824255149165352,0.07585817323116975,0.0293122327122782,0.37754066879814546,0.9241418267688302,0.5,0.2689414213699951,0.7310585786300049,0.37754066879814546,0.8175744850834648,0.11920291732853862,0.8807970826714614
0.9999999998308102,2.940077739198032e-11,3.978962535821407e-12,1.8795288165355504e-12,3.2661313427863805e-13,7.287724095819161e-14,1.2015425731770343e-13,1.9810087980485874e-13,1.5428112031916497e-13,1.5428112031916497e-13,2.5436656473762755e-13,5.6756852326324e-14,9.3576229688393e-14,1.2015425731770343e-13,5.384940217751136e-13,5.384940217751136e-13,1.1399918530430558e-12,8.878265478451776e-13,1.1399918530430558e-12,2.5436656473762755e-13,5.384940217751136e-13
0.9999999999934397,0.9999999999515263,0.9999999999622486,0.9999999999622486,0.9999999999705993,0.9999999999705993,0.9999999999705993,0.9999999998973812,0.9999999999515263,0.999999999868235,0.9999999999200804,0.9999999999200804,0.9999999999200804,0.9999999998308102,0.999999999782756,0.9999999996418252,0.9999999994094697,0.9999999992417439,0.9999999995400946,0.999999999782756,0.9999999987498471
0.9999999943972036,3.7266388399128017e-06,6.144177531850823e-06,3.7266388399128017e-06,2.2603251062511995e-06,6.144177531850823e-06,1.0129987357628251e-05,6.144177531850823e-06,1.3709578605790399e-06,1.6701429809483402e-05,1.0129987357628251e-05,2.7535687821746045e-05,0.0003353500316799018,0.00020342704657999323,0.00020342704657999323,2.7535687821746045e-05,1.0129987357628251e-05,1.0129987357628251e-05,4.5397852420729034e-05,0.00012339461917113592,1.6701429809483402e-05
0.9999999995400946,1.522997951276035e-08,4.599055376537186e-10,3.581747929000289e-10,7.991959892315218e-11,6.224144622520382e-11,1.0261879630648829e-10,1.6918979223288786e-10,1.6918979223288786e-10,7.991959892315218e-11,6.224144622520382e-11,1.0261879630648829e-10,2.7894680920908113e-10,2.7894680920908113e-10,2.1724399346070676e-10,1.0261879630648829e-10,2.1724399346070676e-10,2.1724399346070676e-10,2.7894680920908113e-10,1.3176514268359263e-10,1.3176514268359263e-10
0.9999999990263799,9.736200303530205e-10,4.847368706035286e-11,4.847368706035286e-11,6.224144622520382e-11,1.0815941557168708e-11,2.940077739198032e-11,4.847368706035286e-11,2.940077739198032e-11,2.940077739198032e-11,6.224144622520382e-11,6.224144622520382e-11,1.0261879630648829e-10,2.1724399346070676e-10,2.7894680920908113e-10,1.0261879630648829e-10,1.0261879630648829e-10,2.1724399346070676e-10,5.905303995456778e-10,4.599055376537186e-10,3.581747929000289e-10
0.9999999956365377,0.9999991684720715,0.9999994956523514,0.9999999847700205,0.9999999943972036,0.999999974890009,0.9999999907625504,0.9999999586006244,0.9999998874648245,0.999999974890009,0.9999999317439628,0.999999974890009,0.999999974890009,0.9999999317439628,0.9999999586006244,0.9999996940976636,0.999999814460854,0.9999996940976636,0.9999996940976636,0.9999998874648245,0.9999977396748937
0.9999999928058669,2.7535687821746045e-05,1.3709578605790399e-06,6.144177531850823e-06,4.5397852420729034e-05,0.00020342704657999323,0.002472622943003016,0.004070137783849419,0.0015011819937681247,0.004070137783849419,0.004070137783849419,0.0009110513587503459,0.00012339461917113592,0.0003353500316799018,0.006692851264816553,0.0009110513587503459,0.00012339461917113592,0.00020342704657999323,0.0005527785524441057,0.0003353500316799018,0.0015011819937681247
0.9999999999998457,0.9999999996418252,0.9999999998973812,0.9999999998973812,0.9999999998308102,0.999999999868235,0.999999999782756,0.9999999998308102,0.999999999782756,0.9999999998308102,0.9999999994094697,0.9999999995400946,0.9999999992417439,0.9999999992417439,0.9999999995400946,0.9999999987498471,0.9999999987498471,0.9999999987498471,0.9999999987498471,0.9999999973534264,0.9999999943972036
0.9999999966017321,6.825603724121505e-08,1.6052280526088547e-09,4.363462233903899e-09,5.60279640614594e-09,7.194132978569833e-09,1.1861120010657661e-08,1.522997951276035e-08,4.363462233903899e-09,1.1861120010657661e-08,5.60279640614594e-09,1.1861120010657661e-08,4.1399375473943306e-08,2.5109990926928157e-08,2.5109990926928157e-08,9.237449576640118e-09,7.194132978569833e-09,2.0611536181902033e-09,7.194132978569833e-09,5.60279640614594e-09,6.825603724121505e-08
0.9999999999377585,1.955568070542584e-08,7.582560422162384e-10,4.599055376537186e-10,3.581747929000289e-10,4.847368706035286e-11,4.847368706035286e-11,1.6918979223288786e-10,5.905303995456778e-10,1.6918979223288786e-10,3.775134544136581e-11,4.847368706035286e-11,1.3176514268359263e-10,1.6918979223288786e-10,9.736200303530205e-10,2.1724399346070676e-10,2.7894680920908113e-10,1.6918979223288786e-10,4.599055376537186e-10,2.7894680920908113e-10,1.3176514268359263e-10
0.9999999999996734,0.999999999782756,0.999999999868235,0.9999999998973812,0.9999999997210531,0.9999999995400946,0.9999999992417439,0.9999999994094697,0.9999999992417439,0.9999999990263799,0.9999999990263799,0.9999999966017321,0.9999999966017321,0.9999999943972036,0.9999999973534264,0.9999999956365377,0.9999999847700205,0.999999974890009,0.9999999847700205,0.9999999586006244,0.9999999317439628
0.9999999998308102,4.1399375473943306e-08,9.736200303530205e-10,3.581747929000289e-10,2.7894680920908113e-10,7.991959892315218e-11,1.6918979223288786e-10,1.3176514268359263e-10,1.3176514268359263e-10,2.7894680920908113e-10,2.1724399346070676e-10,4.599055376537186e-10,4.599055376537186e-10,2.0611536181902033e-09,4.363462233903899e-09,7.582560422162384e-10,9.736200303530205e-10,5.905303995456778e-10,7.582560422162384e-10,7.582560422162384e-10,7.582560422162384e-10
0.9999999998308102,0.9999999956365377,0.9999999992417439,0.9999999997210531,0.9999999998308102,0.9999999992417439,0.9999999997210531,0.9999999995400946,0.9999999992417439,0.9999999992417439,0.9999999956365377,0.999999998394772,0.999999998394772,0.9999999987498471,0.999999998394772,0.9999999907625504,0.9999999943972036,0.9999999847700205,0.9999999928058669,0.9999999907625504,0.9999999586006244
0.9999999999377585,0.9999977396748937,0.9999994956523514,0.9999996940976636,0.9999994956523514,0.9999994956523514,0.9999991684720715,0.9999994956523514,0.9999994956523514,0.9999994956523514,0.9999938558224682,0.9999938558224682,0.9999898700126424,0.99999627336116,0.9999991684720715,0.9999977396748937,0.9999832985701905,0.9999251537370122,0.9999546021475793,0.9998766053808288,0.9998766053808288
0.9999999999999656,0.9933071487351834,0.7310585786300049,0.9706877672877217,0.8807970826714614,0.9241418267688302,0.9525741264858409,0.9706877672877217,0.1824255149165352,0.6224593312018546,0.9525741264858409,0.5,0.9820137881297458,0.8175744850834648,0.7310585786300049,0.7310585786300049,0.7310585786300049,0.9525741264858409,0.9933071487351834,0.6224593312018546,0.1824255149165352
0.9999999999999065,0.9999546021475793,0.9959298622161507,0.9525741264858409,0.8175744850834648,0.6224593312018546,0.2689414213699951,0.6224593312018546,0.047425873514159125,0.07585817323116975,0.010986941578116867,0.0293122327122782,0.010986941578116867,0.004070137783849419,0.01798621187025419,0.004070137783849419,0.0015011819937681247,0.004070137783849419,0.047425873514159125,0.006692851264816553,0.002472622943003016
0.9999999847700205,1.6918979223288786e-10,1.0815941557168708e-11,1.8795288165355504e-12,2.4133627718273893e-12,3.978962535821407e-12,3.098819138712223e-12,1.4637785141237664e-12,5.109089028037223e-12,1.8795288165355504e-12,1.8795288165355504e-12,2.4133627718273893e-12,3.978962535821407e-12,5.109089028037223e-12,3.098819138712223e-12,8.878265478451776e-13,5.109089028037223e-12,3.978962535821407e-12,1.0815941557168708e-11,1.0815941557168708e-11,1.0815941557168708e-11
0.9999999999975866,0.999999974890009,0.9999999317439628,0.9999996940976636,0.9998766053808288,0.99966464996832,0.99966464996832,0.9990889486412498,0.997527377056997,0.9959298622161507,0.9706877672877217,0.8175744850834648,0.9959298622161507,0.9525741264858409,0.9933071487351834,0.9241418267688302,0.8807970826714614,0.9241418267688302,0.8175744850834648,0.8807970826714614,0.6224593312018546
0.9999999997210531,5.3157849718487075e-08,9.237449576640118e-09,2.646573631904765e-09,1.2501528648238603e-09,1.2501528648238603e-09,4.599055376537186e-10,2.0611536181902033e-09,5.60279640614594e-09,4.363462233903899e-09,9.736200303530205e-10,2.7894680920908113e-10,2.646573631904765e-09,2.646573631904765e-09,1.522997951276035e-08,2.646573631904765e-09,2.646573631904765e-09,2.0611536181902033e-09,3.3982678079468468e-09,3.3982678079468468e-09,5.60279640614594e-09
0.9999999979388463,0.002472622943003016,0.0003353500316799018,0.01798621187025419,0.0293122327122782,0.11920291732853862,0.0293122327122782,0.5,0.8175744850834648,0.37754066879814546,0.6224593312018546,0.37754066879814546,0.07585817323116975,0.07585817323116975,0.6224593312018546,0.1824255149165352,0.01798621187025419,0.07585817323116975,0.5,0.07585817323116975,0.37754066879814546
0.9999999999999272,0.9999999999934397,0.9999999999985363,0.9999999999981204,0.9999999999975866,0.999999999996021,0.999999999986112,0.999999999994891,0.999999999994891,0.999999999994891,0.9999999999915765,0.9999999999915765,0.999999999986112,0.999999999986112,0.9999999999821676,0.9999999999821676,0.999999999989184,0.999999999989184,0.9999999999771028,0.9999999999771028,0.9999999999515263
0.999999999986112,1.6701429809483402e-05,3.2241866333029355e-08,1.2501528648238603e-09,2.1724399346070676e-10,1.3176514268359263e-10,1.0261879630648829e-10,4.847368706035286e-11,2.2897348455931243e-11,2.2897348455931243e-11,6.560200168110742e-12,3.098819138712223e-12,8.423463754397692e-12,1.3887943864771146e-11,1.0815941557168708e-11,1.0815941557168708e-11,1.3887943864771146e-11,1.3887943864771146e-11,2.2897348455931243e-11,8.423463754397692e-12,1.0815941557168708e-11
0.9999999998308102,0.9999938558224682,0.9999994956523514,0.9999986290421394,0.9999724643121783,0.9999977396748937,0.9999994956523514,0.9999977396748937,0.9999977396748937,0.9999977396748937,0.9999898700126424,0.9999832985701905,0.9999977396748937,0.99999627336116,0.99999627336116,0.9999832985701905,0.9997965729534201,0.9998766053808288,0.99966464996832,0.99966464996832,0.9984988180062319
0.999999999996021,0.9999999997210531,0.9999999998973812,0.9999999999200804,0.999999999868235,0.9999999998308102,0.9999999998973812,0.9999999992417439,0.9999999987498471,0.9999999907625504,0.9999999943972036,0.9999999966017321,0.9999999966017321,0.9999999966017321,0.9999999979388463,0.9999999966017321,0.999999974890009,0.999999974890009,0.9999999847700205,0.9999999586006244,0.9999994956523514
