0,1,2,3,4,5,6,7,8,9,10,11,12,13,14,15,16,17,18,19,20
0.9755769114104494,0.8807970748488297,0.928408801050657,0.9284088005554475,0.9099070042057363,0.8991213765941599,0.9324533060447605,0.8807970779778824,0.9241418173671895,0.9149009642742805,0.9284088064979619,0.9324533069832974,0.9241418215456967,0.8933094017937621,0.9149009486120849,0.8670357546485408,0.9149009636941993,0.9241418210233832,0.9046505453836383,0.8933094131553264,0.8807970889295664
0.9976768374261022,0.9808759640876727,0.9755769101234147,0.9724147157246771,0.9770226323898149,0.9669140242331868,0.9783846682221379,0.9796676483640301,0.9740426407300528,0.9669140230414182,0.9724147179231026,0.9706877721105295,0.9740426444975987,0.9496693723881865,0.9688561727250101,0.9465966705768132,0.9770226285428089,0.9399133502467731,0.9433475744929357,0.9465966696352197,0.9525741258126562
0.9820137913538826,0.8933094060543488,0.8872045884979137,0.8267118004748678,0.8933094096048377,0.8267117962054048,0.8175744806385543,0.8740772318846386,0.8354835411997897,0.826711791935942,0.8519527982093666,0.9099070017626536,0.9099070109242131,0.8175744695262775,0.843895106480586,0.731058584489497,0.8438951084436077,0.8267118004748677,0.7879311906630568,0.8519527944504226,0.867035771827307
0.9950945932850427,0.9850429114446723,0.9740426415777507,0.9669140182743435,0.9770226313026176,0.9783846662525667,0.9808759611527067,0.9859363739252723,0.9883127405520571,0.9820137924395611,0.9859363736540874,0.9875683520053001,0.9867771756958005,0.9783846687736178,0.9830850859899082,0.9850429117191026,0.9770226315535093,0.9796676453587736,0.9820137914525806,0.9796676487721513,0.9783846666070896
0.936285003525698,0.9196425229188077,0.9496693636632754,0.9399133515091156,0.9241418205010699,0.9496693633071565,0.9284088069931713,0.9241418231126367,0.960361158630024,0.9553191286142649,0.9496693668683449,0.9688561677791239,0.9324533107374443,0.9149009486120849,0.9433475715065793,0.9648551565046455,0.9465966647389334,0.946596664362296,0.9525741273273218,0.9433475729002124,0.9284088050123334
0.9924227572719335,0.9850429157395086,0.9740426432731464,0.9770226310099107,0.9840936104457801,0.9603611582045855,0.9755769098127512,0.9796676476219914,0.9579122684798184,0.9669140242331868,0.9770226285846241,0.9770226287518853,0.9603611601899656,0.9525741242979906,0.9603611627425972,0.9433475687193132,0.9399133485636499,0.9648551575152327,0.9525741290102835,0.9496693714978894,0.9724147148752853
0.9975273768582964,0.9770226295463758,0.9859363697541885,0.9808759638780323,0.979667646805749,0.9783846677100494,0.9706877673407197,0.9840936111455406,0.9820137886232361,0.9688561675543108,0.9820137877020542,0.9814534346063536,0.9770226282501017,0.9820137919131716,0.98308508958284,0.9808759649961145,0.9740426428492974,0.9820137896760156,0.978384667119178,0.974042641342279,0.9669140185126972
0.9755769093245658,0.9706877712095654,0.9579122753885635,0.9399133529818484,0.9579122755387536,0.9496693690050578,0.9465966643622961,0.9362850101927077,0.9465966671870767,0.96267311131724,0.9399133475116979,0.936285000858894,0.939913350667554,0.9149009491921664,0.9362850093037731,0.943347569515675,0.8872046056466901,0.9149009607937929,0.919642532278991,0.9241418210233832,0.9284088005554475
0.9724147186725659,0.9755769094133268,0.9669140245907174,0.9525741242979906,0.9796676485495397,0.972414716624033,0.9688561689031889,0.970687770944576,0.9496693725662458,0.9579122756889438,0.9820137860570862,0.9669140182743434,0.9669140225647107,0.9648551520833256,0.9740426423783543,0.9688561695776281,0.9740426432731464,0.9755769080819114,0.9688561663178392,0.970687767711705,0.9755769110110248
0.9669140235181257,0.9241418152779358,0.9099070048165069,0.8872045929715078,0.9465966664338018,0.9196425388861784,0.8991213705121083,0.9196425267730008,0.914900959053549,0.9149009602137116,0.8991213711878917,0.8807970889295663,0.8596637451167997,0.8933093968230773,0.9149009549929797,0.9099070054272775,0.9196425372343817,0.9046505370289057,0.9149009573133051,0.8872045892435128,0.9099069987088003
0.9919380069747239,0.9196425339307879,0.9241418199787564,0.8991213847035617,0.9099070005411124,0.9399133435142798,0.9099070042057363,0.9196425322789908,0.8933094117351309,0.9149009544128984,0.8872045892435128,0.8670357683915538,0.8933094032139576,0.8872045929715078,0.851952809486198,0.9284087965937711,0.928408800060238,0.8872045974451017,0.8438950966654772,0.8740772351648677,0.8933094103149354
0.9947798731554157,0.985042916727458,0.9840936058098665,0.9820137934923403,0.9830850890253162,0.9867771812370563,0.9830850851226487,0.9755769075049648,0.9830850858350404,0.9859363711230272,0.9796676478075012,0.9808759619563284,0.9740426455807681,0.9724147165740689,0.9820137872085638,0.9850429103743933,0.984093607559268,0.9740426437911839,0.9740426427551088,0.9626731162701729,0.9796676481043166
0.9937100986867906,0.9928785704146627,0.9908743605475875,0.9875683508504719,0.991422515615873,0.9914225144754096,0.990874361650785,0.9896718493941135,0.9902915238587757,0.9875683511706224,0.989671846909525,0.9902915255152548,0.9902915216650597,0.9914225129943909,0.9908743624002857,0.9859363759914435,0.9902915223097437,0.9867771807631333,0.991938010221957,0.9796676461379142,0.9859363744547287
0.9928785710172007,0.9362850048591,0.9284088079835904,0.9362850039701653,0.9465966656805269,0.9362850026367634,0.9525741322079104,0.9324533154301279,0.914900952092573,0.9399133531922388,0.914900952092573,0.8740772335247531,0.9324533046369554,0.9496693627729782,0.904650527388829,0.9362849995254918,0.9241418262465169,0.8670357649558007,0.9099070017626537,0.9284088060027523,0.9465966703884945
0.9099070011518829,0.7772998560157665,0.7431680086124811,0.7057850278370112,0.7662936377487305,0.6370307806984444,0.5774953651858118,0.7431680029241321,0.7431680143008301,0.6076631698328916,0.5774953651858117,0.5926665999540698,0.6076631698328916,0.705785040214066,0.5621765008857982,0.6076631698328916,0.6076631698328916,0.665410558746814,0.766293653760418,0.7772998611746911,0.5312093733737562
0.9950945947443423,0.9046505254608136,0.8991213867309121,0.9241418210233832,0.8872045907347108,0.8670357632379241,0.867035758084294,0.9149009491921664,0.8519528019683105,0.8080672204860316,0.9099070127565249,0.8670357701094303,0.7879312006227324,0.7981867801399695,0.8267117855317474,0.8438951005915208,0.843895098628499,0.8933094046341532,0.8596637433190939,0.8596637541053281,0.7772998560157665
0.9362850044146327,0.718594386544335,0.665410558746814,0.6513548714339144,0.7185943805178138,0.8267117940706734,0.7981867681382279,0.7662936484231889,0.731058584489497,0.8080672135527632,0.7310585903489892,0.6791787121629466,0.6926419958239132,0.6791787121629466,0.7431680143008301,0.7879312006227324,0.7057850278370112,0.7879311906630568,0.718594386544335,0.7057850340255386,0.7057850154599562
0.9840936074426413,0.91964253282959,0.8933094131553264,0.936285010637175,0.90990700787036,0.9149009584734676,0.9196425394367774,0.936285006192502,0.9241418173671894,0.9196425306271939,0.9465966690702635,0.9241418163225625,0.9241418215456967,0.9196425317283919,0.8872045974451016,0.8991213684847577,0.9284088020410761,0.9362850079703713,0.9149009625340366,0.9324533144915912,0.9362850115261095
0.995390427121956,0.8438951045175643,0.8519528000888386,0.8438950966654774,0.7981867777396212,0.8267117876664789,0.7549149923816048,0.7879312006227324,0.8438950966654772,0.8267117940706734,0.8175744806385542,0.7981867777396212,0.8175744695262777,0.7549149868676283,0.7310585669110203,0.7185943985973772,0.7549149813536518,0.665410558746814,0.7431680029241321,0.7981867849406659,0.7772998508568416
0.9496693650877507,0.8740772253241802,0.8807970701552504,0.8354835309589073,0.8872045989362997,0.8933094053442511,0.8670357632379241,0.8933094096048376,0.8354835309589073,0.8438951045175643,0.8519527944504227,0.8807970685907242,0.8872045966995027,0.8807970732843033,0.90990700787036,0.8519527963298946,0.874077222043951,0.8933094025038599,0.9465966658688457,0.9149009636941993,0.9046505376715775
0.990874362956095,0.9399133494052115,0.9465966671870766,0.9669140220880033,0.9241418231126367,0.9324533130837862,0.904650530602188,0.9149009532527358,0.9196425311777929,0.8933094110250331,0.8807970873650401,0.9241418210233833,0.9196425317283919,0.893309405344251,0.8267117962054049,0.8872045855155176,0.9241418205010699,0.924141819456443,0.9196425267730008,0.9099070109242131,0.9324533158993962
0.9959298621576353,0.8175744761936437,0.8519528000888387,0.8991213806488609,0.8519528019683106,0.8670357598021707,0.8354835309589073,0.8740772236840656,0.8080672181749422,0.8080672066194946,0.9099070121457543,0.8519528057272544,0.8933094039240554,0.8175744806385543,0.817574471748733,0.8267117983401363,0.798186787341014,0.8596637469145053,0.7879311931529758,0.8267117940706734,0.7310585786300049
0.9959298621576352,0.9324533041676869,0.8933093968230772,0.9496693714978894,0.9149009462917594,0.955319124797974,0.9755769118986349,0.9284087990698189,0.9284087985746093,0.899121388082479,0.9046505344582187,0.9046505447409665,0.9284088010506572,0.9603611587718369,0.9241418257242036,0.9579122740368526,0.9149009468718409,0.943347576085659,0.9433475744929357,0.9525741276639141,0.9603611576373339
0.9875683482892683,0.880797076413356,0.8872045825331214,0.9149009602137116,0.8519527982093668,0.8267117940706734,0.8596637505099168,0.8175744828610095,0.8354835432479661,0.8267118026095991,0.7549149923816048,0.7185943805178139,0.8519528000888386,0.8438950966654772,0.8438950986284991,0.7879311956428947,0.8080672089305841,0.6926419831347361,0.7772998508568416,0.8080672204860316,0.7772998508568416
0.995668497449251,0.9603611624589714,0.9241418173671895,0.9496693659780477,0.9496693698953548,0.9399133477220882,0.964855152209649,0.9603611601899656,0.9433475697147654,0.9399133489844307,0.952574121941844,0.952574131703022,0.9553191251159983,0.9324533112067127,0.9525741263175447,0.9648551517043553,0.9284088064979619,0.9433475762847495,0.9399133435142799,0.9284088079835904,0.9433475770811112
0.9973683262273968,0.9770226291700381,0.9724147200215997,0.9883127422624831,0.9770226283755477,0.9740426428022032,0.9886682460617153,0.9896718460146922,0.98831274334898,0.9796676451732639,0.9808759644021334,0.9890130596666387,0.9859363720269774,0.9879462204615823,0.9883127399388854,0.9859363718978417,0.9905874083977844,0.9867771808238925,0.9850429108820897,0.9875683509762452,0.9890130562562106
0.9956684978328318,0.904650527388829,0.9196425251212038,0.9099070115349837,0.8740772286044095,0.8519527944504227,0.7310585669110203,0.7549149923816048,0.7981867825403177,0.8596637469145054,0.7549149923816048,0.8991213691605412,0.8080672227971211,0.7772998560157665,0.7879312006227324,0.7431680143008301,0.8080672204860316,0.7879311856832191,0.8354835371034368,0.7879311956428946,0.7549149813536518
0.9399133557169236,0.9196425383355796,0.8872045877523147,0.9399133498259924,0.9149009584734676,0.9241418215456966,0.9196425383355796,0.9399133540338004,0.9241418283357703,0.9149009462917594,0.9099070115349838,0.8991213678089741,0.9465966679403514,0.9284087936225136,0.9196425300765949,0.9496693684708796,0.9465966660571643,0.9241418272911436,0.9284087975841903,0.9284088055075428,0.9465966662454831
0.9755769126531034,0.8438951025545426,0.8596637523076225,0.9099070121457543,0.8354835411997897,0.8872045952083047,0.8933094067644466,0.8933094145755219,0.8596637559030338,0.8519527944504227,0.8807970811069351,0.9196425377849806,0.8872045929715078,0.8670357718273068,0.843895106480586,0.8267117876664789,0.7772998508568417,0.8596637487122111,0.8267117898012105,0.880797068590724,0.8519528038477825
0.9896718484326444,0.9603611593390884,0.9603611607572171,0.9648551520833256,0.9399133468805266,0.9496693725662458,0.9496693622387998,0.9196425339307878,0.9433475748911166,0.9525741303566526,0.9465966732132747,0.9241418178895028,0.9433475738956645,0.9433475721038507,0.9496693700734142,0.9046505344582187,0.9465966709534506,0.9553191303633982,0.9433475721038506,0.9553191337026525,0.9284087960985615
0.9976768376980844,0.9937100974148841,0.984093607850835,0.9867771775185822,0.9875683480148535,0.9859363712005088,0.9830850869810619,0.9914225139843768,0.9883127441772993,0.9883127395085894,0.9919380077195022,0.9890130550822945,0.9840936046144421,0.9875683505188875,0.9883127402185776,0.9896718451388983,0.9875683519824322,0.9914225148397243,0.9883127430908025,0.9890130592314802,0.985936370257818
0.9808759620262085,0.9465966735899121,0.9284088030314952,0.9324533116759811,0.9196425350319858,0.9324533074525657,0.9196425355825848,0.8740772269642949,0.9099070023734243,0.8872046056466901,0.8991213826762113,0.9196425300765949,0.8354835309589074,0.899121379297294,0.9324533149608596,0.7662936377487304,0.8267117962054049,0.8596637559030338,0.8596637469145053,0.8175744695262775,0.7879311931529758
0.9433475778774728,0.7431680029241321,0.7310585844894971,0.7772998611746912,0.7662936484231889,0.7772998663336158,0.8519527982093666,0.8872045959539038,0.8175744806385542,0.8080672066194945,0.7549149813536518,0.826711791935942,0.8175744806385543,0.7879311956428946,0.7310585786300049,0.8175744806385543,0.8354835411997897,0.8807970811069351,0.8175744695262775,0.8175744828610096,0.7662936430859597
0.9902915224888226,0.8596637577007394,0.8354835350552604,0.8519528000888387,0.743167997235783,0.8267118004748677,0.7310585903489891,0.7981867801399695,0.7772998560157665,0.7879311931529758,0.8519528000888387,0.8438951005915208,0.7772998714925403,0.8267117919359419,0.718594386544335,0.7981867849406659,0.7310585669110203,0.787931190663057,0.78793120560257,0.8670357598021707,0.8354835371034368
0.9924227593519387,0.87407724336544,0.8670357649558006,0.8175744828610095,0.7772998611746912,0.8519528019683106,0.7431680143008301,0.743167997235783,0.8596637487122111,0.743167997235783,0.8080672066194946,0.7549149923816048,0.7879312031126512,0.7549149978955811,0.7981867777396212,0.8080672204860317,0.7549149923816048,0.8354835411997897,0.8438950986284991,0.7662936537604181,0.7772998611746911
0.8807970842359877,0.9603611576373339,0.9688561726126037,0.9603611633098487,0.9706877676057091,0.9706877665457514,0.9755769121205375,0.9496693706075925,0.9724147205212418,0.964855152209649,0.9755769091026631,0.984093607559268,0.9648551520833256,0.9724147176233173,0.9724147149252494,0.9770226310935413,0.9724147189723512,0.966914023279772,0.9740426455807681,0.9669140218496497,0.9820137912551845
0.9933071487506622,0.8080672158638528,0.7772998611746911,0.7185943925708561,0.7662936484231889,0.7549149758396752,0.6654105521116443,0.7310585727705127,0.8080672135527631,0.6370307944803832,0.5926665999540698,0.6926419958239132,0.6076631698328916,0.5774953651858118,0.6224593312018546,0.4687906266262437,0.5621765008857981,0.5926665999540698,0.5467381519846138,0.6224593312018545,0.45326184801538616
0.9914225164474609,0.992422757345469,0.9924227576536179,0.9850429104155579,0.9919380067066037,0.9890130586242823,0.9875683473745526,0.9883127424668735,0.9859363713554716,0.9896718489942947,0.9902915224350989,0.9896718495559449,0.9867771758051673,0.9859363750358393,0.9914225160039474,0.9902915223455595,0.9908743608339136,0.9914225140635755,0.9902915250496499,0.9883127407564476,0.9914225140794154
0.9914225151485998,0.9770226288773312,0.9724147150751422,0.9770226312608024,0.9796676472509721,0.9669140218496496,0.9840936057515531,0.9830850845960983,0.9770226278319489,0.9706877725875104,0.9850429118288749,0.970687767181726,0.9626731143960903,0.9724147159744981,0.9553191290913013,0.9688561663178392,0.9724147172735679,0.9648551542308238,0.9648551515780318,0.9626731123881443,0.9603611635934743
0.977022631511694,0.8872045944627058,0.9046505402422645,0.9241418189341297,0.9149009474519222,0.8933093989533708,0.9196425361331837,0.9196425372343816,0.9046505421702797,0.924141814233309,0.9099069962657176,0.9099070023734243,0.932453310268176,0.8933094145755219,0.9099070139780661,0.9046505440982949,0.9196425311777929,0.874077222043951,0.8933094025038598,0.8519528000888386,0.914900957313305
0.9914225128676727,0.952574124634583,0.9496693704295331,0.9496693702514737,0.9496693656219289,0.9099070109242131,0.9362849995254919,0.9433475796692865,0.9099070035949657,0.9399133512987252,0.9362850057480346,0.9284088050123334,0.9149009584734676,0.9433475792711057,0.9433475796692865,0.8933094159957173,0.9196425339307879,0.9196425366837827,0.9496693713198301,0.9149009497722477,0.9099070097026719
0.9944450742004901,0.7981867825403177,0.7549149923816048,0.7549149813536518,0.7431680029241322,0.7549149813536518,0.6926419831347362,0.7549149758396752,0.7431680143008301,0.6513548782017745,0.7057850278370112,0.7549149923816048,0.6926419767901475,0.5774953651858118,0.5467381519846138,0.6224593312018546,0.6224593312018546,0.5926665999540698,0.6370307806984444,0.5926665999540698,0.6224593312018546
0.9959298632335623,0.9971990731206716,0.9950945937646567,0.9890130570961677,0.9896718495654644,0.9919380087398485,0.987568346231158,0.9896718467476935,0.9902915215397046,0.9924227594639928,0.9919380090377599,0.9890130547888154,0.991422516170265,0.9914225165504194,0.9914225131686284,0.9896718496701788,0.9914225164791404,0.9919380077790846,0.9937100972518939,0.9919380066768125,0.9890130595047193
0.9908743608254922,0.9525741251394715,0.9648551558730283,0.9196425317283918,0.928408793127304,0.9149009642742806,0.9324533065140289,0.9724147148752853,0.9553191259110588,0.946596669446901,0.9362849990810246,0.9241418137109956,0.9433475798683768,0.9241418163225625,0.9362850066369692,0.9099070133672955,0.90990700787036,0.8933093982432729,0.8670357494949105,0.9149009480320036,0.9196425245706048
0.9465966702001758,0.8740772368049822,0.880797068590724,0.874077230244524,0.8991213813246444,0.8740772417253256,0.904650536386234,0.9099070097026719,0.8438951084436076,0.8596637559030338,0.8807970654616712,0.8175744761936437,0.8740772253241803,0.8354835411997897,0.8933094046341532,0.8807970811069351,0.8872045884979137,0.8519528019683106,0.9324533097989076,0.8807970795424087,0.9553191338616647
0.9928785710468337,0.9324533036984185,0.9099070084811306,0.8807970795424088,0.899121388082479,0.8596637469145054,0.8872046034098934,0.8354835350552604,0.8670357512127872,0.87407724336544,0.8519527963298946,0.8740772368049822,0.8596637433190939,0.8080672066194946,0.8519527982093666,0.8740772269642949,0.7662936484231889,0.87407724336544,0.7981867705385762,0.8175744761936437,0.8175744850834649
0.9840936072677011,0.8670357735451835,0.8740772302445241,0.8596637523076225,0.7981867777396211,0.7879311856832191,0.8080672204860316,0.826711791935942,0.8080672158638527,0.7662936377487305,0.874077230244524,0.8991213711878918,0.8596637469145054,0.8438951084436077,0.8740772269642948,0.8267118004748678,0.7662936377487305,0.8175744761936437,0.8519528019683105,0.8175744850834648,0.8175744761936437
0.9902915223545135,0.9626731154669946,0.9626731117188291,0.9496693714978895,0.9724147151251064,0.9579122729855218,0.9724147157746413,0.9688561672170912,0.9755769080819116,0.9648551511990616,0.975576911188547,0.9808759628647703,0.9669140186318741,0.9669140237564794,0.960361163026223,0.955319126070071,0.9770226312189871,0.9669140218496496,0.970687767181726,0.9626731149315424,0.9724147180230311
0.9928785724461707,0.9465966707651318,0.9669140224455339,0.9553191332256162,0.9688561717133516,0.9603611617499072,0.9603611647279772,0.9740426407771471,0.9579122686300084,0.9496693679367013,0.9740426399765435,0.9688561667674652,0.9603611633098487,0.9433475798683769,0.9496693720320677,0.9465966673753954,0.9284087975841903,0.952574127663914,0.9525741253077676,0.9465966688819449,0.9525741322079104
0.9830850891182368,0.9850429136812805,0.9648551500621506,0.9840936095127663,0.9808759615370475,0.9875683520510359,0.9867771758780787,0.9840936118744577,0.9830850832952089,0.9796676452103659,0.9770226283337323,0.9820137931304475,0.9783846670797867,0.9808759651358748,0.9783846682221379,0.9770226286682546,0.9830850881890303,0.9688561696900345,0.974042643367335,0.9783846670797867,0.9840936119910844
0.993307147970535,0.9399133546649715,0.8991213678089741,0.9099070103134425,0.904650530602188,0.9465966741548683,0.9196425361331837,0.8991213684847577,0.9362850119705769,0.9099070035949656,0.9284087960985615,0.9284088035267047,0.962673113726775,0.9324533018213449,0.8740772302445241,0.8872045974451016,0.8872045870067157,0.9399133536130196,0.9046505344582187,0.9046505376715775,0.9433475687193132
0.9950945939692315,0.9850429149436604,0.9724147147253926,0.986777179608705,0.9796676451732639,0.9669140235181257,0.9706877668637387,0.9706877687186648,0.9648551534728833,0.9770226304244967,0.9603611627425972,0.9648551552414112,0.9724147179730669,0.9626731127897336,0.9770226317625857,0.9496693650877507,0.9724147172735679,0.9324533097989077,0.9579122753885635,0.9688561689031889,0.9553191309994468
0.9770226293791145,0.9648551568836157,0.9579122755387536,0.9362850066369693,0.9465966709534506,0.9362850079703713,0.9196425273235999,0.9433475796692865,0.9362850128595115,0.9362850057480346,0.9648551517043552,0.9241418272911436,0.9324533060447606,0.9496693681147608,0.9362850084148385,0.9496693706075925,0.9046505434556231,0.9241418241572635,0.9284087946129328,0.9496693677586419,0.9465966696352197
0.9959298613459708,0.9820137923079637,0.9740426402591095,0.9770226309262801,0.9796676456184871,0.9830850830783939,0.972414717323532,0.9688561676667174,0.9724147209209555,0.9579122767402743,0.9626731101124724,0.9783846656223039,0.9648551547361175,0.9770226279155795,0.9626731113172399,0.9669140239948331,0.9626731139945011,0.9669140181551665,0.9603611617499072,0.9706877705735908,0.9579122674284875
0.9950945934373372,0.9433475685202228,0.9149009561531424,0.9149009526726545,0.8740772466456689,0.8933094060543488,0.880797076413356,0.8933094110250331,0.899121375242593,0.8872046011730964,0.8596637487122112,0.8670357701094303,0.8596637487122111,0.932453306514029,0.8267117855317474,0.8354835371034368,0.904650527388829,0.8596637523076225,0.9046505331728752,0.9284087970889806,0.9046505428129514
0.9919380097304036,0.8080672135527631,0.7549149813536518,0.7772998714925403,0.7431680029241321,0.7185943985973772,0.7879311856832191,0.7772998611746912,0.665410572017153,0.6654105521116443,0.6513548511303338,0.5467381519846138,0.7057850278370112,0.6224593312018546,0.5312093733737563,0.6791787056691698,0.6791787056691698,0.7057850278370112,0.6370308013713525,0.5621765008857981,0.6370307944803831
0.9937100968677025,0.9755769103896978,0.9669140224455339,0.9648551532202364,0.9579122729855218,0.952574123793102,0.9603611597645271,0.9525741298517642,0.9433475810629193,0.972414717323532,0.9688561716009452,0.972414716374212,0.9603611570700824,0.9669140244715405,0.9740426399765436,0.9566341969088488,0.9553191305224104,0.9579122677288677,0.9399133447766225,0.9579122750881833,0.9579122722345713
0.9890130566306493,0.9669140179168129,0.9688561723877906,0.9465966677520328,0.9688561709265061,0.9603611577791468,0.9579122702820998,0.962673116404036,0.9525741315347258,0.9496693620607405,0.9688561713761321,0.9648551559993518,0.9648551499358272,0.9553191311584589,0.9362850030812306,0.964855152209649,0.9626731147976794,0.9603611652952286,0.9465966735899122,0.9553191281372286,0.9724147185726375
0.9956684972002249,0.9937100972722677,0.9840936089879458,0.9937100964398529,0.9875683493297573,0.9883127398313114,0.993710097193683,0.9896718459861337,0.9908743615749929,0.990874363789809,0.9896718498700883,0.9919380070417539,0.9902915223903292,0.9928785728774957,0.993307148187237,0.990874360960234,0.9919380095591045,0.9890130586040425,0.9908743628297747,0.9937100984830527,0.9919380082929815
0.9648551556203815,0.9770226291700381,0.9859363751391479,0.9850429149162173,0.9830850846580453,0.9808759610828266,0.9796676470654625,0.9770226292536687,0.9783846693644891,0.9830850868881412,0.9840936056057696,0.9850429130638119,0.9770226280410254,0.9669140195852891,0.9740426420015996,0.9820137913867819,0.9796676485495398,0.9770226306335731,0.9626731099786093,0.9740426434144294,0.9688561692404085
0.9924227585570545,0.9603611570700823,0.9241418252018901,0.9284087995650284,0.8991213840277783,0.9324533112067127,0.9433475740947549,0.9241418283357703,0.9284088035267047,0.9241418178895028,0.9099069968764882,0.9362850101927077,0.9241418199787564,0.9324533144915913,0.9099070158103778,0.9284088069931713,0.8872046019186954,0.8670357683915538,0.919642533380189,0.8438951005915208,0.9399133552961427
0.9968273170662069,0.9579122729855218,0.8807970795424087,0.9099069987088003,0.8519528076067262,0.867035771827307,0.8933093975331752,0.8872046004274975,0.8519527963298946,0.8175744806385543,0.798186775339273,0.8267117940706734,0.8807970779778824,0.8175744761936437,0.8354835371034368,0.817574478416099,0.7879311956428947,0.7981867753392728,0.7431680143008301,0.8267118004748677,0.8354835289107307
0.9830850829854734,0.8991213813246445,0.9324533060447605,0.8933093996634686,0.9284087975841901,0.9046505440982948,0.9099070151996073,0.9099070139780661,0.8991213671331905,0.9046505402422644,0.8991213691605412,0.8872045825331214,0.8807970826714613,0.8519528076067262,0.867035763237924,0.9099070121457543,0.8872045870067157,0.8354835350552603,0.9149009509324104,0.867035763237924,0.8740772269642949
0.9961755161744044,0.9496693672244637,0.9284088025362857,0.9553191294093256,0.9603611597645271,0.9399133451974033,0.9399133544545811,0.9465966662454831,0.914900957313305,0.9362850026367634,0.8933094103149354,0.9149009497722477,0.9196425306271939,0.9525741216052517,0.8354835411997897,0.9196425262224018,0.9099070084811306,0.899121377945727,0.9099069968764882,0.8596637541053281,0.8740772466456689
0.9890130591505205,0.8872045825331215,0.9196425355825848,0.8519527963298947,0.8670357701094303,0.8596637505099168,0.8596637559030338,0.8807970779778824,0.8670357563664174,0.826711791935942,0.8872045884979137,0.9046505408849362,0.8933094017937621,0.8267118004748677,0.7879311931529758,0.8519528038477824,0.8740772384450967,0.8438951045175643,0.8354835452961427,0.7662936377487304,0.8670357477770337
0.9867771771661777,0.9579122734360921,0.9603611574955211,0.9433475756874783,0.9553191348157373,0.936285000858894,0.936285000858894,0.9465966741548681,0.9496693666902855,0.9465966685053074,0.9324533069832973,0.9324533027598817,0.9465966734015935,0.9579122726851416,0.9433475776783824,0.9603611589136498,0.904650541527608,0.9465966752847802,0.9046505421702797,0.8991213691605411,0.9046505402422645
0.9928785704508808,0.9648551547361175,0.8991213840277783,0.9241418267688303,0.9465966722716814,0.9553191267061194,0.9603611621753457,0.9706877704145972,0.9603611589136498,0.9465966705768132,0.943347577479292,0.9579122759893239,0.9465966645506146,0.9553191324305557,0.939913344987013,0.9433475691174941,0.9324533069832973,0.9465966651155708,0.9399133460389649,0.9399133523506773,0.9603611648697901
0.984093608783849,0.8740772253241803,0.8354835391516133,0.7981867705385762,0.7772998611746912,0.7185943925708562,0.6791786926816161,0.8267117983401363,0.7662936484231889,0.743167997235783,0.8267117962054049,0.7772998611746912,0.7981867777396212,0.7310585727705126,0.7310585786300049,0.7057850216484838,0.7185943925708562,0.7981867705385762,0.8080672227971211,0.8872045974451016,0.8175744828610095
0.9959298625898937,0.9149009532527358,0.9399133443558415,0.9496693709637113,0.9196425273235999,0.9241418116217417,0.9284088000602381,0.9324533116759811,0.9324533097989076,0.9433475756874782,0.914900959053549,0.904650536386234,0.904650536386234,0.9099070127565249,0.9362850026367634,0.9241418126663687,0.9196425388861784,0.924141827813457,0.9362850004144266,0.9196425273235999,0.8872046026642944
0.9937100984859633,0.970687772322521,0.9688561704768801,0.9626731161363099,0.9669140243523636,0.9433475764838399,0.9465966654922082,0.9433475802665577,0.9284087936225136,0.939913346038965,0.9362850093037731,0.9496693729223646,0.9399133502467731,0.9099069962657176,0.9241418178895029,0.9046505312448598,0.9433475770811112,0.9324533116759811,0.9284087951081423,0.9324533130837862,0.9284088040219143
0.9928785726107986,0.9579122714836207,0.936285006192502,0.9496693645535724,0.9433475794701961,0.9433475742938453,0.9362850115261097,0.9284087960985615,0.9433475748911165,0.955319134179689,0.9196425344813868,0.9196425339307879,0.9706877698846184,0.9399133485636499,0.9399133481428691,0.9099070139780661,0.955319130045374,0.946596669446901,0.9525741253077676,0.96036116189172,0.9465966649272521
0.977022631511694,0.9867771791712375,0.9796676447651425,0.9796676453958755,0.9820137912222852,0.9755769079043894,0.9755769072386817,0.978384665543521,0.979667646768647,0.9740426437440896,0.9755769072830622,0.9770226276646877,0.9808759631093509,0.9688561729498231,0.9648551503147975,0.9755769103453173,0.979667646768647,0.9579122674284875,0.9525741222784364,0.9603611624589715,0.9465966662454831
0.9924227586025766,0.9724147168238899,0.9579122687801985,0.9688561669922783,0.9706877682946817,0.9755769117211129,0.9740426450156362,0.9724147179231026,0.9626731138606381,0.974042643791184,0.9362850026367634,0.9648551567572923,0.9324533121452495,0.9399133521402868,0.9648551511990615,0.9362850088593059,0.9525741246345829,0.9603611627425972,0.949669364375513,0.9688561718257581,0.9648551556203815
0.9964063970600915,0.9928785702994231,0.9902915246109067,0.9902915227484869,0.9928785701644283,0.9896718487372683,0.9883127399711575,0.9867771809940188,0.9808759626551299,0.9919380070417539,0.9875683499128884,0.9850429168783946,0.9883127439298793,0.9883127397560095,0.9808759633189912,0.9850429132284703,0.9808759616069277,0.9796676487350494,0.9796676487350494,0.9796676456555891,0.974042641907411
0.9950945933123192,0.968856169802441,0.9603611616080944,0.9433475711083985,0.9626731157347207,0.9525741231199173,0.939913346038965,0.9553191346567252,0.9496693675805825,0.9465966654922082,0.9603611621753457,0.9603611614662815,0.9399133454077937,0.95791227073267,0.9241418121440552,0.9465966703884945,0.9324533116759811,0.8991213840277783,0.9496693668683449,0.9399133515091156,0.9099070139780661
0.9959298616593111,0.968856169352815,0.977022632389815,0.9669140212537652,0.9648551533465599,0.9669140230414182,0.968856168678376,0.9433475752892975,0.9626731086399787,0.9433475800674672,0.9284087941177233,0.9433475772802016,0.9362850004144266,0.9465966741548681,0.9603611613244686,0.9496693641974536,0.9399133544545812,0.9603611572118953,0.9496693634852158,0.9324533069832973,0.9465966702001758
0.9883127440266959,0.7772998663336158,0.8438951005915208,0.7981867825403177,0.8354835452961425,0.8354835330070839,0.8175744806385543,0.8080672135527631,0.7431680029241321,0.8354835350552604,0.7981867729389246,0.787931188173138,0.6926419894793248,0.7431680199891789,0.7057850402140659,0.7981867753392728,0.6791786926816161,0.7549149978955811,0.6513548782017745,0.7662936484231889,0.7662936430859597
0.9937100968327759,0.9902915217277374,0.9875683486208527,0.9859363734862109,0.9896718461955627,0.9919380088441174,0.9908743634866403,0.9867771806902219,0.9859363755394686,0.995390427641151,0.9914225154574753,0.992422760199348,0.9896718491942041,0.9914225133824653,0.9914225153782765,0.9908743608844418,0.9867771795357938,0.9933071480262583,0.9928785713859671,0.9859363701803364,0.9919380085685495
0.9953904277971232,0.9525741298517643,0.9603611569282695,0.9496693624168593,0.9706877697786225,0.9603611582045855,0.9553191308404346,0.9706877714745549,0.9706877721105295,0.9724147192221723,0.9706877696196289,0.9553191338616647,0.9553191267061195,0.9579122693809591,0.9688561722753841,0.9688561668798717,0.9648551529675896,0.9648551505674444,0.9755769109666445,0.9724147184227449,0.9626731162701729
0.9953904274680859,0.9553191279782165,0.9284088055075428,0.9496693706075925,0.9433475764838399,0.9324533121452495,0.9241418184118163,0.9241418121440552,0.936285003525698,0.9149009520925732,0.9196425229188075,0.9099070035949657,0.9196425372343817,0.9099070017626537,0.9099069987088003,0.9284087990698189,0.8933094003735664,0.9284088069931713,0.904650530602188,0.8670357615200475,0.8872045862611166
0.9902915223276515,0.9099070072595894,0.9241418267688303,0.936285002192296,0.9099070084811307,0.9362850075259039,0.9496693720320677,0.9241418252018901,0.9149009602137115,0.9196425234694067,0.8807970795424088,0.9324533158993963,0.9046505261034854,0.8354835309589074,0.92414182206801,0.8807970701552505,0.9149009602137116,0.9196425267730008,0.8991213691605411,0.9149009555730611,0.9241418205010699
0.9961755169523484,0.8519527982093666,0.9046505338155469,0.8267117940706734,0.8933094032139577,0.7981867777396212,0.8933093968230773,0.8933094010836642,0.8519528000888386,0.8438950966654772,0.7662936484231889,0.8596637487122111,0.8354835411997897,0.8354835411997897,0.8740772351648677,0.8080672204860316,0.8354835371034368,0.7662936430859597,0.7981867777396211,0.7772998560157665,0.7981867873410141
0.9603611614662814,0.9284088020410761,0.924141819456443,0.9324533022906133,0.8740772269642949,0.8740772368049822,0.8807970670261976,0.8596637523076225,0.8267118026095991,0.8991213711878918,0.8596637469145054,0.8519528076067262,0.843895106480586,0.8438951025545426,0.9149009486120849,0.9046505428129514,0.8267117876664789,0.8596637469145053,0.8740772335247531,0.8933094046341532,0.8519528038477825
0.9940889311765916,0.851952809486198,0.8596637469145053,0.7772998560157665,0.893309405344251,0.8519528038477825,0.8438951064805861,0.8740772335247532,0.8175744761936437,0.7662936430859597,0.8438950966654772,0.798186775339273,0.8267117876664789,0.817574471748733,0.7879311956428946,0.8740772286044095,0.8080672089305841,0.8080672204860317,0.8354835309589074,0.8438950966654774,0.7772998714925403
0.9883127436394296,0.964855151325385,0.9669140254249554,0.9603611604735913,0.9465966643622961,0.949669372566246,0.9603611574955211,0.9525741310298373,0.9399133439350608,0.962673111584966,0.9196425333801889,0.9496693729223646,0.9553191332256162,0.9149009607937929,0.9433475790720153,0.9284087946129328,0.9241418225903234,0.9399133494052115,0.9196425322789908,0.9362850026367634,0.9241418272911436
0.9940889319071797,0.9669140185126972,0.9496693647316318,0.9465966717067252,0.9284088035267047,0.9399133481428691,0.9465966654922083,0.9688561696900346,0.9496693688269985,0.9603611607572171,0.9688561722753841,0.9399133451974033,0.9603611631680358,0.9465966718950439,0.962673116404036,0.9433475746920262,0.9399133439350607,0.9196425388861785,0.9099070090919013,0.9399133443558416,0.939913356558485
0.9724147199216713,0.9850429108958112,0.9755769107447418,0.9820137864847779,0.9796676453587735,0.9770226308008342,0.9820137903340027,0.9783846668434382,0.9724147160244624,0.9840936111455406,0.9783846696402291,0.9724147150751422,0.9724147149752137,0.9688561700272541,0.9579122684798183,0.978384668497878,0.9669140199428197,0.9740426456278625,0.9626731097108832,0.9648551533465599,0.943347569515675
0.9919380074364864,0.9579122723847614,0.9433475804656482,0.9099070103134426,0.9241418225903234,0.9284087975841903,0.8991213732152423,0.893309411735131,0.9099070005411124,0.9149009625340366,0.9046505286741726,0.9284087985746093,0.8933094117351309,0.8670357683915538,0.9284088005554475,0.9241418147556224,0.9196425273235999,0.9324533088603708,0.9324533022906133,0.9284087965937711,0.909906999319571
0.9973683263312874,0.984093610737347,0.9883127430800451,0.9796676483269281,0.9770226302154202,0.9755769113216884,0.9770226275810571,0.9867771779560498,0.9808759634238114,0.9755769074162037,0.9820137900708078,0.9755769095020878,0.9755769105228395,0.9724147193720649,0.9706877675527112,0.9796676466573413,0.9830850900784167,0.9579122696813394,0.9783846657010867,0.980875962200909,0.975576912697484
0.9944450740229983,0.936285006192502,0.9648551515780319,0.9496693674025232,0.9626731107817877,0.9433475699138559,0.9688561667674652,0.9525741291785795,0.9399133460389649,0.9196425355825848,0.9465966750964615,0.9553191290913013,0.9324533046369553,0.9399133552961427,0.9626731091754309,0.9399133565584851,0.9433475715065793,0.9525741236248059,0.9553191251159983,0.9465966707651319,0.939913346038965
0.9362850119705768,0.8354835330070839,0.8080672066194946,0.798186775339273,0.787931190663057,0.7185943865443352,0.8080672227971211,0.867035758084294,0.8670357649558007,0.8740772466456689,0.8519528000888386,0.7879311906630568,0.808067204308405,0.7772998663336157,0.8080672158638527,0.7981867801399694,0.7057850154599562,0.7772998611746911,0.787931188173138,0.7879311906630568,0.843895106480586
0.9973683255985524,0.8670357701094303,0.8807970764133561,0.843895106480586,0.7431680143008301,0.8740772482857831,0.7981867729389246,0.8354835350552604,0.7772998508568416,0.8080672089305841,0.7662936484231889,0.7431680029241321,0.8354835391516133,0.7431680086124811,0.7549149758396752,0.766293653760418,0.8080672066194946,0.7981867801399695,0.7981867873410141,0.718594386544335,0.6791786926816161
0.994088930355706,0.546738151984614,0.5621765008857981,0.48438008427698437,0.4532618480153861,0.5312093733737562,0.4073334000459302,0.5156199157230157,0.546738151984614,0.5467381519846138,0.3345894478883556,0.5156199157230156,0.5621765008857982,0.43782349911420193,0.4225046348141882,0.4225046348141882,0.33458944788835565,0.3345894346180165,0.3208213138121609,0.5156199157230157,0.4532618480153861
0.9950945947784381,0.9867771777008604,0.9840936107956604,0.9820137867150733,0.9770226290864076,0.9724147184227449,0.9840936105040935,0.983085084131495,0.9706877663337597,0.9830850887775279,0.9770226314280636,0.9820137876691548,0.9740426426609201,0.9830850830474205,0.9796676465831374,0.9783846670010038,0.970687767711705,0.9740426456278625,0.9688561671046847,0.9688561710389126,0.9648551498095038
0.9740426446859761,0.8740772302445241,0.8596637523076225,0.9046505421702797,0.8596637469145053,0.8933094081846421,0.8670357477770337,0.8933094167058151,0.8354835391516132,0.8670357477770336,0.8740772335247532,0.8354835330070839,0.851952809486198,0.9196425377849806,0.8872045884979137,0.8872046041554922,0.8596637505099167,0.9196425306271939,0.8933094032139576,0.8807970670261975,0.904650538956921
0.9525741286736911,0.7772998611746911,0.6654105653819836,0.6224593312018546,0.7549149813536518,0.6224593312018546,0.6654105653819835,0.7310585669110202,0.7057850278370112,0.6370307944803832,0.6791787056691697,0.7310585727705127,0.48438008427698437,0.5621765008857981,0.5926665999540698,0.5774953651858118,0.6224593241981982,0.6224593312018546,0.6791786991753929,0.5312093733737562,0.6370308013713525
0.9902915248258014,0.6224593312018546,0.7185943805178138,0.6926419831347361,0.6370308013713525,0.6926419704455588,0.7310585786300049,0.718594386544335,0.6791787121629466,0.6926419831347361,0.6791786926816161,0.7185943925708561,0.6224593312018546,0.6224593312018546,0.6513548782017745,0.6513548578981939,0.6513548511303338,0.6654105653819836,0.6076631627277603,0.7185943925708562,0.6224593312018545
0.9961755156652367,0.7057850340255386,0.7662936484231889,0.6224593312018546,0.5926665999540698,0.7549149923816048,0.6926419831347362,0.7879312006227324,0.6791786861878392,0.6926419767901475,0.5774953651858118,0.7310585727705127,0.7981867825403177,0.7057850154599562,0.7662936324115011,0.665410572017153,0.7772998508568417,0.7057850340255386,0.679178692681616,0.6926419704455588,0.8080672135527631
0.985042913091255,0.9324533097989076,0.9362850097482405,0.962673116404036,0.9603611644443515,0.9433475770811112,0.9648551546097941,0.9724147179730669,0.9648551558730284,0.9755769087032385,0.9648551568836157,0.9603611591972755,0.9626731158685837,0.9724147192721364,0.9740426446859761,0.9553191311584588,0.9553191340206767,0.9362850066369692,0.9284088035267047,0.9648551527149427,0.9241418126663686
0.9973683265873474,0.9808759642623732,0.9603611607572171,0.9783846675130923,0.9770226309262801,0.9808759644021334,0.9648551506937678,0.9579122684798184,0.9669140207770578,0.9603611567864566,0.972414719871707,0.955319130045374,0.9648551499358272,0.9579122764398942,0.9525741293468757,0.9433475715065793,0.9241418131886822,0.9525741315347258,0.9525741269907294,0.9362850101927077,0.9553191309994468
0.9902915241811175,0.9603611616080943,0.9688561671046848,0.9579122753885635,0.962673111451103,0.9399133494052115,0.939913354875362,0.9706877699376162,0.9465966668104392,0.9433475790720153,0.9688561728374167,0.9579122675786775,0.9525741244662868,0.9496693633071565,0.9669140238756563,0.9433475687193131,0.9525741222784364,0.9465966732132748,0.9399133458285744,0.9099070115349837,0.9196425355825848
0.9890130580676844,0.8596637523076225,0.8438950947024555,0.8596637541053281,0.8175744739711883,0.8519528038477824,0.8596637505099167,0.7772998663336158,0.8267118026095991,0.8080672227971211,0.8438951104066293,0.8740772236840656,0.8354835411997897,0.8080672066194945,0.8267117898012104,0.7185943985973772,0.7310585786300049,0.7057850216484838,0.8438951005915208,0.8267118004748677,0.8519528057272543
0.9284087960985615,0.9783846695614463,0.97241471777321,0.9740426403062038,0.9648551551150878,0.9808759634238114,0.972414720321385,0.9808759613274071,0.9626731086399786,0.975576908215053,0.9688561680039368,0.9603611582045853,0.9669140237564794,0.9603611593390884,0.9706877678177007,0.9626731090415678,0.9706877680296923,0.9669140230414183,0.972414715924534,0.9579122744874229,0.9669140247098943
0.9867771763763057,0.9324533074525658,0.8991213684847575,0.9099069999303417,0.8740772433654401,0.8670357580842941,0.9046505447409665,0.8872046011730965,0.9046505312448598,0.8807970732843033,0.8740772253241803,0.9099070109242131,0.7981867777396212,0.8175744695262775,0.893309401793762,0.8740772286044095,0.7772998663336157,0.7879312056025699,0.8080672066194946,0.8596637487122111,0.8670357701094303
0.9959298630712293,0.9626731157347207,0.9626731121204183,0.9648551547361175,0.9688561677791239,0.9706877671287282,0.9770226316371399,0.9706877720575315,0.9579122755387536,0.9688561664302456,0.9648551524622959,0.9669140179168129,0.9706877703615993,0.9770226305081272,0.964855151325385,0.9724147168238899,0.9724147171236752,0.9626731145299533,0.9724147200215997,0.9808759629346505,0.9669140203003503
0.9830850831093675,0.9783846653859554,0.9770226321389233,0.9740426424254486,0.9755769084369554,0.9648551510727382,0.9688561725001972,0.9603611614662814,0.9755769084369555,0.9648551575152328,0.9706877663867577,0.9603611606154042,0.9525741254760638,0.9648551500621507,0.9740426417190337,0.9433475701129463,0.9324533032291501,0.952574130693245,0.9465966711417692,0.9465966745315055,0.9465966705768131
0.9914225156633923,0.9940889303885414,0.9875683467799873,0.9796676465831374,0.9840936071510743,0.9840936097751763,0.9840936048768523,0.9890130587356021,0.9820137923737625,0.9830850868261941,0.9867771811519932,0.9796676458782007,0.9820137920447689,0.9830850842553891,0.9840936059264932,0.9875683472602131,0.9859363724660388,0.9763105296483807,0.9859363757202585,0.9830850874456651,0.9875683484264757
0.8807970873650401,0.718594386544335,0.705785040214066,0.7549149813536518,0.5621765008857982,0.6926419831347362,0.6926419894793246,0.7431680029241321,0.6370307875894138,0.6076631627277603,0.5774953651858118,0.6224593312018545,0.6791786926816161,0.7879311881731379,0.6513548714339144,0.7431680029241321,0.7431680143008301,0.7549149923816048,0.7185944046238981,0.8267117919359419,0.7310585669110202
0.8872045966995028,0.9840936054016728,0.9755769098127512,0.9796676461008123,0.9648551514517084,0.9796676487350494,0.9724147176233174,0.9755769095464683,0.9755769084369555,0.9808759633189913,0.9755769110110248,0.9875683504617179,0.975576911011025,0.9783846668040467,0.9740426457691455,0.9770226313026177,0.9706877725875104,0.9603611624589715,0.9850429125286726,0.9770226322225538,0.9883127432198913
0.9399133468805266,0.9465966688819449,0.9241418231126367,0.9553191247979739,0.9496693729223646,0.9362850004144266,0.9433475730993028,0.9465966660571644,0.9284088025362857,0.9433475721038506,0.9149009491921664,0.9284088005554475,0.8872046011730964,0.914900957313305,0.9149009491921662,0.9046505434556231,0.9046505440982949,0.9149009567332237,0.914900957313305,0.8933093968230772,0.8991213833519948
0.9859363723498167,0.9859363706581387,0.9796676456555891,0.9783846695614463,0.9783846675918753,0.9770226290445921,0.9808759624105494,0.9820137881955445,0.972414716374212,0.9783846666858724,0.9796676482898262,0.9796676448022446,0.9875683474774581,0.9859363706710522,0.9883127443924473,0.9796676479188069,0.9783846667646552,0.9867771774578228,0.9867771794021232,0.9770226317625857,0.9850429140929261
0.9937100987362697,0.8175744828610095,0.8670357701094303,0.8080672112416737,0.8080672066194945,0.7310585903489891,0.8519528019683106,0.6791786926816161,0.8354835289107309,0.8807970701552504,0.8596637523076225,0.754914975839675,0.6791787121629466,0.7879311981328135,0.7981867801399694,0.7662936430859597,0.7662936484231889,0.7662936377487305,0.7310585903489891,0.8438951084436076,0.8740772335247532
0.9947798737889636,0.9706877707325845,0.9626731134590489,0.9796676481414185,0.9579122759893239,0.964855151325385,0.9706877688246606,0.9740426432260522,0.9648551498095038,0.9706877695666309,0.9603611650116028,0.9324533097989076,0.9433475768820208,0.9399133456181842,0.9579122768904644,0.9603611638771,0.9579122744874228,0.9149009584734676,0.9603611613244686,0.9603611599063399,0.9433475703120368
0.9740426434144294,0.9850429160276605,0.9808759635985118,0.9850429149162173,0.985042916617686,0.9755769082150529,0.983085083852733,0.9820137866163753,0.9808759614322272,0.9783846654647381,0.9850429161237112,0.9850429155199643,0.9859363726080881,0.9796676461750161,0.9850429141203692,0.9850429147103945,0.980875961711748,0.974042644685976,0.9859363716008295,0.985042910813482,0.9830850844412306
0.9940889303037165,0.8438950966654772,0.8175744806385542,0.7772998663336158,0.7981867801399695,0.8740772417253256,0.8354835411997897,0.8080672158638527,0.8354835350552603,0.8438951045175643,0.7662936430859597,0.7431680143008301,0.6926419831347361,0.7431680086124812,0.7549149813536518,0.766293653760418,0.7662936484231889,0.8267118004748677,0.8596637451167997,0.7431680086124812,0.7662936430859597
0.9937100981861775,0.9241418137109955,0.9241418252018901,0.8519527963298947,0.8740772466456689,0.8933094060543488,0.8354835391516133,0.8438951084436077,0.8596637451167995,0.9099070133672955,0.8807970748488297,0.914900957313305,0.9241418231126367,0.9099070017626536,0.8807970795424088,0.867035752930664,0.8519527963298947,0.8519528000888386,0.8933093961129794,0.8519528076067262,0.8807970811069351
0.991938007451382,0.8991213840277783,0.8933094025038599,0.7879311931529758,0.8354835309589073,0.8267118004748678,0.8080672066194946,0.8175744828610095,0.6370308013713525,0.8080672158638527,0.8080672135527632,0.843895106480586,0.7310585786300048,0.7310585727705127,0.754914975839675,0.7185943865443349,0.7185943985973772,0.8354835350552604,0.798186775339273,0.817574478416099,0.766293653760418
0.9961755156794295,0.9896718458147827,0.9770226310517259,0.9850429167823441,0.9706877708915781,0.97966764624922,0.9688561685659695,0.9724147184727091,0.9626731146638163,0.9626731143960903,0.9465966641739773,0.9669140183935203,0.9626731161363098,0.9669140179168128,0.9603611597645271,0.9399133502467732,0.9603611597645271,0.9465966700118571,0.9196425317283919,0.9324533069832973,0.9241418262465169
0.9808759618515082,0.9740426415777507,0.9669140179168129,0.9755769089695217,0.9724147152749991,0.9740426406358641,0.9863631669859751,0.9783846675130923,0.9740426424725429,0.9637799445251545,0.9648551573889093,0.9740426430847691,0.9770226300063438,0.9724147177232458,0.9740426457220511,0.9840936068011941,0.9603611597645271,0.9688561665426522,0.9669140250674247,0.972414720821027,0.9820137888864311
0.9940889323176225,0.9496693627729781,0.9553191330666041,0.9241418215456967,0.9496693684708796,0.9465966641739773,0.9465966724600001,0.9099070042057362,0.928408800060238,0.9362850039701653,0.8933093968230773,0.9362850093037731,0.9399133451974032,0.9149009607937928,0.9196425245706048,0.9099069999303417,0.8933093946927837,0.8872045892435128,0.9362850030812306,0.9149009509324104,0.9099070035949657
0.9902915250675578,0.972414715025178,0.9740426437440897,0.974042643508618,0.9740426446388817,0.9603611645861643,0.970687766174766,0.9783846689311835,0.9688561719381646,0.970687767181726,0.9688561663178392,0.9579122693809591,0.9579122701319096,0.964855151325385,0.966914024948248,0.9579122749379932,0.9553191330666041,0.8933094138654242,0.9399133498259923,0.936285006192502,0.9553191289322892
0.9976768371239001,0.9669140210154116,0.9579122705824801,0.9755769090139021,0.9706877694076373,0.9525741310298373,0.9796676455442833,0.9755769080819114,0.9783846673161352,0.9688561668798716,0.977022627413796,0.9399133485636499,0.9724147186725659,0.972414719621886,0.9626731123881443,0.972414719621886,0.962673116537899,0.9362850070814367,0.9525741320396143,0.9706877675527112,0.9648551553677346
0.9961755171847558,0.990874361911847,0.9796676452103658,0.9783846658192611,0.9688561666550587,0.9496693661561072,0.9648551514517084,0.9740426420015996,0.9324533041676869,0.9553191348157373,0.9362850079703713,0.9433475697147654,0.904650536386234,0.9324533130837862,0.9149009607937928,0.9149009468718409,0.8872045892435128,0.9362850057480346,0.9196425344813869,0.8740772318846386,0.8933094159957173
0.9928785706681896,0.9830850839456536,0.9820137928343533,0.9850429168783946,0.983085088560713,0.962673109309294,0.9840936083756553,0.9908743612044533,0.9830850875076123,0.9850429110879126,0.9875683471916094,0.9902915257480572,0.9883127436609445,0.9796676457668948,0.9820137865176771,0.9850429111565202,0.9808759648214143,0.9830850898306284,0.9770226320552927,0.988312740390696,0.9740426411539018
0.9890130584724829,0.9724147186226018,0.9603611603317784,0.9626731119865553,0.9579122729855218,0.9648551559993518,0.968856168903189,0.9770226317207704,0.9706877695136331,0.980875964192493,0.9525741286736911,0.9626731153331316,0.9669140244715405,0.9525741249711753,0.9648551517043553,0.9637799458255848,0.9724147165740687,0.966914021492119,0.9399133494052115,0.9525741242979906,0.952574127663914
0.9648551501884741,0.9783846664101324,0.982013793558139,0.9820137878007522,0.9830850831713146,0.9796676466202393,0.9820137901366065,0.9783846673161352,0.9859363752682836,0.9796676468799529,0.9808759615370475,0.9808759644021334,0.9724147206711343,0.9740426435557122,0.970687767711705,0.9648551565046454,0.9706877685596711,0.974042644968542,0.9626731107817876,0.9770226319716622,0.977022631804401
0.9875683490439087,0.7981867777396211,0.6370307806984444,0.6076631698328916,0.6513548511303338,0.6654105454764747,0.6224593312018546,0.6076631698328916,0.6513548646660542,0.6926419894793248,0.5774953651858118,0.6076631698328916,0.7185943865443352,0.6076631698328916,0.5621765008857981,0.5774953651858117,0.6224593382055109,0.5926665999540698,0.5467381519846138,0.6791786926816161,0.7549149813536518
0.9755769114548299,0.8354835309589074,0.8740772302445241,0.9284088064979619,0.9046505254608135,0.8807970842359877,0.8740772417253256,0.8872045959539038,0.8991213826762113,0.9196425377849806,0.8872045944627058,0.8670357649558007,0.8596637433190939,0.9046505453836382,0.9284087975841903,0.899121379297294,0.9099070029841949,0.893309401793762,0.9099070054272775,0.9241418241572635,0.880797085800514
0.9924227576291061,0.8519528076067262,0.851952809486198,0.8740772482857833,0.817574471748733,0.8807970873650401,0.8596637451167997,0.7981867849406659,0.8438951064805861,0.8596637523076225,0.7879311906630568,0.743167997235783,0.8596637523076225,0.8670357477770337,0.7549149813536518,0.731058584489497,0.7431680029241321,0.7310585786300049,0.8267117855317474,0.7185943985973772,0.6654105653819835
0.9956684970475959,0.9525741261492485,0.9433475729002123,0.9603611565028309,0.9362850035256981,0.9626731106479246,0.9362850057480346,0.9284088074883808,0.9496693636632754,0.928408801050657,0.9241418121440552,0.8740772384450967,0.9149009555730611,0.8933094110250331,0.8872046026642944,0.9362850061925019,0.8933094131553264,0.8872045832787204,0.9196425223682085,0.9196425377849806,0.9284087951081423
0.9961755170224255,0.9626731118526922,0.9669140233989488,0.9496693649096912,0.9626731098447463,0.9579122744874229,0.9626731154669947,0.9669140228030645,0.9149009491921664,0.9433475804656482,0.9626731141283641,0.9603611641607258,0.9362850017478287,0.9648551572625859,0.9399133519298964,0.9465966683169887,0.9399133456181841,0.9284088050123334,0.957912268029248,0.9465966641739774,0.9399133510883348
0.9970189668687811,0.9740426428963918,0.9688561662054326,0.9553191259110588,0.966914017797636,0.9669140211345885,0.9433475806647384,0.9603611621753457,0.9496693670464043,0.9525741298517643,0.9324533126145178,0.9362850101927077,0.9525741278322102,0.9324533046369554,0.9324533126145178,0.9241418225903233,0.9241418272911436,0.9399133498259924,0.9196425300765949,0.9324533158993962,0.9149009613738741
0.9981897891191525,0.9830850829544998,0.97241471777321,0.9579122684798184,0.9840936103291534,0.9796676476961954,0.9706877694606353,0.9706877698316204,0.972414715474856,0.9740426418603166,0.970687766174766,0.9830850833261825,0.9777138164900808,0.9770226305499424,0.9748211579793695,0.9755769090582826,0.9688561696900346,0.9755769110554054,0.978384667670658,0.9840936052558893,0.9637799473861012
0.9947798742072986,0.9859363706839658,0.9796676468428509,0.9875683471687415,0.9875683512392259,0.9770226323061844,0.9706877723755188,0.9808759633189913,0.9740426429434861,0.9724147183228165,0.9603611647279772,0.9669140210154115,0.9496693725662458,0.9496693690050578,0.9433475740947549,0.9553191321125315,0.9603611626007843,0.9706877713685591,0.9465966754730989,0.9465966749081428,0.9525741285053949
0.9883127401755482,0.9688561728374167,0.9688561694652216,0.9783846687736178,0.9724147207210987,0.9783846679070065,0.9796676459153025,0.9669140188702278,0.9525741239613982,0.9740426442621272,0.9755769093245658,0.9724147168238899,0.9648551519570022,0.9688561683411564,0.9706877675527114,0.9688561681163433,0.9740426436499009,0.9603611565028309,0.964855154862441,0.9496693656219289,0.9603611567864566
0.986777175938838,0.9850429168646733,0.9669140200619966,0.9553191322715436,0.966914022326357,0.9688561713761321,0.9626731130574597,0.9840936097751765,0.9820137918144735,0.974042641907411,0.9770226287937005,0.977022628417363,0.9648551547361175,0.9626731110495138,0.9770226300063438,0.9755769115879714,0.972414715025178,0.9783846690887492,0.9433475723029411,0.9603611579209597,0.9740426426609202
0.9875683469286287,0.9724147195719217,0.9669140244715405,0.9525741231199173,0.9399133504571636,0.9496693697172954,0.9433475740947549,0.9706877684006775,0.924141819456443,0.9433475685202227,0.9433475734974835,0.9603611644443516,0.9648551527149428,0.9362850075259039,0.9553191247979739,0.9525741273273217,0.9626731160024468,0.919642530076595,0.9579122762897041,0.9284087941177233,0.9496693620607405
0.9947798738131448,0.975576912431201,0.9603611645861644,0.9465966730249561,0.9525741239613982,0.9603611614662815,0.9553191308404346,0.9362850066369693,0.9579122714836207,0.9648551532202365,0.9669140219688265,0.9669140192277584,0.9525741226150287,0.9648551519570021,0.9496693668683448,0.9648551511990616,0.9579122677288677,0.9579122731357119,0.9149009578933863,0.957912271784001,0.9362850035256981
0.9933071480045881,0.9740426412951847,0.9724147176233173,0.9603611616080944,0.9525741301883566,0.9579122728353318,0.9626731139945011,0.9740426414364678,0.9740426447801647,0.972414714825321,0.9579122683296283,0.9796676454700793,0.968856166093026,0.9648551499358272,0.9688561703644736,0.9688561692404085,0.9669140244715405,0.9724147147753568,0.9706877676057091,0.9770226317207705,0.9755769091914241
0.9966233877812335,0.9830850851845958,0.9875683471458737,0.9850429131735842,0.9770226278737641,0.9808759630744108,0.9867771802162988,0.9808759643322532,0.9755769106116003,0.9783846659374352,0.9755769104340783,0.9553191276601922,0.9706877716865464,0.9783846684190951,0.9688561729498232,0.9706877678177007,0.9648551511990616,0.970687767658707,0.9669140189894047,0.9669140195852891,0.9706877682946817
0.9973683257861667,0.9465966709534506,0.962673113726775,0.9669140220880034,0.9626731127897337,0.9362850079703713,0.9284087990698189,0.9399133468805266,0.9362850039701653,0.9399133502467731,0.8872045952083047,0.8991213772699435,0.9399133510883348,0.9046505325302034,0.9553191284552528,0.8991213691605412,0.9324533079218341,0.914900945711678,0.9149009544128984,0.9284088074883807,0.8933093975331752
0.9783846654253467,0.8933094174159127,0.8807970732843033,0.8354835371034368,0.8080672204860316,0.8519527944504227,0.874077222043951,0.8080672089305841,0.8519528057272543,0.8933093982432729,0.8438951005915208,0.817574478416099,0.8438951084436077,0.8175744828610095,0.8175744761936437,0.8267118026095991,0.8354835432479661,0.8267117919359419,0.8354835432479661,0.8175744828610095,0.8596637559030338
0.9973683255930523,0.996406398257276,0.9950945954580807,0.991938008553654,0.993307149150013,0.9953904284295582,0.9924227605109985,0.991422515615873,0.9914225139368573,0.9914225142853323,0.9867771800826282,0.991938009402701,0.9940889301368031,0.9940889307634125,0.9919380086504751,0.9960545923497796,0.9939024368422715,0.9947798747078497,0.9944450765670468,0.9919380075482032,0.9950945932941347
0.9956684970556289,0.9755769124755814,0.9706877677117048,0.9706877721105295,0.9808759615719876,0.9648551520833256,0.9783846692069236,0.9820137883600414,0.962673109443157,0.9740426412009962,0.9783846655829125,0.9748211592137657,0.9740426404474869,0.9724147185726374,0.9796676459895065,0.9755769075493453,0.9706877716865464,0.975576910833503,0.9724147186226016,0.9770226293372993,0.9755769095464683
0.9964063970200742,0.9579122756889438,0.9579122698315294,0.9579122678790578,0.9496693656219289,0.9433475711083984,0.9648551525886193,0.9553191311584589,0.9525741281688026,0.9626731157347208,0.9579122734360922,0.9603611654370414,0.9755769120317764,0.9626731087738417,0.9648551503147976,0.9820137923737624,0.9626731168056251,0.9465966656805269,0.9465966754730989,0.9525741241296943,0.9553191270241438
0.9968273164852234,0.9783846681039637,0.9724147169737826,0.9796676465460354,0.9724147173235321,0.9755769115879714,0.97966764624922,0.9770226323898149,0.9648551517043553,0.9579122743372328,0.9669140186318741,0.9626731145299533,0.9688561684535629,0.9724147162742834,0.9626731123881443,0.9669140183935203,0.9525741305249489,0.9399133477220882,0.9626731085061155,0.9603611635934743,0.9496693725662458
0.9976768373996595,0.9433475746920261,0.9496693636632754,0.960361162033533,0.9579122690805788,0.9626731105140616,0.9433475788729249,0.9525741239613982,0.9579122750881833,0.9603611614662815,0.9241418241572635,0.9553191265471074,0.9525741217735478,0.9579122687801985,0.966914019585289,0.9284087931273041,0.9465966749081428,0.9362850004144266,0.9496693675805825,0.9433475683211323,0.9196425361331838
0.9362850070814366,0.8740772269642949,0.8991213813246444,0.904650541527608,0.8354835432479661,0.8354835411997897,0.8740772368049822,0.817574478416099,0.8872045996818986,0.8740772253241802,0.8933094039240554,0.8933094138654242,0.851952809486198,0.8740772433654401,0.8596637559030337,0.8872046011730965,0.8519527944504227,0.8872045862611166,0.8740772335247531,0.8519528038477825,0.8872046004274975
0.9770226278737641,0.9553191279782165,0.936285000858894,0.9324533121452495,0.9284087980793998,0.9465966668104392,0.9284087995650285,0.9241418215456967,0.9241418283357703,0.8933094074745443,0.8991213759183765,0.8991213867309121,0.9284087980793998,0.9149009584734676,0.9149009462917594,0.9241418152779358,0.9362849999699593,0.9241418121440552,0.9362850030812307,0.9196425278741989,0.8991213874066956
0.9970189670265587,0.9914225140635755,0.9908743616339423,0.9902915247899856,0.9896718497463348,0.9919380079727269,0.9928785711258551,0.9914225145387687,0.9944450747278208,0.9914225140398158,0.9820137926040579,0.9883127434995835,0.9933071503666397,0.9919380093654623,0.9914225151961191,0.9902915229454736,0.9850429116504951,0.9867771754770666,0.9875683475917976,0.9896718468048106,0.9933071482677263
0.9956684973588787,0.9919380102294049,0.9867771789160481,0.987568350038662,0.9808759622707891,0.9830850905739935,0.9883127399711575,0.986777179426427,0.9883127442095716,0.9890130565699295,0.9830850849987545,0.9867771767044065,0.9867771753190921,0.9875683487694941,0.9875683484264757,0.9896718456719903,0.9902915224440528,0.9875683474088545,0.9875683491125123,0.9902915219336781,0.9908743611118183
0.9924227576851331,0.9706877673937175,0.980875963214171,0.949669364375513,0.9525741231199173,0.9688561664302456,0.9740426409655244,0.9755769114104494,0.9465966686936262,0.9525741283370988,0.9433475738956645,0.9553191273421681,0.960361158630024,0.9241418121440552,0.9196425295259959,0.9284088060027523,0.9099070158103777,0.9362850110816423,0.9496693640193942,0.9399133447766224,0.936285000858894
0.9937100989574708,0.9688561677791239,0.9579122708828602,0.9579122740368525,0.9496693729223646,0.9465966703884945,0.9706877682946817,0.9626731146638163,0.9496693707856518,0.9496693725662458,0.9579122753885635,0.9433475754883879,0.9579122762897041,0.9688561722753841,0.968856169352815,0.9706877663867577,0.9553191346567251,0.9525741251394715,0.9579122720843811,0.9433475727011219,0.9603611620335328
0.974042643791184,0.9525741298517643,0.9465966734015935,0.9284087975841903,0.9399133531922388,0.9525741271590256,0.89912137659416,0.9362849986365571,0.9149009520925732,0.9099070151996071,0.8991213684847575,0.9399133443558416,0.9433475756874783,0.9362849990810245,0.9241418126663686,0.8933094174159129,0.9324533107374444,0.9399133548753619,0.8991213826762113,0.8519528094861981,0.9099070023734244
0.9947798752688538,0.914900950352329,0.928408800060238,0.8807970685907242,0.8807970670261976,0.8670357563664174,0.8438950986284991,0.8519528000888386,0.8519528076067262,0.8991213833519949,0.8670357529306639,0.8080672066194946,0.8670357649558006,0.8933094131553264,0.8519528057272544,0.8596637469145054,0.8740772236840656,0.8175744739711883,0.9099069968764882,0.8740772269642949,0.899121367808974
0.9783846685372694,0.9937100964165685,0.9902915245482292,0.9902915221306648,0.9890130559222517,0.9896718491751652,0.9940889301203855,0.9919380072130529,0.9919380074215909,0.9908743627287184,0.9919380068630071,0.9928785711324403,0.9914225148714039,0.9890130550721745,0.9867771769960515,0.9896718451103399,0.9840936085505955,0.9830850872907974,0.9830850857421198,0.9867771770932665,0.980875961292467
0.9947798748215014,0.9324533149608595,0.9496693718540082,0.9465966681286702,0.9465966717067252,0.9196425377849806,0.9553191346567251,0.962673116671762,0.9579122764398942,0.949669368648939,0.9362850093037731,0.9399133540338004,0.9196425256718028,0.9196425262224018,0.9241418147556223,0.9099070139780661,0.9362849999699593,0.9362849986365572,0.9496693727443053,0.9284087926320945,0.928408800060238
0.9947798749424074,0.9840936100084299,0.9783846675918751,0.9783846657798696,0.9796676463234238,0.9688561665426523,0.9724147146254642,0.9770226288355158,0.9724147150751422,0.9783846691281407,0.9740426443092215,0.978384669246315,0.9706877721105295,0.9740426412951847,0.9669140191085815,0.9648551549887644,0.9626731102463354,0.9688561676667173,0.9553191276601922,0.9740426434144294,0.9553191341796888
0.9890130554263734,0.9433475717056697,0.9465966690702636,0.9433475687193132,0.928408795603352,0.9241418199787564,0.8991213874066956,0.919642528975397,0.9196425394367774,0.9046505447409666,0.899121379297294,0.8740772466456689,0.8933094174159129,0.8872045959539037,0.8670357546485407,0.904650536386234,0.8872045914803098,0.880797068590724,0.8740772286044095,0.8267117940706734,0.8807970873650401
0.9933071493419491,0.9840936102416833,0.9669140187510509,0.9820137922092658,0.9669140251866016,0.9755769078156284,0.9724147168238899,0.9688561672170912,0.9669140193469353,0.975576910655981,0.9706877665987492,0.9688561713761321,0.9688561709265061,0.964855151325385,0.9603611631680358,0.9626731115849662,0.9579122702820998,0.9525741227833249,0.955319126070071,0.9496693716759489,0.952574122951621
0.9850429163569769,0.9324533018213449,0.8519527982093666,0.8519528038477825,0.8596637541053281,0.8740772302445241,0.7549149868676284,0.7772998560157665,0.9046505351008906,0.8354835411997897,0.8740772417253256,0.8670357701094303,0.8740772368049822,0.8438951045175643,0.8670357477770336,0.880797068590724,0.7981867729389246,0.8740772318846386,0.8438951084436077,0.8933094017937621,0.8438951005915208
0.991938010020867,0.9755769105228393,0.9706877660687703,0.9579122689303887,0.962673113860638,0.9626731107817877,0.96036115990634,0.9324533060447605,0.9362850088593059,0.9496693647316318,0.9496693657999884,0.9525741301883566,0.9324533079218341,0.9284088060027523,0.9284088025362857,0.8933094110250333,0.8933093989533708,0.9046505312448598,0.9241418184118162,0.904650527388829,0.9046505434556231
0.9937100966406802,0.9579122714836208,0.9046505440982948,0.9465966735899122,0.9046505318875316,0.8991213698363247,0.9241418272911436,0.9433475744929358,0.936285000858894,0.9099070133672955,0.9046505338155469,0.9046505434556232,0.8670357666736772,0.8519528057272544,0.8670357563664174,0.880797071719777,0.8872045832787205,0.867035758084294,0.8596637487122111,0.8740772400852111,0.8872045862611166
0.9399133536130195,0.7057850278370112,0.6791787121629466,0.6654105720171531,0.7981867825403177,0.7057850340255386,0.7310585786300049,0.7431680086124812,0.7057850216484838,0.6370307944803831,0.6926419767901475,0.6224593382055109,0.651354857898194,0.5467381519846138,0.5926665999540698,0.6926419767901475,0.6370308013713525,0.7185944046238981,0.6791787056691697,0.7431680086124812,0.5621765008857982
0.9947798737599461,0.9149009491921664,0.8807970732843033,0.8991213759183765,0.9149009480320036,0.8933094081846421,0.9099070133672955,0.8596637505099167,0.8740772302445241,0.8740772236840656,0.8670357546485407,0.8519527944504227,0.9099070042057363,0.8740772417253255,0.8354835452961427,0.8596637433190939,0.8519528000888386,0.8991213711878918,0.904650541527608,0.8354835432479661,0.8872045832787205
0.991938007898249,0.9399133546649715,0.9284087980793998,0.8933094081846421,0.9284087980793998,0.8872045884979138,0.9099070090919013,0.9362850115261095,0.899121379297294,0.9046505395995929,0.9324533130837862,0.9099070109242131,0.8872045907347108,0.8872046004274976,0.8991213759183764,0.9099070103134426,0.8933093989533708,0.92414182206801,0.9196425383355796,0.9241418168448761,0.8740772466456689
0.9959298629730746,0.9433475703120368,0.9525741253077676,0.9603611608990299,0.9284087960985615,0.9324533074525657,0.9241418137109956,0.9284088015458666,0.9046505408849362,0.9324533036984186,0.9433475693165846,0.9196425240200057,0.9196425361331837,0.9324533112067128,0.9099070158103778,0.9046505325302034,0.9399133451974032,0.9399133437246703,0.9099070042057363,0.9465966653038896,0.9196425306271939
0.9908743606739078,0.8596637559030338,0.919642527874199,0.8519528057272543,0.8354835309589073,0.8807970811069351,0.8991213786215105,0.8670357666736772,0.826711787666479,0.8740772417253256,0.8354835371034369,0.8670357546485407,0.9241418246795768,0.8740772351648677,0.8933094124452287,0.8872045929715078,0.8933094152856196,0.9046505318875316,0.8807970795424087,0.8670357546485407,0.8670357529306639
0.9964063974669342,0.8519528000888386,0.8740772253241802,0.8740772236840656,0.8991213853793453,0.8991213725394589,0.8438951005915208,0.874077230244524,0.8807970826714614,0.8354835411997897,0.8354835432479661,0.8933094117351309,0.8438951045175643,0.8080672158638527,0.8354835350552603,0.9149009509324104,0.8596637451167997,0.7879311881731379,0.7772998663336158,0.7981867873410141,0.7772998714925403
0.9919380075109644,0.9284088055075428,0.943347580863829,0.9362850101927077,0.9284088005554476,0.9496693643755131,0.9496693682928202,0.9496693706075925,0.962673116671762,0.9399133489844308,0.9669140248290712,0.9669140194661122,0.9755769085257165,0.9525741259809524,0.9525741253077676,0.9465966752847803,0.9465966732132748,0.9496693681147608,0.97068777184554,0.9648551514517085,0.9496693663341665
0.9099070145888366,0.8933094060543488,0.8872045877523147,0.8807970826714614,0.9046505370289059,0.9284088055075428,0.8872046041554922,0.9149009532527358,0.9099069974872589,0.9196425234694067,0.8991213671331905,0.8670357649558007,0.8807970732843033,0.8933094081846421,0.9241418126663686,0.9284088015458667,0.9149009636941993,0.9362850115261095,0.9099069987088003,0.9241418272911436,0.9149009491921664
0.9964063980038331,0.9940889299096913,0.9937100968618814,0.989013054910255,0.9896718489086193,0.9830850863615909,0.9890130580373244,0.983085085029728,0.9850429147241161,0.979667648438234,0.9808759627599501,0.974042644827259,0.9820137878665509,0.9783846655829124,0.9830850901403638,0.9808759654153953,0.9777138153130831,0.979667647362278,0.9883127408640215,0.9908743606907505,0.9688561716009452
0.9553191275011802,0.8267117983401363,0.8080672066194946,0.880797068590724,0.9046505254608135,0.8807970826714614,0.8740772351648677,0.8519528019683106,0.8519528076067262,0.8175744828610095,0.8670357683915538,0.8267117962054049,0.8438951045175643,0.8596637541053281,0.8740772269642949,0.7981867825403176,0.8933094152856197,0.8596637523076225,0.9324533126145178,0.874077222043951,0.8670357718273068
0.9950945931486596,0.9796676449877542,0.9553191324305558,0.9740426428022031,0.977022627413796,0.9648551517043553,0.9362850070814366,0.9626731161363099,0.9433475744929357,0.9603611606154042,0.9465966750964615,0.9433475713074889,0.9626731158685837,0.9740426443563158,0.9399133527714579,0.9626731105140616,0.9603611634516614,0.9706877674997133,0.943347572302941,0.9496693709637113,0.9553191275011801
0.9875683471458737,0.7981867777396212,0.8596637541053281,0.8438951025545426,0.880797071719777,0.8267117876664789,0.7981867729389246,0.8670357477770337,0.8354835432479661,0.8080672112416737,0.8438951025545426,0.7057850154599562,0.7431680086124812,0.7772998714925403,0.8267117940706734,0.8354835350552604,0.8175744761936437,0.7981867849406659,0.8519528038477825,0.7981867729389246,0.8267117898012104
0.97702262799921,0.9603611654370414,0.9399133489844307,0.9579122674284875,0.9496693684708796,0.9465966752847802,0.9525741251394715,0.9579122686300084,0.9399133555065331,0.9626731131913228,0.9553191322715436,0.9724147189723512,0.9496693617046216,0.9496693679367013,0.9196425355825848,0.9433475754883878,0.943347569515675,0.9284087980793998,0.9399133550857524,0.949669368648939,0.9324533126145178
0.9950945952807826,0.924141814233309,0.9362850066369692,0.9324533022906133,0.9648551549887644,0.9724147149252496,0.9648551500621507,0.9603611601899656,0.9724147156747128,0.9755769097683707,0.9724147178731385,0.9626731154669946,0.9755769075493453,0.9770226290864075,0.9715639669551472,0.9783846677888324,0.9603611628844101,0.9706877704145972,0.9770226275810572,0.9724147157246771,0.9688561675543108
0.9924227572999469,0.9919380097304035,0.9890130575819261,0.9914225154733152,0.9919380071460229,0.9890130591707604,0.9875683493983609,0.9914225128043137,0.9914225158138701,0.9908743643540396,0.9914225146417273,0.9896718492418015,0.9875683515022066,0.9890130574402466,0.9875683492497197,0.9890130548292952,0.993307148137705,0.9867771764735207,0.9850429130500905,0.9867771751489659,0.9883127402723647
0.9924227587041257,0.968856169802441,0.9603611574955211,0.9496693706075925,0.962673116537899,0.9770226281664712,0.955319131476483,0.95791227058248,0.9465966754730989,0.9669140182743434,0.9706877664397555,0.9579122681794381,0.960361156361018,0.9648551562519986,0.9553191284552529,0.9525741258126561,0.9496693723881865,0.9399133502467731,0.9648551509464147,0.960361158630024,0.939913354875362
0.9966233871763528,0.9808759623057292,0.9808759634238114,0.9553191251159981,0.9669140247098943,0.9808759644370735,0.9626731156008578,0.970687767181726,0.9579122765900843,0.9740426405416754,0.9648551575152327,0.9706877711565675,0.9706877703615994,0.9465966696352197,0.9740426421428825,0.9688561713761321,0.9626731093092941,0.966914024948248,0.9669140200619966,0.957912274787803,0.9525741303566526
0.9937100963903736,0.9899864286659259,0.9937100967367279,0.992422759915711,0.9890130591505205,0.9937100980115451,0.9908743625687126,0.9924227600067551,0.9883127403584239,0.9916842211231519,0.9908743620971169,0.9919380086653707,0.9875683469857984,0.9908743646656297,0.9879462207055764,0.9875683485408151,0.9953904289102942,0.9890130552644539,0.9924227582979294,0.9928785718666806,0.9875683472602131
0.9896718482232155,0.8740772417253256,0.899121377945727,0.8354835391516132,0.8740772417253255,0.8670357683915537,0.8596637451167997,0.8807970795424087,0.8438951025545426,0.8740772253241803,0.8872045914803098,0.914900957313305,0.8519528019683105,0.8670357598021707,0.8807970873650401,0.8933094088947399,0.8670357718273068,0.8740772335247532,0.8740772368049822,0.8596637523076225,0.8267117898012104
0.9976768374455295,0.8670357460591569,0.8175744695262777,0.8080672089305841,0.8740772351648677,0.8438951005915208,0.8596637469145054,0.8519528057272543,0.7549149813536518,0.8354835309589074,0.8267118004748677,0.8175744717487329,0.8080672181749421,0.7310585903489891,0.7981867801399695,0.7879311956428947,0.7662936377487304,0.8596637505099168,0.7981867825403176,0.7879311881731379,0.8740772318846386
0.9859363706581387,0.9859363753199378,0.9890130559020118,0.9867771803499694,0.9875683481063251,0.9859363733699887,0.9883127438545776,0.9830850830474204,0.9770226309262801,0.983085085649199,0.9890130579968447,0.9830850836049445,0.9875683501072655,0.97966764509906,0.9883127424991458,0.980875965205755,0.9875683474431562,0.9783846694038807,0.9796676471025645,0.975576908037531,0.9648551530939131
0.9937100986751484,0.9241418163225626,0.9399133466701363,0.9399133433038895,0.9099070133672955,0.8933094039240554,0.9046505421702797,0.9241418225903234,0.9099069968764882,0.8596637433190939,0.8740772253241802,0.8596637505099167,0.9099070133672955,0.8670357512127872,0.8670357512127872,0.9046505370289059,0.8596637487122111,0.8807970779778825,0.8438950966654772,0.8519528057272543,0.8354835330070839
0.9830850837288387,0.9883127407241754,0.9808759629695906,0.9808759633539313,0.9875683515708102,0.9875683491010785,0.9859363740673216,0.984093607471798,0.9850429154787997,0.9883127445430508,0.988312739820554,0.9883127410684122,0.9867771800461725,0.9783846647556925,0.9890130591910004,0.9755769115435909,0.9770226325152608,0.9783846683797036,0.9859363721431995,0.9755769108778833,0.9808759648563543
0.9796676446909387,0.9883127432521635,0.9883127394332876,0.9902915248974329,0.9928785722025215,0.9908743607497,0.9937100974410791,0.9953904287201364,0.9902915255242087,0.9883127445538081,0.9875683473859865,0.9914225143328517,0.9883127426389919,0.9890130565699295,0.9890130569038884,0.9908743632087356,0.9867771769474439,0.9830850887465542,0.9896718476520459,0.9867771805687032,0.9840936086380656
0.9553191327485799,0.9883127396161634,0.991422514174454,0.9840936104749369,0.9875683465856103,0.9808759636334519,0.9796676461379142,0.9850429107174314,0.9820137879652491,0.9830850887465542,0.9770226282919171,0.9830850841624685,0.988312744112755,0.9840936081132452,0.9796676472138702,0.9830850890253161,0.9830850832952089,0.9840936119036143,0.9867771753069402,0.9820137942161259,0.9724147202214565
0.9950945934373372,0.9669140231605952,0.9525741293468758,0.9755769107891225,0.9669140230414182,0.9706877669167365,0.9688561721629776,0.9669140191085817,0.960361158630024,0.9496693718540083,0.9724147182728522,0.9706877666517472,0.9669140193469353,0.9626731098447462,0.9706877684006774,0.9553191302043862,0.9465966666221205,0.9669140205387041,0.9626731157347207,0.972414719621886,0.9399133557169235
0.9603611627425972,0.9196425394367775,0.949669363129097,0.9196425366837827,0.9433475746920261,0.9196425311777929,0.9553191251159983,0.9241418272911436,0.9362850115261095,0.9496693693611766,0.9465966722716813,0.9465966698235384,0.9465966718950439,0.936285003525698,0.9284088040219142,0.9525741229516211,0.9324533027598818,0.9196425311777929,0.9046505383142492,0.9284088050123332,0.9465966690702636
0.9755769095020878,0.9362850057480346,0.9362850044146327,0.9465966756614176,0.9399133468805266,0.9046505357435624,0.9284087936225136,0.9553191298863619,0.9241418262465169,0.9196425300765949,0.9465966700118571,0.96267311131724,0.9399133523506772,0.9399133565584851,0.9196425361331838,0.9465966673753953,0.9284087946129328,0.9284088035267047,0.9196425234694067,0.9241418283357703,0.9149009613738741
0.9706877722165252,0.9284087965937711,0.9324533069832973,0.9149009573133051,0.9284088040219143,0.9196425311777929,0.9099070139780661,0.9149009636941993,0.9099070072595894,0.8991213705121083,0.9149009613738742,0.9284087975841903,0.9241418178895028,0.9046505248181418,0.9149009526726545,0.9149009631141181,0.8933094017937621,0.8991213860551287,0.9465966690702635,0.9362850115261095,0.9324533097989076
0.9964063977128739,0.9783846668828295,0.9724147190223154,0.9433475804656482,0.9648551547361175,0.9808759638780323,0.9648551547361176,0.9783846677494409,0.9808759654503354,0.9755769080375309,0.9796676455813852,0.972414714825321,0.9830850868571678,0.9706877698316204,0.9755769126531035,0.9808759636683919,0.9820137914196813,0.9770226322225538,0.966914020538704,0.9783846669616124,0.9688561720505712
0.9808759643322532,0.8807970889295664,0.8519527944504227,0.7662936430859597,0.7981867849406659,0.8670357666736772,0.8519527982093666,0.8670357632379241,0.8519527963298946,0.87407724336544,0.8519527944504227,0.8354835411997897,0.8670357598021707,0.8267117876664789,0.8596637541053281,0.8519528057272543,0.8872045929715078,0.8807970795424087,0.9099070139780661,0.8438950966654774,0.7549149923816048
0.9867771782963024,0.8740772236840656,0.9046505370289059,0.867035771827307,0.8354835371034368,0.8740772417253255,0.8354835432479661,0.8872046049010911,0.8175744673038222,0.8354835330070839,0.8175744761936437,0.8933094167058151,0.8740772253241802,0.9046505318875316,0.8872045944627057,0.7772998560157665,0.8740772368049822,0.787931190663057,0.8670357632379241,0.8740772236840656,0.8438950986284991
0.9933071475711841,0.9496693624168593,0.943347577479292,0.9324533093296393,0.9241418231126367,0.9324533065140289,0.9433475721038506,0.9525741254760638,0.9525741311981335,0.962673111451103,0.9433475730993027,0.9099070109242131,0.9362850101927077,0.9433475780765632,0.9196425317283919,0.9196425328295899,0.9241418126663686,0.9046505325302034,0.9399133500363828,0.9324533036984186,0.9465966653038895
0.9961755162444814,0.8872045966995027,0.9046505376715775,0.8740772302445241,0.904650538956921,0.817574471748733,0.787931190663057,0.9099070072595894,0.8267117876664789,0.8519528057272543,0.8807970873650401,0.8740772286044095,0.8596637505099167,0.8080672181749422,0.8670357512127872,0.8991213799730774,0.8267117876664789,0.9099069987088003,0.8438951084436077,0.8354835330070839,0.8872045870067157
0.9859363734991244,0.9724147182728522,0.9196425366837827,0.9579122681794381,0.9579122735862823,0.936285003525698,0.9525741293468757,0.9603611611826557,0.9465966660571644,0.9465966692585823,0.9496693716759489,0.9525741268224333,0.9525741288419872,0.9465966715184067,0.9324533079218342,0.9324533121452494,0.9241418272911436,0.9149009549929797,0.9241418205010699,0.9196425251212037,0.928408801050657
0.991422516431621,0.982013793755535,0.9890130592112403,0.987568348986739,0.9875683478319104,0.9875683504731517,0.9933071476733436,0.9896718481280206,0.9875683478547783,0.9914225154970747,0.991938006900246,0.985936371161768,0.989013057632526,0.9896718496035424,0.9883127441988141,0.9883127430585303,0.9796676449877542,0.9859363736153467,0.9770226321389233,0.9796676444683271,0.9783846696402291
0.9940889315897707,0.9284088030314952,0.9196425245706047,0.9669140201811735,0.9196425240200057,0.9399133464597458,0.9603611617499073,0.9465966718950439,0.9362850075259039,0.9433475689184037,0.946596667563714,0.9399133464597458,0.9324533088603708,0.9284088015458666,0.9553191254340225,0.9149009602137116,0.9648551553677346,0.9284087941177233,0.936285003525698,0.9324533135530545,0.9399133435142799
0.9953904279723248,0.9820137932620449,0.9724147162243193,0.9603611651534157,0.9669140232797719,0.9770226308844647,0.9553191348157373,0.964855153093913,0.9706877698846182,0.9399133494052115,0.939913347090917,0.9284088005554475,0.9284088079835904,0.939913350667554,0.9399133468805266,0.9362850119705769,0.9284087951081423,0.9046505331728752,0.9099070054272775,0.9603611626007843,0.9399133544545811
0.9755769107003615,0.9603611608990299,0.9669140181551665,0.9669140182743435,0.9808759623756094,0.9740426406829585,0.9783846683403122,0.9648551549887644,0.9553191278192044,0.9796676487350494,0.9603611600481528,0.9648551544834707,0.9603611644443515,0.9648551527149427,0.9740426440737499,0.9525741288419873,0.9648551558730284,0.9399133494052115,0.9603611641607257,0.9706877725875104,0.9465966732132748
0.9902915253630379,0.9928785710962221,0.9908743620129034,0.9924227592749014,0.990291523661789,0.9947798736124408,0.9924227576256043,0.9933071494286299,0.9940889297838222,0.9914225154020362,0.9919380066917081,0.9937100989196338,0.9933071487135132,0.9966233880256931,0.9902915225335922,0.9944450762712274,0.9896718460908482,0.9914225132715869,0.9908743621476449,0.9890130580575645,0.9914225129627113
0.9688561682287499,0.8740772318846386,0.8670357718273068,0.8354835411997897,0.8596637523076225,0.8933094145755219,0.899121379297294,0.8991213732152424,0.8519527963298947,0.8991213745668095,0.8740772466456689,0.9196425361331837,0.8740772253241802,0.8740772368049823,0.8740772318846386,0.8872046011730965,0.8933094117351309,0.8175744695262777,0.8872045937171067,0.9046505280315008,0.8670357649558006
0.9724147193221007,0.9196425300765949,0.91964253282959,0.9284088069931713,0.9241418215456966,0.8670357615200475,0.9324533149608596,0.8872045870067157,0.8519528094861981,0.8933093975331751,0.8872046034098933,0.8519528038477824,0.867035771827307,0.8519528038477824,0.8740772400852111,0.8175744695262775,0.9149009549929797,0.9241418257242036,0.9324533112067127,0.9149009474519222,0.8438951005915208
0.9940889312012181,0.9783846686160522,0.9553191324305557,0.9626731154669946,0.972414718922387,0.9603611650116028,0.9706877707325845,0.9755769099902734,0.9465966702001758,0.949669361882681,0.9399133460389649,0.968856169128002,0.9579122761395139,0.9149009578933863,0.9362850030812306,0.9496693624168593,0.9399133483532595,0.9284087941177233,0.9399133487740403,0.9362849999699593,0.9496693640193942
0.9961755164218916,0.8438951005915208,0.8991213664574069,0.8670357546485408,0.8670357735451834,0.8596637559030338,0.914900948612085,0.8807970670261976,0.843895098628499,0.8807970779778824,0.9099070023734244,0.8807970701552505,0.8438950986284991,0.8740772253241802,0.8175744806385542,0.8354835309589074,0.8519528038477825,0.8807970670261976,0.8740772466456689,0.880797068590724,0.9099070072595894
0.990874362526606,0.9919380096559257,0.9928785704541734,0.9933071501065974,0.9928785725515326,0.9919380066395737,0.9928785714452332,0.9924227579057397,0.9908743623329148,0.9914225146100477,0.9924227592223761,0.9896718498891273,0.9908743613391949,0.9883127401755482,0.9875683500615298,0.9924227599017043,0.9908743610191834,0.9896718475663703,0.9850429116367736,0.9908743620213247,0.9902915247452159
0.9928785713662118,0.9196425328295899,0.8267118004748677,0.9046505280315008,0.8872046034098933,0.8175744761936437,0.7981867705385762,0.8872045922259088,0.8267118004748677,0.8596637505099168,0.8519528000888386,0.8596637523076225,0.7879311931529758,0.7879312056025699,0.8267117940706734,0.7662936484231889,0.8267117855317474,0.8807970811069351,0.8596637505099167,0.8596637469145054,0.8807970904940926
0.9867771760239011,0.9046505312448598,0.9149009520925732,0.8933094131553265,0.8596637505099168,0.9099070121457543,0.8596637469145054,0.8991213765941599,0.8740772400852111,0.8991213826762113,0.9324533022906133,0.8740772450055545,0.8933094138654242,0.87407724336544,0.914900948612085,0.874077222043951,0.9099070139780661,0.8933094081846421,0.9362849986365571,0.8933094096048376,0.9149009503523291
0.9944450758442183,0.9648551558730283,0.9603611603317785,0.9465966707651319,0.9525741276639141,0.9465966717067253,0.9525741241296944,0.9648551571362625,0.9433475790720153,0.9399133519298964,0.9433475685202227,0.9496693670464043,0.936285000858894,0.9724147178231742,0.9626731154669946,0.9284087926320944,0.9241418121440552,0.9579122698315294,0.949669369539236,0.9553191282962408,0.9362850013033612
0.9937100970627086,0.8596637469145053,0.8740772450055544,0.8596637523076225,0.808067204308405,0.7662936324115011,0.843895106480586,0.8267117898012104,0.8175744717487329,0.7879311981328134,0.7185943985973772,0.8175744695262777,0.7431680086124812,0.7310585669110202,0.679178692681616,0.7772998611746912,0.8080672112416737,0.7549149868676283,0.8670357460591569,0.6513548511303338,0.7879312031126512
0.9553191327485799,0.8933094081846421,0.9362850048590999,0.9362850053035673,0.9046505357435622,0.92414182363495,0.9046505261034854,0.9399133515091156,0.8740772384450967,0.9149009636941993,0.9496693713198301,0.914900957313305,0.9046505402422645,0.8807970701552505,0.9399133435142799,0.9241418168448761,0.9046505440982949,0.9046505383142494,0.9196425339307879,0.9324533051062237,0.8596637487122111
0.9953904285577544,0.982013788327142,0.9796676468799528,0.9706877693546395,0.968856170252067,0.9626731168056251,0.9740426405416756,0.943347578474744,0.9496693690050578,0.9648551538518535,0.9465966737782309,0.9324533097989076,0.9724147155248202,0.9433475754883879,0.9284088030314952,0.9525741303566527,0.9399133468805265,0.8740772417253256,0.9099070048165069,0.9324533036984185,0.9149009642742805
0.9944450755869838,0.9669140186318741,0.9579122690805788,0.9626731151992686,0.9525741261492485,0.9525741301883566,0.9740426411539017,0.9648551523359725,0.9579122693809591,0.9525741281688026,0.9553191344977131,0.9706877704675951,0.9525741224467326,0.9626731089077047,0.9603611647279772,0.9553191327485799,0.9626731099786092,0.9496693661561072,0.9648551527149428,0.9579122675786776,0.9783846671585695
0.9883127425959624,0.651354857898194,0.6513548714339145,0.5621765008857982,0.7057850340255386,0.6926419894793246,0.7185943925708561,0.6926419894793246,0.5312093733737563,0.46879062662624377,0.6224593241981982,0.5,0.6370307875894139,0.5,0.6370307806984445,0.6513548646660542,0.5312093733737562,0.5926665999540698,0.5467381519846138,0.5774953651858118,0.42250463481418826
0.9553191278192044,0.899121377945727,0.909906997487259,0.9099070115349837,0.9196425300765949,0.9099070090919014,0.8807970873650401,0.9284088025362857,0.8596637433190939,0.8933093954028816,0.8354835289107307,0.8872045877523147,0.8807970811069351,0.8872045832787205,0.8872045944627058,0.8519527944504227,0.8807970732843033,0.8991213820004279,0.8807970889295664,0.8519528076067262,0.8740772269642948
0.9896718462717187,0.9046505440982949,0.899121386730912,0.9149009532527358,0.8872045974451017,0.8933094074745445,0.9099070035949656,0.8596637541053281,0.9046505267461572,0.9149009613738741,0.8991213772699435,0.9284088025362857,0.8807970904940926,0.9099069999303417,0.9362850110816422,0.904650536386234,0.8933093982432729,0.8872046049010912,0.8872045929715079,0.8740772335247532,0.8991213874066956
0.9796676485495398,0.9149009619539553,0.9284087941177233,0.9362850017478287,0.8807970748488297,0.9099070090919013,0.9284087946129327,0.9284087936225136,0.9241418184118163,0.9324533093296392,0.9362850039701653,0.9465966654922082,0.9465966688819448,0.9196425306271939,0.9046505370289057,0.9362850017478286,0.8991213745668094,0.9433475790720153,0.94659667246,0.8991213705121083,0.9149009567332237
0.9914225139764569,0.9284087995650285,0.9046505267461572,0.9362850079703713,0.928408800060238,0.939913344566232,0.9433475766829303,0.9399133523506772,0.9433475705111272,0.9046505421702797,0.9362850017478287,0.9284087956033519,0.9149009462917594,0.9284088050123334,0.9196425284247979,0.9465966730249561,0.8872045989362997,0.9046505376715774,0.946596667563714,0.9149009515124917,0.9099070097026719
0.9928785724856815,0.9626731146638163,0.979667646805749,0.9740426436028067,0.9808759629346504,0.9830850864854851,0.9859363755394686,0.9859363699995465,0.9808759652057549,0.9840936085505955,0.9859363718591009,0.9883127441557845,0.9850429104567225,0.9850429137498881,0.9783846685766607,0.9830850869810619,0.9850429107997606,0.985042916727458,0.9830850896447871,0.9648551508200913,0.9820137860570861
0.995929863063679,0.8991213691605412,0.8933094096048377,0.9099070121457543,0.9284087931273041,0.9324533107374444,0.9241418184118163,0.9149009636941993,0.8740772335247532,0.8991213860551287,0.9196425267730008,0.9099070084811307,0.9196425355825848,0.8807970904940926,0.89912137659416,0.8596637451167997,0.8933094025038598,0.8354835350552604,0.8807970904940926,0.8807970670261976,0.8519528000888386
0.96691402411401,0.9099070121457543,0.8933094159957173,0.909907001151883,0.9465966692585823,0.8991213799730774,0.9284087965937712,0.9496693649096913,0.9149009532527358,0.8991213860551286,0.9149009538328171,0.9046505344582187,0.899121386730912,0.9046505402422645,0.9046505357435622,0.9046505338155469,0.8872045817875224,0.8933094010836643,0.9149009596336303,0.90990700787036,0.880797071719777
0.9956684982344871,0.9603611580627726,0.966914022326357,0.9553191262290831,0.9603611628844101,0.9579122737364724,0.9433475768820208,0.9433475764838399,0.9241418121440552,0.9603611582045855,0.9648551509464147,0.946596669446901,0.9399133531922388,0.9553191322715436,0.939913352771458,0.9496693682928202,0.914900959053549,0.9433475738956645,0.9465966641739774,0.9399133447766225,0.9196425311777929
0.9496693620607405,0.8991213671331906,0.904650541527608,0.8991213820004279,0.909906999319571,0.919642532278991,0.880797076413356,0.8740772286044095,0.8807970904940926,0.8670357718273068,0.8354835371034368,0.8596637505099168,0.8519528076067262,0.8991213718636752,0.8872045884979137,0.9149009613738741,0.8670357477770337,0.8740772236840656,0.8991213671331905,0.9196425350319858,0.880797085800514
0.9465966662454831,0.9579122734360922,0.9648551553677346,0.9496693670464043,0.95257412564436,0.9648551538518536,0.9648551575152328,0.957912274637613,0.9626731086399786,0.9284088060027523,0.9496693645535724,0.939913350667554,0.9433475766829303,0.9688561683411564,0.9324533060447605,0.9284088045171238,0.9553191308404346,0.952574127663914,0.9465966735899122,0.9553191316354952,0.9579122759893238
0.9933071502892462,0.7772998663336158,0.7879312006227324,0.7185943985973772,0.7185943985973772,0.6076631627277604,0.679178692681616,0.6370307944803831,0.6791787121629466,0.6224593312018546,0.6513548646660542,0.7772998560157665,0.5,0.5,0.5156199157230157,0.5467381519846138,0.5467381519846138,0.6926419704455589,0.6654105521116443,0.6076631627277603,0.5621765008857981
0.9908743628550387,0.9553191247979739,0.9648551546097941,0.9579122680292479,0.9496693668683449,0.9525741258126562,0.9724147164241762,0.9579122758391337,0.9525741224467326,0.9740426408242415,0.979667648920559,0.962673116537899,0.9525741274956179,0.9626731122542813,0.9496693723881865,0.9324533158993963,0.9579122693809591,0.9648551572625859,0.9626731125220075,0.9433475742938454,0.9626731106479247
0.9966233879536089,0.9433475689184037,0.9579122678790578,0.9324533018213449,0.9399133477220882,0.9399133515091156,0.9284087965937711,0.9579122681794381,0.9399133500363828,0.9579122716338109,0.9496693622387998,0.9433475746920262,0.9046505434556232,0.9196425328295899,0.9433475786738345,0.9324533112067127,0.9099070133672954,0.9241418126663686,0.8991213840277783,0.8933094124452287,0.8872045840243196
0.9850429106488239,0.9755769103896978,0.9626731126558705,0.9669140253057785,0.9496693702514737,0.9525741280005064,0.9626731087738416,0.9496693657999883,0.936285006192502,0.955319124797974,0.9465966654922083,0.9324533055754922,0.9496693638413348,0.8933094067644466,0.962673113726775,0.8991213705121083,0.9284088030314952,0.817574471748733,0.9284087980793997,0.9241418257242034,0.8807970795424087
0.9626731157347207,0.9553191295683376,0.946596669446901,0.9603611580627726,0.9706877687186648,0.962673116671762,0.9688561709265061,0.9840936097460198,0.9755769113660689,0.9724147199716354,0.9755769086144775,0.9688561717133516,0.9669140183935203,0.9603611631680359,0.9648551538518536,0.9783846654647381,0.9783846675130924,0.9850429152180907,0.9808759625852498,0.988668246698185,0.9669140217304727
0.9850429112114063,0.992878572258495,0.9908743614486725,0.989013059555319,0.9830850863615909,0.9919380097006124,0.9859363721044588,0.9875683467228176,0.9875683477404388,0.9902915216381979,0.9928785709118388,0.9883127404875127,0.9867771756958005,0.985936372763051,0.9850429139008248,0.9808759616069277,0.985042915327863,0.9859363732795938,0.974042643226052,0.9706877667577429,0.9796676454700793
0.9706877715275528,0.8991213820004279,0.8670357563664174,0.8519528038477825,0.8596637559030338,0.8267117940706734,0.8519527963298946,0.8438950966654772,0.8354835432479661,0.8354835452961425,0.8438951045175643,0.8596637541053281,0.8933093989533707,0.8175744673038222,0.8670357563664174,0.9046505453836383,0.8740772318846386,0.8872046011730965,0.8740772236840656,0.8807970654616711,0.8354835309589074
0.9902915245034595,0.8933094124452287,0.8670357632379241,0.9362850084148385,0.8740772400852111,0.8872045974451017,0.9324533018213449,0.9149009468718409,0.8670357632379241,0.9196425267730008,0.919642530076595,0.8807970873650401,0.8740772466456689,0.8807970748488297,0.8596637577007393,0.9099070127565249,0.8740772269642949,0.8872045884979138,0.8740772450055545,0.8670357598021707,0.9149009584734676
0.9961755167119575,0.9859363757719128,0.9626731119865553,0.9755769087919997,0.9626731145299533,0.96036115990634,0.9525741253077677,0.9603611648697901,0.9433475770811112,0.9433475802665577,0.9648551567572923,0.9688561719381646,0.943347577479292,0.9241418215456966,0.9465966750964616,0.9553191306814225,0.9399133435142799,0.9496693711417707,0.9496693629510375,0.9241418168448761,0.9324533135530545
0.9626731110495138,0.9241418137109955,0.9099069980980297,0.8438951045175643,0.8670357683915538,0.8933093946927837,0.8933094103149355,0.9241418246795768,0.8933093989533708,0.9241418225903234,0.8991213799730774,0.8807970732843033,0.9046505351008904,0.9284088074883808,0.9284087931273041,0.8354835411997897,0.9324533126145178,0.9241418283357702,0.8175744739711883,0.8807970904940926,0.8519528000888386
0.9933071487413749,0.9046505383142494,0.8872046041554923,0.8596637469145054,0.7981867705385762,0.8740772351648677,0.7981867705385762,0.8354835309589073,0.7772998714925403,0.8267117898012104,0.8080672227971211,0.8670357563664174,0.8354835289107307,0.8175744828610095,0.7772998611746912,0.8267117855317474,0.8267117898012105,0.7772998560157665,0.8354835330070838,0.8438950966654774,0.8596637469145054
0.9908743643035115,0.8080672089305841,0.8267117898012105,0.7981867729389246,0.8080672066194946,0.8080672158638527,0.7772998560157665,0.798186784940666,0.8175744739711883,0.7662936430859597,0.7772998611746912,0.8175744739711883,0.8267117898012104,0.8080672135527632,0.7981867777396212,0.7772998508568416,0.7879311906630568,0.5926665999540698,0.7549149868676284,0.8438951025545426,0.8354835371034368
0.9867771805079438,0.9940889299261091,0.9890130582397237,0.9840936115537342,0.9867771790861743,0.9859363759010484,0.9908743647414219,0.9924227601048025,0.9890130567116091,0.9875683463797992,0.9896718495749839,0.9867771768380771,0.9890130580373245,0.9896718487848658,0.9875683468142892,0.9924227604829851,0.9850429105253301,0.9867771765099762,0.9859363749196172,0.9706877696196289,0.9840936059848067
0.9950945934691598,0.9947798752325819,0.986777175938838,0.9770226327243372,0.9755769086144777,0.9755769094133266,0.9883127435210983,0.9850429117739888,0.9808759617816281,0.9808759627948901,0.978384668222138,0.9783846668828294,0.9740426438382783,0.9755769082594334,0.9770226299227132,0.9875683490324747,0.9820137926040579,0.9783846655829125,0.9755769113660689,0.9669140204195272,0.9740426401649208
0.9783846648738667,0.9770226323898149,0.9783846662525667,0.9688561709265061,0.9808759621310288,0.9840936109414439,0.9840936109706006,0.9808759639479125,0.9783846660556096,0.9669140251866016,0.9755769103896978,0.9770226305917578,0.9902915216561059,0.9859363705677436,0.9859363699349786,0.9669140226838876,0.9783846655041296,0.9859363742868523,0.986777179523642,0.9830850855562785,0.9770226309680954
0.9964063978846148,0.9755769109222638,0.9770226277483183,0.9755769092358048,0.9553191322715436,0.9830850845651247,0.9850429106076593,0.9648551561256751,0.9648551503147975,0.9783846674737009,0.9783846672767438,0.9840936102125266,0.9603611641607258,0.9724147171736394,0.9496693702514737,0.9740426455336738,0.96036116089903,0.9648551575152327,0.9579122701319096,0.9783846669222209,0.9433475691174941
0.9867771808117407,0.9896718485278394,0.9859363710972001,0.985936372943841,0.9830850861757496,0.9796676486979474,0.9783846666070896,0.9755769092801853,0.9706877659097766,0.9796676478075012,0.972414719871707,0.9740426458162397,0.9783846654253467,0.9808759636683919,0.9830850842863628,0.9783846688917921,0.9820137920447689,0.983085087043009,0.9648551534728833,0.9688561714885386,0.9525741251394715
0.9959298616498731,0.9525741224467326,0.955319131476483,0.9553191322715436,0.9688561675543109,0.9525741298517643,0.9603611566446438,0.9465966651155708,0.9284087980793998,0.9433475780765632,0.9284088030314952,0.9525741269907294,0.9324533116759811,0.9241418173671895,0.9149009613738741,0.9362850101927077,0.9149009474519223,0.9196425322789908,0.8933094145755219,0.9149009491921664,0.9099069962657176
0.975576908392575,0.8807970858005139,0.8670357598021707,0.8872045952083047,0.899121373891026,0.8991213867309121,0.899121375242593,0.8519528057272544,0.8596637469145054,0.9324533046369553,0.9149009619539553,0.8991213799730774,0.8670357683915538,0.8670357477770336,0.7879311881731379,0.8080672135527632,0.7772998508568416,0.8670357460591569,0.8267117962054049,0.8670357460591569,0.8740772236840656
0.9850429160688251,0.990291524870571,0.9770226293791145,0.9859363739123588,0.9724147156247486,0.9669140229222414,0.9770226304244967,0.9706877715805506,0.9755769112773078,0.9740426453923909,0.9740426428022031,0.9740426409184301,0.9770226305917578,0.9706877694076373,0.9770226278319488,0.9688561716009452,0.9648551568836157,0.9553191313174709,0.9688561665426523,0.9706877716335486,0.9688561722753841
0.9724147185726375,0.9706877691956458,0.9820137878994504,0.9755769101677952,0.9808759649262344,0.9796676466573413,0.9830850894899194,0.9808759634238114,0.986777176230483,0.977022629880898,0.9808759617466879,0.9808759624804295,0.9783846663313496,0.9688561701396606,0.9688561718257582,0.9688561691280021,0.9669140212537654,0.978384667394918,0.95791227058248,0.9740426437911839,0.9579122750881832
0.9950945934373372,0.9433475729002123,0.9149009532527358,0.8991213745668094,0.9196425372343816,0.9324533126145178,0.9362850079703712,0.9241418252018903,0.8933093982432729,0.9465966643622961,0.9626731168056251,0.8991213705121083,0.9196425245706047,0.9046505254608135,0.9284087995650284,0.9284088040219143,0.9284087960985615,0.8991213705121083,0.928408795603352,0.8991213874066954,0.9149009491921662
0.9859363718461874,0.968856168903189,0.9648551537255301,0.9196425229188077,0.955319124956986,0.9465966760380549,0.924141814233309,0.9603611647279772,0.9362850048591,0.9706877685596712,0.9553191271831558,0.9465966722716813,0.9362850030812306,0.9648551518306788,0.9465966651155708,0.9465966758497363,0.9433475788729249,0.9465966668104392,0.9553191322715435,0.914900950352329,0.9284088060027523
0.9830850850916751,0.9940889318743443,0.9896718472331879,0.989671846966642,0.9896718486896708,0.9890130590088411,0.9902915249153408,0.9867771754770666,0.9820137876033561,0.9867771761089642,0.9820137877020542,0.990874361103397,0.9896718459004583,0.9850429138733817,0.9890130565092098,0.993307150567863,0.9883127401325186,0.9859363728792732,0.9875683485408151,0.9908743605391661,0.9896718464145111
0.9820137858925894,0.8670357529306639,0.8933093982432729,0.8740772236840656,0.808067204308405,0.8872045914803097,0.914900957313305,0.8670357683915538,0.880797071719777,0.8080672135527631,0.8991213806488609,0.8267117898012104,0.8175744695262775,0.7879311906630568,0.8519528000888387,0.8438951104066293,0.8519528038477824,0.9284088074883808,0.8807970842359876,0.904650538956921,0.8872045989362995
0.9433475778774728,0.808067204308405,0.8519528019683105,0.7772998508568417,0.7981867801399695,0.7185943985973773,0.7310585903489891,0.7662936430859597,0.7772998663336157,0.718594386544335,0.6791786926816161,0.7879312031126512,0.7310585727705127,0.6791787056691698,0.7549149813536518,0.7772998508568417,0.6926419767901475,0.8354835371034368,0.7549149923816048,0.7431680199891789,0.787931188173138
0.9953904271497318,0.979667647362278,0.9648551514517085,0.9850429161785972,0.9755769098127512,0.9433475738956645,0.9706877661747662,0.9740426405887698,0.955319130045374,0.9820137878665509,0.9740426436028067,0.9724147165241045,0.9626731101124724,0.9755769108335028,0.9626731131913228,0.9808759636683919,0.9648551544834707,0.9648551523359725,0.960361163026223,0.9465966686936261,0.9433475800674673
0.9914225127726342,0.9740426441679385,0.9796676463234238,0.9850429150259896,0.9579122695311492,0.9740426411539017,0.9808759630394707,0.9579122738866626,0.9553191295683378,0.9525741253077676,0.9648551553677346,0.9724147199216712,0.9706877696196289,0.9496693654438696,0.9525741274956179,0.9399133477220883,0.9603611616080944,0.9688561701396605,0.9648551558730283,0.9553191254340224,0.9465966645506148
0.9648551501884741,0.9196425361331837,0.914900959053549,0.8933094003735664,0.9149009584734676,0.914900950352329,0.9099070017626537,0.8872045870067157,0.8438950986284991,0.8519527963298946,0.8596637523076225,0.8519527982093668,0.8438950966654772,0.8080672066194945,0.8080672089305841,0.8740772450055545,0.8354835411997898,0.8519528076067262,0.8267117919359419,0.8991213813246445,0.8933094145755219
0.995390428895338,0.9465966711417693,0.9465966730249561,0.9669140254249553,0.9496693704295331,0.939913354875362,0.9433475701129463,0.9241418262465169,0.9525741286736911,0.9324533018213449,0.9433475729002123,0.9465966737782308,0.9465966730249561,0.9241418163225626,0.9399133451974033,0.936285003525698,0.9399133481428691,0.8519527963298947,0.9433475778774728,0.943347570909308,0.9496693691831173
0.996623387131692,0.9241418147556224,0.9433475713074889,0.9496693670464044,0.9648551565046454,0.9603611570700824,0.9324533074525657,0.9740426441208442,0.9626731122542814,0.9465966651155708,0.9525741285053949,0.9433475730993028,0.9525741290102834,0.9706877689306563,0.9433475752892975,0.9433475792711057,0.9553191346567252,0.9603611565028308,0.9648551517043553,0.966914024948248,0.9688561658682131
0.9808759647515342,0.817574478416099,0.8519527963298947,0.817574471748733,0.8438951005915208,0.8267117962054048,0.8175744739711883,0.817574478416099,0.8267117876664789,0.7549149978955811,0.7981867729389246,0.6076631698328917,0.7549149813536518,0.7431680029241321,0.7057850340255386,0.7549149813536518,0.6791786861878392,0.8354835309589074,0.743167997235783,0.7057850216484838,0.7772998560157665
0.9950945946056862,0.9740426400707322,0.9796676471025644,0.9783846694826634,0.9465966666221205,0.962673111584966,0.9669140238756563,0.9724147152250349,0.952574131703022,0.9770226327243372,0.9553191255930346,0.9755769123424399,0.9465966656805269,0.949669366512226,0.9648551498095038,0.9553191302043862,0.9724147175233889,0.9496693695392361,0.9688561669922783,0.9496693622387999,0.9648551518306787
0.9914225154099561,0.9956684975697477,0.9940889312641527,0.991938007004515,0.9919380093207756,0.9859363749067037,0.9883127446075951,0.9902915256674718,0.9830850870739826,0.9902915216023822,0.9908743636129606,0.9850429137773311,0.9908743630655725,0.9902915247720777,0.9875683513078295,0.9935117291636276,0.9893474876290962,0.9911526430141954,0.9916842200018324,0.9902915239035455,0.9933071475464181
0.939913355927314,0.7549149923816048,0.8596637451167997,0.817574471748733,0.7185943925708561,0.7981867705385763,0.7981867777396212,0.8438951064805861,0.8807970826714614,0.9046505434556231,0.8175744673038222,0.8175744739711883,0.743168019989179,0.7981867681382279,0.7662936377487305,0.7431680199891789,0.7772998663336158,0.8740772335247532,0.8519527963298946,0.7662936377487304,0.8175744739711883
0.9947798742967692,0.9196425240200057,0.8740772269642949,0.9433475687193132,0.924141814233309,0.9099070109242131,0.9241418173671894,0.9324533158993962,0.9149009555730611,0.9241418231126367,0.9399133473013075,0.9324533126145178,0.8740772335247532,0.8991213847035617,0.8933094060543488,0.9241418163225626,0.9284087970889806,0.9362850101927077,0.9196425300765949,0.9399133483532595,0.9196425289753969
0.975576912697484,0.9883127415094654,0.9830850834500767,0.9840936117869876,0.9883127403369091,0.9796676459524045,0.988312743456554,0.9808759616768079,0.9850429131598626,0.983085084131495,0.9875683493068893,0.9796676486979474,0.968856170252067,0.9820137920447689,0.9820137922092657,0.9755769102121759,0.9783846651496068,0.9840936082298719,0.9669140189894047,0.9496693645535724,0.9648551542308239
0.9796676469170548,0.9883127424023291,0.989671848289852,0.9883127404659978,0.9928785703191784,0.9896718465001866,0.9902915247899856,0.9850429157943946,0.9883127416923411,0.9908743609433912,0.9859363751004072,0.9902915251212814,0.9867771799003501,0.9840936052850461,0.9867771788309849,0.990874363789809,0.988312740143276,0.985936370529003,0.9867771812127526,0.9830850887155806,0.9840936067720374
0.9944450748898784,0.7662936484231889,0.8267117983401363,0.7310585727705126,0.7057850402140659,0.7549149813536518,0.7431680086124811,0.7879311906630568,0.6926419767901475,0.8596637559030338,0.6926419704455589,0.7185944046238981,0.6791786861878392,0.718594386544335,0.798186784940666,0.8080672204860316,0.8175744695262777,0.8175744695262777,0.718594386544335,0.7431680029241321,0.7310585903489891
0.9896718451960154,0.8872045862611166,0.8354835309589074,0.8438951084436077,0.874077222043951,0.8670357580842941,0.8670357477770336,0.8175744806385542,0.8519527963298946,0.8438951045175643,0.8438951025545426,0.8670357512127872,0.8438950947024555,0.8080672135527632,0.8670357632379241,0.8080672066194946,0.7981867777396211,0.8438951104066293,0.8438951025545426,0.8519528000888387,0.8670357598021707
0.9924227590507932,0.9688561667674652,0.9603611600481528,0.9433475806647384,0.9362850084148385,0.9525741251394714,0.9433475808638289,0.9496693720320677,0.9324533088603709,0.9465966653038895,0.9284088079835903,0.924141813188682,0.9433475719047602,0.9284087941177233,0.914900950352329,0.9196425229188077,0.8872046049010912,0.9284088055075428,0.8991213759183764,0.899121375242593,0.9399133439350607
0.9830850876315065,0.9940889300273517,0.9867771797545276,0.9808759618165681,0.9820137904656,0.9850429149573819,0.9875683470201002,0.9820137917815741,0.9883127415417375,0.980875964751534,0.9770226310517259,0.9706877660687703,0.9706877715805506,0.9755769076824868,0.9796676466573412,0.9688561662054326,0.9796676456926909,0.9820137897089148,0.970687770520593,0.9648551573889093,0.9648551576415562
0.9928785709414718,0.9669140194661122,0.9648551575152327,0.9648551508200912,0.9740426415306565,0.9648551529675896,0.9706877680296923,0.9755769074605843,0.9840936101250566,0.9820137931304475,0.9783846657798696,0.980875964157553,0.9820137903669021,0.9820137902353046,0.9755769088807607,0.9875683469972324,0.9808759649961146,0.9840936048476956,0.9820137879981484,0.9867771812735119,0.9808759646117738
0.9883127402723647,0.972414715025178,0.9603611631680358,0.964855153978177,0.9553191287732771,0.952574121941844,0.9669140217304728,0.9603611563610179,0.9496693633071565,0.9241418163225626,0.9241418189341297,0.9465966645506146,0.909907012756525,0.9284087965937711,0.932453304167687,0.8933094039240554,0.9241418152779358,0.9284088040219143,0.9099070103134425,0.9149009561531425,0.9099070121457543
0.9928785727095754,0.9783846690099663,0.98087596272501,0.983085084750966,0.9688561717133516,0.9796676485866417,0.9724147153749275,0.9875683474431562,0.9770226290027769,0.9740426443092215,0.9808759649262345,0.9724147184227449,0.9796676468428509,0.9688561721629776,0.9669140186318741,0.9579122716338108,0.962673116671762,0.9740426414364677,0.9867771767287101,0.974042641483562,0.9669140189894048
0.9944450742647987,0.9399133523506772,0.9496693645535724,0.9603611637352872,0.9553191254340224,0.9648551501884741,0.9284087936225136,0.9433475703120368,0.9362850030812306,0.9324533079218341,0.9149009486120849,0.9046505261034854,0.9362850101927077,0.9046505428129514,0.955319134338701,0.8991213833519949,0.9196425229188075,0.9196425289753969,0.9099070109242131,0.9099070103134425,0.9241418257242036
0.9979492560460069,0.9940889302161554,0.9919380075407556,0.9914225161623451,0.9924227577516653,0.9840936094252962,0.9883127423270274,0.9867771791833894,0.9820137911564863,0.9796676481043166,0.982013786682174,0.9867771811398414,0.9820137940516293,0.972414717073711,0.9859363724402117,0.972414718922387,0.9820137884587394,0.9830850905120464,0.9830850836978652,0.9755769076381063,0.9883127414126488
0.9970189677365575,0.9914225159009888,0.9840936061014335,0.9724147192221722,0.988312742423844,0.985936371613743,0.9890130550721745,0.9783846658192611,0.9770226318462163,0.9755769116767325,0.985042912830546,0.9783846659768267,0.9808759611527067,0.9648551552414112,0.9755769097683707,0.9648551534728833,0.97068777184554,0.972414715724677,0.9796676488463553,0.9755769103453173,0.9808759626201898
0.9940889318059372,0.9579122737364724,0.9553191271831559,0.9362850039701653,0.9241418147556223,0.8933094017937621,0.9362850101927078,0.8740772318846386,0.899121375242593,0.9099070115349837,0.8596637541053281,0.8933094032139577,0.8740772384450968,0.9046505299595162,0.8991213833519949,0.874077222043951,0.87407724336544,0.8740772302445241,0.8933094053442511,0.8807970873650403,0.8740772236840656
0.970687766651747,0.9688561727250101,0.9579122744874229,0.9553191254340224,0.9648551556203815,0.9669140230414183,0.9648551544834707,0.9626731103801984,0.9362850021922959,0.9553191321125315,0.9626731089077047,0.9669140239948332,0.946596666998758,0.9626731143960903,0.9626731095770201,0.9648551544834707,0.9553191333846284,0.9648551506937678,0.9465966703884945,0.9603611604735913,0.9399133515091156
0.9981897893913516,0.9953904276454242,0.9956684971921917,0.9933071476516734,0.9944450760191377,0.9914225139289375,0.9896718495273864,0.9928785697133476,0.9928785707505035,0.9921841124023777,0.9928785702467421,0.9896718470808759,0.9883127420473351,0.9914225155287543,0.9933071491871619,0.9919380070268584,0.9947798748045745,0.992878570292838,0.9939024378807989,0.9914225162336241,0.9940889315158911
0.987568349604172,0.9796676458039968,0.9783846694038807,0.9796676452845696,0.9840936077342082,0.9706877703615993,0.9850429149024958,0.974042642048694,0.955319124797974,0.9840936052267326,0.9820137903669021,0.9808759625852497,0.9796676482156224,0.9770226291700381,0.9688561673294979,0.9603611584882112,0.9808759630045305,0.972414717073711,0.9669140244715405,0.985042910813482,0.9688561701396606
0.9902915231514142,0.9433475782756536,0.9648551510727382,0.9525741305249489,0.9648551548624409,0.962673113860638,0.9496693709637113,0.9579122677288677,0.955319130045374,0.9669140199428197,0.9648551566309688,0.9603611590554627,0.9525741214369554,0.9706877697256246,0.949669364375513,0.952574131703022,0.9433475770811112,0.9284087995650284,0.9465966675637141,0.9496693691831172,0.9553191262290831
0.9840936108831304,0.9820137896760156,0.9808759646117738,0.9688561690155956,0.9770226286264394,0.9770226289191464,0.9770226302154202,0.9808759654852756,0.9740426457691455,0.9740426450627306,0.9669140203003503,0.9820137886232361,0.9820137887877329,0.9626731162701729,0.9706877660157723,0.9755769100790342,0.9648551506937679,0.974042644544693,0.9669140239948331,0.9706877680826902,0.9525741301883566
0.9783846649526495,0.9914225146734068,0.9875683512392259,0.9850429100862412,0.988312742477631,0.9902915233931708,0.9859363724014709,0.9908743608675991,0.9859363748163087,0.9883127407456902,0.9808759628997104,0.9890130572682072,0.989013058715362,0.9820137873401612,0.9820137925711585,0.9820137936239377,0.9859363736153467,0.9840936054891428,0.9840936111455406,0.9688561664302456,0.9859363718849281
0.9940889315186272,0.949669366512226,0.9362850048591,0.9433475764838399,0.9525741281688026,0.9284088035267047,0.9553191338616647,0.9284088030314952,0.9241418246795768,0.9284087970889806,0.928408800060238,0.9465966722716813,0.87407724336544,0.9099070103134425,0.8740772286044095,0.914900963114118,0.9241418189341296,0.8872045937171068,0.8740772400852111,0.9241418116217418,0.8872045899891118
0.9896718483184105,0.9850429151357617,0.9796676463234238,0.982013787142765,0.9783846687736178,0.9850429146829515,0.9740426415306563,0.9830850881580568,0.9770226280828407,0.9840936062763735,0.9867771807752851,0.9883127402400924,0.9796676466573413,0.983085087321771,0.9783846663313496,0.9859363697154477,0.9867771772876964,0.9840936086089088,0.9820137905971974,0.9724147156247486,0.9830850894899194
0.9740426423312599,0.9284087970889807,0.9196425394367775,0.9099070011518829,0.8872045914803097,0.8807970670261976,0.9149009480320036,0.8872045847699186,0.9099070109242131,0.874077222043951,0.8807970842359877,0.8933094003735664,0.8596637559030338,0.9046505325302034,0.9284087965937711,0.8596637505099168,0.843895106480586,0.867035758084294,0.8438951025545426,0.9149009544128984,0.8872046034098933
0.996406396644078,0.9783846668040467,0.9770226320971079,0.9669140187510509,0.9796676468057489,0.966914019704466,0.9688561726126036,0.9783846654647382,0.9706877668637387,0.9724147181729237,0.9755769097239902,0.9740426411068074,0.9783846679857894,0.9724147165740689,0.9603611601899656,0.9553191329075921,0.9553191255930346,0.9579122707326702,0.9626731161363098,0.966914021492119,0.9496693617046216
0.9975273768864361,0.9553191316354951,0.9553191292503135,0.9796676453587736,0.9603611566446437,0.9553191251159981,0.9648551500621506,0.9362850101927077,0.9553191292503134,0.9603611640189129,0.9196425372343816,0.9465966653038895,0.9149009602137115,0.9149009544128984,0.8991213867309121,0.8991213874066956,0.8933094138654242,0.9196425355825848,0.9284088055075428,0.9553191262290831,0.9399133561377043
0.9940889305144105,0.9937100982793149,0.9937100976710118,0.9928785697265179,0.9875683462425918,0.9919380103336739,0.9896718452245739,0.9890130587254821,0.9933071501065973,0.9933071484441836,0.9933071500168208,0.9950945941965367,0.9944450741619049,0.9924227599647347,0.993710099254346,0.9959298632184614,0.9937100965097058,0.9959298628428309,0.9953904279210462,0.9924227595655418,0.9956684979874691
0.985042910497887,0.9840936106790337,0.9808759648214143,0.9603611628844101,0.9830850856182256,0.9724147169238183,0.9783846658586525,0.9850429113349001,0.977022631804401,0.9755769113216884,0.9579122675786775,0.9688561685659695,0.9706877706265887,0.9626731146638163,0.9755769089695217,0.9770226325570761,0.9706877713685591,0.9724147194220291,0.9740426411539017,0.9648551515780319,0.9724147192221723
0.995929862440774,0.9947798747828115,0.9944450764127062,0.9919380070119628,0.9902915218799544,0.9890130596059189,0.9867771754406109,0.9867771784664287,0.9875683496956434,0.986777177737316,0.9820137905971975,0.9890130593933997,0.9840936080840885,0.9875683472487792,0.9883127410253825,0.9820137941832267,0.9830850853394636,0.990874361979218,0.9908743627539824,0.9899864308817208,0.987568348575117
0.9850429164255845,0.9840936109414439,0.9883127423592997,0.9740426423312598,0.977022631511694,0.9883127444892638,0.9755769096796097,0.9740426438853725,0.9740426412480904,0.9808759637732122,0.9706877691956458,0.9706877690366521,0.9796676443199193,0.9648551541045004,0.9808759643322533,0.9688561707016932,0.9830850861757495,0.9808759654153955,0.9724147174234604,0.9706877702556035,0.9648551558730283
0.9978172839207766,0.9937100978747496,0.9944450742493647,0.9875683507246985,0.9875683485636829,0.9867771781747836,0.9830850905120464,0.9859363752811972,0.9840936077050515,0.975576912431201,0.9902915215038888,0.9867771800461725,0.9770226306335731,0.978384667394918,0.9808759635635718,0.978384665819261,0.9830850888085014,0.9783846653465639,0.9840936045852853,0.9796676461379142,0.9740426417190337
0.9706877668107408,0.9603611641607258,0.9579122741870427,0.957912271934191,0.949669364375513,0.9724147186226016,0.9603611621753457,0.9579122672782973,0.9603611650116028,0.9496693636632753,0.9579122699817196,0.9399133563480946,0.9648551573889093,0.9433475727011219,0.952574131703022,0.9196425273235999,0.9579122698315294,0.928408800060238,0.94659667246,0.9688561712637256,0.9648551567572922
0.9830850899854962,0.9796676469541566,0.9740426426609201,0.9740426436969953,0.9755769082594336,0.9579122693809591,0.9706877725345124,0.9706877710505718,0.960361158630024,0.966914024948248,0.9724147162243193,0.9626731133251858,0.962673109443157,0.9669140199428198,0.9465966730249561,0.9669140233989488,0.9496693679367013,0.9688561717133517,0.9648551532202365,0.9579122708828602,0.960361158630024
0.9950945938533058,0.8807970732843033,0.8519527963298946,0.8519528000888387,0.8519528057272543,0.8519527982093666,0.8080672158638527,0.798186775339273,0.8080672112416736,0.7549149923816048,0.8175744761936437,0.8267118026095991,0.8670357529306639,0.8267118026095992,0.7772998611746912,0.7981867705385762,0.7549149923816048,0.8670357563664174,0.8872045899891118,0.787931188173138,0.7185943925708562
0.9940889323668757,0.8670357615200474,0.9149009613738741,0.9196425317283919,0.8670357460591569,0.8740772433654401,0.9046505395995927,0.8933094032139577,0.8670357615200475,0.8991213833519949,0.8740772318846386,0.9465966651155708,0.8740772302445241,0.9284087946129328,0.8670357598021707,0.8807970748488297,0.8670357735451834,0.9399133536130195,0.9196425278741989,0.928408800060238,0.9241418236349501
0.9975273766463875,0.9908743611960319,0.9902915235722496,0.9830850846890189,0.9859363730213223,0.9890130566812492,0.9890130580980442,0.9937100965300796,0.9890130591505205,0.9859363699866328,0.9933071496453317,0.9890130596969985,0.9840936075301113,0.9933071489023535,0.986777176838077,0.9940889298960099,0.9902915250944195,0.9908743611623464,0.9908743635961179,0.9890130547989354,0.9902915229275657
0.997527376958221,0.9840936065970972,0.9840936058098665,0.9603611650116028,0.9724147201714923,0.955319126229083,0.9770226315535093,0.9796676460266084,0.9706877718455401,0.9755769114992104,0.9669140245907174,0.9579122726851416,0.9688561700272541,0.9669140188702279,0.9648551527149428,0.9648551551150878,0.9579122734360921,0.968856169802441,0.9724147157746412,0.9755769081706724,0.9808759629695906
0.9603611611826557,0.8991213813246444,0.8519528038477825,0.9196425234694067,0.880797068590724,0.8596637451167997,0.8354835391516133,0.8354835330070839,0.8519528076067262,0.8807970732843033,0.8807970873650401,0.8596637451167997,0.8670357460591569,0.7879311981328135,0.8740772269642949,0.8175744739711883,0.718594386544335,0.8519527982093666,0.8872045959539038,0.8933094110250333,0.8807970842359877
0.9933071482120028,0.9928785706319714,0.9883127409393233,0.9755769097683707,0.9867771800097169,0.9626731146638163,0.9830850839766272,0.980875964751534,0.977022628291917,0.9796676468799528,0.9740426445446931,0.9706877669697345,0.9820137881955445,0.968856170701693,0.9626731166717621,0.9688561722753841,0.9688561667674652,0.9740426443563158,0.9648551547361175,0.9465966720833627,0.9525741296834681
0.995094594598867,0.9669140233989488,0.966914019704466,0.9724147148752853,0.9808759628647703,0.9724147148752853,0.9840936112621673,0.977022632557076,0.9706877672877218,0.9796676453216716,0.9796676480301127,0.9859363757719127,0.9808759636683919,0.9770226275810572,0.9740426423312599,0.9796676464347296,0.9820137868795702,0.9783846683009207,0.985042915986496,0.9770226316371399,0.9648551533465599
0.9890130563270504,0.9859363758106534,0.9850429165627997,0.9850429112114063,0.9875683516965836,0.9820137938213338,0.9867771777130122,0.9808759645069536,0.9770226288355157,0.9820137888535316,0.9808759654153955,0.9626731087738416,0.9525741271590256,0.9740426426138259,0.9688561681163435,0.9626731147976794,0.9553191305224104,0.9669140199428197,0.9496693725662458,0.9603611596227142,0.9399133529818484
0.9859363730084089,0.9820137899392104,0.9755769090582826,0.9724147193720649,0.9740426438853726,0.9724147156247486,0.9770226322643691,0.9796676469912586,0.9724147192221723,0.9770226295045604,0.9808759634587515,0.9867771774578228,0.9796676479930108,0.9840936063930004,0.9579122756889437,0.9820137878007522,0.9796676475106857,0.9808759623756093,0.9688561727250101,0.9688561685659695,0.9603611637352872
0.9808759647165941,0.9808759617117478,0.9740426411068074,0.9770226300063438,0.9603611645861644,0.9553191267061195,0.9808759653105752,0.9783846681827465,0.978384667670658,0.9770226324734456,0.9724147185226732,0.9808759621659688,0.9770226303408661,0.9755769077268674,0.9796676461008123,0.9796676487721514,0.9850429108409251,0.9796676459895064,0.9783846655041296,0.9850429109918619,0.9840936113496375
0.98967184700472,0.9553191332256162,0.9603611652952285,0.9399133552961426,0.9669140228030645,0.9465966660571644,0.9553191302043862,0.9706877716335486,0.9433475732983932,0.9362850013033613,0.9433475732983932,0.9755769080375309,0.9399133496156019,0.9525741214369554,0.9149009555730611,0.9724147180729953,0.9241418184118163,0.8872045870067157,0.9706877706795866,0.966914020538704,0.9688561700272541
0.9970189678818789,0.9241418178895029,0.8740772400852111,0.9284087985746093,0.9399133510883348,0.9553191314764831,0.9706877666517472,0.9433475758865687,0.9399133561377042,0.9465966734015935,0.9362850053035673,0.946596665680527,0.9648551495568569,0.9362850039701653,0.9284088060027523,0.9284088064979619,0.936285006192502,0.9669140235181257,0.9284088005554475,0.9284087965937711,0.9399133481428692
0.994088931918125,0.932453304167687,0.9196425306271939,0.9465966696352196,0.9433475719047602,0.9196425273235999,0.9433475796692865,0.9196425256718028,0.9433475715065794,0.9399133477220883,0.9099070139780661,0.9196425251212037,0.9241418199787564,0.9149009578933863,0.9362850013033613,0.9399133523506772,0.9241418278134569,0.8933094025038599,0.9241418163225626,0.8807970842359877,0.9046505331728751
0.9902915238945915,0.9099070145888366,0.9579122695311492,0.914900952092573,0.9362849995254919,0.9149009602137116,0.9241418126663686,0.9284087975841903,0.9196425223682085,0.9399133443558416,0.9433475752892974,0.9241418168448761,0.9324533051062237,0.8933094025038598,0.9324533069832974,0.9399133449870128,0.9362850070814366,0.9149009474519223,0.9324533116759811,0.9399133519298963,0.9284088050123332
0.9961755162169827,0.9241418241572634,0.9579122747878032,0.9525741266541371,0.9149009555730611,0.9433475770811112,0.943347580863829,0.9525741285053949,0.9196425333801889,0.9669140210154116,0.9362850075259039,0.8519527963298947,0.9046505376715775,0.9496693650877507,0.9099070023734244,0.9553191254340224,0.9241418246795768,0.9324533018213449,0.9196425388861785,0.9241418184118163,0.8807970685907242
0.9755769076381063,0.9648551567572923,0.9724147172735678,0.9688561674419043,0.9626731086399786,0.9770226324734456,0.9669140253057785,0.9840936061014334,0.9796676445796328,0.9770226314280634,0.9740426435557124,0.9553191316354951,0.9724147197218144,0.9465966747198242,0.966914021492119,0.9579122675786775,0.9688561728374165,0.9626731110495138,0.9579122705824801,0.9648551515780319,0.9669140244715405
0.997018967052855,0.9755769075049648,0.9770226308008342,0.9688561660930262,0.9706877697786225,0.9783846653859554,0.9740426399765436,0.9808759647165941,0.974042643791184,0.966914024948248,0.9820137932291455,0.9688561687907825,0.9688561674419043,0.9706877685596711,0.9648551573889094,0.9688561722753841,0.9706877694076373,0.9706877721105295,0.9724147197218144,0.9553191337026525,0.9688561658682131
0.9914225132240676,0.9783846684584864,0.9859363720140638,0.9796676464347297,0.985042910470444,0.986777177044659,0.9724147198217428,0.9820137898405124,0.9740426427551088,0.9740426442150328,0.980875964192493,0.9740426403532982,0.9850429123228497,0.9820137859254887,0.9820137903669021,0.9648551524622958,0.9669140247098943,0.9755769101677954,0.9706877668107408,0.9770226326407067,0.975576908481336
0.9626731110495138,0.9603611651534157,0.9525741296834681,0.9362850017478287,0.943347570909308,0.9241418184118163,0.9284087941177231,0.8933094074745443,0.8872045966995028,0.9196425251212038,0.9399133451974032,0.9362850097482405,0.880797068590724,0.9324533069832973,0.9196425333801889,0.8438950947024555,0.8933094003735664,0.8807970795424088,0.9284087936225136,0.9525741249711753,0.9046505370289057
0.9740426434615237,0.9579122684798184,0.9626731125220075,0.9626731168056251,0.9433475752892975,0.9324533126145179,0.9196425251212038,0.9324533154301279,0.9362850048591,0.952574126654137,0.9626731126558705,0.9465966707651318,0.9496693722101271,0.9324533135530545,0.9603611652952286,0.9324533149608596,0.9603611616080944,0.9525741317030221,0.9241418215456966,0.9399133485636499,0.9496693727443053
0.9883127432521635,0.9770226296300063,0.96691402411401,0.9626731106479246,0.9465966679403515,0.9496693697172954,0.9796676453958755,0.9648551544834707,0.9553191300453739,0.9820137932291455,0.9648551532202365,0.9603611584882112,0.9724147156747128,0.949669367758642,0.9465966711417693,0.9579122737364724,0.9362849999699593,0.9553191259110588,0.9553191324305557,0.9433475729002124,0.9553191273421681
0.9914225129231119,0.9603611579209597,0.9525741276639141,0.9496693714978894,0.9324533130837861,0.9324533112067127,0.9433475776783824,0.9496693679367014,0.949669370429533,0.9496693636632753,0.899121379297294,0.9496693690050578,0.8872045907347108,0.8740772335247532,0.9362850026367634,0.9099070011518829,0.8740772253241803,0.8933093961129794,0.9149009613738741,0.9149009468718409,0.9465966662454831
0.995390426878383,0.9908743605223234,0.9933071474968862,0.985042910443001,0.9896718462907577,0.9896718484992809,0.9902915237065588,0.9919380085387584,0.9914225135567029,0.9890130577843254,0.9850429128854321,0.9924227585500511,0.9896718457291073,0.9883127409500807,0.9908743628466175,0.9875683481177591,0.9850429112662924,0.9908743614486725,0.9867771805322476,0.9883127430800451,0.98967184832793
0.9850429112251279,0.9241418246795768,0.9324533083911025,0.9196425267730008,0.932453310268176,0.8670357649558007,0.9465966641739773,0.9399133500363828,0.9324533079218341,0.9399133466701362,0.9433475687193132,0.9149009619539553,0.8991213765941599,0.9324533116759811,0.9046505408849363,0.9284088035267047,0.9324533140223228,0.9196425355825848,0.8933094145755219,0.9196425388861785,0.9196425256718028
0.9783846671585695,0.9808759638430924,0.9740426439795612,0.9755769127418645,0.968856166093026,0.9669140222071801,0.9783846688130093,0.9755769104340783,0.9688561716009452,0.968856169128002,0.9755769106559808,0.9688561669922782,0.939913344566232,0.9465966692585823,0.972414719172208,0.9688561720505711,0.96036116189172,0.9706877709975739,0.9770226295045603,0.9669140253057785,0.9669140208962346
0.9883127409931103,0.9940889317621566,0.9890130592416002,0.9867771758294711,0.9830850832332618,0.9896718491656455,0.9783846680645722,0.9908743645056239,0.9902915246556765,0.984093605576613,0.9859363748163087,0.9908743617771053,0.9859363706968794,0.9820137921105676,0.9883127445860804,0.9890130583409233,0.9867771774213672,0.9875683494669647,0.989013056114531,0.9914225149743624,0.9896718494512304
0.9914225162573838,0.9808759631093508,0.9820137890838272,0.9724147205212418,0.980875961711748,0.9830850863306173,0.9859363730213223,0.9755769108778835,0.9830850894279723,0.9808759644021334,0.9820137901366065,0.9840936056057696,0.9840936088130057,0.9796676444683271,0.9724147150751421,0.9796676474735837,0.9706877714745549,0.9796676487350494,0.9770226317625857,0.9783846681433551,0.9783846679070065
0.9937100986489535,0.9740426449214477,0.9553191251159981,0.8991213840277783,0.9399133491948212,0.9465966671870767,0.9399133477220882,0.909906997487259,0.9284087926320944,0.9399133523506772,0.9465966715184065,0.9241418158002492,0.9362850048591,0.9241418137109955,0.9465966747198242,0.949669363129097,0.9099070109242131,0.9362850026367634,0.924141814233309,0.9196425399873764,0.8807970670261976
0.9928785720905745,0.6654105653819835,0.6370307875894139,0.5774953651858117,0.651354857898194,0.6224593382055109,0.5621765008857981,0.6224593312018546,0.6370307806984444,0.6076631698328916,0.42250463481418826,0.42250463481418826,0.5926665999540698,0.4378234991142019,0.5467381519846138,0.4532618480153861,0.4378234991142019,0.5,0.3775406687981454,0.5621765008857981,0.4225046348141882
0.9669140225647108,0.8596637541053281,0.8596637469145053,0.8596637541053281,0.7981867729389246,0.8438950947024556,0.8438950986284991,0.843895106480586,0.7662936377487304,0.8175744828610095,0.7310585844894971,0.6926419831347361,0.787931190663057,0.7772998611746912,0.7772998611746911,0.8519528038477825,0.8080672158638527,0.7431680029241321,0.7549149868676284,0.7310585844894971,0.8080672066194946
0.9808759616768078,0.9944450761580441,0.9859363719236688,0.9896718487658267,0.9808759654153955,0.9840936109122871,0.9859363718591009,0.9908743621897518,0.9796676487721513,0.9820137862873817,0.9859363710972002,0.9859363725951745,0.9808759646816541,0.9783846694826634,0.9808759610828266,0.9755769119873959,0.9740426436969953,0.9669140207770578,0.9796676466202393,0.9770226313862482,0.9626731090415678
0.9859363736540874,0.9840936115537341,0.9830850832022883,0.9883127442633586,0.9850429138459388,0.9850429139282678,0.9830850882819511,0.9850429141203692,0.9820137871427651,0.9820137879981483,0.985042910470444,0.9755769115879714,0.9770226304663119,0.9820137882613432,0.9883127428971694,0.9783846662131753,0.983085086485485,0.9830850835429973,0.9796676477332973,0.9820137911564865,0.974042641907411
0.9973683254286605,0.9783846695614463,0.9770226291700381,0.9796676446909387,0.946596664927252,0.9755769072830623,0.9740426424254486,0.975576908481336,0.9830850863306173,0.9648551500621507,0.9830850871978768,0.9770226320552927,0.9626731099786092,0.977022630048159,0.9740426443092215,0.9740426453923908,0.979667645024856,0.9770226305499425,0.9603611604735913,0.9688561714885386,0.966914024948248
0.9603611591972755,0.8807970732843033,0.8596637451167997,0.8080672227971211,0.8354835371034368,0.9099070151996073,0.8933094025038598,0.8740772482857833,0.8267117940706734,0.8596637559030337,0.8354835309589073,0.8740772368049822,0.826711787666479,0.9149009491921662,0.914900948612085,0.9433475703120368,0.8933094088947399,0.8933094025038598,0.8991213860551287,0.8740772466456689,0.8519528000888387
0.9796676487350494,0.9626731150654055,0.9284088074883807,0.9465966758497363,0.9433475746920261,0.949669361882681,0.9553191292503134,0.9324533079218341,0.9496693654438696,0.9496693693611767,0.936285010637175,0.9648551566309688,0.9046505351008906,0.9362850119705769,0.9553191319535194,0.9579122710330503,0.9046505440982948,0.9196425339307879,0.9324533154301279,0.9196425300765949,0.9099070115349838
0.9914225146734067,0.9324533036984186,0.9399133447766224,0.8933093996634686,0.919642533380189,0.9099070023734243,0.9099070127565249,0.9196425300765949,0.8670357598021708,0.9149009544128984,0.8670357563664174,0.8991213725394589,0.9196425328295899,0.8740772368049822,0.7981867825403176,0.8670357546485408,0.8519528094861981,0.8740772318846387,0.8740772368049822,0.8740772351648677,0.7981867777396212
0.9940889320905109,0.8807970748488297,0.8175744761936437,0.8175744828610095,0.8354835289107307,0.8438951045175643,0.8596637559030338,0.880797071719777,0.8519528038477825,0.8438950966654772,0.8519528000888386,0.8933093975331751,0.7310585786300049,0.8175744695262777,0.7981867801399695,0.8872045840243196,0.8596637541053281,0.8080672227971211,0.8670357615200474,0.8596637469145053,0.8080672089305841
0.9890130551632542,0.9859363746226052,0.9740426442621272,0.968856170701693,0.9820137912551845,0.9648551541045004,0.9724147160244624,0.9648551544834706,0.9669140200619966,0.9740426409655245,0.9688561690155955,0.9579122759893239,0.9688561721629777,0.9603611596227142,0.9553191322715435,0.9579122744874229,0.9399133481428691,0.9553191281372286,0.962673111584966,0.9465966641739773,0.9669140203003503
0.978384669246315,0.9525741303566527,0.9362850039701655,0.9399133464597458,0.9149009613738742,0.9399133531922388,0.9465966669987579,0.9324533116759811,0.9362850128595114,0.9465966643622961,0.9241418241572635,0.9362849995254919,0.9196425262224018,0.8872045981907006,0.9196425311777929,0.9241418152779358,0.8670357615200475,0.8740772400852111,0.8354835330070838,0.8740772400852111,0.9241418262465169
0.9950945943624695,0.9940889303858051,0.991422514103175,0.9924227581613634,0.9928785709052538,0.9914225125904766,0.9928785703981998,0.9902915228469803,0.993307150326395,0.995929862316193,0.9919380097750902,0.9914225157425911,0.9914225135725426,0.9890130574503665,0.9933071482924921,0.9902915215038888,0.994445075080232,0.9950945948307184,0.9928785715835207,0.9933071493481406,0.9914225125587971
0.9971990734679398,0.9896718492798795,0.9890130550013347,0.9883127409715955,0.9875683501072655,0.9896718469761615,0.990291525470485,0.9883127394117728,0.9896718489086193,0.9830850832332618,0.9896718478233967,0.9924227584660106,0.9850429155748504,0.9890130550013347,0.9875683519138286,0.9867771794385788,0.9808759647165941,0.9890130593225599,0.9890130568229287,0.9770226324734455,0.975576912697484
0.9669140219688265,0.9196425366837827,0.8991213813246445,0.8807970811069351,0.8740772466456689,0.8740772269642949,0.9099070017626537,0.8670357735451834,0.874077230244524,0.899121373891026,0.8438951104066293,0.8596637559030338,0.8933094032139577,0.8596637523076225,0.8872045914803097,0.8267117919359419,0.8519527963298947,0.8438950986284991,0.8519528000888386,0.8354835330070839,0.91964253282959
0.9953904287628684,0.9740426451569193,0.9820137868795702,0.9796676458782007,0.9840936119910845,0.9603611635934743,0.9706877670227323,0.9808759623756094,0.9579122674284875,0.9808759626201898,0.9706877682416838,0.9896718489276582,0.9850429100862412,0.9850429160688251,0.9808759613274071,0.9867771776887085,0.9867771782233911,0.9850429145731793,0.9840936103874668,0.9883127446721395,0.97966764624922
0.9981897887426173,0.9770226286264394,0.9603611586300241,0.9603611623171586,0.9755769115879714,0.96267311131724,0.960361156361018,0.9648551511990615,0.964855154862441,0.9669140181551666,0.9626731109156508,0.9648551535992067,0.9525741286736911,0.9465966700118571,0.9465966692585823,0.9669140200619966,0.9399133552961427,0.9626731161363099,0.9603611614662814,0.9465966730249561,0.9525741249711753
0.9553191313174709,0.964855151325385,0.9525741280005064,0.9553191298863619,0.9433475780765632,0.9688561713761321,0.9525741226150287,0.9626731119865553,0.966914020538704,0.9724147157746413,0.9688561667674652,0.9284087960985615,0.9465966728366374,0.9284088015458666,0.936285000858894,0.9433475744929357,0.9433475746920261,0.962673116537899,0.9579122765900843,0.9496693729223646,0.9241418158002492
0.9908743645056239,0.8933094145755219,0.8933093989533708,0.8933094124452287,0.8438951005915208,0.8991213732152424,0.8740772450055545,0.9149009497722477,0.8438951104066293,0.8740772351648677,0.904650536386234,0.8872046049010912,0.8872045937171068,0.867035752930664,0.9241418236349501,0.9241418126663686,0.8740772384450968,0.817574471748733,0.8670357701094304,0.9046505280315008,0.8933094010836642
0.9867771753069402,0.9914225155208344,0.9850429148887744,0.9840936061305902,0.9808759647515342,0.9808759624804295,0.9770226327243372,0.9808759616418677,0.9783846651496068,0.9808759642274331,0.9867771810669301,0.9830850858040668,0.9896718484992809,0.9830850902023109,0.9830850905739934,0.9890130574098867,0.9755769099458929,0.9755769084369555,0.9724147169737826,0.9740426409655245,0.9783846681827465
0.987568347717571,0.8991213786215104,0.8596637559030338,0.904650541527608,0.9046505421702797,0.8872045929715078,0.914900959053549,0.9149009625340366,0.936285000858894,0.932453310268176,0.9399133512987252,0.9046505440982949,0.8933094025038598,0.9241418184118163,0.9196425366837827,0.9099070090919013,0.8740772368049822,0.8991213806488609,0.8807970842359877,0.8807970889295664,0.8740772351648677
0.9688561722753842,0.8596637559030338,0.8438951104066293,0.9046505447409665,0.8872045974451016,0.8991213725394589,0.8670357546485407,0.9046505325302034,0.904650536386234,0.8933094081846421,0.8740772466456689,0.8872046019186954,0.8740772351648677,0.9046505254608136,0.8991213847035617,0.9099069974872589,0.8354835411997897,0.8933094039240554,0.9149009491921664,0.89912137659416,0.8670357580842941
0.9896718459290167,0.9820137862544823,0.9706877678177007,0.9553191294093255,0.9724147186226016,0.9724147173734963,0.9783846684190951,0.9706877685066733,0.966914022326357,0.96036116189172,0.9626731093092941,0.9724147150251781,0.9688561710389126,0.97771381429843,0.9626731133251858,0.9688561685659695,0.9770226325570761,0.949669366512226,0.9579122759893238,0.9496693709637113,0.9579122737364724
0.9947798747562122,0.9820137892154246,0.9783846648344753,0.9740426431789578,0.9755769110554053,0.9740426457220511,0.9755769109666445,0.9724147155747844,0.977022631929847,0.9808759653105752,0.9553191246389617,0.975576911898635,0.9808759640177928,0.9603611651534159,0.9525741280005064,0.974042644544693,0.9840936111163839,0.9820137938213338,0.9706877717925422,0.9724147167239614,0.9808759616418677
0.9755769081262919,0.9830850893040781,0.9783846683009207,0.9867771759266861,0.9755769081706724,0.9850429100862413,0.9820137897747137,0.9820137909590904,0.9890130590594408,0.9755769087919997,0.9820137884587393,0.9740426443092215,0.9783846655829124,0.9740426457220511,0.9706877673407196,0.9808759635286316,0.9796676464718316,0.9808759642274331,0.9740426426138258,0.9770226282501018,0.9706877699906141
0.974042641766128,0.9553191295683378,0.9626731162701729,0.9433475782756536,0.9496693716759489,0.9284088025362857,0.9706877717925421,0.9688561677791239,0.9433475687193132,0.9603611637352872,0.9496693688269985,0.9626731149315425,0.9626731130574597,0.9603611584882111,0.964855153978177,0.9648551556203814,0.9362850026367634,0.9496693709637113,0.962673116671762,0.9603611597645271,0.9688561695776281
0.9399133527714579,0.924141813188682,0.8991213684847575,0.9465966647389334,0.9284087965937711,0.9241418205010699,0.9284087946129328,0.9149009584734676,0.8354835309589074,0.9046505286741727,0.8991213833519949,0.8872045862611166,0.9284088045171237,0.8807970779778824,0.867035758084294,0.9099070042057362,0.8933094025038598,0.8438950986284991,0.9099069980980297,0.9399133510883348,0.8933094017937621
0.9953904267630063,0.9706877668637387,0.9755769090139021,0.978384664716301,0.9770226283755475,0.9706877725345124,0.9820137870440669,0.9871787886213654,0.982013788327142,0.9902915240378546,0.9808759649262345,0.9911526433000348,0.9830850856801727,0.9820137870111676,0.986777175829471,0.97702262799921,0.9724147184227449,0.9796676478446031,0.9867771753433958,0.9850429144771287,0.9850429102234565
0.9956684971118607,0.9399133536130195,0.9284088074883808,0.9496693688269984,0.9241418215456967,0.9149009497722477,0.8670357580842941,0.932453310268176,0.8872045855155176,0.8933094124452287,0.8991213833519948,0.9284088045171237,0.8807970858005139,0.8740772253241803,0.8080672112416737,0.8267117855317474,0.8807970654616711,0.8267117940706734,0.8670357615200475,0.8596637577007394,0.9196425317283919
0.9553191327485799,0.8438951104066293,0.8670357580842941,0.9046505293168444,0.8872046026642945,0.9099070127565249,0.880797085800514,0.8872045884979137,0.8670357615200475,0.8519528076067261,0.8872045944627058,0.9149009497722477,0.9099070097026719,0.9284088030314952,0.9284087985746093,0.9284088030314952,0.9284087975841903,0.9324533107374444,0.8933094067644466,0.9362850084148385,0.9099070048165069
0.9603611603317784,0.9579122750881833,0.9579122678790579,0.9496693698953549,0.9688561699148476,0.9579122714836207,0.9688561696900346,0.9553191289322892,0.9626731090415679,0.9579122687801986,0.9648551565046455,0.9706877712625633,0.9603611613244686,0.9465966702001758,0.9796676453587736,0.9496693713198301,0.9579122716338108,0.952574131703022,0.9603611574955211,0.9433475725020315,0.9579122752383734
0.9820137930975481,0.9669140242331868,0.9706877661217682,0.9688561694652216,0.9553191289322892,0.9465966700118571,0.9579122749379931,0.962673113860638,0.9706877721635273,0.9525741315347258,0.9706877714745549,0.9553191332256162,0.9525741241296944,0.9688561710389126,0.9579122750881833,0.9626731151992685,0.9433475742938454,0.9284088030314952,0.9362849990810246,0.9465966726483187,0.9553191298863619
0.9971990733612881,0.9820137892483239,0.9850429121307485,0.9808759646117738,0.9820137941174278,0.9840936080257751,0.9724147178731384,0.9830850857730934,0.9755769075493453,0.9770226281664712,0.9840936108539738,0.9783846653859554,0.9579122696813392,0.9740426404474868,0.9648551543571473,0.9648551506937679,0.977022629880898,0.9796676458410987,0.9796676463976277,0.9688561677791239,0.9688561665426522
0.9626731168056252,0.9324533093296393,0.9362850124150441,0.9579122677288676,0.9196425383355796,0.9149009555730612,0.9241418178895029,0.9241418147556224,0.9399133485636498,0.932453310268176,0.928408795603352,0.9553191333846284,0.9433475802665577,0.8933094046341532,0.8933094167058151,0.9579122705824801,0.9433475792711057,0.9399133519298963,0.957912269230769,0.9579122738866624,0.9284087946129328
0.9950945932736773,0.952574121941844,0.9324533088603709,0.9284087941177231,0.9648551533465599,0.9433475772802016,0.9284087970889807,0.9648551562519986,0.9324533083911025,0.9284088074883807,0.9149009480320036,0.8872045996818986,0.8872045981907006,0.9046505440982948,0.8807970795424088,0.9099070127565249,0.9149009549929797,0.9241418231126367,0.9149009538328171,0.9046505331728752,0.8933094145755219
0.9196425289753969,0.9496693649096912,0.970687770997574,0.9724147155248203,0.9770226285009935,0.9626731133251859,0.9525741308615412,0.9626731110495138,0.9324533121452494,0.962673111451103,0.9626731133251858,0.9724147206211702,0.9496693665122261,0.9465966685053075,0.924141814233309,0.9496693700734142,0.9603611606154042,0.9648551501884741,0.9648551534728833,0.9603611616080943,0.9284088040219142
0.9196425317283919,0.9706877695136331,0.9820137909261909,0.9850429144908502,0.9820137888206323,0.9783846655041296,0.975576912697484,0.9740426421428826,0.9740426425667316,0.9796676461750161,0.9740426443563158,0.9808759615021074,0.9553191302043862,0.9669140183935203,0.9770226300481591,0.9724147176233173,0.9783846667646552,0.9626731147976794,0.9688561673294978,0.9840936059556499,0.978384665267781
0.9740426401649208,0.9724147169737826,0.9648551498095037,0.9706877685596712,0.9496693727443053,0.9724147208210271,0.9465966717067253,0.9579122735862822,0.9399133555065331,0.9603611572118952,0.9553191321125315,0.9648551575152328,0.9099069987088003,0.9149009567332237,0.8991213853793453,0.9433475764838399,0.9046505357435622,0.9149009602137116,0.9196425273236,0.8933094017937621,0.9362849995254919
0.9808759623057292,0.9783846671979609,0.972414716624033,0.9688561726126036,0.9626731156008577,0.9626731160024468,0.9770226314280634,0.9808759635985118,0.9688561713761322,0.9796676448022444,0.9740426450156362,0.9603611634516616,0.9740426398823548,0.9579122744874229,0.9626731090415679,0.9706877717395442,0.9669140195852891,0.9525741242979905,0.96885616822875,0.9465966720833627,0.9362850084148385
0.9919380092611932,0.9850429146829515,0.983085087043009,0.9770226281664711,0.9867771811641451,0.9724147151251064,0.9830850885916865,0.9820137876033561,0.9755769097239902,0.9796676473993798,0.9706877716865463,0.9770226310517259,0.9770226281664712,0.985042916754901,0.9706877715275527,0.9770226315535093,0.968856169128002,0.9770226280410252,0.9724147148752853,0.9724147173235321,0.9669140199428198
0.970687768612669,0.9241418173671895,0.9046505267461572,0.9046505447409665,0.9196425234694067,0.9149009544128984,0.8670357683915538,0.9284088025362857,0.8933093975331751,0.9046505376715775,0.8933094067644466,0.8740772433654401,0.8740772269642949,0.8670357546485407,0.8267117898012104,0.7981867825403176,0.8519528057272543,0.8807970779778824,0.8670357512127872,0.8807970858005139,0.8519528038477825
0.9973683266429595,0.9890130588165618,0.9830850852155695,0.9890130588469216,0.9875683498671527,0.9867771791590856,0.9933071482863007,0.9890130548798951,0.9890130554870932,0.9875683469286287,0.9896718489371776,0.9939024387612894,0.9850429108409252,0.9883127394225302,0.9928785717218082,0.9902915235453877,0.9867771755621297,0.9883127414771931,0.9919380097974336,0.9919380070268584,0.9914225147446858
0.9966233883038441,0.9840936050226358,0.9883127402508498,0.9755769075049648,0.9867771796937681,0.9830850893040781,0.9820137884916388,0.9814534349454033,0.9911526469587798,0.9886682458113011,0.9840936104166235,0.9859363750229257,0.9867771774578228,0.9886682440479669,0.988668246698185,0.9854964194300522,0.9930961606070187,0.9863631644930824,0.9850429163158124,0.9928785710962221,0.9902915246556765
0.997368326625237,0.970687766174766,0.9603611600481528,0.9553191309994467,0.9603611617499072,0.9525741251394715,0.9669140224455339,0.9465966747198242,0.946596667563714,0.9553191292503135,0.9399133540338004,0.9465966677520328,0.9399133491948212,0.9399133433038894,0.936285006192502,0.9496693650877507,0.9399133559273138,0.9553191305224104,0.9196425223682085,0.9241418116217418,0.8991213772699435
0.9755769117654934,0.9433475752892975,0.9149009578933864,0.9433475721038507,0.9284088045171238,0.9603611626007843,0.9433475768820208,0.932453306514029,0.9284088005554475,0.9433475748911166,0.9284087946129328,0.9324533079218341,0.9324533144915912,0.9433475742938453,0.9399133552961427,0.9496693707856518,0.9399133494052117,0.9688561704768801,0.9465966673753953,0.9496693656219289,0.8991213684847577
0.9867771752218771,0.955319126070071,0.9399133544545811,0.9241418147556224,0.9362850013033613,0.9362850119705769,0.8933094124452287,0.9362850057480346,0.9399133498259924,0.9196425240200057,0.9284088064979619,0.9553191306814225,0.9465966668104392,0.946596664362296,0.9149009567332238,0.9149009503523291,0.9496693702514737,0.9324533149608596,0.9046505383142492,0.9099070145888367,0.8807970779778824
0.9940889303502334,0.9099070145888367,0.9324533112067128,0.9362850124150441,0.939913344566232,0.9196425333801889,0.9433475756874782,0.9688561721629776,0.9433475776783824,0.9465966688819448,0.9465966743431868,0.9284087995650285,0.9099070023734244,0.9465966673753953,0.9196425399873764,0.9525741305249489,0.899121367808974,0.9362850088593059,0.9362850013033612,0.9399133502467731,0.9553191314764831
0.9648551520833256,0.9603611591972756,0.9603611603317785,0.932453310268176,0.9740426399765435,0.9669140239948332,0.9553191333846284,0.9626731127897336,0.9688561662054326,0.9724147170237468,0.9740426445917875,0.9706877675527112,0.9525741303566527,0.9496693688269984,0.9553191247979739,0.9603611631680358,0.9496693656219289,0.9525741293468758,0.9579122741870427,0.9433475804656482,0.9626731143960903
0.9919380090601032,0.9046505447409665,0.924141819456443,0.9399133454077936,0.8740772466456689,0.8872045996818986,0.9196425306271939,0.8596637577007394,0.8933094138654242,0.8670357477770336,0.8933094096048376,0.8740772318846386,0.8596637433190939,0.8175744695262777,0.8596637541053281,0.9241418137109956,0.8438950986284991,0.8670357701094303,0.8175744695262775,0.8807970873650401,0.8354835391516133
0.9953904269681203,0.7549149813536518,0.6224593312018546,0.7185943925708562,0.7662936324115012,0.7549149923816048,0.6926419704455589,0.7310585786300049,0.851952809486198,0.6791786926816161,0.7981867777396212,0.679178699175393,0.7662936484231889,0.6076631627277603,0.7431680029241321,0.7310585786300049,0.6370307806984444,0.5467381519846138,0.5312093733737562,0.5467381519846138,0.5774953651858117
0.9966233883532062,0.9579122708828604,0.9579122695311492,0.9669140237564794,0.9579122750881832,0.9433475804656482,0.9626731168056251,0.9284087970889807,0.9399133485636498,0.9241418231126368,0.9324533154301279,0.9241418131886822,0.9496693622387998,0.943347577479292,0.943347578474744,0.9525741269907293,0.9324533107374444,0.9099070005411124,0.9496693641974536,0.9284088069931713,0.9433475734974835
0.9603611583463982,0.9399133519298964,0.9399133542441908,0.9525741288419872,0.9724147185726375,0.9399133517195061,0.9669140248290712,0.9669140187510509,0.9648551501884741,0.9648551543571472,0.9603611580627726,0.9579122675786775,0.9433475729002124,0.9688561671046848,0.9603611610408428,0.9496693649096912,0.9669140251866016,0.9724147177232457,0.9525741283370988,0.9626731127897337,0.9669140228030645
0.9976768370758714,0.9648551558730283,0.9525741241296944,0.9669140229222414,0.9626731110495138,0.9626731106479246,0.9284087970889806,0.9284087951081424,0.9553191314764831,0.9284088000602381,0.9399133456181841,0.9465966711417692,0.9433475790720153,0.9241418215456967,0.9433475786738345,0.9324533046369553,0.9465966758497363,0.936285006192502,0.9525741271590256,0.9465966745315055,0.9046505440982948
0.980875964681654,0.9603611641607258,0.9603611591972755,0.9688561687907825,0.9706877696196289,0.9603611648697901,0.9579122692307689,0.9603611613244686,0.955319134497713,0.949669368648939,0.9740426421899769,0.970687766227764,0.9553191327485799,0.9579122680292479,0.9525741293468757,0.9433475756874783,0.957912274637613,0.9603611569282695,0.9324533093296392,0.9579122692307689,0.9724147208210271
0.9099070151996073,0.7772998508568416,0.7662936484231889,0.7310585786300049,0.7549149813536518,0.8596637577007393,0.7981867753392728,0.8596637505099167,0.7662936377487305,0.8080672112416737,0.7981867801399695,0.826711791935942,0.817574478416099,0.8519528000888387,0.8175744695262777,0.8438950966654774,0.843895106480586,0.8267117876664789,0.8267117876664789,0.8519527963298947,0.8354835289107309
0.9820137932949442,0.9196425278741989,0.8991213799730774,0.8991213786215105,0.9196425234694067,0.9046505408849362,0.9099070035949656,0.8991213874066956,0.9362850057480347,0.9196425366837827,0.9099069962657176,0.9241418168448761,0.8933094010836642,0.9046505318875316,0.8872045847699186,0.8438950966654772,0.9241418257242036,0.8872045825331214,0.9046505312448598,0.936285010637175,0.9046505453836383
0.9896718474616558,0.8872045870067157,0.8991213671331905,0.874077222043951,0.9046505383142492,0.8519527963298946,0.8991213820004279,0.8080672135527632,0.8267117919359419,0.843895106480586,0.8596637577007394,0.8519528076067262,0.766293653760418,0.8596637469145054,0.8740772400852111,0.8080672066194945,0.8354835411997897,0.8175744673038222,0.9046505344582187,0.8596637469145054,0.8354835411997897
0.9940889313681316,0.970687770520593,0.9808759653105752,0.9808759649961146,0.9755769122092984,0.9808759645069537,0.9796676473993798,0.9669140253057785,0.9796676473251761,0.9579122731357119,0.974042641200996,0.9648551537255301,0.9755769109666445,0.9626731129235967,0.9688561723877906,0.9525741263175447,0.9724147197717786,0.9399133515091156,0.966914024948248,0.966914022326357,0.9688561710389125
0.9953904268527437,0.9947798733996461,0.9908743622739653,0.9914225127488745,0.9924227571003504,0.9937100980319188,0.9908743612212959,0.9919380089483865,0.9928785718897285,0.9924227604619749,0.9902915237960981,0.9953904279018168,0.9914225146021277,0.9928785723276387,0.9914225148238845,0.9928785716987601,0.9890130582194838,0.9933071494286297,0.9875683467113836,0.9940889311464925,0.9883127439191218
0.9796676467315452,0.9465966703884945,0.9324533097989076,0.949669361882681,0.9284088079835904,0.9496693688269985,0.9399133542441908,0.9465966713300878,0.9603611603317785,0.9465966675637141,0.9399133473013075,0.9362849995254919,0.9433475729002124,0.9433475732983932,0.9433475772802016,0.9399133456181841,0.9433475727011219,0.9196425344813869,0.9324533013520765,0.8991213799730775,0.909907002984195
0.9875683467685534,0.949669369539236,0.964855156378322,0.9603611591972755,0.9669140211345885,0.9496693729223648,0.9688561720505712,0.9525741244662868,0.9579122755387536,0.9324533097989076,0.9465966656805269,0.9324533121452495,0.9626731103801985,0.9433475754883878,0.9579122741870427,0.9688561716009452,0.9770226305917579,0.9688561707016932,0.9241418194564431,0.9724147183727806,0.952574127663914
0.9968273170713614,0.9284087951081423,0.8670357632379241,0.8596637469145054,0.8354835330070839,0.8267118004748677,0.8807970670261976,0.8519528057272543,0.8175744806385542,0.826711791935942,0.8670357666736772,0.8933094124452287,0.9099069987088003,0.8354835330070839,0.8080672089305841,0.8519528057272543,0.8354835330070838,0.8080672112416737,0.8175744761936437,0.7981867729389246,0.8267117962054049
0.9875683497528133,0.8872045944627058,0.8354835391516132,0.8872045922259088,0.87407724336544,0.8807970670261976,0.8354835330070839,0.8519528038477824,0.8354835432479663,0.8807970858005139,0.8872046041554922,0.9046505318875316,0.8740772286044094,0.843895100591521,0.8991213786215105,0.8991213738910259,0.867035763237924,0.899121388082479,0.8807970873650403,0.8519528076067262,0.8872046026642944
0.9961755168130813,0.9859363737832231,0.9820137938213338,0.9740426441679385,0.9755769114104496,0.9770226319716622,0.9820137861228849,0.9669140222071801,0.9808759615370475,0.9830850888394749,0.9755769100790344,0.9755769122980595,0.9755769072386817,0.9579122678790578,0.9783846658980438,0.9783846664889152,0.9740426419545053,0.9433475786738345,0.9626731086399786,0.9770226321807386,0.9755769071943012
0.9919380080025181,0.9928785725679953,0.9940889303037165,0.9902915255600245,0.989013059018961,0.9919380093580145,0.9875683511706224,0.9928785702171091,0.9902915256674718,0.9902915241811175,0.9902915247452159,0.993307149592704,0.9940889307114231,0.9924227601048023,0.9924227582208922,0.9933071495462681,0.9930961621937685,0.991422516027707,0.990874362290808,0.9914225159089087,0.9896718461289261
0.9830850881270833,0.9603611648697901,0.9579122702820997,0.9579122744874229,0.9755769071499207,0.9603611583463982,0.9496693668683449,0.9496693622387998,0.9603611570700824,0.9669140247098943,0.9465966702001758,0.9755769115435909,0.9648551572625859,0.9626731111833768,0.9648551567572923,0.9496693624168593,0.9399133531922388,0.9724147188724227,0.9626731166717621,0.96267310957702,0.9706877689836543
0.9919380080248613,0.8354835289107307,0.8175744806385543,0.7772998611746912,0.8080672204860316,0.8438951084436077,0.7662936430859597,0.7662936430859597,0.8519528076067262,0.8080672089305841,0.7981867849406659,0.7772998560157665,0.8354835432479661,0.8740772450055545,0.7772998714925403,0.7549149868676283,0.8519528000888387,0.7772998663336158,0.7662936430859598,0.8807970701552505,0.8670357598021707
0.9796676488463552,0.9496693652658101,0.9362850026367634,0.9525741320396143,0.9241418199787564,0.914900963114118,0.9399133561377042,0.9241418121440552,0.909907001151883,0.9579122701319096,0.9324533079218341,0.924141819456443,0.9149009578933863,0.9324533074525657,0.9324533121452494,0.9284087960985615,0.9525741311981335,0.8991213705121083,0.8991213732152424,0.8872045989362995,0.914900953832817
0.9850429119523686,0.9149009642742805,0.946596671895044,0.9626731156008577,0.9525741231199173,0.9525741241296943,0.939913347090917,0.9433475689184037,0.9324533074525657,0.9688561712637256,0.9465966643622961,0.9496693638413347,0.957912276139514,0.9496693713198301,0.952574123793102,0.9496693702514737,0.8807970701552505,0.9433475768820208,0.9496693718540082,0.9399133433038894,0.9149009561531425
0.9706877697256246,0.966914020538704,0.9603611618917199,0.9724147172236036,0.9783846657798695,0.9770226304244967,0.9579122755387536,0.966914023160595,0.9740426436969953,0.9669140217304727,0.9648551506937678,0.9706877722695231,0.9579122693809591,0.9669140211345885,0.9626731168056251,0.9553191268651315,0.966914022326357,0.9648551508200913,0.9603611635934743,0.9626731156008578,0.962673113592912
0.8807970670261976,0.9196425229188075,0.9362849990810246,0.9553191302043862,0.9579122749379931,0.9496693711417706,0.9603611563610179,0.9553191267061195,0.9465966732132748,0.9579122686300084,0.9688561703644736,0.9553191255930346,0.9579122705824801,0.9496693638413347,0.9669140207770578,0.9669140216112958,0.9648551546097941,0.9553191263880952,0.977022629170038,0.9579122752383734,0.9433475806647384
0.9924227572999469,0.9648551519570021,0.9626731121204183,0.9783846694826633,0.9648551562519986,0.9626731123881445,0.9553191335436405,0.9579122674284876,0.9553191302043861,0.9433475711083984,0.962673109309294,0.9648551501884741,0.9688561665426522,0.9688561722753841,0.9433475752892975,0.9465966745315055,0.9579122681794381,0.9241418184118163,0.9399133557169235,0.9241418210233833,0.9496693668683449
0.9950945952330484,0.9724147164241762,0.9669140237564794,0.9740426398352605,0.9648551510727381,0.9669140226838876,0.968856169352815,0.9399133468805266,0.9579122710330504,0.9553191289322892,0.9362850093037731,0.9465966685053074,0.960361158630024,0.9603611647279772,0.9579122674284875,0.9553191267061194,0.9465966647389333,0.957912271934191,0.9284088045171237,0.9553191317945072,0.9046505254608136
0.9883127401325186,0.9149009561531425,0.8933094088947399,0.8519528000888386,0.8933094039240554,0.8354835330070839,0.8354835411997897,0.8519527982093666,0.8267117983401363,0.8080672112416737,0.8175744806385542,0.8933094003735664,0.867035771827307,0.8080672089305841,0.9284087936225137,0.8267118004748677,0.8175744695262775,0.8872046034098933,0.9046505351008906,0.8933094039240554,0.8933094117351309
0.9553191271831558,0.7879311981328135,0.6224593312018546,0.6076631698328916,0.5156199157230157,0.6370307875894138,0.6370307944803832,0.5926665999540698,0.7431680029241321,0.7431680029241321,0.5621765008857981,0.5,0.4843800842769843,0.6654105521116443,0.5926665999540697,0.5312093733737562,0.43782349911420193,0.4532618480153861,0.5467381519846138,0.5312093733737563,0.6224593312018546
0.9796676454700793,0.9724147178731384,0.9603611572118953,0.975576912431201,0.9770226311771718,0.9755769085257165,0.946596676038055,0.9669140231605952,0.9525741301883565,0.9755769074162038,0.9688561672170913,0.9740426441679385,0.9706877664397555,0.9603611601899656,0.9755769117211129,0.9553191321125314,0.9688561703644736,0.9770226313026177,0.9740426428492974,0.9648551565046454,0.9603611616080944
0.9971990733645396,0.9669140216112959,0.9525741251394715,0.970687770467595,0.9626731121204183,0.9579122713334306,0.9626731110495138,0.9706877717395442,0.9808759640177926,0.9648551501884741,0.9724147165740687,0.9830850832022882,0.9724147171736395,0.955319124956986,0.966914024948248,0.974042641200996,0.9648551543571472,0.9465966752847802,0.9525741280005064,0.9579122767402743,0.9496693713198301
0.9959298619386747,0.8267117983401363,0.817574471748733,0.7879312006227324,0.8872045989362997,0.8354835371034368,0.8596637541053281,0.8175744806385542,0.817574471748733,0.8080672089305841,0.8354835452961425,0.7772998663336158,0.7662936377487304,0.8670357512127873,0.8080672135527632,0.851952809486198,0.8670357615200474,0.8080672204860316,0.8872045884979137,0.7981867825403176,0.8354835350552604
0.9953904287244096,0.9553191314764831,0.9603611577791469,0.943347569515675,0.9284087956033519,0.9324533126145178,0.9284087995650284,0.9324533069832974,0.9046505395995929,0.8991213691605412,0.8991213840277783,0.9284088020410761,0.8354835452961425,0.9241418215456967,0.8991213718636754,0.8933094167058151,0.9149009596336303,0.8670357598021707,0.8670357512127872,0.8872045855155176,0.8596637577007393
0.983085084472204,0.9648551557467049,0.9724147188724227,0.966914022326357,0.9362850039701653,0.9465966705768132,0.9603611572118953,0.9669140248290711,0.9465966709534505,0.957912274787803,0.9399133508779444,0.9553191322715435,0.9603611590554626,0.9669140225647107,0.939913343093499,0.96267311131724,0.957912271934191,0.9399133451974033,0.9525741253077676,0.9362850013033613,0.9284087960985615
0.9950945941010685,0.9850429118700395,0.9867771784542767,0.9850429159041668,0.987568348346438,0.9755769101234147,0.9867771798031351,0.9840936084339688,0.9893474901025369,0.9871787881262868,0.9820137897747137,0.9896718457005488,0.9890130550721745,0.9867771781626318,0.979667648920559,0.9825575126461521,0.983085083852733,0.9875683476146654,0.9740426429905805,0.9770226323479997,0.9859363761076656
0.9928785724165378,0.9433475810629193,0.9149009509324104,0.9046505344582187,0.8872045989362997,0.9149009538328171,0.8740772253241803,0.9149009480320036,0.8872045832787204,0.8933093975331751,0.8872046034098933,0.8991213732152424,0.9284088020410761,0.8872045952083047,0.919642532278991,0.9324533065140289,0.92414182206801,0.9099070145888367,0.9099069968764882,0.8872046056466901,0.8933093989533708
0.9840936118744578,0.992422757765672,0.9919380074439342,0.9883127415740097,0.9859363742093709,0.9740426430847691,0.986777179207693,0.9867771813342713,0.9840936111455406,0.9830850873217709,0.9770226297136368,0.9830850871669032,0.9796676443570213,0.9669140200619966,0.9840936064513138,0.9850429144771287,0.9770226316371399,0.9840936077342082,0.9783846656616954,0.9783846662131752,0.9755769102121759
0.9908743608254922,0.9914225132240676,0.9919380095293134,0.9875683478776462,0.9867771792684525,0.9890130557198524,0.9830850877863742,0.9896718450627424,0.9914225149426829,0.9914225155208345,0.9908743646993151,0.9883127426389919,0.9908743645308881,0.9890130560538113,0.9890130548090553,0.9840936102416834,0.9883127447474412,0.9867771751489659,0.9902915223007898,0.9896718464430697,0.9896718474235778
0.9956684970556289,0.9433475730993028,0.9196425234694067,0.946596671330088,0.9553191346567252,0.9525741298517643,0.9648551506937678,0.9433475744929357,0.9399133473013075,0.9465966647389334,0.9324533126145179,0.9553191275011801,0.9669140203003503,0.9324533060447606,0.8991213691605411,0.9284088064979618,0.8991213820004278,0.9399133552961427,0.962673113726775,0.9553191295683376,0.9626731145299533
0.9706877715275527,0.8740772253241803,0.8175744806385543,0.8872045959539037,0.8933094032139576,0.8670357718273068,0.8991213732152424,0.9099070121457543,0.8596637541053281,0.9046505376715775,0.8596637505099168,0.8807970904940926,0.8670357546485407,0.7879311906630568,0.8596637577007394,0.8740772351648677,0.8740772482857833,0.8991213718636754,0.8933094074745443,0.9099070060380482,0.8596637451167997
0.9953904271710979,0.978384664992041,0.9724147199716354,0.9740426401649208,0.9706877678177007,0.9706877706265887,0.9626731102463354,0.9755769101234147,0.9669140217304727,0.9553191322715436,0.9648551557467049,0.9626731110495138,0.9579122683296282,0.949669364375513,0.9465966750964616,0.9362850026367634,0.9324533097989077,0.9099070066488187,0.9724147157246771,0.9496693714978894,0.9433475725020315
0.9830850881270833,0.9553191295683376,0.9688561671046847,0.946596667563714,0.949669364375513,0.9626731157347207,0.9648551529675896,0.9496693668683449,0.9669140247098943,0.9688561662054327,0.9553191319535194,0.9688561711513192,0.9579122738866626,0.9241418262465169,0.9579122713334306,0.9770226276228724,0.955319124956986,0.9579122686300084,0.9399133529818484,0.9648551532202365,0.9362850124150441
0.9908743626781903,0.9099070060380481,0.9362850053035674,0.9465966649272521,0.9241418173671895,0.9399133542441908,0.9433475780765632,0.9324533065140289,0.9362850044146327,0.9284088069931713,0.9399133563480947,0.9525741216052516,0.9525741281688026,0.9284087980793998,0.9362849990810246,0.9465966715184067,0.914900959053549,0.9362850075259039,0.9362849986365572,0.8740772269642949,0.914900952092573
0.9940889317731018,0.8354835371034368,0.8080672089305841,0.8670357546485407,0.8080672227971211,0.8080672089305841,0.8175744673038222,0.7879312031126512,0.7879311931529758,0.7879312031126511,0.7057850278370112,0.7879311956428946,0.7662936430859598,0.7981867873410141,0.8354835309589073,0.7772998663336157,0.8438950986284991,0.8354835350552604,0.867035771827307,0.7981867801399695,0.8872045996818986
0.9883127446721395,0.9830850883129245,0.9850429153141415,0.9808759613972873,0.9724147175733531,0.9740426406829585,0.9820137933936423,0.9755769083481945,0.987568349821417,0.9840936075592681,0.9840936048768523,0.9919380072502919,0.9883127436394297,0.9783846647556925,0.9859363732279396,0.987568346860025,0.9830850836668916,0.9796676476219915,0.9867771801069319,0.985936371407126,0.970687770467595
0.979667646731545,0.9840936076175815,0.9796676475848896,0.974042644968542,0.9669140203003503,0.9706877700966099,0.975576912697484,0.9740426419545053,0.957912274637613,0.9688561664302456,0.9808759616069276,0.9669140248290711,0.9688561709265061,0.9706877679236965,0.9648551558730283,0.9465966653038895,0.9688561692404085,0.9706877692486436,0.9755769111441664,0.9724147179231027,0.9669140181551666
0.9975273768582964,0.9850429162883694,0.9796676482156224,0.9755769097683707,0.9783846690887492,0.9808759631792309,0.9770226310099106,0.970687770944576,0.9830850875076123,0.9715639637131616,0.9802808732968663,0.9893474871187035,0.9763105309407739,0.977022630340866,0.9669140237564794,0.9770226325570761,0.9755769113660689,0.9863631640170525,0.9715639690650109,0.9669140247098942,0.9626731091754309
0.9970189675054273,0.8354835309589074,0.8354835289107309,0.8267118004748677,0.8267117855317474,0.8354835411997897,0.8670357529306639,0.7772998611746911,0.8080672089305841,0.8354835411997897,0.8080672135527632,0.7431680086124812,0.8267117898012104,0.7981867801399695,0.7549149923816048,0.817574471748733,0.8175744806385543,0.7662936377487305,0.8438950966654772,0.7772998714925403,0.7662936484231889
0.9603611597645271,0.8519527944504227,0.8933094017937621,0.9046505440982948,0.8596637505099167,0.8740772269642949,0.8670357598021707,0.7981867705385762,0.817574478416099,0.8267117962054048,0.8991213732152423,0.8438950966654774,0.8080672204860316,0.8933093961129794,0.8175744828610095,0.7772998560157665,0.8267117919359419,0.8740772269642949,0.8519528076067262,0.7662936430859598,0.7981867849406659
0.9928785727688413,0.9867771762547869,0.9850429129952043,0.989671848156579,0.9867771760117492,0.9875683490439088,0.9896718465287451,0.9840936054016728,0.9902915232230458,0.9896718466144206,0.9924227588301866,0.9883127409608381,0.986777177931746,0.9867771805808551,0.9902915254167614,0.989671846966642,0.9850429149985465,0.9924227601678329,0.9867771793535156,0.9850429101685705,0.9908743641266631
0.9914225144437301,0.851952809486198,0.7662936377487305,0.7879311906630568,0.8267117983401363,0.8596637505099168,0.8519528076067262,0.7981867705385762,0.7772998508568416,0.8519528057272543,0.8267117983401363,0.7772998560157665,0.7310585669110203,0.731058584489497,0.787931188173138,0.8519528038477824,0.6654105454764747,0.7981867849406659,0.8740772286044095,0.8519528076067261,0.8175744739711883
0.9933071505895331,0.957912271784001,0.9669140237564794,0.9465966702001758,0.9525741301883566,0.9433475756874783,0.9525741293468757,0.9626731150654055,0.9553191289322892,0.94659666812867,0.9626731119865553,0.9553191337026525,0.9284087985746093,0.9399133540338004,0.9362850044146327,0.9362849990810245,0.9196425251212037,0.9433475778774728,0.9324533121452495,0.928408795603352,0.9046505383142492
0.9961755159703823,0.9933071495988957,0.9890130587760819,0.9924227584660106,0.9940889299507357,0.9924227583784683,0.9947798753462336,0.9916842209618661,0.9905874089535377,0.9911526445005606,0.9930961633878215,0.9902915245034595,0.9914225144912494,0.991422515956428,0.9924227579687702,0.9933071486980345,0.9928785729071287,0.9928785717053453,0.9919380075109644,0.9935117313819081,0.9908743606065369
0.9740426426609202,0.8519527982093666,0.8519527982093666,0.8872045937171068,0.8354835309589074,0.8354835350552603,0.8080672181749422,0.8596637451167997,0.8438951084436077,0.8438950986284991,0.8267117962054049,0.8354835371034368,0.8596637541053281,0.8267118004748677,0.8267117876664789,0.8354835309589074,0.7879312031126512,0.8438951025545426,0.8519528019683105,0.8596637433190939,0.8080672135527631
0.9919380071236795,0.9099070127565249,0.9433475685202228,0.9496693709637113,0.9465966762263737,0.9740426421428826,0.9553191324305558,0.9525741293468757,0.9399133544545812,0.9626731089077047,0.9688561687907825,0.9579122675786775,0.9525741271590256,0.9284087931273041,0.9465966666221205,0.9648551517043553,0.9496693663341667,0.946596669446901,0.924141819456443,0.9496693633071565,0.9324533140223229
0.9724147165241046,0.9688561673294978,0.9626731126558705,0.9603611654370414,0.9688561687907825,0.9669140218496496,0.9724147163742118,0.9706877675527112,0.9648551498095038,0.9755769091470436,0.9740426444975987,0.9783846648738667,0.9626731145299533,0.9740426425196371,0.9496693727443052,0.9688561711513191,0.9724147153249634,0.952574130693245,0.9626731129235967,0.9796676449877542,0.9603611603317785
0.9937100990826241,0.9783846656223039,0.9783846694038806,0.9783846692069235,0.9796676478075012,0.9770226294627451,0.9840936051684191,0.9840936090171025,0.9783846676312666,0.9850429156297364,0.9840936104457801,0.980875965170815,0.9783846654253467,0.9783846682615294,0.9755769086144775,0.9840936048768523,0.9783846675524838,0.9770226310935411,0.9820137938542332,0.9724147183727806,0.9796676485124378
0.955319134338701,0.9362850110816423,0.949669368648939,0.9099070103134425,0.9465966735899122,0.9496693675805825,0.9669140192277584,0.9525741311981335,0.9525741281688026,0.9496693677586419,0.9525741286736911,0.9496693679367013,0.9433475754883879,0.9241418168448761,0.9525741231199173,0.9465966741548681,0.9496693668683448,0.9603611601899656,0.9553191263880952,0.9553191298863619,0.9579122713334305
0.9196425223682085,0.9149009567332238,0.9362850066369693,0.9196425377849806,0.9284087946129328,0.9196425333801889,0.9465966662454831,0.9196425245706048,0.9196425350319858,0.9399133485636499,0.8991213705121083,0.9433475687193132,0.9099070066488187,0.9196425284247979,0.9465966662454831,0.9284088040219143,0.9465966698235384,0.9465966702001758,0.9362849995254919,0.9284087980793998,0.8807970732843033
0.9796676477703992,0.8080672204860316,0.7772998611746912,0.7662936324115011,0.817574471748733,0.7662936484231889,0.7772998714925403,0.6654105653819836,0.679178692681616,0.7057850154599563,0.7662936430859597,0.7772998611746912,0.7772998508568416,0.787931190663057,0.7662936377487305,0.6654105454764746,0.743168019989179,0.7662936484231889,0.7549149923816048,0.787931190663057,0.8175744761936437
0.9928785700162631,0.8933094039240554,0.9362850035256981,0.9099070017626537,0.8933094074745443,0.8807970842359877,0.9046505357435624,0.9196425372343817,0.8807970732843033,0.8991213840277783,0.9196425273235999,0.9196425256718028,0.9099070145888366,0.880797071719777,0.8933094074745443,0.9196425223682085,0.8991213806488609,0.9241418225903233,0.8740772450055545,0.9099070042057362,0.9284088064979619
0.9908743626445049,0.9648551510727381,0.9099070109242131,0.9046505421702797,0.9399133542441908,0.9196425300765949,0.9525741241296944,0.9433475788729249,0.9525741291785796,0.9496693698953549,0.9433475711083985,0.9579122677288677,0.9196425339307879,0.9465966656805269,0.9399133462493554,0.9324533032291501,0.936285003525698,0.9241418257242036,0.9465966726483187,0.9241418121440552,0.9324533079218341
0.9937100989778446,0.9525741286736911,0.9433475748911165,0.9525741301883565,0.9496693684708796,0.9603611590554627,0.964855153978177,0.9579122681794381,0.9648551500621507,0.9579122746376131,0.9648551562519986,0.9706877693016416,0.9579122675786776,0.9525741301883565,0.9648551524622959,0.964855155494058,0.9496693663341667,0.9579122693809591,0.9465966717067253,0.9626731153331316,0.9626731091754309
0.9924227584485021,0.9553191329075921,0.9553191335436404,0.9688561666550587,0.9579122723847614,0.9688561666550587,0.9724147167739257,0.9669140201811735,0.9626731110495138,0.949669366512226,0.9688561712637257,0.9724147175733531,0.9579122692307689,0.9688561718257581,0.9525741217735478,0.9706877714745549,0.957912271934191,0.9496693697172954,0.9770226312608024,0.9626731147976794,0.9579122690805788
0.9970189678334385,0.9875683507933022,0.9820137896431161,0.9840936084631254,0.9830850883129245,0.9808759626201898,0.9830850873837181,0.9883127427035363,0.9850429159316099,0.9820137862544823,0.9748211604481619,0.9825575186475759,0.9796676469912587,0.9875683500615298,0.9755769093245656,0.9777138162465641,0.9814534351149281,0.9763105309838537,0.9808759647515342,0.9808759644720135,0.9783846652283896
0.9924227592363829,0.8519527963298946,0.8354835411997898,0.7662936430859597,0.8670357701094303,0.8267117919359419,0.7981867849406659,0.7879311981328135,0.7662936324115011,0.7879311981328135,0.7662936484231889,0.7185944046238981,0.7310585786300049,0.743167997235783,0.6791786926816161,0.754914997895581,0.7772998663336158,0.7185943925708562,0.7431680143008301,0.7185943985973772,0.7057850402140659
0.995094595253506,0.8080672181749422,0.8596637541053281,0.8933093996634686,0.8670357512127872,0.8267117983401363,0.8872045840243196,0.867035771827307,0.826711791935942,0.9149009561531424,0.8740772286044095,0.8670357494949105,0.8596637487122111,0.8175744739711883,0.8596637523076225,0.7772998663336158,0.8991213725394589,0.8519527963298947,0.7772998560157665,0.8807970748488297,0.8933094067644466
0.9933071491871618,0.9399133534026293,0.8596637541053281,0.8519528019683105,0.8596637469145054,0.8991213874066956,0.9099069987088003,0.8519528057272544,0.8438950986284991,0.8807970779778824,0.9324533107374444,0.8933093982432729,0.8872045989362995,0.8438950966654774,0.8438951045175643,0.8670357666736772,0.8872045959539038,0.8596637451167997,0.8991213759183765,0.8596637559030338,0.8519528038477824
0.9940889320740932,0.9924227587496477,0.9859363738477909,0.9840936080549317,0.9783846672767438,0.9875683483235701,0.9850429135852298,0.9896718452055349,0.9875683476489674,0.9840936058390232,0.985042915986496,0.9867771789160481,0.9840936075009546,0.986777179414275,0.9875683511134525,0.9890130588469216,0.9830850830164469,0.9820137864189792,0.97557691234244,0.9783846668040467,0.9740426418603166
0.9648551529675896,0.9688561698024412,0.9433475768820208,0.9740426414364677,0.9770226308008342,0.968856169577628,0.9626731137267749,0.9669140224455339,0.9688561710389126,0.9496693672244637,0.9525741221101401,0.9525741261492485,0.960361159764527,0.9496693641974535,0.9603611565028309,0.962673111183377,0.9399133456181841,0.9465966720833627,0.9724147163742118,0.9399133515091157,0.9324533102681761
0.9859363748937902,0.9465966724600001,0.9648551568836157,0.9669140245907174,0.928408800060238,0.9433475772802016,0.9324533093296392,0.9433475800674673,0.9149009462917594,0.9196425339307879,0.9465966711417693,0.9399133494052115,0.9196425234694067,0.880797071719777,0.9433475713074889,0.909907002984195,0.9284087960985615,0.9553191324305557,0.9465966702001758,0.9362850044146327,0.9284087980793998
0.98677717853934,0.9706877708915782,0.9626731103801984,0.9433475703120368,0.9433475796692865,0.9603611604735914,0.9362850119705769,0.9241418142333089,0.9324533158993963,0.9399133563480947,0.9669140193469353,0.95257412564436,0.9553191337026526,0.9603611593390884,0.9496693706075925,0.936285002192296,0.9362850101927077,0.9284087985746093,0.9433475713074889,0.9149009619539554,0.899121373891026
0.9840936072677011,0.7772998663336158,0.6654105653819835,0.5926665999540698,0.766293653760418,0.5621765008857981,0.679178699175393,0.6370307806984444,0.5621765008857981,0.743168019989179,0.6076631627277603,0.766293648423189,0.6224593312018546,0.6076631698328917,0.5926665999540698,0.6370307944803831,0.5621765008857981,0.5312093733737563,0.5774953651858117,0.7549149868676283,0.6926419831347361
0.9919380073917998,0.904650536386234,0.8933093996634686,0.9149009486120849,0.8933094046341533,0.8670357598021707,0.8933093961129794,0.817574471748733,0.8438951005915208,0.8872045847699186,0.8354835432479661,0.7772998714925403,0.8267118004748677,0.8080672158638527,0.8175744828610095,0.8354835411997897,0.8519527944504227,0.7981867753392728,0.8670357494949105,0.8670357649558006,0.8267118004748677
0.9896718494417109,0.8991213671331905,0.8991213664574069,0.8267117898012105,0.8872046049010912,0.8807970701552505,0.8740772417253256,0.8438950986284991,0.8519528000888387,0.851952809486198,0.8267117940706735,0.8740772269642949,0.8933093961129794,0.8175744828610095,0.8438951064805861,0.8596637451167997,0.8519527982093666,0.8740772400852113,0.8740772253241803,0.8596637487122111,0.8740772368049822
0.983085088560713,0.9783846653465639,0.9706877707855824,0.975576910922264,0.9796676461379141,0.9706877704145971,0.970687772322521,0.9820137891167265,0.9740426440266556,0.9783846694432721,0.9688561692404085,0.966914023160595,0.9783846687342265,0.9669140214921189,0.9740426409655244,0.9783846688917921,0.9688561684535629,0.9706877697786225,0.974042643932467,0.9603611624589714,0.9496693668683448
0.9971990726856107,0.9820137923737624,0.9755769114548299,0.9603611583463983,0.9579122678790578,0.9755769122980594,0.9603611645861644,0.9706877703086014,0.968856170252067,0.9796676446909387,0.9740426422841656,0.9830850860518553,0.9724147149752137,0.9820137884916387,0.9835969686558597,0.9770226275810572,0.970687770997574,0.9770226310099106,0.9796676453958755,0.972414715025178,0.9724147162243193
0.9770226296300063,0.9196425311777929,0.8740772286044095,0.9196425251212038,0.8872046011730965,0.7981867705385762,0.8670357512127872,0.8933093982432729,0.880797071719777,0.8991213786215104,0.9046505447409666,0.8991213684847575,0.7772998508568416,0.8670357494949105,0.7310585727705126,0.8175744739711883,0.8175744695262777,0.8991213813246444,0.9284087965937711,0.8670357683915537,0.8519528076067262
0.9820137867150733,0.9669140232797719,0.9783846650708239,0.972414718222888,0.9496693668683449,0.9706877688246606,0.9724147198217428,0.9579122702820997,0.9099070042057363,0.9553191344977131,0.9706877700966099,0.9553191321125315,0.9669140189894048,0.9433475687193132,0.94659667246,0.9496693672244637,0.9496693723881865,0.9553191300453739,0.9706877688776585,0.9724147156247487,0.9399133561377042
0.9859363721948539,0.9783846685372694,0.9770226282501018,0.9465966703884945,0.9433475689184037,0.9603611637352872,0.9706877721105294,0.9688561727250101,0.9553191309994468,0.9553191255930346,0.9579122717840008,0.9669140222071803,0.9706877722695231,0.9648551558730283,0.9648551525886193,0.9496693665122261,0.9603611640189129,0.9241418199787564,0.9525741315347258,0.9626731149315425,0.9399133565584851
0.9947798750971671,0.7662936377487305,0.743168019989179,0.7057850278370112,0.705785040214066,0.7057850216484838,0.679178692681616,0.7662936484231889,0.7310585727705126,0.6926419767901475,0.6926419894793246,0.665410558746814,0.5621765008857981,0.546738151984614,0.6224593312018546,0.6370307944803832,0.6224593312018546,0.5621765008857981,0.6926419767901475,0.6513548714339145,0.6513548782017745
0.9796676452845697,0.9579122701319097,0.9465966728366374,0.9433475764838399,0.9465966711417693,0.9196425245706047,0.9046505434556231,0.899121377945727,0.9465966741548683,0.9196425262224018,0.8991213813246444,0.9149009544128984,0.8872045884979137,0.9149009544128984,0.8872045847699186,0.8872045832787204,0.8933094159957173,0.904650538956921,0.9099070035949656,0.880797068590724,0.8933094096048376
0.987568351033415,0.7772998611746912,0.7879311931529758,0.7981867825403177,0.8080672227971211,0.6791787121629466,0.8175744739711883,0.8438950966654772,0.8438951084436077,0.798186775339273,0.7662936324115011,0.787931190663057,0.8080672066194945,0.7772998663336158,0.7310585669110202,0.7549149868676283,0.6926419831347361,0.6513548782017745,0.5774953651858118,0.7772998560157665,0.8080672112416737
0.99029152534513,0.8175744739711883,0.8175744673038222,0.8933094096048376,0.7431680086124811,0.8596637559030338,0.8080672204860316,0.7772998508568416,0.7310585786300049,0.787931190663057,0.7431680143008301,0.7310585727705126,0.7879312006227324,0.7879312031126512,0.7662936484231889,0.8596637433190939,0.817574471748733,0.8175744806385543,0.731058584489497,0.665410558746814,0.8267117983401363
0.9914225157425912,0.5621765008857982,0.6654105653819836,0.5774953651858118,0.5156199157230156,0.6224593312018546,0.6654105521116443,0.5467381519846138,0.5312093733737563,0.5621765008857981,0.546738151984614,0.40733340004593027,0.5467381519846138,0.43782349911420193,0.4225046348141883,0.4073334000459302,0.4378234991142019,0.5156199157230156,0.3629692055196168,0.5926665999540698,0.43782349911420193
0.9964063977695651,0.9770226304663119,0.966914022326357,0.9362850017478287,0.9399133548753619,0.9362850004144265,0.9626731146638164,0.9496693725662458,0.9465966709534505,0.9688561703644736,0.9496693700734142,0.9669140181551665,0.9669140180359898,0.9648551573889094,0.9706877710505718,0.9465966649272521,0.9399133540338004,0.9603611593390884,0.9241418246795768,0.9433475778774728,0.9553191338616647
0.9890130598791579,0.9924227584940242,0.9796676446538368,0.9867771757930155,0.9850429111427986,0.9820137928343534,0.9820137860899856,0.9908743622992294,0.9770226281664711,0.9808759635985118,0.9755769093689463,0.9796676458039968,0.9783846690887492,0.9648551547361176,0.9770226293791144,0.9553191270241437,0.9465966737782309,0.9603611606154042,0.9525741295151718,0.9648551562519986,0.9626731089077047
0.9950945940669728,0.962673111451103,0.9579122735862823,0.9553191281372286,0.9433475798683769,0.9525741224467326,0.9603611576373339,0.9496693654438695,0.9399133527714579,0.9688561682287499,0.9796676487350494,0.9669140226838877,0.9553191279782165,0.9525741222784364,0.9648551543571473,0.9648551571362625,0.9706877676587071,0.9465966734015935,0.949669365621929,0.9465966747198242,0.9525741266541371
0.9953904273249334,0.9399133525610676,0.9433475697147655,0.9399133460389649,0.9525741248028791,0.9399133546649715,0.9669140250674249,0.9324533158993963,0.9196425311777929,0.9433475701129463,0.9648551501884741,0.9648551525886193,0.9362850088593059,0.9324533013520765,0.9399133435142799,0.9496693661561072,0.939913344566232,0.9324533036984185,0.964855151325385,0.9688561685659695,0.957912271784001
0.9940889312942519,0.9626731143960902,0.9626731119865553,0.9362849986365572,0.9603611582045855,0.9626731118526922,0.95791227058248,0.9553191286142649,0.9241418205010699,0.9399133555065331,0.9603611573537081,0.9648551575152327,0.9399133447766225,0.9496693663341667,0.9603611643025387,0.957912271934191,0.9579122693809591,0.9399133443558416,0.9553191292503134,0.9465966732132747,0.9196425251212037
0.9883127415094654,0.9399133561377043,0.9465966713300878,0.9433475754883879,0.9324533065140289,0.9603611601899656,0.9579122695311493,0.9399133458285746,0.9433475711083984,0.9241418283357703,0.946596667563714,0.9433475750902071,0.9465966702001757,0.9241418257242036,0.9241418121440552,0.9099070005411123,0.9284087975841903,0.9196425273235999,0.9149009486120849,0.8740772384450967,0.8933094081846422
0.9950945953830699,0.9496693693611766,0.9740426456749568,0.9603611614662815,0.9433475786738345,0.9465966703884945,0.952574131703022,0.9603611597645271,0.9648551535992067,0.9496693629510375,0.9706877711565675,0.9669140244715405,0.9603611610408428,0.9706877659627745,0.9449947093828719,0.9637799471260151,0.946596664362296,0.9648551570099391,0.9566341975270266,0.9579122764398942,0.9324533163686646
0.9928785727589637,0.9324533149608595,0.8740772384450967,0.9284087946129328,0.9496693693611766,0.928408800060238,0.9099070072595895,0.8991213772699435,0.8740772400852111,0.9149009613738741,0.893309398243273,0.8740772236840656,0.798186775339273,0.8519528019683106,0.8080672135527632,0.8175744806385543,0.8519528000888386,0.8354835432479661,0.8519528057272544,0.8670357580842941,0.9099070133672954
0.9867771807509813,0.9908743625350274,0.9890130565699295,0.9896718465953815,0.9867771771904815,0.9859363731117174,0.9902915224350989,0.990874362720297,0.9875683481863627,0.989671848213696,0.9867771760968125,0.989013058179004,0.9830850873217709,0.9859363702190771,0.9840936058390232,0.9867771788431368,0.9890130572682071,0.985042913804774,0.9875683495470022,0.9850429111565203,0.9706877679236965
0.9940889299261091,0.8670357460591569,0.9196425388861785,0.8872045959539038,0.8991213826762114,0.9241418163225626,0.9046505299595162,0.9399133458285746,0.9046505344582187,0.8438951005915208,0.9196425229188077,0.8872045825331214,0.8933094053442511,0.9099070115349837,0.9046505312448598,0.92414182206801,0.8991213698363247,0.9196425366837827,0.9099070048165069,0.9465966651155708,0.9399133531922388
0.9970189672909053,0.8740772450055545,0.9362850004144266,0.8991213711878918,0.8670357632379241,0.8596637577007394,0.9324533135530545,0.8670357512127872,0.8354835350552604,0.8596637487122111,0.928408800060238,0.8991213711878918,0.9046505421702797,0.8670357649558006,0.9099070097026719,0.9046505318875316,0.8438951084436077,0.8807970748488297,0.8872045825331214,0.9241418178895029,0.914900952092573
0.9840936078508349,0.9149009491921662,0.9433475691174941,0.9241418215456966,0.936285000858894,0.939913351719506,0.9465966664338018,0.9324533032291501,0.9399133439350608,0.9196425333801889,0.928408795603352,0.9362850026367633,0.9241418215456966,0.9324533022906133,0.9196425377849806,0.9324533041676869,0.9046505351008904,0.943347575090207,0.924141813188682,0.9465966745315055,0.9284088005554475
0.9961755171847558,0.9324533158993962,0.9626731160024468,0.9324533074525657,0.9241418205010699,0.9399133481428691,0.9496693684708796,0.9149009503523291,0.9399133481428691,0.9496693714978895,0.899121377945727,0.936285010637175,0.9362850088593058,0.9099070090919014,0.8933094032139577,0.9046505318875316,0.880797071719777,0.8670357477770337,0.8080672066194946,0.9196425267730008,0.867035752930664
0.909907004816507,0.9669140213729421,0.9755769104784588,0.9770226316371399,0.9796676463234238,0.9579122710330503,0.9669140218496496,0.9669140236373026,0.9770226292536687,0.936285002192296,0.962673113592912,0.968856169352815,0.9525741283370988,0.9706877717395442,0.9324533032291501,0.9706877688776585,0.9830850890562897,0.9688561709265061,0.9626731122542814,0.9820137917486748,0.9688561676667173
0.9944450749336083,0.952574121941844,0.9553191276601922,0.9648551517043553,0.9362850057480347,0.9284087975841903,0.9362850079703712,0.9241418178895028,0.9362850093037731,0.9603611573537082,0.9099070035949656,0.939913343093499,0.9099070054272775,0.9324533093296393,0.9046505395995929,0.880797071719777,0.8740772302445241,0.9324533093296392,0.9046505312448598,0.8596637451167997,0.9046505299595162
0.9975273764769752,0.9783846667646553,0.9724147181229595,0.9783846695220548,0.977022630759019,0.983085082861579,0.974042642048694,0.9740426444975988,0.9648551535992067,0.9626731139945011,0.9433475732983932,0.9603611572118952,0.9626731134590489,0.9755769071943012,0.9688561719381646,0.9669140232797719,0.9669140179168129,0.9626731087738417,0.9820137921105676,0.9465966722716813,0.9626731125220075
0.9896718480994621,0.5156199157230157,0.4687906266262437,0.48438008427698437,0.48438008427698437,0.6076631698328916,0.5312093733737563,0.6076631698328916,0.5312093733737563,0.43782349911420193,0.3775406617944891,0.5,0.4073334000459302,0.48438008427698437,0.45326184801538616,0.46879062662624377,0.5467381519846138,0.5621765008857981,0.5312093733737563,0.5467381519846138,0.4378234991142019
0.9964063970976077,0.8519527963298947,0.8807970748488297,0.8596637469145054,0.8670357632379241,0.8354835432479661,0.8519528019683105,0.8596637451167997,0.8438951104066293,0.8080672204860316,0.8438950986284991,0.7981867849406659,0.7981867729389246,0.8519528019683105,0.7879311981328135,0.8175744739711883,0.8175744761936437,0.8596637451167997,0.8175744828610095,0.8740772351648677,0.7879312031126512
0.9896718464811476,0.9959298621161082,0.9940889321342914,0.9947798752253276,0.9902915225694081,0.9908743647582646,0.9908743636634887,0.9924227595200199,0.9908743611707678,0.9933071496453317,0.9924227601573277,0.9919380100655537,0.9919380085015195,0.9950945951534916,0.9902915253898996,0.993307147862184,0.9928785712312169,0.9924227572369165,0.9921841097446004,0.991422512574637,0.9953904272843379
0.9978172838396416,0.9890130569848481,0.9840936103874668,0.9770226287937005,0.9850429131186981,0.9796676448393464,0.978384668419095,0.9770226302990508,0.9648551559993517,0.9688561669922783,0.9579122690805788,0.9740426406358642,0.9706877707325845,0.9525741251394715,0.9669140183935203,0.9603611648697901,0.9688561680039369,0.9603611580627726,0.9706877703086014,0.9669140198236429,0.9755769074605843
0.9950945943192815,0.7772998611746911,0.8080672181749422,0.8175744806385543,0.7549149813536518,0.7057850278370112,0.6791787121629465,0.7662936324115011,0.7431680029241321,0.7772998560157665,0.7662936484231889,0.6224593312018546,0.7431680143008301,0.6791787056691697,0.6654105720171531,0.7057850278370112,0.6224593241981982,0.7549149813536518,0.6513548714339144,0.7185943925708561,0.7185943925708561
0.9553191324305557,0.9399133559273138,0.8807970826714614,0.914900945711678,0.9149009509324104,0.9149009602137116,0.9465966752847803,0.9496693633071563,0.9579122752383733,0.9362850070814366,0.9149009468718409,0.946596667563714,0.9149009462917594,0.8807970904940926,0.9324533022906133,0.9496693727443053,0.9553191273421681,0.8991213847035617,0.9399133552961427,0.9241418173671895,0.9196425295259959
0.9896718475854093,0.8991213711878918,0.932453310268176,0.8438950947024555,0.8670357632379241,0.8872045937171068,0.8991213759183765,0.8519528076067261,0.8872045877523147,0.8991213826762113,0.8267117962054049,0.8438951064805861,0.8807970811069351,0.8267117898012104,0.8519527982093668,0.8596637523076225,0.8670357477770337,0.8080672181749422,0.8354835452961425,0.8354835432479661,0.8354835350552603
0.995929862316193,0.9953904282693128,0.9950945935646281,0.9926541745460509,0.9883127402616073,0.9924227596355758,0.9902915251123275,0.9947798745603443,0.9902915241900715,0.9908743634024267,0.9933071485463432,0.9914225134379046,0.9908743623329147,0.9919380070492018,0.9928785711093924,0.9953904270471747,0.9908743636719101,0.9940889301641659,0.9928785719193616,0.994779875433286,0.9890130570658079
0.989671848251774,0.9919380100804492,0.9902915244945055,0.9902915212621323,0.9890130576831258,0.9896718453864054,0.9908743626866117,0.9919380101772705,0.9919380092984321,0.9924227581823736,0.9890130554668533,0.9890130568431685,0.9902915218799545,0.9914225163682621,0.9902915245303213,0.9883127404875126,0.985936370283645,0.9890130557603323,0.9783846690493578,0.9850429129952043,0.9883127439083645
0.9820137868137714,0.9706877680826901,0.9648551511990616,0.9648551557467049,0.9740426410126187,0.9740426450156363,0.966914019704466,0.9706877696726268,0.9525741242979906,0.9553191255930346,0.9362850017478287,0.9626731126558705,0.952574127663914,0.9496693659780477,0.9669140218496496,0.9399133548753619,0.9496693716759489,0.9465966686936262,0.928408801050657,0.9603611600481528,0.943347575090207
0.9890130576628857,0.984093604614442,0.9724147190722796,0.9867771761818755,0.9867771771661777,0.9820137897747135,0.9902915226141777,0.980875961746688,0.9840936094836096,0.9875683507933021,0.9902915230708289,0.9830850906049671,0.9808759635635718,0.9820137882613432,0.9740426433202407,0.9706877680826901,0.9755769094577073,0.9850429141203692,0.9755769116767324,0.9740426413893734,0.9808759627948901
0.9669140219688265,0.8438950947024555,0.7981867825403176,0.8080672066194946,0.8807970811069351,0.7549149758396752,0.8670357701094303,0.8438951045175643,0.8670357649558006,0.8354835432479661,0.7662936430859598,0.8175744695262777,0.7431680199891789,0.743168019989179,0.7057850278370112,0.8438951025545426,0.7879312006227324,0.817574471748733,0.7879311931529758,0.7879311906630568,0.7057850216484838
0.9890130550620545,0.9796676455071812,0.9553191309994468,0.9362850013033613,0.9553191300453739,0.9626731129235967,0.9433475776783824,0.9496693636632753,0.9241418231126367,0.9648551519570021,0.9755769086144777,0.9648551496831803,0.9399133552961427,0.9496693675805825,0.962673111584966,0.946596664362296,0.9603611573537082,0.9603611621753457,0.9648551576415562,0.9196425344813868,0.9525741234565096
0.9808759620960887,0.9579122678790579,0.9553191314764831,0.9149009584734676,0.9284087965937711,0.8933094138654242,0.8596637523076225,0.8670357546485408,0.8933093975331752,0.9149009486120849,0.9099069968764882,0.8872045832787204,0.8933094046341532,0.91964253282959,0.9046505325302034,0.8596637433190939,0.8740772236840656,0.8740772466456689,0.8596637451167997,0.8519528000888387,0.9099070005411124
0.9950945952876017,0.7662936430859597,0.8080672204860316,0.8080672112416737,0.7981867753392728,0.7879311881731379,0.7772998611746912,0.7549149978955811,0.817574471748733,0.817574471748733,0.7879311856832191,0.679178699175393,0.7772998663336158,0.6513548646660543,0.7549149868676283,0.7185944046238981,0.6926419767901475,0.6926419831347361,0.7879311881731379,0.7981867777396212,0.7772998663336158
0.9950945947807112,0.9362850070814366,0.9496693641974535,0.9284088074883807,0.955319124956986,0.914900952092573,0.9362850075259039,0.9362850070814366,0.9196425251212037,0.936285010637175,0.9099070035949656,0.9046505421702797,0.9149009619539554,0.8872046011730964,0.8354835411997897,0.8354835309589074,0.8991213725394588,0.8670357460591569,0.9099070127565249,0.899121379297294,0.8670357666736773
0.9399133510883348,0.9196425388861785,0.957912274637613,0.9149009607937928,0.9362850053035673,0.9196425256718028,0.9284088055075428,0.9362849999699593,0.9099070151996071,0.8991213847035617,0.8991213738910259,0.9196425355825848,0.9099070023734244,0.9046505299595163,0.904650536386234,0.9324533022906133,0.8740772368049822,0.936285000858894,0.9362850013033613,0.8991213745668094,0.9099070133672955
0.9940889324900084,0.9937100965562744,0.9944450764590084,0.9867771782233911,0.992422758392475,0.9914225147367658,0.993307148187237,0.9924227591698508,0.99193800759289,0.992878571744856,0.9940889307141594,0.9924227593834539,0.995094594126072,0.994088929857702,0.9944450765387511,0.9937100967949389,0.9902915253719917,0.9956684979131629,0.9940889322136437,0.9933071477012053,0.9953904268869294
0.9940889301094402,0.8596637559030338,0.8991213759183765,0.8991213786215105,0.8872045959539037,0.9099069968764883,0.8438951025545426,0.9046505293168444,0.8267118004748677,0.8872045884979137,0.9149009619539553,0.9241418178895028,0.8872045907347108,0.8807970904940925,0.8596637523076225,0.8354835309589073,0.9046505318875316,0.9046505370289057,0.8807970858005139,0.8991213799730775,0.8354835350552603
0.9933071494936404,0.955319126070071,0.9433475683211323,0.9433475770811112,0.9669140218496496,0.9324533022906133,0.9196425311777929,0.9241418126663686,0.9241418241572634,0.9324533163686646,0.9196425262224018,0.8933094081846421,0.8872045832787205,0.9196425388861784,0.9046505370289059,0.8991213664574069,0.904650538956921,0.9099070121457543,0.9433475721038506,0.9196425245706047,0.9324533060447606
0.9944450746377886,0.9770226292118533,0.9840936082881853,0.9796676473993798,0.970687766227764,0.9808759632840512,0.9783846677494409,0.9770226291282228,0.990874364648787,0.9783846650314324,0.9796676472880741,0.9796676449506523,0.9706877695666309,0.9770226301317897,0.9783846660950011,0.9740426425667315,0.9808759642274331,0.9796676449135503,0.9808759628647703,0.9755769089695217,0.974042641059713
0.9783846649526495,0.9883127444462342,0.983085085649199,0.9706877693016416,0.982013790366902,0.9783846652283895,0.9770226281664712,0.9648551571362625,0.970687767711705,0.974042641766128,0.9688561663178391,0.9688561722753841,0.9706877726405083,0.962673113592912,0.9724147200715638,0.949669366512226,0.9648551505674444,0.9465966722716813,0.9284088074883808,0.8807970795424087,0.8438951084436077
0.9875683467342515,0.9740426404945811,0.9830850906359406,0.98308509054302,0.9796676486237437,0.9808759628997104,0.972414720821027,0.9783846658586525,0.9525741248028791,0.9496693713198301,0.9688561682287499,0.9740426452511078,0.943347580863829,0.9465966700118571,0.9755769077268673,0.952574131703022,0.9706877707325845,0.9755769106559808,0.9669140233989488,0.9669140220880033,0.9783846677888324
0.9961755165895444,0.9706877665987492,0.9553191344977131,0.974042643226052,0.9808759620262085,0.9755769089251412,0.9770226305081272,0.9840936091920426,0.9783846648738668,0.978384665819261,0.9783846660162181,0.9802808719286589,0.9770226286682546,0.9777138143796023,0.9808759651009348,0.978384667670658,0.9755769079931504,0.9740426408713357,0.9724147177232458,0.9808759639828526,0.9850429127482169
0.9914225141823739,0.6791787056691697,0.7549149758396752,0.7662936377487305,0.8267117898012104,0.808067208930584,0.8438950947024555,0.8354835432479661,0.8080672112416737,0.679178699175393,0.7431680029241321,0.7981867729389246,0.7310585727705126,0.651354857898194,0.731058584489497,0.7057850278370112,0.743168019989179,0.7772998714925403,0.8354835452961425,0.6370308013713525,0.7310585669110203
0.9964063979046235,0.9867771757565598,0.9890130553555335,0.9914225149268431,0.9850429128991537,0.9867771764127613,0.9850429151769263,0.9724147205712059,0.9808759624454894,0.9808759618165681,0.9755769098571317,0.9796676485866417,0.9706877660687703,0.9706877703086013,0.9688561696900345,0.9740426443563158,0.9740426439324669,0.9706877669167365,0.9783846690099663,0.9626731157347208,0.9783846662919582
0.9928785702105241,0.9603611574955211,0.932453304167687,0.9284087931273041,0.9284088055075428,0.9399133546649716,0.9399133529818484,0.9603611640189129,0.9362850030812306,0.952574122951621,0.9241418241572634,0.936285010637175,0.9399133481428691,0.9553191322715436,0.932453310268176,0.9433475756874783,0.9648551553677347,0.946596666998758,0.9046505267461572,0.9579122737364724,0.9284088030314952
0.9953904278889971,0.952574122783325,0.9433475778774728,0.9465966679403514,0.9433475740947549,0.9553191324305557,0.9496693641974536,0.9433475768820208,0.9362850066369692,0.9465966743431868,0.949669370785652,0.9196425234694067,0.9046505267461572,0.9046505299595162,0.9525741258126561,0.9496693649096912,0.9465966703884945,0.9603611645861644,0.9046505370289057,0.9099070017626537,0.9399133565584851
0.9944450760988802,0.9740426440737499,0.9820137898734117,0.9648551541045005,0.949669370785652,0.9579122767402743,0.9603611654370415,0.9626731123881445,0.962673111584966,0.9603611630262229,0.9706877711565676,0.9688561707016932,0.9241418283357702,0.9648551559993518,0.9284088050123334,0.9399133443558416,0.9196425383355795,0.9399133548753619,0.9525741300200604,0.9579122702820998,0.9433475697147654
0.9944450751676917,0.7431680143008301,0.8080672158638527,0.7549149868676283,0.7185943985973772,0.7662936430859597,0.7879311981328134,0.754914997895581,0.7431680029241321,0.6370307806984444,0.718594386544335,0.7879312006227324,0.6926419894793248,0.6513548714339145,0.7057850216484838,0.6926419831347361,0.6513548511303338,0.7057850154599562,0.7310585786300049,0.7981867801399695,0.6076631698328916
0.9553191309994468,0.9648551541045004,0.9783846679857895,0.9724147209709197,0.9626731102463354,0.9755769103896978,0.9706877688246607,0.974042641624845,0.9724147176732816,0.9770226290445923,0.9724147206211702,0.9603611624589715,0.9648551544834707,0.9740426456278625,0.9850429153278629,0.9783846656223039,0.9724147183727806,0.9740426421899768,0.9796676461008123,0.9724147182228879,0.9755769094577073
0.9933071486577899,0.8596637487122111,0.9046505338155469,0.8519527944504227,0.8740772384450967,0.8670357494949105,0.8740772417253255,0.8872045840243195,0.8807970873650401,0.8807970842359876,0.8807970654616711,0.8933094032139577,0.8080672204860317,0.8354835309589074,0.8933094096048376,0.8267117919359419,0.8438951025545426,0.8080672227971211,0.7879312031126511,0.8933093989533708,0.8267117919359419
0.9947798743112779,0.977022628417363,0.9579122762897041,0.9579122765900843,0.9496693661561072,0.939913351719506,0.9525741271590256,0.962673109443157,0.9284088060027523,0.9770226321389233,0.9669140208962347,0.960361158630024,0.9284087980793998,0.966914022326357,0.9241418215456966,0.9046505299595162,0.9362849999699593,0.9149009642742805,0.9284087941177231,0.9284088040219142,0.9284087965937711
