0,1,2,3,4,5,6,7,8,9,10,11,12,13,14,15,16,17,18,19,20
0.9669140223263571,0.8670357477770336,0.8807970858005139,0.8519527982093666,0.8354835452961425,0.7772998508568416,0.7981867681382279,0.7981867681382279,0.7981867681382279,0.7981867705385762,0.817574471748733,0.8519527982093666,0.8670357632379241,0.817574471748733,0.7981867705385762,0.7981867753392728,0.7981867777396212,0.8354835330070839,0.8519527963298947,0.8175744739711883,0.8519527982093666
0.8933093968230773,0.9324533088603709,0.9324533018213449,0.9324533088603709,0.9525741285053949,0.9399133527714579,0.9324533088603709,0.9579122749379931,0.9626731117188292,0.9579122753885635,0.9669140217304727,0.9626731117188292,0.9626731117188292,0.9626731158685837,0.9579122753885635,0.9626731117188292,0.9626731117188292,0.9706877680826902,0.9740426457691455,0.9740426457691455,0.9770226280828406
0.8519528076067262,0.880797071719777,0.880797071719777,0.8807970858005139,0.8933094032139577,0.9046505383142494,0.9241418163225626,0.9149009625340367,0.9241418257242036,0.9241418257242036,0.9399133473013075,0.9241418257242036,0.9241418257242036,0.946596671895044,0.946596671895044,0.9525741290102834,0.9465966662454831,0.9525741290102834,0.9465966662454831,0.9241418257242036,0.9465966662454831
0.8670357494949105,0.3486451285660856,0.3775406687981454,0.4378234991142019,0.43782349911420193,0.4378234991142019,0.43782349911420193,0.4378234991142019,0.4378234991142019,0.4687906266262437,0.4687906266262437,0.4687906266262437,0.5,0.5312093733737563,0.5,0.5312093733737563,0.5621765008857982,0.5312093733737563,0.5621765008857981,0.5312093733737563,0.5312093733737563
0.8807970795424088,0.4073334000459302,0.4687906266262437,0.5312093733737562,0.5312093733737562,0.5,0.5621765008857981,0.5312093733737563,0.5621765008857981,0.5621765008857981,0.5926665999540698,0.6224593312018546,0.5926665999540698,0.5926665999540698,0.6224593312018546,0.5621765008857981,0.5926665999540698,0.6224593312018546,0.6513548714339145,0.6791787056691698,0.6791787056691698
0.8933094124452287,0.8933094003735664,0.8519528019683106,0.8670357546485407,0.8670357512127872,0.8670357666736772,0.8807970889295663,0.8933093954028816,0.9046505286741727,0.9046505402422645,0.9046505286741727,0.8807970779778824,0.8807970670261976,0.8933093954028816,0.8670357580842941,0.8670357701094303,0.8807970779778824,0.8933094074745443,0.9046505421702797,0.9046505331728752,0.9046505331728752
0.8933094174159127,0.9796676472509721,0.9796676449506523,0.982013792702756,0.9820137863531804,0.9840936106790336,0.9840936088421623,0.9859363705031758,0.9890130559829715,0.9875683494898325,0.9875683494898325,0.9875683494898325,0.9875683494898325,0.9840936106790336,0.9859363721431995,0.9890130585433228,0.9875683509305094,0.9875683509305094,0.9902915219247241,0.9890130598791579,0.9902915219247241
0.705785040214066,0.8519527944504227,0.8354835411997897,0.8175744828610095,0.8175744828610095,0.8175744673038222,0.8354835432479661,0.8519527944504227,0.8519527944504227,0.8670357701094303,0.8807970826714614,0.8807970826714614,0.880797071719777,0.880797071719777,0.8807970826714614,0.8933094131553264,0.904650536386234,0.9046505248181417,0.9046505267461572,0.8933094131553264,0.9046505383142494
0.9324533126145179,0.6791786926816161,0.7057850278370112,0.7310585727705126,0.7057850340255386,0.7310585727705126,0.7772998611746912,0.7772998611746912,0.8175744828610095,0.8175744828610095,0.7981867825403176,0.7772998714925403,0.7981867681382279,0.7549149923816048,0.7549149868676284,0.7772998611746912,0.7981867681382279,0.8354835289107309,0.8354835289107309,0.8354835330070838,0.8354835330070838
0.9525741244662868,0.8519528000888386,0.8670357666736772,0.8519527982093666,0.8354835452961425,0.817574471748733,0.7981867705385762,0.8354835330070839,0.8354835330070839,0.8354835350552604,0.8519528000888386,0.8519528000888386,0.8354835330070839,0.8175744761936437,0.7981867825403176,0.8175744806385543,0.8354835371034368,0.8670357632379241,0.8807970889295663,0.8670357666736772,0.8933094152856197
0.8354835330070838,0.8519527944504227,0.880797068590724,0.8933094110250331,0.9046505344582187,0.9046505344582187,0.9149009491921664,0.9241418152779358,0.9324533079218341,0.9399133458285746,0.9399133458285746,0.9399133527714579,0.9324533088603709,0.9324533158993963,0.9465966713300878,0.9579122699817195,0.9525741229516211,0.9525741285053949,0.9579122753885635,0.9579122753885635,0.9525741290102834
0.8807970654616711,0.9241418267688302,0.9324533097989077,0.9241418257242036,0.9399133473013075,0.9399133464597458,0.9399133536130196,0.9525741290102834,0.9626731161363099,0.9669140220880033,0.9669140181551665,0.9669140220880033,0.9579122758391339,0.9626731161363099,0.9579122707326702,0.9626731121204183,0.9706877682416838,0.9626731121204183,0.9796676471767684,0.9770226280828406,0.9796676448393464
0.817574471748733,0.8175744761936437,0.8354835330070839,0.8175744739711883,0.8519527963298947,0.8175744739711883,0.8354835330070839,0.8670357632379241,0.8354835350552604,0.8670357666736772,0.8670357546485407,0.8519528076067261,0.8519528038477825,0.8354835432479661,0.8519528019683106,0.8670357666736772,0.8807970889295663,0.9046505402422645,0.9046505402422645,0.8933093954028816,0.8807970701552505
0.9740426434615237,0.9241418126663686,0.904650538956921,0.8670357683915538,0.8519527963298947,0.8175744761936437,0.8354835452961425,0.8354835330070838,0.8519527963298947,0.8670357615200474,0.8519527982093666,0.8670357460591569,0.8933093975331751,0.8519527982093666,0.8519527963298947,0.8670357580842941,0.8670357580842941,0.8807970732843033,0.8933094103149355,0.8807970701552505,0.8933094103149355
0.9820137863531804,0.7549149978955811,0.7772998560157665,0.7981867753392728,0.7549149813536518,0.7310585786300049,0.7057850340255386,0.7772998663336158,0.7772998663336158,0.7772998663336158,0.8175744761936437,0.7981867681382279,0.7772998663336158,0.7310585903489891,0.7310585903489891,0.7549149868676284,0.7310585727705126,0.7981867753392728,0.8175744761936437,0.8175744828610095,0.7981867777396212
0.9149009486120849,0.5312093733737562,0.5621765008857981,0.5312093733737563,0.6224593312018546,0.5621765008857981,0.5926665999540698,0.6224593241981982,0.6513548782017745,0.7310585844894971,0.7310585844894971,0.6513548646660542,0.6791786926816161,0.6513548646660543,0.6513548646660543,0.6791786926816161,0.679178699175393,0.7549149813536518,0.7549149978955811,0.7772998663336157,0.7549149868676283
0.914900957313305,0.9046505383142494,0.9241418163225626,0.9241418163225626,0.9324533158993963,0.9324533079218341,0.9399133527714579,0.9579122749379931,0.9525741285053949,0.9669140217304727,0.9579122704322899,0.9579122704322899,0.9579122704322899,0.9525741234565096,0.9525741234565096,0.946596671895044,0.9626731158685837,0.9669140217304727,0.9706877680826902,0.9706877715275528,0.9669140181551665
0.8807970732843033,0.9399133473013075,0.9579122758391339,0.9579122758391339,0.952574129515172,0.94659667246,0.946596671895044,0.9525741239613982,0.9626731161363099,0.9626731161363099,0.9626731161363099,0.962673116537899,0.9669140220880033,0.9626731161363099,0.9626731168056251,0.9579122716338109,0.9669140186318741,0.9669140223263571,0.9626731123881445,0.9669140223263571,0.9706877719515358
0.6791787056691698,0.9465966675637141,0.9525741295151718,0.9465966688819449,0.9399133435142799,0.9399133515091156,0.9399133435142799,0.9399133563480947,0.9324533158993963,0.9324533140223229,0.9324533130837861,0.9399133523506772,0.9324533018213449,0.9465966739665496,0.9399133498259924,0.9399133540338004,0.9465966651155708,0.9579122759893239,0.9525741269907294,0.9465966688819449,0.9399133483532596
0.7549149868676283,0.5,0.4687906266262437,0.4687906266262437,0.5,0.5,0.5312093733737563,0.5312093733737563,0.5,0.4687906266262437,0.5,0.5,0.5621765008857982,0.5312093733737562,0.5312093733737562,0.5926665999540698,0.6513548646660542,0.6224593312018546,0.6224593312018546,0.6224593382055109,0.5926665999540698
0.9046505331728752,0.9399133481428691,0.9324533107374443,0.9324533036984185,0.9465966732132747,0.9399133481428691,0.9399133473013075,0.9465966662454831,0.952574129515172,0.94659667246,0.9626731121204183,0.9626731161363099,0.9579122758391339,0.9525741244662868,0.9626731123881445,0.962673116537899,0.952574129515172,0.9626731123881445,0.9626731121204183,0.9626731123881445,0.9626731168056251
0.8519528019683105,0.5621765008857982,0.5621765008857981,0.5621765008857981,0.5312093733737562,0.5621765008857981,0.6224593312018545,0.5926665999540698,0.5621765008857981,0.5621765008857981,0.5926665999540698,0.5926665999540698,0.5621765008857982,0.5926665999540698,0.5926665999540698,0.6513548511303338,0.651354857898194,0.7057850402140659,0.7057850340255386,0.6791786926816161,0.6513548714339145
0.9579122711832405,0.5312093733737563,0.5621765008857981,0.5621765008857981,0.5312093733737563,0.5312093733737563,0.5621765008857981,0.5621765008857981,0.5926665999540698,0.6224593312018546,0.6224593382055109,0.5621765008857981,0.5312093733737563,0.5926665999540698,0.5926665999540698,0.5312093733737563,0.5621765008857982,0.5926665999540698,0.6224593382055109,0.6224593312018546,0.6224593312018546
0.962673116537899,0.651354857898194,0.6224593241981982,0.6791787121629466,0.6791787121629466,0.6513548714339145,0.6513548714339145,0.6513548782017745,0.6791787056691698,0.7057850216484838,0.7057850340255386,0.7549149868676284,0.7310585727705126,0.7057850340255386,0.7057850278370112,0.7057850278370112,0.679178699175393,0.7057850278370112,0.7310585844894971,0.7310585844894971,0.7310585844894971
0.8933094152856196,0.9525741301883566,0.9626731123881445,0.9626731123881445,0.9579122758391339,0.952574129515172,0.9525741290102834,0.9579122707326702,0.9626731121204183,0.9669140183935203,0.9669140183935203,0.962673116537899,0.9669140183935203,0.9669140223263571,0.962673116537899,0.9626731168056251,0.9669140183935203,0.9706877717395442,0.9706877717395442,0.9706877684536753,0.9706877719515358
0.6791786861878392,0.7981867777396212,0.7057850402140659,0.7549149868676283,0.7549149923816046,0.7310585786300049,0.7549149923816046,0.7772998611746912,0.7772998663336158,0.7772998663336158,0.7310585727705126,0.7772998663336158,0.7549149813536518,0.7981867705385762,0.817574471748733,0.817574471748733,0.8354835330070839,0.8354835371034368,0.8354835411997897,0.8354835411997897,0.8175744828610095
0.8670357546485407,0.8354835411997897,0.7549149923816048,0.7981867681382279,0.7772998714925403,0.7981867801399695,0.7772998714925403,0.7772998560157665,0.7981867705385763,0.7981867705385763,0.7981867705385762,0.7772998663336158,0.7981867753392728,0.8175744828610095,0.8175744784160989,0.8670357460591569,0.8670357460591569,0.8670357494949105,0.8354835371034368,0.8354835391516133,0.8519527963298947
0.5621765008857982,0.5926665999540698,0.5312093733737563,0.5621765008857981,0.5621765008857981,0.5312093733737563,0.5312093733737563,0.5926665999540698,0.5312093733737563,0.5621765008857982,0.5926665999540698,0.6224593312018546,0.6224593312018546,0.6513548646660542,0.6791786926816161,0.679178699175393,0.7310585844894971,0.7310585727705126,0.7772998663336158,0.7772998560157665,0.7549149923816048
0.9706877719515358,0.7310585844894971,0.7310585727705126,0.7057850278370112,0.7057850340255386,0.679178692681616,0.6791787121629465,0.7310585669110203,0.7310585727705126,0.7310585786300049,0.7310585786300049,0.7549149868676284,0.679178699175393,0.7057850216484838,0.7057850216484838,0.6224593382055109,0.679178699175393,0.7057850154599562,0.7310585903489892,0.7549149813536518,0.7310585727705126
0.8670357494949105,0.5,0.5621765008857981,0.5621765008857981,0.5621765008857982,0.5926665999540698,0.5621765008857981,0.5926665999540698,0.5926665999540697,0.6224593312018546,0.6224593312018546,0.6224593312018546,0.6513548511303338,0.6513548714339145,0.5926665999540698,0.6224593312018546,0.6513548646660543,0.6224593382055109,0.6513548646660543,0.651354857898194,0.651354857898194
0.8933093996634686,0.8933094152856197,0.8519528000888386,0.8933094152856197,0.8933094152856197,0.8807970889295663,0.8933094152856197,0.9046505286741727,0.9149009636941993,0.9149009636941993,0.9149009538328171,0.9241418116217417,0.9046505440982948,0.9149009555730611,0.9149009486120849,0.9046505440982948,0.9046505440982948,0.9046505440982948,0.9324533126145179,0.9149009584734676,0.9324533126145179
0.880797085800514,0.9820137865176772,0.9840936070052909,0.9820137865176772,0.9820137885903368,0.982013792702756,0.9820137906300969,0.9820137885903368,0.9859363754878143,0.987568346665648,0.9840936071219176,0.9840936089587891,0.9859363739510995,0.9859363706064844,0.9840936089587891,0.9820137866492746,0.9820137887219342,0.9875683495584362,0.9875683495584362,0.987568346665648,0.987568346665648
0.9241418152779358,0.5926665999540698,0.5926665999540698,0.6513548714339145,0.6513548782017745,0.6513548714339145,0.679178692681616,0.7057850278370112,0.7310585727705126,0.7310585786300049,0.7057850154599563,0.7057850216484838,0.6513548714339144,0.6513548714339144,0.7057850278370112,0.7310585844894971,0.7549149978955811,0.7772998663336157,0.7981867825403176,0.7772998714925403,0.7772998714925403
0.7057850340255386,0.8670357477770336,0.8670357598021707,0.8519527982093666,0.8670357632379241,0.8354835350552604,0.8354835350552604,0.8354835350552604,0.8519528000888386,0.8354835371034368,0.8519528019683106,0.8670357701094303,0.8519527944504227,0.8519528076067261,0.8933094053442511,0.8807970779778824,0.9046505312448598,0.9046505402422645,0.9149009636941993,0.8807970670261976,0.8933094074745443
0.9324533149608595,0.6513548782017745,0.6513548646660542,0.7057850340255386,0.7057850340255386,0.7057850278370112,0.7310585786300049,0.7549149923816048,0.7981867777396212,0.7981867777396212,0.8175744806385543,0.7549149758396752,0.7549149813536518,0.7310585669110203,0.7057850278370112,0.7057850154599563,0.7310585844894971,0.7310585844894971,0.7981867777396212,0.7981867753392728,0.8175744761936437
0.979667647362278,0.6224593312018545,0.6513548511303338,0.7057850216484838,0.6513548782017745,0.6224593312018546,0.6513548511303338,0.6513548646660542,0.6513548511303338,0.679178699175393,0.7310585786300049,0.6791786926816161,0.6513548714339145,0.6513548646660542,0.651354857898194,0.6513548646660543,0.6791786861878392,0.6791786861878392,0.7057850154599562,0.7057850278370112,0.6791787056691698
0.8807970764133561,0.817574471748733,0.7772998663336158,0.7772998560157665,0.7549149813536518,0.7772998611746912,0.7981867753392728,0.7981867753392728,0.7772998560157665,0.8175744761936437,0.8519528000888386,0.8519528000888386,0.8519528000888386,0.8807970858005139,0.8807970748488296,0.8933093975331751,0.8933094074745443,0.8933093954028816,0.8807970811069351,0.8807970842359877,0.9046505421702797
0.8807970795424088,0.9740426434615237,0.9770226313026177,0.9770226286682547,0.9770226286682547,0.9770226285428087,0.9740426404003925,0.9770226311771718,0.9796676451361619,0.9840936107956604,0.9840936089587891,0.9820137907945936,0.9840936107956604,0.9820137928672527,0.9820137928672527,0.9770226313026177,0.9840936089587891,0.9840936089587891,0.9820137865176772,0.9840936071219176,0.984093605285046
0.9840936088421623,0.9525741229516211,0.9626731158685837,0.9579122711832405,0.952574129515172,0.9399133544545811,0.9324533027598817,0.9399133473013075,0.9324533018213449,0.9241418163225626,0.9399133536130196,0.9399133536130196,0.9324533027598817,0.9399133473013075,0.9324533027598817,0.9241418178895029,0.9324533097989077,0.9399133473013075,0.9399133473013075,0.9324533027598817,0.9324533107374443
0.5926665999540698,0.5926665999540698,0.5621765008857981,0.5312093733737563,0.5312093733737562,0.5621765008857981,0.5621765008857981,0.5926665999540698,0.5621765008857981,0.5926665999540698,0.5926665999540698,0.5926665999540697,0.6224593312018546,0.5621765008857982,0.5926665999540698,0.5926665999540698,0.6513548646660542,0.6224593312018545,0.679178699175393,0.6791786926816161,0.679178699175393
0.8807970873650401,0.4073334000459302,0.46879062662624377,0.4378234991142019,0.4687906266262437,0.4687906266262437,0.5,0.4687906266262437,0.5312093733737563,0.5621765008857981,0.6224593382055109,0.5926665999540698,0.5621765008857981,0.5312093733737563,0.5621765008857981,0.5621765008857981,0.5926665999540697,0.6224593312018546,0.6224593241981982,0.6791787056691698,0.6791786926816161
0.7981867729389246,0.7549149758396752,0.7310585844894971,0.7310585786300049,0.7310585786300049,0.6791787121629466,0.7057850216484838,0.7310585727705126,0.7057850154599563,0.7310585844894971,0.7310585786300049,0.7057850278370112,0.7057850340255386,0.7310585727705126,0.7057850154599563,0.679178692681616,0.7057850154599563,0.7057850340255386,0.7057850216484838,0.7057850278370112,0.7549149923816048
0.5926665999540697,0.9399133464597458,0.9324533097989077,0.9399133473013075,0.9149009538328171,0.9241418267688302,0.9324533097989077,0.9149009636941993,0.9241418178895029,0.9399133544545811,0.9241418267688302,0.9399133544545811,0.9324533107374443,0.9399133489844307,0.9465966681286702,0.9525741244662868,0.9579122716338109,0.9626731126558705,0.9525741301883566,0.9525741249711753,0.9399133561377042
0.8519527982093666,0.8807970858005139,0.8519527982093666,0.8670357632379241,0.8670357598021707,0.8670357632379241,0.8807970889295663,0.8670357666736772,0.8933094053442511,0.8933094032139577,0.8807970858005139,0.8807970748488296,0.8933094053442511,0.8670357666736772,0.8670357666736772,0.8519528019683106,0.8670357666736772,0.8519528038477825,0.8670357701094303,0.8519527944504227,0.8670357546485407
0.9324533149608595,0.9579122704322899,0.9579122758391339,0.9626731121204183,0.9669140181551665,0.9626731121204183,0.9626731161363099,0.9669140181551665,0.9740426399294493,0.9740426399294493,0.9740426429905804,0.9706877682416838,0.9706877682416838,0.9669140183935203,0.9626731121204183,0.9669140183935203,0.9669140220880033,0.9669140220880033,0.9669140183935203,0.9706877717395442,0.9669140225647108
0.9324533107374443,0.977022628417363,0.9740426433202407,0.9740426404003925,0.9669140225647108,0.9706877721635273,0.9706877688776584,0.9706877688776584,0.9770226311771718,0.9706877688776584,0.9669140193469353,0.9669140230414183,0.9669140230414183,0.9706877723225209,0.9669140228030646,0.9706877721635273,0.9669140191085817,0.9669140193469353,0.9706877725345124,0.9740426406829584,0.9740426408713357
0.7549149923816048,0.8933094152856197,0.8807970748488296,0.9046505383142494,0.9149009625340367,0.9046505286741727,0.9149009625340367,0.9046505286741727,0.9046505286741727,0.9149009625340367,0.9046505402422645,0.9149009636941993,0.8933093954028816,0.9149009538328171,0.9046505312448598,0.9046505312448598,0.9241418189341296,0.9324533116759811,0.9241418126663686,0.9324533116759811,0.9241418231126367
0.8175744828610095,0.34864514210180597,0.3775406687981454,0.46879062662624377,0.46879062662624377,0.5312093733737563,0.5312093733737563,0.5,0.5621765008857981,0.5926665999540698,0.5312093733737562,0.5312093733737562,0.5926665999540697,0.6224593312018545,0.6513548714339145,0.6513548646660543,0.679178699175393,0.651354857898194,0.6224593382055109,0.5926665999540698,0.6224593312018546
0.880797085800514,0.5312093733737562,0.5926665999540697,0.5926665999540698,0.6513548511303338,0.651354857898194,0.6224593312018546,0.5926665999540698,0.6224593241981982,0.6224593312018545,0.6224593382055109,0.6513548646660543,0.6791787056691698,0.651354857898194,0.679178692681616,0.6224593312018546,0.6224593312018546,0.7057850216484838,0.7057850154599562,0.7057850154599562,0.731058584489497
0.5312093733737563,0.679178692681616,0.6513548782017745,0.6791787056691698,0.6791787121629465,0.6513548714339145,0.6791787056691698,0.6791787056691698,0.6791787121629466,0.7057850402140659,0.7057850278370112,0.7057850340255386,0.7057850340255386,0.6513548714339145,0.6513548646660542,0.7057850340255386,0.7057850340255386,0.7310585669110203,0.7549149868676284,0.7549149813536518,0.7057850154599563
0.8354835371034368,0.8354835411997897,0.8519528057272543,0.8519528038477824,0.8670357666736773,0.8807970811069351,0.880797068590724,0.8670357701094303,0.8807970826714614,0.8933094110250331,0.9046505267461572,0.9046505267461572,0.9046505383142494,0.9046505286741727,0.8807970889295663,0.8933094152856197,0.9149009607937928,0.8933094032139577,0.9046505286741727,0.8933094152856197,0.9046505286741727
0.7981867753392728,0.5621765008857981,0.46879062662624377,0.5,0.5,0.46879062662624377,0.5621765008857981,0.5,0.5312093733737563,0.5312093733737562,0.5,0.5312093733737563,0.5,0.46879062662624377,0.5,0.5,0.5621765008857982,0.5926665999540698,0.5926665999540698,0.6224593312018546,0.5926665999540698
0.651354857898194,0.7310585727705127,0.7549149923816046,0.7549149923816046,0.7310585727705127,0.7549149978955811,0.7549149868676284,0.7772998508568416,0.7772998508568416,0.7549149868676284,0.7549149923816048,0.7549149868676284,0.7772998611746912,0.7981867753392728,0.7549149923816048,0.731058584489497,0.7549149923816048,0.7549149923816048,0.7772998560157665,0.7981867753392728,0.7549149813536518
0.9149009468718409,0.9399133527714579,0.9465966654922082,0.9465966654922082,0.9465966654922082,0.9579122749379931,0.9525741229516211,0.9669140254249554,0.9669140254249554,0.9706877713685591,0.9770226306753884,0.9740426457691455,0.9740426427080145,0.9740426427080145,0.9669140254249554,0.9669140254249554,0.9740426457691455,0.9770226306753884,0.9796676470654625,0.9796676470654625,0.9820137861886836
0.952574129515172,0.4073334000459302,0.4687906266262437,0.5,0.5312093733737563,0.5312093733737563,0.4687906266262437,0.5,0.4687906266262437,0.5,0.5,0.5,0.5,0.5,0.5,0.5,0.46879062662624377,0.5,0.46879062662624377,0.43782349911420193,0.5
0.6224593312018546,0.7310585786300049,0.7310585727705126,0.7310585727705126,0.7057850216484838,0.6791786926816161,0.6791786991753929,0.7310585727705126,0.7057850154599563,0.7310585727705126,0.7057850278370112,0.7057850154599563,0.7549149923816048,0.7057850216484838,0.651354857898194,0.7057850278370112,0.6791786991753929,0.7310585903489892,0.731058584489497,0.7310585786300049,0.7310585727705126
0.7549149813536518,0.5,0.4687906266262437,0.5,0.5312093733737563,0.5621765008857982,0.5621765008857981,0.5926665999540698,0.6224593382055109,0.6224593382055109,0.6513548646660542,0.6513548782017745,0.6791787121629465,0.6791787121629465,0.7310585727705127,0.7549149923816046,0.7549149868676283,0.7772998663336158,0.7549149923816046,0.7772998663336158,0.7772998663336158
0.9149009613738741,0.9149009538328171,0.9046505286741727,0.9046505312448598,0.9149009636941993,0.9149009538328171,0.9241418267688302,0.9241418267688302,0.9399133544545811,0.9399133473013075,0.9241418116217417,0.9241418116217417,0.9324533116759811,0.9241418215456966,0.9046505254608136,0.9149009486120849,0.9149009486120849,0.9241418205010699,0.9241418231126367,0.9241418137109955,0.9324533060447605
0.817574478416099,0.9241418189341296,0.9399133473013075,0.946596667563714,0.9465966732132747,0.9399133552961427,0.9465966732132747,0.9324533107374443,0.9324533107374443,0.9399133552961427,0.9399133552961427,0.9241418205010699,0.9399133552961427,0.9241418126663686,0.9324533046369553,0.9399133561377042,0.9399133498259924,0.9465966686936262,0.9465966681286702,0.9399133498259924,0.9399133435142798
0.8670357529306639,0.5,0.5926665999540698,0.6513548646660542,0.7057850340255386,0.7057850278370112,0.7310585786300049,0.7310585786300049,0.7549149813536518,0.7549149813536518,0.7549149923816048,0.7310585786300049,0.7310585844894971,0.7057850278370112,0.7310585844894971,0.7549149868676284,0.7772998663336158,0.7772998714925403,0.7981867753392728,0.7772998714925403,0.7310585727705126
0.7549149923816048,0.8354835432479661,0.8175744673038222,0.8175744828610095,0.8354835432479661,0.817574471748733,0.8175744673038222,0.8519527944504227,0.8519527944504227,0.880797071719777,0.880797071719777,0.880797071719777,0.8670357632379241,0.8933094003735664,0.8933094131553264,0.9149009509324104,0.9149009509324104,0.914900952092573,0.914900952092573,0.9046505267461572,0.914900952092573
0.8175744761936437,0.9525741239613982,0.9525741239613982,0.962673116537899,0.9579122711832405,0.952574129515172,0.9579122711832405,0.9465966737782309,0.9465966737782309,0.9525741301883566,0.952574130693245,0.9579122716338109,0.9579122716338109,0.9579122716338109,0.9525741249711753,0.9525741249711753,0.9626731089077049,0.9626731130574597,0.9579122723847614,0.9579122723847614,0.9626731133251858
0.5926665999540697,0.9399133521402868,0.9399133458285746,0.9525741229516211,0.9465966654922082,0.9399133527714579,0.9465966654922082,0.9324533158993963,0.9399133458285746,0.9399133527714579,0.9324533018213449,0.9399133527714579,0.9324533088603709,0.9465966654922082,0.9465966654922082,0.9399133464597458,0.9465966662454831,0.9525741290102834,0.9579122753885635,0.9579122753885635,0.9465966662454831
0.7310585727705127,0.4073334000459302,0.4073334000459302,0.4073334000459302,0.43782349911420193,0.46879062662624377,0.46879062662624377,0.5,0.4687906266262437,0.46879062662624377,0.43782349911420193,0.4073334000459302,0.4073334000459302,0.4073334000459302,0.4687906266262437,0.4687906266262437,0.5621765008857981,0.5621765008857981,0.5621765008857982,0.5312093733737563,0.5312093733737563
0.817574478416099,0.9324533107374443,0.9324533116759811,0.9465966737782309,0.9324533046369553,0.9399133498259924,0.9465966707651318,0.9399133458285746,0.9399133449870128,0.9399133521402868,0.9399133529818484,0.9399133458285746,0.9399133458285746,0.9525741214369554,0.952574131703022,0.946596664362296,0.9579122686300084,0.9525741224467326,0.9579122740368526,0.9465966656805269,0.9465966656805269
0.7772998663336158,0.8519528038477824,0.8354835371034368,0.8670357701094303,0.8807970826714614,0.8933094110250331,0.9046505248181417,0.9241418152779358,0.9149009509324104,0.9241418241572634,0.9324533158993963,0.9241418241572634,0.9241418241572634,0.9399133527714579,0.9399133527714579,0.9399133464597458,0.9399133464597458,0.9399133527714579,0.9465966662454831,0.9399133464597458,0.9324533018213449
0.7310585727705126,0.4687906266262437,0.3775406687981454,0.4687906266262437,0.5,0.5,0.5312093733737563,0.5312093733737563,0.5312093733737563,0.5312093733737563,0.5621765008857981,0.5,0.5312093733737563,0.5926665999540698,0.5926665999540698,0.6224593312018545,0.6224593312018545,0.6224593312018545,0.6513548646660542,0.6224593312018546,0.5926665999540698
0.6224593382055109,0.8933094110250331,0.904650536386234,0.9149009607937928,0.9046505383142494,0.9149009607937928,0.9046505383142494,0.9046505383142494,0.8933094032139577,0.8933094152856197,0.8933094152856197,0.8807970889295663,0.8807970889295663,0.8933094053442511,0.8933094053442511,0.9046505312448598,0.9149009538328171,0.9241418267688302,0.9241418267688302,0.9241418267688302,0.9241418189341296
0.8670357477770337,0.8670357598021707,0.8670357546485407,0.8807970779778824,0.8933094131553264,0.8933094032139577,0.9046505383142494,0.8933094032139577,0.8933094032139577,0.9046505383142494,0.9046505383142494,0.8933094152856197,0.9046505286741727,0.8933094074745443,0.8933093975331751,0.8807970811069351,0.8807970732843033,0.8807970811069351,0.9046505421702797,0.8807970732843033,0.9046505331728752
0.6224593312018545,0.3208213073183839,0.2942149597859341,0.32082128783705344,0.2942149659744614,0.32082128783705344,0.34864514210180597,0.34864512179822543,0.3775406687981454,0.3775406687981454,0.34864512179822543,0.32082128783705344,0.32082130731838393,0.3775406687981454,0.4378234991142019,0.4073334000459302,0.43782349911420193,0.43782349911420193,0.43782349911420193,0.4687906266262437,0.3775406687981454
0.9706877684536753,0.9859363737703095,0.9890130585433228,0.9840936106790336,0.982013792702756,0.9770226309262802,0.9740426400707322,0.9770226282082864,0.9770226309262802,0.979667647362278,0.977022628417363,0.9740426402120151,0.9740426433202407,0.9669140228030646,0.9740426433202407,0.9626731086399786,0.9626731126558705,0.9706877719515358,0.9669140225647108,0.9669140188702279,0.9669140191085817
0.9579122711832405,0.2689414096510108,0.3486451353339457,0.4378234991142019,0.4687906266262437,0.43782349911420193,0.4378234991142019,0.43782349911420193,0.43782349911420193,0.46879062662624377,0.46879062662624377,0.5,0.5312093733737563,0.5312093733737563,0.46879062662624377,0.5,0.5,0.46879062662624377,0.5,0.43782349911420193,0.4378234991142019
0.9241418137109955,0.6224593241981982,0.7057850278370112,0.7057850278370112,0.6791786991753929,0.7549149868676284,0.7310585786300049,0.7549149978955811,0.7772998663336158,0.7981867753392728,0.731058584489497,0.7549149923816048,0.731058584489497,0.6791787056691698,0.731058584489497,0.7310585727705126,0.7981867705385762,0.8354835371034368,0.7981867705385762,0.8175744739711883,0.8175744828610095
0.7549149813536518,0.4073334000459302,0.37754066879814546,0.43782349911420193,0.4687906266262437,0.4687906266262437,0.5312093733737563,0.5312093733737563,0.5,0.5,0.5,0.46879062662624377,0.46879062662624377,0.5,0.5312093733737563,0.5312093733737562,0.5621765008857981,0.5621765008857981,0.5621765008857982,0.5312093733737563,0.5621765008857981
0.8175744761936437,0.34864513533394575,0.29421497216298875,0.34864513533394575,0.3486451353339457,0.4073334000459302,0.4073334000459302,0.4073334000459302,0.4073334000459302,0.4378234991142019,0.4378234991142019,0.43782349911420193,0.43782349911420193,0.43782349911420193,0.43782349911420193,0.43782349911420193,0.4687906266262437,0.5621765008857981,0.5621765008857982,0.5312093733737563,0.5312093733737563
0.7549149923816048,0.8354835452961425,0.8175744761936437,0.8519528019683106,0.8354835350552604,0.8519528019683106,0.8519528076067261,0.8670357546485407,0.8807970670261976,0.8807970670261976,0.8807970670261976,0.8933093954028816,0.8807970811069351,0.9149009538328171,0.9149009538328171,0.9149009636941993,0.9241418267688302,0.9241418189341296,0.9241418267688302,0.8933094103149355,0.9046505331728752
0.7310585786300049,0.5,0.5,0.5312093733737563,0.5312093733737563,0.5312093733737563,0.5621765008857981,0.5312093733737563,0.5621765008857982,0.5621765008857981,0.5621765008857981,0.5621765008857981,0.5926665999540698,0.6224593312018546,0.6513548646660543,0.6513548646660543,0.6513548782017745,0.6513548646660543,0.6224593312018546,0.5926665999540698,0.5926665999540698
0.9669140223263571,0.9241418231126367,0.9241418257242036,0.9149009625340367,0.8933094074745443,0.8807970811069351,0.8807970811069351,0.8807970779778824,0.8670357666736772,0.8933094152856197,0.8933094053442511,0.8933094053442511,0.8933094053442511,0.8807970779778824,0.8933094152856197,0.8807970779778824,0.8933094152856197,0.8933094053442511,0.8933093954028816,0.8807970670261976,0.8670357580842941
0.952574129515172,0.8519527963298947,0.8670357512127872,0.8519528038477825,0.8354835330070838,0.7981867801399695,0.7981867705385763,0.817574471748733,0.8175744784160989,0.8175744828610095,0.8354835330070838,0.8519528038477825,0.8519528076067261,0.8175744695262775,0.8175744695262775,0.7772998560157665,0.7981867705385763,0.8354835289107309,0.8670357546485407,0.8670357666736772,0.8670357546485407
0.9579122758391339,0.5621765008857981,0.5926665999540698,0.6513548782017745,0.6513548782017745,0.5926665999540698,0.5621765008857981,0.5926665999540698,0.5926665999540698,0.6224593241981982,0.6224593312018546,0.6513548714339145,0.6513548714339145,0.6791787121629466,0.5926665999540698,0.6224593312018545,0.6224593312018545,0.6224593382055109,0.5926665999540698,0.5621765008857982,0.5926665999540698
0.7057850402140659,0.3775406687981454,0.3486451285660856,0.4073334000459302,0.4073334000459302,0.4073334000459302,0.4378234991142019,0.43782349911420193,0.43782349911420193,0.4073334000459302,0.4378234991142019,0.34864513533394575,0.3775406687981454,0.3486451217982255,0.4073334000459302,0.43782349911420193,0.5,0.5,0.5,0.5,0.46879062662624377
0.9241418231126367,0.9796676472509721,0.9796676449506523,0.9669140225647108,0.9626731168056251,0.9525741244662868,0.94659667246,0.9465966732132747,0.952574129515172,0.952574129515172,0.9465966732132747,0.9399133544545811,0.9465966668104392,0.9324533107374443,0.946596667563714,0.9241418116217417,0.9324533036984185,0.9465966668104392,0.9324533036984185,0.946596667563714,0.9399133552961427
0.7549149813536518,0.2942149721629888,0.32082128783705344,0.3775406687981454,0.4073334000459302,0.43782349911420193,0.43782349911420193,0.4687906266262437,0.46879062662624377,0.43782349911420193,0.4073334000459302,0.40733340004593027,0.4073334000459302,0.4073334000459302,0.4073334000459302,0.4687906266262437,0.5312093733737563,0.5926665999540698,0.5621765008857982,0.5621765008857981,0.5312093733737563
0.9149009503523291,0.9241418257242036,0.914900952092573,0.9241418241572634,0.9399133527714579,0.9465966654922082,0.9465966654922082,0.9525741234565096,0.9626731158685837,0.9626731158685837,0.9669140217304727,0.9626731117188292,0.9626731117188292,0.9626731117188292,0.9525741290102834,0.9706877680826902,0.9770226280828406,0.9796676447280406,0.9796676471767684,0.9796676471767684,0.9796676471767684
0.7057850402140659,0.43782349911420193,0.4687906266262437,0.5621765008857982,0.5621765008857981,0.6224593312018546,0.6224593312018545,0.5926665999540698,0.651354857898194,0.6513548782017745,0.651354857898194,0.679178692681616,0.679178692681616,0.7057850278370112,0.7549149813536518,0.7549149868676284,0.7772998560157665,0.7310585727705126,0.679178699175393,0.6791787121629465,0.7057850340255386
0.9399133466701362,0.8933094053442511,0.8807970811069351,0.8519528019683106,0.8670357666736772,0.8670357666736772,0.8807970748488296,0.8933094053442511,0.8933094053442511,0.9241418257242036,0.9046505286741727,0.9046505286741727,0.8933094152856197,0.8807970670261976,0.8933094152856197,0.9046505402422645,0.9149009625340367,0.9324533097989077,0.9465966732132747,0.9324533036984185,0.9324533036984185
0.8807970764133561,0.8175744828610095,0.8175744739711883,0.8354835350552604,0.8354835330070839,0.8175744761936437,0.8670357632379241,0.8670357632379241,0.8933094032139577,0.8933094032139577,0.8670357512127872,0.8670357512127872,0.8670357512127872,0.8519528019683106,0.8354835371034368,0.8519528000888386,0.9046505383142494,0.9241418257242036,0.9241418178895029,0.9149009625340367,0.9046505402422645
0.8354835452961425,0.2689414096510108,0.34864513533394575,0.4073334000459302,0.46879062662624377,0.4687906266262437,0.5312093733737563,0.5621765008857981,0.5,0.5312093733737563,0.5621765008857981,0.5312093733737563,0.4687906266262437,0.5,0.5312093733737563,0.5312093733737563,0.5621765008857982,0.5621765008857982,0.5621765008857982,0.5312093733737563,0.5
0.9740426402120151,0.9324533158993963,0.9241418231126367,0.9399133527714579,0.9241418241572634,0.9241418163225626,0.9241418163225626,0.9149009607937928,0.914900959053549,0.9149009509324104,0.9241418163225626,0.9149009607937928,0.9241418241572634,0.9324533088603709,0.9149009625340367,0.9149009625340367,0.9241418257242036,0.9241418178895029,0.9241418178895029,0.8933094032139577,0.8807970889295663
0.9859363754878143,0.9669140217304727,0.9579122753885635,0.946596671895044,0.9525741234565096,0.9525741285053949,0.9525741234565096,0.9525741239613982,0.9626731161363099,0.9525741239613982,0.9579122707326702,0.9579122758391339,0.952574129515172,0.952574129515172,0.9465966668104392,0.9465966668104392,0.9525741239613982,0.9626731121204183,0.9706877682416838,0.9669140183935203,0.9706877717395442
0.7772998560157665,0.4378234991142019,0.40733340004593027,0.46879062662624377,0.5,0.46879062662624377,0.46879062662624377,0.46879062662624377,0.46879062662624377,0.46879062662624377,0.46879062662624377,0.46879062662624377,0.46879062662624377,0.5,0.5312093733737563,0.5312093733737563,0.5312093733737563,0.5621765008857981,0.5621765008857981,0.5312093733737563,0.4687906266262437
0.9324533140223229,0.9399133464597458,0.9241418163225626,0.9324533097989077,0.9399133464597458,0.9324533088603709,0.9399133464597458,0.946596671895044,0.9525741234565096,0.9525741234565096,0.9525741234565096,0.9525741290102834,0.9579122753885635,0.9525741234565096,0.9465966662454831,0.9465966662454831,0.9579122707326702,0.9579122753885635,0.9579122707326702,0.9579122707326702,0.9579122707326702
0.6791786861878392,0.4378234991142019,0.4378234991142019,0.5,0.5,0.5,0.5621765008857981,0.5621765008857981,0.5312093733737563,0.5312093733737563,0.5312093733737563,0.5,0.5,0.5,0.5312093733737563,0.5621765008857981,0.6513548714339144,0.5926665999540698,0.5926665999540698,0.5926665999540698,0.5621765008857981
0.6513548511303338,0.3486451217982255,0.37754066179448903,0.43782349911420193,0.4073334000459302,0.4687906266262437,0.4687906266262437,0.5,0.46879062662624377,0.46879062662624377,0.5312093733737563,0.4378234991142019,0.5,0.5312093733737563,0.5621765008857981,0.5312093733737563,0.5621765008857981,0.6224593312018546,0.6224593312018546,0.5621765008857981,0.5312093733737563
0.7310585844894971,0.3486451285660856,0.3775406687981454,0.4073334000459302,0.4378234991142019,0.43782349911420193,0.5,0.46879062662624377,0.43782349911420193,0.46879062662624377,0.46879062662624377,0.43782349911420193,0.4378234991142019,0.4073334000459302,0.4687906266262437,0.5,0.5312093733737563,0.5926665999540698,0.6224593312018546,0.5926665999540698,0.5926665999540698
0.8807970732843033,0.4073334000459302,0.37754066879814546,0.4073334000459302,0.4687906266262437,0.4378234991142019,0.46879062662624377,0.4378234991142019,0.4687906266262437,0.5,0.5312093733737563,0.5,0.5312093733737563,0.5621765008857982,0.5,0.5,0.5621765008857981,0.5621765008857981,0.5621765008857981,0.5926665999540698,0.5926665999540698
0.9740426402120151,0.9465966654922082,0.9399133464597458,0.946596671895044,0.9241418241572634,0.9324533088603709,0.9324533158993963,0.9324533088603709,0.9399133536130196,0.9525741234565096,0.946596671895044,0.9399133464597458,0.946596671895044,0.9324533088603709,0.9324533018213449,0.9241418257242036,0.9399133464597458,0.9399133464597458,0.9579122704322899,0.946596671895044,0.9525741290102834
0.8670357529306639,0.5621765008857981,0.6224593241981982,0.651354857898194,0.7057850154599563,0.6791786991753929,0.6513548782017745,0.7310585844894971,0.7057850340255386,0.7310585669110203,0.7057850278370112,0.731058584489497,0.7310585727705126,0.7310585669110203,0.7549149813536518,0.7549149758396752,0.7981867681382279,0.817574471748733,0.7981867801399695,0.8175744761936437,0.7772998663336158
0.8807970873650401,0.5,0.5621765008857982,0.5312093733737563,0.6224593241981982,0.5926665999540698,0.6224593312018546,0.6513548714339145,0.6791787121629465,0.7057850278370112,0.679178699175393,0.6513548714339145,0.651354857898194,0.6513548646660542,0.6224593382055109,0.6513548646660542,0.679178699175393,0.7310585786300049,0.7057850278370112,0.7549149813536518,0.7549149813536518
0.7310585727705127,0.7310585903489891,0.7549149868676283,0.7549149923816046,0.7057850402140659,0.7057850216484838,0.679178692681616,0.651354857898194,0.6513548782017745,0.7057850340255386,0.6513548714339145,0.6791786926816161,0.7057850216484838,0.7549149813536518,0.7310585844894971,0.7772998663336158,0.7549149813536518,0.7310585669110203,0.7981867681382279,0.7981867681382279,0.7772998714925403
0.5621765008857981,0.7549149868676283,0.7057850278370112,0.7549149923816048,0.7549149978955811,0.7310585786300049,0.7772998508568416,0.7772998663336157,0.7981867753392728,0.7981867753392728,0.7981867753392728,0.7772998560157665,0.7772998560157665,0.817574478416099,0.8519528038477824,0.8519528057272543,0.8670357701094303,0.8519528038477824,0.8519528038477824,0.8519528057272543,0.8519528057272543
0.9465966709534506,0.651354857898194,0.5926665999540698,0.6224593312018546,0.6224593312018545,0.6513548714339145,0.6791786926816161,0.6791786926816161,0.7057850340255386,0.7057850340255386,0.6791787056691698,0.679178692681616,0.7057850278370112,0.7057850278370112,0.6791786926816161,0.6791786926816161,0.7057850278370112,0.7310585727705127,0.7549149868676283,0.7772998714925403,0.7549149813536518
0.7549149813536518,0.9149009509324104,0.880797071719777,0.9046505267461572,0.9149009607937928,0.8933094032139577,0.8933094152856197,0.8933094032139577,0.8933094131553264,0.8933094032139577,0.8933094152856197,0.8807970889295663,0.8933094032139577,0.9241418163225626,0.9241418163225626,0.9324533088603709,0.9324533018213449,0.9324533097989077,0.9324533097989077,0.914900952092573,0.9324533027598817
0.9465966732132747,0.9706877680826902,0.9740426399294493,0.9770226308008343,0.9740426399294493,0.9669140181551665,0.9669140217304727,0.9626731161363099,0.9626731117188292,0.9669140220880033,0.9706877680826902,0.9706877715275528,0.9626731161363099,0.9626731117188292,0.9626731161363099,0.9579122707326702,0.9579122753885635,0.9579122707326702,0.9626731161363099,0.9579122707326702,0.9525741301883566
0.798186768138228,0.9399133536130196,0.9399133536130196,0.9399133536130196,0.9525741290102834,0.94659667246,0.94659667246,0.9525741239613982,0.952574129515172,0.9579122716338109,0.9525741301883566,0.9525741301883566,0.957912271934191,0.9525741311981335,0.9525741249711753,0.9525741301883566,0.9669140225647108,0.9669140188702279,0.9669140188702279,0.9669140188702279,0.9669140191085817
0.9399133538234099,0.6224593312018546,0.5926665999540697,0.6224593312018546,0.6224593312018546,0.5926665999540698,0.6224593312018546,0.6513548646660543,0.6224593241981982,0.679178699175393,0.6791787056691698,0.6791786926816161,0.6791787056691698,0.6791787056691698,0.6513548714339144,0.679178699175393,0.7057850278370112,0.7549149758396752,0.7549149923816048,0.7772998611746911,0.7981867777396212
0.6791786926816161,0.37754066879814546,0.3775406687981454,0.46879062662624377,0.43782349911420193,0.43782349911420193,0.5,0.5,0.4687906266262437,0.5312093733737562,0.5312093733737563,0.43782349911420193,0.4687906266262437,0.4687906266262437,0.4378234991142019,0.4687906266262437,0.5621765008857982,0.5312093733737563,0.5312093733737562,0.5312093733737563,0.5621765008857981
0.7057850216484838,0.9399133521402868,0.9525741229516211,0.9525741229516211,0.9525741229516211,0.9579122749379931,0.9579122699817195,0.9525741229516211,0.9525741229516211,0.9525741285053949,0.9465966654922082,0.9525741285053949,0.9579122749379931,0.9525741234565096,0.9525741234565096,0.9579122704322899,0.9626731117188292,0.9626731161363099,0.9579122704322899,0.9525741290102834,0.9579122753885635
0.8670357563664174,0.4073334000459302,0.4378234991142019,0.5,0.5926665999540698,0.6224593312018546,0.6224593382055109,0.6513548714339145,0.6224593312018546,0.6224593312018546,0.6224593382055109,0.6224593312018546,0.5926665999540698,0.5621765008857982,0.6513548646660542,0.6513548646660542,0.7057850278370112,0.7310585669110203,0.7310585727705126,0.7057850154599563,0.6791787056691698
0.9046505325302034,0.8933094074745443,0.8807970701552505,0.9046505421702797,0.8933093975331751,0.8933094103149355,0.9046505440982948,0.904650527388829,0.9241418231126367,0.9149009584734676,0.9241418231126367,0.9149009515124917,0.9241418241572635,0.9241418163225626,0.9149009532527358,0.914900963114118,0.9149009532527358,0.914900963114118,0.9241418241572635,0.9241418163225626,0.9241418267688303
0.8519528019683105,0.8670357598021707,0.8354835411997897,0.8354835452961425,0.8354835432479661,0.817574471748733,0.7981867825403176,0.8354835432479661,0.817574471748733,0.8519527982093666,0.8519527963298947,0.8519527963298947,0.8354835330070839,0.8519527982093666,0.8354835371034368,0.8519528000888386,0.8354835350552604,0.8519527982093666,0.8519527982093666,0.8519528019683106,0.8670357512127872
0.9525741249711753,0.6224593312018546,0.6224593312018545,0.6224593382055109,0.5621765008857982,0.5621765008857981,0.5312093733737563,0.5621765008857981,0.5926665999540698,0.6224593312018546,0.5926665999540698,0.6224593382055109,0.5926665999540698,0.5312093733737563,0.5312093733737563,0.5621765008857982,0.5926665999540697,0.5621765008857982,0.5621765008857981,0.5926665999540697,0.5621765008857982
0.7981867729389246,0.18242551713899047,0.24508502416032488,0.2942149721629888,0.3486451488696663,0.37754066879814546,0.34864513533394575,0.37754067580180184,0.37754066879814546,0.34864513533394575,0.3775406758018019,0.37754066879814546,0.40733340004593027,0.43782349911420193,0.46879062662624377,0.5,0.5,0.5312093733737563,0.5,0.5312093733737563,0.5
0.7310585786300049,0.8175744828610095,0.7310585786300049,0.6791786926816161,0.7310585727705126,0.7057850278370112,0.6513548782017745,0.7549149758396752,0.7057850278370112,0.7310585844894971,0.7549149758396752,0.7549149758396752,0.7310585727705126,0.7549149813536518,0.7772998560157665,0.7772998611746912,0.7981867825403176,0.8354835432479661,0.8354835411997897,0.8354835432479661,0.8354835289107309
0.8670357563664174,0.9579122758391339,0.9626731123881445,0.9669140186318741,0.9669140223263571,0.9706877717395442,0.9740426431789577,0.9706877684536753,0.9706877717395442,0.9706877684536753,0.9706877684536753,0.9770226310517259,0.9706877719515358,0.9740426431789577,0.9740426400707322,0.9770226282919171,0.9770226310517259,0.9740426404003925,0.9770226311771718,0.9706877721635273,0.9740426434615237
0.9149009584734676,0.962673116537899,0.962673116537899,0.9669140223263571,0.9669140183935203,0.9579122758391339,0.9706877717395442,0.9706877684536753,0.9740426400707322,0.9740426400707322,0.9740426431789577,0.9706877717395442,0.9706877684536753,0.9669140186318741,0.9626731168056251,0.9669140186318741,0.9706877719515358,0.9740426431789577,0.9706877719515358,0.9770226310517259,0.9740426433202407
0.7057850216484838,0.37754066879814546,0.4073334000459302,0.4378234991142019,0.4687906266262437,0.4687906266262437,0.5312093733737563,0.46879062662624377,0.46879062662624377,0.46879062662624377,0.43782349911420193,0.43782349911420193,0.43782349911420193,0.46879062662624377,0.5,0.4687906266262437,0.5621765008857981,0.5926665999540698,0.5621765008857981,0.5312093733737562,0.4687906266262437
0.9149009468718409,0.9525741285053949,0.9579122749379931,0.9525741285053949,0.9669140254249554,0.962673111451103,0.9669140254249554,0.9740426427080145,0.9706877678706985,0.9796676470654625,0.9820137925711585,0.9770226279573948,0.9740426427080145,0.9770226279573948,0.9740426427080145,0.9740426457691455,0.9740426427080145,0.9796676470654625,0.984093610562407,0.984093610562407,0.9875683494212288
0.5926665999540698,0.9399133527714579,0.9324533088603709,0.9525741285053949,0.946596671895044,0.9465966654922082,0.9324533088603709,0.9324533088603709,0.9324533088603709,0.9324533018213449,0.9324533018213449,0.9241418257242036,0.9324533088603709,0.9399133464597458,0.9399133464597458,0.9324533018213449,0.9399133473013075,0.952574129515172,0.952574129515172,0.9324533027598817,0.94659667246
0.679178699175393,0.43782349911420193,0.40733340004593027,0.4687906266262437,0.4687906266262437,0.5,0.5621765008857982,0.5,0.5,0.5312093733737563,0.5621765008857981,0.5312093733737563,0.5312093733737563,0.5621765008857981,0.5621765008857981,0.5621765008857981,0.5926665999540698,0.5926665999540698,0.6513548578981939,0.6224593382055109,0.5312093733737563
0.5621765008857981,0.9149009491921664,0.9149009491921664,0.9149009509324104,0.9241418241572634,0.9149009509324104,0.9149009509324104,0.9149009607937928,0.904650536386234,0.9149009509324104,0.8933094032139577,0.9046505267461572,0.9046505267461572,0.9046505267461572,0.9241418163225626,0.9241418163225626,0.9149009607937928,0.9149009625340367,0.9324533018213449,0.9399133536130196,0.9324533097989077
0.7981867753392728,0.9241418257242036,0.9241418257242036,0.9399133536130196,0.9399133544545811,0.9399133552961427,0.9465966668104392,0.9399133544545811,0.9241418178895029,0.9324533027598817,0.9324533027598817,0.9324533036984185,0.9241418189341296,0.9241418189341296,0.9324533027598817,0.9241418267688302,0.9324533116759811,0.9324533116759811,0.9399133489844307,0.9324533126145179,0.9399133489844307
0.6513548646660542,0.4073334000459302,0.37754066879814546,0.4378234991142019,0.4687906266262437,0.5312093733737563,0.5312093733737563,0.5,0.46879062662624377,0.5,0.5,0.46879062662624377,0.4687906266262437,0.5621765008857982,0.5312093733737563,0.5621765008857981,0.5926665999540698,0.5926665999540698,0.5312093733737563,0.5621765008857981,0.5312093733737563
0.7772998714925403,0.8670357683915538,0.8519528076067262,0.8670357683915538,0.8519528038477825,0.8519528038477825,0.8519527963298947,0.8519527963298947,0.8354835391516133,0.8670357563664174,0.8519527944504227,0.8519527944504227,0.8519527963298947,0.8519528057272543,0.8670357494949105,0.8519528019683105,0.8519527944504227,0.8519528038477825,0.8519528000888386,0.8519528019683105,0.8519527982093666
0.8354835289107309,0.32082130731838393,0.2942149783515162,0.34864512179822543,0.3775406687981454,0.3775406687981454,0.4073334000459302,0.4378234991142019,0.4073334000459302,0.4073334000459302,0.4378234991142019,0.4687906266262437,0.4073334000459302,0.4073334000459302,0.4073334000459302,0.4378234991142019,0.5,0.5312093733737563,0.5312093733737563,0.5,0.5
0.7549149868676283,0.8807970858005139,0.817574471748733,0.8519527963298947,0.8354835330070839,0.8670357632379241,0.8670357632379241,0.8670357632379241,0.8670357512127872,0.8807970858005139,0.8807970889295663,0.8933094032139577,0.8807970748488296,0.8933094152856197,0.9046505383142494,0.9149009625340367,0.9046505286741727,0.9241418267688302,0.9149009538328171,0.8933094053442511,0.9046505312448598
0.9740426400707322,0.6791787121629466,0.6224593382055109,0.6513548714339145,0.6513548646660542,0.5621765008857982,0.5926665999540698,0.5926665999540698,0.5926665999540698,0.6513548782017745,0.6513548646660542,0.679178692681616,0.6224593382055109,0.6513548782017745,0.6224593382055109,0.6224593241981982,0.6224593241981982,0.6224593241981982,0.6224593312018546,0.6513548646660542,0.6513548646660542
0.9669140183935203,0.9840936087255356,0.9859363737703095,0.9859363721431995,0.9840936050517924,0.9796676448393464,0.9770226280828406,0.9796676448393464,0.9770226282082864,0.9796676448393464,0.9796676448393464,0.9796676448393464,0.9740426399294493,0.9740426402120151,0.9740426433202407,0.9669140225647108,0.9706877719515358,0.9740426431789577,0.9770226282919171,0.9740426433202407,0.9740426433202407
0.6791787056691698,0.5312093733737563,0.4687906266262437,0.5,0.4687906266262437,0.5,0.5312093733737562,0.5312093733737562,0.5621765008857981,0.5621765008857981,0.5621765008857982,0.5312093733737563,0.5621765008857981,0.5621765008857981,0.5312093733737563,0.6513548511303338,0.6513548511303338,0.6791786861878392,0.6791786926816161,0.622459324198198,0.6513548714339145
0.6513548646660542,0.7057850340255386,0.7549149813536518,0.7310585727705127,0.7310585727705127,0.7310585903489891,0.7549149813536518,0.7549149923816048,0.7310585786300049,0.7310585786300049,0.7057850216484838,0.7310585727705126,0.7310585844894971,0.6791787121629465,0.7310585727705126,0.7549149868676284,0.7772998508568416,0.7772998611746912,0.8175744828610095,0.7981867681382279,0.7549149923816048
0.9626731102463354,0.7057850216484838,0.7310585786300049,0.7310585727705127,0.7057850278370111,0.651354857898194,0.6513548646660543,0.6513548511303338,0.679178699175393,0.679178699175393,0.7057850340255386,0.6791786861878392,0.6224593312018545,0.6513548511303338,0.6513548646660543,0.5926665999540698,0.651354857898194,0.679178686187839,0.6791786861878392,0.6791787056691698,0.7057850278370112
0.9149009602137116,0.5621765008857981,0.5926665999540698,0.651354857898194,0.6224593312018546,0.6224593312018546,0.6513548511303338,0.651354857898194,0.651354857898194,0.6791787056691698,0.6513548511303338,0.6791786861878392,0.6791786861878392,0.6791787056691698,0.651354857898194,0.679178699175393,0.6513548646660543,0.6791787056691698,0.7549149813536518,0.7549149758396752,0.7549149923816048
0.9241418126663686,0.9465966713300878,0.9465966649272521,0.9399133458285746,0.9465966649272521,0.9465966649272521,0.9579122699817195,0.962673111451103,0.9669140254249554,0.966914021492119,0.9706877678706985,0.966914021492119,0.9579122749379931,0.9579122704322899,0.9579122699817195,0.9579122749379931,0.9706877713685591,0.9770226279573948,0.9796676446538367,0.9820137861886836,0.9796676470654625
0.8519528000888386,0.2942149597859341,0.29421497216298875,0.34864512179822543,0.3775406687981454,0.4073334000459302,0.4073334000459302,0.4378234991142019,0.46879062662624377,0.4378234991142019,0.46879062662624377,0.46879062662624377,0.4378234991142019,0.4687906266262437,0.5,0.5621765008857981,0.5621765008857982,0.5312093733737563,0.5312093733737563,0.5621765008857981,0.5
0.9149009584734676,0.5312093733737563,0.5,0.46879062662624377,0.4073334000459302,0.3775406687981454,0.4073334000459302,0.4073334000459302,0.4378234991142019,0.4378234991142019,0.5,0.4073334000459302,0.3775406687981454,0.4378234991142019,0.4073334000459302,0.4073334000459302,0.4073334000459302,0.37754066879814546,0.37754066879814546,0.4378234991142019,0.46879062662624377
0.7310585727705126,0.8933094174159127,0.9046505370289059,0.9241418126663686,0.9241418126663686,0.9149009602137116,0.9149009602137116,0.9149009503523291,0.9149009602137116,0.9149009515124917,0.9149009549929797,0.9046505408849362,0.9241418241572635,0.9149009619539554,0.9241418252018901,0.9324533088603709,0.9399133466701362,0.9324533097989076,0.9241418178895029,0.9324533018213449,0.9149009480320036
0.9399133498259924,0.9149009607937928,0.914900952092573,0.9399133464597458,0.9324533018213449,0.9525741290102834,0.9399133473013075,0.9525741234565096,0.9579122753885635,0.9525741239613982,0.94659667246,0.9465966668104392,0.9465966668104392,0.9525741290102834,0.9525741239613982,0.962673116537899,0.9706877717395442,0.9669140186318741,0.9706877684536753,0.9626731123881445,0.9706877684536753
0.9149009515124917,0.8933093975331752,0.8807970701552505,0.8807970795424088,0.8354835411997897,0.7981867801399695,0.7981867825403177,0.7549149868676284,0.7549149813536518,0.7549149813536518,0.7772998714925403,0.7772998714925403,0.7981867801399694,0.7772998663336158,0.7772998560157665,0.7549149868676283,0.798186768138228,0.7772998560157665,0.731058584489497,0.7310585727705126,0.7310585727705126
0.9669140228030646,0.962673111451103,0.9626731117188292,0.9525741290102834,0.9579122707326702,0.9465966745315055,0.9399133561377042,0.9399133552961427,0.9324533107374443,0.9399133552961427,0.9465966737782309,0.9465966737782309,0.9399133498259924,0.9465966737782309,0.9324533116759811,0.9241418205010699,0.9399133489844307,0.9324533126145179,0.9241418215456966,0.9324533116759811,0.9241418116217417
0.7772998611746912,0.4073334000459302,0.4073334000459302,0.4378234991142019,0.4378234991142019,0.43782349911420193,0.4687906266262437,0.4378234991142019,0.46879062662624377,0.4073334000459302,0.4687906266262437,0.43782349911420193,0.4378234991142019,0.4378234991142019,0.5,0.5312093733737562,0.5312093733737562,0.5621765008857981,0.5312093733737563,0.5621765008857981,0.5
0.7310585903489892,0.4687906266262437,0.5,0.5,0.5,0.5312093733737562,0.5926665999540698,0.5312093733737562,0.5,0.5312093733737563,0.5312093733737563,0.5,0.5312093733737563,0.5312093733737563,0.6224593312018546,0.5926665999540698,0.6224593312018546,0.6224593312018546,0.5926665999540698,0.5312093733737563,0.5312093733737563
0.8807970764133561,0.4378234991142019,0.46879062662624377,0.5,0.5312093733737562,0.5621765008857981,0.5,0.5,0.5312093733737563,0.5312093733737563,0.5312093733737563,0.5926665999540698,0.5926665999540698,0.5926665999540698,0.5926665999540697,0.6224593241981982,0.5926665999540697,0.5926665999540698,0.6791786991753929,0.6791786926816161,0.679178692681616
0.9241418215456966,0.5,0.5,0.5312093733737563,0.5,0.46879062662624377,0.4378234991142019,0.46879062662624377,0.4687906266262437,0.46879062662624377,0.5,0.5312093733737562,0.4687906266262437,0.5312093733737563,0.5,0.5,0.5312093733737562,0.5,0.4687906266262437,0.5621765008857981,0.5621765008857981
0.6224593312018546,0.9465966713300878,0.9525741229516211,0.9465966654922082,0.9465966654922082,0.9465966654922082,0.9324533088603709,0.9241418257242036,0.946596671895044,0.9399133536130196,0.9241418163225626,0.9324533018213449,0.9149009625340367,0.9324533097989077,0.9399133536130196,0.94659667246,0.9399133544545811,0.94659667246,0.9399133544545811,0.9399133544545811,0.9324533027598817
0.8354835432479661,0.9465966681286702,0.9465966737782309,0.9324533036984185,0.9324533116759811,0.9324533046369553,0.9399133552961427,0.9399133552961427,0.9399133552961427,0.9324533116759811,0.9324533107374443,0.9241418189341296,0.9324533116759811,0.9241418205010699,0.914900957313305,0.9399133481428691,0.9324533107374443,0.9324533116759811,0.946596667563714,0.9465966681286702,0.9465966681286702
0.8354835432479661,0.3775406687981454,0.3775406687981454,0.4378234991142019,0.46879062662624377,0.5312093733737563,0.5621765008857981,0.5621765008857981,0.5312093733737562,0.5621765008857981,0.5926665999540698,0.5621765008857981,0.5621765008857981,0.5926665999540698,0.5926665999540698,0.6224593312018546,0.6513548714339144,0.679178699175393,0.679178699175393,0.6513548646660543,0.679178686187839
0.7772998663336157,0.9324533097989077,0.9324533088603709,0.9324533018213449,0.9525741234565096,0.9525741290102834,0.9465966662454831,0.9579122753885635,0.94659667246,0.9525741290102834,0.94659667246,0.9465966668104392,0.94659667246,0.9465966732132747,0.9525741239613982,0.952574129515172,0.9579122758391339,0.946596667563714,0.957912276139514,0.957912276139514,0.946596667563714
0.5926665999540698,0.26894142136999516,0.2689414096510108,0.34864512179822543,0.3208213073183839,0.34864514210180597,0.37754066879814546,0.3775406758018019,0.34864512179822543,0.4073334000459302,0.4073334000459302,0.3486451285660856,0.3486451353339457,0.3486451285660856,0.37754066879814546,0.37754066879814546,0.4378234991142019,0.5,0.5,0.43782349911420193,0.4378234991142019
0.9046505428129514,0.679178692681616,0.7549149923816048,0.7772998611746912,0.7549149813536518,0.7549149868676284,0.7772998611746912,0.7981867825403176,0.8354835371034368,0.8354835371034368,0.8519528019683106,0.7981867777396212,0.7981867825403176,0.7772998611746912,0.7772998663336158,0.7772998714925403,0.8354835411997897,0.8354835432479661,0.8354835330070838,0.8519527963298947,0.8354835330070838
0.7057850278370112,0.7057850216484838,0.679178692681616,0.7057850402140659,0.679178692681616,0.6791787121629466,0.6791787121629466,0.7310585727705126,0.7057850340255386,0.7057850340255386,0.7057850278370112,0.7057850154599563,0.6791787121629465,0.679178699175393,0.6513548782017745,0.6791787121629466,0.7057850278370112,0.7310585786300049,0.7310585669110203,0.7310585669110203,0.7310585727705126
0.6791786861878392,0.4687906266262437,0.4687906266262437,0.5,0.5,0.5312093733737562,0.5621765008857981,0.5312093733737562,0.5312093733737562,0.5,0.5,0.5,0.5312093733737562,0.5312093733737562,0.5621765008857981,0.5926665999540698,0.6224593312018546,0.6513548714339145,0.651354857898194,0.6513548511303338,0.6224593241981982
0.6224593312018546,0.8354835411997897,0.8175744806385543,0.7772998508568416,0.7310585786300049,0.7772998560157665,0.7310585844894971,0.7549149758396752,0.7549149868676284,0.7549149923816048,0.7549149868676284,0.7772998611746912,0.7981867681382279,0.8175744806385543,0.7772998611746912,0.7549149813536518,0.8175744806385543,0.7981867705385762,0.8175744806385543,0.8175744828610095,0.7981867681382279
0.7057850402140659,0.914900952092573,0.8933094053442511,0.9149009468718409,0.9241418116217417,0.9149009468718409,0.9324533046369553,0.9241418205010699,0.9241418116217417,0.9324533036984185,0.9149009486120849,0.9149009486120849,0.9149009486120849,0.9241418205010699,0.9241418126663686,0.9324533060447605,0.9324533060447605,0.9465966686936262,0.9399133435142798,0.9399133435142798,0.9241418137109955
0.6224593241981982,0.4687906266262437,0.5,0.5,0.46879062662624377,0.46879062662624377,0.5312093733737563,0.5,0.5312093733737563,0.5312093733737563,0.5,0.5,0.46879062662624377,0.5,0.4687906266262437,0.46879062662624377,0.5621765008857981,0.5926665999540698,0.5621765008857981,0.5621765008857981,0.5312093733737562
0.8807970654616711,0.32082130082460697,0.37754066179448903,0.4073334000459302,0.4073334000459302,0.4378234991142019,0.43782349911420193,0.5,0.5,0.5,0.5312093733737563,0.5312093733737563,0.5,0.5,0.5,0.5,0.5621765008857981,0.5926665999540698,0.5926665999540697,0.6224593312018545,0.6224593241981982
0.9399133498259924,0.5621765008857982,0.5621765008857981,0.4687906266262437,0.46879062662624377,0.4073334000459302,0.4073334000459302,0.4378234991142019,0.4378234991142019,0.46879062662624377,0.46879062662624377,0.43782349911420193,0.40733340004593027,0.4378234991142019,0.4687906266262437,0.40733340004593027,0.37754066179448914,0.4378234991142019,0.46879062662624377,0.46879062662624377,0.5
0.8933094124452287,0.8933094131553264,0.904650536386234,0.8933094003735664,0.9149009509324104,0.914900959053549,0.914900959053549,0.9399133458285746,0.9399133458285746,0.9465966654922082,0.9579122749379931,0.9525741229516211,0.9525741285053949,0.9525741229516211,0.9465966713300878,0.9399133458285746,0.9525741285053949,0.9525741229516211,0.9706877678706985,0.9706877678706985,0.9706877713685591
0.8354835391516133,0.34864513533394575,0.43782349911420193,0.4073334000459302,0.4687906266262437,0.4378234991142019,0.5,0.4687906266262437,0.5,0.5,0.5312093733737562,0.5312093733737562,0.5,0.46879062662624377,0.5312093733737562,0.5312093733737562,0.5621765008857982,0.5926665999540698,0.6224593312018546,0.5926665999540698,0.6224593312018546
0.904650538956921,0.9525741285053949,0.9626731117188292,0.9626731117188292,0.9626731161363099,0.9579122704322899,0.9626731158685837,0.9669140181551665,0.9706877680826902,0.9740426428492975,0.9796676447280406,0.9740426457691455,0.9706877713685591,0.9669140181551665,0.9669140181551665,0.9669140181551665,0.9740426457691455,0.9796676447280406,0.9820137904984994,0.9820137904984994,0.9770226306753884
0.8670357649558006,0.8807970748488296,0.8670357512127872,0.8519528076067261,0.8807970670261976,0.8807970889295663,0.8670357512127872,0.8807970748488296,0.8670357666736772,0.8807970779778824,0.8933094053442511,0.9046505312448598,0.8933093954028816,0.8807970670261976,0.8670357701094303,0.8807970811069351,0.8933093975331751,0.8933093975331751,0.8807970842359877,0.8807970764133561,0.8933094103149355
0.9796676448393464,0.9875683479691179,0.9914225138101392,0.9914225148159647,0.9902915218799544,0.9859363721431995,0.9840936068886642,0.9820137904984994,0.9859363737703095,0.9875683465284405,0.9859363721431995,0.9875683509305094,0.9859363721431995,0.9840936050517924,0.9840936050517924,0.9840936050517924,0.982013792702756,0.9820137863531804,0.9840936106790336,0.9859363721431995,0.9840936106790336
0.6513548646660542,0.3775406687981454,0.34864513533394575,0.43782349911420193,0.37754067580180184,0.4687906266262437,0.5,0.4687906266262437,0.4687906266262437,0.5,0.5,0.4687906266262437,0.4687906266262437,0.4687906266262437,0.4378234991142019,0.5312093733737562,0.5621765008857982,0.6224593241981982,0.5926665999540698,0.5621765008857982,0.5312093733737562
0.8519528038477825,0.4378234991142019,0.5,0.5621765008857981,0.5926665999540698,0.6224593312018546,0.6224593312018546,0.6224593312018546,0.6224593312018546,0.6224593382055109,0.6513548646660542,0.6224593241981982,0.5926665999540697,0.6224593312018545,0.6513548646660542,0.6791786926816161,0.679178692681616,0.7057850216484838,0.6791787056691698,0.6513548714339144,0.6513548646660543
0.9324533140223229,0.6224593312018546,0.6513548646660543,0.6791786861878392,0.679178699175393,0.679178699175393,0.679178686187839,0.679178699175393,0.679178686187839,0.679178699175393,0.731058584489497,0.7057850402140659,0.7310585727705127,0.7310585727705127,0.6791787056691698,0.679178699175393,0.7057850340255386,0.7549149813536518,0.7549149758396752,0.7981867801399695,0.7772998663336158
0.5926665999540698,0.4073334000459302,0.4073334000459302,0.37754066879814546,0.3775406617944891,0.4073334000459302,0.4073334000459302,0.37754066879814546,0.3775406687981454,0.4378234991142019,0.4073334000459302,0.4073334000459302,0.4378234991142019,0.3775406687981454,0.4378234991142019,0.4073334000459302,0.4378234991142019,0.5312093733737563,0.5312093733737563,0.5312093733737563,0.5312093733737563
0.9706877684536753,0.5312093733737562,0.5926665999540698,0.6224593382055109,0.6513548511303338,0.6224593312018545,0.6513548646660543,0.5926665999540698,0.5926665999540698,0.5926665999540698,0.6224593382055109,0.6224593382055109,0.6513548646660543,0.651354857898194,0.6224593312018546,0.651354857898194,0.6224593241981982,0.6513548646660543,0.6224593312018545,0.651354857898194,0.6513548646660543
0.8354835432479661,0.29421498454004374,0.2689414272294874,0.320821300824607,0.3208213073183839,0.37754066179448903,0.37754067580180184,0.4073334000459302,0.4378234991142019,0.4073334000459302,0.43782349911420193,0.3775406687981454,0.4073334000459302,0.43782349911420193,0.4378234991142019,0.4687906266262437,0.5312093733737562,0.5312093733737563,0.5,0.5,0.5
0.9740426404003925,0.9465966654922082,0.9525741234565096,0.9626731161363099,0.9579122753885635,0.9399133544545811,0.9465966662454831,0.9324533097989077,0.9324533088603709,0.9399133536130196,0.94659667246,0.9399133473013075,0.94659667246,0.9399133473013075,0.9399133544545811,0.9465966668104392,0.9525741244662868,0.9324533116759811,0.9324533036984185,0.9399133544545811,0.9399133544545811
0.7772998611746912,0.679178692681616,0.6513548511303338,0.7310585786300049,0.7310585786300049,0.7310585727705126,0.7772998611746912,0.7772998663336158,0.7772998560157665,0.7772998560157665,0.7772998663336157,0.7981867801399695,0.7772998714925403,0.8175744850834648,0.8354835330070838,0.8354835330070838,0.8519528038477825,0.8670357494949105,0.8519527982093666,0.8519527963298947,0.7981867705385762
0.8354835452961425,0.3775406687981454,0.4378234991142019,0.4378234991142019,0.5312093733737563,0.5312093733737563,0.5312093733737563,0.5926665999540698,0.5621765008857981,0.5926665999540698,0.5926665999540698,0.5926665999540698,0.5312093733737563,0.5621765008857982,0.5926665999540697,0.5926665999540698,0.6513548782017745,0.679178699175393,0.679178692681616,0.6513548782017745,0.5926665999540698
0.9465966750964615,0.6224593312018546,0.6224593312018546,0.6513548714339145,0.6224593312018546,0.6224593312018546,0.6224593312018545,0.6224593312018546,0.6224593241981982,0.6513548511303338,0.6791786861878392,0.6791786861878392,0.6513548511303338,0.651354857898194,0.6224593312018546,0.5926665999540698,0.5926665999540698,0.6224593312018546,0.705785040214066,0.6791786861878392,0.651354857898194
0.7057850154599563,0.7772998714925403,0.7057850154599562,0.731058584489497,0.7310585669110203,0.7310585786300049,0.7310585786300049,0.731058584489497,0.7057850154599562,0.7057850278370112,0.7057850278370112,0.7310585786300049,0.7549149923816048,0.7310585903489892,0.7549149813536518,0.7772998611746912,0.7549149923816048,0.7772998663336157,0.7772998560157665,0.7772998714925403,0.7772998714925403
0.9706877723225209,0.9840936068886642,0.9902915241990256,0.9859363721431995,0.9840936106790336,0.9770226282919171,0.9770226282082864,0.9796676472509721,0.9796676472509721,0.9796676472509721,0.9820137863531804,0.9840936050517924,0.9796676472509721,0.9796676472509721,0.9770226308008343,0.9740426429905804,0.9770226282082864,0.9770226282082864,0.9796676472509721,0.9796676450248561,0.9770226311771718
0.5926665999540698,0.5621765008857981,0.5926665999540698,0.5926665999540698,0.5,0.5621765008857981,0.5,0.5621765008857981,0.5621765008857981,0.5621765008857981,0.5621765008857981,0.5926665999540698,0.5926665999540698,0.5312093733737563,0.5926665999540698,0.5926665999540698,0.6513548714339144,0.6513548646660543,0.679178699175393,0.651354857898194,0.6513548646660543
0.5926665999540698,0.9241418152779358,0.9399133458285746,0.9324533158993963,0.9399133458285746,0.9399133527714579,0.9324533079218341,0.9241418231126367,0.9324533158993963,0.9324533088603709,0.9241418241572634,0.9241418241572634,0.9324533158993963,0.9399133464597458,0.9399133464597458,0.9399133464597458,0.946596671895044,0.946596671895044,0.9399133536130196,0.946596671895044,0.9324533018213449
0.7981867801399695,0.5,0.5312093733737563,0.5312093733737563,0.5621765008857981,0.5926665999540698,0.6224593312018546,0.6513548714339145,0.6791787121629465,0.679178692681616,0.6791787121629465,0.7057850216484838,0.7057850216484838,0.7057850216484838,0.7057850402140659,0.7310585727705127,0.7772998611746912,0.7981867705385762,0.7772998663336158,0.7981867753392728,0.7549149813536518
0.9770226313026177,0.5926665999540698,0.5621765008857981,0.6224593382055109,0.6224593312018546,0.5621765008857981,0.5621765008857981,0.5926665999540698,0.5926665999540698,0.6224593312018545,0.6513548511303338,0.6791786861878392,0.6224593241981982,0.5926665999540698,0.6224593312018546,0.6224593312018546,0.6224593312018546,0.5926665999540698,0.6224593312018546,0.6513548646660543,0.679178699175393
0.8175744673038222,0.7549149758396752,0.7549149923816048,0.7549149923816048,0.7549149923816048,0.7549149923816048,0.7772998611746912,0.7549149758396752,0.7981867825403176,0.7981867777396212,0.7772998611746912,0.7772998611746912,0.7772998663336158,0.7310585727705126,0.7772998663336158,0.7549149758396752,0.7772998560157665,0.7772998611746912,0.8354835330070838,0.8175744761936437,0.7981867825403176
0.9241418152779358,0.9241418241572634,0.914900952092573,0.9046505286741727,0.8933094053442511,0.8670357666736772,0.8519528000888386,0.8670357512127872,0.8519527982093666,0.8670357512127872,0.8670357546485407,0.8670357546485407,0.8519528038477825,0.8670357512127872,0.8519528000888386,0.8354835371034368,0.8519528038477825,0.8670357546485407,0.8354835289107309,0.8519527944504227,0.8354835411997897
0.8175744828610095,0.8175744761936437,0.8175744806385543,0.8175744828610095,0.8175744761936437,0.7772998663336158,0.8175744739711883,0.7981867777396212,0.7772998560157665,0.8354835350552604,0.8175744806385543,0.8175744806385543,0.8175744739711883,0.8175744806385543,0.8354835371034368,0.7981867825403176,0.8354835350552604,0.8354835371034368,0.8354835371034368,0.8354835432479661,0.817574471748733
0.6791787056691698,0.4378234991142019,0.46879062662624377,0.4687906266262437,0.5312093733737562,0.5621765008857981,0.5621765008857981,0.5621765008857982,0.6513548714339145,0.6513548714339145,0.6513548646660542,0.6513548714339145,0.6513548782017745,0.7057850340255386,0.7057850216484838,0.679178686187839,0.731058584489497,0.7310585727705126,0.7549149923816048,0.731058584489497,0.7549149923816048
0.6224593312018546,0.5926665999540698,0.5926665999540698,0.5926665999540698,0.5926665999540698,0.6224593241981982,0.5926665999540698,0.6224593312018546,0.6224593312018546,0.5926665999540698,0.6224593241981982,0.5621765008857981,0.5621765008857981,0.651354857898194,0.651354857898194,0.7057850402140659,0.679178692681616,0.7310585786300049,0.7057850340255386,0.6513548646660542,0.6791786926816161
0.9706877688776584,0.6791787121629465,0.7057850216484838,0.7549149978955811,0.7549149813536518,0.7310585669110203,0.7310585669110203,0.7772998560157665,0.7772998663336158,0.7981867705385763,0.8354835432479661,0.7981867753392728,0.7981867705385763,0.7772998714925403,0.7772998714925403,0.7549149923816048,0.7772998714925403,0.7981867681382279,0.8175744784160989,0.8175744761936437,0.7981867753392728
0.9740426400707322,0.9241418163225626,0.9149009607937928,0.914900952092573,0.9046505383142494,0.8933094032139577,0.8933094032139577,0.8933094131553264,0.9046505383142494,0.9149009607937928,0.9241418163225626,0.9324533088603709,0.9046505267461572,0.9046505267461572,0.9149009607937928,0.9149009625340367,0.9241418163225626,0.9399133464597458,0.9399133464597458,0.9399133464597458,0.9324533097989077
0.9820137863531804,0.966914021492119,0.962673111451103,0.9579122699817195,0.9525741280005063,0.9525741280005063,0.9525741280005063,0.9626731156008577,0.962673111451103,0.966914021492119,0.9706877678706985,0.962673111451103,0.9579122749379931,0.9626731156008577,0.9579122749379931,0.962673111451103,0.962673111451103,0.9706877713685591,0.9770226305499425,0.9740426427080145,0.9740426427080145
0.6224593312018546,0.7772998663336158,0.7549149813536518,0.7772998714925403,0.7549149813536518,0.7549149758396752,0.7549149923816048,0.7310585844894971,0.7310585844894971,0.7549149758396752,0.731058584489497,0.7772998714925403,0.7981867777396212,0.8175744828610095,0.8175744828610095,0.8519528038477825,0.8175744761936437,0.8175744784160989,0.8354835371034368,0.817574471748733,0.8175744784160989
0.7057850402140659,0.9241418257242036,0.9046505402422645,0.9324533036984185,0.9241418267688302,0.9046505421702797,0.9241418189341296,0.9046505312448598,0.9046505312448598,0.9046505312448598,0.8933093975331751,0.9149009555730611,0.8933094103149355,0.9149009555730611,0.9149009636941993,0.8933093975331751,0.914900957313305,0.9241418215456966,0.9241418137109955,0.9241418231126367,0.9241418137109955
0.9525741259809524,0.9525741290102834,0.9399133544545811,0.9399133544545811,0.9324533097989077,0.9046505312448598,0.9046505402422645,0.8933094152856197,0.9149009625340367,0.9149009538328171,0.9241418178895029,0.9324533097989077,0.9241418257242036,0.914900952092573,0.9046505383142494,0.8933094053442511,0.9046505402422645,0.9046505402422645,0.9324533097989077,0.9324533097989077,0.9399133473013075
0.8175744806385543,0.37754066879814546,0.4378234991142019,0.4687906266262437,0.5,0.5312093733737563,0.5926665999540697,0.6224593312018545,0.5926665999540698,0.6224593312018546,0.5926665999540697,0.6513548782017745,0.5621765008857982,0.5926665999540698,0.6224593312018546,0.6513548782017745,0.6513548646660542,0.6513548782017745,0.6791786926816161,0.6513548646660542,0.5926665999540697
0.5312093733737563,0.2942149659744614,0.24508500761839525,0.2689414096510108,0.26894142136999516,0.2942149783515162,0.2942149783515162,0.34864512179822543,0.3208213073183839,0.3208213073183839,0.2942149597859341,0.2689414272294874,0.2942149597859341,0.3208213073183839,0.2942149597859341,0.34864512179822543,0.3775406687981454,0.3775406687981454,0.4073334000459302,0.4073334000459302,0.37754066879814546
0.9770226285428087,0.679178699175393,0.7057850340255386,0.679178699175393,0.6791787056691698,0.6513548714339144,0.6224593241981982,0.679178699175393,0.7057850154599562,0.7057850278370112,0.7057850216484838,0.6791787056691698,0.6513548646660542,0.651354857898194,0.679178686187839,0.6513548646660543,0.6513548646660543,0.6513548646660543,0.7057850154599562,0.7549149758396752,0.7772998714925403
0.9820137863531804,0.6224593382055109,0.6224593312018546,0.7310585727705126,0.7310585727705126,0.7057850216484838,0.6791786926816161,0.6513548782017745,0.6513548782017745,0.6224593312018546,0.6224593382055109,0.6513548714339144,0.7057850154599563,0.7057850340255386,0.6513548646660542,0.679178699175393,0.7057850278370112,0.6791786991753929,0.7057850340255386,0.6513548714339145,0.679178692681616
0.6791786861878392,0.4073334000459302,0.4073334000459302,0.4073334000459302,0.4073334000459302,0.43782349911420193,0.46879062662624377,0.5,0.5312093733737562,0.5312093733737563,0.5312093733737563,0.5,0.5,0.5,0.46879062662624377,0.5,0.5312093733737563,0.5926665999540697,0.5926665999540698,0.5621765008857981,0.5926665999540698
0.8175744784160989,0.3208213073183839,0.3208213073183839,0.34864514210180597,0.34864514210180597,0.34864513533394575,0.37754066179448903,0.4073334000459302,0.4073334000459302,0.4378234991142019,0.4073334000459302,0.4073334000459302,0.4687906266262437,0.4073334000459302,0.4378234991142019,0.4378234991142019,0.4378234991142019,0.4687906266262437,0.5312093733737563,0.5312093733737563,0.46879062662624377
0.7981867825403177,0.2018132246607271,0.24508501864634824,0.320821300824607,0.3486451285660856,0.3486451285660856,0.4073334000459302,0.37754066879814546,0.3775406687981454,0.43782349911420193,0.4378234991142019,0.4073334000459302,0.4073334000459302,0.3486451285660856,0.4073334000459302,0.4687906266262437,0.4687906266262437,0.5,0.5312093733737563,0.5,0.5
0.982013792702756,0.7310585727705126,0.7549149758396752,0.731058584489497,0.7310585844894971,0.679178692681616,0.7310585669110203,0.7549149813536518,0.7310585903489892,0.7549149923816048,0.7549149868676284,0.7310585903489892,0.7057850278370112,0.7310585903489892,0.7310585786300049,0.7057850340255386,0.7057850278370112,0.7310585727705126,0.7772998663336157,0.7772998663336158,0.7772998560157665
0.6791786991753931,0.7772998560157665,0.7057850216484838,0.7549149813536518,0.7310585844894971,0.7310585669110203,0.7549149813536518,0.7310585786300049,0.7310585727705126,0.7549149813536518,0.7310585786300049,0.7310585727705126,0.7772998663336158,0.7310585727705126,0.731058584489497,0.7549149923816048,0.7549149923816048,0.7549149758396752,0.7772998508568417,0.7772998663336158,0.7310585786300049
0.9796676449506523,0.7772998611746912,0.7772998663336158,0.7772998714925403,0.7772998611746912,0.7310585786300049,0.7549149758396752,0.7549149813536518,0.7549149923816048,0.7981867705385763,0.7981867801399695,0.7549149868676284,0.7057850154599562,0.7310585786300049,0.7772998611746912,0.7057850154599562,0.7057850278370112,0.7549149923816048,0.7549149868676283,0.817574471748733,0.8175744850834648
0.6791787056691698,0.7310585727705126,0.7057850216484838,0.6791787121629466,0.6513548782017745,0.5926665999540698,0.6513548782017745,0.6791787056691698,0.7057850216484838,0.7310585727705127,0.679178692681616,0.679178692681616,0.7057850340255386,0.7057850216484838,0.7310585786300049,0.6513548714339145,0.6224593312018546,0.6791787121629466,0.679178692681616,0.6513548782017745,0.6791787121629465
0.9399133435142798,0.9149009625340367,0.9241418189341296,0.8519527963298947,0.7981867825403176,0.7981867753392728,0.7772998663336157,0.7549149758396752,0.7549149868676283,0.7772998611746912,0.7981867753392728,0.7981867705385763,0.7772998611746912,0.7981867801399695,0.798186768138228,0.7549149813536518,0.7772998663336157,0.8354835289107309,0.8519527944504227,0.8354835330070838,0.8354835330070838
0.9046505370289059,0.5,0.5,0.5621765008857981,0.5621765008857982,0.5,0.5621765008857981,0.5621765008857981,0.5621765008857982,0.5621765008857982,0.5926665999540698,0.6513548714339144,0.5926665999540697,0.6224593312018546,0.6224593312018546,0.5926665999540698,0.651354857898194,0.679178699175393,0.7057850216484838,0.7057850402140659,0.7057850340255386
0.6513548714339145,0.4073334000459302,0.4073334000459302,0.46879062662624377,0.5312093733737563,0.46879062662624377,0.5,0.5312093733737563,0.46879062662624377,0.5312093733737563,0.5,0.5312093733737563,0.5621765008857981,0.5926665999540698,0.5926665999540698,0.6224593382055109,0.6224593382055109,0.6224593241981982,0.6513548714339144,0.6224593241981982,0.5926665999540698
0.6224593312018546,0.6513548782017745,0.5926665999540697,0.5621765008857981,0.5926665999540698,0.6224593312018546,0.6224593382055109,0.679178692681616,0.6224593382055109,0.6513548782017745,0.6791787121629465,0.7057850154599563,0.6513548782017745,0.6513548782017745,0.7057850278370112,0.731058584489497,0.7549149923816048,0.7772998611746912,0.7772998663336157,0.7310585903489892,0.7310585786300049
0.5621765008857981,0.22270013366638422,0.22270013366638422,0.26894141551050293,0.26894142136999516,0.2942149597859341,0.2942149597859341,0.26894141551050293,0.26894142136999516,0.32082128783705344,0.2689414096510108,0.2689414096510108,0.2942149659744614,0.2942149597859341,0.32082129433083023,0.32082128783705344,0.4073334000459302,0.37754066879814546,0.3775406687981454,0.4073334000459302,0.4073334000459302
0.7549149868676283,0.7549149923816046,0.7549149923816046,0.7057850216484838,0.7057850402140659,0.7310585786300049,0.6791787121629466,0.7057850340255386,0.7057850278370112,0.7310585727705126,0.7057850154599563,0.7549149758396752,0.7772998663336158,0.7772998714925403,0.7981867705385763,0.8175744806385543,0.8175744695262775,0.7981867705385763,0.817574471748733,0.8354835411997897,0.817574471748733
0.7549149868676283,0.9579122699817195,0.9669140217304727,0.9669140217304727,0.9669140217304727,0.9669140217304727,0.9579122749379931,0.9579122749379931,0.9579122704322899,0.9626731117188292,0.9669140217304727,0.9579122753885635,0.9669140181551665,0.9706877680826902,0.9706877680826902,0.9706877715275528,0.9740426399294493,0.9770226282082864,0.9740426429905804,0.9669140220880033,0.9706877715275528
0.8670357494949105,0.34864512179822543,0.34864512179822543,0.3775406758018019,0.4073334000459302,0.4073334000459302,0.46879062662624377,0.46879062662624377,0.5,0.5,0.5,0.5,0.5,0.5312093733737563,0.5926665999540698,0.6224593382055109,0.679178692681616,0.6224593312018546,0.651354857898194,0.6513548782017745,0.5621765008857981
0.8519528038477824,0.348645142101806,0.34864513533394575,0.37754066879814546,0.4378234991142019,0.43782349911420193,0.43782349911420193,0.46879062662624377,0.4378234991142019,0.43782349911420193,0.4378234991142019,0.4378234991142019,0.46879062662624377,0.46879062662624377,0.46879062662624377,0.5621765008857982,0.6224593312018546,0.6224593312018546,0.5926665999540698,0.5926665999540698,0.5621765008857981
0.9149009602137116,0.9149009509324104,0.8933094131553264,0.9046505383142494,0.9046505267461572,0.8933094003735664,0.9149009607937928,0.914900952092573,0.9149009625340367,0.9324533097989077,0.9324533018213449,0.9241418257242036,0.9241418257242036,0.9149009625340367,0.9149009538328171,0.8933094074745443,0.9149009538328171,0.9149009625340367,0.9241418267688302,0.9324533107374443,0.9241418267688302
0.7310585727705127,0.9579122749379931,0.9626731158685837,0.9669140217304727,0.9706877713685591,0.9626731117188292,0.9669140217304727,0.9669140217304727,0.9669140217304727,0.9626731117188292,0.9706877680826902,0.9669140181551665,0.9669140217304727,0.9706877713685591,0.9740426428492975,0.9706877682416838,0.9770226308008343,0.9770226308008343,0.9740426429905804,0.9669140183935203,0.9706877682416838
0.9740426402120151,0.9840936068886642,0.9875683465284405,0.9820137863531804,0.9840936106790336,0.9770226282082864,0.9770226282082864,0.9770226309262802,0.9770226309262802,0.982013792702756,0.9770226282082864,0.9770226309262802,0.9740426400707322,0.9770226309262802,0.9796676449506523,0.9706877717395442,0.9706877682416838,0.9796676449506523,0.9770226309262802,0.9820137885903368,0.9740426402120151
0.9241418137109955,0.9324533079218341,0.9149009607937928,0.9241418241572634,0.9149009607937928,0.9241418241572634,0.9324533158993963,0.9399133527714579,0.9525741229516211,0.9465966654922082,0.9525741234565096,0.9525741285053949,0.9525741285053949,0.946596671895044,0.9399133527714579,0.9324533018213449,0.9465966662454831,0.94659667246,0.9465966662454831,0.9324533097989077,0.9465966662454831
0.8519528057272543,0.2450850021044189,0.24508501313237172,0.32082130082460697,0.3208213073183839,0.3775406687981454,0.3775406687981454,0.4073334000459302,0.4073334000459302,0.37754066879814546,0.43782349911420193,0.4073334000459302,0.4378234991142019,0.4073334000459302,0.4687906266262437,0.5,0.5312093733737562,0.5621765008857982,0.5621765008857981,0.5,0.46879062662624377
0.8354835289107309,0.817574471748733,0.8354835432479661,0.8175744695262775,0.7772998663336158,0.8175744828610095,0.7981867777396212,0.7549149758396752,0.7772998611746912,0.7772998663336158,0.8354835432479661,0.7981867681382279,0.8175744828610095,0.7772998611746912,0.7772998611746912,0.7549149813536518,0.7981867825403176,0.8175744828610095,0.8519528000888386,0.8670357701094303,0.8519527963298947
0.9149009503523291,0.5312093733737563,0.5312093733737563,0.5312093733737563,0.5,0.4073334000459302,0.4378234991142019,0.4378234991142019,0.4378234991142019,0.4378234991142019,0.4687906266262437,0.4687906266262437,0.4687906266262437,0.4378234991142019,0.4378234991142019,0.43782349911420193,0.4073334000459302,0.4378234991142019,0.4687906266262437,0.4687906266262437,0.43782349911420193
0.9820137863531804,0.7549149813536518,0.7549149868676283,0.7772998508568416,0.7549149978955811,0.7057850216484838,0.7310585903489891,0.7310585727705127,0.7772998611746912,0.7981867825403176,0.8175744828610095,0.8175744784160989,0.7772998663336157,0.7772998663336157,0.7772998663336157,0.7772998611746912,0.7549149813536518,0.7772998663336157,0.8175744784160989,0.8354835330070838,0.8175744828610095
0.8519528038477825,0.9579122753885635,0.9626731117188292,0.9706877715275528,0.9706877715275528,0.9669140183935203,0.9706877682416838,0.9669140220880033,0.9626731161363099,0.9669140183935203,0.9669140186318741,0.9669140223263571,0.9579122711832405,0.9669140183935203,0.962673116537899,0.9626731123881445,0.9669140225647108,0.9669140188702279,0.9740426433202407,0.9706877686656669,0.9626731168056251
0.8354835371034368,0.9626731121204183,0.9740426400707322,0.9796676472509721,0.9770226282919171,0.979667647362278,0.9770226282919171,0.9740426400707322,0.9740426400707322,0.9740426431789577,0.9740426402120151,0.9669140188702279,0.9669140191085817,0.9706877719515358,0.9669140225647108,0.9626731089077049,0.9669140191085817,0.9706877721635273,0.9740426434615237,0.9669140191085817,0.9669140232797719
0.7057850216484838,0.7981867753392728,0.7549149868676284,0.7057850154599563,0.731058584489497,0.7057850278370112,0.679178699175393,0.7310585727705126,0.7310585844894971,0.7310585669110203,0.7549149758396752,0.7549149758396752,0.7310585844894971,0.7310585844894971,0.7772998611746912,0.7057850216484838,0.679178692681616,0.7057850278370112,0.7549149868676284,0.7310585727705126,0.7310585786300049
0.9324533018213449,0.9241418189341296,0.9241418267688302,0.9149009636941993,0.9324533036984185,0.9465966668104392,0.9399133544545811,0.94659667246,0.94659667246,0.952574129515172,0.9579122758391339,0.9579122758391339,0.9579122707326702,0.9579122758391339,0.952574129515172,0.9525741244662868,0.9626731123881445,0.9626731123881445,0.957912276139514,0.9626731123881445,0.9626731123881445
0.7981867801399695,0.32082128783705344,0.32082129433083023,0.34864514210180597,0.34864514210180597,0.3486451217982255,0.37754066879814546,0.37754066879814546,0.4073334000459302,0.4378234991142019,0.4378234991142019,0.4378234991142019,0.4687906266262437,0.4378234991142019,0.4378234991142019,0.46879062662624377,0.46879062662624377,0.5,0.5312093733737563,0.5621765008857981,0.5
0.6513548646660543,0.34864512179822543,0.32082129433083023,0.3775406687981454,0.37754066879814546,0.3775406758018019,0.4073334000459302,0.4073334000459302,0.37754066879814546,0.4073334000459302,0.3775406687981454,0.3775406687981454,0.34864512179822543,0.37754067580180184,0.4073334000459302,0.46879062662624377,0.5312093733737562,0.5,0.4687906266262437,0.4687906266262437,0.4378234991142019
0.7057850340255386,0.7981867825403176,0.7772998663336158,0.798186768138228,0.798186768138228,0.7772998663336157,0.7981867825403176,0.7981867825403176,0.7772998714925403,0.7772998714925403,0.798186768138228,0.7772998663336158,0.8354835452961425,0.8175744739711883,0.8519528076067262,0.8354835350552603,0.8354835371034368,0.8519527963298947,0.8354835350552603,0.8175744828610095,0.8354835432479661
0.7772998560157665,0.3775406687981454,0.37754066879814546,0.4073334000459302,0.4073334000459302,0.4378234991142019,0.4687906266262437,0.46879062662624377,0.46879062662624377,0.46879062662624377,0.5,0.5,0.4687906266262437,0.4687906266262437,0.46879062662624377,0.5,0.5621765008857981,0.6224593312018546,0.6224593312018546,0.6224593312018545,0.5312093733737563
0.9840936068886642,0.9399133521402868,0.9465966662454831,0.9399133536130196,0.9324533097989077,0.9241418163225626,0.9241418163225626,0.9149009607937928,0.9149009509324104,0.9241418241572634,0.9324533088603709,0.9149009607937928,0.9324533018213449,0.9241418163225626,0.9241418241572634,0.9241418152779358,0.9324533018213449,0.9241418257242036,0.9241418257242036,0.9324533088603709,0.9241418163225626
0.5926665999540698,0.9149009607937928,0.9149009509324104,0.9241418163225626,0.914900952092573,0.9149009625340367,0.9241418163225626,0.9149009607937928,0.9046505383142494,0.914900952092573,0.9046505286741727,0.9046505402422645,0.9046505402422645,0.9149009625340367,0.9046505286741727,0.8933093954028816,0.9046505312448598,0.9149009625340367,0.9149009636941993,0.9241418189341296,0.9149009538328171
0.679178699175393,0.22270013882530887,0.22270013366638422,0.26894142136999516,0.2689414096510108,0.2450850021044189,0.3486451285660856,0.26894142136999516,0.2942149783515162,0.2942149783515162,0.29421497216298875,0.2942149845400438,0.2689414096510108,0.2689414096510108,0.32082130731838393,0.34864512179822543,0.4073334000459302,0.4073334000459302,0.3775406687981454,0.37754066879814546,0.3486451217982255
0.651354857898194,0.9241418231126367,0.9399133521402868,0.9324533079218341,0.9241418152779358,0.9241418152779358,0.9241418231126367,0.9046505248181417,0.904650536386234,0.9324533158993963,0.904650536386234,0.9149009509324104,0.9149009509324104,0.904650536386234,0.9149009607937928,0.9241418241572634,0.9324533088603709,0.946596671895044,0.9324533018213449,0.9399133473013075,0.9324533018213449
0.9796676448393464,0.9579122746376131,0.9706877678706985,0.9669140254249554,0.9579122749379931,0.9465966713300878,0.9465966713300878,0.9399133458285746,0.9399133458285746,0.9465966713300878,0.9525741285053949,0.9465966654922082,0.9399133527714579,0.9525741229516211,0.9465966713300878,0.9525741229516211,0.9525741285053949,0.9525741229516211,0.9579122749379931,0.9525741285053949,0.9465966654922082
0.9046505312448597,0.9796676447280406,0.9840936068886642,0.9840936106790336,0.9859363721431995,0.9840936106790336,0.9840936106790336,0.9820137906300969,0.9820137885903368,0.9820137865176772,0.9820137885903368,0.979667647362278,0.9796676450248561,0.9796676450248561,0.9796676451361619,0.9770226311771718,0.9820137865176772,0.9796676475477876,0.9796676474364818,0.9796676451361619,0.9796676451361619
0.9770226282919171,0.9820137904984994,0.9902915218799544,0.99142251582179,0.9890130598184381,0.9859363753974193,0.9820137904984994,0.9820137904984994,0.9859363753974193,0.9840936050517924,0.9859363721431995,0.98201378842584,0.9840936068886642,0.9796676471767684,0.98201378842584,0.9740426399294493,0.9796676448393464,0.9840936068886642,0.98201378842584,0.9820137863531804,0.9770226309262802
0.9149009497722477,0.4378234991142019,0.46879062662624377,0.5,0.5,0.5621765008857981,0.5312093733737562,0.5621765008857981,0.5312093733737563,0.5621765008857981,0.5926665999540698,0.5926665999540698,0.5926665999540698,0.5926665999540697,0.5621765008857981,0.5621765008857982,0.5926665999540698,0.6224593312018545,0.6513548646660543,0.6791787056691698,0.7057850402140659
0.7310585669110202,0.9241418241572634,0.9241418257242036,0.9399133536130196,0.9465966662454831,0.9525741290102834,0.9525741290102834,0.9579122753885635,0.9525741290102834,0.9525741239613982,0.9525741290102834,0.94659667246,0.9525741239613982,0.9626731161363099,0.9669140183935203,0.9669140220880033,0.9669140220880033,0.9669140220880033,0.9706877715275528,0.9669140183935203,0.9669140186318741
0.9706877684536753,0.9525741285053949,0.9399133527714579,0.9241418257242036,0.9241418163225626,0.914900952092573,0.914900952092573,0.9241418163225626,0.9241418163225626,0.9241418163225626,0.9324533097989077,0.9324533097989077,0.9241418267688302,0.9324533018213449,0.9241418257242036,0.9241418178895029,0.9324533097989077,0.9241418267688302,0.9149009636941993,0.9149009636941993,0.9149009625340367
0.6513548511303338,0.8670357477770336,0.8670357477770336,0.8807970858005139,0.8670357632379241,0.8670357632379241,0.8670357512127872,0.8670357632379241,0.8807970858005139,0.8670357632379241,0.8807970858005139,0.8933094152856197,0.8807970889295663,0.8807970858005139,0.9046505267461572,0.914900952092573,0.9149009625340367,0.9324533097989077,0.9324533097989077,0.9324533097989077,0.9046505402422645
0.6224593382055109,0.29421496597446134,0.34864513533394575,0.37754066879814546,0.37754066879814546,0.37754066879814546,0.4073334000459302,0.4073334000459302,0.4378234991142019,0.4073334000459302,0.34864514210180597,0.37754066879814546,0.4378234991142019,0.4378234991142019,0.46879062662624377,0.5,0.5,0.5,0.4378234991142019,0.46879062662624377,0.46879062662624377
0.7057850402140659,0.9579122716338109,0.9626731168056251,0.957912276139514,0.962673116537899,0.9626731121204183,0.9669140220880033,0.9626731121204183,0.9579122753885635,0.962673116537899,0.9706877717395442,0.9626731121204183,0.9706877682416838,0.9669140223263571,0.9706877684536753,0.9706877684536753,0.9706877684536753,0.9770226309262802,0.9770226309262802,0.9669140186318741,0.9669140225647108
0.7981867729389246,0.5312093733737563,0.5312093733737562,0.5926665999540698,0.5926665999540698,0.5926665999540698,0.6224593312018546,0.679178692681616,0.6791787121629466,0.6513548714339145,0.679178699175393,0.679178699175393,0.6513548782017745,0.6791787121629466,0.679178699175393,0.7057850154599563,0.7549149923816048,0.7549149923816048,0.7772998611746912,0.7549149813536518,0.7057850216484838
0.5926665999540698,0.5926665999540698,0.5621765008857981,0.6224593312018546,0.6224593312018546,0.5926665999540698,0.5926665999540698,0.6224593241981982,0.651354857898194,0.6224593241981982,0.6513548714339145,0.6224593312018546,0.6513548782017745,0.6791787121629465,0.6224593312018546,0.5926665999540698,0.5621765008857982,0.6224593312018546,0.651354857898194,0.679178699175393,0.6513548714339145
0.7549149813536518,0.7772998508568416,0.7549149978955811,0.7549149868676283,0.7772998611746912,0.7772998663336158,0.7772998663336158,0.7772998663336158,0.7772998663336158,0.7549149813536518,0.7772998508568416,0.7772998560157665,0.8175744828610095,0.7981867777396212,0.7549149813536518,0.8175744806385543,0.8354835350552604,0.8519528019683106,0.8354835432479661,0.8519528019683106,0.8354835432479661
0.7310585844894971,0.8933094032139577,0.8933094003735664,0.8933094032139577,0.8933094053442511,0.8807970889295663,0.8807970779778824,0.8933094152856197,0.9046505383142494,0.8933094152856197,0.9046505286741727,0.9149009538328171,0.8933094053442511,0.8933093954028816,0.9241418257242036,0.9241418163225626,0.9324533097989077,0.9465966662454831,0.9399133473013075,0.9241418267688302,0.9241418178895029
0.6224593312018546,0.9241418189341296,0.9241418189341296,0.9046505421702797,0.9324533036984185,0.9149009555730611,0.9149009555730611,0.9149009468718409,0.9149009468718409,0.9149009555730611,0.9046505331728752,0.9241418116217417,0.9241418205010699,0.9046505421702797,0.9324533036984185,0.9241418126663686,0.9324533046369553,0.9324533060447605,0.9324533140223229,0.9399133435142798,0.9324533060447605
0.9626731126558705,0.9525741285053949,0.9579122723847614,0.9579122674284875,0.9579122677288677,0.9465966745315055,0.9399133561377042,0.9324533036984185,0.9399133552961427,0.9324533116759811,0.9399133489844307,0.9399133561377042,0.9399133561377042,0.9399133552961427,0.9241418205010699,0.9324533116759811,0.9399133489844307,0.9324533046369553,0.9241418215456966,0.9046505440982948,0.9241418215456966
0.8670357683915538,0.8807970826714614,0.8933094003735664,0.880797071719777,0.8933094110250331,0.904650536386234,0.914900959053549,0.9241418241572634,0.9324533088603709,0.9399133527714579,0.9399133464597458,0.9399133458285746,0.9399133464597458,0.9399133527714579,0.9324533088603709,0.9399133536130196,0.9465966654922082,0.9525741285053949,0.9626731158685837,0.9579122749379931,0.9626731117188292
0.962673116537899,0.914900959053549,0.914900959053549,0.9241418152779358,0.914900959053549,0.904650536386234,0.8933094003735664,0.9046505248181417,0.8933094131553264,0.8933094110250331,0.914900959053549,0.904650536386234,0.9046505267461572,0.9149009509324104,0.9149009509324104,0.9149009509324104,0.9324533079218341,0.9241418241572634,0.9149009607937928,0.9046505267461572,0.9149009607937928
0.7549149978955811,0.962673111451103,0.9669140254249554,0.962673111451103,0.9626731158685837,0.9579122749379931,0.9579122749379931,0.9525741285053949,0.946596671895044,0.9579122753885635,0.9525741290102834,0.9525741290102834,0.946596671895044,0.9579122753885635,0.9579122707326702,0.9669140220880033,0.9740426399294493,0.9669140220880033,0.9669140223263571,0.9669140183935203,0.962673116537899
0.9840936106790336,0.7310585903489891,0.7057850340255386,0.7549149923816046,0.679178692681616,0.679178692681616,0.7057850402140659,0.7057850340255386,0.7549149813536518,0.7549149923816046,0.7549149813536518,0.7310585903489891,0.7310585786300049,0.7057850402140659,0.7310585786300049,0.7310585727705126,0.7057850216484838,0.7549149758396752,0.7772998560157665,0.7772998611746912,0.7549149758396752
0.9796676449506523,0.9525741280005063,0.9579122749379931,0.9324533018213449,0.9324533018213449,0.9241418163225626,0.9241418163225626,0.9149009607937928,0.9324533088603709,0.9324533088603709,0.9324533018213449,0.9399133473013075,0.9324533097989077,0.9324533018213449,0.9324533088603709,0.9149009625340367,0.9324533097989077,0.9399133473013075,0.9241418267688302,0.914900952092573,0.9241418257242036
0.7310585727705127,0.26894141551050293,0.24508501313237172,0.3208213073183839,0.320821300824607,0.34864513533394575,0.37754067580180184,0.3486451285660856,0.3486451217982255,0.320821300824607,0.3486451285660856,0.32082130082460697,0.34864513533394575,0.4073334000459302,0.43782349911420193,0.5,0.5,0.5312093733737563,0.4687906266262437,0.43782349911420193,0.4073334000459302
0.8933094025038598,0.9399133527714579,0.9324533158993963,0.9399133527714579,0.9399133527714579,0.9525741229516211,0.9465966713300878,0.9525741280005063,0.962673111451103,0.9626731158685837,0.9626731158685837,0.9669140217304727,0.9706877713685591,0.9626731158685837,0.962673111451103,0.9579122749379931,0.9706877713685591,0.9706877713685591,0.9626731117188292,0.9579122704322899,0.9706877713685591
0.9706877686656669,0.4073334000459302,0.46879062662624377,0.46879062662624377,0.5,0.5312093733737563,0.46879062662624377,0.46879062662624377,0.4687906266262437,0.5,0.5312093733737563,0.5312093733737563,0.5,0.5,0.5312093733737563,0.5,0.5312093733737563,0.46879062662624377,0.5,0.5,0.5
0.8354835309589074,0.817574471748733,0.8354835411997897,0.7981867777396212,0.8354835371034368,0.8175744761936437,0.8175744695262775,0.8354835371034368,0.8670357666736772,0.8519528000888386,0.8519528000888386,0.8354835371034368,0.8354835371034368,0.8354835330070838,0.8175744784160989,0.8670357701094303,0.8519528076067261,0.8807970811069351,0.8933093975331751,0.8670357615200474,0.8670357615200474
0.6791787056691698,0.5621765008857981,0.5312093733737563,0.5312093733737563,0.5,0.4687906266262437,0.5,0.5312093733737563,0.5312093733737562,0.5621765008857982,0.5312093733737563,0.5312093733737563,0.5926665999540698,0.5312093733737563,0.5,0.5,0.5621765008857981,0.5621765008857982,0.6224593382055109,0.5926665999540698,0.5621765008857981
0.8807970826714614,0.9241418231126367,0.9324533079218341,0.9399133458285746,0.9241418152779358,0.9241418241572634,0.9399133458285746,0.9465966713300878,0.9465966713300878,0.9399133458285746,0.9465966654922082,0.9399133527714579,0.9465966713300878,0.9579122699817195,0.9626731158685837,0.9579122749379931,0.9669140254249554,0.962673111451103,0.9669140254249554,0.9525741285053949,0.9525741285053949
0.6513548714339145,0.4687906266262437,0.46879062662624377,0.5,0.4687906266262437,0.4687906266262437,0.5,0.5312093733737563,0.5312093733737563,0.5312093733737563,0.5,0.5621765008857981,0.5312093733737563,0.5,0.5,0.46879062662624377,0.5,0.6224593312018546,0.6224593312018545,0.6224593382055109,0.5926665999540698
0.7310585844894971,0.4687906266262437,0.46879062662624377,0.5621765008857981,0.6513548646660542,0.6224593312018546,0.6513548714339145,0.7057850154599563,0.6513548714339145,0.7057850340255386,0.7057850340255386,0.7057850340255386,0.6791787056691698,0.7310585844894971,0.7310585786300049,0.7772998714925403,0.7549149868676284,0.7549149978955811,0.7310585786300049,0.7057850340255386,0.7057850340255386
0.7981867825403176,0.2942149783515162,0.32082129433083023,0.37754066879814546,0.4378234991142019,0.4378234991142019,0.5312093733737563,0.5621765008857981,0.5621765008857981,0.5312093733737562,0.5621765008857981,0.5926665999540698,0.5621765008857981,0.5,0.5621765008857981,0.5926665999540698,0.6224593312018546,0.6224593382055109,0.6224593312018546,0.5926665999540698,0.5312093733737563
0.8807970764133561,0.8933094110250331,0.904650536386234,0.8933094003735664,0.8933094131553264,0.904650536386234,0.9046505267461572,0.914900959053549,0.9046505248181417,0.9241418241572634,0.9324533088603709,0.9241418241572634,0.9324533018213449,0.9324533088603709,0.9241418152779358,0.9241418152779358,0.9241418241572634,0.9324533158993963,0.9241418163225626,0.9324533088603709,0.9324533088603709
0.6791786861878392,0.43782349911420193,0.4378234991142019,0.4687906266262437,0.4378234991142019,0.43782349911420193,0.43782349911420193,0.4687906266262437,0.5,0.4378234991142019,0.43782349911420193,0.46879062662624377,0.4378234991142019,0.4687906266262437,0.43782349911420193,0.43782349911420193,0.5,0.5312093733737563,0.5312093733737563,0.5621765008857981,0.5
0.8670357494949105,0.5621765008857981,0.5312093733737563,0.5621765008857981,0.5621765008857981,0.5621765008857982,0.5926665999540698,0.5926665999540698,0.5621765008857982,0.5926665999540698,0.5621765008857981,0.5621765008857981,0.5312093733737563,0.5312093733737563,0.5926665999540698,0.5926665999540698,0.6791786861878392,0.679178699175393,0.7057850278370112,0.6513548714339145,0.5926665999540698
0.7772998663336158,0.2689414213699951,0.26894142136999516,0.3486451285660856,0.34864512179822543,0.3208212943308302,0.4073334000459302,0.3486451285660856,0.4073334000459302,0.4073334000459302,0.4073334000459302,0.4378234991142019,0.4073334000459302,0.4073334000459302,0.4073334000459302,0.4378234991142019,0.5,0.5312093733737563,0.5312093733737563,0.5312093733737563,0.5
0.8519528019683105,0.8354835411997897,0.7981867681382279,0.7981867681382279,0.7772998560157665,0.7772998611746912,0.7981867705385763,0.8175744828610095,0.8175744806385543,0.8175744828610095,0.7981867681382279,0.7981867681382279,0.7981867753392728,0.7772998714925403,0.8354835411997897,0.8519528038477825,0.8807970670261976,0.8807970670261976,0.8670357701094303,0.8519528076067261,0.8519527944504227
0.6224593312018545,0.5926665999540698,0.6224593241981982,0.6513548714339145,0.651354857898194,0.5926665999540698,0.6224593312018545,0.6513548714339145,0.6513548714339145,0.6513548782017745,0.6224593241981982,0.6513548782017745,0.6513548714339145,0.6513548782017745,0.5926665999540698,0.6513548782017745,0.651354857898194,0.679178692681616,0.7057850216484838,0.7057850340255386,0.7310585727705126
0.8933094025038598,0.5621765008857981,0.6224593312018546,0.5926665999540697,0.5926665999540698,0.5926665999540698,0.6224593312018546,0.6513548646660542,0.7057850278370112,0.7549149923816048,0.7310585727705126,0.7057850154599563,0.6791787121629465,0.6791786926816161,0.6513548714339144,0.7057850216484838,0.7310585727705126,0.7772998560157665,0.7772998714925403,0.7549149813536518,0.7772998714925403
0.7057850402140659,0.8519528038477825,0.8175744761936437,0.7981867681382279,0.7981867777396212,0.7981867825403176,0.817574471748733,0.817574471748733,0.817574471748733,0.8175744761936437,0.8354835432479661,0.7981867681382279,0.817574471748733,0.7981867801399695,0.7981867705385763,0.7981867753392728,0.8175744695262775,0.8354835432479661,0.8519527963298947,0.8354835289107309,0.8354835330070838
0.7981867801399694,0.8354835432479661,0.817574471748733,0.817574471748733,0.8175744828610095,0.7981867777396212,0.817574471748733,0.7981867825403176,0.8175744673038222,0.817574471748733,0.7981867825403176,0.8175744673038222,0.7981867705385762,0.817574471748733,0.8354835452961425,0.7981867753392728,0.8175744806385543,0.8175744828610095,0.8354835371034368,0.8175744828610095,0.8519528019683106
0.8807970764133561,0.8670357666736772,0.8670357477770336,0.8670357512127872,0.9046505267461572,0.9046505267461572,0.9046505267461572,0.9241418163225626,0.9324533018213449,0.9465966662454831,0.9525741290102834,0.9399133536130196,0.946596671895044,0.9399133536130196,0.9399133473013075,0.9465966662454831,0.9579122753885635,0.9706877680826902,0.9669140217304727,0.9669140181551665,0.9669140181551665
0.8807970732843033,0.8933094110250331,0.8933094003735664,0.880797071719777,0.8933094003735664,0.9046505248181417,0.9149009509324104,0.914900959053549,0.914900959053549,0.9241418231126367,0.9241418152779358,0.9149009509324104,0.9324533018213449,0.9324533088603709,0.9241418163225626,0.9241418241572634,0.9324533088603709,0.9399133464597458,0.9324533088603709,0.9324533018213449,0.9465966654922082
0.8519528000888386,0.8354835432479661,0.8175744828610095,0.8354835432479661,0.8175744673038222,0.8175744673038222,0.8670357477770336,0.880797071719777,0.880797071719777,0.8807970858005139,0.8807970858005139,0.9046505383142494,0.8933094053442511,0.8807970748488296,0.9149009607937928,0.914900952092573,0.9149009625340367,0.914900952092573,0.9241418257242036,0.9149009538328171,0.9046505402422645
0.8519527963298947,0.9399133536130196,0.9579122707326702,0.9626731161363099,0.962673116537899,0.9579122711832405,0.9626731121204183,0.9626731121204183,0.9669140223263571,0.9626731123881445,0.9579122711832405,0.957912276139514,0.9525741244662868,0.957912276139514,0.9579122765900843,0.9706877719515358,0.9706877719515358,0.9706877719515358,0.9706877686656669,0.9706877686656669,0.9706877719515358
0.5621765008857981,0.5621765008857981,0.5312093733737563,0.5621765008857981,0.5312093733737563,0.5312093733737563,0.5312093733737563,0.5621765008857981,0.5,0.5312093733737563,0.5,0.5312093733737562,0.5926665999540698,0.5312093733737563,0.4687906266262437,0.5312093733737563,0.5621765008857981,0.5312093733737563,0.5926665999540698,0.6224593312018546,0.5621765008857982
0.8519527963298947,0.4073334000459302,0.3775406687981454,0.5,0.5,0.5,0.5312093733737563,0.5312093733737563,0.5312093733737563,0.5312093733737563,0.5621765008857981,0.5926665999540698,0.5312093733737563,0.5621765008857981,0.5621765008857981,0.5926665999540698,0.6224593312018546,0.6791787056691698,0.6513548646660543,0.6224593312018546,0.651354857898194
0.8933094103149355,0.9706877715275528,0.9740426428492975,0.9740426399294493,0.9706877715275528,0.9669140181551665,0.9740426399294493,0.9740426399294493,0.9770226282082864,0.98201378842584,0.9796676448393464,0.9796676448393464,0.9770226308008343,0.9770226282082864,0.9796676448393464,0.9740426399294493,0.9820137863531804,0.9840936068886642,0.98201378842584,0.9859363705031758,0.9840936106790336
0.9399133443558416,0.5926665999540698,0.5926665999540698,0.5926665999540697,0.6224593312018545,0.6224593312018546,0.6224593312018546,0.6224593241981982,0.622459324198198,0.6224593312018545,0.6513548511303338,0.6791786926816161,0.6513548646660543,0.679178699175393,0.6791786861878392,0.6513548646660543,0.7057850340255386,0.7057850216484838,0.7057850216484839,0.7549149868676283,0.7549149813536518
0.7057850340255386,0.7549149868676283,0.7310585844894971,0.7310585903489891,0.7057850402140659,0.7057850402140659,0.7057850216484838,0.7057850402140659,0.6791787121629465,0.7057850340255386,0.6791787056691698,0.6791786991753929,0.6791787121629465,0.679178699175393,0.7057850340255386,0.7310585786300049,0.7549149923816048,0.7981867825403176,0.7772998560157665,0.7549149923816048,0.7310585844894971
0.5621765008857981,0.5621765008857981,0.4687906266262437,0.4687906266262437,0.4687906266262437,0.4687906266262437,0.43782349911420193,0.4073334000459302,0.4073334000459302,0.37754066179448903,0.4073334000459302,0.37754066879814546,0.34864514210180597,0.37754066879814546,0.4687906266262437,0.4687906266262437,0.5,0.4687906266262437,0.4687906266262437,0.4687906266262437,0.4687906266262437
0.904650527388829,0.9626731123881445,0.9579122711832405,0.9579122758391339,0.9525741239613982,0.9579122707326702,0.962673116537899,0.9626731121204183,0.962673116537899,0.9669140183935203,0.9579122758391339,0.957912276139514,0.9669140223263571,0.9626731168056251,0.9525741244662868,0.9525741301883566,0.9669140183935203,0.957912276139514,0.9626731126558705,0.9669140225647108,0.9669140188702279
0.8807970826714614,0.32082128783705344,0.3486451285660856,0.4073334000459302,0.4687906266262437,0.43782349911420193,0.5312093733737563,0.5,0.5,0.5621765008857982,0.5621765008857981,0.5926665999540698,0.5312093733737563,0.5312093733737563,0.5621765008857981,0.5926665999540698,0.6224593312018545,0.6224593312018546,0.6224593312018545,0.6224593312018545,0.5621765008857981
0.7057850278370112,0.962673111451103,0.9669140254249554,0.9525741285053949,0.9525741234565096,0.9465966654922082,0.946596671895044,0.9399133536130196,0.9465966662454831,0.9465966668104392,0.9241418267688302,0.9324533027598817,0.9324533036984185,0.9399133489844307,0.946596667563714,0.957912276139514,0.952574130693245,0.9465966681286702,0.9465966745315055,0.9525741249711753,0.9399133498259924
0.8175744695262775,0.7981867753392728,0.7981867777396212,0.7981867777396212,0.8175744761936437,0.8175744761936437,0.8175744739711883,0.8175744739711883,0.8354835350552604,0.8354835330070839,0.8175744761936437,0.8519527982093666,0.8519527963298947,0.8807970858005139,0.8807970889295663,0.8670357512127872,0.8519528019683106,0.8354835371034368,0.8354835411997897,0.8670357512127872,0.8670357512127872
0.8175744850834648,0.3775406687981454,0.43782349911420193,0.4687906266262437,0.5312093733737563,0.5621765008857981,0.6224593312018546,0.6513548646660542,0.6513548646660542,0.6224593382055109,0.6513548646660542,0.651354857898194,0.6224593312018546,0.6224593382055109,0.679178692681616,0.7057850402140659,0.7057850402140659,0.7310585903489891,0.7310585903489891,0.7549149923816046,0.7310585727705127
0.7310585669110202,0.5,0.5312093733737563,0.5926665999540698,0.5926665999540698,0.5926665999540698,0.5926665999540698,0.5926665999540698,0.6224593382055109,0.5926665999540697,0.6224593241981982,0.6513548714339144,0.5621765008857981,0.6513548714339144,0.679178692681616,0.6791786926816161,0.7057850216484838,0.7310585727705126,0.7310585903489892,0.7057850278370112,0.679178699175393
0.9669140191085817,0.9890130572580872,0.9924227590472915,0.9933071503728311,0.9914225158534696,0.9875683465970442,0.9890130598791579,0.9902915219247241,0.9890130598791579,0.9902915219247241,0.9902915253809457,0.9859363738607045,0.9859363738607045,0.9859363722335945,0.9859363722335945,0.9840936051684191,0.9875683510105471,0.9859363755782092,0.9859363755782092,0.9840936051684191,0.9859363706064844
0.6224593312018545,0.3775406758018019,0.4073334000459302,0.4073334000459302,0.4378234991142019,0.4073334000459302,0.4073334000459302,0.4073334000459302,0.43782349911420193,0.34864512179822543,0.3775406758018019,0.4378234991142019,0.4073334000459302,0.4378234991142019,0.46879062662624377,0.4378234991142019,0.43782349911420193,0.4073334000459302,0.3775406617944891,0.4378234991142019,0.3775406687981454
0.6513548646660543,0.7310585786300049,0.6513548714339145,0.6513548646660542,0.6513548646660542,0.5926665999540698,0.5926665999540698,0.6224593312018545,0.6513548646660542,0.679178699175393,0.6791786926816161,0.6791786926816161,0.6791786926816161,0.7057850278370112,0.7057850278370112,0.6513548646660542,0.6513548646660543,0.7057850278370112,0.7057850340255386,0.679178699175393,0.7057850278370112
0.7549149923816048,0.5,0.43782349911420193,0.46879062662624377,0.46879062662624377,0.4687906266262437,0.5,0.43782349911420193,0.4687906266262437,0.46879062662624377,0.5,0.46879062662624377,0.5,0.4687906266262437,0.5,0.5312093733737562,0.5312093733737562,0.5926665999540698,0.5926665999540698,0.5312093733737563,0.4687906266262437
0.9626731123881445,0.2689414213699951,0.4073334000459302,0.46879062662624377,0.4687906266262437,0.5,0.5,0.5,0.46879062662624377,0.5,0.5312093733737563,0.5621765008857981,0.5312093733737563,0.5312093733737563,0.5,0.5621765008857981,0.5312093733737563,0.5,0.5,0.4378234991142019,0.5
0.5621765008857981,0.3486451217982255,0.3208212943308302,0.3486451217982255,0.3775406687981454,0.3775406687981454,0.4073334000459302,0.4378234991142019,0.43782349911420193,0.4378234991142019,0.43782349911420193,0.4378234991142019,0.43782349911420193,0.4073334000459302,0.4073334000459302,0.4687906266262437,0.5,0.5,0.5312093733737562,0.5621765008857981,0.5621765008857981
0.957912276139514,0.4687906266262437,0.5,0.5312093733737563,0.5621765008857981,0.5621765008857981,0.5312093733737563,0.5312093733737563,0.5,0.5,0.5312093733737563,0.5621765008857981,0.5621765008857981,0.5621765008857981,0.5312093733737563,0.5621765008857981,0.5621765008857981,0.5621765008857981,0.5621765008857981,0.5926665999540698,0.5926665999540698
0.6791787056691698,0.7772998611746912,0.7549149923816048,0.7981867681382279,0.7549149923816048,0.7549149868676284,0.7549149923816048,0.7772998611746912,0.7310585844894971,0.7772998560157665,0.7310585903489892,0.7549149978955811,0.7981867753392728,0.7981867705385763,0.817574471748733,0.8354835330070838,0.8519527963298947,0.8519527944504227,0.8354835330070838,0.8519527963298947,0.8354835289107309
0.7310585727705127,0.5926665999540697,0.6513548782017745,0.7057850278370112,0.7057850340255386,0.7310585786300049,0.7057850278370112,0.7310585786300049,0.7057850340255386,0.7549149868676284,0.7310585727705126,0.7549149923816048,0.7310585669110203,0.7772998611746912,0.8175744806385543,0.8175744695262775,0.7981867705385763,0.8175744828610095,0.8175744695262775,0.817574471748733,0.7981867705385763
0.9465966750964615,0.9324533088603709,0.9324533018213449,0.9465966662454831,0.9399133536130196,0.9324533107374443,0.9241418178895029,0.9324533027598817,0.9324533097989077,0.9241418163225626,0.9399133464597458,0.9399133536130196,0.9465966662454831,0.9399133536130196,0.9465966662454831,0.9465966662454831,0.9399133536130196,0.946596671895044,0.9525741290102834,0.94659667246,0.9324533107374443
0.5,0.8670357512127872,0.914900952092573,0.914900952092573,0.914900952092573,0.8933094032139577,0.8933094131553264,0.8670357477770336,0.8670357632379241,0.9046505267461572,0.8670357477770336,0.8807970748488296,0.8933094131553264,0.8807970858005139,0.8933094032139577,0.9046505286741727,0.9149009538328171,0.9149009625340367,0.9046505312448598,0.9046505402422645,0.9046505402422645
0.9241418178895029,0.9770226308008343,0.9796676448393464,0.9796676449506523,0.9859363705031758,0.9820137906300969,0.9820137885903368,0.9820137906300969,0.9820137885903368,0.9820137865176772,0.9820137865176772,0.9796676451361619,0.9796676450248561,0.9796676450248561,0.9796676450248561,0.9840936107956604,0.9820137907945936,0.9840936089587891,0.9859363722335945,0.9840936089587891,0.9820137866492746
0.5926665999540698,0.8670357477770336,0.8670357632379241,0.8933094032139577,0.8519528000888386,0.8670357632379241,0.8175744739711883,0.7981867753392728,0.8175744761936437,0.8175744761936437,0.7981867753392728,0.7981867777396212,0.8354835330070839,0.8354835330070839,0.8175744761936437,0.8354835330070839,0.8519528019683106,0.8519528038477825,0.817574471748733,0.8354835432479661,0.8175744828610095
0.8933094003735664,0.37754066179448914,0.4073334000459302,0.4073334000459302,0.4378234991142019,0.4687906266262437,0.5,0.5,0.5621765008857981,0.5621765008857981,0.5621765008857981,0.5312093733737562,0.5312093733737562,0.5312093733737562,0.5,0.4687906266262437,0.5621765008857982,0.5621765008857981,0.6224593312018545,0.6224593241981982,0.6224593382055109
0.8175744806385542,0.9046505267461572,0.9241418178895029,0.94659667246,0.9465966732132747,0.9399133489844307,0.9399133552961427,0.9399133489844307,0.9324533046369553,0.9579122716338109,0.9465966737782309,0.9525741249711753,0.9465966681286702,0.957912276139514,0.9626731126558705,0.957912271934191,0.9525741249711753,0.9525741254760638,0.952574130693245,0.9525741249711753,0.9525741311981335
0.9820137885903368,0.7549149813536518,0.7772998663336158,0.7310585844894971,0.679178699175393,0.6791787121629466,0.6791787121629466,0.6791786926816161,0.7057850154599563,0.7310585844894971,0.7549149923816048,0.7549149868676284,0.7057850278370112,0.6791786926816161,0.7057850216484838,0.7310585844894971,0.6791787056691698,0.6791786991753929,0.7310585786300049,0.7549149868676283,0.7549149868676283
0.7772998611746911,0.8670357598021707,0.8354835432479661,0.8175744673038222,0.8354835432479661,0.817574471748733,0.8354835452961425,0.8519527963298947,0.8670357477770336,0.8670357477770336,0.8670357477770336,0.8670357512127872,0.8519528000888386,0.9149009509324104,0.904650536386234,0.9149009607937928,0.9149009607937928,0.9241418163225626,0.9241418257242036,0.9149009607937928,0.9149009607937928
0.9740426429905804,0.9324533097989076,0.9324533088603709,0.9241418163225626,0.9241418152779358,0.914900957313305,0.9149009486120849,0.9046505421702797,0.9046505312448598,0.9149009636941993,0.9241418189341296,0.9149009468718409,0.9241418116217417,0.9149009468718409,0.9046505312448598,0.9241418189341296,0.9046505331728752,0.8807970732843033,0.9046505421702797,0.8933093975331751,0.8933094003735664
0.8933094124452287,0.5926665999540698,0.6224593312018546,0.6791786861878392,0.6513548646660543,0.6513548511303338,0.651354857898194,0.679178686187839,0.679178686187839,0.6791786861878392,0.6791787056691698,0.705785040214066,0.6791786861878392,0.679178686187839,0.6513548646660543,0.679178686187839,0.651354857898194,0.7057850278370111,0.7549149868676283,0.7549149868676283,0.7549149813536518
0.5926665999540698,0.5312093733737563,0.5621765008857981,0.5312093733737563,0.5621765008857981,0.5621765008857981,0.5621765008857981,0.5312093733737563,0.5,0.5621765008857982,0.5312093733737563,0.5312093733737562,0.5,0.4687906266262437,0.5312093733737563,0.5312093733737562,0.5312093733737562,0.5926665999540698,0.6224593382055109,0.5926665999540698,0.5
0.9149009584734676,0.5312093733737562,0.5312093733737563,0.5,0.46879062662624377,0.43782349911420193,0.43782349911420193,0.5312093733737563,0.5621765008857981,0.5621765008857981,0.5621765008857982,0.5,0.5312093733737563,0.5312093733737563,0.5,0.46879062662624377,0.5312093733737563,0.5621765008857982,0.5312093733737563,0.5621765008857982,0.5312093733737563
0.7772998663336158,0.5312093733737563,0.5,0.5312093733737563,0.5312093733737563,0.5312093733737563,0.5312093733737563,0.5621765008857981,0.5926665999540698,0.5621765008857981,0.5621765008857981,0.5621765008857982,0.5621765008857981,0.5621765008857981,0.5621765008857981,0.6224593312018546,0.6513548646660543,0.679178699175393,0.6791786991753931,0.679178699175393,0.6513548782017745
0.6513548646660542,0.8175744828610095,0.8175744761936437,0.8354835350552604,0.8175744761936437,0.7981867705385762,0.8354835350552604,0.8175744739711883,0.8175744739711883,0.8175744739711883,0.7981867825403176,0.7772998611746912,0.7772998611746912,0.8354835350552604,0.8354835330070839,0.8519528000888386,0.8670357632379241,0.8670357666736772,0.8670357512127872,0.8354835371034368,0.8670357666736772
0.9579122744874229,0.7549149758396752,0.7981867801399694,0.8175744828610095,0.7772998508568417,0.731058584489497,0.731058584489497,0.7549149923816048,0.7549149868676283,0.731058584489497,0.7772998560157665,0.7549149813536518,0.7057850216484839,0.7057850278370112,0.7057850278370112,0.6791786861878392,0.7057850278370112,0.7310585903489891,0.7310585903489891,0.7310585786300049,0.7310585727705126
0.8807970685907242,0.9399133473013075,0.9324533027598817,0.9399133544545811,0.9399133544545811,0.9324533107374443,0.9399133473013075,0.9399133544545811,0.9465966668104392,0.9399133552961427,0.946596667563714,0.9465966668104392,0.9465966668104392,0.9399133544545811,0.9399133544545811,0.946596667563714,0.9324533116759811,0.9465966737782309,0.9525741301883566,0.9525741249711753,0.957912276139514
0.8670357494949105,0.9740426431789577,0.9706877688776584,0.9740426402120151,0.9706877719515358,0.9740426402120151,0.9740426431789577,0.9740426431789577,0.977022628417363,0.9770226310517259,0.9740426402120151,0.9740426400707322,0.9740426431789577,0.977022628417363,0.9706877719515358,0.9706877684536753,0.9796676449506523,0.9770226309262802,0.9796676449506523,0.9796676450248561,0.9820137865176772
0.8670357615200475,0.9149009607937928,0.8670357477770336,0.8807970858005139,0.8933094032139577,0.8670357632379241,0.8807970858005139,0.914900952092573,0.9046505267461572,0.9046505383142494,0.9046505286741727,0.9149009625340367,0.8933093954028816,0.9046505402422645,0.914900952092573,0.9241418178895029,0.9465966662454831,0.9399133473013075,0.94659667246,0.9324533107374443,0.9324533107374443
0.8933094174159127,0.4687906266262437,0.5312093733737563,0.6224593241981982,0.6513548782017745,0.6791787121629466,0.7057850340255386,0.6791786926816161,0.6513548646660542,0.7310585844894971,0.6791787121629465,0.7057850340255386,0.679178699175393,0.6513548714339145,0.679178699175393,0.7549149758396752,0.7549149758396752,0.8175744828610095,0.7772998714925403,0.7310585786300049,0.7549149813536518
0.6513548511303338,0.9465966654922082,0.9579122753885635,0.9525741290102834,0.9525741290102834,0.9579122758391339,0.9525741239613982,0.94659667246,0.9399133473013075,0.94659667246,0.952574129515172,0.9525741239613982,0.952574129515172,0.9626731161363099,0.9579122707326702,0.9579122711832405,0.9669140223263571,0.9740426400707322,0.9669140223263571,0.9626731123881445,0.9579122711832405
0.9399133561377042,0.9149009607937928,0.9241418257242036,0.9241418163225626,0.9241418257242036,0.9046505286741727,0.9046505383142494,0.8933094032139577,0.9046505267461572,0.8933094003735664,0.8933094131553264,0.9046505267461572,0.9046505267461572,0.9046505383142494,0.8933094131553264,0.9046505267461572,0.9149009509324104,0.8933094131553264,0.9046505383142494,0.8933094032139577,0.8807970748488296
0.5926665999540698,0.9324533158993963,0.9399133527714579,0.9465966654922082,0.9465966713300878,0.9465966713300878,0.9324533079218341,0.9324533079218341,0.9241418152779358,0.9324533088603709,0.9324533158993963,0.9241418163225626,0.9324533018213449,0.9399133527714579,0.9399133464597458,0.9465966654922082,0.9525741290102834,0.9626731117188292,0.9525741290102834,0.9465966662454831,0.9465966662454831
0.9149009486120849,0.5312093733737563,0.5621765008857982,0.5926665999540698,0.5312093733737563,0.5312093733737563,0.5621765008857981,0.651354857898194,0.6513548646660543,0.7057850402140659,0.6513548511303338,0.679178686187839,0.6224593312018546,0.6224593382055109,0.6513548646660543,0.5926665999540698,0.6513548511303338,0.6791787056691698,0.6791787056691698,0.6791787056691698,0.7310585727705127
0.731058584489497,0.8354835432479661,0.7981867681382279,0.7981867825403176,0.7981867681382279,0.8175744673038222,0.8354835452961425,0.8519527982093666,0.8519527963298947,0.8670357477770336,0.8519527982093666,0.8519527982093666,0.8519527982093666,0.880797071719777,0.8807970858005139,0.8933094131553264,0.9046505383142494,0.9046505383142494,0.8933094152856197,0.8933094152856197,0.9046505402422645
0.9740426452040136,0.9859363724143845,0.989013056144891,0.9890130574301267,0.9859363741448031,0.9820137888864311,0.9796676479188069,0.9796676479188069,0.9796676456926909,0.9820137933278436,0.9770226294209299,0.9770226319298468,0.9770226319298468,0.9706877667577429,0.9770226319298468,0.970687770467595,0.970687770043612,0.9740426442621272,0.9740426444034102,0.9740426414835621,0.9706877673407197
0.8354835452961425,0.37754067580180184,0.3486451353339457,0.4073334000459302,0.4378234991142019,0.4378234991142019,0.4687906266262437,0.5,0.4687906266262437,0.5,0.5,0.5312093733737563,0.5312093733737563,0.5312093733737563,0.5312093733737563,0.5621765008857981,0.5926665999540698,0.5926665999540698,0.6224593312018546,0.5926665999540698,0.5312093733737563
0.9840936106790336,0.9740426456278625,0.9796676470654625,0.9706877713685591,0.9706877678706985,0.9706877713685591,0.9669140217304727,0.9740426457691455,0.9770226306753884,0.9770226306753884,0.9820137925711585,0.9770226279573948,0.9770226306753884,0.9770226306753884,0.9706877680826902,0.9706877680826902,0.9770226306753884,0.9770226306753884,0.984093610562407,0.984093610562407,0.9820137925711585
0.6791786861878392,0.7310585727705126,0.7057850340255386,0.6224593312018546,0.6224593382055109,0.6224593312018546,0.6224593312018546,0.6224593382055109,0.6513548714339145,0.6224593312018546,0.6224593312018546,0.679178699175393,0.6513548646660542,0.6513548782017745,0.679178699175393,0.7057850154599563,0.7057850278370112,0.7310585844894971,0.7310585844894971,0.7057850340255386,0.6791786991753929
0.7772998663336158,0.4687906266262437,0.46879062662624377,0.4687906266262437,0.46879062662624377,0.5,0.46879062662624377,0.46879062662624377,0.46879062662624377,0.5312093733737563,0.4378234991142019,0.4378234991142019,0.4378234991142019,0.43782349911420193,0.5,0.5312093733737562,0.5621765008857981,0.622459324198198,0.5926665999540698,0.5926665999540698,0.5312093733737563
0.9399133512987252,0.946596671895044,0.9399133536130196,0.9465966668104392,0.9465966668104392,0.9241418178895029,0.9324533097989077,0.9324533097989077,0.9241418257242036,0.9241418178895029,0.9324533097989077,0.9324533027598817,0.9399133544545811,0.9324533097989077,0.9324533097989077,0.9046505312448598,0.9324533126145179,0.9399133561377042,0.9241418215456966,0.904650527388829,0.9149009584734676
0.5312093733737563,0.22270014914315833,0.20181322946142374,0.2450850021044189,0.22270013366638422,0.24508501313237172,0.2942149783515162,0.2942149597859341,0.2942149597859341,0.2689414096510108,0.2942149659744614,0.24508501313237172,0.22270013366638422,0.2689414096510108,0.24508501313237172,0.2942149783515162,0.3208212943308302,0.34864512179822543,0.3775406617944891,0.37754066879814546,0.3486451285660856
0.7772998611746911,0.2450850131323717,0.32082129433083023,0.4073334000459302,0.4378234991142019,0.4073334000459302,0.4687906266262437,0.5,0.5312093733737563,0.5,0.5312093733737563,0.5,0.5,0.5,0.46879062662624377,0.5312093733737563,0.5312093733737563,0.5312093733737563,0.5621765008857981,0.5926665999540698,0.5621765008857981
0.8519528076067262,0.3486451285660856,0.34864514210180597,0.4073334000459302,0.43782349911420193,0.46879062662624377,0.43782349911420193,0.46879062662624377,0.5,0.5,0.5,0.5,0.5,0.4687906266262437,0.5,0.5621765008857981,0.5621765008857981,0.6224593382055109,0.5926665999540698,0.5621765008857981,0.5621765008857981
0.6224593241981982,0.20181322946142374,0.20181323186177208,0.2450850021044189,0.2450850021044189,0.2689414096510108,0.26894142136999516,0.2942149783515162,0.2450850021044189,0.2689414096510108,0.26894142722948733,0.24508501864634824,0.2450850021044189,0.26894141551050293,0.26894142722948733,0.32082130731838393,0.3775406687981454,0.4073334000459302,0.3775406687981454,0.3486451217982255,0.2942149659744614
0.798186775339273,0.37754066879814546,0.46879062662624377,0.5312093733737562,0.5312093733737563,0.5926665999540698,0.5621765008857981,0.6224593312018546,0.6224593312018546,0.6513548782017745,0.6791787056691698,0.6224593312018545,0.6513548714339145,0.5926665999540698,0.6224593312018546,0.6513548782017745,0.6791786926816161,0.7057850154599563,0.679178692681616,0.679178692681616,0.6791787056691698
0.6791787056691698,0.5312093733737562,0.46879062662624377,0.46879062662624377,0.46879062662624377,0.4378234991142019,0.43782349911420193,0.5,0.5,0.5312093733737563,0.5312093733737562,0.5,0.5621765008857981,0.5,0.5312093733737563,0.5,0.5,0.6224593312018546,0.6224593241981982,0.6513548714339144,0.5926665999540697
0.8354835371034368,0.5,0.4687906266262437,0.5312093733737562,0.5,0.5,0.5621765008857982,0.5926665999540698,0.5926665999540698,0.5621765008857982,0.5621765008857981,0.5621765008857981,0.5312093733737563,0.5312093733737562,0.5621765008857981,0.5621765008857981,0.5926665999540698,0.6224593312018546,0.679178699175393,0.7057850340255386,0.6791786926816161
0.9740426404003925,0.43782349911420193,0.5,0.6224593382055109,0.5312093733737563,0.5312093733737563,0.5,0.5312093733737563,0.5312093733737563,0.5621765008857981,0.5926665999540698,0.5926665999540698,0.6224593312018546,0.5926665999540698,0.5926665999540698,0.5926665999540697,0.6224593312018546,0.6224593312018546,0.6513548646660542,0.6513548511303338,0.6791786861878392
0.9046505440982948,0.8670357546485407,0.8933094110250331,0.880797068590724,0.8807970826714614,0.9046505248181417,0.9046505248181417,0.914900959053549,0.9149009491921664,0.9241418142333089,0.9241418231126367,0.9241418241572634,0.9324533158993963,0.9241418231126367,0.9241418231126367,0.9241418152779358,0.9324533158993963,0.9241418152779358,0.9324533088603709,0.9324533079218341,0.9465966654922082
0.8670357529306639,0.9465966654922082,0.9525741290102834,0.9626731161363099,0.9626731161363099,0.9626731161363099,0.9626731161363099,0.9626731121204183,0.9626731161363099,0.9626731121204183,0.962673116537899,0.952574129515172,0.9669140183935203,0.962673116537899,0.9706877684536753,0.9626731123881445,0.9669140186318741,0.9669140186318741,0.9626731123881445,0.9626731123881445,0.9626731123881445
0.8807970732843033,0.3775406617944891,0.37754066879814546,0.4378234991142019,0.4378234991142019,0.4378234991142019,0.43782349911420193,0.4378234991142019,0.4687906266262437,0.4687906266262437,0.5,0.5312093733737563,0.5,0.5,0.5,0.5312093733737563,0.5312093733737563,0.5926665999540697,0.5621765008857981,0.5926665999540698,0.5926665999540697
0.8354835371034368,0.9465966756614176,0.939913350667554,0.9399133443558416,0.9399133561377042,0.9241418231126367,0.9324533069832973,0.9324533140223229,0.9465966745315055,0.9399133498259924,0.9399133435142798,0.9241418137109955,0.9324533140223229,0.939913350667554,0.9149009503523291,0.9324533060447605,0.9399133435142798,0.939913350667554,0.946596669446901,0.952574131703022,0.946596664362296
0.8933094025038598,0.9669140223263571,0.9626731121204183,0.9626731121204183,0.9626731121204183,0.9669140220880033,0.9706877686656669,0.9669140188702279,0.9740426433202407,0.9706877719515358,0.9706877686656669,0.9740426400707322,0.9706877686656669,0.9706877721635273,0.9669140188702279,0.9706877686656669,0.9740426402120151,0.9706877686656669,0.9740426433202407,0.9740426404003925,0.9770226285428087
0.7057850216484838,0.7981867777396212,0.7549149868676284,0.7310585727705126,0.7310585727705126,0.7310585786300049,0.7549149923816048,0.7310585786300049,0.7310585844894971,0.7549149758396752,0.7772998611746912,0.7772998611746912,0.8175744828610095,0.8175744828610095,0.8354835350552604,0.8670357546485407,0.8519528076067261,0.8519527944504227,0.8670357580842941,0.8519528038477825,0.8670357701094303
0.9740426400707322,0.5312093733737562,0.5,0.5621765008857981,0.5312093733737563,0.5,0.5312093733737563,0.5621765008857982,0.5621765008857981,0.5621765008857981,0.5621765008857981,0.5926665999540698,0.5926665999540698,0.5926665999540698,0.5926665999540698,0.5926665999540698,0.5621765008857981,0.5926665999540698,0.5926665999540698,0.5312093733737562,0.5621765008857982
0.8933094152856196,0.46879062662624377,0.5312093733737562,0.5312093733737563,0.5621765008857981,0.5,0.5312093733737563,0.5926665999540698,0.6513548646660542,0.6791787121629465,0.679178692681616,0.679178699175393,0.6513548646660542,0.6224593382055109,0.6513548646660542,0.6513548646660542,0.7057850340255386,0.7310585844894971,0.7057850278370112,0.7057850154599563,0.7310585786300049
0.8807970873650401,0.4378234991142019,0.5,0.5621765008857981,0.5621765008857982,0.5312093733737563,0.6224593312018546,0.6513548646660542,0.7310585844894971,0.7310585844894971,0.6513548782017745,0.6513548646660542,0.6513548782017745,0.6224593312018546,0.5926665999540698,0.6224593312018546,0.6791786991753929,0.7057850278370112,0.7057850154599563,0.7310585786300049,0.7310585903489892
0.8519528000888386,0.8519527944504227,0.8354835411997897,0.8354835432479661,0.8519528038477824,0.8519528038477824,0.8670357598021707,0.8807970826714614,0.880797071719777,0.8933094003735664,0.8933094110250331,0.9046505248181417,0.904650536386234,0.8933094131553264,0.8670357632379241,0.8670357632379241,0.9046505267461572,0.8933094131553264,0.8807970858005139,0.9046505383142494,0.8933094131553264
0.8807970654616711,0.9324533088603709,0.9324533088603709,0.9241418241572634,0.9399133527714579,0.9399133458285746,0.9465966654922082,0.9525741234565096,0.9626731158685837,0.9669140217304727,0.9669140217304727,0.9626731117188292,0.9669140217304727,0.9626731117188292,0.9579122704322899,0.9579122704322899,0.9706877680826902,0.9740426457691455,0.9770226280828406,0.9740426428492975,0.9740426428492975
0.9324533158993963,0.5,0.5312093733737563,0.5312093733737563,0.5926665999540698,0.5621765008857982,0.5621765008857982,0.5926665999540698,0.5926665999540698,0.6224593312018546,0.6224593312018546,0.6224593312018546,0.6791786861878392,0.6224593312018545,0.6224593312018545,0.6513548646660542,0.5926665999540698,0.6224593241981982,0.6791787056691698,0.6791786926816161,0.7057850216484838
0.7057850216484838,0.7981867705385762,0.7549149978955811,0.7549149923816048,0.7057850154599563,0.6513548782017745,0.7057850154599563,0.6791787056691698,0.6791786926816161,0.6791787121629466,0.6791787121629465,0.7057850278370112,0.6513548646660542,0.7057850340255386,0.7057850278370112,0.7057850340255386,0.7772998560157665,0.7549149868676284,0.7772998508568416,0.7772998611746912,0.7549149923816048
0.8354835289107309,0.9525741290102834,0.9579122753885635,0.9669140220880033,0.962673116537899,0.9669140223263571,0.9669140183935203,0.9669140223263571,0.9669140183935203,0.9626731123881445,0.957912276139514,0.9579122716338109,0.9525741249711753,0.9626731123881445,0.957912276139514,0.9626731168056251,0.9669140188702279,0.9669140225647108,0.9706877719515358,0.9706877686656669,0.9706877719515358
0.8175744850834648,0.7981867681382279,0.7772998611746912,0.7772998663336158,0.7772998560157665,0.7981867825403176,0.7981867705385762,0.7981867681382279,0.8354835330070839,0.817574471748733,0.8354835452961425,0.8175744761936437,0.8354835330070839,0.8175744761936437,0.7981867705385762,0.8354835330070839,0.8175744761936437,0.8175744828610095,0.8354835371034368,0.8354835350552604,0.8354835432479661
0.798186768138228,0.8519528019683106,0.8519528019683106,0.8175744828610095,0.8354835330070839,0.817574471748733,0.8354835452961425,0.8519527982093666,0.8175744761936437,0.8354835330070839,0.8354835330070839,0.8354835330070839,0.8354835330070839,0.8354835452961425,0.8175744806385543,0.8175744761936437,0.8175744806385543,0.8175744806385543,0.8519528000888386,0.8175744761936437,0.8354835411997897
0.6791787056691698,0.4073334000459302,0.4378234991142019,0.5,0.4687906266262437,0.5312093733737563,0.5,0.5926665999540698,0.6224593312018546,0.651354857898194,0.6513548782017745,0.6513548714339145,0.6513548782017745,0.6791787121629466,0.6791787056691698,0.7310585786300049,0.7057850340255386,0.7549149813536518,0.7549149923816048,0.7549149758396752,0.7772998663336158
0.9399133512987252,0.9241418241572634,0.914900952092573,0.9046505286741727,0.9149009607937928,0.9241418241572634,0.9046505267461572,0.9046505383142494,0.9149009607937928,0.9241418152779358,0.9241418241572634,0.9399133464597458,0.9399133464597458,0.9399133527714579,0.9241418241572634,0.9149009607937928,0.9399133464597458,0.9241418163225626,0.9324533018213449,0.9324533088603709,0.9241418257242036
0.8175744761936437,0.4073334000459302,0.4073334000459302,0.4687906266262437,0.4378234991142019,0.43782349911420193,0.43782349911420193,0.46879062662624377,0.46879062662624377,0.5312093733737563,0.5621765008857981,0.5312093733737563,0.5,0.5312093733737563,0.5,0.5,0.5312093733737562,0.5312093733737563,0.6224593312018545,0.6224593312018545,0.6224593312018546
0.9324533060447605,0.9465966713300878,0.9465966713300878,0.9399133458285746,0.9465966649272521,0.9399133458285746,0.9465966654922082,0.9579122749379931,0.9579122749379931,0.9669140254249554,0.9706877678706985,0.9626731158685837,0.9579122704322899,0.9579122749379931,0.9525741239613982,0.9579122753885635,0.9579122753885635,0.9706877680826902,0.9740426457691455,0.9740426428492975,0.9770226280828406
0.8670357615200475,0.946596671895044,0.9626731121204183,0.9706877717395442,0.9669140220880033,0.9706877682416838,0.9740426399294493,0.9669140220880033,0.9740426399294493,0.9770226308008343,0.9770226282082864,0.9740426399294493,0.9669140183935203,0.9740426399294493,0.9740426399294493,0.9740426429905804,0.9740426400707322,0.9740426400707322,0.9770226282919171,0.9706877684536753,0.9669140223263571
0.7057850340255386,0.7981867753392728,0.7310585727705126,0.7549149813536518,0.7772998663336157,0.7310585727705126,0.7549149923816048,0.7772998714925403,0.7549149978955811,0.7981867753392728,0.7772998714925403,0.7981867753392728,0.7772998560157665,0.8175744761936437,0.7981867801399695,0.7772998611746911,0.798186775339273,0.8175744850834648,0.7981867801399695,0.8175744695262775,0.798186768138228
0.8807970826714614,0.9669140217304727,0.9740426428492975,0.9770226282082864,0.9740426402120151,0.9770226282919171,0.9740426400707322,0.9740426400707322,0.9706877719515358,0.9740426402120151,0.9706877686656669,0.9740426431789577,0.9626731168056251,0.9706877719515358,0.9706877721635273,0.9706877721635273,0.9770226285428087,0.9706877723225209,0.9706877725345124,0.9740426434615237,0.9706877690366521
0.6791786926816161,0.2689414272294874,0.26894141551050293,0.2942149659744614,0.29421498454004374,0.2942149783515162,0.3486451217982255,0.3208213073183839,0.29421498454004374,0.3208213073183839,0.29421498454004374,0.32082130082460697,0.3486451285660856,0.34864513533394575,0.34864513533394575,0.37754066179448903,0.4687906266262437,0.5,0.5,0.5,0.46879062662624377
0.705785040214066,0.7549149978955811,0.7549149978955811,0.7549149868676283,0.7549149868676283,0.7772998611746912,0.7549149868676283,0.7549149868676283,0.7549149868676283,0.7549149868676283,0.7549149868676283,0.7549149868676283,0.7772998560157665,0.8175744828610095,0.8354835371034368,0.8519527944504227,0.8519527963298947,0.8519527963298947,0.8670357477770336,0.8519528000888386,0.8354835350552604
0.7772998560157665,0.7057850402140659,0.7310585786300049,0.679178692681616,0.679178692681616,0.7057850216484838,0.7310585786300049,0.7772998663336158,0.7772998508568416,0.7310585903489891,0.7549149813536518,0.7549149813536518,0.7981867777396212,0.7310585727705126,0.7549149868676284,0.7772998560157665,0.8175744761936437,0.8175744761936437,0.8354835371034368,0.8175744828610095,0.8354835411997897
0.8354835432479661,0.880797071719777,0.8670357632379241,0.8807970748488296,0.8933094003735664,0.8670357598021707,0.880797071719777,0.8933094131553264,0.8807970748488296,0.8807970748488296,0.8933094152856197,0.8933094032139577,0.8933094032139577,0.8933094152856197,0.8670357666736772,0.8670357666736772,0.8670357546485407,0.8670357666736772,0.8670357666736772,0.8519528019683106,0.8670357666736772
0.7057850340255386,0.8519527944504227,0.8519527963298947,0.8354835432479661,0.7981867801399695,0.7981867801399695,0.798186768138228,0.7981867705385762,0.7772998560157665,0.7981867825403177,0.7772998663336158,0.7772998663336158,0.7772998508568416,0.798186768138228,0.8519528038477825,0.8519527963298947,0.8670357563664174,0.8519527944504227,0.8519528019683105,0.817574471748733,0.8519528038477825
0.6513548714339145,0.2942149783515162,0.3208213073183839,0.3775406687981454,0.4378234991142019,0.4073334000459302,0.4378234991142019,0.5312093733737563,0.46879062662624377,0.46879062662624377,0.5312093733737563,0.46879062662624377,0.46879062662624377,0.5,0.5312093733737563,0.5312093733737562,0.5926665999540698,0.5926665999540698,0.5926665999540697,0.5621765008857982,0.5621765008857982
0.9149009532527358,0.9525741290102834,0.9579122753885635,0.9525741290102834,0.9579122704322899,0.9525741234565096,0.9525741234565096,0.9579122704322899,0.9706877680826902,0.9740426457691455,0.9706877680826902,0.9770226280828406,0.9770226280828406,0.9740426428492975,0.9669140181551665,0.9706877680826902,0.9740426399294493,0.9740426428492975,0.9796676471767684,0.9820137904984994,0.9820137904984994
0.7981867825403177,0.5,0.46879062662624377,0.4687906266262437,0.43782349911420193,0.4687906266262437,0.46879062662624377,0.5312093733737562,0.5312093733737563,0.5,0.5312093733737563,0.5,0.5,0.5312093733737562,0.5312093733737563,0.5621765008857981,0.5926665999540698,0.6513548511303338,0.6224593312018545,0.651354857898194,0.651354857898194
0.7310585727705126,0.37754066879814546,0.3486451217982255,0.3775406617944891,0.4073334000459302,0.4378234991142019,0.43782349911420193,0.5,0.5,0.4687906266262437,0.5,0.4378234991142019,0.4687906266262437,0.4378234991142019,0.46879062662624377,0.5621765008857981,0.5926665999540698,0.5621765008857981,0.5312093733737562,0.5312093733737562,0.4687906266262437
0.5312093733737563,0.5312093733737562,0.4687906266262437,0.4687906266262437,0.4687906266262437,0.4378234991142019,0.4073334000459302,0.4378234991142019,0.4378234991142019,0.4073334000459302,0.4073334000459302,0.4073334000459302,0.4378234991142019,0.5,0.46879062662624377,0.3775406687981454,0.4073334000459302,0.4378234991142019,0.4378234991142019,0.46879062662624377,0.5
0.7057850402140659,0.8519527982093666,0.7772998663336158,0.7772998611746912,0.7772998508568416,0.7549149923816048,0.7549149758396752,0.7549149923816048,0.7310585669110203,0.7310585844894971,0.7772998714925403,0.7772998663336158,0.7549149813536518,0.8175744806385543,0.8175744806385543,0.8354835371034368,0.8519528000888386,0.8519528038477825,0.8354835432479661,0.8519528076067261,0.8670357580842941
0.8175744806385542,0.8807970858005139,0.8670357477770336,0.8519528019683106,0.8519527963298947,0.8519527963298947,0.8519527982093666,0.8354835330070839,0.8519527982093666,0.8519527963298947,0.8519527963298947,0.8354835432479661,0.8354835350552604,0.8354835330070839,0.8175744739711883,0.8354835330070839,0.8519527982093666,0.8354835350552604,0.8670357512127872,0.8519528019683106,0.8670357546485407
0.9525741311981335,0.7057850154599563,0.7772998714925403,0.7981867681382279,0.7772998611746912,0.7549149758396752,0.7310585727705126,0.7772998611746912,0.7981867681382279,0.8175744828610095,0.8175744828610095,0.7981867777396212,0.7549149813536518,0.731058584489497,0.7772998663336158,0.7310585727705127,0.7310585727705127,0.7772998663336157,0.798186768138228,0.7981867705385762,0.7549149923816048
0.8933093968230773,0.9241418163225626,0.9149009607937928,0.9241418257242036,0.9324533018213449,0.9324533018213449,0.9324533018213449,0.9465966654922082,0.9525741285053949,0.9579122704322899,0.9525741234565096,0.9525741234565096,0.9626731117188292,0.9579122704322899,0.9579122704322899,0.9525741285053949,0.9626731117188292,0.9669140181551665,0.9626731161363099,0.9525741234565096,0.9579122753885635
0.6513548782017745,0.8175744695262775,0.7981867825403176,0.7772998611746912,0.7549149813536518,0.7310585786300049,0.7549149813536518,0.7310585786300049,0.7310585727705126,0.7310585844894971,0.7310585727705126,0.7310585669110203,0.7057850278370112,0.7310585727705126,0.7772998560157665,0.7549149813536518,0.7772998714925403,0.7549149813536518,0.7549149868676283,0.7772998560157665,0.7772998560157665
0.9770226310517259,0.9465966713300878,0.9525741234565096,0.9579122704322899,0.9579122704322899,0.9525741239613982,0.9525741234565096,0.946596671895044,0.9525741234565096,0.9525741285053949,0.9525741234565096,0.9525741234565096,0.9525741290102834,0.9579122704322899,0.9579122704322899,0.9525741234565096,0.9525741234565096,0.9525741285053949,0.9579122753885635,0.9399133536130196,0.9399133473013075
0.9626731123881445,0.914900959053549,0.8933094152856197,0.9046505267461572,0.8807970748488296,0.8670357512127872,0.8670357666736772,0.8670357632379241,0.8670357512127872,0.8807970889295663,0.8807970889295663,0.8670357546485407,0.8807970889295663,0.8933094152856197,0.8670357666736772,0.8807970889295663,0.8807970779778824,0.8519527944504227,0.8670357701094303,0.8670357666736772,0.8670357701094303
0.8807970685907242,0.9706877680826902,0.9740426428492975,0.98201378842584,0.982013792702756,0.9820137863531804,0.9840936106790336,0.9840936050517924,0.9840936107956604,0.9840936051684191,0.9820137865176772,0.9820137865176772,0.9840936071219176,0.9820137907945936,0.9796676451361619,0.9820137928672527,0.9840936071219176,0.9820137866492746,0.9859363756815178,0.9820137909590904,0.9820137909590904
0.7057850278370111,0.7981867753392728,0.7772998663336158,0.7549149978955811,0.7772998663336158,0.7549149868676283,0.7549149923816046,0.7549149923816046,0.7772998663336158,0.7772998663336158,0.7772998508568416,0.7981867705385762,0.7981867705385762,0.817574471748733,0.7981867705385762,0.7549149978955811,0.7772998663336158,0.7981867777396212,0.817574471748733,0.7772998508568416,0.7772998560157665
0.8807970764133561,0.4687906266262437,0.5926665999540698,0.5926665999540698,0.651354857898194,0.6224593312018546,0.6513548782017745,0.7057850402140659,0.679178692681616,0.679178692681616,0.7057850278370112,0.7057850278370112,0.6791787121629466,0.7057850216484838,0.7310585786300049,0.7310585786300049,0.7772998560157665,0.7772998611746912,0.7772998663336158,0.7549149758396752,0.7310585844894971
0.9669140186318741,0.9046505267461572,0.9399133464597458,0.9324533018213449,0.9241418257242036,0.9149009607937928,0.9241418163225626,0.9241418241572634,0.9241418163225626,0.914900952092573,0.9241418163225626,0.9149009625340367,0.9241418257242036,0.9241418257242036,0.914900952092573,0.9241418257242036,0.914900952092573,0.9046505286741727,0.9149009625340367,0.8933094152856197,0.8933094032139577
0.7549149923816048,0.7981867681382279,0.7549149758396752,0.731058584489497,0.7057850154599562,0.6791787056691698,0.7057850216484838,0.7549149923816048,0.7057850154599562,0.731058584489497,0.7549149978955811,0.7772998663336157,0.7549149978955811,0.7772998611746912,0.7981867681382279,0.7981867801399695,0.8175744761936437,0.8175744784160989,0.798186768138228,0.7772998714925403,0.7981867825403176
0.8354835371034368,0.2942149783515162,0.3486451488696663,0.34864514210180597,0.4073334000459302,0.43782349911420193,0.4378234991142019,0.5,0.5,0.5,0.5312093733737562,0.5312093733737562,0.5621765008857981,0.5621765008857981,0.5312093733737563,0.5926665999540698,0.651354857898194,0.651354857898194,0.6224593312018546,0.6224593312018546,0.6513548714339145
0.8670357460591569,0.43782349911420193,0.4687906266262437,0.5,0.5,0.5312093733737563,0.5,0.5,0.5,0.5,0.5,0.5,0.5621765008857982,0.5312093733737563,0.5621765008857982,0.5312093733737563,0.5312093733737563,0.5926665999540697,0.5926665999540697,0.5926665999540698,0.5926665999540697
0.8354835330070838,0.34864513533394575,0.3208213073183839,0.4073334000459302,0.4378234991142019,0.46879062662624377,0.5312093733737563,0.5312093733737562,0.5621765008857981,0.5621765008857982,0.5312093733737563,0.5312093733737563,0.5312093733737563,0.5926665999540698,0.5926665999540698,0.6513548782017745,0.6513548646660542,0.679178692681616,0.7057850154599563,0.6513548714339145,0.6224593312018545
0.7310585786300049,0.8354835452961425,0.7981867705385762,0.7981867777396212,0.7981867753392728,0.7549149923816046,0.7772998663336158,0.7772998663336158,0.7772998663336158,0.8175744761936437,0.817574471748733,0.7981867705385762,0.817574471748733,0.7981867705385762,0.817574471748733,0.7981867705385762,0.7772998663336158,0.817574471748733,0.8354835330070839,0.8175744828610095,0.8175744806385543
0.7310585727705127,0.7310585903489891,0.6224593312018546,0.651354857898194,0.6513548646660542,0.651354857898194,0.7057850340255386,0.7057850402140659,0.7310585727705127,0.7057850340255386,0.7310585844894971,0.7310585786300049,0.7772998663336158,0.6791786991753929,0.7549149923816048,0.7549149758396752,0.7772998560157665,0.7772998611746912,0.7981867705385763,0.7772998714925403,0.7772998663336157
0.6791786926816161,0.7057850402140659,0.6791787056691698,0.7057850216484838,0.7057850340255386,0.7057850402140659,0.7310585727705127,0.7310585786300049,0.7310585786300049,0.7310585786300049,0.7057850216484838,0.7310585903489891,0.7310585727705126,0.7057850340255386,0.6791787056691698,0.7310585669110203,0.7310585669110203,0.7310585786300049,0.7549149813536518,0.7981867705385763,0.7549149923816048
0.8933094025038598,0.8807970748488296,0.9046505267461572,0.8933094003735664,0.9241418152779358,0.904650536386234,0.9324533158993963,0.9399133527714579,0.9399133464597458,0.9525741285053949,0.9525741285053949,0.9579122749379931,0.9525741285053949,0.946596671895044,0.9399133464597458,0.9525741285053949,0.9626731117188292,0.9626731158685837,0.9626731158685837,0.9669140217304727,0.9669140181551665
0.8807970685907242,0.9770226282919171,0.9840936088421623,0.9820137906300969,0.9840936088421623,0.9820137885903368,0.9840936070052909,0.9840936070052909,0.9820137865176772,0.9820137907945936,0.9796676474364818,0.9770226313026177,0.9770226311771718,0.9740426434615237,0.9740426404003925,0.977022628417363,0.977022628417363,0.9820137907945936,0.9796676452103658,0.9820137887219342,0.9796676476590934
0.6513548714339145,0.4378234991142019,0.5,0.5621765008857981,0.5312093733737563,0.5621765008857981,0.5926665999540698,0.5926665999540698,0.5926665999540698,0.5926665999540698,0.5926665999540698,0.5621765008857981,0.5621765008857981,0.6224593312018546,0.6224593241981982,0.6513548714339145,0.6791787056691698,0.7057850340255386,0.6791786926816161,0.6224593312018546,0.6513548714339145
0.914900963114118,0.9149009509324104,0.9046505421702797,0.9149009538328171,0.9046505286741727,0.9149009538328171,0.9324533107374443,0.9241418267688302,0.9324533097989077,0.9241418189341296,0.9241418189341296,0.9241418116217417,0.9241418116217417,0.9149009555730611,0.9149009636941993,0.9241418116217417,0.9324533036984185,0.9324533036984185,0.9465966668104392,0.9324533036984185,0.9324533036984185
0.6791786926816161,0.8933094074745443,0.9046505286741727,0.9149009636941993,0.9241418267688302,0.9149009538328171,0.9241418267688302,0.9149009625340367,0.9149009636941993,0.8933094053442511,0.9046505312448598,0.9046505312448598,0.8933093954028816,0.9046505312448598,0.9149009625340367,0.8933094053442511,0.9241418267688302,0.9324533116759811,0.9324533036984185,0.9324533116759811,0.9241418205010699
0.9149009503523291,0.9046505286741727,0.8933094053442511,0.9046505312448598,0.9149009625340367,0.9241418178895029,0.914900952092573,0.9399133536130196,0.9465966732132747,0.9579122711832405,0.9579122758391339,0.952574129515172,0.9525741301883566,0.9465966668104392,0.9399133481428691,0.9324533036984185,0.952574129515172,0.9626731121204183,0.9669140186318741,0.9669140186318741,0.9669140225647108
0.8354835452961425,0.3486451285660856,0.3775406687981454,0.4073334000459302,0.43782349911420193,0.5,0.46879062662624377,0.5,0.5,0.5,0.5312093733737563,0.5312093733737563,0.5,0.5312093733737563,0.5312093733737563,0.5621765008857981,0.6224593312018546,0.651354857898194,0.5926665999540698,0.6224593382055109,0.5926665999540698
0.5621765008857981,0.9241418257242036,0.9149009538328171,0.8933094053442511,0.9046505402422645,0.8933093954028816,0.8807970670261976,0.8670357701094303,0.8933093954028816,0.8933093954028816,0.8807970670261976,0.9046505312448598,0.9046505312448598,0.9046505331728752,0.9241418116217417,0.9324533046369553,0.9241418205010699,0.904650527388829,0.9241418215456966,0.9149009486120849,0.9149009584734676
0.8175744673038222,0.26894141551050293,0.2942149845400438,0.3486451285660856,0.37754066879814546,0.4073334000459302,0.4378234991142019,0.43782349911420193,0.4378234991142019,0.4378234991142019,0.4687906266262437,0.43782349911420193,0.43782349911420193,0.4378234991142019,0.4687906266262437,0.5312093733737562,0.5621765008857981,0.5926665999540698,0.5312093733737563,0.5621765008857982,0.5621765008857981
0.9740426431789577,0.5,0.5621765008857981,0.5926665999540698,0.5621765008857981,0.5926665999540698,0.5621765008857981,0.5926665999540698,0.5312093733737563,0.5926665999540698,0.6224593312018546,0.6224593382055109,0.651354857898194,0.6224593382055109,0.6513548646660543,0.6513548714339145,0.6513548646660543,0.651354857898194,0.6513548714339145,0.6791786861878392,0.6224593312018545
0.7549149923816048,0.24508501864634824,0.22270013366638422,0.26894142722948733,0.2942149783515162,0.29421497216298875,0.32082130731838393,0.3486451353339457,0.320821300824607,0.3486451353339457,0.4073334000459302,0.3775406687981454,0.3486451217982255,0.3486451217982255,0.3775406687981454,0.4378234991142019,0.46879062662624377,0.5,0.4687906266262437,0.4687906266262437,0.4378234991142019
0.8670357683915538,0.3486451285660856,0.29421497216298875,0.3775406687981454,0.3775406687981454,0.3775406687981454,0.4073334000459302,0.4378234991142019,0.46879062662624377,0.46879062662624377,0.4378234991142019,0.46879062662624377,0.4378234991142019,0.4687906266262437,0.46879062662624377,0.5312093733737563,0.5621765008857981,0.5621765008857981,0.6224593312018546,0.5926665999540698,0.5621765008857982
0.9740426433202407,0.5926665999540698,0.5621765008857982,0.6224593312018546,0.6224593312018546,0.5926665999540698,0.6224593312018546,0.5926665999540698,0.651354857898194,0.6224593382055109,0.6513548511303338,0.7057850340255386,0.7057850340255386,0.6791787056691698,0.6513548646660543,0.6791787056691698,0.6791787056691698,0.7057850340255386,0.679178699175393,0.651354857898194,0.6791787056691698
0.5621765008857981,0.5,0.4687906266262437,0.43782349911420193,0.4687906266262437,0.4073334000459302,0.4378234991142019,0.4378234991142019,0.37754066879814546,0.34864514210180597,0.34864512179822543,0.37754066879814546,0.34864512179822543,0.34864512179822543,0.3775406687981454,0.4073334000459302,0.4378234991142019,0.46879062662624377,0.46879062662624377,0.46879062662624377,0.4687906266262437
0.679178692681616,0.9324533107374443,0.9241418189341296,0.9399133544545811,0.9525741301883566,0.9465966732132747,0.9525741301883566,0.9525741244662868,0.9525741244662868,0.9525741239613982,0.9399133552961427,0.9525741301883566,0.946596667563714,0.9525741301883566,0.9579122711832405,0.9465966732132747,0.9525741301883566,0.9525741301883566,0.9669140225647108,0.9669140225647108,0.9579122716338109
0.9241418137109955,0.914900959053549,0.914900959053549,0.9241418152779358,0.9149009509324104,0.9324533088603709,0.9399133527714579,0.9399133527714579,0.946596671895044,0.9525741285053949,0.9525741234565096,0.9525741234565096,0.946596671895044,0.9525741285053949,0.9579122704322899,0.9669140217304727,0.9706877680826902,0.9706877680826902,0.9706877680826902,0.9626731117188292,0.9626731161363099
0.651354857898194,0.24508501313237172,0.20181322226037884,0.24508501313237172,0.24508501864634824,0.22270014398423357,0.2450850131323717,0.2450850131323717,0.2942149597859341,0.32082128783705344,0.2942149659744614,0.2942149783515162,0.32082129433083023,0.2942149659744614,0.2942149659744614,0.29421497216298875,0.2689414272294874,0.32082128783705344,0.3775406758018019,0.37754066879814546,0.4073334000459302
0.7310585844894971,0.9046505351008904,0.8933094152856196,0.9046505254608136,0.9149009486120849,0.9046505351008904,0.9046505370289059,0.9149009584734676,0.904650527388829,0.9241418205010699,0.9046505351008904,0.9046505254608136,0.9149009532527358,0.9046505408849362,0.9149009503523291,0.9241418231126367,0.9149009532527358,0.9241418252018901,0.9241418252018901,0.9324533158993963,0.9324533027598817
0.8807970748488297,0.9579122704322899,0.9525741234565096,0.9579122753885635,0.9579122707326702,0.9579122753885635,0.9525741234565096,0.9579122704322899,0.9579122758391339,0.9579122707326702,0.962673116537899,0.9669140183935203,0.9626731121204183,0.9626731121204183,0.9579122707326702,0.952574129515172,0.9626731121204183,0.9626731121204183,0.962673116537899,0.962673116537899,0.9669140223263571
0.7057850154599562,0.9324533149608596,0.9149009578933863,0.9399133521402868,0.9241418231126367,0.9324533149608596,0.9399133521402868,0.9241418231126367,0.9324533069832974,0.9324533079218341,0.9324533079218341,0.9324533079218341,0.9241418231126367,0.9324533079218341,0.9399133521402868,0.9324533079218341,0.9465966713300878,0.9525741229516211,0.9525741285053949,0.9525741229516211,0.9525741285053949
0.5926665999540698,0.6791786926816161,0.6791786926816161,0.5926665999540698,0.5926665999540698,0.6224593312018546,0.5621765008857981,0.5621765008857981,0.5926665999540697,0.6224593312018545,0.6224593312018546,0.7057850278370112,0.705785040214066,0.7549149868676283,0.7549149923816048,0.7772998663336158,0.7772998560157665,0.7772998560157665,0.7981867801399694,0.8175744806385542,0.8354835432479661
0.9241418152779358,0.5,0.5621765008857982,0.5926665999540697,0.6224593241981982,0.6513548782017745,0.6791787056691698,0.6513548646660542,0.7057850216484838,0.731058584489497,0.7057850340255386,0.679178686187839,0.679178699175393,0.7057850278370112,0.7549149813536518,0.7772998560157665,0.7772998714925403,0.7772998611746911,0.7772998560157665,0.7549149813536518,0.731058584489497
0.7549149758396752,0.46879062662624377,0.4378234991142019,0.5,0.5621765008857982,0.5926665999540698,0.5926665999540698,0.6224593312018546,0.5926665999540698,0.6224593382055109,0.6513548646660542,0.6791787121629465,0.6513548714339145,0.6791786991753929,0.7057850278370112,0.7310585669110203,0.7549149813536518,0.7549149813536518,0.731058584489497,0.7057850216484838,0.6791787056691698
0.9579122765900843,0.9890130585433228,0.9924227581333498,0.9914225148159647,0.9875683509305094,0.9840936106790336,0.9820137863531804,0.9840936068886642,0.9840936050517924,0.9859363737703095,0.9875683509305094,0.9840936050517924,0.9840936050517924,0.9796676448393464,0.9820137904984994,0.9820137863531804,0.9770226308008343,0.98201378842584,0.98201378842584,0.9796676448393464,0.9796676472509721
0.9579122716338109,0.9859363721431995,0.9890130572580872,0.9859363705031758,0.982013792702756,0.9770226308008343,0.9770226282082864,0.9740426400707322,0.9770226309262802,0.9770226309262802,0.9740426429905804,0.9669140183935203,0.9669140186318741,0.9669140186318741,0.9626731168056251,0.9579122711832405,0.9706877684536753,0.9706877717395442,0.9706877719515358,0.9669140186318741,0.9669140225647108
0.867035771827307,0.8933094131553264,0.9046505383142494,0.9149009555730611,0.9241418257242036,0.9241418257242036,0.9324533027598817,0.9241418267688302,0.9241418267688302,0.9324533097989077,0.9241418178895029,0.9149009625340367,0.9149009555730611,0.9046505421702797,0.8933094074745443,0.8933093975331751,0.9046505421702797,0.9046505351008904,0.9046505440982948,0.9149009468718409,0.9149009468718409
0.5621765008857981,0.4073334000459302,0.4687906266262437,0.4687906266262437,0.4073334000459302,0.37754066879814546,0.3486451217982255,0.3208213073183839,0.26894141551050293,0.34864514210180597,0.2942149659744614,0.2942149783515162,0.37754066879814546,0.37754066879814546,0.37754066879814546,0.37754066879814546,0.37754066879814546,0.4073334000459302,0.4378234991142019,0.4073334000459302,0.46879062662624377
0.9241418231126367,0.4687906266262437,0.4378234991142019,0.5,0.5312093733737563,0.5312093733737563,0.5312093733737562,0.5621765008857981,0.6224593241981982,0.5621765008857981,0.6224593312018546,0.6224593241981982,0.5621765008857981,0.5926665999540698,0.5621765008857981,0.6513548714339144,0.6513548646660543,0.679178699175393,0.7057850216484838,0.7057850216484838,0.679178686187839
0.798186775339273,0.8354835371034368,0.8354835411997897,0.8519527944504227,0.8807970748488296,0.8519528038477825,0.8519528019683106,0.8519528076067261,0.8807970779778824,0.8670357546485407,0.8519527944504227,0.8670357546485407,0.8933093975331751,0.8670357580842941,0.8807970670261976,0.8670357701094303,0.8670357580842941,0.8670357460591569,0.8807970842359877,0.8670357649558006,0.8519528038477825
0.651354857898194,0.7772998560157665,0.7310585727705126,0.7310585844894971,0.679178699175393,0.6513548646660542,0.6791787121629466,0.6791786926816161,0.6513548782017745,0.6791786926816161,0.7057850154599563,0.7057850154599563,0.6791787121629465,0.7310585844894971,0.7310585727705126,0.7057850154599563,0.7310585844894971,0.7549149923816048,0.7549149813536518,0.7310585727705126,0.7057850154599563
0.7772998663336158,0.7310585903489891,0.7057850216484838,0.7310585786300049,0.7310585786300049,0.7772998663336158,0.7772998663336158,0.7549149978955811,0.7549149978955811,0.7981867705385762,0.7981867777396212,0.7772998560157665,0.7981867753392728,0.8175744739711883,0.8175744761936437,0.8175744761936437,0.8175744806385543,0.8175744828610095,0.7981867777396212,0.7772998611746912,0.8175744828610095
0.8354835371034368,0.7310585844894971,0.7549149868676284,0.7057850278370112,0.7310585727705126,0.7057850154599563,0.7549149813536518,0.7549149868676284,0.7549149813536518,0.7549149813536518,0.7549149813536518,0.7549149813536518,0.7549149813536518,0.7772998663336158,0.7981867825403176,0.8175744806385543,0.8354835432479661,0.8354835432479661,0.8354835411997897,0.8354835411997897,0.8175744761936437
0.9241418126663686,0.5926665999540697,0.6224593312018546,0.5926665999540697,0.5312093733737563,0.5,0.5312093733737563,0.5,0.5,0.5621765008857981,0.5312093733737563,0.4687906266262437,0.4378234991142019,0.4687906266262437,0.5,0.43782349911420193,0.4378234991142019,0.5,0.5,0.5621765008857981,0.5312093733737563
0.957912276139514,0.9796676448393464,0.9859363721431995,0.9859363721431995,0.9840936050517924,0.9796676472509721,0.9740426399294493,0.9770226308008343,0.9796676448393464,0.9796676448393464,0.9770226309262802,0.9796676448393464,0.9770226282082864,0.9740426429905804,0.9706877715275528,0.9740426429905804,0.9740426400707322,0.9706877682416838,0.9740426400707322,0.9770226282082864,0.9740426400707322
0.7981867729389246,0.5312093733737563,0.5,0.5312093733737563,0.5,0.5,0.5312093733737563,0.5312093733737563,0.5621765008857981,0.5312093733737563,0.5312093733737562,0.5312093733737562,0.5,0.5312093733737562,0.5312093733737562,0.5312093733737563,0.5926665999540698,0.6513548646660542,0.6513548646660543,0.6513548511303338,0.6224593312018546
0.8519527982093666,0.9465966662454831,0.9626731161363099,0.9579122711832405,0.9579122711832405,0.9579122711832405,0.9579122758391339,0.9525741301883566,0.946596667563714,0.946596667563714,0.946596667563714,0.946596667563714,0.9465966732132747,0.9465966732132747,0.946596667563714,0.9579122716338109,0.9579122765900843,0.9579122765900843,0.9626731086399786,0.9579122674284875,0.957912271934191
0.6513548511303338,0.7981867777396212,0.7772998663336158,0.7772998611746912,0.7981867753392728,0.8175744828610095,0.7772998714925403,0.7772998611746912,0.7981867825403176,0.8175744784160989,0.7981867801399695,0.8175744828610095,0.8175744828610095,0.8519528076067261,0.8519527963298947,0.8807970701552505,0.8807970701552505,0.8807970701552505,0.8519528038477825,0.8807970732843033,0.8519528000888386
0.6791786861878392,0.7981867753392728,0.8175744673038222,0.7981867681382279,0.7981867825403176,0.7981867825403176,0.7549149868676283,0.7772998560157665,0.7549149868676283,0.7772998611746912,0.7549149813536518,0.7549149813536518,0.7981867681382279,0.8175744761936437,0.8354835330070839,0.8354835371034368,0.8519528000888386,0.8175744828610095,0.8354835371034368,0.7981867753392728,0.817574471748733
0.8519528038477825,0.9465966662454831,0.9525741244662868,0.9579122711832405,0.9579122711832405,0.9525741249711753,0.9525741301883566,0.9579122711832405,0.9525741249711753,0.9465966737782309,0.9465966737782309,0.9465966745315055,0.9465966745315055,0.9525741301883566,0.9465966737782309,0.9525741254760638,0.9525741311981335,0.9626731133251858,0.9626731133251858,0.9626731133251858,0.962673113726775
0.7981867825403177,0.8670357598021707,0.7981867705385762,0.8354835452961425,0.8175744828610095,0.8354835432479661,0.8670357598021707,0.8519527982093666,0.8519527982093666,0.8519527982093666,0.8519527982093666,0.8670357632379241,0.8519528019683106,0.8354835350552604,0.8354835350552604,0.8175744806385543,0.8175744761936437,0.8519527982093666,0.8519527982093666,0.8519528019683106,0.8670357512127872
0.7981867825403177,0.8933093954028816,0.9149009625340367,0.9149009636941993,0.9149009538328171,0.9241418267688302,0.9046505421702797,0.9149009636941993,0.9046505421702797,0.9149009555730611,0.8933094074745443,0.9046505421702797,0.9046505421702797,0.9046505421702797,0.9149009468718409,0.9046505351008904,0.9241418137109955,0.9149009503523291,0.9149009602137116,0.9324533069832973,0.904650527388829
0.7772998508568416,0.8354835371034368,0.8354835350552604,0.7981867705385763,0.8175744806385543,0.7981867705385762,0.798186775339273,0.798186775339273,0.8175744850834648,0.8354835411997897,0.817574471748733,0.8175744784160989,0.798186775339273,0.8354835432479661,0.7981867825403177,0.7981867825403177,0.8354835452961425,0.817574471748733,0.8175744806385542,0.8354835371034368,0.8354835391516133
0.8519528057272543,0.8519528000888386,0.8175744828610095,0.8175744828610095,0.8519527982093666,0.8354835350552604,0.8670357512127872,0.8519528019683106,0.8670357512127872,0.8519528000888386,0.8519528019683106,0.8670357666736772,0.8519528019683106,0.8807970670261976,0.8519528038477825,0.8519528019683106,0.8807970748488296,0.8807970670261976,0.8807970811069351,0.8807970670261976,0.8807970811069351
0.9579122765900843,0.5,0.6224593312018546,0.6224593312018545,0.6224593312018546,0.6224593312018545,0.6224593312018546,0.6224593312018546,0.6513548714339145,0.6791787056691698,0.679178686187839,0.679178699175393,0.6513548511303338,0.651354857898194,0.679178699175393,0.6224593382055109,0.6513548511303338,0.6224593241981982,0.651354857898194,0.679178686187839,0.6791787056691698
0.9740426402120151,0.4687906266262437,0.5,0.5312093733737562,0.5,0.46879062662624377,0.5,0.5312093733737563,0.5312093733737562,0.5312093733737562,0.5621765008857981,0.5621765008857981,0.5621765008857981,0.5312093733737563,0.5621765008857981,0.5312093733737563,0.5621765008857981,0.5312093733737562,0.5,0.5621765008857981,0.5621765008857981
0.7772998560157665,0.8933094032139577,0.9241418257242036,0.9241418178895029,0.9241418257242036,0.9241418257242036,0.9241418163225626,0.9149009625340367,0.9241418257242036,0.9324533097989077,0.9149009555730611,0.9046505312448598,0.9149009555730611,0.9324533107374443,0.9241418267688302,0.9241418267688302,0.9241418189341296,0.9324533036984185,0.9324533036984185,0.9399133552961427,0.9241418189341296
0.5926665999540698,0.9324533158993963,0.9399133527714579,0.9465966654922082,0.9465966713300878,0.9399133527714579,0.9399133458285746,0.9399133527714579,0.9324533158993963,0.9399133464597458,0.9324533018213449,0.9324533018213449,0.9324533018213449,0.9241418257242036,0.9399133473013075,0.9399133536130196,0.94659667246,0.9579122707326702,0.9465966732132747,0.94659667246,0.94659667246
0.7772998611746911,0.2942149659744614,0.3208213073183839,0.3775406687981454,0.4073334000459302,0.4073334000459302,0.4687906266262437,0.4687906266262437,0.5,0.5312093733737563,0.46879062662624377,0.43782349911420193,0.4687906266262437,0.5,0.5926665999540698,0.5621765008857981,0.5926665999540698,0.6224593241981982,0.6224593312018546,0.5926665999540698,0.5621765008857981
0.8354835391516133,0.8354835350552604,0.8354835371034368,0.8175744761936437,0.7981867777396212,0.8175744761936437,0.7981867705385762,0.7772998663336158,0.7981867753392728,0.8175744739711883,0.8519528000888386,0.8354835330070839,0.8354835371034368,0.8354835330070839,0.7981867777396212,0.7981867681382279,0.8175744806385543,0.8519528000888386,0.8807970748488296,0.8807970779778824,0.8933094152856197
0.6513548646660543,0.5,0.5312093733737563,0.5926665999540698,0.6224593312018545,0.6224593312018545,0.6513548782017745,0.6224593312018545,0.6224593312018545,0.6224593382055109,0.6513548646660542,0.6224593382055109,0.6791787121629466,0.7057850402140659,0.7057850340255386,0.7310585903489891,0.7310585727705127,0.7310585786300049,0.679178692681616,0.7310585786300049,0.7057850340255386
0.904650527388829,0.9149009509324104,0.904650536386234,0.9149009607937928,0.9241418241572634,0.9241418241572634,0.9324533088603709,0.9399133521402868,0.9465966713300878,0.9465966654922082,0.946596671895044,0.9525741285053949,0.9525741285053949,0.9465966654922082,0.9399133527714579,0.9465966654922082,0.946596671895044,0.946596671895044,0.9525741234565096,0.9465966654922082,0.9465966662454831
0.8807970748488297,0.9046505383142494,0.9046505267461572,0.9149009607937928,0.904650536386234,0.9241418241572634,0.9241418241572634,0.9241418241572634,0.9324533088603709,0.9324533158993963,0.9324533088603709,0.9241418152779358,0.9241418241572634,0.9241418163225626,0.9046505267461572,0.9046505267461572,0.9241418241572634,0.8933094032139577,0.9241418257242036,0.914900952092573,0.9149009625340367
0.8519527944504227,0.34864512179822543,0.4073334000459302,0.5312093733737563,0.5621765008857981,0.5926665999540698,0.6513548646660542,0.6513548714339145,0.6513548646660542,0.6513548714339145,0.6513548714339144,0.6224593312018546,0.5926665999540698,0.6791786991753929,0.679178692681616,0.7057850154599563,0.7057850154599563,0.7057850340255386,0.679178699175393,0.651354857898194,0.5926665999540698
0.8933094124452287,0.9579122711832405,0.9626731121204183,0.9579122758391339,0.9579122758391339,0.952574129515172,0.9525741244662868,0.9525741301883566,0.9579122758391339,0.9626731123881445,0.9579122758391339,0.9626731123881445,0.957912276139514,0.952574130693245,0.9525741301883566,0.957912276139514,0.9669140186318741,0.9626731123881445,0.957912276139514,0.9626731086399786,0.9669140225647108
0.8354835391516133,0.22270014398423357,0.24508501313237172,0.3208213073183839,0.34864512179822543,0.37754066879814546,0.4073334000459302,0.4378234991142019,0.4378234991142019,0.4378234991142019,0.4687906266262437,0.4378234991142019,0.4687906266262437,0.5312093733737563,0.5926665999540698,0.5621765008857981,0.5926665999540698,0.5621765008857981,0.5,0.5,0.5312093733737563
0.9706877686656669,0.9465966654922082,0.9324533018213449,0.9399133464597458,0.914900952092573,0.8933094032139577,0.9149009607937928,0.904650536386234,0.914900952092573,0.9241418163225626,0.9399133464597458,0.9324533088603709,0.9241418257242036,0.9324533088603709,0.9241418163225626,0.9046505286741727,0.9241418257242036,0.9399133536130196,0.9399133473013075,0.9399133536130196,0.9465966662454831
0.7057850154599562,0.3208212943308302,0.2689414330889797,0.3208212943308302,0.3208212943308302,0.3208212878370535,0.37754066879814546,0.3486451217982255,0.4073334000459302,0.37754066879814546,0.34864513533394575,0.34864513533394575,0.37754066879814546,0.4378234991142019,0.4073334000459302,0.4378234991142019,0.4687906266262437,0.4687906266262437,0.4378234991142019,0.4073334000459302,0.4073334000459302
0.8354835350552604,0.9579122758391339,0.962673116537899,0.9706877684536753,0.9669140223263571,0.9706877684536753,0.9740426429905804,0.9740426400707322,0.9740426400707322,0.9706877684536753,0.9706877684536753,0.9706877686656669,0.9706877686656669,0.9669140225647108,0.9740426431789577,0.9740426431789577,0.9770226310517259,0.9740426433202407,0.9740426433202407,0.9740426434615237,0.9706877723225209
0.8933094046341532,0.9399133464597458,0.9324533088603709,0.9324533097989077,0.9399133464597458,0.9465966654922082,0.9525741234565096,0.9525741234565096,0.9579122753885635,0.9626731117188292,0.9579122753885635,0.9579122704322899,0.9525741234565096,0.9525741234565096,0.9465966662454831,0.9465966662454831,0.9626731161363099,0.9740426428492975,0.9740426429905804,0.9706877682416838,0.9740426399294493
0.8519527982093666,0.9626731121204183,0.9669140183935203,0.9626731121204183,0.9626731161363099,0.9669140181551665,0.9669140220880033,0.9669140183935203,0.9740426429905804,0.9770226282082864,0.9706877717395442,0.9740426429905804,0.9706877684536753,0.9706877717395442,0.9706877717395442,0.9740426400707322,0.9796676448393464,0.9770226282082864,0.979667647362278,0.9820137906300969,0.977022628417363
0.7057850340255386,0.3486451217982255,0.3486451217982255,0.43782349911420193,0.43782349911420193,0.5,0.5,0.5,0.4687906266262437,0.5312093733737563,0.5312093733737562,0.5,0.5,0.5312093733737563,0.5621765008857982,0.5926665999540698,0.5926665999540698,0.5926665999540698,0.651354857898194,0.6224593241981982,0.5621765008857981
0.7981867729389246,0.37754066879814546,0.4378234991142019,0.4378234991142019,0.5,0.5,0.5621765008857981,0.6224593312018546,0.6224593312018546,0.6224593241981982,0.6224593312018546,0.6224593382055109,0.5926665999540698,0.6513548714339145,0.6513548782017745,0.6513548714339145,0.7057850340255386,0.7057850340255386,0.679178699175393,0.6513548646660542,0.6224593312018546
0.6224593312018545,0.2450850021044189,0.2942149659744614,0.320821300824607,0.32082128783705344,0.3486451353339457,0.3775406687981454,0.320821300824607,0.37754067580180184,0.320821300824607,0.32082129433083023,0.32082130082460697,0.37754067580180184,0.4073334000459302,0.4073334000459302,0.4687906266262437,0.4687906266262437,0.4687906266262437,0.4687906266262437,0.43782349911420193,0.4073334000459302
0.817574478416099,0.24508501313237172,0.26894141551050293,0.3208213138121609,0.3486451488696663,0.348645142101806,0.3775406687981454,0.4073334000459302,0.40733340004593027,0.40733340004593027,0.40733340004593027,0.40733340004593027,0.3775406687981454,0.40733340004593027,0.43782349911420193,0.46879062662624377,0.5,0.5312093733737563,0.5,0.5312093733737563,0.5
0.7057850278370112,0.5,0.5621765008857981,0.5926665999540698,0.5926665999540698,0.6224593241981982,0.5926665999540698,0.5621765008857981,0.6224593241981982,0.6224593382055109,0.5621765008857981,0.5926665999540698,0.6224593382055109,0.6224593312018545,0.6791786926816161,0.6513548646660542,0.6513548782017745,0.6224593312018546,0.6513548646660542,0.6791786991753929,0.679178692681616
0.6224593241981982,0.6791787121629465,0.6224593382055109,0.651354857898194,0.6513548646660542,0.6791787056691698,0.6791787056691698,0.6513548782017745,0.679178692681616,0.6224593312018546,0.6791787056691698,0.679178692681616,0.6791787121629466,0.7057850216484838,0.6513548782017745,0.679178692681616,0.7057850402140659,0.7057850402140659,0.7310585727705126,0.7310585903489891,0.7549149868676284
0.7981867801399694,0.46879062662624377,0.4687906266262437,0.5312093733737563,0.5621765008857981,0.5621765008857981,0.5621765008857981,0.5621765008857981,0.5621765008857981,0.5621765008857981,0.5621765008857982,0.5312093733737563,0.5621765008857981,0.5312093733737563,0.5621765008857981,0.5621765008857981,0.651354857898194,0.679178699175393,0.6791787056691698,0.6513548511303338,0.651354857898194
0.8670357683915538,0.9399133464597458,0.9399133464597458,0.9525741290102834,0.9579122753885635,0.9525741234565096,0.9579122753885635,0.9626731158685837,0.9669140217304727,0.9579122704322899,0.9669140181551665,0.9669140181551665,0.9740426428492975,0.9669140217304727,0.9626731158685837,0.9669140217304727,0.9669140181551665,0.9669140217304727,0.9626731117188292,0.9669140217304727,0.9669140217304727
0.5926665999540698,0.5621765008857981,0.5926665999540698,0.5621765008857981,0.5621765008857981,0.5621765008857981,0.5312093733737563,0.5312093733737563,0.5312093733737563,0.5312093733737563,0.5312093733737563,0.5621765008857981,0.5312093733737563,0.46879062662624377,0.5312093733737563,0.5926665999540698,0.5926665999540698,0.5926665999540698,0.6513548714339144,0.6513548714339144,0.5926665999540698
0.8670357563664174,0.5312093733737563,0.5926665999540698,0.679178692681616,0.7057850340255386,0.7057850340255386,0.7549149868676284,0.7549149923816048,0.7549149813536518,0.7549149813536518,0.7549149923816048,0.7549149923816048,0.7310585844894971,0.7310585727705126,0.7549149758396752,0.7772998611746912,0.7772998611746912,0.8175744828610095,0.8354835411997897,0.7981867753392728,0.7981867681382279
0.8354835432479661,0.9149009607937928,0.9046505383142494,0.9399133536130196,0.9465966662454831,0.9525741290102834,0.94659667246,0.9399133473013075,0.94659667246,0.94659667246,0.9465966732132747,0.9399133489844307,0.9241418205010699,0.9465966732132747,0.9465966668104392,0.9324533036984185,0.9399133489844307,0.9399133561377042,0.9399133561377042,0.9525741254760638,0.9465966681286702
0.8519528057272544,0.43782349911420193,0.4073334000459302,0.4687906266262437,0.4687906266262437,0.5,0.5312093733737563,0.5312093733737563,0.5312093733737563,0.5312093733737563,0.5312093733737563,0.5,0.5312093733737563,0.5312093733737563,0.5621765008857981,0.6224593312018545,0.6224593312018546,0.6224593312018546,0.6224593312018546,0.5926665999540698,0.5926665999540698
0.9324533126145179,0.5312093733737563,0.5,0.5312093733737563,0.5,0.4378234991142019,0.43782349911420193,0.4073334000459302,0.43782349911420193,0.43782349911420193,0.4378234991142019,0.5312093733737563,0.43782349911420193,0.4378234991142019,0.4687906266262437,0.4378234991142019,0.43782349911420193,0.43782349911420193,0.43782349911420193,0.46879062662624377,0.5
0.9740426433202407,0.946596671895044,0.9241418163225626,0.914900952092573,0.9046505383142494,0.9046505267461572,0.8933094032139577,0.9046505383142494,0.9149009538328171,0.9149009625340367,0.9149009636941993,0.9149009625340367,0.9046505402422645,0.9046505312448598,0.9046505312448598,0.8933094074745443,0.8807970811069351,0.9149009636941993,0.9241418267688302,0.9149009636941993,0.9324533027598817
0.8175744806385542,0.34864514210180597,0.46879062662624377,0.5,0.5312093733737563,0.5926665999540697,0.5621765008857981,0.5926665999540698,0.6513548646660542,0.6224593241981982,0.6513548714339144,0.6224593241981982,0.6224593312018546,0.6513548714339144,0.5926665999540697,0.5926665999540698,0.6513548646660542,0.6791787056691698,0.7057850154599563,0.7057850154599563,0.7057850216484838
0.9796676474364818,0.5312093733737562,0.5926665999540698,0.6224593382055109,0.5621765008857981,0.5621765008857982,0.5621765008857981,0.5312093733737563,0.5926665999540698,0.5926665999540698,0.6224593382055109,0.5926665999540697,0.5926665999540698,0.5926665999540698,0.6224593312018546,0.5926665999540698,0.5926665999540697,0.5926665999540698,0.5926665999540698,0.6224593312018545,0.6224593312018546
0.8933094003735664,0.4687906266262437,0.43782349911420193,0.5,0.5,0.5,0.5312093733737563,0.5312093733737563,0.5621765008857981,0.5621765008857982,0.5621765008857982,0.5926665999540698,0.5926665999540698,0.5621765008857982,0.5621765008857982,0.6224593382055109,0.5312093733737563,0.5926665999540697,0.5926665999540698,0.6224593312018546,0.6224593241981982
0.7549149813536518,0.7549149813536518,0.7310585786300049,0.7310585903489891,0.7310585903489891,0.7310585844894971,0.7057850340255386,0.7057850402140659,0.7057850216484838,0.7549149813536518,0.7310585727705126,0.7057850216484838,0.7310585727705126,0.7549149813536518,0.7772998714925403,0.817574471748733,0.817574471748733,0.7981867801399695,0.7981867825403176,0.8175744761936437,0.8175744761936437
0.6791787056691698,0.46879062662624377,0.5,0.5,0.5926665999540698,0.5621765008857981,0.5621765008857981,0.5926665999540698,0.6224593241981982,0.6224593241981982,0.5926665999540698,0.6513548714339144,0.6791787056691698,0.6513548646660542,0.7057850154599563,0.679178699175393,0.7057850278370112,0.7310585669110203,0.7549149923816048,0.7310585727705126,0.679178692681616
0.914900957313305,0.9740426428492975,0.9770226280828406,0.9770226308008343,0.9740426428492975,0.9740426457691455,0.9706877713685591,0.9740426428492975,0.9770226306753884,0.9796676471767684,0.9796676471767684,0.9770226280828406,0.9820137904984994,0.9796676447280406,0.9820137904984994,0.9796676447280406,0.9796676448393464,0.9859363753974193,0.9840936068886642,0.9859363737703095,0.9859363737703095
0.7981867801399695,0.2942149659744614,0.34864514210180597,0.37754066879814546,0.4073334000459302,0.4378234991142019,0.4378234991142019,0.5,0.5,0.5312093733737563,0.5312093733737563,0.5312093733737562,0.5312093733737563,0.5312093733737563,0.5,0.5,0.5312093733737563,0.5621765008857981,0.5621765008857981,0.5926665999540698,0.5926665999540698
0.7310585903489892,0.4073334000459302,0.4073334000459302,0.46879062662624377,0.5,0.4687906266262437,0.5,0.5,0.5621765008857981,0.5621765008857982,0.5621765008857981,0.5621765008857981,0.5312093733737563,0.5926665999540698,0.6224593312018545,0.679178699175393,0.679178699175393,0.6791786861878392,0.6224593382055109,0.6513548646660543,0.651354857898194
0.8354835350552604,0.3486451217982255,0.37754066879814546,0.43782349911420193,0.5,0.5312093733737563,0.5621765008857981,0.5926665999540698,0.6224593312018546,0.6224593382055109,0.6224593382055109,0.5926665999540698,0.5926665999540698,0.5926665999540698,0.5926665999540698,0.6791787121629465,0.6791787121629465,0.6513548782017745,0.6791787121629465,0.7057850402140659,0.7057850216484838
0.8354835371034368,0.3775406687981454,0.34864513533394575,0.4073334000459302,0.4378234991142019,0.4687906266262437,0.5,0.5312093733737562,0.5,0.5312093733737562,0.5,0.5621765008857981,0.5312093733737563,0.5926665999540698,0.6224593382055109,0.6513548511303338,0.679178699175393,0.6513548511303338,0.6791787056691698,0.6224593312018546,0.5926665999540698
0.8670357529306639,0.8519528057272543,0.8670357546485407,0.880797068590724,0.880797068590724,0.8519528038477824,0.8670357701094303,0.8807970826714614,0.8807970826714614,0.880797068590724,0.8807970826714614,0.880797068590724,0.8807970826714614,0.8933094110250331,0.8933094110250331,0.8670357477770336,0.880797071719777,0.8933094003735664,0.9046505267461572,0.8807970858005139,0.8933094003735664
0.9149009561531424,0.5926665999540697,0.5621765008857982,0.5926665999540698,0.6224593312018546,0.5926665999540698,0.6224593312018546,0.6224593312018546,0.622459324198198,0.6513548511303338,0.6791786861878392,0.6513548511303338,0.6513548511303338,0.679178699175393,0.6224593312018545,0.6791786926816161,0.7057850278370112,0.7310585903489891,0.7057850216484838,0.7549149923816048,0.7549149868676283
0.8670357632379241,0.5312093733737563,0.5926665999540698,0.6791786991753929,0.7310585786300049,0.7310585844894971,0.7549149758396752,0.7549149813536518,0.7549149758396752,0.7772998508568416,0.7549149923816048,0.7549149758396752,0.7549149758396752,0.7549149758396752,0.7310585669110203,0.7772998663336158,0.7772998663336158,0.817574471748733,0.817574471748733,0.7981867801399695,0.8354835432479661
0.9149009532527358,0.914900959053549,0.914900959053549,0.9241418241572634,0.9149009607937928,0.914900952092573,0.9241418241572634,0.9465966654922082,0.946596671895044,0.9399133536130196,0.9399133536130196,0.946596671895044,0.946596671895044,0.9525741290102834,0.9626731117188292,0.9626731161363099,0.9706877680826902,0.9626731161363099,0.9626731161363099,0.9626731161363099,0.9669140220880033
0.9740426402120151,0.9399133527714579,0.9399133527714579,0.9465966654922082,0.9324533116759811,0.9241418205010699,0.9324533107374443,0.9241418267688302,0.9324533027598817,0.9149009625340367,0.9241418257242036,0.9399133544545811,0.9399133473013075,0.9399133544545811,0.9399133544545811,0.9324533097989077,0.9324533027598817,0.9399133536130196,0.9399133473013075,0.9241418189341296,0.9046505312448598
0.8519528000888386,0.957912276139514,0.952574130693245,0.9579122765900843,0.9579122711832405,0.9579122716338109,0.9579122716338109,0.957912271934191,0.9626731126558705,0.9626731126558705,0.9579122716338109,0.9626731086399786,0.9626731130574597,0.9525741254760638,0.957912271934191,0.9669140188702279,0.9626731130574597,0.9626731133251858,0.9669140193469353,0.9706877690366521,0.9669140191085817
0.7549149813536518,0.5,0.43782349911420193,0.5,0.4687906266262437,0.5312093733737563,0.5312093733737563,0.5312093733737563,0.5,0.5926665999540698,0.5621765008857982,0.5312093733737562,0.4687906266262437,0.4687906266262437,0.5926665999540698,0.5621765008857981,0.5926665999540698,0.6224593312018546,0.6224593312018546,0.6224593241981982,0.5621765008857981
0.8175744828610095,0.8175744828610095,0.7981867753392728,0.8175744828610095,0.8175744828610095,0.8175744673038222,0.8519528057272543,0.8519527944504227,0.8519528057272543,0.8807970826714614,0.8807970826714614,0.8670357477770336,0.8807970858005139,0.8670357598021707,0.880797071719777,0.904650536386234,0.904650536386234,0.904650536386234,0.904650536386234,0.904650536386234,0.8933094131553264
0.9579122765900843,0.46879062662624377,0.5312093733737563,0.5926665999540698,0.5621765008857981,0.5312093733737562,0.5312093733737562,0.5621765008857981,0.5621765008857981,0.5926665999540697,0.5621765008857981,0.6224593312018546,0.5621765008857981,0.5926665999540698,0.6224593312018546,0.5926665999540698,0.6224593312018546,0.5926665999540697,0.6224593312018546,0.6224593312018546,0.6513548646660542
0.9465966745315055,0.9890130598184381,0.9914225138101392,0.990291523061875,0.9890130559829715,0.9859363705031758,0.9840936050517924,0.9859363721431995,0.9859363721431995,0.9859363721431995,0.9859363705031758,0.9840936106790336,0.9840936106790336,0.9820137863531804,0.982013792702756,0.9796676449506523,0.9796676449506523,0.9820137906300969,0.982013792702756,0.9820137906300969,0.9820137906300969
0.9796676474364818,0.9579122749379931,0.9525741234565096,0.9525741290102834,0.946596671895044,0.9324533088603709,0.9324533018213449,0.9399133464597458,0.9399133464597458,0.9399133536130196,0.9465966662454831,0.9399133536130196,0.9399133473013075,0.94659667246,0.9324533107374443,0.9324533027598817,0.9399133544545811,0.9324533107374443,0.9465966668104392,0.9241418267688302,0.9399133544545811
0.9669140186318741,0.9399133527714579,0.9399133458285746,0.9149009509324104,0.904650536386234,0.904650536386234,0.9046505248181417,0.9149009509324104,0.9241418241572634,0.9149009607937928,0.9324533088603709,0.9241418163225626,0.9241418241572634,0.9149009607937928,0.9149009607937928,0.9046505383142494,0.9149009607937928,0.9399133527714579,0.9399133527714579,0.9399133464597458,0.9399133464597458
0.6513548646660543,0.8933093975331751,0.9149009468718409,0.9399133552961427,0.9241418189341296,0.9324533036984185,0.9149009636941993,0.9046505312448598,0.9046505312448598,0.9149009555730611,0.9149009636941993,0.8933093954028816,0.9149009636941993,0.904650527388829,0.9149009619539554,0.9149009503523291,0.9149009503523291,0.9324533149608595,0.9324533069832973,0.9324533079218341,0.9149009602137116
0.6791786861878392,0.7981867777396212,0.7772998560157665,0.8175744806385543,0.8175744806385543,0.8519528019683106,0.8519528019683106,0.8519528000888386,0.8519528019683106,0.8670357546485407,0.8670357546485407,0.8519528038477825,0.8807970889295663,0.8933094032139577,0.9046505402422645,0.9046505402422645,0.9046505402422645,0.9046505421702797,0.8670357546485407,0.9046505312448598,0.8807970779778824
0.7981867825403176,0.34864512179822543,0.4073334000459302,0.4687906266262437,0.4687906266262437,0.5,0.5312093733737563,0.5926665999540698,0.5621765008857981,0.5926665999540698,0.6224593312018546,0.6224593382055109,0.5926665999540697,0.6224593312018546,0.6513548646660543,0.6791787056691698,0.6513548646660542,0.6513548782017745,0.6791787121629465,0.6791787121629465,0.6224593312018546
0.6513548646660543,0.26894141551050293,0.24508501313237172,0.32082128783705344,0.29421497216298875,0.2942149659744614,0.320821300824607,0.3486451217982255,0.3486451285660856,0.32082128783705344,0.3486451285660856,0.32082130731838393,0.320821300824607,0.32082130731838393,0.2942149845400438,0.3486451285660856,0.4073334000459302,0.4378234991142019,0.4378234991142019,0.4073334000459302,0.37754066879814546
0.962673113726775,0.982013792702756,0.9840936088421623,0.9770226282919171,0.9770226309262802,0.9669140223263571,0.9669140223263571,0.9706877684536753,0.962673116537899,0.9770226309262802,0.9740426429905804,0.9706877717395442,0.962673116537899,0.9626731123881445,0.9669140223263571,0.9669140183935203,0.9706877717395442,0.9669140223263571,0.9626731168056251,0.9669140186318741,0.9669140225647108
0.8519528038477825,0.9046505267461572,0.8933094131553264,0.8933094032139577,0.8807970748488296,0.8807970748488296,0.8933094152856197,0.8933094032139577,0.8807970670261976,0.8933093954028816,0.9046505421702797,0.9149009555730611,0.8933094074745443,0.9149009538328171,0.9149009538328171,0.9324533027598817,0.9399133473013075,0.9465966662454831,0.9525741239613982,0.9525741239613982,0.9465966668104392
0.9324533107374443,0.9740426441208443,0.9740426410126187,0.9740426408713357,0.9706877688776584,0.9706877723225209,0.9706877725345124,0.9740426405416756,0.9796676475477876,0.9820137887219342,0.9796676452103658,0.9770226285428087,0.9796676451361619,0.9770226286682547,0.9770226286682547,0.9770226313026177,0.9740426406829584,0.9820137887219342,0.9820137907945936,0.9820137887219342,0.984093605285046
0.8807970764133561,0.9626731126558705,0.9579122723847614,0.9579122677288677,0.952574130693245,0.9465966745315055,0.9465966745315055,0.9626731086399786,0.9579122674284875,0.9626731130574597,0.9579122723847614,0.9525741254760638,0.952574130693245,0.9525741311981335,0.9525741259809524,0.9525741311981335,0.9465966750964615,0.9579122716338109,0.957912271934191,0.9525741254760638,0.9626731130574597
0.6513548646660542,0.4687906266262437,0.5312093733737563,0.5926665999540698,0.5926665999540698,0.6513548714339145,0.6224593312018546,0.6224593241981982,0.6791786926816161,0.6513548714339145,0.5926665999540698,0.6513548782017745,0.679178692681616,0.7057850340255386,0.7549149813536518,0.7549149813536518,0.7772998508568416,0.7549149923816048,0.7310585669110203,0.7310585844894971,0.7549149923816048
0.6791787056691698,0.4073334000459302,0.4687906266262437,0.4687906266262437,0.5312093733737563,0.5312093733737563,0.5312093733737563,0.5926665999540698,0.6224593312018545,0.5926665999540698,0.5926665999540698,0.6224593241981982,0.6224593312018546,0.6224593312018546,0.6224593241981982,0.6513548782017745,0.6224593241981982,0.6791787121629466,0.6791787121629466,0.6791787121629466,0.7057850340255386
0.8670357649558006,0.32082128783705344,0.32082128783705344,0.4073334000459302,0.4073334000459302,0.4378234991142019,0.4073334000459302,0.4378234991142019,0.4378234991142019,0.4687906266262437,0.5,0.5,0.5,0.5,0.5,0.5312093733737562,0.5926665999540698,0.5926665999540698,0.5621765008857981,0.5926665999540698,0.5621765008857981
0.9241418137109955,0.5621765008857982,0.5926665999540698,0.5926665999540698,0.6224593241981982,0.6224593312018545,0.679178686187839,0.651354857898194,0.651354857898194,0.7057850340255386,0.7057850278370111,0.6791787056691698,0.6791787056691698,0.651354857898194,0.651354857898194,0.6513548511303338,0.705785040214066,0.6791786861878392,0.7310585727705127,0.7549149978955811,0.7310585669110203
0.679178699175393,0.7057850154599563,0.6791786926816161,0.6791786926816161,0.6224593241981982,0.6791787121629466,0.6791787121629466,0.7057850278370112,0.6791787121629466,0.7057850154599563,0.6791786926816161,0.679178699175393,0.7057850154599563,0.6513548646660542,0.679178699175393,0.6791787121629466,0.6224593382055109,0.679178692681616,0.7057850154599563,0.7057850278370112,0.6513548714339145
0.9525741249711753,0.6513548782017745,0.651354857898194,0.6513548714339145,0.6224593312018546,0.5621765008857981,0.5621765008857981,0.6224593312018546,0.6224593382055109,0.6224593382055109,0.6513548714339145,0.5926665999540698,0.5926665999540698,0.5926665999540698,0.5621765008857981,0.5621765008857981,0.5621765008857982,0.6513548782017745,0.6224593382055109,0.679178699175393,0.6513548646660542
0.9770226309262802,0.962673111451103,0.9669140254249554,0.9579122749379931,0.9465966713300878,0.9465966713300878,0.9399133458285746,0.9525741229516211,0.9626731158685837,0.9626731158685837,0.9669140254249554,0.9626731158685837,0.9579122749379931,0.9525741234565096,0.9465966654922082,0.9525741285053949,0.9525741234565096,0.9669140217304727,0.9740426427080145,0.9740426457691455,0.9740426457691455
0.679178699175393,0.7057850340255386,0.7057850340255386,0.7549149978955811,0.7310585727705127,0.7310585786300049,0.7549149923816046,0.7549149813536518,0.7772998663336158,0.7549149978955811,0.7549149813536518,0.7549149813536518,0.7772998508568416,0.7772998508568416,0.8175744739711883,0.8519527944504227,0.880797071719777,0.8807970858005139,0.9046505267461572,0.8354835350552604,0.8670357512127872
0.5312093733737563,0.4687906266262437,0.4687906266262437,0.4687906266262437,0.4073334000459302,0.4073334000459302,0.37754066879814546,0.34864514210180597,0.3208213073183839,0.34864514210180597,0.3775406687981454,0.3775406758018019,0.34864512179822543,0.4073334000459302,0.4073334000459302,0.4073334000459302,0.4378234991142019,0.4073334000459302,0.4378234991142019,0.4073334000459302,0.4378234991142019
0.9706877719515358,0.982013792702756,0.9859363754878143,0.9875683494898325,0.9840936070052909,0.979667647362278,0.9770226282919171,0.9820137906300969,0.979667647362278,0.979667647362278,0.9820137906300969,0.9820137865176772,0.9820137885903368,0.9770226310517259,0.9770226282919171,0.9770226310517259,0.977022628417363,0.9740426402120151,0.977022628417363,0.9796676474364818,0.9740426404003925
0.8807970842359877,0.8175744828610095,0.8354835350552604,0.8354835371034368,0.8519527982093666,0.8354835432479661,0.8519527963298947,0.8807970858005139,0.8670357477770336,0.8933094131553264,0.9046505383142494,0.8807970889295663,0.8670357512127872,0.8519528000888386,0.8354835371034368,0.8519528019683106,0.8670357666736772,0.8807970748488296,0.9149009625340367,0.9046505286741727,0.914900952092573
0.798186768138228,0.7549149813536518,0.7772998560157665,0.7310585786300049,0.7549149978955811,0.7057850340255386,0.7057850402140659,0.7549149978955811,0.7310585786300049,0.7549149978955811,0.7772998663336158,0.7772998508568416,0.7772998663336158,0.7772998508568416,0.7549149868676284,0.7310585727705126,0.7310585844894971,0.7310585727705126,0.7772998560157665,0.7310585786300049,0.7549149868676284
0.9046505408849362,0.8354835411997897,0.8175744761936437,0.7549149923816048,0.7057850216484838,0.6513548714339145,0.6224593312018546,0.6224593241981982,0.6224593312018545,0.5926665999540697,0.679178692681616,0.6513548782017745,0.6513548714339144,0.6513548714339144,0.6224593241981982,0.6513548646660543,0.6224593312018546,0.7057850278370112,0.7310585727705126,0.6791786991753929,0.7310585727705126
0.9740426399294493,0.6513548782017745,0.5926665999540698,0.6513548646660542,0.6513548714339145,0.6224593382055109,0.5926665999540698,0.5926665999540698,0.6224593382055109,0.679178699175393,0.6513548646660542,0.679178692681616,0.7057850154599563,0.6513548714339145,0.6224593382055109,0.6224593241981982,0.6513548646660543,0.6513548646660543,0.6513548714339144,0.679178699175393,0.6791786991753929
0.731058584489497,0.7549149813536518,0.6791787056691698,0.7057850216484838,0.7057850402140659,0.679178692681616,0.7057850278370112,0.7549149813536518,0.7549149758396752,0.7772998508568416,0.7772998663336158,0.7549149813536518,0.7981867681382279,0.7549149923816048,0.7549149923816048,0.8354835350552604,0.8175744806385543,0.8175744828610095,0.8354835411997897,0.8175744828610095,0.7981867753392728
0.9525741301883566,0.5,0.5621765008857981,0.5926665999540698,0.5621765008857982,0.5312093733737563,0.5621765008857981,0.5926665999540698,0.6224593382055109,0.6224593382055109,0.6513548714339145,0.6224593382055109,0.5621765008857982,0.5621765008857981,0.5926665999540698,0.5621765008857982,0.5312093733737563,0.5926665999540698,0.6513548714339145,0.6513548714339145,0.6224593312018545
