0,1,2,3,4,5,6,7,8,9,10,11,12,13,14,15,16,17,18,19,20
0.9937100968502391,0.731058584489497,0.8740772450055545,0.8991213772699435,0.9196425361331837,0.8807970701552505,0.8596637451167997,0.8933093982432729,0.8670357529306639,0.8596637541053281,0.8519527944504227,0.8991213853793453,0.8872045817875224,0.9046505280315009,0.8807970779778824,0.909907012756525,0.8872046034098933,0.8933094138654242,0.9284087946129328,0.9241418173671895,0.9284088079835904
0.9944450755715498,0.9046505415276079,0.9196425399873763,0.9149009631141181,0.9284088030314952,0.9046505415276079,0.9099070139780661,0.9399133433038895,0.9241418184118162,0.9196425256718028,0.9046505299595162,0.9149009596336303,0.8991213725394588,0.9099069987088003,0.9241418205010699,0.8670357649558006,0.904650538956921,0.9241418236349501,0.9046505376715775,0.9324533069832974,0.9362849995254919
0.9149009549929797,0.8670357477770336,0.7981867705385762,0.8933093982432729,0.8933094096048376,0.8933094088947399,0.9149009520925732,0.914900963114118,0.9241418173671895,0.9433475721038507,0.9433475742938453,0.9525741251394714,0.9496693714978894,0.9399133458285746,0.9496693670464044,0.9465966709534505,0.936285000858894,0.9241418163225626,0.9465966724600001,0.9525741236248059,0.9399133515091156
0.9820137871098656,0.9362850017478287,0.9465966705768132,0.9553191314764831,0.9648551546097941,0.9579122767402743,0.9553191286142649,0.9648551509464147,0.9603611590554627,0.9496693636632754,0.9579122704322899,0.9399133473013074,0.9648551558730283,0.9626731161363099,0.9626731146638163,0.9688561718257582,0.966914023160595,0.9706877703615993,0.9553191316354951,0.9783846655829124,0.966914023160595
0.6224593382055109,0.8519528038477824,0.5926665999540698,0.6224593312018545,0.7310585669110203,0.7310585786300049,0.6791787056691698,0.7772998611746912,0.6513548511303338,0.651354857898194,0.7057850278370112,0.8175744784160989,0.8175744761936437,0.8519528000888387,0.7981867729389245,0.8354835452961425,0.7772998508568417,0.8519528038477825,0.7772998663336158,0.8175744761936437,0.8519527944504227
0.9706877685066733,0.9196425245706047,0.9433475727011219,0.9648551544834707,0.9399133559273138,0.9465966754730989,0.9284087980793998,0.9496693641974536,0.957912271784001,0.9433475685202228,0.9525741242979906,0.9433475772802016,0.9553191330666042,0.9579122689303887,0.9579122765900843,0.9669140206578809,0.9579122764398942,0.9706877724815146,0.9525741231199173,0.9724147209209555,0.964855153093913
0.9840936117286743,0.909906997487259,0.9324533112067127,0.9284087931273041,0.9324533116759812,0.9284088079835903,0.9149009642742805,0.9284088050123332,0.9241418152779358,0.9241418147556224,0.9399133529818484,0.9284087975841903,0.9241418189341296,0.9433475756874782,0.9553191346567252,0.9553191321125315,0.9149009486120849,0.9496693714978895,0.9324533107374443,0.9579122699817196,0.9496693679367013
0.9724147176732816,0.8933093982432729,0.8519527982093666,0.7772998663336158,0.8519527944504227,0.817574471748733,0.7981867801399695,0.7549149868676283,0.7772998560157665,0.7549149923816046,0.8670357546485407,0.7772998714925403,0.7981867777396212,0.7057850340255386,0.7549149813536518,0.7310585786300049,0.7772998663336158,0.7310585669110202,0.7549149868676283,0.7057850278370112,0.8519528076067262
0.8872045966995028,0.9603611634516616,0.9433475772802016,0.9525741253077676,0.9525741231199173,0.9525741308615412,0.9648551556203815,0.9740426418603166,0.974042642048694,0.9626731117188291,0.9706877694076373,0.98593637543616,0.9783846668434381,0.9770226320552927,0.9830850893969988,0.9740426451569193,0.9830850848438867,0.9755769073718233,0.972414719621886,0.9626731154669946,0.983085084750966
0.9740426454865795,0.6791786926816161,0.5621765008857981,0.5926665999540698,0.5621765008857981,0.5312093733737563,0.7310585727705126,0.7057850278370112,0.7057850402140659,0.5926665999540698,0.6513548578981939,0.6513548646660542,0.7549149868676283,0.6224593241981982,0.6224593312018546,0.5926665999540698,0.6224593312018546,0.5926665999540698,0.5926665999540698,0.7981867777396211,0.7772998611746912
0.8807970701552504,0.8354835391516132,0.798186775339273,0.7549149813536518,0.9149009532527357,0.8670357477770337,0.9324533149608596,0.8933093982432729,0.9149009474519222,0.8933094145755219,0.9046505286741726,0.9603611570700823,0.9465966660571643,0.9399133544545811,0.9399133462493554,0.9399133460389649,0.92414182206801,0.9399133437246703,0.9324533121452494,0.9324533093296393,0.9196425273235999
0.9688561696900345,0.7549149978955811,0.8175744739711883,0.8175744695262777,0.8080672112416737,0.7549149758396752,0.7310585786300049,0.7772998714925403,0.8596637559030338,0.8175744695262777,0.8175744828610095,0.7772998508568416,0.8267117919359419,0.8354835330070839,0.8438951025545426,0.8670357477770337,0.8670357546485407,0.8740772318846386,0.817574478416099,0.7981867801399695,0.8354835309589074
0.9433475786738345,0.7981867825403177,0.8354835330070839,0.8354835391516133,0.8354835330070839,0.8670357666736772,0.9046505421702797,0.851952809486198,0.8354835391516133,0.8670357649558007,0.8175744673038222,0.8175744828610095,0.8519528000888387,0.8354835371034368,0.8354835330070839,0.8519528076067262,0.8933094124452287,0.8354835309589073,0.8519528038477825,0.8807970873650401,0.8670357563664174
0.8991213745668094,0.928408801050657,0.9284087980793998,0.9362849995254918,0.9433475738956645,0.9525741253077676,0.964855156378322,0.9740426443563158,0.9496693645535724,0.9688561709265061,0.9525741214369554,0.9740426448743533,0.9669140207770578,0.9648551556203815,0.9688561729498231,0.9808759640527327,0.9770226303826813,0.9796676445054291,0.977022628291917,0.9669140180359898,0.9706877724285167
0.8807970826714613,0.7057850216484838,0.6513548714339145,0.7057850216484838,0.7310585727705126,0.7772998611746911,0.7057850340255386,0.7549149813536518,0.7772998663336158,0.8354835432479661,0.7549149923816048,0.8267118004748677,0.8519528076067262,0.798186768138228,0.817574478416099,0.8354835371034368,0.7549149923816048,0.7981867705385762,0.7981867825403176,0.8519527963298946,0.8670357494949105
0.899121367808974,0.880797068590724,0.8670357615200475,0.8807970748488297,0.8670357512127872,0.8519528019683106,0.8872045855155176,0.8807970826714614,0.8933094053442511,0.9046505325302034,0.8670357615200475,0.8519528057272543,0.8670357615200474,0.8933094110250331,0.9099070139780661,0.9241418215456966,0.9099070042057363,0.9099070072595894,0.9099070103134426,0.8872045966995028,0.9149009636941993
0.7981867753392728,0.9046505248181418,0.9284087936225136,0.9362850066369693,0.9399133531922388,0.9433475707102177,0.9046505402422645,0.9241418231126367,0.9465966711417693,0.9770226313862482,0.9553191270241437,0.9669140254249553,0.9496693713198301,0.9626731098447463,0.9579122686300084,0.962673111183377,0.9496693706075925,0.9553191251159983,0.962673116671762,0.9525741320396143,0.9579122710330504
0.9241418252018901,0.8807970842359877,0.8519528000888386,0.8519528076067262,0.928408801050657,0.9324533140223229,0.9099070005411124,0.9099070133672954,0.9099070133672954,0.9496693624168593,0.9149009636941993,0.9149009625340366,0.9465966711417693,0.9399133468805266,0.9149009544128984,0.9553191257520467,0.9241418210233832,0.9241418126663686,0.9362850044146327,0.9579122699817195,0.9465966662454831
0.9196425383355795,0.7310585727705127,0.5312093733737563,0.651354857898194,0.5926665999540698,0.6513548782017746,0.651354857898194,0.7057850278370112,0.7310585903489891,0.6224593312018546,0.4378234991142019,0.731058584489497,0.5621765008857981,0.5312093733737563,0.6224593312018546,0.7549149813536518,0.5621765008857982,0.5926665999540698,0.6513548714339145,0.5926665999540698,0.7310585786300049
0.98409361035831,0.9046505267461572,0.7549149978955811,0.8175744673038222,0.7981867729389246,0.8519527944504227,0.8175744739711883,0.8354835391516133,0.8519528038477825,0.7549149868676283,0.7772998663336158,0.7981867729389246,0.7772998611746912,0.7981867873410141,0.731058584489497,0.7057850402140659,0.7310585727705126,0.817574478416099,0.7772998508568417,0.8933094096048376,0.8175744761936437
0.9755769114548299,0.9496693625949187,0.9196425284247979,0.949669370429533,0.9626731121204184,0.9603611570700824,0.9465966671870766,0.9496693665122261,0.9465966702001758,0.9603611626007843,0.9525741242979906,0.974042641342279,0.9603611617499072,0.943347578474744,0.9525741288419872,0.9648551568836156,0.974042645251108,0.9755769121205374,0.9553191338616647,0.9579122692307689,0.9525741251394715
0.8354835309589074,0.5,0.5312093733737562,0.6224593312018546,0.6513548714339145,0.6224593312018546,0.6224593312018546,0.6513548511303338,0.46879062662624377,0.6513548782017745,0.6513548714339145,0.6791787056691698,0.6224593382055109,0.6224593382055109,0.7981867849406659,0.6224593312018546,0.6513548646660543,0.5621765008857982,0.7057850278370111,0.7549149868676283,0.7057850216484838
0.8933094003735664,0.7981867705385762,0.679178699175393,0.7772998611746911,0.7772998611746912,0.8175744739711883,0.7981867825403176,0.7772998560157665,0.904650536386234,0.9099070066488189,0.899121375242593,0.8872045855155176,0.8670357477770336,0.8807970732843033,0.9099070121457543,0.8933094110250331,0.8872045922259088,0.9362850128595114,0.9496693659780479,0.9465966739665495,0.9284088030314952
0.9850429140929261,0.8354835452961425,0.8670357477770336,0.8354835391516133,0.8670357615200474,0.9046505299595162,0.9046505286741726,0.8933094025038598,0.8354835289107309,0.9046505286741726,0.7981867729389246,0.9196425377849806,0.8519528019683105,0.9149009625340366,0.9149009491921664,0.8933094025038598,0.8991213813246444,0.9579122759893239,0.9324533112067127,0.9433475766829303,0.9433475790720153
0.8670357615200474,0.34864513533394575,0.29421498454004374,0.29421497216298875,0.26894142136999516,0.2689414272294874,0.2689414213699951,0.32082130731838393,0.40733340004593027,0.2689414330889797,0.18242551713899047,0.2689414272294874,0.32082128783705344,0.4687906266262437,0.3486451217982255,0.3775406687981454,0.2942149783515162,0.2689414272294874,0.32082130731838393,0.6513548646660543,0.24508500761839525
0.9947798731699244,0.9433475764838399,0.9648551537255302,0.9706877680296923,0.9688561663178391,0.9579122767402743,0.9669140193469353,0.9820137912222852,0.9706877704145972,0.9830850830474205,0.9688561703644736,0.9770226324316302,0.9808759632491111,0.9830850902642579,0.9875683478204764,0.9859363761076656,0.9890130556388926,0.9883127392934414,0.9820137881955445,0.9850429166862934,0.972414716174355
0.7772998714925403,0.8670357735451834,0.8175744695262777,0.880797071719777,0.8807970670261976,0.8519528019683106,0.9046505267461572,0.8519528019683105,0.8807970670261976,0.9362850026367633,0.9324533130837862,0.924141813188682,0.9149009538328171,0.9284087980793998,0.9241418231126367,0.9399133475116979,0.8991213684847577,0.9284088040219143,0.9149009584734676,0.9324533135530545,0.928408795603352
0.9099070054272775,0.4073334000459302,0.32082130731838393,0.4378234991142019,0.46879062662624377,0.5,0.6513548646660543,0.651354857898194,0.40733340004593027,0.7310585786300049,0.6513548646660542,0.6791787056691698,0.7057850340255386,0.7772998508568416,0.8175744828610095,0.731058584489497,0.679178692681616,0.798186787341014,0.7057850340255386,0.7310585727705126,0.5621765008857981
0.8872045944627058,0.5,0.4073334000459302,0.5,0.5621765008857981,0.4687906266262437,0.4378234991142019,0.43782349911420193,0.4073334000459302,0.5926665999540698,0.3208213073183839,0.5621765008857982,0.5926665999540698,0.5,0.5926665999540698,0.5621765008857982,0.4378234991142019,0.40733340004593027,0.46879062662624377,0.5926665999540698,0.4378234991142019
0.8175744806385542,0.9196425317283919,0.928408800060238,0.9399133500363828,0.9496693636632753,0.9626731085061155,0.9399133491948212,0.9399133561377043,0.9496693679367014,0.9724147174234605,0.9603611579209597,0.9648551520833256,0.9770226274556112,0.968856168678376,0.9755769110554054,0.9648551538518536,0.9603611567864566,0.9553191305224104,0.974042642048694,0.9755769118542544,0.9724147150751422
0.955319124797974,0.7981867753392728,0.6224593241981982,0.7772998611746912,0.8354835432479661,0.8519528019683106,0.7772998611746911,0.7772998611746912,0.7981867849406659,0.8519528038477825,0.880797068590724,0.8519528019683106,0.8175744761936437,0.8872046026642944,0.8872045952083047,0.7772998714925403,0.8519528019683106,0.8740772384450967,0.8670357701094303,0.914900948612085,0.8933094060543487
0.9796676464347297,0.8354835411997897,0.8740772269642948,0.8175744806385543,0.880797071719777,0.7981867729389246,0.8519527963298947,0.8670357615200474,0.8438951005915208,0.8354835371034369,0.8175744695262777,0.8872045989362997,0.8872046011730965,0.8670357683915538,0.8991213853793453,0.9196425355825848,0.9324533144915913,0.9046505421702797,0.9241418142333089,0.8872045884979137,0.9196425229188077
0.9324533036984185,0.5926665999540698,0.4687906266262437,0.4687906266262437,0.5621765008857981,0.5621765008857981,0.5926665999540698,0.5312093733737562,0.46879062662624377,0.5621765008857981,0.5312093733737562,0.5926665999540698,0.5,0.5621765008857981,0.6224593312018545,0.6224593241981982,0.5621765008857981,0.6791786926816161,0.40733340004593027,0.6791787056691698,0.7057850216484838
0.9603611644443515,0.7981867753392728,0.8175744806385543,0.8354835432479661,0.8519528076067262,0.817574478416099,0.7772998560157665,0.7981867801399695,0.8519528000888387,0.8175744761936437,0.7981867825403177,0.8175744828610095,0.7057850340255386,0.8175744761936437,0.8670357735451835,0.8933094103149354,0.8175744761936437,0.8354835330070838,0.8670357718273068,0.851952809486198,0.8438951064805861
0.7772998508568416,0.8933093996634686,0.8670357512127872,0.9149009584734676,0.893309405344251,0.8807970842359877,0.9149009468718409,0.9149009636941993,0.9149009561531424,0.9433475760856591,0.9149009457116781,0.9399133527714579,0.914900952092573,0.9579122722345712,0.96036116189172,0.9525741232882136,0.9553191287732771,0.9648551509464147,0.9433475727011219,0.952574122783325,0.9399133519298964
0.985936371252163,0.6224593312018546,0.7310585903489891,0.7772998714925403,0.7981867849406659,0.8354835289107307,0.7057850402140659,0.8175744761936437,0.7772998508568416,0.8175744739711883,0.7981867729389246,0.7772998611746912,0.7662936377487304,0.8807970811069351,0.8519527982093666,0.8872045825331214,0.8175744828610095,0.7549149868676283,0.8519528057272543,0.8354835391516133,0.7057850216484838
0.9399133485636499,0.8670357615200474,0.8519528038477825,0.8933094017937621,0.8933094124452287,0.8807970873650401,0.9046505434556231,0.8519528057272543,0.9099070133672955,0.9399133462493554,0.924141819456443,0.9046505286741726,0.9284088035267046,0.9324533027598817,0.9284088040219143,0.9196425388861785,0.9284088010506572,0.9241418252018903,0.899121373891026,0.9465966711417693,0.9362850075259039
0.9324533051062238,0.6513548511303338,0.5312093733737563,0.5926665999540698,0.6513548714339145,0.7057850340255386,0.5312093733737563,0.6224593312018546,0.5621765008857981,0.4073334000459302,0.5,0.651354857898194,0.7310585727705126,0.6513548782017745,0.5621765008857982,0.7549149923816048,0.6513548646660542,0.7549149813536518,0.679178699175393,0.6513548578981939,0.7549149758396752
0.7981867825403176,0.8807970889295663,0.8807970889295663,0.8807970732843033,0.9046505280315008,0.8807970889295664,0.8933094017937621,0.9046505299595162,0.8933094174159129,0.8807970748488297,0.8354835411997897,0.8807970795424087,0.9241418137109956,0.9046505421702796,0.904650530602188,0.867035763237924,0.9241418278134569,0.9241418126663686,0.9046505376715775,0.9046505370289059,0.9241418152779357
0.9724147187724943,0.817574478416099,0.8175744806385543,0.8519528057272543,0.7772998508568416,0.8519527944504227,0.7772998663336158,0.8175744739711884,0.7057850278370112,0.7057850402140659,0.731058584489497,0.754914975839675,0.8175744806385543,0.7981867729389246,0.7772998663336157,0.8267117898012104,0.8933094152856197,0.8175744806385543,0.7057850278370112,0.8175744739711883,0.8267118004748677
0.914900953832817,0.6791787121629466,0.6224593312018546,0.7057850340255386,0.7057850340255386,0.7772998560157665,0.7057850340255386,0.7549149923816048,0.7549149758396752,0.7310585727705126,0.7772998611746912,0.8354835350552604,0.7981867873410141,0.7981867801399694,0.8354835371034369,0.8519528076067262,0.8354835350552603,0.817574471748733,0.8670357615200474,0.8670357683915538,0.8354835309589074
0.7981867681382279,0.8807970826714614,0.9046505299595162,0.8933094110250333,0.9149009602137116,0.9324533107374443,0.9149009607937928,0.9241418215456967,0.9399133487740403,0.9046505286741726,0.9362850093037731,0.8933094053442511,0.9241418137109956,0.9324533046369554,0.9525741256443601,0.9324533046369554,0.949669372210127,0.9465966664338018,0.9324533135530546,0.9284087965937711,0.9241418257242034
0.8354835289107307,0.5312093733737562,0.3775406687981454,0.3486451488696663,0.6224593312018545,0.679178692681616,0.6224593312018546,0.5,0.5312093733737563,0.7310585844894971,0.6791787056691698,0.7772998508568416,0.7772998714925403,0.6224593382055109,0.7549149868676283,0.7772998663336157,0.7981867825403176,0.7310585903489891,0.7549149868676283,0.8354835309589074,0.7549149813536518
0.7549149813536518,0.9046505428129514,0.9399133462493554,0.9324533041676869,0.9196425355825848,0.9046505280315008,0.9149009607937928,0.9399133561377042,0.9399133510883348,0.9324533055754922,0.9362850106371751,0.9099069980980297,0.9362850079703712,0.9149009642742806,0.9626731119865553,0.9603611617499073,0.9579122681794381,0.9433475715065793,0.9496693688269985,0.9496693656219289,0.952574121941844
0.7549149868676284,0.6791787056691698,0.7310585903489891,0.731058584489497,0.7772998560157665,0.817574478416099,0.798186768138228,0.8354835350552604,0.8175744739711883,0.8670357477770336,0.8740772466456689,0.8872045922259088,0.9046505267461572,0.8933094167058151,0.8933093968230773,0.7981867801399695,0.9046505440982949,0.899121379297294,0.8933094088947399,0.8670357580842941,0.904650536386234
0.9928785716888826,0.7057850216484838,0.8519528000888387,0.8519528057272543,0.8670357649558006,0.8670357735451835,0.7981867801399695,0.817574478416099,0.8670357494949105,0.880797085800514,0.8519528057272543,0.8933093989533708,0.8933094174159129,0.8807970842359877,0.8933093996634686,0.7981867849406659,0.8933093954028817,0.8354835350552604,0.817574478416099,0.8991213860551286,0.851952809486198
0.9362850101927077,0.8519528057272543,0.9046505370289057,0.8670357632379241,0.8807970670261976,0.8807970748488297,0.880797085800514,0.8807970732843033,0.867035758084294,0.9399133510883348,0.904650536386234,0.9149009578933863,0.9284087980793998,0.928408801050657,0.9553191335436405,0.946596676038055,0.9284087990698189,0.880797071719777,0.9149009607937929,0.914900959053549,0.9362850115261095
0.9808759654852756,0.8807970904940926,0.8519527963298947,0.8807970764133561,0.8933094117351309,0.8670357649558007,0.8596637523076225,0.8080672135527632,0.8175744806385542,0.9046505351008904,0.9046505286741726,0.8933094025038598,0.8740772400852111,0.880797068590724,0.9324533060447606,0.8354835411997897,0.9284088035267047,0.9196425333801889,0.8872045870067157,0.9149009561531424,0.9525741288419872
0.7310585786300049,0.8519528000888387,0.8519528019683105,0.8354835432479661,0.8933094131553264,0.8354835309589074,0.8519528057272543,0.8807970889295663,0.8807970748488297,0.8519527963298947,0.817574478416099,0.8991213732152424,0.9241418184118163,0.9284088079835903,0.8740772450055545,0.9284088064979618,0.9099070072595894,0.9196425394367774,0.8933094053442511,0.9046505267461572,0.9362850110816423
0.7549149813536518,0.9241418225903234,0.8807970826714613,0.9241418210233832,0.9525741298517642,0.9496693679367013,0.936285002192296,0.928408799069819,0.928408801050657,0.9525741291785795,0.9525741251394715,0.9496693629510375,0.9626731145299533,0.9648551537255302,0.9669140191085817,0.9626731125220075,0.9525741318713181,0.9433475685202227,0.9579122764398942,0.9525741320396143,0.974042641624845
0.6513548714339145,0.7981867777396211,0.7549149978955811,0.7549149813536518,0.8354835330070838,0.8670357683915537,0.867035771827307,0.8740772384450967,0.8807970904940925,0.8807970764133561,0.9149009590535488,0.8670357477770336,0.9149009468718409,0.943347575090207,0.9284087951081423,0.9433475772802016,0.9099070066488187,0.9284088079835903,0.9149009491921664,0.9284088050123332,0.9579122684798183
0.9875683469514965,0.9433475730993027,0.9553191309994467,0.9465966709534506,0.9688561708140997,0.9626731127897337,0.9648551524622959,0.9669140210154115,0.962673113726775,0.9525741283370988,0.9626731157347207,0.9688561718257581,0.9706877685066733,0.972414719871707,0.9740426418132223,0.9648551528412662,0.9783846687736178,0.975576912164918,0.9820137930646488,0.9840936102416833,0.9724147185726375
0.7772998611746912,0.880797076413356,0.9241418189341296,0.9241418231126367,0.9324533097989076,0.9241418121440552,0.9241418121440552,0.9579122672782974,0.9496693697172955,0.9362850039701655,0.9399133483532595,0.9553191265471074,0.9648551561256752,0.9603611651534157,0.9603611643025386,0.964855153978177,0.9669140238756563,0.9669140220880034,0.9783846691675321,0.9724147167739257,0.9603611587718369
0.9626731110495138,0.8438951064805861,0.7057850402140659,0.7310585727705126,0.8519527944504227,0.8933094039240554,0.8807970873650401,0.904650530602188,0.8175744673038222,0.9149009619539554,0.9362850079703712,0.9241418116217418,0.9046505331728751,0.9284087970889806,0.9525741303566527,0.9241418272911437,0.9149009468718409,0.932453306514029,0.9362850013033613,0.9433475776783824,0.955319134497713
0.9496693641974536,0.9196425251212038,0.9046505351008906,0.9149009578933863,0.9196425377849806,0.9046505299595162,0.9196425355825847,0.9241418199787564,0.9465966662454831,0.9525741226150288,0.9579122716338109,0.9553191324305557,0.9669140204195272,0.93991335382341,0.9648551565046454,0.9648551527149427,0.9648551570099391,0.9324533027598817,0.9465966718950439,0.9626731089077047,0.9579122759893239
0.9496693718540082,0.34864514886966624,0.4378234991142019,0.5312093733737563,0.5312093733737563,0.4378234991142019,0.4073334000459302,0.5,0.5621765008857981,0.7057850278370112,0.7310585669110202,0.6513548782017745,0.6513548714339144,0.5,0.5926665999540698,0.679178699175393,0.6224593312018545,0.6513548782017745,0.6513548714339145,0.6513548714339145,0.5926665999540698
0.9603611627425972,0.7981867801399695,0.7310585727705127,0.7057850154599562,0.6791786861878392,0.651354857898194,0.7057850278370112,0.7549149813536518,0.6513548714339145,0.6224593312018546,0.6224593312018545,0.651354857898194,0.7549149868676284,0.7549149923816048,0.798186768138228,0.7310585903489891,0.7772998663336158,0.731058584489497,0.7772998663336158,0.7772998560157663,0.817574478416099
0.9241418241572634,0.4687906266262437,0.4378234991142019,0.5,0.6224593312018546,0.5621765008857981,0.5312093733737563,0.5926665999540698,0.6791786926816161,0.6791786926816161,0.7549149923816048,0.7549149923816048,0.7310585727705127,0.7310585844894971,0.7549149923816048,0.7981867825403176,0.7772998663336157,0.6224593312018546,0.7772998611746912,0.7981867849406659,0.8354835411997897
0.9850429150397111,0.970687766227764,0.9579122764398942,0.9724147150751421,0.9706877660687703,0.9688561662054326,0.9688561678915303,0.9603611601899656,0.9669140203003503,0.9669140217304728,0.9706877671287282,0.9626731097108832,0.9688561720505711,0.9724147209209555,0.9669140186318741,0.9688561729498231,0.9724147185726374,0.978384667394918,0.9740426443563158,0.9783846676312666,0.9820137872414632
0.952574122783325,0.34864514210180597,0.2942149659744614,0.22270014398423357,0.3775406687981454,0.3775406687981454,0.40733340004593027,0.37754066879814546,0.37754066879814546,0.40733340004593027,0.6224593382055109,0.6224593312018546,0.6224593312018546,0.5,0.34864512179822543,0.5621765008857981,0.43782349911420193,0.6513548714339144,0.6791787056691698,0.5,0.5312093733737562
0.8354835411997898,0.5,0.4073334000459302,0.3208212878370535,0.34864514210180597,0.3486451353339458,0.40733340004593027,0.37754066879814546,0.43782349911420193,0.5312093733737562,0.37754066879814546,0.651354857898194,0.4687906266262437,0.5,0.34864514886966624,0.3775406687981454,0.5,0.46879062662624377,0.5,0.5621765008857981,0.5621765008857981
0.9896718493560355,0.9149009555730612,0.9399133561377042,0.9399133544545811,0.9399133485636499,0.943347578474744,0.9465966718950439,0.9324533149608596,0.9324533097989076,0.9284088084787997,0.9362850048591,0.9284088050123334,0.9324533069832973,0.9603611638771,0.9324533074525657,0.928408795603352,0.9149009515124917,0.9525741248028791,0.9362850026367634,0.9553191311584589,0.9525741273273217
0.6224593312018546,0.731058584489497,0.731058584489497,0.7981867801399695,0.8354835371034369,0.7772998663336158,0.8175744761936437,0.8354835371034368,0.8354835309589074,0.8175744673038222,0.8519528019683105,0.8354835432479663,0.7310585786300049,0.7772998560157665,0.851952809486198,0.8354835350552604,0.8670357580842941,0.8670357512127872,0.7981867849406659,0.9046505325302034,0.7981867753392728
0.8670357649558007,0.8175744761936437,0.867035758084294,0.9046505318875316,0.9149009544128984,0.8933094174159129,0.9149009538328171,0.8807970811069351,0.9046505280315008,0.8933094159957173,0.9149009509324104,0.9241418189341297,0.9046505434556232,0.9399133451974033,0.9399133435142799,0.9399133439350608,0.9241418184118163,0.9149009468718409,0.9399133512987252,0.9241418173671895,0.9362849999699593
0.8354835330070839,0.7057850402140659,0.6791786926816161,0.8175744739711883,0.8670357546485407,0.8670357563664174,0.8670357615200474,0.8670357546485408,0.8807970701552505,0.8807970701552504,0.9046505428129514,0.899121388082479,0.904650530602188,0.8933093961129794,0.851952809486198,0.9149009468718409,0.8933093989533707,0.9149009497722477,0.9046505357435622,0.9241418173671895,0.9241418283357703
0.9953904285684374,0.9553191257520468,0.9603611583463983,0.9626731087738417,0.9755769123868204,0.9740426427080144,0.9755769127418645,0.974042642048694,0.9688561708140996,0.9724147198217428,0.9669140201811735,0.9770226291700381,0.9740426439795612,0.9755769074605843,0.9724147165241046,0.9850429128854322,0.9783846692069235,0.9840936071802311,0.98201378944572,0.989013055517453,0.98504291070371
0.8175744739711883,0.817574478416099,0.6791787056691698,0.6513548511303338,0.8175744739711883,0.8354835452961425,0.7772998663336158,0.7772998611746911,0.7772998611746912,0.7981867705385762,0.6791787056691698,0.7981867705385762,0.8670357512127872,0.8175744739711883,0.8933094003735664,0.8354835330070839,0.8670357666736772,0.8933094081846421,0.8519528057272543,0.8670357718273068,0.8175744761936437
0.7772998714925403,0.904650530602188,0.7981867681382279,0.8354835371034368,0.8519528076067262,0.8670357598021707,0.8354835330070838,0.9241418272911436,0.9046505261034854,0.8519528019683105,0.8807970732843033,0.9149009462917594,0.9362850066369693,0.9046505395995927,0.9284087931273041,0.9553191251159981,0.9399133512987252,0.9284087990698189,0.9324533065140289,0.9362850026367633,0.955319124956986
0.9808759629695905,0.4073334000459302,0.29421497216298875,0.37754066879814546,0.2942149597859341,0.34864513533394575,0.32082130731838393,0.4073334000459302,0.43782349911420193,0.37754066879814546,0.5621765008857981,0.43782349911420193,0.3775406687981454,0.3775406617944891,0.34864514210180597,0.5,0.40733340004593027,0.4687906266262437,0.5,0.7057850340255386,0.7310585786300049
0.9324533144915913,0.8175744673038222,0.7981867705385762,0.8670357632379241,0.8807970889295664,0.9149009480320036,0.8933093954028817,0.8933094025038598,0.8670357494949105,0.8807970873650401,0.8670357701094303,0.8933094152856197,0.9241418126663686,0.8933094003735664,0.9046505440982948,0.9399133552961427,0.9149009526726544,0.9241418205010699,0.9196425350319858,0.9241418184118163,0.9241418225903234
0.94659667246,0.8354835432479661,0.8175744695262775,0.8519528000888387,0.8519528057272544,0.8354835289107309,0.8519528038477825,0.8354835309589073,0.7981867801399694,0.851952809486198,0.7772998611746912,0.8519528038477824,0.8519527963298946,0.8670357512127872,0.8354835411997897,0.867035763237924,0.9196425251212038,0.8519528038477824,0.8670357477770337,0.9149009602137115,0.8933094131553264
0.985042915012268,0.7981867801399695,0.7772998663336158,0.8175744806385542,0.817574478416099,0.7981867729389246,0.7549149868676283,0.7310585786300049,0.7549149813536518,0.7772998611746912,0.7772998560157665,0.867035758084294,0.7310585786300049,0.8807970811069351,0.8991213853793452,0.8991213874066956,0.8933094067644466,0.9196425333801889,0.8933094017937621,0.8519528019683106,0.851952809486198
0.9896718452721713,0.8670357580842941,0.7981867705385762,0.7981867705385762,0.826711791935942,0.8670357460591569,0.7549149813536518,0.7772998611746911,0.8175744850834649,0.8267117876664789,0.7981867777396211,0.8519528076067262,0.8080672135527632,0.7431680086124811,0.7981867729389246,0.8519528000888387,0.8740772368049822,0.8740772236840656,0.8807970811069351,0.8872045825331215,0.9099070151996073
0.9525741310298373,0.8354835350552603,0.7772998560157663,0.817574471748733,0.8354835371034368,0.8670357563664174,0.7981867705385762,0.8354835371034368,0.8519528057272543,0.7772998611746911,0.7772998508568416,0.7981867777396212,0.7981867801399694,0.817574478416099,0.880797071719777,0.8933093989533708,0.7981867801399695,0.8175744850834648,0.8175744828610095,0.8519527963298947,0.8175744761936437
0.9875683513878671,0.9099070023734243,0.9149009532527358,0.9496693654438696,0.955319130045374,0.9399133550857524,0.9399133552961427,0.9324533027598817,0.9465966686936262,0.9496693622387998,0.936285006192502,0.9433475764838399,0.9465966709534506,0.9433475756874782,0.9603611563610179,0.9603611576373339,0.9626731127897337,0.966914021492119,0.968856168903189,0.9688561720505712,0.9740426400236378
0.9706877696196289,0.32082131381216084,0.26894141551050293,0.3486451285660856,0.37754066879814546,0.3208213073183839,0.4073334000459302,0.2942149597859341,0.3775406687981454,0.2942149659744614,0.4378234991142019,0.4073334000459302,0.5312093733737562,0.4073334000459302,0.43782349911420193,0.4687906266262437,0.40733340004593027,0.46879062662624377,0.4378234991142019,0.4073334000459302,0.5926665999540698
0.7981867777396212,0.8519527982093668,0.8354835350552603,0.8354835432479661,0.880797085800514,0.8354835330070838,0.754914975839675,0.8670357563664174,0.867035758084294,0.8670357460591569,0.851952809486198,0.8933094124452287,0.8933094096048377,0.8872045884979137,0.9149009457116781,0.9099069999303417,0.9046505408849362,0.8807970670261976,0.8670357563664174,0.9046505312448598,0.8991213820004279
0.9046505447409666,0.8519528000888386,0.8175744850834648,0.909907004816507,0.9196425295259959,0.8670357701094304,0.8933094074745443,0.9196425229188077,0.9241418272911436,0.9284088055075428,0.9399133466701362,0.9284087995650284,0.9553191294093256,0.9433475729002123,0.9241418283357703,0.9399133525610677,0.9324533163686646,0.9149009596336303,0.9465966703884944,0.9399133517195061,0.9324533140223229
0.651354857898194,0.8807970764133561,0.9046505415276079,0.8807970889295664,0.9241418163225626,0.9284088069931713,0.9241418152779358,0.9399133527714579,0.9362850079703712,0.9465966668104392,0.899121386730912,0.9196425350319858,0.9241418252018903,0.9525741248028792,0.9399133449870128,0.9525741253077676,0.9579122696813392,0.9525741217735478,0.946596667563714,0.9603611651534157,0.9433475705111272
0.9324533158993963,0.7981867729389246,0.7981867801399694,0.8670357615200474,0.8933094110250333,0.8807970654616711,0.8933094046341532,0.8807970732843033,0.867035771827307,0.9149009538328171,0.8807970748488296,0.8933094032139577,0.8933094117351309,0.9149009602137115,0.9241418231126367,0.9149009613738741,0.9324533074525657,0.8933094032139576,0.9046505299595162,0.8807970732843033,0.9046505286741726
0.7310585786300049,0.679178686187839,0.7772998560157665,0.7981867729389246,0.8519528019683106,0.9046505447409666,0.9099070103134426,0.8933094159957173,0.9046505357435622,0.939913351719506,0.9433475723029411,0.9525741303566527,0.9496693666902855,0.9399133517195061,0.9284088079835903,0.9241418257242036,0.9196425388861784,0.9324533065140289,0.9399133433038895,0.9399133521402868,0.9626731118526922
0.943347569515675,0.7549149923816046,0.5621765008857981,0.5621765008857981,0.5926665999540698,0.5926665999540697,0.6791787056691698,0.6513548511303336,0.6513548646660543,0.731058584489497,0.5312093733737562,0.6791787056691698,0.6513548511303338,0.7310585727705126,0.7549149813536518,0.7981867849406659,0.7057850340255386,0.7310585786300048,0.718594386544335,0.8175744739711883,0.7549149813536518
0.9399133563480946,0.8807970701552505,0.8175744806385543,0.8354835330070839,0.8519528057272543,0.7310585669110202,0.8354835432479661,0.7772998508568417,0.817574478416099,0.7981867777396211,0.7772998663336158,0.8519527944504227,0.8933094103149355,0.9046505370289057,0.8670357632379241,0.8519528076067262,0.8354835432479661,0.8670357512127872,0.8933094039240554,0.8519528057272543,0.8872046019186954
0.9648551500621507,0.8354835391516133,0.7981867729389246,0.8354835411997897,0.7549149923816048,0.8670357546485407,0.817574478416099,0.8080672204860316,0.8596637559030338,0.8740772400852111,0.7981867801399694,0.8080672158638527,0.8354835411997897,0.867035758084294,0.9149009462917594,0.9046505434556231,0.8807970732843033,0.8807970811069351,0.8670357718273068,0.9046505318875316,0.9046505254608135
0.9579122749379931,0.9284087970889806,0.9362849999699593,0.9324533079218341,0.9241418225903234,0.9496693620607405,0.9603611651534159,0.9433475736965741,0.9579122675786776,0.9525741268224331,0.9626731109156508,0.9626731121204184,0.9688561700272541,0.96885616822875,0.9688561727250101,0.9626731156008578,0.957912274787803,0.9669140179168129,0.974042641483562,0.9688561718257581,0.9688561707016932
0.9883127414341636,0.9399133447766225,0.9579122732859021,0.9603611565028308,0.9496693659780479,0.9465966700118571,0.9399133454077937,0.9465966739665496,0.9553191281372286,0.9626731131913228,0.9399133447766225,0.9496693666902855,0.9399133512987251,0.9496693691831173,0.9433475798683769,0.9525741224467326,0.9648551562519985,0.9496693670464043,0.952574127495618,0.9465966643622961,0.9465966645506148
0.9830850874456651,0.9046505293168444,0.8807970873650401,0.8519528038477825,0.8670357598021707,0.8670357735451834,0.8933094074745443,0.8175744828610095,0.8933094167058151,0.8519527982093666,0.7772998560157665,0.8519528038477825,0.8519527982093666,0.9046505325302034,0.817574478416099,0.8175744673038222,0.8670357666736772,0.7981867801399695,0.8740772318846386,0.8740772318846386,0.8519528076067262
0.9149009520925732,0.7057850216484838,0.5312093733737563,0.679178699175393,0.651354857898194,0.5621765008857981,0.7057850340255386,0.622459324198198,0.5621765008857981,0.5,0.6224593312018546,0.5,0.5926665999540698,0.5926665999540698,0.651354857898194,0.6791787056691698,0.6224593312018546,0.5,0.4687906266262437,0.6791787056691698,0.651354857898194
0.9669140181551665,0.8807970889295664,0.798186784940666,0.8670357494949105,0.9046505383142494,0.9149009480320036,0.924141819456443,0.8807970732843033,0.8807970889295664,0.8991213759183765,0.880797071719777,0.9284088020410761,0.8933094032139577,0.9241418283357703,0.9362850075259039,0.9241418142333089,0.9196425355825848,0.9399133559273138,0.9046505402422645,0.9399133534026292,0.9433475727011219
0.9669140229222414,0.8175744761936437,0.7549149813536518,0.7772998508568417,0.8354835371034368,0.8354835289107307,0.8519528038477824,0.8175744828610095,0.7981867729389245,0.8354835411997897,0.7981867849406659,0.7981867825403177,0.7772998663336157,0.8354835371034368,0.7549149868676283,0.8354835350552604,0.7772998611746912,0.8519528057272543,0.8175744828610095,0.8354835330070839,0.8267117898012104
0.7772998560157665,0.37754066179448903,0.4687906266262437,0.34864514210180597,0.46879062662624377,0.5621765008857982,0.4378234991142019,0.4378234991142019,0.4687906266262437,0.5312093733737562,0.6513548782017745,0.6224593382055109,0.6224593382055109,0.6513548714339144,0.6513548714339144,0.29421497216298875,0.5926665999540697,0.4073334000459302,0.4687906266262437,0.705785040214066,0.5
0.9740426409655244,0.7772998611746912,0.7057850154599563,0.6224593312018546,0.679178699175393,0.5621765008857981,0.651354857898194,0.7057850278370112,0.7057850340255386,0.679178699175393,0.6513548782017745,0.5926665999540698,0.6513548714339145,0.7310585844894971,0.6791787056691697,0.7310585727705127,0.7057850340255386,0.7549149813536518,0.7057850340255386,0.5621765008857981,0.6224593382055109
0.968856170252067,0.949669368648939,0.943347572302941,0.9579122756889437,0.9553191281372286,0.9688561722753841,0.9465966647389334,0.9603611600481528,0.9603611616080943,0.9496693709637113,0.9465966702001757,0.9465966709534506,0.9399133550857524,0.9465966726483187,0.9688561678915304,0.960361156361018,0.9496693617046216,0.9626731156008577,0.9465966669987579,0.9241418215456966,0.9525741318713181
0.9755769098127512,0.7772998611746912,0.8175744695262777,0.8354835350552603,0.8519528057272543,0.8519528019683106,0.8807970842359877,0.8354835411997897,0.8354835350552604,0.8670357598021707,0.9099070054272775,0.8519527963298946,0.8991213820004279,0.899121373891026,0.9362849999699592,0.9324533158993963,0.9362850053035673,0.9149009636941993,0.8670357598021708,0.8991213732152423,0.9196425273235999
0.8807970764133561,0.893309401793762,0.9324533163686646,0.9399133534026292,0.9324533027598818,0.9399133491948212,0.9465966739665496,0.9324533158993962,0.955319126070071,0.9465966715184067,0.9324533121452494,0.9362850013033613,0.9284087960985614,0.9399133437246703,0.9626731085061155,0.9433475719047603,0.9399133479324787,0.9525741234565097,0.9626731129235966,0.9626731094431571,0.9525741308615412
0.7310585786300049,0.7057850340255385,0.8175744695262777,0.8670357460591569,0.8354835432479661,0.8175744695262775,0.8175744828610095,0.8519528076067262,0.8807970748488297,0.8354835371034368,0.7772998560157663,0.7772998560157665,0.89330940889474,0.8933094010836642,0.8670357580842941,0.8438950947024555,0.8354835289107309,0.8519528076067262,0.7772998663336157,0.8519528076067262,0.8519528019683105
0.9770226283337323,0.7310585669110202,0.7310585903489892,0.8670357529306639,0.867035758084294,0.8519528057272543,0.7772998611746912,0.8175744850834649,0.8519528076067262,0.8670357598021707,0.8519528076067261,0.8519527982093666,0.8933094138654242,0.8807970811069351,0.8933094167058151,0.8872045989362997,0.9046505383142494,0.8354835411997897,0.8933094096048376,0.9196425289753969,0.8807970779778824
0.8933093975331751,0.9496693677586419,0.9525741251394714,0.9465966679403515,0.9626731157347207,0.9553191322715435,0.9579122741870427,0.9688561664302456,0.9740426457691453,0.9796676443941231,0.9796676452474677,0.9783846661343925,0.983085084689019,0.9796676479930108,0.9796676468428509,0.9808759640876729,0.9830850851226487,0.9820137877020542,0.982013790926191,0.9740426445917875,0.9796676452845696
0.9808759611876467,0.9465966745315055,0.962673113860638,0.9399133561377042,0.9465966645506146,0.9579122765900843,0.932453306514029,0.9399133504571635,0.9399133534026292,0.962673109443157,0.9496693618826809,0.9465966666221205,0.9525741274956179,0.9525741259809524,0.9603611651534157,0.9706877689306563,0.9579122725349515,0.9465966739665496,0.9399133451974033,0.9669140195852891,0.9626731126558705
0.9740426421428826,0.9465966658688457,0.9465966685053074,0.9525741229516211,0.9496693633071565,0.9688561713761321,0.9603611617499073,0.9669140194661122,0.9648551573889094,0.957912274637613,0.9525741305249489,0.9465966728366375,0.952574123793102,0.9579122749379932,0.9669140225647107,0.9553191319535194,0.9465966709534505,0.9579122759893239,0.9770226277901336,0.9626731118526922,0.9626731106479246
0.9241418199787564,0.9046505395995927,0.8991213799730774,0.8807970826714614,0.9149009515124918,0.8991213799730774,0.9046505434556231,0.9284088040219142,0.9046505338155469,0.939913350667554,0.9362850017478287,0.914900948612085,0.9324533069832973,0.9324533074525658,0.9324533083911025,0.9362850053035673,0.914900953832817,0.9399133510883348,0.9099070103134426,0.9362850035256981,0.9626731121204184
0.9902915233125852,0.9324533144915913,0.9579122734360921,0.9648551549887644,0.9603611583463983,0.9579122678790578,0.9433475798683769,0.9465966698235384,0.9465966754730989,0.9553191324305557,0.9496693697172954,0.9525741251394715,0.9465966749081428,0.9553191276601922,0.9755769120317765,0.9740426430376748,0.9603611600481529,0.962673111451103,0.9706877680826902,0.9706877692486436,0.9648551570099391
0.9399133473013075,0.90990700787036,0.8670357580842941,0.8807970670261976,0.9284088030314952,0.9324533121452495,0.9099070035949657,0.9099070023734244,0.9046505408849362,0.936285003525698,0.9362850066369692,0.9688561699148476,0.9465966730249561,0.9579122689303887,0.962673111584966,0.9648551556203815,0.9362850119705768,0.9553191340206767,0.9399133552961427,0.9433475734974835,0.9553191348157373
0.9808759618165681,0.9399133534026292,0.9399133512987252,0.9433475770811112,0.957912274637613,0.9740426455807681,0.9669140248290712,0.9553191321125315,0.962673111183377,0.9603611645861643,0.9706877705735908,0.9783846668040467,0.9626731106479246,0.9648551570099391,0.9840936072677011,0.9830850857111463,0.9755769125199619,0.9840936091920427,0.9808759633539313,0.9859363756427771,0.9796676456926909
0.8354835330070838,0.22270013366638422,0.20181322226037882,0.22270013366638422,0.2942149783515163,0.29421497835151617,0.29421498454004374,0.4378234991142019,0.4073334000459302,0.40733340004593027,0.6224593382055109,0.7057850278370112,0.4378234991142019,0.6791787121629466,0.5621765008857981,0.7057850154599562,0.5621765008857981,0.6513548646660543,0.7185943985973772,0.7057850278370112,0.6224593312018546
0.8354835391516133,0.9241418152779358,0.9241418163225626,0.8933094167058151,0.9362850070814366,0.8933094032139577,0.9149009613738741,0.8933094081846421,0.9433475758865687,0.9324533097989076,0.8933093989533707,0.9399133515091156,0.9399133525610676,0.9324533121452494,0.9465966696352197,0.9362850119705769,0.914900959053549,0.9099069968764883,0.9362850044146327,0.9399133441454512,0.9241418252018903
0.928408793127304,0.8933094110250333,0.8933094103149355,0.90990700787036,0.9324533088603709,0.9241418225903233,0.9324533135530546,0.9433475790720153,0.9399133447766225,0.949669372566246,0.9362849999699592,0.9603611597645271,0.962673116404036,0.9496693649096912,0.9525741236248059,0.9496693622387998,0.9553191273421681,0.9324533022906133,0.9324533126145178,0.9626731099786093,0.9688561685659695
0.7981867825403177,0.4687906266262437,0.34864514210180597,0.320821300824607,0.37754066879814546,0.3775406758018019,0.5926665999540698,0.7057850340255386,0.6513548782017745,0.679178699175393,0.6224593382055109,0.7310585669110202,0.7057850340255386,0.6224593382055109,0.5926665999540698,0.7057850340255386,0.5621765008857982,0.5312093733737563,0.5312093733737562,0.5312093733737563,0.7772998611746912
0.9496693691831173,0.6224593312018546,0.5621765008857982,0.5926665999540698,0.6513548782017745,0.679178699175393,0.7772998560157665,0.679178686187839,0.6224593312018546,0.7772998560157665,0.7981867753392728,0.7981867705385762,0.754914997895581,0.7549149868676283,0.7772998611746911,0.7981867705385762,0.731058584489497,0.7057850278370112,0.7772998508568416,0.8354835289107309,0.8175744828610095
0.9648551561256752,0.8519528038477825,0.8807970779778824,0.880797085800514,0.8519528019683105,0.8670357563664174,0.867035763237924,0.867035763237924,0.880797071719777,0.9149009625340366,0.9046505318875316,0.9241418189341296,0.914900957313305,0.9241418199787564,0.9324533163686646,0.9324533060447605,0.9284088074883808,0.9433475717056697,0.936285006192502,0.9465966705768132,0.9324533093296392
0.9626731147976794,0.8596637541053281,0.8519528019683105,0.8354835330070839,0.8519527982093666,0.8354835330070838,0.7772998714925403,0.8596637487122112,0.8670357649558006,0.893309405344251,0.8740772236840656,0.8354835391516132,0.9362850119705768,0.9149009561531424,0.952574123793102,0.9196425344813869,0.9149009538328171,0.899121379297294,0.904650538956921,0.9196425377849806,0.924141819456443
0.9496693657999884,0.7057850154599562,0.6791786861878392,0.7057850340255386,0.7772998560157665,0.7772998508568416,0.7981867729389246,0.7549149813536518,0.7310585669110203,0.7772998560157663,0.6224593312018546,0.6224593312018545,0.7057850340255386,0.817574471748733,0.7772998714925403,0.7772998714925403,0.7772998611746912,0.7981867777396212,0.651354857898194,0.8354835371034368,0.7549149813536518
0.9796676449877542,0.6224593312018545,0.6513548646660543,0.7772998560157665,0.7057850340255386,0.6513548578981939,0.6513548782017745,0.7310585844894971,0.6791787056691698,0.7549149978955811,0.8519528019683106,0.7057850216484838,0.7981867705385763,0.7981867705385762,0.8933094131553264,0.7981867777396211,0.7549149813536518,0.8519527963298947,0.7772998611746911,0.7981867801399695,0.7772998611746912
0.977022628877331,0.9196425295259959,0.9196425377849806,0.9433475800674673,0.9399133462493553,0.939913343093499,0.9399133454077937,0.9433475766829303,0.9525741285053949,0.9553191313174709,0.9196425372343816,0.9465966669987579,0.9579122674284875,0.9496693666902855,0.9669140179168129,0.9496693625949187,0.972414716374212,0.9553191298863619,0.9465966643622961,0.9465966722716814,0.9688561699148476
0.9850429138047742,0.9324533027598817,0.9284088055075428,0.9196425267730008,0.9324533069832974,0.9196425350319858,0.932453306514029,0.9149009468718408,0.9399133477220883,0.9324533112067128,0.8807970732843033,0.9284087951081423,0.9433475786738345,0.9284087970889806,0.9465966749081429,0.9465966694469009,0.9362850079703712,0.8933094110250333,0.9284088040219143,0.939913349615602,0.9241418236349501
0.9648551515780319,0.8354835371034368,0.7772998508568416,0.8670357615200475,0.8670357683915538,0.8354835411997897,0.7772998714925403,0.8519527982093666,0.8670357735451834,0.8519528000888386,0.7981867849406659,0.8175744739711883,0.7310585727705126,0.798186775339273,0.8354835391516133,0.8175744828610095,0.8354835391516133,0.8354835350552604,0.8175744828610095,0.8354835452961425,0.8354835309589074
0.9626731117188292,0.9241418189341297,0.8872045922259088,0.8519527982093666,0.8872045892435128,0.914900959053549,0.8807970904940926,0.9149009613738741,0.8933093989533708,0.904650538956921,0.8991213840277783,0.9149009607937928,0.9399133494052115,0.9099069980980296,0.9196425388861785,0.8991213847035617,0.9099070060380482,0.9149009619539554,0.9046505383142492,0.939913346038965,0.9525741283370988
0.9706877670227323,0.8670357494949105,0.8933093961129794,0.904650530602188,0.9284088064979618,0.9465966690702635,0.9324533107374444,0.9399133489844308,0.9579122698315294,0.9553191311584589,0.9648551571362625,0.9603611572118953,0.9579122705824801,0.9626731118526922,0.9626731097108833,0.9626731146638163,0.9740426453452965,0.9770226275392417,0.9706877671287281,0.9724147170237467,0.9648551527149428
0.9808759641226128,0.7772998611746912,0.7549149813536518,0.7057850340255386,0.7057850402140659,0.7772998508568416,0.7772998611746911,0.7057850402140659,0.7057850278370112,0.651354857898194,0.6513548646660542,0.7057850216484838,0.705785040214066,0.679178692681616,0.6513548646660542,0.4073334000459302,0.5312093733737563,0.6224593241981982,0.5621765008857981,0.7057850154599562,0.6513548714339145
0.798186775339273,0.8670357580842941,0.8519528000888387,0.8670357477770337,0.8670357701094303,0.9046505440982948,0.8991213813246444,0.9099070011518829,0.8991213820004279,0.9324533163686646,0.943347575090207,0.9324533163686646,0.9284087975841901,0.9324533018213449,0.9399133540338004,0.9496693725662458,0.9399133538234099,0.939913349615602,0.9465966702001758,0.9626731150654055,0.9465966683169889
0.924141819456443,0.9046505286741726,0.8354835350552604,0.8670357615200475,0.8933093975331752,0.9046505376715775,0.8519528019683106,0.9099069993195711,0.880797068590724,0.9046505261034853,0.8670357735451834,0.9149009561531424,0.9241418236349501,0.9149009549929799,0.9324533144915912,0.9149009567332237,0.9284087941177233,0.9324533097989076,0.9196425300765949,0.9324533149608596,0.943347572302941
0.8519527982093666,0.7310585669110203,0.6513548714339145,0.7772998663336158,0.8519528038477825,0.8175744828610095,0.867035771827307,0.7981867849406659,0.8175744806385543,0.8807970889295664,0.8596637541053281,0.8519527963298946,0.8670357666736772,0.8807970904940926,0.8807970873650403,0.817574478416099,0.8933093968230773,0.8872045899891118,0.8872046004274976,0.9399133447766224,0.8596637451167997
0.7981867777396212,0.8175744695262775,0.8175744739711883,0.8670357580842941,0.8670357615200475,0.9046505299595162,0.8807970795424088,0.8933094131553265,0.8807970842359877,0.8933093996634686,0.8933094053442511,0.9046505440982948,0.9241418205010699,0.9433475788729249,0.9149009462917594,0.9399133447766225,0.9149009468718408,0.9241418173671895,0.9046505447409666,0.9241418257242036,0.9465966703884945
0.9284087941177233,0.7549149868676283,0.7772998611746912,0.7057850216484838,0.7057850216484839,0.7310585786300049,0.7772998611746912,0.7879312031126512,0.7772998714925403,0.7981867777396212,0.817574471748733,0.8175744828610095,0.8670357529306639,0.8872045907347108,0.8354835371034368,0.8872045862611166,0.8519527963298947,0.8519527963298947,0.8670357683915537,0.8740772286044094,0.8596637523076225
0.964855153978177,0.731058584489497,0.7549149868676284,0.7549149813536518,0.7310585786300048,0.7662936377487304,0.5926665999540697,0.7772998714925403,0.5926665999540698,0.7057850278370112,0.6791787056691697,0.5926665999540698,0.5926665999540697,0.46879062662624377,0.5312093733737563,0.6791787056691698,0.5,0.5,0.43782349911420193,0.5312093733737563,0.5621765008857981
0.9626731146638163,0.7057850340255386,0.8175744695262775,0.7981867873410141,0.7981867729389245,0.8519528000888386,0.8175744673038222,0.8670357666736772,0.7772998714925403,0.8354835371034368,0.7549149813536518,0.8519528038477825,0.8670357580842941,0.8807970842359877,0.880797076413356,0.8670357666736773,0.8670357701094303,0.8933094167058151,0.8670357649558006,0.8354835432479661,0.8670357512127873
0.943347569515675,0.7772998508568416,0.8670357598021707,0.8933094152856196,0.8807970842359877,0.8519528019683106,0.8175744673038222,0.7981867777396212,0.8519527982093666,0.8670357512127872,0.7310585844894971,0.7981867705385762,0.8670357563664174,0.9046505402422645,0.9149009474519222,0.9284088079835903,0.8670357615200474,0.8670357563664174,0.8933093982432729,0.9241418236349501,0.9241418121440552
0.9362850057480346,0.7981867849406659,0.8519528057272544,0.8175744761936437,0.8354835432479661,0.867035763237924,0.8933094096048376,0.8807970670261976,0.8933094074745443,0.8807970732843033,0.8807970826714614,0.8872046056466901,0.8670357649558007,0.8872045855155176,0.9099070139780661,0.9046505286741727,0.8807970748488297,0.8933094017937621,0.8670357615200474,0.8933094003735664,0.8933093975331752
0.851952809486198,0.8175744673038222,0.7981867777396212,0.7981867729389246,0.8670357546485408,0.8807970842359877,0.9149009555730611,0.949669364375513,0.9324533074525657,0.8991213732152423,0.9324533032291501,0.9399133479324787,0.9149009503523291,0.9241418147556224,0.9603611590554627,0.9496693691831173,0.943347576085659,0.9362849995254919,0.9465966685053075,0.9433475798683768,0.9399133489844308
0.9496693690050578,0.7549149813536518,0.6791786991753931,0.6224593241981982,0.6791787056691698,0.7057850340255386,0.679178699175393,0.7549149923816048,0.7662936484231889,0.8519528076067262,0.7549149813536518,0.7981867729389246,0.7772998663336158,0.7772998714925403,0.8519527963298946,0.7981867825403177,0.7549149978955811,0.8596637505099168,0.8740772351648677,0.880797068590724,0.914900963114118
0.9496693684708796,0.8267118004748678,0.8872045989362997,0.8807970670261976,0.8519527963298946,0.8175744739711883,0.8872045974451017,0.88720460564669,0.880797071719777,0.8807970670261976,0.867035771827307,0.9241418199787566,0.8991213813246444,0.9241418236349501,0.9241418236349501,0.9149009480320036,0.8596637559030338,0.8872045832787205,0.8740772400852111,0.8807970842359877,0.8740772236840656
0.9740426436028067,0.6791786926816161,0.7549149978955811,0.7549149868676283,0.731058584489497,0.7057850278370111,0.7057850278370112,0.7549149923816048,0.7981867801399695,0.8354835411997897,0.7772998611746912,0.8175744695262775,0.8175744673038222,0.8175744806385542,0.817574478416099,0.8354835309589073,0.8175744761936437,0.8354835411997897,0.7772998714925403,0.8080672112416737,0.8175744717487329
0.9755769107003615,0.7057850216484838,0.7310585669110202,0.5312093733737563,0.679178699175393,0.5621765008857981,0.6224593312018546,0.6224593241981982,0.7310585844894971,0.5926665999540698,0.7549149923816048,0.7057850340255386,0.6513548646660543,0.7772998663336158,0.8175744761936437,0.679178686187839,0.6791786926816161,0.7310585844894971,0.7057850340255386,0.7772998611746912,0.7549149923816048
0.9241418178895029,0.7310585669110203,0.5926665999540698,0.6791787121629466,0.6791787121629466,0.6791786926816161,0.7057850216484838,0.6791786861878392,0.679178699175393,0.5926665999540698,0.8519528038477824,0.8175744761936437,0.7772998663336158,0.7549149868676284,0.7310585844894971,0.7549149868676283,0.679178699175393,0.7057850278370112,0.7772998560157665,0.7549149868676283,0.6791786861878392
0.9688561713761321,0.7057850216484838,0.817574471748733,0.7981867753392728,0.8175744739711883,0.8175744828610096,0.7549149868676283,0.8519527944504227,0.7981867801399694,0.8519527963298946,0.7549149813536518,0.808067204308405,0.8670357494949105,0.7549149868676284,0.817574478416099,0.8519528038477824,0.8354835330070839,0.8080672204860316,0.8807970779778824,0.904650530602188,0.8933094039240554
0.9465966734015935,0.8933094039240554,0.867035763237924,0.8933094131553265,0.8807970732843033,0.9099070109242131,0.9046505248181418,0.9241418199787564,0.8872045884979137,0.9099070145888366,0.9324533126145179,0.9362850066369692,0.9324533107374444,0.9362850124150441,0.9099070151996071,0.8991213826762113,0.8991213806488609,0.9324533074525657,0.9149009584734678,0.9196425333801889,0.9284088035267046
0.9796676481785205,0.8354835411997897,0.8807970795424087,0.8670357460591569,0.8670357683915538,0.8807970811069351,0.8933094032139577,0.867035763237924,0.8175744761936438,0.8991213738910259,0.8519528019683105,0.8933093961129794,0.8670357735451834,0.8933093989533708,0.9046505331728752,0.9099070090919014,0.9196425372343816,0.8991213847035617,0.8807970873650401,0.8670357701094303,0.8872045825331215
0.9525741222784363,0.7057850216484838,0.5926665999540698,0.7549149923816048,0.6513548714339145,0.7549149758396752,0.7310585844894971,0.7981867849406659,0.7549149868676283,0.8354835371034368,0.8670357580842941,0.8670357529306639,0.8740772335247531,0.8872045840243196,0.817574471748733,0.8807970779778824,0.8670357477770337,0.7981867777396211,0.78793120560257,0.9241418231126367,0.904650538956921
0.9433475738956644,0.8872045907347108,0.8670357735451834,0.8807970732843033,0.8872046011730965,0.8519528038477824,0.867035752930664,0.8519528038477824,0.8933094039240554,0.7772998611746911,0.7772998508568416,0.798186775339273,0.8175744761936437,0.8670357512127872,0.904650538956921,0.8872045825331215,0.8519527944504227,0.9099070139780661,0.8670357718273068,0.8519528076067262,0.8740772286044095
0.9883127428648972,0.8991213806488609,0.817574478416099,0.8354835350552604,0.817574478416099,0.817574478416099,0.8807970842359877,0.8933094131553264,0.8519528057272543,0.8354835289107307,0.8519527944504227,0.7772998560157665,0.7057850216484838,0.7981867801399695,0.7772998560157663,0.7981867753392728,0.8354835350552604,0.7772998663336158,0.7662936324115011,0.7772998611746912,0.7431680143008301
0.9924227571458725,0.9603611591972756,0.9603611601899656,0.9648551496831804,0.9740426412951848,0.982013789347022,0.9808759618864482,0.979667645692691,0.9724147194719933,0.9706877699376162,0.9796676455442832,0.9706877666517472,0.9724147188224586,0.9755769076381063,0.9875683462654598,0.9840936071510743,0.9820137878994503,0.9859363750487529,0.977022630466312,0.9875683491010784,0.978384669246315
0.8807970685907242,0.8175744739711883,0.7310585727705126,0.8519527982093666,0.8519527944504227,0.9149009468718409,0.8991213684847577,0.8670357460591569,0.8596637577007394,0.9149009509324104,0.8933094032139576,0.9196425383355796,0.8872045974451017,0.8872045870067158,0.9196425273235999,0.9324533018213449,0.8933094110250331,0.9149009509324104,0.9099069987088003,0.9362850044146327,0.9241418252018901
0.9796676478075012,0.9603611574955211,0.9553191287732771,0.966914022326357,0.9669140245907174,0.9648551505674444,0.9648551557467049,0.9525741315347258,0.975576907860009,0.957912273285902,0.9706877687186648,0.9603611644443515,0.9579122750881833,0.9688561728374167,0.9820137924395611,0.974042641766128,0.9706877708385803,0.9783846674343095,0.9808759649611745,0.9850429110330264,0.9755769127418645
0.9820137923737625,0.7981867729389246,0.7310585669110203,0.7549149923816048,0.7772998508568416,0.7549149868676284,0.7549149978955811,0.7981867729389246,0.8175744739711883,0.7549149758396752,0.7772998663336157,0.7549149978955811,0.8354835452961425,0.8354835350552603,0.9149009602137116,0.8175744695262777,0.7772998560157665,0.8933093996634686,0.8175744761936437,0.8519527944504227,0.867035763237924
0.9850429099078615,0.9099070023734243,0.9149009625340366,0.8354835330070838,0.8933094152856197,0.9046505248181418,0.8354835371034368,0.9362850030812307,0.9324533140223229,0.9149009567332238,0.8670357666736772,0.8519527982093666,0.8872046004274975,0.8807970654616711,0.8670357735451834,0.8933094010836643,0.8991213853793452,0.9324533013520764,0.9046505254608136,0.9241418121440552,0.899121375242593
0.9808759647515342,0.8740772400852111,0.8438950966654772,0.8740772318846386,0.8519527982093666,0.9046505440982948,0.8354835411997897,0.8670357494949105,0.8519527963298947,0.8991213806488609,0.8175744761936438,0.8354835350552604,0.8670357701094303,0.8354835330070838,0.8267117876664789,0.8596637451167997,0.8354835411997897,0.8670357494949105,0.8670357683915538,0.8519527944504227,0.8991213678089741
0.9149009462917594,0.8670357632379241,0.8354835330070839,0.8175744761936437,0.8807970842359877,0.8670357598021707,0.8519528038477825,0.8807970873650403,0.8670357701094303,0.8519528057272543,0.9284087970889807,0.8933093954028816,0.9149009503523291,0.9324533154301279,0.9241418173671895,0.939913344566232,0.9324533051062238,0.904650527388829,0.9196425383355795,0.9149009532527358,0.9196425394367774
0.9465966654922083,0.7057850340255386,0.7310585727705127,0.7057850278370112,0.8354835371034368,0.8354835289107309,0.8807970701552505,0.7981867825403177,0.7772998663336158,0.8354835330070839,0.8354835309589074,0.8933094145755219,0.8872046004274975,0.7981867873410141,0.8807970842359877,0.8519528057272543,0.8807970858005139,0.8080672181749422,0.8354835432479661,0.9149009555730612,0.9241418210233833
0.9284088035267047,0.5621765008857981,0.4687906266262437,0.5,0.5926665999540698,0.4687906266262437,0.5926665999540698,0.5621765008857981,0.651354857898194,0.40733340004593027,0.5312093733737562,0.46879062662624377,0.4073334000459302,0.5,0.5926665999540698,0.5621765008857982,0.5312093733737563,0.5621765008857982,0.4687906266262437,0.5312093733737562,0.40733340004593027
0.817574471748733,0.9603611641607258,0.9362850124150441,0.9603611621753457,0.9706877691956458,0.9755769124755815,0.9669140182743434,0.9783846686554436,0.9688561719381646,0.9783846648344753,0.983085083140341,0.977022629588191,0.9850429129403183,0.9859363705677436,0.9830850854633578,0.9840936091337293,0.97966764739938,0.978384667394918,0.9808759613972872,0.9706877713155612,0.9808759625503096
0.6513548714339145,0.8991213745668094,0.9196425344813869,0.9241418147556223,0.924141819456443,0.9399133519298964,0.9196425223682085,0.9626731150654055,0.9465966730249561,0.9399133485636498,0.9433475798683768,0.957912276139514,0.9706877674467155,0.9669140222071803,0.9648551543571473,0.9496693679367013,0.9465966715184067,0.97241471777321,0.9688561673294979,0.9706877670227323,0.975576912431201
0.9603611573537082,0.8872046049010912,0.8807970826714614,0.8670357701094303,0.8740772466456689,0.9046505421702797,0.9046505286741727,0.9241418158002492,0.9196425229188077,0.904650527388829,0.8991213738910259,0.9196425355825847,0.9433475786738345,0.939913349615602,0.9496693638413347,0.9324533097989076,0.9433475736965741,0.9324533088603709,0.9284088050123332,0.9284087990698189,0.8991213718636754
0.9896718467857715,0.7549149868676283,0.8175744673038222,0.8807970764133561,0.8807970764133561,0.8807970670261976,0.7981867873410141,0.9149009561531424,0.8354835411997898,0.9241418252018901,0.8519528057272543,0.8807970779778825,0.9196425339307879,0.8933093961129794,0.9496693674025232,0.9149009457116781,0.9525741283370988,0.9399133489844307,0.9196425344813869,0.9465966688819448,0.9284087965937711
0.9525741222784363,0.9046505299595162,0.8807970858005139,0.8872046049010912,0.9099070115349838,0.9362850128595114,0.9196425273236,0.9362850004144266,0.9465966703884944,0.9465966732132748,0.9284087931273041,0.9603611628844101,0.9433475748911165,0.9399133510883347,0.9553191298863619,0.9399133454077937,0.943347580465648,0.9399133510883348,0.9149009578933863,0.9553191281372285,0.9553191271831559
0.9908743641519272,0.8519528038477825,0.8670357512127872,0.8807970732843033,0.8354835371034368,0.8670357494949105,0.8354835289107307,0.8519528038477824,0.9149009468718408,0.899121379297294,0.9284087975841903,0.8872045974451017,0.9196425366837827,0.9399133542441908,0.957912274787803,0.9284088025362858,0.9496693622387999,0.960361163026223,0.9284088040219143,0.899121367808974,0.9433475689184037
0.9648551570099391,0.9399133559273138,0.9362850053035674,0.9688561669922783,0.9553191289322891,0.9579122681794381,0.9399133477220882,0.9603611633098487,0.9603611652952286,0.9669140251866016,0.9465966654922082,0.9626731085061155,0.9433475786738345,0.9465966660571643,0.9688561694652216,0.9626731083722525,0.9724147160744266,0.9525741308615412,0.9579122699817196,0.9688561701396606,0.9603611582045855
0.9770226302990508,0.9241418137109955,0.8807970889295664,0.9324533163686646,0.9241418199787564,0.8519528057272543,0.880797071719777,0.9099070048165069,0.8872046026642944,0.9046505325302033,0.9241418252018901,0.9399133445662321,0.9196425256718028,0.909906999319571,0.9362850101927077,0.9433475758865687,0.9241418184118163,0.9626731103801985,0.9688561723877905,0.9433475802665577,0.9579122713334306
0.9433475697147654,0.8175744850834649,0.798186768138228,0.8175744673038222,0.8670357477770336,0.8807970701552504,0.8991213840277783,0.9196425306271939,0.8933094167058151,0.8933094067644466,0.8933093968230773,0.9046505447409666,0.9149009462917596,0.8933094032139577,0.949669368648939,0.9099070011518829,0.9362849986365572,0.8933094174159129,0.8933094110250331,0.9362850039701653,0.9196425372343816
0.962673111183377,0.9149009619539554,0.9196425394367774,0.9241418131886822,0.949669368648939,0.957912271784001,0.919642528424798,0.9465966711417693,0.9324533032291501,0.9553191298863619,0.9149009497722477,0.9496693720320677,0.924141827813457,0.9362850097482404,0.9399133468805266,0.9433475800674672,0.9241418173671895,0.9496693650877507,0.9399133500363828,0.9553191303633982,0.943347572302941
0.9669140229222414,0.8991213684847575,0.9046505267461572,0.8933094017937621,0.8933094039240554,0.8933094003735664,0.924141814233309,0.9046505325302034,0.8933094131553264,0.9046505325302034,0.8670357598021707,0.8175744695262775,0.8519528076067262,0.8670357512127872,0.8872045959539037,0.8354835452961427,0.8933094167058151,0.8933093946927837,0.9099070121457543,0.8519527963298946,0.867035771827307
0.9724147202714207,0.8354835289107307,0.9046505402422645,0.904650538956921,0.9241418283357703,0.93991335382341,0.9465966681286702,0.9324533140223229,0.9399133437246703,0.9399133519298964,0.9525741244662868,0.936285002192296,0.9324533079218341,0.9525741232882136,0.9465966707651319,0.943347577479292,0.9525741283370988,0.939913350667554,0.9433475691174942,0.9648551549887644,0.9603611566446438
0.8175744739711883,0.7772998663336158,0.7981867753392728,0.8519528019683106,0.817574471748733,0.8670357546485407,0.8991213711878917,0.8596637577007393,0.8670357632379241,0.8991213759183765,0.9465966762263737,0.9324533083911025,0.946596669446901,0.9324533130837862,0.9324533079218341,0.9399133527714579,0.9241418205010699,0.93991335382341,0.9553191275011801,0.9579122683296282,0.9399133559273138
0.8175744739711883,0.2689414272294874,0.2689414330889797,0.3208213138121609,0.34864512179822554,0.2450850021044189,0.2689414096510109,0.3775406687981454,0.5,0.4073334000459302,0.2689414096510108,0.37754066879814546,0.5,0.5621765008857981,0.5312093733737563,0.5621765008857981,0.5926665999540698,0.4687906266262437,0.4073334000459302,0.4378234991142019,0.5
0.9850429160276605,0.8175744739711883,0.7772998714925403,0.7057850340255386,0.7549149813536518,0.731058584489497,0.7310585844894971,0.7772998611746912,0.731058584489497,0.7057850154599563,0.7057850216484838,0.7057850216484838,0.6791787056691697,0.7772998560157665,0.6791787056691698,0.6224593312018546,0.6791786926816161,0.679178699175393,0.7057850154599563,0.7549149978955811,0.817574471748733
0.9896718462907577,0.9465966717067252,0.9241418147556224,0.9465966677520327,0.9465966673753953,0.9433475725020315,0.9362850075259039,0.9553191251159981,0.9399133439350608,0.9324533027598817,0.9284088045171237,0.928408800060238,0.9399133460389649,0.9284088025362857,0.9362850110816423,0.9399133525610676,0.9579122744874229,0.9525741239613982,0.9553191317945072,0.9433475748911165,0.9324533083911025
0.9324533088603709,0.37754066879814546,0.3208213138121609,0.2942149783515162,0.26894141551050293,0.26894141551050293,0.24508501313237172,0.3775406758018019,0.3486451353339457,0.43782349911420193,0.2942149845400438,0.4378234991142019,0.24508500761839525,0.46879062662624377,0.6513548782017745,0.348645142101806,0.34864513533394575,0.34864513533394575,0.32082130731838393,0.5,0.34864512179822543
0.9579122749379931,0.851952809486198,0.817574471748733,0.7310585669110203,0.8354835289107307,0.7981867681382279,0.7981867825403177,0.7981867705385762,0.7057850216484838,0.6513548646660542,0.705785040214066,0.7057850216484838,0.7549149868676283,0.8175744739711883,0.7772998714925403,0.7772998663336158,0.8519527944504227,0.7981867705385762,0.8519528019683105,0.7981867849406659,0.7772998611746911
0.9553191289322892,0.9046505286741726,0.8807970779778825,0.8933094096048376,0.9324533144915913,0.8807970732843033,0.8872045952083049,0.9149009613738741,0.914900945711678,0.9046505325302033,0.8519528038477825,0.8991213684847577,0.9324533079218341,0.9149009544128984,0.9046505402422645,0.9324533074525657,0.924141813188682,0.8807970795424088,0.893309411735131,0.8807970795424088,0.9196425273235999
0.972414718023031,0.9433475713074889,0.9433475685202228,0.9525741303566527,0.9579122731357119,0.9433475709093081,0.9241418267688303,0.9284087941177231,0.9465966669987579,0.9553191252750103,0.952574124634583,0.9433475778774728,0.9399133481428691,0.9465966760380549,0.9706877664397555,0.9626731134590488,0.9553191348157373,0.9755769125643424,0.9525741291785796,0.97241471872253,0.9525741268224333
0.9241418184118162,0.6224593312018546,0.5,0.5621765008857981,0.6224593312018546,0.651354857898194,0.7981867849406659,0.7772998508568416,0.7549149923816048,0.8354835391516133,0.8872046049010912,0.7981867873410141,0.8175744850834648,0.7981867705385762,0.9149009480320036,0.8670357615200475,0.8596637559030338,0.8991213874066956,0.880797085800514,0.9099069968764882,0.9099070109242131
0.9890130567419689,0.9553191268651317,0.9324533018213449,0.9525741269907294,0.9553191302043862,0.9669140208962347,0.9553191317945072,0.949669368648939,0.9465966677520327,0.9241418152779358,0.9465966745315055,0.960361158630024,0.957912268029248,0.9399133441454511,0.9579122683296283,0.9496693674025231,0.9553191282962408,0.9648551567572922,0.9465966664338018,0.9496693641974535,0.9399133508779444
0.9755769097239902,0.46879062662624377,0.6224593312018546,0.5926665999540698,0.46879062662624377,0.6513548646660543,0.5926665999540697,0.5,0.5926665999540697,0.5926665999540698,0.6224593312018546,0.5312093733737563,0.5926665999540697,0.7057850278370112,0.679178692681616,0.5926665999540697,0.5926665999540698,0.731058584489497,0.6224593312018545,0.7549149758396752,0.6224593312018545
0.989013057622406,0.9399133468805266,0.9579122702820998,0.9324533158993962,0.9465966653038895,0.9465966722716813,0.9465966762263736,0.9525741224467326,0.9553191337026525,0.9324533046369553,0.9579122753885635,0.9399133540338004,0.9284087951081423,0.962673113592912,0.9496693625949187,0.9399133473013075,0.9465966668104392,0.9669140250674249,0.9603611651534157,0.9525741274956179,0.9399133473013075
0.9796676483640301,0.9046505318875316,0.8807970701552505,0.914900950352329,0.8933094046341533,0.8519528000888386,0.8933094145755219,0.8807970732843033,0.8807970748488297,0.8807970670261976,0.8807970779778824,0.8670357718273068,0.8670357649558006,0.8267118004748677,0.8807970654616711,0.9099070005411123,0.904650538956921,0.9046505299595162,0.9046505299595162,0.90990700787036,0.9099070072595894
0.9196425317283919,0.651354857898194,0.5312093733737563,0.5621765008857981,0.6513548782017745,0.651354857898194,0.7772998663336157,0.7057850216484838,0.6513548646660543,0.679178699175393,0.7057850278370111,0.7772998663336158,0.6791786926816161,0.7772998663336158,0.7772998611746911,0.7772998508568416,0.7549149813536518,0.8519527963298946,0.7310585786300049,0.8740772302445241,0.8596637505099168
0.9433475802665577,0.5312093733737563,0.5621765008857981,0.6224593312018546,0.7310585669110203,0.6513548511303336,0.679178699175393,0.6224593241981982,0.7772998560157665,0.7549149813536518,0.7772998560157665,0.731058584489497,0.8740772269642949,0.8519528076067262,0.8354835330070838,0.8354835411997897,0.679178699175393,0.7772998611746912,0.7772998611746912,0.9149009515124917,0.8740772368049822
0.9496693690050578,0.92414182206801,0.904650536386234,0.9149009526726544,0.914900957313305,0.9284088064979618,0.8933094060543488,0.9241418199787564,0.9324533097989076,0.8872045929715078,0.9241418272911436,0.9241418121440552,0.9324533074525657,0.9362850110816423,0.9626731168056251,0.9496693729223646,0.9553191313174709,0.9626731160024469,0.9362850101927077,0.9525741263175447,0.9399133510883348
0.9465966760380549,0.8354835330070839,0.8354835309589074,0.7981867849406659,0.8354835391516133,0.8933094025038598,0.8354835391516133,0.8933094046341532,0.8872045862611166,0.8933094081846421,0.9241418278134569,0.9196425377849806,0.8991213840277783,0.9241418189341296,0.9196425306271939,0.9099070145888366,0.9284088025362858,0.8872045862611166,0.9099069999303416,0.9196425388861784,0.9196425317283919
0.9603611644443515,0.9324533107374443,0.9324533083911024,0.9149009636941993,0.9196425251212038,0.9284088005554475,0.9399133494052115,0.936285006192502,0.9284088025362857,0.9465966732132748,0.9362850124150441,0.9324533149608596,0.9241418189341296,0.9465966658688457,0.9603611596227141,0.9603611645861644,0.9648551533465599,0.9553191271831559,0.9603611577791468,0.9669140218496496,0.9648551534728833
0.928408801050657,0.7772998508568416,0.817574478416099,0.8354835330070839,0.8933093996634686,0.8933094010836643,0.914900952092573,0.8670357494949105,0.9149009480320036,0.8933094152856196,0.8933094053442511,0.8933094103149355,0.9465966645506148,0.9241418137109955,0.9196425267730008,0.9099070097026719,0.9196425311777929,0.9149009538328171,0.9241418173671895,0.9241418257242034,0.9284087965937711
0.9783846654647381,0.9399133519298964,0.9241418236349501,0.9241418225903234,0.9241418168448761,0.9149009631141181,0.9099070042057362,0.904650530602188,0.9241418262465169,0.8933093946927838,0.8670357666736772,0.9149009619539554,0.904650530602188,0.9046505415276079,0.9324533126145178,0.9046505421702796,0.9284088079835904,0.8933093982432729,0.8991213772699435,0.914900952092573,0.9046505351008904
0.9525741253077676,0.8872045922259089,0.8354835432479661,0.8807970811069351,0.867035763237924,0.8807970701552505,0.8670357701094304,0.8933094159957173,0.9046505395995927,0.8354835411997897,0.9046505415276079,0.9099070072595895,0.8933093975331751,0.8872045981907006,0.9324533144915913,0.8933094138654242,0.9324533046369554,0.9046505440982948,0.9324533074525657,0.9362850066369692,0.939913350667554
0.9362850084148385,0.6224593312018546,0.5926665999540697,0.6224593312018546,0.6224593382055109,0.731058584489497,0.5312093733737562,0.5312093733737563,0.5621765008857981,0.8354835391516133,0.6791787056691697,0.7549149923816048,0.7057850216484839,0.679178699175393,0.8354835411997897,0.6224593312018546,0.7772998714925403,0.8354835371034368,0.7981867729389246,0.7310585903489892,0.7310585903489892
0.9196425355825848,0.7549149868676283,0.6513548714339145,0.5621765008857982,0.5621765008857981,0.731058584489497,0.7057850340255386,0.7310585669110203,0.7310585669110203,0.679178699175393,0.731058584489497,0.7549149923816048,0.8175744695262775,0.7981867873410141,0.7310585727705126,0.7981867825403176,0.7981867825403176,0.7981867777396212,0.8933094096048376,0.8670357512127872,0.8175744850834649
0.7310585786300049,0.4378234991142019,0.5926665999540698,0.46879062662624377,0.46879062662624377,0.46879062662624377,0.5,0.651354857898194,0.798186775339273,0.7772998663336158,0.7772998611746912,0.7772998508568416,0.8175744806385543,0.8354835330070839,0.6513548646660542,0.6791786861878392,0.8175744828610095,0.8519528019683106,0.743168019989179,0.8175744695262775,0.6926419894793246
0.952574123793102,0.8807970873650401,0.8519527982093666,0.8519528076067262,0.8991213786215104,0.8933094039240554,0.8933094046341532,0.9099070054272775,0.909907001151883,0.8519528038477824,0.8354835391516133,0.8933094096048376,0.9149009625340366,0.9324533060447605,0.9284088045171238,0.9362850097482405,0.8740772335247532,0.928408793127304,0.9046505351008906,0.9241418126663686,0.9099069999303416
0.8519527963298947,0.6224593312018546,0.8354835432479661,0.6791786861878392,0.7549149868676283,0.6791786926816161,0.8354835432479661,0.7772998663336157,0.7981867849406659,0.651354857898194,0.7549149813536518,0.8354835391516132,0.8519528057272544,0.8438951025545426,0.8175744806385542,0.8354835452961425,0.8670357477770337,0.8807970654616711,0.8519527944504227,0.8519527963298947,0.8933094145755219
0.9525741241296943,0.622459338205511,0.46879062662624377,0.6224593312018546,0.6513548646660543,0.6224593312018546,0.348645142101806,0.5621765008857981,0.6791786861878392,0.6224593312018546,0.5312093733737563,0.5621765008857981,0.6224593312018545,0.7057850216484838,0.6224593312018546,0.7772998663336158,0.5926665999540698,0.7057850154599563,0.7549149813536518,0.7981867825403176,0.7772998663336158
0.9740426411539018,0.9324533013520765,0.9525741222784364,0.9465966690702635,0.9669140208962347,0.9579122761395139,0.9648551528412662,0.9688561722753841,0.9465966688819449,0.9525741248028792,0.9579122708828602,0.9626731115849662,0.9755769093689463,0.9465966754730989,0.9770226292536687,0.9783846659374352,0.975576911277308,0.972414718472709,0.9579122767402743,0.978384667394918,0.9603611606154042
0.96036116089903,0.9284087926320944,0.9324533074525657,0.9241418272911436,0.9553191289322892,0.9433475719047602,0.9626731103801985,0.9706877695136331,0.9688561683411564,0.9724147164241761,0.970687767711705,0.9648551542308238,0.9755769099015122,0.9740426431318634,0.9648551552414112,0.9706877670227323,0.9669140229222414,0.9525741286736911,0.9808759642274331,0.962673113726775,0.9706877673937175
0.974042643649901,0.9362850026367634,0.9399133534026292,0.9648551553677347,0.9706877659097766,0.962673113860638,0.9525741216052517,0.9755769114548299,0.9626731099786093,0.9648551573889093,0.9669140203003503,0.9648551567572923,0.9755769102565564,0.9579122726851416,0.9648551500621507,0.9770226296300063,0.977022629295484,0.9648551529675896,0.9648551559993517,0.9755769101234147,0.9830850871978768
0.9626731151992686,0.7057850340255386,0.5621765008857981,0.7549149813536518,0.7981867801399694,0.6513548782017745,0.7057850340255386,0.5,0.6791786926816161,0.6791787056691698,0.7057850340255386,0.7549149813536518,0.651354857898194,0.5312093733737563,0.7549149978955811,0.7310585669110203,0.7057850216484837,0.7772998560157665,0.5,0.8354835289107307,0.7310585786300049
0.9525741320396143,0.9196425278741989,0.9241418205010699,0.9433475687193132,0.9284087941177233,0.9626731160024469,0.9324533055754922,0.9433475772802017,0.960361157495521,0.9579122762897041,0.970687772322521,0.9553191335436404,0.9669140226838877,0.9648551549887644,0.970687768135688,0.968856169128002,0.9648551503147975,0.9603611579209597,0.9626731127897337,0.9553191276601922,0.9820137918473728
0.8354835350552604,0.8807970779778824,0.8933094138654242,0.8519527963298947,0.8519527944504227,0.817574478416099,0.8807970732843033,0.8933094103149355,0.8933094074745443,0.8807970701552505,0.89330940889474,0.9149009532527358,0.9149009503523291,0.8933094138654242,0.9149009491921662,0.9284088005554475,0.9241418158002492,0.9284088040219143,0.9284088040219143,0.9241418215456966,0.9362850079703712
0.9770226306753884,0.946596671895044,0.9241418267688303,0.9324533112067127,0.9496693720320677,0.9496693679367014,0.9465966709534506,0.9465966686936261,0.9465966679403514,0.9525741320396143,0.949669372566246,0.9496693718540082,0.9362849990810245,0.9525741280005064,0.9626731121204184,0.962673111584966,0.9496693629510377,0.9553191340206767,0.9496693727443052,0.9553191340206768,0.9626731129235967
0.9840936058681798,0.6791786926816161,0.7549149923816048,0.7772998714925403,0.6791786861878392,0.7057850216484838,0.6791787056691698,0.7057850278370112,0.651354857898194,0.6791787056691698,0.7310585727705127,0.5926665999540698,0.7310585727705127,0.7310585727705127,0.6513548714339145,0.7772998560157665,0.651354857898194,0.7981867681382279,0.7057850216484838,0.7057850216484838,0.6791786926816161
0.7310585727705127,0.8807970654616711,0.8354835432479661,0.8933094025038598,0.9046505408849362,0.8933094131553265,0.8807970873650401,0.9046505331728752,0.880797085800514,0.8933094025038599,0.9241418225903233,0.9046505254608135,0.9399133561377042,0.9362850035256981,0.9553191319535194,0.9626731130574597,0.9465966705768132,0.9603611644443515,0.9525741300200604,0.9362850124150441,0.9553191335436405
0.964855154862441,0.9099070084811307,0.9099070090919014,0.9362850013033613,0.9284088055075428,0.9046505357435622,0.9196425339307879,0.8872046004274975,0.9149009491921664,0.9046505280315008,0.9196425251212038,0.8933094025038598,0.9241418152779358,0.9099070133672954,0.9465966686936262,0.9362850035256981,0.9196425322789908,0.9362850128595115,0.9284087980793998,0.8933094152856196,0.8670357460591569
0.9820137926040579,0.8175744784160989,0.6224593312018546,0.5926665999540698,0.6513548782017745,0.5312093733737563,0.5926665999540698,0.5312093733737562,0.6224593312018546,0.5312093733737563,0.6224593382055109,0.3775406617944891,0.5621765008857981,0.5621765008857981,0.5312093733737563,0.5,0.5312093733737563,0.4687906266262437,0.34864514210180597,0.6513548782017745,0.5
0.9626731126558705,0.9149009607937929,0.8872045914803098,0.9149009596336302,0.9241418178895028,0.9465966715184065,0.9362850097482404,0.8807970889295663,0.924141814233309,0.9099070145888366,0.867035763237924,0.9149009636941993,0.9399133525610676,0.9626731130574597,0.9433475693165846,0.9241418126663687,0.9433475689184037,0.9433475772802016,0.9648551571362625,0.957912271934191,0.9579122735862822
0.7772998714925403,0.4073334000459302,0.43782349911420193,0.320821300824607,0.40733340004593027,0.2942149597859341,0.4687906266262437,0.40733340004593027,0.3486451285660856,0.37754066879814546,0.5312093733737563,0.32082128783705344,0.4378234991142019,0.5926665999540698,0.37754066879814546,0.40733340004593027,0.37754066179448914,0.32082129433083023,0.14804719803168945,0.2942149783515162,0.2337063569140403
0.8807970858005139,0.6224593312018546,0.6224593312018546,0.5621765008857981,0.5926665999540698,0.679178699175393,0.7057850216484838,0.6513548646660542,0.6513548646660542,0.6513548578981939,0.6224593312018546,0.5926665999540698,0.6224593312018546,0.6224593312018546,0.6224593312018546,0.7310585786300048,0.6791787056691698,0.7310585786300048,0.7310585669110202,0.6513548782017745,0.6224593241981982
0.6791787056691697,0.46879062662624377,0.5312093733737563,0.5621765008857982,0.679178699175393,0.7057850216484838,0.731058584489497,0.7057850340255386,0.7057850154599563,0.7310585727705126,0.7549149923816046,0.7310585844894971,0.6791787056691698,0.7981867705385762,0.7310585669110202,0.8354835432479661,0.7057850278370112,0.7310585727705127,0.731058584489497,0.6513548714339145,0.7310585727705126
0.7310585727705127,0.7549149813536518,0.6224593382055109,0.7310585903489892,0.7549149813536518,0.7772998611746912,0.7772998560157663,0.8175744739711883,0.7772998663336157,0.7981867777396211,0.8354835330070839,0.8596637541053281,0.8933094096048376,0.8354835350552604,0.8740772335247531,0.8354835289107307,0.8807970654616711,0.8596637487122111,0.8670357598021707,0.9284088030314952,0.9525741241296944
0.991422513683421,0.9324533149608595,0.9525741280005064,0.9579122683296283,0.9603611648697901,0.9579122752383734,0.9579122740368525,0.9324533158993962,0.9241418241572634,0.9465966671870767,0.9579122683296283,0.9399133498259924,0.9525741263175447,0.9496693647316319,0.9648551495568569,0.975576908392575,0.9579122758391339,0.9706877673937175,0.9603611610408428,0.9626731134590489,0.9579122708828602
0.9465966654922083,0.8354835411997897,0.7981867873410141,0.8519528076067261,0.7981867849406659,0.8354835371034368,0.9149009544128984,0.8807970811069351,0.8519527963298946,0.8354835350552604,0.8519528076067262,0.9046505447409665,0.9149009555730611,0.9149009486120849,0.8354835350552603,0.9046505331728751,0.8933094039240554,0.9046505415276079,0.9196425355825847,0.9046505376715775,0.9196425339307879
0.9875683502444729,0.8933094088947399,0.8519527982093666,0.8991213732152424,0.8933093961129794,0.914900963114118,0.8670357683915537,0.8807970873650401,0.8670357666736772,0.8872045989362997,0.8354835452961427,0.8933093975331751,0.8670357546485408,0.798186768138228,0.817574478416099,0.7310585669110202,0.8807970858005139,0.867035758084294,0.7310585786300049,0.8175744673038222,0.8596637505099167
0.986777178916048,0.8354835371034368,0.8872046034098934,0.8596637505099167,0.9046505376715775,0.8740772450055544,0.7981867825403177,0.8354835309589074,0.8175744739711883,0.9099070035949656,0.8596637451167997,0.7549149923816048,0.880797085800514,0.8991213813246445,0.8991213833519948,0.8872045996818986,0.8670357683915537,0.8807970873650401,0.9149009549929797,0.867035758084294,0.826711791935942
0.9706877722165252,0.8519528076067262,0.8175744806385543,0.9241418173671895,0.89330940889474,0.880797071719777,0.9241418225903234,0.89330940889474,0.8807970811069351,0.9496693729223646,0.9149009509324104,0.8354835452961425,0.8807970889295664,0.9046505351008906,0.9241418236349501,0.9433475746920261,0.9399133552961427,0.9284087970889806,0.9149009491921664,0.9046505286741727,0.8933094060543488
0.9688561709265061,0.8519528076067262,0.8933093961129794,0.9046505351008906,0.9149009602137116,0.8807970795424088,0.8519528076067262,0.880797071719777,0.8933094152856197,0.8933093961129794,0.8807970826714614,0.8933094017937621,0.9241418189341297,0.8807970685907242,0.9149009613738741,0.9241418189341296,0.9046505293168444,0.92414182206801,0.8933094060543488,0.8933093961129794,0.9149009602137116
0.8519528038477825,0.8670357529306639,0.8670357460591569,0.8354835371034368,0.8933093982432729,0.8933094117351309,0.8933094124452287,0.817574478416099,0.9099070072595894,0.9046505267461572,0.9362850115261095,0.9046505267461572,0.9149009584734678,0.9099070029841949,0.924141813188682,0.9046505421702797,0.9149009578933863,0.9433475689184037,0.9196425295259959,0.9553191267061195,0.928408800060238
0.9465966664338018,0.679178692681616,0.5621765008857981,0.6224593241981982,0.7549149813536516,0.7772998560157663,0.731058584489497,0.7310585727705126,0.8670357701094303,0.817574471748733,0.8670357546485407,0.817574471748733,0.8519527982093666,0.8807970764133561,0.8872045907347108,0.9099070151996071,0.9149009474519222,0.8596637559030338,0.904650538956921,0.9241418173671895,0.9362849990810246
0.9875683486437206,0.8670357615200475,0.8991213806488609,0.9099069999303417,0.8991213853793452,0.939913346038965,0.9362850119705768,0.8991213718636754,0.924141814233309,0.9362850066369692,0.936285000858894,0.9626731113172399,0.9362849995254919,0.9433475746920261,0.9525741246345829,0.9626731154669946,0.9783846666858724,0.9755769100346537,0.9808759635286316,0.9724147176732816,0.9688561680039369
0.9496693641974535,0.7772998663336158,0.7310585727705127,0.7549149978955811,0.7310585786300049,0.7981867777396211,0.7549149813536518,0.8354835289107307,0.7981867705385763,0.8519528076067262,0.7981867849406659,0.817574478416099,0.8267117919359419,0.9149009607937928,0.8807970826714614,0.8670357563664174,0.8175744850834648,0.9196425234694067,0.9046505421702796,0.932453310268176,0.9149009503523291
0.9896718496225814,0.9241418147556224,0.9241418236349501,0.9399133508779444,0.943347580465648,0.9465966677520327,0.9579122731357119,0.9284088079835903,0.9362850013033613,0.9149009468718409,0.9553191303633982,0.9465966666221205,0.9399133552961427,0.9399133491948212,0.9525741278322103,0.9553191265471073,0.9648551562519986,0.9553191259110588,0.9525741273273217,0.9553191346567251,0.9724147197717785
0.9770226290445923,0.8807970842359877,0.914900952092573,0.9046505331728752,0.8807970701552504,0.89330940889474,0.8519527982093666,0.9324533032291502,0.9324533074525658,0.9324533018213448,0.9284088025362858,0.9149009613738741,0.9603611647279773,0.9525741301883566,0.9603611630262229,0.9196425240200057,0.904650530602188,0.9465966679403515,0.9465966690702635,0.9496693627729781,0.949669366512226
0.9433475697147654,0.26894142722948733,0.11279541075648725,0.1008786328668095,0.1480471961522176,0.14804720554957732,0.20181322706107538,0.11920292515117027,0.1259227681153614,0.11920292515117029,0.10087861326908788,0.22270013366638422,0.19193277951396834,0.20181322466072713,0.22270013882530887,0.22270013366638422,0.19193279569159502,0.20181321986003056,0.16451647108926923,0.24508501313237172,0.21206880435710534
0.9919380074364865,0.9149009474519222,0.914900957313305,0.9362850084148385,0.9579122738866624,0.9284088010506572,0.9241418199787564,0.9362850128595114,0.932453304167687,0.9399133489844308,0.9465966720833627,0.928408793127304,0.9149009555730612,0.9465966647389334,0.9433475808638289,0.9525741229516211,0.9525741274956179,0.9399133479324787,0.9399133529818484,0.9465966728366374,0.9241418147556224
0.9706877708915781,0.9149009480320036,0.9324533112067128,0.9284088050123334,0.955319126070071,0.9433475808638289,0.9496693640193941,0.9603611644443515,0.9465966707651319,0.9579122704322899,0.9525741259809524,0.9626731147976795,0.9706877685066733,0.9465966671870766,0.968856169352815,0.9433475721038506,0.9770226301736049,0.9626731131913228,0.9706877711565676,0.9820137920776683,0.9808759653105752
0.9149009596336302,0.679178692681616,0.5,0.622459338205511,0.5926665999540698,0.5,0.7310585903489891,0.5,0.6224593382055109,0.651354857898194,0.6791786991753931,0.6224593312018546,0.7310585903489892,0.7549149978955811,0.7057850278370111,0.7549149868676283,0.7057850154599562,0.787931185683219,0.7981867825403177,0.7981867825403177,0.7981867849406659
0.7981867801399695,0.22270013366638425,0.2018132150593341,0.22270013882530887,0.10669059323555341,0.20181322946142377,0.18242553047372242,0.14804719615221756,0.11920292984474948,0.182425528251267,0.14804720179063335,0.18242551936144574,0.14804719615221756,0.10669059536584675,0.14804719427274568,0.1329642316084462,0.2018132198600306,0.16451645880021026,0.14804720179063335,0.2227001336663842,0.26894141551050293
0.9465966722716813,0.32082130731838393,0.24508502416032488,0.320821300824607,0.2689414213699951,0.2689414213699951,0.4687906266262437,0.32082130082460697,0.4073334000459302,0.5312093733737563,0.46879062662624377,0.6513548714339144,0.5,0.6791787056691698,0.46879062662624377,0.40733340004593027,0.3486451285660856,0.5621765008857981,0.37754066179448903,0.5312093733737562,0.5621765008857981
0.9496693652658101,0.7981867849406659,0.817574478416099,0.8175744806385543,0.8670357460591568,0.8670357563664174,0.8438951025545426,0.8519528076067262,0.8670357649558007,0.89912137659416,0.8438951025545426,0.8596637559030338,0.8740772400852111,0.9099070042057362,0.899121373891026,0.9149009457116781,0.9399133542441908,0.9149009462917594,0.9284088069931713,0.9284088050123332,0.904650527388829
0.9770226300899744,0.7549149923816048,0.8175744828610095,0.8519527982093666,0.8438951005915208,0.8354835330070839,0.7981867873410141,0.8175744739711884,0.8354835452961425,0.7772998714925403,0.6224593312018546,0.6513548782017745,0.6224593312018546,0.5926665999540698,0.8670357477770336,0.731058584489497,0.6791787121629466,0.7057850402140659,0.7310585903489891,0.6513548714339144,0.7310585727705127
0.7772998611746912,0.4378234991142019,0.26894141551050293,0.4073334000459302,0.34864513533394575,0.5,0.6224593312018545,0.4687906266262437,0.5621765008857981,0.5,0.5312093733737563,0.5621765008857982,0.679178699175393,0.731058584489497,0.6513548646660542,0.5,0.6513548511303338,0.6791786861878392,0.6224593312018546,0.6513548714339145,0.679178699175393
0.7772998611746911,0.817574478416099,0.7057850278370112,0.8175744828610095,0.7772998508568416,0.8354835391516133,0.8519527982093666,0.7772998663336158,0.8807970811069351,0.8175744761936437,0.8175744806385543,0.8354835432479661,0.8519528038477824,0.8519528057272543,0.9399133464597458,0.8807970826714614,0.8670357718273068,0.8740772466456689,0.8933094025038598,0.8933094017937621,0.8670357666736772
0.9796676464347296,0.8519528019683105,0.8670357494949105,0.8670357718273068,0.8175744828610095,0.8175744850834648,0.8519528057272544,0.8933094138654242,0.8175744761936437,0.8807970732843033,0.8933093989533708,0.7981867681382279,0.8670357580842941,0.9099070133672955,0.8670357598021707,0.8933094167058151,0.9046505370289059,0.9149009515124917,0.8933094046341532,0.9046505434556231,0.9324533097989076
0.9579122744874229,0.8354835371034369,0.8519528000888387,0.9046505376715775,0.8519527944504227,0.8872045937171068,0.89330940889474,0.9046505357435622,0.8354835289107309,0.8519528076067262,0.8740772253241803,0.8670357580842941,0.8519527944504227,0.8267117919359419,0.8933094174159129,0.8670357666736772,0.8872045899891118,0.8872045832787205,0.8519528019683105,0.893309398243273,0.9149009491921662
0.9099070103134425,0.3775406687981454,0.24508500761839525,0.24508500761839525,0.22270013882530887,0.3486451488696663,0.2689414213699951,0.24508500210441886,0.24508500761839525,0.46879062662624377,0.2942149783515162,0.3486451217982255,0.4378234991142019,0.2689414272294874,0.2689414272294874,0.2942149659744614,0.34864512179822543,0.34864512856608554,0.34864513533394575,0.5,0.3775406687981454
0.8807970764133561,0.7310585903489891,0.7549149813536518,0.7549149868676283,0.8519528094861981,0.8175744695262775,0.8519527982093668,0.8807970842359877,0.8354835309589073,0.8933094103149354,0.8933093982432729,0.9149009625340367,0.8991213833519948,0.8519527963298947,0.8807970670261976,0.8438950947024555,0.8670357701094303,0.8807970826714614,0.9046505338155469,0.9196425251212038,0.9099070054272775
0.9808759653804554,0.8872045914803098,0.9046505299595162,0.8670357598021707,0.8596637505099168,0.8354835391516132,0.8519528019683106,0.8670357477770336,0.8519527963298947,0.867035758084294,0.9196425388861785,0.8740772253241803,0.843895106480586,0.9099070133672954,0.9099069993195711,0.9433475721038507,0.9284088084787998,0.932453304167687,0.9046505286741726,0.9099070066488187,0.9465966660571644
0.9914225164553808,0.9046505357435622,0.9046505351008906,0.8670357477770337,0.9149009555730611,0.9241418116217418,0.914900959053549,0.9284088060027523,0.9149009544128984,0.8354835411997897,0.8354835452961425,0.8933094032139577,0.9241418173671895,0.9149009561531424,0.939913346038965,0.9099070066488189,0.9196425295259959,0.880797085800514,0.9046505421702797,0.9284088050123334,0.9399133544545811
0.8354835371034368,0.9241418184118163,0.9553191314764831,0.9603611645861643,0.9648551532202364,0.9648551561256752,0.9669140189894048,0.9724147148253212,0.9830850859899082,0.9840936103291534,0.978384668970575,0.9830850881270833,0.9859363758364805,0.9867771763398501,0.9883127420258204,0.9724147200715638,0.9820137885245381,0.9867771812735119,0.9820137937226358,0.9820137905642982,0.9867771812735119
0.9579122689303887,0.46879062662624377,0.5,0.3775406758018019,0.4073334000459302,0.5312093733737563,0.40733340004593027,0.46879062662624377,0.32082130731838393,0.5926665999540697,0.5926665999540697,0.5,0.5312093733737563,0.5621765008857982,0.4687906266262437,0.24508502416032485,0.2942149597859341,0.3775406687981454,0.34864512856608565,0.2689414272294874,0.2689414272294874
0.924141826246517,0.22270013882530887,0.14804719051380197,0.2018132150593341,0.20181321745968234,0.22270013366638422,0.182425528251267,0.18242552602881168,0.1403362476923775,0.22270014398423357,0.23370635157681108,0.21206880435710534,0.2942149659744614,0.24508500761839527,0.26894141551050293,0.2689414272294874,0.2942149597859341,0.22270014398423355,0.1919327841361473,0.23370634623958195,0.2942149659744614
0.9783846653465639,0.43782349911420193,0.5926665999540697,0.5926665999540698,0.46879062662624377,0.5,0.3208213073183839,0.5312093733737562,0.3775406687981454,0.5312093733737562,0.5621765008857981,0.43782349911420193,0.5621765008857981,0.5,0.5926665999540698,0.5926665999540697,0.5621765008857981,0.5,0.6224593312018546,0.5621765008857981,0.4378234991142019
0.9433475697147654,0.880797071719777,0.851952809486198,0.8670357563664174,0.8933094124452288,0.867035771827307,0.8807970826714614,0.8670357683915538,0.8807970748488297,0.8670357649558006,0.8175744806385542,0.8519527982093666,0.8670357701094303,0.8519528057272543,0.8519528000888386,0.8807970873650401,0.8519528000888386,0.880797071719777,0.8807970873650401,0.8991213671331905,0.9099070035949656
0.962673116404036,0.8933094003735664,0.9046505370289059,0.8933093989533707,0.8933094145755219,0.8596637559030338,0.8596637451167997,0.9196425223682085,0.8991213698363247,0.9099070133672955,0.9241418189341296,0.9465966754730989,0.9284087965937711,0.92414182206801,0.9626731111833768,0.9362850013033613,0.9241418184118163,0.9324533130837862,0.9196425317283919,0.9399133462493553,0.9324533013520765
0.972414718472709,0.6791787056691698,0.6791787056691698,0.651354857898194,0.6791786861878392,0.6224593312018546,0.6513548714339144,0.6791787056691698,0.5312093733737563,0.43782349911420193,0.5,0.6224593312018546,0.5926665999540698,0.43782349911420193,0.46879062662624377,0.5,0.5926665999540698,0.46879062662624377,0.37754066879814546,0.4687906266262437,0.5926665999540698
0.9433475764838399,0.8519528000888386,0.8175744806385542,0.7549149923816048,0.8080672204860316,0.8670357701094303,0.9099070127565249,0.8438951005915208,0.8175744828610095,0.8670357563664174,0.880797071719777,0.8933094152856197,0.8438951005915208,0.8438950966654774,0.89330940889474,0.8872046049010912,0.8740772269642949,0.8596637523076225,0.8670357512127873,0.9196425278741989,0.8670357512127872
0.985042913091255,0.9770226307172036,0.9770226295463756,0.9669140232797719,0.9724147171736394,0.9820137876033561,0.9688561707016932,0.9626731146638163,0.9724147149752137,0.9724147193221007,0.9783846668828294,0.9706877707325845,0.97702262799921,0.9820137886232361,0.9859363757073449,0.9914225150614812,0.985936371613743,0.990874364412989,0.982013787044067,0.9850429162609263,0.9875683511134525
0.731058584489497,0.34864514210180597,0.37754066879814546,0.5,0.5,0.4378234991142019,0.5,0.46879062662624377,0.5926665999540698,0.6224593312018546,0.5621765008857981,0.5621765008857982,0.5926665999540698,0.6224593312018546,0.4378234991142019,0.5621765008857982,0.43782349911420193,0.5926665999540698,0.5312093733737563,0.5312093733737562,0.4687906266262437
0.9399133555065331,0.8175744673038222,0.8175744850834648,0.8596637577007394,0.7981867753392728,0.7981867705385762,0.8670357683915538,0.8519527963298947,0.8354835350552603,0.8354835350552603,0.8933094039240554,0.8670357546485407,0.893309411735131,0.8519528076067261,0.9046505402422645,0.899121379297294,0.8670357735451835,0.8933094032139576,0.8807970795424087,0.8740772450055545,0.9099070127565249
0.9688561690155955,0.9241418147556224,0.9241418173671894,0.9399133466701362,0.9149009474519223,0.904650536386234,0.8670357512127872,0.9324533060447606,0.9324533149608596,0.9324533144915912,0.8933094025038598,0.9149009619539553,0.9399133500363829,0.9324533032291502,0.9284088064979618,0.9465966669987579,0.9362850017478287,0.9324533051062237,0.9284088074883808,0.9149009515124917,0.9241418199787564
0.9046505370289057,0.7549149923816048,0.7057850340255386,0.7057850216484838,0.7981867705385762,0.8175744695262777,0.8670357563664174,0.7772998560157665,0.7549149868676283,0.8872045855155176,0.8596637541053281,0.9046505383142494,0.90990700787036,0.8267117876664789,0.914900959053549,0.8175744739711883,0.8991213705121083,0.9046505344582187,0.8991213732152423,0.8596637523076225,0.9433475788729249
0.9770226286682547,0.8175744828610096,0.7981867753392728,0.7549149923816048,0.7981867753392728,0.8175744806385543,0.7310585844894971,0.7549149813536518,0.7981867825403177,0.7772998560157665,0.7310585727705127,0.7772998611746912,0.7057850216484838,0.6224593382055109,0.8175744806385543,0.7549149758396752,0.7310585786300048,0.7981867729389246,0.7310585786300048,0.8080672112416737,0.7310585844894971
0.8519528000888387,0.40733340004593027,0.3775406687981454,0.22270014914315836,0.32082131381216084,0.34864514210180597,0.3775406687981454,0.4687906266262437,0.3486451285660856,0.5621765008857981,0.5926665999540698,0.4378234991142019,0.46879062662624377,0.5312093733737562,0.43782349911420193,0.4378234991142019,0.37754066879814546,0.4378234991142019,0.5312093733737563,0.5,0.4378234991142019
0.962673111584966,0.651354857898194,0.6224593312018546,0.679178699175393,0.6224593312018546,0.6224593382055109,0.5926665999540698,0.5926665999540698,0.5621765008857981,0.5926665999540698,0.5621765008857982,0.5312093733737563,0.5312093733737562,0.6224593241981982,0.651354857898194,0.5621765008857982,0.6791787121629466,0.4687906266262437,0.46879062662624377,0.5621765008857982,0.5312093733737563
0.7772998714925403,0.8991213745668094,0.9196425256718028,0.9241418173671895,0.9399133512987252,0.9284088035267047,0.9496693702514737,0.9465966750964616,0.9496693679367014,0.9465966653038895,0.9399133536130195,0.9626731115849662,0.9626731154669946,0.9626731154669946,0.9796676488463552,0.9525741278322102,0.952574123793102,0.9669140187510509,0.9553191322715435,0.9603611587718369,0.9688561684535629
0.9496693636632753,0.9046505248181417,0.867035771827307,0.8933094081846422,0.8740772351648677,0.8670357683915538,0.8519527963298947,0.8933094145755219,0.8933094010836642,0.8596637451167997,0.8519527963298946,0.9149009491921664,0.8670357701094303,0.9241418205010699,0.9149009526726545,0.9149009602137115,0.8933094010836643,0.899121379297294,0.8596637559030338,0.9284088050123332,0.924141813188682
0.9890130594237596,0.9324533093296393,0.9241418199787564,0.9465966756614176,0.9465966711417693,0.9149009555730611,0.9046505408849362,0.9284088035267047,0.93991335382341,0.9433475713074889,0.9579122692307689,0.936285003525698,0.9196425256718028,0.9525741266541371,0.966914019704466,0.9465966715184067,0.9688561662054326,0.9648551509464147,0.9626731087738417,0.9525741216052516,0.9603611626007843
0.9919380085462062,0.9603611634516616,0.9579122713334306,0.9648551517043553,0.9808759621310288,0.9626731099786092,0.9770226307172036,0.9626731141283641,0.9553191282962407,0.9579122699817195,0.9525741273273217,0.9770226302990509,0.9755769073274428,0.974042641483562,0.9724147149752137,0.9755769114992104,0.9820137916828761,0.9850429123914572,0.9850429160688251,0.9755769127418645,0.978384665267781
0.9669140228030645,0.43782349911420193,0.22270013366638422,0.18242552158390102,0.2689414213699951,0.22270014914315836,0.24508502416032488,0.37754066879814546,0.2689414096510108,0.28140560140262283,0.2689414272294874,0.2814056194821861,0.43782349911420193,0.24508501864634824,0.3775406687981454,0.34864514210180597,0.18242553269617778,0.19193279338050545,0.18242552380635632,0.21206881182686205,0.2450850131323717
0.9241418267688303,0.6224593312018545,0.5621765008857981,0.6513548511303336,0.5312093733737563,0.6224593312018546,0.6791787121629465,0.6513548646660543,0.7310585727705126,0.46879062662624377,0.5621765008857982,0.6513548511303338,0.5,0.6224593312018546,0.679178686187839,0.651354857898194,0.7057850154599563,0.6513548714339145,0.6513548714339144,0.7310585727705127,0.7310585844894971
0.7981867753392728,0.46879062662624377,0.5,0.5312093733737563,0.5312093733737562,0.7057850340255386,0.7549149813536518,0.7549149813536518,0.5926665999540698,0.7549149813536518,0.7310585844894971,0.7772998611746912,0.7549149813536518,0.5926665999540698,0.6513548714339145,0.7549149923816048,0.5312093733737563,0.5312093733737562,0.5926665999540698,0.7310585727705126,0.679178699175393
0.7981867825403177,0.8807970873650401,0.8670357632379241,0.8519528019683106,0.8354835371034368,0.8519528038477824,0.9149009474519223,0.8519527982093666,0.8670357598021708,0.9046505357435622,0.8670357580842941,0.9149009474519223,0.9149009468718408,0.9149009573133051,0.9149009549929797,0.9324533022906133,0.9362850084148385,0.936285000858894,0.914900959053549,0.9241418152779358,0.9046505395995929
0.9525741300200604,0.7772998560157665,0.6224593312018546,0.7981867825403177,0.6513548646660542,0.7981867801399695,0.7772998560157665,0.7981867825403177,0.7310585727705127,0.8175744695262777,0.8175744739711883,0.8670357649558007,0.8670357718273068,0.7057850216484838,0.8354835371034368,0.8175744761936437,0.7549149923816046,0.8267117962054049,0.7981867801399695,0.8438951084436077,0.7879311981328135
0.9669140230414183,0.9324533036984185,0.9149009636941993,0.9525741266541371,0.9399133479324787,0.9525741280005063,0.9525741264858408,0.932453310268176,0.924141819456443,0.932453310268176,0.957912276139514,0.932453310268176,0.9324533097989076,0.957912271934191,0.9579122708828602,0.9626731134590488,0.9465966686936261,0.9579122710330503,0.9579122732859021,0.9553191302043862,0.9626731109156508
0.9241418126663686,0.6513548511303336,0.5926665999540698,0.7981867825403176,0.679178699175393,0.7549149813536518,0.7772998560157665,0.7310585669110203,0.7981867705385763,0.8519528057272544,0.7310585669110203,0.7772998714925403,0.8175744828610095,0.731058584489497,0.8354835289107307,0.8670357701094303,0.8354835309589073,0.8872045929715078,0.8740772302445241,0.8596637451167997,0.8807970764133561
0.9724147195719217,0.7772998508568416,0.7057850154599563,0.7549149813536518,0.8933094067644466,0.899121375242593,0.9241418137109955,0.8933094081846421,0.8354835432479661,0.8519528000888386,0.8933094010836642,0.9099070090919013,0.924141827813457,0.9046505254608135,0.8872045892435128,0.9196425234694067,0.9241418252018901,0.9149009491921662,0.8991213684847577,0.9433475762847495,0.9241418184118162
0.9465966752847802,0.7549149868676283,0.6791786926816161,0.7310585786300048,0.798186784940666,0.8670357632379241,0.7981867681382279,0.7549149868676283,0.8933094039240556,0.8933094003735663,0.8991213826762113,0.8670357666736772,0.8807970811069351,0.9149009555730611,0.936285003525698,0.9284088015458666,0.9241418147556224,0.9433475691174942,0.9553191252750103,0.9553191314764831,0.9362850017478287
0.9149009619539554,0.4687906266262437,0.5,0.5621765008857981,0.4687906266262437,0.5312093733737563,0.5926665999540698,0.6224593382055109,0.5312093733737562,0.7310585903489891,0.7549149868676283,0.5926665999540698,0.6513548578981939,0.7310585786300049,0.7310585903489891,0.7310585669110202,0.7310585786300049,0.7310585844894971,0.7772998508568416,0.8175744739711883,0.6513548646660543
0.9688561712637256,0.7981867801399695,0.7981867729389246,0.8175744761936437,0.851952809486198,0.867035752930664,0.8175744828610095,0.8175744739711883,0.7549149923816048,0.7310585669110202,0.7057850154599562,0.8519527944504227,0.7772998663336157,0.7981867777396212,0.8175744806385543,0.8175744761936437,0.8519527982093666,0.8872045996818986,0.7772998611746911,0.7549149813536518,0.8175744761936437
0.8740772482857833,0.8175744761936437,0.7981867801399695,0.7772998663336158,0.8670357580842941,0.8670357512127872,0.8670357580842941,0.9099070017626536,0.9149009480320036,0.9241418246795768,0.8933093996634686,0.9196425361331838,0.9284088064979618,0.928408795603352,0.9046505402422645,0.9399133433038894,0.9241418184118162,0.8872045877523147,0.9362850017478287,0.9324533027598817,0.9284088040219143
0.7981867825403177,0.705785040214066,0.6791787056691698,0.7772998663336158,0.8354835391516133,0.8519528076067262,0.8670357546485407,0.8933094017937621,0.8670357494949105,0.8991213671331905,0.8872045966995027,0.9399133443558416,0.9046505351008906,0.9149009480320035,0.899121388082479,0.9284088074883807,0.8933094060543488,0.9433475730993027,0.928408793127304,0.9465966709534505,0.9284087941177231
0.9933071505307141,0.9626731143960903,0.9626731138606381,0.9706877694076373,0.9648551567572923,0.9553191294093256,0.9740426424725429,0.9669140250674249,0.9648551498095038,0.9579122711832404,0.9740426448743533,0.9579122759893239,0.9724147153249633,0.9820137920118696,0.9579122701319096,0.9648551500621507,0.9626731118526921,0.9706877659097766,0.9706877720045337,0.9755769079043894,0.9706877665457513
0.9241418121440552,0.6513548714339144,0.4687906266262437,0.4687906266262437,0.5926665999540698,0.5926665999540698,0.5312093733737563,0.3486451285660856,0.5621765008857981,0.6224593312018546,0.7549149813536518,0.6513548646660542,0.6513548646660543,0.7310585727705126,0.7057850402140659,0.7772998663336157,0.7057850278370111,0.6513548646660543,0.7057850402140659,0.817574478416099,0.7772998663336157
0.8354835432479661,0.8807970748488297,0.9046505280315009,0.8933094131553264,0.9241418184118163,0.9149009486120849,0.9324533140223229,0.8933094117351309,0.9324533154301279,0.943347578474744,0.9399133481428691,0.9362850101927076,0.9241418220680099,0.9648551553677347,0.9553191263880951,0.9579122690805788,0.960361157637334,0.9525741274956179,0.9433475746920261,0.9362850053035673,0.9399133523506772
0.9820137877020542,0.8670357615200475,0.8519528019683106,0.8670357683915538,0.904650530602188,0.9149009526726545,0.9046505440982949,0.8933094124452287,0.9241418178895029,0.9324533069832973,0.9241418184118162,0.9284087975841901,0.8991213833519949,0.9149009532527358,0.92414182363495,0.9399133489844307,0.9603611645861643,0.9433475762847495,0.9496693709637113,0.9399133525610676,0.9496693620607404
0.9433475711083985,0.5926665999540697,0.679178699175393,0.7549149813536518,0.7310585786300048,0.8519528038477824,0.817574478416099,0.7549149868676283,0.8354835391516132,0.9046505447409665,0.880797076413356,0.9196425383355796,0.8872045996818986,0.880797071719777,0.9149009625340367,0.9099069962657176,0.8740772253241802,0.9196425229188077,0.9284087980793998,0.8933094131553264,0.9046505325302033
0.7310585786300049,0.8933094103149354,0.9196425245706048,0.9241418199787564,0.8991213759183765,0.8991213684847577,0.9241418231126368,0.9099069993195711,0.8991213820004279,0.9324533051062238,0.932453306514029,0.914900959053549,0.9284087970889807,0.9465966696352196,0.9465966750964615,0.9688561663178391,0.9433475802665577,0.9465966669987579,0.9399133475116979,0.9433475756874783,0.9553191316354952
0.952574123793102,0.8991213847035617,0.8519527963298947,0.9362849990810246,0.919642528975397,0.9362850053035673,0.9149009578933864,0.9284088025362857,0.9099069968764882,0.9241418246795768,0.9362849995254919,0.9465966688819449,0.9399133502467732,0.9241418267688302,0.9465966666221205,0.9362850026367634,0.939913350667554,0.9724147177232458,0.9740426402120151,0.9688561660930262,0.9525741298517643
0.9770226275392419,0.8267117898012105,0.8670357477770337,0.8933093975331752,0.899121379297294,0.8807970748488296,0.8933093996634686,0.8933094138654242,0.7772998611746911,0.8519528057272544,0.9046505402422645,0.8354835309589074,0.8354835350552603,0.9149009515124917,0.8740772400852111,0.8670357615200474,0.9149009509324104,0.8872045966995027,0.8933094039240554,0.9099070145888367,0.874077222043951
0.9626731158685838,0.8807970795424088,0.8175744850834648,0.8807970842359876,0.9149009636941992,0.8670357580842941,0.8670357546485408,0.8438951064805861,0.851952809486198,0.8740772450055545,0.9046505357435622,0.8740772417253256,0.8872045840243195,0.8933094010836642,0.9241418267688303,0.9324533032291502,0.9324533032291501,0.9099070066488189,0.9284087990698189,0.9149009532527358,0.8872045825331215
0.8519528019683105,0.9046505370289059,0.9046505293168444,0.9149009607937928,0.9465966749081429,0.9525741222784364,0.9553191333846284,0.9626731099786093,0.9626731156008577,0.9770226275392419,0.9706877674467155,0.9740426404945811,0.9669140188702278,0.9496693711417707,0.9706877672347239,0.9579122707326702,0.9755769124755815,0.964855151325385,0.9648551496831803,0.9755769113660689,0.9724147182228879
0.9770226322643691,0.9399133466701362,0.9399133534026292,0.9465966705768132,0.9324533032291502,0.9149009619539554,0.9324533121452494,0.9149009613738741,0.9241418189341297,0.9149009625340366,0.9149009561531424,0.924141819456443,0.9399133489844308,0.9324533079218341,0.9046505254608136,0.9284087985746093,0.949669370785652,0.9046505331728752,0.9324533093296393,0.9496693682928202,0.9399133521402868
0.9902915243601965,0.9149009607937928,0.9496693690050578,0.9324533149608595,0.9465966750964615,0.9433475786738345,0.9525741305249489,0.9399133479324787,0.9525741273273217,0.946596669446901,0.9399133435142799,0.9603611608990299,0.9783846659374352,0.966914021492119,0.9603611624589715,0.9770226321807385,0.9706877696726267,0.9724147160244624,0.9724147146754284,0.9706877718985378,0.9688561718257581
0.9688561684535629,0.8354835452961425,0.8175744828610095,0.8354835391516133,0.7772998663336158,0.8267117876664789,0.7310585786300049,0.7310585669110203,0.6513548782017745,0.731058584489497,0.8354835452961425,0.7310585669110202,0.5621765008857981,0.5926665999540698,0.7549149813536518,0.7310585903489891,0.6791787121629466,0.7310585669110202,0.5926665999540698,0.7057850278370112,0.5312093733737563
0.9648551549887644,0.8670357649558006,0.8991213691605412,0.9149009607937928,0.9196425267730008,0.909907002984195,0.9046505318875316,0.880797068590724,0.8933094081846421,0.9284088069931713,0.9241418246795768,0.9284088035267047,0.8807970873650401,0.9399133456181841,0.9241418231126367,0.9603611572118953,0.9465966707651318,0.9465966747198242,0.9496693674025232,0.9284088025362857,0.9669140228030646
0.7981867801399695,0.7057850340255386,0.7310585903489892,0.7549149758396752,0.7981867849406659,0.8519527982093666,0.8670357615200474,0.8596637523076225,0.8519528019683105,0.8740772466456689,0.8740772220439509,0.8872045959539038,0.9046505421702797,0.8991213718636754,0.880797068590724,0.8670357701094303,0.8872045870067157,0.9046505267461572,0.9046505428129514,0.8991213813246445,0.9241418225903233
0.9399133489844308,0.8670357529306639,0.8670357546485407,0.8807970670261976,0.8933094103149355,0.8807970779778824,0.8807970795424088,0.9046505338155469,0.8933093954028816,0.9046505370289059,0.8807970748488297,0.904650538956921,0.924141827813457,0.924141819456443,0.9099070127565249,0.9324533027598818,0.8933094074745443,0.9241418158002492,0.9241418246795768,0.904650527388829,0.8991213860551287
0.9669140232797719,0.6791787121629465,0.5621765008857981,0.6224593382055109,0.5926665999540698,0.5,0.5312093733737563,0.5926665999540698,0.5926665999540698,0.651354857898194,0.3486451217982255,0.5926665999540697,0.6224593382055109,0.7310585727705127,0.7549149813536518,0.7310585727705127,0.6224593241981982,0.679178699175393,0.5621765008857981,0.7310585669110202,0.6791787056691697
0.9465966758497363,0.8807970873650401,0.8670357615200475,0.8807970873650401,0.9196425311777929,0.9196425377849806,0.914900959053549,0.9099069980980297,0.9241418241572635,0.9465966730249561,0.8991213840277783,0.92414182206801,0.9496693656219289,0.9496693697172954,0.964855157641556,0.9688561662054326,0.9496693707856518,0.9433475693165845,0.9046505421702797,0.9433475770811112,0.932453310268176
0.7981867705385763,0.8670357683915538,0.904650533815547,0.8354835371034368,0.8807970732843033,0.9046505434556231,0.9196425284247979,0.9362850097482405,0.9099070127565249,0.9149009596336303,0.8933093975331751,0.9399133441454511,0.9433475766829303,0.9433475772802016,0.9433475691174941,0.9648551496831804,0.9603611634516616,0.9553191321125315,0.9362850013033613,0.960361158630024,0.9433475778774728
0.7549149923816048,0.7772998560157665,0.9149009462917594,0.8933094025038598,0.8933094017937621,0.914900957313305,0.8933094138654242,0.8933094003735664,0.9149009636941993,0.880797071719777,0.8670357529306639,0.9433475719047603,0.9465966685053074,0.9362849999699593,0.9149009561531424,0.9284087975841903,0.9196425317283919,0.924141814233309,0.9362850119705769,0.9433475792711057,0.943347577479292
0.8670357512127872,0.5926665999540698,0.6513548646660542,0.6791786861878392,0.8175744850834648,0.8175744739711884,0.7549149758396752,0.8175744828610095,0.8670357494949105,0.8807970889295664,0.8670357494949105,0.8872045922259088,0.8740772482857833,0.8354835289107309,0.8740772236840657,0.8740772302445241,0.8354835330070838,0.8740772318846386,0.9284087951081423,0.9284088050123332,0.8354835330070839
0.9724147155747844,0.8354835391516133,0.7772998508568416,0.817574478416099,0.7549149923816048,0.8670357683915538,0.8670357494949105,0.8175744828610095,0.8519528057272543,0.8670357615200474,0.7549149868676283,0.7772998663336158,0.7057850340255386,0.8519528019683105,0.8519528019683106,0.8175744828610095,0.7981867849406659,0.8519528019683106,0.8354835350552603,0.8438951084436077,0.7981867705385762
0.9706877670227323,0.9241418163225626,0.9399133462493554,0.9046505299595162,0.939913354875362,0.9046505434556231,0.9149009509324104,0.9149009538328171,0.924141819456443,0.9241418168448761,0.8519528057272543,0.9324533060447606,0.9553191290913013,0.9465966654922082,0.957912274787803,0.9579122722345713,0.9496693679367013,0.9324533065140289,0.952574127663914,0.9399133496156019,0.9496693645535724
0.8354835411997898,0.6791786991753931,0.26894142136999516,0.5,0.7057850278370112,0.7057850154599563,0.6791786861878392,0.6224593312018546,0.7310585669110202,0.7057850340255386,0.7057850216484838,0.8175744828610095,0.7981867849406659,0.7549149923816048,0.7772998508568416,0.6791787056691698,0.7549149923816048,0.7772998560157665,0.7310585786300049,0.8807970873650403,0.8670357580842941
0.9830850865474322,0.92414182206801,0.9149009584734676,0.9241418241572635,0.9399133504571636,0.9399133483532595,0.9525741300200604,0.9241418252018903,0.9241418210233833,0.9241418178895029,0.93991335382341,0.8933093954028817,0.9399133519298963,0.8933094103149355,0.9362850053035673,0.9149009596336303,0.9465966683169889,0.96267311131724,0.9465966641739774,0.9399133536130196,0.9324533046369553
0.9820137937226358,0.9740426423783543,0.9603611611826557,0.9648551514517085,0.9579122750881833,0.9669140220880034,0.9626731123881445,0.952574122783325,0.9724147162742834,0.9626731105140616,0.9626731146638163,0.9496693656219289,0.9579122681794381,0.9740426424725429,0.9755769078156283,0.9706877670227323,0.9755769123868205,0.9688561658682131,0.9820137941832265,0.975576912253679,0.9755769084369555
0.8519527963298947,0.9196425361331838,0.9496693682928202,0.9433475717056697,0.9362850101927077,0.9399133479324787,0.9579122749379932,0.9603611635934743,0.9603611635934745,0.9688561695776281,0.9579122758391337,0.9525741308615412,0.9669140182743434,0.972414719621886,0.9688561725001971,0.9724147188224586,0.9850429152455339,0.9688561682287499,0.9603611633098487,0.9755769115879714,0.9755769095464681
0.985042914696673,0.6791787121629466,0.6224593312018545,0.6791786926816161,0.7549149978955811,0.7549149923816048,0.731058584489497,0.7981867705385762,0.6513548782017745,0.7310585903489891,0.7549149758396752,0.8519528000888386,0.8519527963298947,0.867035771827307,0.8354835432479661,0.8670357477770337,0.8354835391516133,0.8354835330070838,0.8354835432479661,0.8740772253241802,0.8175744806385542
0.9553191263880951,0.9324533135530545,0.9284087980793998,0.9399133439350608,0.9465966737782309,0.9324533079218341,0.9324533126145178,0.9149009526726544,0.9362850030812307,0.9399133512987252,0.9196425372343817,0.9046505370289057,0.9525741288419872,0.9433475691174942,0.9553191337026525,0.9688561703644736,0.9324533088603709,0.943347580465648,0.9525741251394715,0.9603611623171586,0.9579122699817195
0.9783846670797867,0.9433475750902071,0.9579122696813392,0.9603611584882111,0.9579122735862823,0.9603611584882111,0.9648551503147976,0.9496693629510375,0.9496693716759489,0.9553191252750103,0.9603611621753457,0.9740426409655244,0.9669140217304727,0.9770226324734456,0.9740426399765435,0.9820137921105676,0.9875683481863627,0.9770226290445923,0.9770226297136368,0.9770226306335731,0.9724147196718501
0.9525741263175447,0.8175744739711883,0.7310585786300049,0.7549149978955811,0.7981867705385762,0.7549149758396752,0.7772998663336157,0.7549149978955811,0.6791786926816161,0.5621765008857982,0.6513548646660542,0.7057850340255386,0.7057850278370112,0.5926665999540698,0.6513548646660543,0.7981867849406659,0.5926665999540698,0.679178699175393,0.7549149813536518,0.7310585844894971,0.7057850216484838
0.9867771751732696,0.8670357580842941,0.8354835432479661,0.880797071719777,0.867035771827307,0.8807970670261976,0.8354835330070839,0.817574471748733,0.8519527982093666,0.8670357477770336,0.8933094117351309,0.904650527388829,0.8933093996634686,0.9046505376715775,0.9362850084148385,0.9241418173671895,0.8933094159957173,0.8991213853793452,0.9324533088603709,0.9149009503523291,0.9241418189341296
0.9875683486437206,0.7981867729389246,0.8175744828610095,0.8175744695262775,0.7549149813536518,0.7772998508568416,0.7772998663336158,0.7310585903489892,0.7310585786300049,0.7549149813536518,0.7772998560157665,0.7310585844894971,0.817574471748733,0.7981867873410141,0.6791787121629466,0.7310585786300049,0.5926665999540698,0.679178699175393,0.7057850340255386,0.7057850340255386,0.7549149923816048
0.7772998508568416,0.8807970842359877,0.8670357701094303,0.9149009509324104,0.9149009642742805,0.9149009503523291,0.9149009538328171,0.8933094131553265,0.9099070139780661,0.9196425284247979,0.914900963114118,0.9196425372343816,0.9324533093296393,0.9433475802665577,0.9284088045171237,0.9525741271590256,0.9149009474519223,0.9324533097989076,0.9525741266541371,0.9241418158002492,0.9099070121457543
0.9919380081514737,0.9399133456181841,0.9241418252018901,0.9496693681147608,0.9465966653038895,0.9553191263880952,0.9496693702514737,0.9496693627729782,0.9496693674025231,0.9465966668104392,0.9496693679367014,0.9579122740368525,0.9553191287732772,0.9525741301883566,0.9688561720505712,0.9496693665122261,0.9603611583463983,0.9603611640189129,0.9579122722345712,0.9465966681286702,0.9626731090415679
0.9626731157347208,0.7310585669110202,0.6513548646660542,0.5,0.5926665999540697,0.6224593312018546,0.7549149868676283,0.7549149868676284,0.7310585844894971,0.7057850278370112,0.7057850216484838,0.8175744695262775,0.7981867801399695,0.8519527963298947,0.8438951045175643,0.8175744761936438,0.8175744806385543,0.8175744673038221,0.8670357494949105,0.8175744806385543,0.8740772236840656
0.9820137908932915,0.8807970748488297,0.8807970826714614,0.8519527982093666,0.8354835309589074,0.8933094039240554,0.8519527963298947,0.9046505395995927,0.8354835411997897,0.8933094003735664,0.8354835411997897,0.7549149813536518,0.8354835350552603,0.8670357512127872,0.7772998560157665,0.8670357580842941,0.8872045929715078,0.8670357580842941,0.8175744739711883,0.8670357546485407,0.8354835411997897
0.9648551575152327,0.9241418116217418,0.9046505351008906,0.904650541527608,0.924141827813457,0.9241418173671895,0.924141819456443,0.9046505280315008,0.904650527388829,0.9046505312448598,0.9196425234694067,0.8991213671331906,0.8354835452961425,0.880797076413356,0.9324533135530545,0.9324533065140289,0.9324533022906133,0.8933094131553264,0.9196425322789908,0.9241418215456966,0.9324533154301279
0.978384667394918,0.9099069968764882,0.9046505370289059,0.9496693652658101,0.9324533079218341,0.9196425377849806,0.9324533135530546,0.9399133521402868,0.9603611614662815,0.9433475758865687,0.9399133546649715,0.9196425328295899,0.9241418173671895,0.9362850115261095,0.9496693674025232,0.9553191333846284,0.9603611644443515,0.9579122747878032,0.9362850030812306,0.9465966660571643,0.943347580863829
0.8670357701094304,0.880797081106935,0.8933094017937621,0.9046505261034854,0.9046505421702797,0.9241418142333089,0.9241418231126367,0.9433475794701961,0.955319131476483,0.9496693682928202,0.9465966730249561,0.946596671895044,0.9399133458285746,0.9433475717056699,0.9496693720320677,0.9603611634516614,0.9399133473013074,0.9465966702001758,0.9324533036984185,0.9579122726851416,0.9648551496831804
0.9324533051062238,0.8519528057272543,0.7772998508568416,0.798186784940666,0.8807970685907242,0.899121375242593,0.8933094131553264,0.9099069968764883,0.8933094152856196,0.9196425256718027,0.8872045996818986,0.9099070103134426,0.9046505299595162,0.9433475732983932,0.9284088030314952,0.9241418173671894,0.9099070017626537,0.9196425295259959,0.92414182206801,0.9525741313664297,0.9362849995254918
0.7772998663336157,0.7057850340255385,0.7549149868676284,0.7549149868676283,0.7981867849406659,0.8175744806385543,0.8933094167058151,0.7981867753392728,0.8175744828610095,0.9241418147556223,0.8807970811069351,0.9196425273235999,0.9099070005411123,0.8933094124452287,0.8991213786215105,0.8670357615200475,0.9046505318875316,0.9324533046369553,0.9241418257242034,0.9324533121452495,0.9496693624168593
0.9603611584882111,0.9284088050123332,0.7772998663336158,0.8670357494949105,0.8933094067644466,0.9324533032291502,0.7772998663336157,0.8807970889295663,0.9099070097026719,0.909907010924213,0.8933094046341532,0.9046505325302034,0.8933094017937621,0.9433475689184037,0.9324533130837862,0.9465966700118571,0.9284088060027522,0.9465966709534506,0.9284088035267047,0.9465966688819449,0.9284088020410761
0.9867771791104781,0.8933094010836643,0.904650538956921,0.8933094025038598,0.9324533088603709,0.9241418210233832,0.924141826246517,0.9196425262224018,0.8933094067644466,0.8933094025038598,0.9241418189341296,0.9046505254608136,0.9284087970889807,0.9399133479324787,0.8807970795424088,0.8991213833519948,0.9149009538328171,0.9099069999303417,0.9496693650877507,0.9433475748911166,0.9324533065140289
0.8519528019683106,0.3486451285660856,0.2018132150593341,0.2450850021044189,0.2689414272294874,0.2689414272294874,0.34864513533394575,0.32082129433083023,0.3208213138121609,0.26894141551050293,0.34864513533394575,0.34864514210180597,0.320821300824607,0.4073334000459302,0.5621765008857981,0.37754067580180184,0.3775406617944891,0.2942149659744614,0.40733340004593027,0.40733340004593027,0.37754066879814546
0.8519527982093666,0.8175744695262775,0.8807970795424088,0.8670357563664174,0.8670357649558007,0.9149009520925732,0.8519527963298946,0.8991213813246445,0.9196425311777929,0.9324533041676869,0.8933094017937621,0.9324533018213449,0.9465966743431868,0.952574122783325,0.9196425328295899,0.9399133500363828,0.9362850013033612,0.9196425262224018,0.9579122687801985,0.9433475786738345,0.9579122690805788
0.9669140238756562,0.7057850278370112,0.7772998714925403,0.7057850216484838,0.7549149868676283,0.7057850278370112,0.6791786926816161,0.7549149813536518,0.7981867801399695,0.7981867825403177,0.7057850278370112,0.7310585844894971,0.6791786926816161,0.6791786861878392,0.7057850340255385,0.7981867849406659,0.7057850278370112,0.7549149923816048,0.7057850216484838,0.7981867705385762,0.7549149923816048
0.9099070072595894,0.7549149813536518,0.7981867801399695,0.8519527982093666,0.7981867705385763,0.8670357494949105,0.7772998508568416,0.8175744806385543,0.8354835411997897,0.7772998663336157,0.754914975839675,0.8354835350552603,0.8354835289107307,0.8807970873650401,0.9046505370289057,0.8991213833519949,0.8740772400852111,0.8519528019683106,0.8933094103149354,0.9149009555730611,0.8740772335247532
0.9465966666221205,0.2689414096510108,0.29421496597446134,0.24508501864634827,0.24508502416032488,0.26894142136999516,0.22270014398423357,0.24508501313237172,0.29421497216298875,0.43782349911420193,0.22270012850745968,0.4073334000459302,0.40733340004593027,0.2942149783515163,0.4687906266262437,0.32082130082460697,0.32082131381216084,0.43782349911420193,0.4073334000459302,0.5,0.4073334000459302
0.8175744850834648,0.34864513533394575,0.34864514210180597,0.3775406687981454,0.40733340004593027,0.4073334000459302,0.37754066879814546,0.43782349911420193,0.37754066879814546,0.43782349911420193,0.4687906266262437,0.6513548511303336,0.6513548714339145,0.4687906266262437,0.4378234991142019,0.5621765008857981,0.3486451285660856,0.651354857898194,0.43782349911420193,0.5621765008857981,0.5312093733737563
0.9284087965937712,0.7772998611746912,0.7549149868676283,0.7310585844894971,0.8175744828610095,0.7981867801399695,0.7057850154599563,0.7981867825403177,0.8519528038477824,0.8933094145755219,0.8519528057272543,0.8933094074745445,0.8740772236840656,0.8872046034098934,0.8596637487122111,0.8933094124452287,0.8740772286044095,0.9465966683169889,0.9553191325895678,0.9362850097482404,0.9465966747198242
0.9808759632840511,0.8175744828610095,0.8519528057272543,0.9099070115349837,0.9099069974872589,0.9099070035949656,0.8519528076067261,0.8740772302445241,0.8933094096048376,0.8991213840277783,0.9399133443558416,0.8807970842359877,0.8991213853793452,0.9046505421702797,0.9284088025362857,0.9553191279782165,0.9241418189341297,0.9362850124150441,0.9465966728366374,0.9688561684535629,0.9433475794701961
0.946596669446901,0.46879062662624377,0.3775406687981454,0.4378234991142019,0.5,0.4378234991142019,0.5,0.5312093733737563,0.4687906266262437,0.6791787121629466,0.6513548714339145,0.4687906266262437,0.6791787056691698,0.7057850278370112,0.6791786926816161,0.5926665999540697,0.4687906266262437,0.37754066879814546,0.3486451285660856,0.5312093733737563,0.5312093733737563
0.9740426444975988,0.8991213705121083,0.8519527982093666,0.8596637469145053,0.8354835432479661,0.8175744828610095,0.817574471748733,0.8933093982432729,0.8519528038477824,0.7549149813536518,0.8807970826714614,0.8933093954028817,0.8596637469145053,0.9099070017626536,0.9433475770811112,0.9362850039701653,0.9399133481428691,0.9149009619539554,0.9241418163225626,0.936285003525698,0.8991213847035618
0.9808759638780323,0.7549149978955811,0.7772998611746912,0.7772998560157665,0.8519528019683105,0.8519528057272543,0.7549149868676284,0.7772998611746912,0.798186775339273,0.8519528038477824,0.7057850340255386,0.7310585786300049,0.7772998611746911,0.7549149923816048,0.7549149868676283,0.8438950986284991,0.8354835411997897,0.8354835391516132,0.8933094032139577,0.8354835371034368,0.8354835289107307
0.9808759645418936,0.9399133502467731,0.9324533107374444,0.9525741273273217,0.9465966741548681,0.9465966702001758,0.936285003525698,0.9399133504571636,0.9433475808638289,0.9284087941177231,0.9399133460389649,0.9553191247979739,0.9525741239613982,0.957912269230769,0.9669140207770578,0.939913344566232,0.9465966664338018,0.9553191306814225,0.9579122747878032,0.9706877689306563,0.9399133523506772
0.943347580465648,0.8175744806385542,0.7981867849406659,0.7772998714925403,0.7772998663336157,0.8354835330070839,0.7549149868676284,0.8175744828610095,0.7772998560157665,0.8354835452961425,0.7772998560157665,0.798186768138228,0.7772998714925403,0.8175744739711883,0.7981867729389246,0.7772998663336158,0.7549149813536518,0.8175744695262775,0.7772998611746911,0.8175744850834648,0.8354835350552603
0.8354835432479663,0.9046505318875316,0.9046505408849362,0.9046505293168444,0.8807970826714614,0.9324533079218341,0.9399133473013075,0.9149009474519222,0.9525741276639141,0.9241418252018901,0.9465966645506148,0.9324533121452494,0.9525741301883566,0.9603611600481528,0.9579122707326702,0.966914019704466,0.9706877709975739,0.9648551518306787,0.9496693620607404,0.9579122734360921,0.9324533074525657
0.9465966730249561,0.8933094081846421,0.7981867729389246,0.8175744828610095,0.7772998663336158,0.7981867801399695,0.8354835289107307,0.8670357735451834,0.8807970779778824,0.8519528038477824,0.8354835391516133,0.8175744739711884,0.8670357477770336,0.8807970904940926,0.880797076413356,0.8872045922259088,0.8807970873650403,0.8872046049010911,0.8807970889295663,0.8519527944504227,0.9046505312448598
0.7772998560157665,0.5,0.40733340004593027,0.4378234991142019,0.40733340004593027,0.5621765008857981,0.5,0.6224593312018546,0.5621765008857981,0.7057850216484838,0.5926665999540698,0.7310585727705127,0.7310585727705126,0.6224593312018545,0.7310585786300049,0.5312093733737563,0.5,0.5312093733737563,0.4378234991142019,0.7310585727705126,0.651354857898194
0.9149009555730611,0.6224593241981982,0.6791787121629466,0.7057850216484838,0.705785040214066,0.6791787056691697,0.679178699175393,0.679178699175393,0.5926665999540698,0.5,0.7549149813536518,0.7310585903489891,0.6513548646660543,0.7057850340255386,0.7057850278370112,0.7772998611746912,0.6791787121629465,0.6224593312018546,0.7310585844894971,0.679178692681616,0.8354835432479661
0.9830850874766387,0.8807970670261976,0.880797085800514,0.9046505421702797,0.9149009520925732,0.9149009567332237,0.8933094096048377,0.9149009462917594,0.9149009491921664,0.9149009457116781,0.8933094124452287,0.9149009526726544,0.9399133460389649,0.9399133538234099,0.9324533130837862,0.9241418215456966,0.9324533107374444,0.9324533051062237,0.9241418147556224,0.8933093996634686,0.9149009555730612
0.9241418210233833,0.880797068590724,0.8670357615200474,0.9196425344813869,0.9149009642742805,0.9362850026367634,0.9324533032291501,0.9099070042057362,0.899121367808974,0.932453315430128,0.9399133460389649,0.9553191303633982,0.9399133557169235,0.9433475802665577,0.9496693647316318,0.9525741242979905,0.9046505370289059,0.9433475717056697,0.9399133458285746,0.9465966688819449,0.9324533130837862
0.962673111183377,0.9241418158002492,0.9149009509324104,0.9362850119705769,0.9362850101927078,0.946596669446901,0.9284087956033519,0.9465966718950439,0.964855157009939,0.9553191295683376,0.9099069987088003,0.9099070097026719,0.9149009497722477,0.9496693695392361,0.9496693672244637,0.9149009584734676,0.936285006192502,0.943347572302941,0.9324533036984185,0.9433475725020315,0.9362850106371751
0.9706877661217681,0.7549149868676283,0.5926665999540698,0.4378234991142019,0.5926665999540698,0.5926665999540697,0.5312093733737563,0.5621765008857981,0.46879062662624377,0.3775406687981454,0.5312093733737562,0.40733340004593027,0.4378234991142018,0.29421497216298875,0.4073334000459302,0.4687906266262437,0.3486451488696663,0.2942149659744614,0.40733340004593027,0.4073334000459302,0.34864512179822543
0.9284088035267046,0.7549149813536518,0.7981867705385763,0.7549149923816046,0.8670357546485407,0.8807970842359877,0.7981867801399695,0.8175744739711883,0.8354835330070839,0.8519528019683106,0.8519528038477825,0.8991213684847577,0.8175744739711883,0.8519528038477825,0.8933093961129794,0.9149009607937928,0.8740772400852111,0.8175744761936437,0.843895106480586,0.8596637523076225,0.9241418173671895
0.9914225140160562,0.8807970873650401,0.8596637541053281,0.8807970904940926,0.8933093968230773,0.8933094010836643,0.9362849995254918,0.8807970873650403,0.8807970732843033,0.9046505267461572,0.8807970748488297,0.9149009497722477,0.9284088055075428,0.9241418225903234,0.8596637469145054,0.9149009625340366,0.8807970764133561,0.8933094067644466,0.9149009578933863,0.8991213671331905,0.9241418210233833
0.9525741310298373,0.9241418178895029,0.9433475738956645,0.8933093989533708,0.9433475725020315,0.9362850088593059,0.9324533069832973,0.9324533083911025,0.9241418241572634,0.9324533046369553,0.9324533093296393,0.9324533107374444,0.9433475764838399,0.9525741278322102,0.9465966702001757,0.9465966707651319,0.9433475685202228,0.9465966673753953,0.9399133531922388,0.9433475719047602,0.9241418189341297
0.7549149868676283,0.8175744695262775,0.8519528038477824,0.8872045847699186,0.904650530602188,0.9046505286741726,0.9046505299595162,0.9046505434556232,0.9241418257242036,0.9284087926320944,0.9149009462917594,0.9241418278134569,0.9433475736965741,0.9149009555730611,0.9099069987088003,0.9433475746920261,0.939913351719506,0.90990700787036,0.9284088079835903,0.9496693697172954,0.9603611617499072
0.7310585669110203,0.7772998560157665,0.7772998560157665,0.798186768138228,0.7981867849406659,0.8807970748488297,0.817574471748733,0.8519527982093666,0.8807970889295664,0.8872045832787205,0.8670357529306639,0.928408800060238,0.8991213867309121,0.9099070048165069,0.9284087936225136,0.8991213772699435,0.909907012756525,0.9196425339307879,0.8991213786215105,0.9433475778774728,0.9196425339307879
0.9648551528412662,0.6791787121629465,0.7549149923816048,0.8354835411997897,0.7772998611746911,0.7981867705385763,0.6791787056691698,0.7057850340255386,0.679178692681616,0.8354835411997897,0.705785040214066,0.7981867849406659,0.7772998560157665,0.8354835330070839,0.8807970748488297,0.7549149978955811,0.8354835411997897,0.8519527963298946,0.8519528057272543,0.851952809486198,0.7772998611746911
0.9553191313174709,0.9149009544128984,0.9465966749081429,0.9433475798683769,0.9553191267061194,0.9740426413893734,0.9603611600481528,0.9525741232882134,0.9579122737364724,0.9724147179730669,0.9553191344977131,0.9579122753885635,0.9603611570700824,0.9525741301883565,0.9648551552414112,0.9648551547361176,0.9706877702026057,0.9724147176732816,0.9465966696352197,0.9688561683411564,0.9724147178231742
0.9902915245929989,0.9579122740368525,0.9579122704322899,0.9579122744874229,0.968856170701693,0.9706877713685591,0.9783846678282236,0.9770226308426495,0.9755769097239902,0.972414717073711,0.9579122752383734,0.9688561721629776,0.9603611591972755,0.968856168678376,0.9755769103009369,0.9808759625503096,0.9706877711565675,0.962673111451103,0.9740426423783543,0.9859363726597424,0.9859363747130001
0.9830850883748716,0.9196425366837827,0.9553191249569861,0.9579122674284875,0.9648551529675896,0.9465966645506148,0.9046505280315008,0.9284087975841903,0.9465966649272521,0.9465966760380549,0.9362850017478286,0.936285006192502,0.9603611566446437,0.9465966688819449,0.9770226308426495,0.9626731149315425,0.9626731133251859,0.9465966735899121,0.9579122752383733,0.9603611628844101,0.968856168903189
0.9496693681147608,0.7310585903489891,0.7981867729389246,0.7772998714925403,0.7772998508568416,0.8175744739711883,0.7549149978955811,0.8175744695262775,0.6791787056691697,0.7772998714925403,0.7549149923816048,0.7981867825403176,0.8175744739711883,0.6791786861878392,0.8670357701094303,0.8175744806385543,0.798186775339273,0.7981867729389246,0.8354835350552604,0.8175744739711883,0.7310585903489891
0.9875683488037958,0.8933094032139577,0.8670357632379241,0.8807970732843033,0.9099069968764882,0.8670357580842941,0.9046505293168444,0.8807970701552505,0.9284088020410761,0.9324533163686646,0.8991213759183764,0.9196425273235999,0.9241418215456966,0.939913356558485,0.9496693675805826,0.9465966671870766,0.9465966700118571,0.9196425350319858,0.9399133559273138,0.9433475748911166,0.9399133439350608
0.9883127404659978,0.8670357494949105,0.8933093982432729,0.8519528057272544,0.8740772466456689,0.8933094124452288,0.9149009509324104,0.8933094053442511,0.8807970795424087,0.8519528000888386,0.8740772351648677,0.8354835452961425,0.8670357615200474,0.8807970748488297,0.8438951025545426,0.8175744695262775,0.8933094017937621,0.8670357735451835,0.9149009613738741,0.8670357546485408,0.8991213786215105
0.9770226306753884,0.8933094067644466,0.8519528019683105,0.8991213725394589,0.8519528019683106,0.8807970701552505,0.8807970873650401,0.8670357512127872,0.9099070005411124,0.9196425262224018,0.8740772269642949,0.8670357615200474,0.9099070109242131,0.8933094067644466,0.9324533027598817,0.9324533126145178,0.9284087995650284,0.9362850044146327,0.8991213745668094,0.9324533051062238,0.9099070097026719
0.9496693656219289,0.8175744806385543,0.7310585786300049,0.8933094060543488,0.8670357666736772,0.8175744739711883,0.798186775339273,0.8519527982093668,0.8519528000888386,0.7310585669110203,0.8354835371034368,0.8354835371034368,0.8670357460591569,0.7981867681382279,0.8354835391516133,0.8519528000888386,0.867035771827307,0.8807970670261976,0.8175744828610095,0.8519528038477825,0.7981867705385763
0.9399133473013075,0.9241418121440552,0.939913349615602,0.9399133531922388,0.9046505261034854,0.9324533149608596,0.928408800060238,0.9362850084148385,0.9099070048165069,0.9399133437246703,0.9196425245706047,0.9241418225903233,0.9362850070814366,0.9284088074883807,0.9525741273273218,0.9399133540338004,0.9241418210233833,0.9553191278192044,0.9362850070814367,0.9196425350319858,0.9241418158002492
0.9149009549929799,0.6791786926816161,0.5926665999540697,0.7549149923816048,0.7772998560157665,0.8175744761936437,0.7057850216484838,0.8519527963298947,0.8175744739711883,0.8670357494949105,0.8175744761936437,0.8519528076067261,0.7981867705385762,0.8670357460591569,0.8519528000888386,0.7549149868676283,0.8519528076067262,0.7981867777396212,0.8519528019683105,0.8670357494949105,0.7772998508568416
0.9465966692585823,0.3486451285660856,0.20181321745968234,0.2018132150593341,0.18242552380635632,0.3486451488696663,0.4073334000459302,0.3775406687981454,0.40733340004593027,0.4687906266262438,0.46879062662624377,0.5621765008857981,0.32082129433083023,0.5621765008857981,0.40733340004593027,0.4687906266262437,0.2942149721629888,0.6224593241981982,0.5621765008857981,0.6791787056691698,0.6513548714339145
0.9755769121205375,0.851952809486198,0.8354835330070839,0.8872045981907006,0.8807970811069351,0.8933094124452288,0.9046505318875316,0.8670357546485407,0.8933094159957173,0.8807970701552505,0.8807970889295664,0.9046505299595162,0.9433475689184037,0.9399133512987252,0.9496693647316318,0.9496693650877507,0.9579122749379931,0.9433475750902071,0.9324533018213449,0.9433475738956645,0.939913352771458
0.8354835350552604,0.8519527963298947,0.8933094081846421,0.9149009503523291,0.8933094138654241,0.9149009468718409,0.904650530602188,0.9525741268224333,0.9433475719047603,0.9496693711417706,0.9525741248028792,0.9525741216052517,0.9525741221101403,0.9553191309994468,0.9626731168056251,0.9603611624589715,0.9553191252750103,0.9496693665122261,0.9525741241296944,0.9496693711417707,0.9496693725662458
0.9433475734974837,0.7310585903489892,0.5926665999540698,0.5,0.6791787056691698,0.6224593312018546,0.5621765008857982,0.5312093733737563,0.6224593312018546,0.5312093733737563,0.6513548646660542,0.731058584489497,0.5926665999540698,0.6513548646660543,0.7057850402140659,0.6791786926816161,0.6224593241981982,0.7057850340255386,0.6224593312018546,0.651354857898194,0.679178692681616
0.928408795603352,0.8872045840243196,0.8519528000888386,0.909906997487259,0.9241418231126368,0.9196425273236,0.9433475701129463,0.8872045840243196,0.9324533060447606,0.8991213705121082,0.9284088030314953,0.9196425223682086,0.9324533144915912,0.9465966749081429,0.9579122755387536,0.9626731134590489,0.9324533055754921,0.9324533140223229,0.8872045862611166,0.9399133473013075,0.9553191324305557
0.9465966660571643,0.8175744739711883,0.7057850340255386,0.7981867801399695,0.7981867849406659,0.8670357666736772,0.7981867705385762,0.8933093954028816,0.9046505338155469,0.817574471748733,0.8175744828610095,0.8354835309589073,0.8354835330070838,0.9149009468718409,0.8933093982432729,0.9046505351008906,0.9046505447409665,0.8354835330070839,0.8670357477770336,0.9241418225903233,0.9046505395995927
0.9525741222784364,0.6791786926816161,0.6513548782017745,0.6791787056691697,0.7772998560157665,0.6513548714339144,0.6791787121629465,0.5926665999540698,0.7057850278370112,0.4687906266262437,0.6791787056691698,0.679178686187839,0.5621765008857981,0.46879062662624377,0.5621765008857981,0.43782349911420193,0.5,0.6224593241981982,0.5312093733737563,0.5926665999540698,0.5621765008857981
0.957912271934191,0.899121377945727,0.7981867873410141,0.7310585903489891,0.8267117962054048,0.7549149758396752,0.6791786926816161,0.731058584489497,0.7057850340255386,0.7772998560157665,0.7310585669110203,0.7310585786300049,0.7057850402140659,0.5926665999540697,0.6513548646660542,0.7057850216484838,0.6513548511303338,0.705785040214066,0.6513548646660542,0.7662936484231889,0.7879311981328135
0.943347575090207,0.9046505447409665,0.8807970764133561,0.8670357683915538,0.9046505286741726,0.8519528038477824,0.8933094010836643,0.8519528019683105,0.8670357649558006,0.8670357649558006,0.8519527963298946,0.9241418173671895,0.9465966703884945,0.932453306514029,0.9324533112067127,0.9046505331728751,0.9149009480320036,0.9149009584734676,0.928408799069819,0.9324533093296393,0.9099070145888366
0.7772998714925403,0.9241418116217418,0.9046505447409665,0.9241418246795768,0.919642527874199,0.9284087995650284,0.9099070078703599,0.9496693666902855,0.9648551571362624,0.936285006192502,0.9525741308615412,0.9603611584882112,0.9669140206578809,0.9648551551150878,0.9669140243523636,0.9648551511990616,0.9626731146638163,0.9465966709534505,0.9603611614662815,0.9626731154669946,0.9626731157347208
0.9603611613244686,0.8175744828610095,0.7549149868676283,0.8354835309589074,0.8670357580842941,0.8267117876664789,0.7772998508568416,0.8175744806385542,0.8438951005915208,0.8872045832787204,0.87407724336544,0.8807970889295663,0.8872046019186954,0.9046505299595162,0.8872045862611166,0.9149009515124917,0.880797071719777,0.9149009619539554,0.9399133485636499,0.9241418194564431,0.904650530602188
0.9525741268224333,0.8354835289107309,0.7549149923816048,0.7981867825403177,0.8807970842359877,0.8175744850834648,0.8670357718273068,0.7981867777396212,0.8354835432479661,0.7981867849406659,0.7310585727705127,0.7549149978955811,0.7772998611746912,0.867035752930664,0.8519528057272543,0.8354835432479661,0.8670357718273068,0.8670357529306639,0.8354835432479661,0.8670357563664174,0.8519528076067262
0.9362850110816422,0.9099070090919013,0.9046505293168444,0.9196425273235999,0.8933094159957173,0.919642532278991,0.92414182206801,0.9553191302043862,0.9433475689184037,0.9465966758497363,0.9553191287732771,0.9465966698235384,0.9465966694469009,0.9553191281372285,0.9706877673407196,0.9626731121204183,0.9626731134590489,0.9579122690805788,0.9553191305224105,0.95257412564436,0.9706877696196289
0.9968273164999505,0.9433475717056697,0.9324533036984185,0.9399133552961427,0.9399133525610677,0.9433475754883879,0.9284088035267047,0.9399133433038894,0.899121375242593,0.952574122783325,0.949669363129097,0.9433475687193132,0.932453310268176,0.9284087965937711,0.966914024948248,0.9724147208709913,0.9626731103801985,0.9724147155747844,0.9706877711035696,0.9688561716009451,0.9496693698953548
0.9724147153749275,0.5621765008857981,0.5926665999540697,0.7057850216484838,0.731058584489497,0.817574471748733,0.5926665999540698,0.6513548646660543,0.679178692681616,0.8438951005915208,0.7057850216484838,0.7057850154599563,0.7549149923816048,0.8519527963298947,0.8519527963298947,0.8670357598021708,0.8175744695262777,0.7549149813536518,0.7981867849406659,0.6513548646660543,0.7772998611746911
0.7310585786300048,0.7981867729389246,0.7981867777396212,0.8175744761936437,0.7549149868676283,0.6791787056691698,0.7772998508568416,0.817574478416099,0.8175744806385543,0.7310585903489891,0.7772998714925403,0.817574478416099,0.7549149868676283,0.7981867753392728,0.7981867849406659,0.7057850216484838,0.7057850340255386,0.7310585903489892,0.7057850216484838,0.8670357512127872,0.817574471748733
0.9603611601899656,0.8933094124452287,0.9465966673753953,0.9196425295259959,0.9324533140223229,0.9241418241572634,0.904650533815547,0.9284088069931713,0.9433475762847495,0.9324533055754921,0.9284087951081423,0.9196425273235999,0.9465966645506148,0.9399133534026293,0.9433475776783824,0.8933094152856197,0.9196425344813868,0.9149009486120849,0.904650536386234,0.9196425256718027,0.9149009567332237
0.7772998560157665,0.7310585727705126,0.7057850216484838,0.679178699175393,0.7549149868676284,0.7772998560157665,0.8175744806385543,0.9149009480320036,0.8519528019683105,0.8596637469145053,0.8670357512127872,0.8991213772699435,0.8807970889295664,0.9324533112067128,0.9099070097026719,0.8991213799730775,0.9149009526726545,0.9324533036984185,0.9465966660571644,0.9324533121452495,0.9362850101927077
0.9840936091045726,0.9399133439350608,0.9525741300200604,0.9648551565046454,0.9669140206578809,0.9648551514517085,0.9579122735862822,0.9525741274956179,0.9648551528412662,0.9648551551150878,0.9669140250674249,0.9688561705892865,0.9553191297273498,0.9724147201714923,0.9755769122092984,0.9808759613274071,0.968856168678376,0.979667646731545,0.974042643367335,0.9740426428022031,0.9783846677494409
0.9525741224467326,0.9284087941177231,0.9196425267730008,0.9046505267461572,0.9399133456181842,0.932453315430128,0.9399133489844308,0.9465966698235384,0.9465966709534505,0.9465966645506148,0.9688561673294978,0.9496693645535723,0.9579122750881833,0.962673109443157,0.9724147179730669,0.9724147158745697,0.9648551547361175,0.9362850110816423,0.9496693727443052,0.936285000858894,0.9724147193221007
0.9706877668107408,0.8354835411997897,0.8670357701094303,0.8670357580842941,0.8807970826714614,0.9046505293168444,0.9324533083911025,0.9324533079218341,0.9241418241572634,0.914900959053549,0.9099070103134426,0.8933094025038598,0.9465966762263736,0.9496693698953548,0.9553191284552529,0.9783846666464809,0.9669140191085817,0.9496693656219289,0.9284087936225136,0.9525741261492485,0.9648551533465599
0.9196425234694067,0.6791787056691698,0.6224593241981982,0.7057850278370112,0.7057850278370112,0.7310585727705126,0.8080672135527632,0.7549149978955811,0.7310585844894971,0.8740772351648677,0.8872045937171068,0.7772998611746912,0.8438951064805861,0.8670357683915538,0.8807970779778824,0.9046505331728751,0.843895106480586,0.8872045862611166,0.8933094145755219,0.8991213732152424,0.899121388082479
0.9770226309262801,0.7772998611746911,0.7549149978955811,0.7057850340255385,0.7549149868676283,0.7772998611746911,0.7310585727705127,0.7549149813536518,0.7310585669110203,0.7772998714925403,0.6791787056691698,0.679178699175393,0.5621765008857981,0.5621765008857981,0.5926665999540698,0.5621765008857981,0.6513548511303338,0.7057850340255386,0.6224593312018546,0.6791786926816161,0.679178699175393
0.9362849986365572,0.7772998714925403,0.7310585669110202,0.7981867705385762,0.7549149868676284,0.8519527944504227,0.8354835391516133,0.8354835350552604,0.679178699175393,0.7772998714925403,0.7772998714925403,0.7549149923816048,0.7549149758396752,0.7772998508568416,0.8519528038477825,0.8175744695262775,0.8519528057272543,0.8519528076067262,0.8519527944504227,0.8175744673038221,0.867035758084294
0.9046505440982948,0.7310585786300049,0.5926665999540698,0.7057850154599562,0.8175744695262775,0.8354835432479661,0.8354835411997897,0.7879311956428946,0.817574471748733,0.8596637577007394,0.8438951064805861,0.8354835432479661,0.8740772482857833,0.8933093975331751,0.8807970858005139,0.8354835289107307,0.8872045840243195,0.899121367808974,0.9241418178895028,0.8991213671331906,0.9046505318875316
0.977022632097108,0.8872045892435129,0.8354835452961425,0.8740772466456689,0.8807970873650401,0.8670357701094303,0.8807970764133561,0.9149009584734676,0.8670357735451835,0.8807970701552504,0.8354835309589074,0.8807970764133561,0.9046505331728751,0.8670357598021707,0.9046505402422645,0.8670357529306639,0.9046505428129514,0.867035752930664,0.8519528057272543,0.8872045825331214,0.8872045922259089
0.9465966749081429,0.6513548782017745,0.5621765008857981,0.46879062662624377,0.5312093733737562,0.5312093733737563,0.5621765008857981,0.6224593382055109,0.4378234991142019,0.5,0.4687906266262437,0.4073334000459302,0.7057850216484838,0.5926665999540698,0.7549149868676283,0.5926665999540698,0.5621765008857982,0.6224593312018546,0.5621765008857981,0.679178692681616,0.7549149923816048
0.9496693656219289,0.34864514210180597,0.32082129433083023,0.43782349911420193,0.46879062662624377,0.5621765008857982,0.5312093733737563,0.5621765008857981,0.5312093733737562,0.4687906266262437,0.4687906266262437,0.4073334000459302,0.5312093733737563,0.5926665999540698,0.679178692681616,0.6224593312018546,0.6513548714339145,0.6224593312018546,0.5,0.7057850278370111,0.46879062662624377
0.9648551511990616,0.6513548578981939,0.5,0.5926665999540698,0.731058584489497,0.7981867825403176,0.7772998611746911,0.8354835309589073,0.731058584489497,0.8740772335247532,0.8080672112416736,0.817574478416099,0.8175744695262775,0.7981867681382279,0.8267117876664789,0.880797071719777,0.7772998611746912,0.8267117962054049,0.8438951025545426,0.8354835452961425,0.8933094017937621
0.9770226280410254,0.9241418215456967,0.9399133483532595,0.9399133512987252,0.9324533018213449,0.9603611637352872,0.9465966690702635,0.9465966679403514,0.9433475754883879,0.9496693688269985,0.9496693629510377,0.9525741259809524,0.9496693654438695,0.9465966656805269,0.946596667563714,0.9579122674284875,0.957912269380959,0.9399133468805266,0.9465966651155708,0.9706877722165252,0.9579122708828602
0.9919380086281318,0.9496693718540082,0.9525741311981335,0.9603611606154042,0.9626731129235967,0.9149009607937929,0.9046505248181417,0.919642532278991,0.9362850053035674,0.9284088045171237,0.9046505434556232,0.9196425278741989,0.9241418210233833,0.9046505421702797,0.9362850030812307,0.9324533140223228,0.9433475768820208,0.952574129515172,0.8933094017937621,0.9241418199787564,0.9324533027598817
0.9875683494783986,0.9284087946129328,0.9362850115261095,0.9553191279782165,0.9362850013033613,0.9496693629510375,0.9465966730249561,0.9465966752847803,0.9626731133251858,0.9553191322715435,0.9525741271590256,0.932453310268176,0.9553191338616647,0.9603611566446438,0.9525741293468758,0.9688561689031889,0.9755769100790342,0.9796676449506523,0.9648551534728833,0.975576908481336,0.9830850849058338
0.8670357563664174,0.8670357563664174,0.8933094110250331,0.8670357666736772,0.8807970748488297,0.8670357649558006,0.9046505402422645,0.9149009462917594,0.9324533144915912,0.9046505453836382,0.8933094088947399,0.9149009486120849,0.9324533126145178,0.9324533154301279,0.9149009549929797,0.9603611579209597,0.9465966664338018,0.9324533163686646,0.9465966709534506,0.9553191286142649,0.9603611569282695
0.9196425229188077,0.7981867705385762,0.679178692681616,0.731058584489497,0.7549149813536518,0.8519528076067262,0.8175744695262775,0.8519527982093666,0.679178699175393,0.8175744761936437,0.8807970889295664,0.8670357718273068,0.8670357529306639,0.8670357666736772,0.8080672181749422,0.9046505299595162,0.8807970670261976,0.8872045825331214,0.8670357477770337,0.8872045914803097,0.8740772335247532
0.8354835309589074,0.8354835391516133,0.8519528057272543,0.8175744695262777,0.8354835289107307,0.8354835289107307,0.8807970732843033,0.8670357666736773,0.8519527944504227,0.8175744806385543,0.8175744739711883,0.8354835391516133,0.8807970795424088,0.9046505318875316,0.880797081106935,0.9196425256718028,0.8519528019683106,0.8991213867309121,0.8354835350552603,0.899121379297294,0.8807970701552505
0.9399133473013075,0.6513548782017745,0.5,0.5926665999540697,0.6791786926816161,0.7772998714925403,0.7310585727705127,0.7772998560157665,0.7981867777396211,0.8175744695262775,0.8438951045175643,0.7772998611746912,0.8596637541053281,0.8872045929715078,0.8519527982093666,0.8740772253241803,0.8175744806385542,0.8807970779778824,0.8670357701094303,0.9149009596336302,0.9324533158993963
0.8175744739711883,0.8670357494949105,0.8175744850834648,0.7549149758396752,0.8807970826714614,0.8933094167058151,0.8933094110250331,0.8933094010836642,0.8519528076067262,0.9046505267461572,0.9196425306271939,0.9362850066369693,0.9399133563480947,0.9433475723029411,0.9362850110816423,0.9046505338155469,0.9284088045171238,0.9433475768820208,0.9525741291785795,0.9603611634516616,0.9603611635934743
0.9820137882284439,0.8991213732152424,0.8354835452961425,0.8670357701094303,0.8354835330070838,0.867035763237924,0.7981867801399695,0.8519528076067262,0.8438950986284991,0.8267118004748677,0.8354835371034368,0.8438951025545426,0.8740772384450968,0.8267117962054048,0.8740772286044095,0.8519527963298947,0.8354835371034368,0.8991213684847577,0.8872045989362997,0.8872045899891118,0.8933093996634686
0.9896718465382647,0.8175744739711883,0.8354835309589073,0.8175744739711883,0.817574478416099,0.7310585669110202,0.7981867705385762,0.7772998611746912,0.7981867801399695,0.7549149868676283,0.7057850216484838,0.8267117898012105,0.7310585727705126,0.8991213860551287,0.8354835411997897,0.8872045825331215,0.8872046041554922,0.9046505383142494,0.9046505299595163,0.8740772302445241,0.9046505261034854
0.9669140179168129,0.7057850402140659,0.7549149813536518,0.7310585727705127,0.7981867777396212,0.8175744828610095,0.7981867705385762,0.7772998611746911,0.7772998560157665,0.7772998663336158,0.731058584489497,0.7549149813536518,0.817574471748733,0.7981867849406659,0.7549149813536518,0.7772998560157665,0.7549149868676283,0.7310585727705127,0.7549149868676283,0.8175744828610095,0.7549149868676283
0.7310585727705127,0.8872045974451016,0.8933094081846422,0.8807970842359877,0.9046505344582187,0.9284088060027523,0.9465966668104392,0.9196425229188077,0.932453304167687,0.9284088025362857,0.9241418278134569,0.9433475719047603,0.9362850115261095,0.9525741216052516,0.9688561658682131,0.9433475717056697,0.9626731110495138,0.9399133485636499,0.909906997487259,0.9626731111833768,0.9399133548753619
0.9796676461008123,0.9399133548753619,0.9496693691831172,0.9669140224455339,0.9626731105140616,0.9688561663178391,0.9399133502467731,0.9525741246345829,0.9648551547361176,0.9603611596227142,0.9669140225647108,0.960361162033533,0.9740426458162397,0.9648551572625859,0.9648551506937679,0.964855152209649,0.966914021492119,0.968856166093026,0.9688561678915304,0.9688561723877905,0.9796676475848896
0.9706877668107408,0.9399133519298964,0.904650538956921,0.9149009596336303,0.9496693659780477,0.9525741254760638,0.9324533107374444,0.9324533116759811,0.9241418257242034,0.904650536386234,0.9399133508779445,0.9399133447766224,0.9496693727443052,0.9362850088593059,0.914900963114118,0.9399133531922388,0.9324533022906133,0.9399133565584851,0.9324533112067127,0.9465966679403515,0.9399133557169235
0.8354835350552603,0.7057850340255386,0.651354857898194,0.7057850216484838,0.679178699175393,0.5926665999540698,0.8175744673038222,0.7981867873410141,0.817574478416099,0.8596637559030338,0.8872045944627058,0.8872045832787205,0.9046505286741726,0.8740772368049822,0.899121379297294,0.9099070133672955,0.8175744806385543,0.8438950966654774,0.8991213853793453,0.9196425366837827,0.9149009486120849
0.9648551575152327,0.880797068590724,0.9149009578933863,0.9046505421702797,0.9324533055754921,0.9241418231126367,0.9149009607937928,0.9241418152779358,0.8807970826714614,0.867035771827307,0.9149009468718409,0.9324533149608596,0.8991213711878917,0.8519528019683106,0.9099070035949656,0.9241418189341296,0.8933093996634686,0.9241418163225626,0.9362850115261095,0.9196425377849806,0.9149009486120849
0.9099070115349838,0.8175744828610095,0.7772998663336157,0.8670357477770336,0.8933093989533708,0.8519527944504227,0.8670357494949105,0.8519528019683106,0.8670357546485407,0.9099070042057362,0.9241418257242034,0.9046505261034853,0.8991213711878918,0.9241418168448761,0.9196425361331837,0.9099070072595894,0.9362850110816423,0.9196425251212038,0.9399133456181841,0.9433475786738345,0.9324533097989076
0.9770226297136368,0.8670357477770336,0.8519527963298947,0.8670357735451835,0.9196425300765949,0.9099070103134425,0.9046505440982949,0.9046505357435622,0.9149009625340367,0.9284087941177233,0.9046505267461572,0.9284087941177233,0.9399133521402868,0.914900959053549,0.9324533135530545,0.9149009584734678,0.9284088005554475,0.9284088040219142,0.9284087960985615,0.9324533069832973,0.9362850079703713
0.7310585786300049,0.7549149813536518,0.8175744739711883,0.7772998560157665,0.8354835371034368,0.8175744828610095,0.8519527982093666,0.8670357477770336,0.880797076413356,0.8807970826714614,0.8519528076067262,0.7981867849406659,0.8354835432479661,0.8354835391516133,0.9284088035267047,0.9046505331728751,0.9099070115349838,0.8807970795424088,0.8807970811069351,0.8933093946927838,0.914900952092573
0.9603611580627726,0.7310585727705126,0.7310585727705126,0.7549149868676283,0.851952809486198,0.7772998663336157,0.7981867753392728,0.8175744828610095,0.8670357615200474,0.8807970701552505,0.8519527982093666,0.8991213711878918,0.8670357563664174,0.8807970873650401,0.8933093946927838,0.9399133510883348,0.8933094152856197,0.8596637433190938,0.9099069993195711,0.955319128614265,0.9241418158002492
0.936285002192296,0.7981867729389246,0.798186787341014,0.7549149813536518,0.8175744695262775,0.6513548511303338,0.7057850340255386,0.817574478416099,0.817574478416099,0.7549149978955811,0.7310585669110203,0.7549149868676284,0.731058584489497,0.7549149978955811,0.7772998560157665,0.7057850340255386,0.7981867705385762,0.7772998508568416,0.7310585727705127,0.7981867705385762,0.7057850340255386
0.9840936082007152,0.9149009526726544,0.914900963114118,0.8670357649558007,0.914900959053549,0.8933093975331751,0.9046505248181418,0.9149009619539553,0.9284087931273041,0.9149009497722477,0.8807970889295664,0.8933094081846421,0.9362850017478287,0.8872045937171068,0.9149009532527358,0.8933094081846421,0.9284088055075428,0.9362850101927077,0.8807970811069351,0.9241418121440552,0.9324533032291502
0.9850429108409251,0.914900957313305,0.9324533027598817,0.9149009584734676,0.9241418126663687,0.9399133536130196,0.9399133521402868,0.9399133519298964,0.8807970779778824,0.92414182206801,0.8519528057272544,0.9149009515124917,0.8519528019683106,0.8933094103149354,0.9324533079218341,0.9241418225903234,0.9324533144915913,0.893309411735131,0.9241418246795768,0.9149009567332238,0.9046505248181418
0.7310585727705126,0.4378234991142019,0.34864513533394575,0.5312093733737563,0.37754066879814546,0.5,0.5312093733737563,0.6224593312018546,0.6513548646660543,0.5621765008857982,0.817574478416099,0.5312093733737563,0.6791787056691698,0.5312093733737563,0.6791786861878392,0.5,0.5621765008857981,0.7185944046238981,0.5926665999540698,0.5312093733737563,0.5621765008857981
0.7057850278370112,0.34864512856608554,0.26894141551050293,0.22270014398423355,0.24508500761839525,0.34864513533394575,0.5312093733737563,0.40733340004593027,0.3775406687981454,0.3208213073183839,0.34864513533394575,0.348645142101806,0.3775406617944891,0.5,0.5312093733737563,0.5312093733737563,0.4073334000459302,0.3775406687981454,0.37754066879814546,0.4378234991142019,0.3775406617944891
0.9579122740368525,0.7549149813536518,0.7549149868676283,0.8670357512127872,0.8670357460591569,0.8519527982093666,0.8670357563664174,0.7772998714925403,0.8519528076067261,0.8807970826714614,0.8519528057272543,0.8519528076067262,0.8933093975331752,0.8670357649558007,0.8933093975331751,0.9046505351008904,0.8933094152856196,0.8354835452961425,0.8933094124452287,0.8807970811069351,0.8354835330070838
0.9603611610408428,0.5621765008857981,0.5312093733737563,0.46879062662624377,0.5312093733737563,0.5,0.6224593312018545,0.7057850154599562,0.6224593382055109,0.731058584489497,0.6791787121629466,0.7057850278370112,0.6513548782017745,0.6513548646660543,0.6791786861878392,0.7057850402140659,0.7549149758396752,0.7772998560157665,0.8267118004748677,0.7772998611746912,0.7981867873410141
0.9947798751745471,0.9626731153331316,0.9496693672244637,0.9626731121204184,0.9553191295683378,0.9648551520833256,0.9706877697256246,0.9525741268224333,0.9433475770811112,0.9553191284552529,0.9579122684798184,0.9399133529818484,0.9196425311777929,0.9465966671870766,0.9706877676057091,0.9648551528412662,0.9433475721038506,0.9579122740368526,0.9603611583463983,0.972414718023031,0.9626731150654055
0.7057850154599563,0.9241418205010699,0.9149009526726545,0.8933094131553264,0.9241418241572634,0.9284088040219142,0.936285003525698,0.9196425262224018,0.9046505402422645,0.9399133563480947,0.9241418205010699,0.9648551556203815,0.9553191290913013,0.9553191314764831,0.974042644968542,0.9433475740947549,0.9465966718950439,0.9525741273273217,0.9465966730249561,0.966914023160595,0.943347578474744
0.8670357563664174,0.9149009561531425,0.9362850026367634,0.9433475701129463,0.9149009636941993,0.9241418272911436,0.9149009538328171,0.9324533140223229,0.9149009503523291,0.9324533060447606,0.9324533074525657,0.9399133473013074,0.9669140194661122,0.9525741234565097,0.9525741249711752,0.9688561667674652,0.9579122729855218,0.957912274787803,0.94659667246,0.9496693652658101,0.9626731143960903
0.9603611604735913,0.8354835371034368,0.817574471748733,0.7981867801399695,0.8354835309589074,0.8354835391516133,0.8354835330070839,0.851952809486198,0.7772998508568416,0.7549149978955811,0.7772998560157665,0.7981867705385762,0.8175744695262775,0.817574478416099,0.6224593312018546,0.7772998663336157,0.8354835411997897,0.8354835289107307,0.8175744695262777,0.8670357666736772,0.8175744695262775
0.9553191327485799,0.651354857898194,0.6224593312018546,0.5926665999540697,0.46879062662624377,0.6791786926816161,0.7549149978955811,0.7057850278370111,0.7879312056025699,0.7310585786300049,0.7549149923816048,0.7549149758396752,0.7662936484231889,0.7772998611746911,0.7310585786300049,0.6513548511303336,0.7310585844894971,0.679178692681616,0.8267117898012104,0.8175744739711883,0.880797076413356
0.9883127418214298,0.8933093954028817,0.9324533032291501,0.8933094096048377,0.9324533149608596,0.9399133550857524,0.9196425388861785,0.9324533083911025,0.9149009509324104,0.9324533079218341,0.9324533032291502,0.9362850101927077,0.9324533013520765,0.943347578474744,0.9046505267461572,0.9149009549929799,0.9046505376715774,0.9241418236349501,0.9496693668683449,0.9324533051062238,0.8991213705121083
0.9783846666464809,0.7772998714925402,0.7981867825403177,0.8175744739711883,0.8807970748488297,0.8354835391516132,0.7772998611746911,0.8519528076067261,0.8354835432479661,0.8519528076067262,0.8519528019683105,0.7879312006227323,0.8354835350552604,0.8991213765941599,0.8596637433190939,0.9196425388861785,0.8267117919359419,0.8807970732843033,0.9046505261034854,0.8991213826762113,0.9046505453836383
0.9284088069931713,0.20181322946142374,0.1480471961522176,0.16451646904109268,0.18242552602881168,0.16451646904109268,0.18242552602881168,0.20181321745968234,0.14804719803168948,0.1480472055495773,0.2450850131323717,0.14804719803168945,0.16451646494473962,0.24508501864634824,0.20181321745968234,0.22270014398423355,0.14804720179063333,0.20181323186177208,0.29421497216298875,0.24508501313237172,0.10669060104662924
0.8354835432479661,0.8933094103149355,0.8807970826714614,0.9241418205010699,0.9465966713300878,0.9465966709534506,0.9525741214369554,0.9465966705768132,0.9241418158002492,0.9399133470909171,0.9399133523506773,0.9706877666517472,0.9706877704145971,0.9783846653465639,0.9669140250674249,0.9603611604735914,0.9755769095020878,0.9688561668798717,0.9740426413893735,0.9626731165378991,0.9669140191085817
0.9783846671585695,0.8670357563664175,0.8519528057272544,0.8354835371034368,0.8872045892435128,0.8991213671331906,0.8670357615200474,0.8933094152856197,0.8519528076067262,0.8354835350552604,0.7772998663336158,0.8519527982093666,0.9099069974872589,0.8354835432479661,0.7310585786300049,0.7981867777396212,0.8670357512127872,0.8354835391516133,0.8807970842359877,0.867035771827307,0.8991213820004279
0.8175744739711884,0.22270013366638422,0.16451646289656316,0.18242551713899047,0.11920292045759122,0.20181321986003056,0.18242552825126704,0.20181321986003056,0.1480471961522176,0.18242551491653522,0.22270012850745968,0.1329642316084462,0.14804720367010532,0.1259227631950178,0.16451645880021026,0.16451646904109268,0.2018132126589859,0.2689414213699951,0.24508502416032488,0.16451646699291614,0.2450850021044189
0.994779873537479,0.8807970889295663,0.9149009526726545,0.8933094067644466,0.899121379297294,0.9149009613738741,0.8519528057272543,0.8175744828610095,0.9046505344582187,0.8807970889295663,0.8933094159957174,0.880797071719777,0.9046505383142492,0.9399133550857524,0.9099069987088003,0.9362850075259039,0.9465966688819449,0.9362850079703713,0.8991213684847577,0.9241418189341296,0.9241418173671895
0.980875962235849,0.880797071719777,0.880797068590724,0.8933094167058151,0.8933094060543488,0.9149009503523291,0.9046505383142492,0.8670357598021707,0.9046505383142494,0.9241418236349501,0.8933094039240554,0.8519527982093666,0.9046505261034854,0.9324533116759811,0.8807970748488297,0.9149009613738742,0.9149009555730612,0.9241418199787564,0.9149009636941993,0.9046505325302034,0.8807970701552505
0.7981867729389246,0.6791787056691698,0.34864513533394575,0.5926665999540698,0.6513548511303336,0.7310585669110202,0.7057850154599562,0.731058584489497,0.731058584489497,0.8354835330070839,0.8519528057272543,0.798186775339273,0.8596637523076225,0.7772998611746912,0.6791786861878392,0.7772998508568416,0.679178692681616,0.7981867705385762,0.8354835330070839,0.8519528038477824,0.817574471748733
0.9740426435557124,0.8670357615200474,0.8519528076067261,0.8670357683915537,0.8933094159957173,0.8933094145755219,0.8807970670261976,0.8933093996634686,0.8933094025038598,0.8670357563664174,0.9149009491921662,0.9241418267688303,0.9149009520925732,0.9149009596336303,0.9324533088603709,0.904650536386234,0.9241418147556224,0.9149009532527358,0.8933093975331751,0.8933094025038599,0.8933094017937621
0.9740426446388817,0.9241418257242036,0.9284087931273041,0.9362850075259039,0.9465966668104392,0.9362850057480346,0.9579122714836207,0.9465966754730989,0.9046505331728751,0.9241418241572635,0.9433475786738345,0.9399133449870128,0.939913344566232,0.9324533069832974,0.9603611570700824,0.9496693690050578,0.9626731098447462,0.9433475734974835,0.9399133443558416,0.936285003525698,0.9496693625949187
0.8354835391516133,0.7057850340255386,0.43782349911420193,0.6224593312018546,0.6513548511303338,0.6791786861878392,0.6224593312018546,0.5621765008857981,0.7549149923816048,0.7310585903489892,0.7057850216484838,0.7549149923816048,0.7057850278370112,0.7057850154599562,0.7057850216484838,0.6791787121629466,0.7310585903489891,0.651354857898194,0.7057850216484838,0.8354835371034368,0.7772998508568416
0.992878571349749,0.9284088060027523,0.9241418246795768,0.9399133555065331,0.9525741303566527,0.9724147160744265,0.9465966692585823,0.9603611638771001,0.9525741226150287,0.9579122750881832,0.9626731111833768,0.9688561658682131,0.966914021492119,0.9324533069832974,0.9770226276646877,0.9669140236373025,0.9669140201811735,0.9808759627948902,0.9740426422841656,0.9688561723877906,0.96885617047688
0.9840936095127663,0.8933094145755219,0.8991213691605412,0.92414182206801,0.9553191265471073,0.9433475740947549,0.8596637469145053,0.9399133477220882,0.9149009549929797,0.9496693665122261,0.9496693665122261,0.9046505293168444,0.9433475740947549,0.9553191276601922,0.9525741226150287,0.9553191327485799,0.9525741288419872,0.9579122761395139,0.9525741236248059,0.9496693647316318,0.9324533051062238
0.679178699175393,0.7057850216484838,0.651354857898194,0.6513548646660542,0.679178699175393,0.7549149813536518,0.7981867705385762,0.7310585786300049,0.8807970748488297,0.8175744695262775,0.7549149813536518,0.7981867729389246,0.7549149923816048,0.8519527963298947,0.8354835289107307,0.8354835411997897,0.8175744739711883,0.7772998663336158,0.7549149978955811,0.7772998560157665,0.8175744695262775
0.9525741264858408,0.8354835411997897,0.8807970858005139,0.8670357512127872,0.8807970795424088,0.8933093954028817,0.9046505434556232,0.8807970732843033,0.851952809486198,0.8670357649558007,0.9046505267461573,0.8933094159957174,0.8670357735451834,0.8807970795424088,0.9046505408849362,0.8354835309589074,0.9046505383142492,0.9149009555730611,0.8670357494949105,0.8933093989533707,0.8175744739711883
0.9553191302043861,0.8933093975331751,0.9241418189341296,0.9241418121440552,0.9046505254608136,0.9241418168448761,0.9149009538328171,0.9046505286741726,0.9149009491921662,0.9399133468805266,0.9149009515124917,0.9149009515124917,0.9579122720843811,0.9626731147976795,0.9399133512987252,0.9525741224467326,0.9553191281372286,0.9525741305249489,0.9496693652658101,0.9553191348157373,0.9553191294093256
0.964855153093913,0.7549149758396752,0.5621765008857981,0.5926665999540697,0.5312093733737562,0.6513548782017745,0.5926665999540698,0.7310585669110202,0.5312093733737562,0.7549149813536518,0.7981867825403177,0.8175744761936437,0.7549149868676283,0.7549149868676283,0.7549149923816048,0.679178699175393,0.7057850216484838,0.7549149923816048,0.7310585903489892,0.8740772335247532,0.7310585727705126
0.8175744828610095,0.7310585727705126,0.7772998560157665,0.7772998663336158,0.7772998663336157,0.7772998663336158,0.8519528000888386,0.8175744695262775,0.8519527963298947,0.7057850340255387,0.8519528038477825,0.8175744828610095,0.817574471748733,0.8519528038477824,0.8933094138654242,0.9241418199787564,0.904650538956921,0.8933094053442511,0.8933094167058151,0.8872045840243196,0.8933094017937621
0.9626731086399787,0.8670357666736772,0.8933093961129794,0.8807970732843033,0.9362850088593058,0.9099070017626537,0.9196425383355795,0.9046505383142492,0.9284087941177231,0.9241418173671895,0.9553191324305557,0.9324533126145178,0.9362849995254918,0.9324533088603709,0.9324533013520765,0.9362850079703712,0.9433475746920261,0.9465966722716813,0.9553191306814225,0.9399133561377042,0.9553191314764831
0.9688561703644736,0.22270013882530884,0.1403362566809061,0.1329642281726931,0.22270014398423357,0.22270014398423355,0.16451646289656316,0.14804719427274568,0.2450850021044189,0.22270014398423357,0.20181321745968234,0.3208212943308302,0.22270014914315836,0.14033625668090613,0.2568319856991699,0.22270012850745965,0.18242552158390105,0.24508501864634824,0.26894142722948733,0.2942149783515162,0.1259227631950178
0.9284088045171237,0.29421497216298875,0.18242551936144574,0.22270013366638422,0.24508501864634824,0.20181321745968234,0.2942149845400438,0.37754066879814546,0.5,0.40733340004593027,0.2942149783515162,0.5,0.43782349911420193,0.3486451217982255,0.20181321986003056,0.4073334000459302,0.320821300824607,0.3208212878370535,0.37754066879814546,0.5,0.26894142136999516
0.985936373512038,0.8354835350552604,0.7310585903489891,0.7310585727705127,0.6513548782017745,0.7981867681382279,0.6513548646660543,0.7057850402140659,0.6224593382055109,0.7057850278370112,0.7310585786300049,0.6513548782017746,0.7057850278370111,0.5621765008857981,0.622459338205511,0.679178692681616,0.7772998611746912,0.5621765008857982,0.5926665999540698,0.7549149923816048,0.5621765008857982
0.9465966713300878,0.5,0.2689414213699951,0.22270013882530884,0.24508501864634827,0.3486451285660856,0.46879062662624377,0.4378234991142019,0.3775406687981454,0.5312093733737563,0.4073334000459302,0.3775406687981454,0.46879062662624377,0.4378234991142019,0.5312093733737563,0.5312093733737563,0.4073334000459302,0.5312093733737563,0.5312093733737563,0.3486451285660856,0.7057850340255386
0.9755769079043894,0.9399133504571636,0.9433475691174941,0.939913347090917,0.9324533144915912,0.9399133437246703,0.9465966734015935,0.9579122753885635,0.9241418215456966,0.9399133536130196,0.9465966734015935,0.9241418199787564,0.924141819456443,0.9196425394367774,0.9553191290913013,0.9241418205010699,0.9196425383355795,0.9284088055075428,0.9324533154301279,0.9496693688269985,0.9284087985746093
0.8519528000888386,0.7549149978955811,0.8740772384450967,0.8670357563664174,0.8807970858005139,0.9149009486120849,0.9284088030314952,0.8872045966995027,0.8596637541053281,0.9324533079218341,0.939913354875362,0.9433475730993027,0.9465966720833626,0.9496693718540082,0.9465966664338018,0.9149009613738741,0.9362849995254919,0.9324533163686646,0.9579122728353316,0.9433475689184037,0.9465966749081429
0.9399133456181841,0.8175744828610095,0.8354835432479661,0.7981867801399695,0.8175744761936437,0.7772998508568417,0.7772998663336157,0.7772998611746912,0.8354835371034368,0.7310585786300049,0.651354857898194,0.7057850340255385,0.7310585786300049,0.7310585786300049,0.7772998611746911,0.7981867801399695,0.7772998560157665,0.7057850216484838,0.7772998663336158,0.7057850216484838,0.7549149868676284
0.9859363733183346,0.817574478416099,0.6513548578981939,0.6791787056691698,0.679178699175393,0.6513548511303338,0.5621765008857981,0.5621765008857981,0.5926665999540698,0.5312093733737563,0.5,0.4687906266262437,0.5,0.3486451488696663,0.46879062662624377,0.5,0.43782349911420193,0.43782349911420193,0.46879062662624377,0.6513548511303336,0.5
0.9859363741060624,0.9362850110816423,0.9525741285053949,0.9399133548753619,0.9324533060447606,0.9433475715065793,0.9324533065140289,0.9399133529818484,0.9433475725020315,0.9465966711417693,0.9324533121452494,0.9399133481428691,0.9525741280005063,0.9465966651155708,0.9496693652658101,0.9241418152779358,0.9433475792711057,0.9465966698235384,0.9433475770811112,0.943347580465648,0.9362850110816423
0.7981867825403177,0.8354835330070839,0.9046505293168444,0.8807970826714614,0.8807970701552505,0.904650530602188,0.9149009619539554,0.9241418252018901,0.9284087975841901,0.9099070054272775,0.9149009607937928,0.932453306514029,0.9525741221101401,0.9579122704322899,0.9648551534728833,0.9579122764398942,0.9465966705768132,0.9399133451974032,0.946596676038055,0.9648551523359725,0.9196425234694067
0.9919380093580145,0.9399133527714579,0.9553191313174709,0.9755769095908488,0.96691402411401,0.974042643367335,0.9626731151992686,0.9740426411539018,0.9626731086399787,0.9648551538518536,0.9740426421428826,0.9626731162701728,0.9688561667674652,0.9688561675543108,0.9740426442621272,0.9770226287937005,0.9783846656616954,0.9724147146254641,0.9740426398823548,0.9840936091628859,0.9755769075937258
0.9284088050123334,0.5926665999540698,0.4073334000459302,0.46879062662624377,0.5926665999540697,0.5621765008857982,0.5312093733737563,0.5,0.6513548714339145,0.5,0.46879062662624377,0.5,0.40733340004593027,0.6513548511303338,0.5621765008857981,0.5621765008857981,0.6224593312018546,0.4687906266262437,0.6224593382055109,0.5926665999540697,0.5
0.9783846666464809,0.7549149868676283,0.6791787056691698,0.8175744739711883,0.880797071719777,0.7772998560157665,0.8175744695262777,0.8807970842359877,0.7772998560157665,0.8354835309589074,0.7549149978955811,0.7549149923816048,0.7549149923816048,0.8438951064805861,0.7981867825403176,0.8807970732843033,0.8933094159957173,0.8933094032139577,0.9046505280315008,0.8670357512127872,0.90990700787036
0.9433475788729249,0.3486451217982255,0.32082130082460697,0.32082130082460697,0.40733340004593027,0.37754066879814546,0.3775406758018019,0.5621765008857981,0.5312093733737563,0.4687906266262438,0.5621765008857981,0.5926665999540697,0.5621765008857981,0.6513548782017745,0.7662936324115011,0.7057850340255386,0.5621765008857981,0.5312093733737563,0.6224593312018546,0.651354857898194,0.6791787056691697
0.8872045832787205,0.8354835309589073,0.8354835309589073,0.8354835391516132,0.8596637469145054,0.8519527963298947,0.8175744828610096,0.8670357598021707,0.8991213684847575,0.8354835350552603,0.8175744739711883,0.8807970889295664,0.8807970904940926,0.9241418121440552,0.9324533046369554,0.9196425344813868,0.9046505415276079,0.8933093968230773,0.8933093946927837,0.8991213718636754,0.8670357666736772
0.9579122732859021,0.8175744828610094,0.7549149978955811,0.7772998560157665,0.7549149868676283,0.8670357494949105,0.8807970764133561,0.9046505293168444,0.8519528000888386,0.8519528057272543,0.904650536386234,0.8933094039240554,0.8991213847035617,0.9284087995650284,0.9399133437246704,0.9099070145888367,0.9046505280315008,0.9046505408849362,0.9241418158002492,0.9196425377849806,0.9046505408849362
0.8933094117351309,0.7310585727705126,0.7981867801399695,0.7981867873410141,0.8175744828610095,0.867035771827307,0.817574478416099,0.8354835411997897,0.7981867801399695,0.8354835391516133,0.8354835371034368,0.8807970748488296,0.8807970904940926,0.8933093975331751,0.9046505331728751,0.9046505286741726,0.8933093982432729,0.9196425284247979,0.8807970670261976,0.9046505383142494,0.8807970685907242
0.9553191313174709,0.8670357494949105,0.8933093996634686,0.8670357494949105,0.8670357701094303,0.8670357615200475,0.8354835391516133,0.8670357701094303,0.8670357735451834,0.7981867849406659,0.8807970811069351,0.8807970685907242,0.8596637487122112,0.9099069999303417,0.9099070035949657,0.8933094103149355,0.8872045884979137,0.8519527982093666,0.8175744806385542,0.8519527963298946,0.8354835391516133
0.8596637469145054,0.893309405344251,0.8933093946927838,0.9284087960985615,0.9433475742938453,0.8807970701552505,0.8991213867309121,0.8740772368049823,0.8933093954028816,0.8991213860551286,0.8933094138654242,0.8991213867309121,0.8740772335247532,0.9196425317283919,0.9149009596336303,0.9241418257242034,0.9149009578933863,0.9465966658688457,0.9149009468718409,0.9362850039701655,0.9362850101927077
0.9908743620634314,0.5926665999540698,0.6513548782017745,0.5926665999540698,0.6513548714339145,0.7981867873410141,0.7310585786300049,0.8175744761936437,0.7310585786300049,0.7310585786300049,0.6224593312018546,0.7549149923816048,0.7310585786300049,0.6791786861878392,0.679178699175393,0.7057850216484838,0.7310585669110202,0.7310585786300049,0.8175744673038222,0.7549149868676283,0.7057850340255386
0.9740426416719393,0.9149009520925732,0.9284088074883808,0.9465966651155708,0.9579122737364724,0.9241418252018901,0.9324533116759811,0.9740426457691455,0.9669140238756562,0.9465966677520328,0.9433475758865687,0.9324533055754921,0.9603611654370415,0.9496693665122261,0.9669140189894048,0.9579122768904645,0.9724147195719217,0.9603611637352872,0.9648551524622959,0.9669140205387041,0.9626731105140616
0.9196425328295899,0.20181322706107543,0.22270013882530887,0.17328821019878954,0.16451646699291614,0.24508501313237172,0.3486451285660856,0.22270013882530884,0.16451646289656316,0.32082131381216084,0.4073334000459302,0.4073334000459302,0.43782349911420193,0.37754066879814546,0.5,0.34864513533394575,0.2689414330889797,0.34864514210180597,0.3775406687981454,0.7057850216484838,0.43782349911420193
0.9890130595957989,0.9324533107374444,0.9465966686936262,0.9465966683169889,0.9688561678915304,0.9669140201811735,0.9724147173734963,0.972414715724677,0.968856168453563,0.9525741310298373,0.9669140182743434,0.9603611616080943,0.9626731083722525,0.9755769083481945,0.9579122693809591,0.970687768612669,0.9706877702026057,0.9770226291700381,0.9755769123424399,0.9770226282082864,0.9626731089077047
0.9433475693165846,0.8807970685907242,0.8807970779778824,0.8933094167058151,0.8933094025038598,0.8807970904940926,0.8807970873650401,0.8807970670261976,0.9046505434556231,0.8519528038477825,0.9241418152779358,0.9241418152779358,0.9324533036984185,0.9465966717067253,0.9149009503523291,0.9433475711083985,0.9196425256718028,0.9241418147556224,0.9196425361331837,0.9433475744929357,0.9196425355825847
0.974042641059713,0.7772998560157665,0.7981867729389246,0.7549149868676283,0.7310585727705126,0.8175744850834648,0.817574478416099,0.7549149923816048,0.8354835391516132,0.8354835432479661,0.7981867801399694,0.7772998508568416,0.798186775339273,0.8670357701094303,0.817574478416099,0.8267117898012104,0.8175744850834648,0.8354835391516133,0.8596637451167997,0.8933093996634686,0.8670357563664174
0.9579122750881833,0.5,0.5312093733737563,0.5926665999540698,0.5621765008857981,0.7057850278370112,0.7057850402140659,0.7772998560157663,0.7310585786300049,0.7772998611746912,0.7772998508568417,0.7981867801399694,0.7772998611746912,0.8991213806488609,0.7549149758396752,0.8354835432479663,0.8354835330070839,0.8670357666736772,0.8175744695262777,0.8438951025545426,0.8267118026095992
0.7772998560157665,0.5926665999540698,0.4378234991142019,0.40733340004593027,0.5621765008857981,0.6791786926816161,0.46879062662624377,0.7549149868676283,0.6791787056691697,0.679178699175393,0.7772998611746912,0.7057850278370112,0.8354835432479661,0.8267117983401363,0.651354857898194,0.7772998663336158,0.8080672204860317,0.8267117940706734,0.7057850154599562,0.7310585669110202,0.7879311906630568
0.9883127435103408,0.9046505286741726,0.8670357615200474,0.8670357666736773,0.8807970826714614,0.8670357615200474,0.8933094152856196,0.817574478416099,0.7981867825403177,0.8175744673038222,0.8670357666736772,0.8354835391516133,0.8807970889295664,0.7772998508568417,0.851952809486198,0.8175744828610095,0.8519527982093666,0.8670357512127872,0.8670357477770336,0.8354835371034368,0.8807970654616711
0.9399133536130196,0.7310585844894971,0.7772998663336158,0.8175744828610095,0.7549149868676283,0.7981867729389246,0.7981867777396211,0.7772998560157665,0.7549149868676283,0.7981867777396212,0.8519527982093666,0.8519528057272543,0.798186775339273,0.7310585903489891,0.8354835391516133,0.904650538956921,0.7981867705385762,0.8438950966654772,0.8175744695262775,0.8933094167058151,0.8807970732843033
0.9770226315953247,0.7057850340255386,0.8354835309589074,0.8807970654616712,0.8519528057272543,0.8175744673038222,0.8670357512127872,0.8354835371034368,0.7981867801399694,0.880797085800514,0.8175744761936437,0.8519527982093666,0.8991213705121083,0.7981867849406659,0.9099070145888367,0.9196425273235999,0.9241418199787564,0.9149009549929799,0.9046505428129514,0.9196425311777929,0.8519527982093666
0.8670357718273068,0.7772998611746912,0.7772998611746912,0.867035763237924,0.8519528000888387,0.8175744739711883,0.867035758084294,0.8175744695262777,0.8670357632379241,0.8933094074745443,0.8933094167058151,0.9046505421702796,0.8933094110250333,0.8933093968230773,0.8933094032139577,0.9099070035949657,0.9241418158002492,0.9046505408849362,0.8807970701552504,0.9324533107374444,0.9399133512987252
0.8354835391516132,0.5,0.5621765008857982,0.6791787056691698,0.679178699175393,0.7057850340255386,0.7057850402140659,0.6791787056691698,0.7310585727705127,0.7549149978955811,0.7310585786300049,0.8354835350552603,0.8807970779778824,0.7057850216484838,0.7310585669110203,0.7981867705385762,0.7057850216484838,0.7310585786300048,0.7772998714925403,0.8267117940706734,0.817574471748733
0.9284088035267047,0.4687906266262437,0.5621765008857981,0.4378234991142019,0.348645142101806,0.32082129433083023,0.5,0.4687906266262437,0.46879062662624377,0.3486451488696663,0.4687906266262437,0.5,0.4073334000459302,0.4378234991142019,0.5,0.4687906266262437,0.40733340004593027,0.4378234991142019,0.46879062662624377,0.5,0.5926665999540698
0.9830850849058338,0.8740772466456689,0.880797071719777,0.9149009515124917,0.8933094017937621,0.9324533140223229,0.9241418168448761,0.8807970748488297,0.8933094039240554,0.9149009578933863,0.8933094145755219,0.8807970670261975,0.8740772253241802,0.8872045929715078,0.9149009532527358,0.9196425234694067,0.914900963114118,0.9149009625340366,0.9149009555730611,0.9196425333801889,0.9149009526726545
0.9324533112067128,0.4687906266262437,0.2942149721629888,0.2942149721629888,0.24508502416032488,0.3775406687981454,0.34864513533394575,0.29421495978593404,0.4073334000459302,0.3486451285660856,0.4073334000459302,0.5,0.46879062662624377,0.348645142101806,0.2689414272294874,0.2689414272294874,0.40733340004593027,0.40733340004593027,0.29421497216298875,0.40733340004593027,0.29421497216298875
0.9867771766679507,0.9046505383142492,0.9149009607937928,0.9241418126663687,0.9324533149608596,0.9465966651155708,0.9362849999699592,0.9241418137109956,0.9046505408849362,0.9324533135530545,0.9324533126145178,0.9433475734974835,0.9399133487740404,0.946596669446901,0.9603611589136498,0.9324533097989076,0.9399133531922388,0.949669363129097,0.9648551524622959,0.9496693636632753,0.9626731160024469
0.9908743610276047,0.9669140229222414,0.9626731130574597,0.9706877667577429,0.9830850896138136,0.9830850846270719,0.98201379299885,0.9783846653465639,0.9755769121205374,0.9783846664101324,0.9770226313444329,0.9740426416719393,0.9770226305081273,0.9783846690099665,0.9840936077342082,0.9867771779560498,0.985042916727458,0.9896718465477842,0.9755769075493453,0.9859363740802352,0.9902915229723355
0.9875683506560948,0.5926665999540698,0.4378234991142019,0.5,0.6370308082623217,0.5926665999540697,0.37754066879814546,0.5926665999540698,0.5926665999540698,0.6224593312018546,0.6513548511303336,0.6791786926816161,0.6791787121629466,0.7310585669110203,0.7057850340255386,0.679178699175393,0.651354857898194,0.6224593241981982,0.5312093733737563,0.5926665999540697,0.5926665999540698
0.9496693688269985,0.43782349911420193,0.4378234991142019,0.5312093733737563,0.4073334000459302,0.5312093733737563,0.651354857898194,0.5,0.40733340004593027,0.43782349911420193,0.46879062662624377,0.5312093733737563,0.5312093733737563,0.5312093733737563,0.6791787056691697,0.5621765008857981,0.6513548511303336,0.6224593312018546,0.5926665999540698,0.6513548646660543,0.5621765008857981
0.8991213745668094,0.8670357494949105,0.7981867729389246,0.8670357563664174,0.8354835411997897,0.8519527944504227,0.8933094039240554,0.8670357683915538,0.8670357580842941,0.8670357512127872,0.8807970748488297,0.8519528076067262,0.8933094167058151,0.924141813188682,0.9399133552961427,0.9149009584734676,0.9046505440982948,0.904650530602188,0.8807970670261976,0.932453304167687,0.9149009468718409
0.9603611590554626,0.880797085800514,0.8670357615200474,0.8354835371034368,0.8933094067644466,0.867035771827307,0.8175744695262777,0.9099069987088004,0.8670357615200475,0.8807970795424088,0.7981867777396212,0.8175744761936437,0.817574471748733,0.8933094138654242,0.8933094131553264,0.9196425289753969,0.9099070048165069,0.8991213711878918,0.924141826246517,0.9099070097026718,0.9241418236349501
0.9324533112067127,0.7981867681382279,0.8354835391516133,0.8354835309589074,0.7057850340255386,0.7981867753392728,0.7981867801399695,0.8175744828610095,0.7981867777396211,0.7310585786300049,0.7772998508568416,0.7549149813536518,0.7981867753392728,0.7981867681382279,0.8670357598021707,0.7549149813536518,0.7549149923816048,0.8354835371034368,0.798186775339273,0.8354835391516133,0.7981867729389246
0.9896718465097061,0.9579122704322899,0.9433475693165845,0.9626731131913228,0.9706877702556036,0.9669140189894048,0.9706877704145972,0.9740426431318634,0.9706877699376162,0.9579122702820998,0.9626731105140616,0.9706877684536753,0.9648551495568569,0.9706877712095654,0.962673111183377,0.968856166093026,0.962673113860638,0.9724147161243908,0.9783846670403952,0.9706877712095654,0.9755769078156283
0.9648551498095038,0.7057850278370112,0.8519527944504227,0.8175744739711883,0.7981867753392728,0.8872045832787205,0.817574478416099,0.8670357563664175,0.7981867801399695,0.7772998611746912,0.8519528076067262,0.8175744806385543,0.731058584489497,0.7549149923816048,0.8175744739711883,0.7772998663336158,0.8175744673038222,0.8519528076067262,0.8175744828610095,0.8670357477770336,0.8354835371034368
0.957912268029248,0.8807970811069351,0.9046505286741726,0.880797085800514,0.8933094124452287,0.90990700787036,0.932453310268176,0.9046505299595162,0.924141813188682,0.9241418178895029,0.8991213698363247,0.9196425317283918,0.9399133468805266,0.9399133548753619,0.9525741318713181,0.9362850110816423,0.9433475782756536,0.8991213847035617,0.8991213711878918,0.9149009462917594,0.9196425245706048
0.9525741226150287,0.8519528019683105,0.8175744806385543,0.851952809486198,0.8596637487122112,0.8354835432479661,0.8519527963298947,0.8519527982093666,0.8670357580842941,0.8519528057272543,0.851952809486198,0.8519528000888386,0.8519527982093666,0.8991213678089741,0.9149009515124917,0.8519527982093666,0.8872045877523147,0.8175744828610095,0.8670357735451834,0.9149009509324104,0.8670357615200474
0.9919380083674594,0.8080672204860316,0.8519527963298947,0.8438951064805861,0.8175744828610095,0.8596637433190939,0.8872045937171067,0.8519528038477825,0.8519528038477825,0.9099070066488187,0.9099070127565249,0.8596637559030338,0.8519528019683105,0.8933094046341532,0.9046505318875316,0.9196425344813869,0.8872045952083047,0.914900945711678,0.9362850124150441,0.9196425322789908,0.9362850079703712
0.9553191282962407,0.9241418278134569,0.946596676038055,0.9579122726851417,0.9433475734974837,0.9688561690155955,0.9603611607572171,0.97557690794877,0.9669140219688265,0.9465966685053075,0.964855156378322,0.9603611637352872,0.9603611587718369,0.962673111584966,0.9465966698235384,0.9603611631680358,0.960361162033533,0.9688561730622296,0.97702262871007,0.9755769098127514,0.9648551537255302
0.9099070005411124,0.2450850186463483,0.14804719615221756,0.13296422817269313,0.18242552602881168,0.22270013882530884,0.20181322706107538,0.2018132246607271,0.26894142136999516,0.20181322706107543,0.2227001491431584,0.2689414096510109,0.18242551936144574,0.2689414096510108,0.2689414213699951,0.24508501864634827,0.22270014914315836,0.18242552158390105,0.22270014398423357,0.320821300824607,0.18242552380635635
0.9362850035256981,0.5,0.7057850154599563,0.6224593312018545,0.679178699175393,0.6791787056691698,0.5926665999540697,0.6791786861878392,0.5926665999540697,0.6513548511303338,0.6224593312018546,0.6513548646660543,0.5926665999540698,0.679178699175393,0.7310585903489891,0.6513548714339145,0.651354857898194,0.5926665999540698,0.5312093733737563,0.46879062662624377,0.4073334000459302
0.92414182206801,0.4687906266262437,0.5,0.37754066879814546,0.3775406687981454,0.40733340004593027,0.4687906266262438,0.43782349911420193,0.5312093733737563,0.40733340004593027,0.34864512856608554,0.3775406758018019,0.46879062662624377,0.5,0.5926665999540698,0.5621765008857981,0.46879062662624377,0.5926665999540698,0.6224593382055109,0.5312093733737563,0.5312093733737562
0.9928785699932152,0.8175744806385543,0.8670357615200475,0.9149009549929797,0.8933094103149354,0.8991213738910259,0.8933094110250333,0.8354835452961425,0.9046505453836382,0.8991213725394589,0.9149009549929799,0.9324533130837862,0.8991213833519949,0.8991213765941599,0.8807970795424088,0.9149009538328171,0.9046505383142492,0.9196425377849806,0.9149009491921664,0.9399133454077937,0.9324533144915912
0.9896718460813287,0.9149009584734676,0.936285006192502,0.9603611647279772,0.9553191273421681,0.9399133546649716,0.9241418257242036,0.9284088074883808,0.9496693670464043,0.9579122678790578,0.9399133542441908,0.9241418246795768,0.9648551518306787,0.9553191321125315,0.9706877715275527,0.9688561700272541,0.9688561720505712,0.9706877659097767,0.9465966702001758,0.9648551509464147,0.9706877673407197
0.9830850889943425,0.9046505338155469,0.9433475736965741,0.9399133491948212,0.9324533027598817,0.9496693690050578,0.9362850119705769,0.939913355927314,0.9241418236349501,0.9241418137109956,0.9433475691174942,0.924141819456443,0.9284087960985615,0.9525741311981335,0.9362850053035674,0.9149009491921662,0.9324533088603709,0.9496693723881865,0.9433475697147654,0.924141814233309,0.9433475768820208
0.9724147172735679,0.8670357701094303,0.8354835432479661,0.8872045952083049,0.867035771827307,0.8175744673038222,0.8596637487122112,0.8519528076067262,0.880797068590724,0.7549149923816048,0.7772998611746912,0.8354835309589074,0.8670357460591569,0.9046505395995929,0.8807970811069351,0.8354835391516133,0.8267117940706734,0.8354835350552603,0.8670357598021707,0.8354835432479661,0.8872046049010911
0.9740426400707322,0.8933094159957173,0.9241418158002492,0.9241418194564431,0.9046505280315008,0.909906999319571,0.9362850101927077,0.8807970732843033,0.9362850004144266,0.9099069980980297,0.9579122738866624,0.9324533046369553,0.89912137659416,0.9324533144915912,0.9553191305224104,0.9525741226150288,0.9783846662525667,0.9525741296834681,0.9603611603317785,0.9399133525610676,0.9324533158993963
0.9875683486437207,0.9399133485636499,0.9603611633098486,0.9724147148752853,0.9840936098626464,0.9783846675524838,0.9724147162742834,0.9770226294209299,0.970687766704745,0.9796676453587736,0.9724147173734963,0.9724147193720649,0.9820137877349535,0.9783846666070896,0.9724147181729237,0.9783846694826634,0.9820137873730606,0.9706877660157723,0.968856169577628,0.9820137903998014,0.9740426425667315
0.8519527982093666,0.867035763237924,0.8175744761936437,0.8670357701094303,0.8670357546485408,0.9046505254608135,0.8933093989533707,0.8807970779778824,0.9284087951081423,0.9149009474519222,0.867035771827307,0.8991213738910259,0.9241418126663686,0.9324533088603709,0.939913354875362,0.9324533022906133,0.9362849990810246,0.9149009596336302,0.9241418225903234,0.9399133552961427,0.9241418205010699
0.9046505344582186,0.6224593382055109,0.7310585786300049,0.6791787056691698,0.6791786861878392,0.8175744784160989,0.7057850278370112,0.798186775339273,0.7772998714925403,0.8175744739711883,0.7772998663336158,0.7310585786300049,0.6513548646660543,0.7772998611746911,0.7772998508568416,0.7981867777396212,0.7772998663336158,0.7310585786300049,0.7549149813536518,0.8519528019683105,0.7981867801399695
0.9553191309994467,0.899121377945727,0.9433475738956645,0.9284088020410761,0.9525741303566527,0.9669140213729422,0.9648551515780319,0.957912271934191,0.9626731151992686,0.9603611644443515,0.9724147195719217,0.9579122689303887,0.9553191297273498,0.9626731101124724,0.9669140180359898,0.9770226300063438,0.9669140205387041,0.9553191346567252,0.974042643367335,0.9706877712095654,0.9755769110554054
0.9149009480320036,0.8354835391516132,0.8807970748488297,0.8519528019683105,0.9046505312448598,0.9046505434556231,0.8354835350552604,0.8519528038477825,0.880797071719777,0.8519527982093668,0.8267118004748677,0.8354835371034368,0.8670357494949105,0.8670357546485407,0.8670357494949105,0.8807970904940926,0.8519528000888386,0.8740772253241802,0.8872045855155176,0.8740772417253256,0.8872045914803097
0.9896718458623802,0.8807970670261976,0.8438950947024555,0.8991213705121083,0.9099070054272775,0.9324533079218341,0.880797076413356,0.8933093989533708,0.9284087941177233,0.928408800060238,0.9433475719047602,0.904650538956921,0.9149009544128984,0.9399133494052115,0.9433475693165846,0.9603611606154042,0.9553191308404345,0.9433475780765632,0.949669368648939,0.9433475719047602,0.9626731117188292
0.9850429105802162,0.7057850402140659,0.7772998663336158,0.8175744695262777,0.7310585786300049,0.7310585903489891,0.8175744739711883,0.7981867777396212,0.7772998714925403,0.851952809486198,0.7981867873410141,0.7310585669110202,0.8175744806385542,0.8872045907347108,0.8354835411997897,0.8596637559030338,0.7662936430859597,0.8807970701552505,0.8354835289107309,0.8175744673038222,0.8596637451167997
0.9579122689303887,0.9149009526726544,0.8519528076067262,0.9046505428129514,0.9324533069832973,0.904650530602188,0.9046505351008906,0.8670357632379241,0.8933094103149355,0.9046505254608136,0.914900957313305,0.8175744828610095,0.8670357546485407,0.9046505408849362,0.9324533032291501,0.9046505428129514,0.9149009625340366,0.880797085800514,0.904650536386234,0.9241418168448761,0.8670357580842941
0.5312093733737563,0.7981867777396212,0.7057850216484838,0.7310585727705126,0.8519527963298946,0.8175744806385542,0.8354835309589074,0.8354835411997897,0.8519527944504227,0.8519527982093666,0.9046505447409666,0.943347578474744,0.8670357546485407,0.9496693650877507,0.932453310268176,0.9284087990698189,0.8740772269642948,0.9046505370289057,0.8991213772699435,0.932453310268176,0.9433475701129463
0.7057850216484838,0.22270013366638425,0.16451647108926923,0.2689414330889797,0.32082129433083023,0.37754066879814546,0.2689414272294874,0.2450850131323717,0.22270014398423355,0.46879062662624377,0.4378234991142019,0.4378234991142019,0.4687906266262437,0.3486451285660856,0.37754066879814546,0.34864514210180597,0.2450850021044189,0.37754066879814546,0.29421498454004374,0.32082129433083023,0.2018132150593341
0.9706877668107408,0.7310585727705127,0.7057850340255386,0.7057850340255386,0.7057850340255386,0.6791786926816161,0.7772998508568416,0.7772998560157665,0.7549149758396752,0.7057850154599562,0.6224593312018546,0.7879312031126512,0.7772998560157663,0.7981867801399695,0.8354835289107307,0.7981867801399695,0.7981867753392728,0.7981867825403177,0.8080672066194946,0.7879311856832191,0.7772998508568416
0.9669140186318741,0.7549149923816048,0.8175744739711883,0.7549149923816048,0.7981867705385762,0.7981867777396211,0.8175744761936437,0.7772998714925403,0.7549149868676284,0.7981867849406659,0.7549149813536518,0.7549149923816048,0.8354835432479661,0.8872045922259088,0.8438950986284991,0.7772998560157663,0.880797071719777,0.8670357666736772,0.7310585786300049,0.8267117876664789,0.8080672135527632
0.7310585669110203,0.32082131381216084,0.2689414096510109,0.32082131381216084,0.2450850021044189,0.32082130731838393,0.43782349911420193,0.37754066879814546,0.5926665999540698,0.3486451285660856,0.5,0.6224593312018546,0.6224593312018545,0.29421497216298875,0.5312093733737563,0.5621765008857981,0.46879062662624366,0.5621765008857981,0.40733340004593027,0.5312093733737562,0.4687906266262437
0.9525741273273217,0.9241418231126367,0.9626731158685837,0.9496693709637112,0.9553191257520467,0.9626731090415679,0.9669140239948331,0.9626731141283642,0.9603611603317784,0.9626731103801985,0.9669140245907174,0.9688561675543108,0.9724147196718502,0.9603611599063399,0.9553191294093255,0.9724147208210271,0.9669140187510509,0.975576907682487,0.9783846681827465,0.9796676472138702,0.982013790564298
0.9099069962657176,0.8991213772699435,0.8354835350552604,0.8519527963298946,0.8807970873650403,0.880797085800514,0.8807970889295663,0.880797068590724,0.867035752930664,0.8670357718273068,0.874077230244524,0.8670357598021708,0.8807970826714614,0.8872045959539038,0.8933094096048377,0.8670357701094303,0.8354835432479663,0.8519527963298946,0.8872045825331214,0.843895106480586,0.867035752930664
0.985042910758596,0.7772998611746911,0.5926665999540698,0.8175744828610095,0.8175744828610095,0.7057850278370112,0.679178699175393,0.679178699175393,0.6513548646660543,0.6224593312018546,0.679178699175393,0.5,0.6513548511303338,0.6224593312018545,0.5926665999540697,0.6224593382055109,0.7981867753392728,0.6791786861878392,0.6224593312018546,0.651354857898194,0.4687906266262437
0.9496693654438695,0.817574471748733,0.8354835411997897,0.8519528038477824,0.9046505261034854,0.8354835330070839,0.8933094067644466,0.8519527982093666,0.8807970904940926,0.817574478416099,0.7772998508568416,0.8354835309589074,0.798186775339273,0.8807970779778825,0.8175744739711883,0.8438951005915208,0.7772998560157665,0.8267117876664789,0.8740772335247532,0.9046505376715775,0.8807970889295663
