0,1,2,3,4,5,6,7,8,9,10,11,12,13,14,15,16,17,18,19,20
0.40733340004593027,0.1561048974454574,0.37754066879814546,0.15610488959337065,0.34864514210180597,0.3345894279828469,0.2689414272294874,0.21206879688734884,0.5156199157230157,0.718594386544335,0.6513548646660543,0.23370634623958195,0.04742586812868187,0.05340333074141771,0.7185943985973772,0.5156199157230157,0.1824255304737224,0.08035747542939524,0.5774953651858117,0.5156199157230156,0.05665242829433023
0.6370307944803831,0.19193279106941588,0.30735802320985245,0.34864513533394575,0.39233683016710835,0.37754066879814546,0.24508501313237172,0.16451646494473965,0.7772998663336158,0.2942149659744614,0.11920292671569666,0.37754066879814546,0.33458944788835565,0.42250463481418826,0.6926419831347361,0.14033624949008322,0.17328820806405806,0.48438008427698437,0.8080672089305841,0.45326184801538616,0.21206880435710534
0.718594386544335,0.5621765008857981,0.09009300190197034,0.1329642419157059,0.15610490137150093,0.5,0.04468086518426274,0.07159119894934293,0.04468087488400182,0.02758527952872243,0.050330633843892796,0.1732882144682526,0.024423090586673288,0.08035746056322256,0.08035747047400407,0.01798620607996819,0.09009299884811699,0.42250463481418826,0.5312093733737563,0.5,0.10087861664800518
0.3923368301671084,0.42250463481418826,0.14033625488320037,0.05340332622176919,0.4687906266262437,0.08509904094645106,0.28140561345566495,0.04742587486052854,0.2568319970758679,0.056652425108883415,0.04742587149460508,0.03114382705017689,0.17328821233352107,0.11279539584450776,0.17328821233352107,0.25683199138751883,0.43782349911420193,0.16451646494473965,0.42250463481418826,0.17328821019878957,0.18242552825126704
0.348645142101806,0.334589441253186,0.43782349911420193,0.8175744828610095,0.17328820806405806,0.10087862205427303,0.7772998663336158,0.05340332415026373,0.060086653540254206,0.06754669536304464,0.07585817323116975,0.17328821019878957,0.04742587620689798,0.23370636225126956,0.6654105521116443,0.060086644283076515,0.05665242351616007,0.2814056134556649,0.2942149845400438,0.6224593312018545,0.1645164608483867
0.8670357580842941,0.18242551491653522,0.28140560140262283,0.06371500047450808,0.2814056014026228,0.13296424706933602,0.11279539659010668,0.21206881431678098,0.0396388372574028,0.037326885336183654,0.021615334417087555,0.19193277951396834,0.20181322226037882,0.4225046348141882,0.32082129433083023,0.1192029188930649,0.014957086565706944,0.031143831096811007,0.0850990519679964,0.1561049033345227,0.04208772641371775
0.9465966679403515,0.48438008427698437,0.5467381519846138,0.5467381519846138,0.2942149721629888,0.6926419831347361,0.256832002764217,0.6791786926816161,0.665410558746814,0.2450850021044189,0.30735802320985245,0.6791786861878392,0.30735801052067535,0.4225046348141882,0.8519527982093666,0.5926665999540698,0.5312093733737563,0.6224593312018546,0.7772998714925403,0.43782349911420193,0.6513548646660542
0.9902915226320856,0.8080672158638527,0.8354835330070839,0.7310585786300049,0.7185943925708562,0.7310585844894971,0.6791787056691698,0.9362850061925019,0.3629691986286475,0.9399133544545811,0.19193279106941588,0.39233683016710835,0.6076631698328916,0.36296919173767833,0.9465966745315055,0.6513548714339144,0.6370307944803831,0.8872045944627058,0.9099070042057362,0.4687906266262438,0.8933093954028816
0.9553191324305557,0.6076631698328916,0.7431680029241321,0.43782349911420193,0.7879311931529758,0.9553191317945073,0.9740426438382783,0.7310585903489891,0.6926419831347361,0.7310585786300049,0.9688561704768801,0.5312093733737563,0.4378234991142019,0.5,0.731058584489497,0.2689414213699951,0.9465966698235384,0.679178699175393,0.8740772335247531,0.7057850154599563,0.6654105521116443
0.9867771812249044,0.28140561345566495,0.23370636225126956,0.4687906266262437,0.40733340004593027,0.21206881182686205,0.2814055953761018,0.11279541224768527,0.22270012850745968,0.13296423504419938,0.7662936324115011,0.20181321986003056,0.11279540255489831,0.7310585786300048,0.10087862340584003,0.37754067580180184,0.10669060175672705,0.7185943985973772,0.2337063569140403,0.16451645880021026,0.7057850278370112
0.679178699175393,0.5621765008857982,0.7981867825403176,0.5312093733737562,0.2450850021044189,0.5312093733737562,0.8267117876664789,0.546738151984614,0.8175744761936437,0.6076631698328916,0.3073580295544412,0.5312093733737563,0.32082129433083023,0.4687906266262437,0.7981867801399694,0.21206879937726766,0.7310585669110202,0.7431680029241321,0.320821300824607,0.09534947004048375,0.2018132126589859
0.9399133555065331,0.2689414096510109,0.2942149659744614,0.30735801686526387,0.23370634623958197,0.14033625128778893,0.731058584489497,0.6926419958239132,0.743168019989179,0.10669059323555341,0.7662936484231889,0.14804720367010532,0.6076631627277604,0.08035746551861318,0.1066906024668249,0.6513548511303338,0.056652422122527184,0.256832002764217,0.08035746386681628,0.25683199707586785,0.13296423504419938
0.919642532278991,0.9046505402422645,0.18242551936144574,0.15610490333452268,0.48438008427698437,0.5926665999540698,0.5774953651858118,0.18242553269617778,0.3345894478883556,0.4532618480153861,0.43782349911420193,0.15610489940847913,0.06754668785475053,0.14033624409696624,0.3923368301671084,0.13296423332632276,0.10087862137848953,0.48438008427698437,0.8740772236840656,0.1561048974454574,0.9099070066488189
0.46879062662624377,0.8175744828610095,0.8080672112416736,0.22270012850745968,0.7185943925708561,0.7310585727705127,0.11920291889306492,0.11279540628289321,0.09534945718704857,0.11279541373888334,0.3486451285660856,0.78793120560257,0.3073580232098525,0.743168019989179,0.15610490333452268,0.7057850340255386,0.546738151984614,0.20181321745968234,0.2814056014026228,0.12592276975547592,0.1480471999111614
0.7431680143008301,0.22270013882530887,0.16451646494473965,0.07585818158818373,0.5774953651858117,0.12592276811536138,0.07159120736790556,0.050330628858229316,0.3486451488696663,0.4378234991142019,0.6513548714339144,0.047425869475051126,0.05340332866991209,0.0953494668271248,0.12592276483513232,0.06008665396103505,0.3073580105206753,0.10087861664800517,0.06754669536304464,0.679178699175393,0.05033063081688277
0.8740772253241803,0.6654105720171531,0.8807970811069351,0.4532618480153861,0.2942149659744614,0.32082131381216084,0.2689414272294874,0.32082131381216084,0.45326184801538616,0.7772998611746911,0.3073580232098525,0.7981867753392728,0.7549149758396752,0.43782349911420193,0.7057850216484838,0.3923368372722396,0.3629692055196168,0.4532618480153861,0.3073580295544412,0.3775406617944891,0.3923368372722396
0.39233683016710835,0.16451646289656316,0.6926419704455588,0.20181323186177208,0.06754669020109236,0.23370636758849891,0.48438008427698437,0.11279541746687857,0.2942149597859341,0.28140560140262283,0.1561049052975445,0.10087861732378864,0.17328821019878954,0.11279539733570562,0.04208772746504851,0.09009299945888764,0.06754669677084987,0.060086647859713196,0.02931223334825289,0.06371498847389043,0.21206880684702423
0.9820137938213338,0.7431680143008301,0.8438950966654774,0.5156199157230157,0.7057850278370112,0.4073334000459302,0.22270013882530887,0.7431680029241321,0.6926419767901475,0.5774953651858118,0.3775406687981454,0.4378234991142019,0.5,0.43782349911420193,0.6513548782017745,0.7772998611746912,0.48438008427698437,0.42250463481418826,0.39233682306197726,0.3775406687981454,0.7431680029241321
0.6076631627277603,0.4378234991142019,0.9669140243523636,0.665410558746814,0.9553191294093256,0.37754066879814546,0.48438008427698437,0.39233683016710835,0.25683200276421697,0.5312093733737562,0.95257412564436,0.5621765008857982,0.6654105653819835,0.2942149659744614,0.5621765008857981,0.48438008427698437,0.32082129433083023,0.5621765008857981,0.5926665999540698,0.8670357598021707,0.8596637469145053
0.9399133456181841,0.743167997235783,0.6654105454764747,0.8872045855155176,0.48438008427698437,0.3629691986286475,0.6224593312018546,0.6076631698328917,0.6654105454764747,0.6513548646660542,0.4073334000459302,0.7431680086124811,0.6224593312018546,0.7662936430859597,0.46879062662624377,0.7057850216484838,0.5621765008857981,0.808067204308405,0.7185944046238981,0.5156199157230156,0.2120688018671865
0.899121367808974,0.34864514210180597,0.18242551491653522,0.32082130731838393,0.7662936430859597,0.3486451285660856,0.7662936377487305,0.7431680029241321,0.4687906266262437,0.09009299579426373,0.6926419894793248,0.09009300190197034,0.031143833906973895,0.07159119993976201,0.10087861529643825,0.23370636225126956,0.21206879688734884,0.7549149868676284,0.1919327772028789,0.18242551936144574,0.32082130731838393
0.7057850216484838,0.4378234991142019,0.42250463481418826,0.7310585669110203,0.3629692193015555,0.23370635157681108,0.2942149783515162,0.09009298480039278,0.10669060246682488,0.256831980010821,0.060086645966199635,0.3629692055196168,0.6926419894793246,0.4073334000459302,0.3208212878370535,0.20181321505933414,0.28140561345566495,0.6224593312018545,0.12592275663455996,0.07585818681131791,0.5774953651858118
0.9648551562519986,0.851952809486198,0.5156199157230157,0.3073580105206753,0.92414182206801,0.9433475764838399,0.9362850124150441,0.11920291889306492,0.5467381519846138,0.6076631769380229,0.5774953651858117,0.6513548646660542,0.7662936430859597,0.9284087995650284,0.6654105653819836,0.9284088055075428,0.731058584489497,0.9465966647389334,0.651354857898194,0.9324533088603709,0.09009299457272246
0.8354835371034368,0.5312093733737563,0.45326184801538616,0.8596637469145053,0.12592277467581972,0.10087862746054115,0.8438950966654774,0.30735802320985245,0.1403362440969662,0.34864514210180597,0.7662936484231889,0.07585818367743735,0.18242551936144574,0.7879312031126512,0.1259227615549033,0.3923368372722396,0.2568319913875189,0.07585818367743737,0.04468086836450484,0.8596637541053281,0.06371500091897545
0.8354835309589073,0.22270013366638422,0.17328819952513227,0.090092998848117,0.3073580232098525,0.16451647108926923,0.1919327887583263,0.26894142136999516,0.34864514886966624,0.22270014398423355,0.1919327841361473,0.15610489744545739,0.1192029235866439,0.12592275991478885,0.20181322946142374,0.029312229373411294,0.17328819952513227,0.0675466911396291,0.4225046348141882,0.03308597946129594,0.044680870272650205
0.731058584489497,0.37754066879814546,0.23370635157681105,0.24508501313237172,0.5,0.8596637451167997,0.25683198001082097,0.817574471748733,0.7981867849406659,0.281405613455665,0.08035747377759817,0.11920292045759123,0.34864514210180597,0.3775406687981454,0.13296422817269313,0.20181322946142374,0.25683200276421697,0.15610489744545739,0.11920292358664392,0.15610489155639232,0.7981867825403176
0.5467381519846138,0.4073334000459302,0.3923368230619772,0.24508500761839525,0.8438951064805861,0.40733340004593027,0.8080672204860316,0.817574478416099,0.10669058826486907,0.13296424878721277,0.37754066879814546,0.8438951045175643,0.8080672089305841,0.10087861191752101,0.1403362530854946,0.08035746166442044,0.13296425222296632,0.34864514210180597,0.16451646289656316,0.11920291107043361,0.18242552602881168
0.5621765008857981,0.22270013882530887,0.8175744739711883,0.19193277951396837,0.17328821446825263,0.1403362530854946,0.2814056194821861,0.7057850340255386,0.5467381519846138,0.5621765008857981,0.13296424706933602,0.1403362476923775,0.5467381519846138,0.5,0.20181322946142374,0.2568319856991699,0.0803574715752021,0.19193279338050542,0.08035747708119237,0.11920292515117026,0.5621765008857981
0.7549149813536518,0.4073334000459302,0.7431680086124812,0.23370635691404026,0.6224593312018546,0.21206879937726764,0.2814056014026228,0.6076631769380227,0.1259227631950178,0.6076631698328916,0.23370635157681105,0.256832002764217,0.22270014398423357,0.23370635691404026,0.23370635157681108,0.20181322706107543,0.5467381519846138,0.28140560742914383,0.1561049033345227,0.1329642384799526,0.17328820806405806
0.8354835411997897,0.3073580105206753,0.18242553047372242,0.546738151984614,0.7772998560157665,0.3923368230619772,0.8872046004274975,0.16451645470385745,0.28140560140262283,0.11279541001088822,0.10087862813632467,0.11279541224768529,0.2337063622512696,0.22270014398423357,0.11920292984474949,0.30735802320985245,0.18242553047372242,0.30735802320985245,0.15610489155639232,0.33458943461801643,0.08509904152653236
0.9362850008588939,0.7057850216484838,0.48438008427698437,0.5467381519846138,0.6076631698328917,0.5312093733737563,0.6926419767901476,0.874077230244524,0.5312093733737563,0.8933094117351309,0.8596637487122111,0.8175744695262777,0.5312093733737562,0.8267118004748677,0.6370308082623217,0.22270013882530884,0.22270014398423355,0.6926419831347361,0.6926419958239132,0.6076631698328916,0.4687906266262437
0.9553191278192044,0.7772998714925403,0.28140560140262283,0.2689414213699951,0.6224593312018546,0.3923368301671084,0.6926419894793246,0.29421496597446145,0.3345894545235253,0.8596637451167997,0.23370636225126956,0.5926665999540698,0.8354835289107307,0.7981867801399695,0.28140561345566495,0.8519527963298947,0.28140561345566495,0.22270014398423357,0.665410558746814,0.7057850154599563,0.7879311981328135
0.8354835309589074,0.8740772450055544,0.932453306514029,0.3923368301671084,0.6513548646660543,0.9362850039701655,0.817574478416099,0.19193279106941588,0.6076631769380229,0.754914997895581,0.6370307944803832,0.6791787056691698,0.2942149721629888,0.37754066879814546,0.5467381519846138,0.14033625488320037,0.21206881182686205,0.25683199707586785,0.6224593312018546,0.5621765008857981,0.6926419831347362
0.5,0.33458943461801643,0.5926665999540697,0.320821300824607,0.8354835371034368,0.8991213799730775,0.33458943461801643,0.22270014914315836,0.6224593382055109,0.19193278875832634,0.25683199138751883,0.320821300824607,0.32082131381216084,0.8807970654616711,0.24508500210441886,0.6791787056691697,0.6370307806984444,0.6791787056691697,0.6370308013713525,0.33458943461801643,0.25683199707586785
0.6926419894793246,0.45326184801538616,0.3923368372722396,0.7981867849406659,0.256831980010821,0.8438951064805861,0.6224593241981982,0.25683199138751883,0.40733340004593027,0.3629692055196168,0.7185943925708561,0.40733340004593027,0.2120688018671865,0.48438008427698437,0.6224593241981982,0.334589441253186,0.5774953651858117,0.23370636758849894,0.3073580295544412,0.5621765008857981,0.24508501313237172
0.6224593382055109,0.5621765008857981,0.48438008427698437,0.46879062662624377,0.7057850340255386,0.5156199157230156,0.30735802320985245,0.42250463481418826,0.3775406687981454,0.17328819739040088,0.5312093733737563,0.6513548646660543,0.5156199157230156,0.5,0.5774953651858118,0.48438008427698437,0.1732882059293266,0.45326184801538616,0.5926665999540698,0.5774953651858117,0.5156199157230156
0.7310585727705126,0.5774953651858118,0.5774953651858118,0.6076631698328917,0.37754066879814546,0.6076631698328916,0.5467381519846138,0.48438008427698437,0.24508501864634827,0.33458944125318596,0.36296920551961676,0.6076631627277603,0.2942149721629888,0.718594386544335,0.19193279106941585,0.8354835371034368,0.8807970701552505,0.23370636225126956,0.7057850216484837,0.42250463481418826,0.743168019989179
0.6224593312018546,0.8807970779778824,0.4687906266262437,0.18242551936144571,0.11279539584450776,0.23370636225126956,0.1480471999111614,0.10087861394487134,0.13296424706933602,0.33458944125318596,0.25683199707586785,0.11920293140927592,0.11279541523008142,0.2689414096510109,0.2018132174596823,0.17328819952513227,0.13296422817269313,0.1329642487872128,0.1645164608483867,0.2689414213699951,0.18242553047372242
0.7431680086124811,0.7431680199891789,0.29421497216298875,0.5156199157230156,0.20181322946142374,0.45326184801538616,0.24508502416032485,0.19193278413614728,0.5774953651858117,0.5,0.4843800842769843,0.1127954092652892,0.4073334000459302,0.5156199157230157,0.7057850216484838,0.2018132270610754,0.3073580232098525,0.20181321745968234,0.48438008427698437,0.6224593312018546,0.16451645880021026
0.966914019585289,0.7310585786300049,0.8354835371034368,0.5,0.8438951045175643,0.8438951045175643,0.8354835411997897,0.8175744806385542,0.9496693638413347,0.7772998714925403,0.7431680086124811,0.5,0.7549149813536518,0.46879062662624377,0.9362850053035674,0.7772998714925403,0.6926419958239132,0.9196425372343816,0.9099070097026719,0.7431680029241321,0.6791786861878392
0.7549149923816048,0.5774953651858118,0.5621765008857981,0.34864513533394575,0.787931188173138,0.718594386544335,0.3486451217982255,0.1919327841361473,0.914900957313305,0.5774953651858118,0.2942149845400438,0.6791787121629466,0.2942149783515162,0.8991213698363247,0.3486451217982255,0.22270013882530887,0.8438950986284991,0.5156199157230157,0.8740772269642949,0.16451647108926923,0.29421497216298875
0.48438008427698437,0.2337063569140403,0.4225046348141882,0.09534945911506375,0.25683198001082097,0.10087861732378864,0.060086652067521305,0.10669059039516234,0.28140561345566495,0.11279540628289321,0.1259227631950178,0.6654105653819836,0.651354857898194,0.06754669020109234,0.07585817323116976,0.027585279528722435,0.05033063562448701,0.5,0.027585280827791964,0.1732882059293266,0.26894142722948733
0.4843800842769843,0.14033625488320037,0.10669058400428263,0.3073580232098525,0.5156199157230156,0.16451646289656316,0.050330631707179815,0.4843800842769844,0.26894141551050293,0.39233683016710835,0.3775406617944891,0.04208772431105631,0.18242551491653522,0.02931223382523392,0.03963883739921565,0.07585817897661677,0.26894141551050293,0.43782349911420193,0.29421498454004374,0.2120688068470242,0.03308598208318718
0.5774953651858117,0.3629692193015555,0.7772998611746912,0.11920292045759123,0.2120688093369431,0.18242551713899047,0.8080672135527632,0.15610490137150093,0.09534947132582737,0.6926419831347361,0.2689414272294874,0.2689414213699951,0.22270012850745968,0.14804719427274568,0.1403362566809061,0.6224593382055109,0.11279540851969021,0.1645164608483867,0.2942149783515162,0.43782349911420193,0.718594386544335
0.9953904278697676,0.9796676469541568,0.9496693718540082,0.48438008427698437,0.6791786926816161,0.46879062662624377,0.4687906266262437,0.8991213718636754,0.21206880435710534,0.6076631769380229,0.679178699175393,0.42250463481418826,0.6654105454764746,0.7057850340255386,0.3923368301671084,0.6513548714339145,0.39233683016710835,0.2227001491431584,0.29421498454004374,0.9196425229188075,0.5156199157230156
0.9706877708915781,0.6224593312018546,0.7772998611746912,0.6370307875894138,0.20181321986003056,0.7185944046238982,0.7662936484231889,0.5312093733737563,0.5,0.39233683016710835,0.7549149813536518,0.39233683016710835,0.2450850021044189,0.6791787121629466,0.334589441253186,0.2120688018671865,0.6076631698328916,0.6654105653819835,0.4073334000459302,0.622459324198198,0.24508500761839525
0.7981867729389246,0.7310585727705127,0.6926419831347362,0.9099070109242131,0.6513548646660543,0.7185944046238981,0.4225046348141883,0.4225046348141882,0.42250463481418826,0.8438951025545426,0.8740772253241803,0.6513548511303336,0.8438951045175643,0.46879062662624377,0.6076631769380229,0.665410572017153,0.5926665999540697,0.48438008427698437,0.22270014398423357,0.6926419767901475,0.6224593312018546
0.9433475746920261,0.348645142101806,0.9433475719047603,0.4378234991142019,0.3629692055196168,0.9324533149608596,0.2942149783515162,0.08509903862612588,0.05033063633672471,0.06754669583231304,0.2450850131323717,0.04468087440696543,0.2568319913875189,0.19193279106941585,0.09009299579426373,0.05340332772831865,0.3208212878370535,0.10087861935113906,0.06754668410060376,0.8872045929715078,0.30735801686526387
0.6654105521116443,0.40733340004593027,0.2568319856991699,0.36296919173767833,0.23370635691404026,0.3073580105206753,0.2942149783515162,0.2018132174596823,0.23370634623958197,0.1732882037945951,0.665410558746814,0.8354835371034368,0.24508500210441886,0.7057850216484838,0.2018132270610754,0.3073580232098525,0.29421498454004374,0.18242551936144571,0.1732882037945951,0.20181323186177208,0.348645142101806
0.9046505434556231,0.42250463481418826,0.754914975839675,0.0715911935020382,0.04468087345289265,0.0850990490675896,0.07159119746371433,0.07585817375348311,0.256832002764217,0.1192029110704336,0.05340333450779175,0.15610490333452268,0.022977372209866422,0.14804719615221756,0.36296920551961676,0.02758527927890138,0.024423088190126025,0.2568319970758679,0.03514484993784933,0.03514484905358528,0.03308597719693549
0.6791787121629466,0.6513548714339145,0.4687906266262437,0.48438008427698437,0.21206881182686205,0.7310585669110203,0.6926419831347361,0.14804719615221756,0.16451645880021026,0.7057850402140659,0.6076631698328916,0.5621765008857981,0.2942149783515162,0.050330632775536295,0.1403362494900832,0.18242552602881168,0.11279541821247761,0.12592276647524683,0.037326887210266405,0.0715912034062289,0.07585818002124356
0.9896718455958343,0.6791787056691697,0.899121373891026,0.5312093733737563,0.32082130731838393,0.45326184801538616,0.5467381519846138,0.7772998560157665,0.679178692681616,0.9579122740368525,0.4843800842769844,0.5621765008857981,0.7879311956428946,0.9755769090582826,0.8519528038477824,0.3208213138121609,0.8438951084436077,0.2450850131323717,0.43782349911420193,0.8354835309589073,0.7879311906630568
0.9196425300765949,0.7981867777396212,0.6370307806984444,0.679178699175393,0.5926665999540698,0.5467381519846138,0.718594386544335,0.5774953651858118,0.6370307944803831,0.5621765008857981,0.5467381519846138,0.48438008427698437,0.5926665999540698,0.7310585786300049,0.34864514210180597,0.9324533036984185,0.955319134338701,0.6513548782017745,0.718594386544335,0.8872045944627058,0.6370308013713525
0.8438950986284991,0.9324533126145178,0.8519528019683106,0.48438008427698437,0.37754066879814546,0.3486451488696663,0.4225046348141882,0.4687906266262437,0.4532618480153861,0.4378234991142019,0.36296921241058616,0.679178699175393,0.3208213008246071,0.34864513533394575,0.2450850021044189,0.42250463481418826,0.43782349911420193,0.28140560742914383,0.46879062662624377,0.5156199157230156,0.45326184801538616
0.5,0.23370636758849891,0.4225046348141882,0.14033624589467186,0.6513548782017745,0.33458944788835565,0.6926419958239132,0.5621765008857981,0.0715911930068287,0.7310585727705126,0.12592277795604903,0.3486451353339457,0.6076631627277603,0.17328820806405806,0.17328819952513227,0.10669059181535785,0.18242551491653522,0.6076631698328917,0.060086648070103596,0.07159120439664805,0.0715911969685048
0.9433475792711057,0.6076631698328917,0.7185944046238981,0.45326184801538616,0.46879062662624377,0.6370308082623217,0.6076631698328916,0.6926419767901475,0.5156199157230157,0.5312093733737563,0.6370308082623217,0.679178699175393,0.5156199157230157,0.7981867777396212,0.5621765008857981,0.7310585727705127,0.6224593382055109,0.6370308082623217,0.5621765008857981,0.42250463481418826,0.4225046348141883
0.9399133466701362,0.3923368301671084,0.13296423676207597,0.19193279338050545,0.28140561345566495,0.2018132246607271,0.09009299762657567,0.1480472036701053,0.24508501864634824,0.10087862340584003,0.3923368301671084,0.1329642281726931,0.11920291419948607,0.2568319856991699,0.19193278644723683,0.07585817218654307,0.15610489351941398,0.6370307806984444,0.11279541523008142,0.25683199138751883,0.3629691917376783
0.970687772322521,0.5312093733737563,0.9525741286736911,0.46879062662624377,0.665410572017153,0.4378234991142019,0.9284087946129328,0.7057850278370112,0.9324533107374443,0.9496693633071565,0.13296424706933604,0.546738151984614,0.4843800842769843,0.5467381519846138,0.6370307944803832,0.6513548714339145,0.348645142101806,0.6224593312018546,0.5,0.9149009515124917,0.8933094167058151
0.880797085800514,0.30735801686526387,0.2018132150593341,0.4378234991142019,0.17328819952513227,0.37754066879814546,0.16451646289656316,0.16451645880021024,0.18242551713899047,0.7879311956428947,0.0803574649680142,0.0953494738965146,0.11920291576401235,0.33458945452352534,0.14804720179063335,0.7549149978955811,0.19193277951396837,0.13296424878721277,0.11920292045759123,0.718594386544335,0.22270012850745968
0.40733340004593027,0.22270014398423355,0.5621765008857981,0.48438008427698437,0.12592276483513232,0.13296422989056964,0.21206881182686202,0.08035747432819718,0.12592275335433112,0.09534946489910949,0.031143833007721743,0.042087725362387016,0.23370635691404026,0.047425876543490335,0.027585283375966992,0.1919327887583263,0.1329642333263228,0.1329642281726931,0.4225046348141882,0.45326184801538616,0.26894141551050293
0.5774953651858118,0.2120688018671865,0.5774953651858117,0.19193278182505782,0.11279540553729422,0.14033625308549463,0.5467381519846138,0.1732882059293266,0.3775406687981454,0.2568319856991699,0.25683200276421697,0.10087862070270603,0.08509903572571949,0.08509904442693891,0.09534945590170513,0.08509904964767095,0.14804719991116141,0.48438008427698437,0.11920291263495984,0.06371499736323664,0.10669058684467357
0.8807970670261976,0.8080672135527632,0.14804720179063333,0.29421497216298875,0.36296919173767833,0.5774953651858117,0.5,0.24508501864634827,0.05665242271979842,0.5774953651858117,0.16451646084838673,0.14804719239327382,0.34864513533394575,0.24508501313237172,0.15610489940847916,0.5312093733737563,0.1329642436335826,0.4073334000459302,0.10669058542447808,0.15610489940847916,0.05033063224135805
0.817574478416099,0.8519528038477824,0.4532618480153861,0.8267117898012104,0.4378234991142019,0.3629692055196168,0.32082131381216084,0.25683199707586785,0.42250463481418826,0.4225046348141882,0.13296424535145931,0.8596637523076225,0.20181321986003056,0.3208213008246071,0.33458943461801643,0.24508501313237172,0.4225046348141882,0.5312093733737563,0.37754066879814546,0.46879062662624377,0.24508502416032485
0.4073334000459302,0.5312093733737563,0.17328821019878957,0.3775406687981454,0.14033625488320037,0.6076631698328916,0.743168019989179,0.7310585786300049,0.2120688093369431,0.34864514886966624,0.26894141551050293,0.28140561345566495,0.6370307944803832,0.32082130731838393,0.0900929933511812,0.04468086725142008,0.26894141551050293,0.25683198569916993,0.08035746717041012,0.04742587452393618,0.5774953651858118
0.7310585786300049,0.2814056194821861,0.28140560140262283,0.21206881182686202,0.14033624769237754,0.34864513533394575,0.14033624409696624,0.718594386544335,0.22270014914315836,0.07159119647329527,0.056652423516160066,0.6926419767901475,0.05033062939240752,0.07585818733363134,0.07159119647329527,0.651354857898194,0.665410558746814,0.06371498980729229,0.1732882037945951,0.10669059607594457,0.3073580232098525
0.8438951084436077,0.3775406687981454,0.34864514210180597,0.32082128783705344,0.7981867849406659,0.12592277467581975,0.2018132150593341,0.23370636225126956,0.17328820592932656,0.7057850340255386,0.06754668597767713,0.06371499114069418,0.1403362566809061,0.7185943985973772,0.10669058329418492,0.1561048974454574,0.156104893519414,0.28140561345566495,0.11279541299328431,0.7185943985973773,0.25683199707586785
0.6791787121629466,0.5621765008857981,0.3629691986286475,0.33458945452352534,0.8519528057272543,0.2120687968873488,0.37754066879814546,0.8175744828610095,0.2942149783515162,0.30735801686526387,0.7879312056025699,0.743168019989179,0.3486451353339458,0.2689414330889797,0.7662936324115011,0.5926665999540698,0.3775406617944891,0.2018132270610754,0.46879062662624377,0.743167997235783,0.28140561345566495
0.43782349911420193,0.5312093733737563,0.36296921930155557,0.8438951045175643,0.8519528076067262,0.5,0.8267118026095991,0.10669058400428263,0.13296424535145931,0.08509905138791504,0.5156199157230156,0.05033063384389279,0.2689414096510109,0.11279539808130457,0.0758581763650499,0.09534947132582736,0.42250463481418826,0.39233683016710835,0.039638836264712776,0.3629691917376783,0.23370636225126953
0.6513548782017745,0.4225046348141882,0.8267117919359419,0.45326184801538616,0.18242551713899047,0.20181321986003056,0.8354835371034368,0.14033624589467186,0.20181321745968234,0.798186775339273,0.36296921241058616,0.17328820806405806,0.2814055953761018,0.22270013366638422,0.2568319970758679,0.4532618480153861,0.25683199707586785,0.3073580105206753,0.23370635157681108,0.665410572017153,0.4532618480153861
0.8519528000888387,0.5926665999540698,0.5,0.5467381519846138,0.33458943461801643,0.2568319970758679,0.5926665999540697,0.34864513533394575,0.8080672135527632,0.46879062662624377,0.5926665999540698,0.3208213073183839,0.4225046348141883,0.46879062662624377,0.17328819952513225,0.39233683016710835,0.1732882016598637,0.37754066879814546,0.7662936324115011,0.5621765008857981,0.39233683016710835
0.9362850119705769,0.7185943985973772,0.33458943461801643,0.6224593312018545,0.3923368372722396,0.32082131381216084,0.8267118004748677,0.6370307944803831,0.7431680143008301,0.6926419958239132,0.8267117898012104,0.6224593312018546,0.10669058826486906,0.1732882037945951,0.45326184801538616,0.33458944125318596,0.3073580232098525,0.34864514210180597,0.7772998714925403,0.28140560140262283,0.14033625488320037
0.6926419894793246,0.2689414155105029,0.32082130731838393,0.17328819739040088,0.36296920551961687,0.20181322706107543,0.19193279569159505,0.16451646494473965,0.20181322946142374,0.15610489351941398,0.7879312006227324,0.13296424878721277,0.1329642419157059,0.20181322226037882,0.20181322706107543,0.19193279106941588,0.13296422989056964,0.19193279338050542,0.12592276811536138,0.6370307806984444,0.4378234991142019
0.8354835289107309,0.6076631627277603,0.7662936430859597,0.7549149813536518,0.6926419894793246,0.348645142101806,0.22270013882530884,0.5156199157230157,0.32082131381216084,0.20181322946142377,0.21206880933694314,0.2337063569140403,0.21206879937726764,0.16451646699291617,0.5926665999540697,0.4378234991142019,0.30735801686526387,0.2942149783515162,0.1919327772028789,0.2689414272294874,0.320821300824607
0.9706877672347238,0.6791787056691697,0.5774953651858117,0.48438008427698437,0.5774953651858117,0.5,0.8991213813246444,0.5926665999540698,0.4378234991142019,0.3923368372722396,0.5,0.8175744806385543,0.3486451353339458,0.6926419894793248,0.4073334000459302,0.5774953651858118,0.6926419894793248,0.546738151984614,0.5156199157230156,0.3208212878370535,0.3923368230619772
0.7879312031126512,0.48438008427698437,0.5156199157230157,0.16451646084838673,0.13296423504419935,0.3345894545235253,0.5156199157230156,0.7662936377487304,0.14804719427274565,0.5467381519846138,0.6076631698328916,0.4378234991142019,0.1561048915563923,0.48438008427698437,0.4225046348141882,0.7772998560157665,0.1561048954824357,0.7185943985973772,0.16451646904109268,0.5774953651858118,0.6224593312018545
0.932453306514029,0.2120688018671865,0.8175744673038222,0.1480472036701053,0.24508501864634827,0.2568319970758679,0.10087862205427303,0.10087862746054113,0.05033063669284356,0.07159119597808575,0.7879312031126512,0.10087862205427303,0.679178699175393,0.08035746386681628,0.08035746111382149,0.09534947196849917,0.06371500047450808,0.23370634623958195,0.8354835411997897,0.7185943925708561,0.34864513533394575
0.8991213874066956,0.5312093733737563,0.5,0.37754066879814546,0.46879062662624377,0.23370634623958195,0.18242553047372242,0.8267118026095992,0.21206881431678098,0.39233683016710835,0.2942149597859341,0.19193279106941588,0.23370634623958195,0.1824255326961778,0.8267117855317474,0.8354835309589074,0.2942149659744614,0.23370635691404026,0.3775406617944891,0.34864513533394575,0.37754066879814546
0.6654105521116443,0.546738151984614,0.18242551713899047,0.16451646494473968,0.22270013366638422,0.2568319856991699,0.8596637505099167,0.21206881182686202,0.3923368301671084,0.7879311956428947,0.48438008427698437,0.12592276483513232,0.1403362440969662,0.8080672089305841,0.20181322946142374,0.48438008427698437,0.21206881431678098,0.8438950986284991,0.7981867753392728,0.7879312056025699,0.7431680086124812
0.9579122743372328,0.6370307875894139,0.9706877715275527,0.8519528094861981,0.651354857898194,0.9706877661747662,0.679178699175393,0.9755769098127512,0.7549149868676284,0.6654105521116443,0.5926665999540698,0.9740426439324669,0.7057850216484837,0.36296921241058616,0.8519528076067262,0.8175744695262777,0.8438950966654772,0.766293653760418,0.987568351227792,0.4532618480153861,0.3923368372722396
0.5156199157230157,0.8080672089305841,0.12592275663455996,0.4532618480153861,0.11279539733570562,0.4073334000459302,0.24508500761839527,0.12592275171421674,0.3073580105206753,0.2814056194821861,0.42250463481418826,0.2942149597859341,0.6513548646660542,0.20181322946142374,0.5,0.1561049033345227,0.28140560742914383,0.3629691917376783,0.17328820806405806,0.23370636225126953,0.06754669348597103
0.6926419767901475,0.7772998611746911,0.5621765008857981,0.4687906266262437,0.1919327772028789,0.7549149978955811,0.22270014398423357,0.16451646699291614,0.21206879439743007,0.3629691986286475,0.7549149813536518,0.23370636225126956,0.6926419831347361,0.11920291419948607,0.37754066879814546,0.1329642316084462,0.7981867729389246,0.5,0.34864514210180597,0.24508501864634824,0.5
0.5926665999540698,0.8670357477770336,0.23370635157681108,0.12592277303570512,0.1259227582746744,0.2942149659744614,0.3073580232098525,0.15610489351941398,0.22270013366638422,0.2018132150593341,0.334589441253186,0.0850990519679964,0.23370635691404026,0.2120688018671865,0.1645164608483867,0.6224593312018546,0.17328821233352107,0.5621765008857981,0.5774953651858117,0.11920292984474946,0.19193279106941585
0.8596637469145053,0.8519528038477824,0.2942149721629888,0.16451645675203383,0.4073334000459302,0.14804720367010532,0.37754066879814546,0.30735801686526387,0.20181322706107543,0.8175744850834648,0.23370635691404026,0.798186775339273,0.798186775339273,0.06754669254743426,0.7981867753392728,0.7772998663336158,0.7772998663336157,0.22270013882530884,0.7431680086124812,0.7772998611746911,0.09534945911506375
0.5,0.4073334000459302,0.6370308082623217,0.08509905080783367,0.1561049033345227,0.32082130731838393,0.5467381519846138,0.24508501864634827,0.32082128783705344,0.07159119251161919,0.24508500761839525,0.09009299884811699,0.14033625308549463,0.0900929884650163,0.08035747377759817,0.05340332810495602,0.24508501864634827,0.05033062814599172,0.5,0.10087861935113906,0.4532618480153861
0.665410558746814,0.24508500761839525,0.5926665999540698,0.20181322466072713,0.43782349911420193,0.22270012850745968,0.15610489351941398,0.20181322706107538,0.11279540106370037,0.7057850154599563,0.09534947196849916,0.11279540777409121,0.14033625308549463,0.1192029095059074,0.3775406687981454,0.10087861259330445,0.050330627077635325,0.16451646494473965,0.6654105653819836,0.320821300824607,0.7662936430859597
0.546738151984614,0.3629692055196168,0.8933093961129794,0.42250463481418826,0.30735802955444114,0.1919327864472368,0.7981867777396212,0.19193279106941585,0.1824255304737224,0.4073334000459302,0.22270014398423357,0.798186775339273,0.2018132198600306,0.18242552825126704,0.5,0.7772998611746912,0.20181322706107543,0.743167997235783,0.8175744806385543,0.334589441253186,0.23370635157681108
0.8175744828610095,0.6926419894793246,0.9196425262224018,0.2942149783515162,0.5,0.21206879688734884,0.22270014914315836,0.48438008427698437,0.8933094167058151,0.3208212943308302,0.14033624949008322,0.5774953651858118,0.5156199157230157,0.4532618480153861,0.6224593312018545,0.3923368301671084,0.5926665999540697,0.40733340004593027,0.8438950947024555,0.5926665999540698,0.8519527944504227
0.6513548646660542,0.3775406687981454,0.1403362476923775,0.39233683016710835,0.17328819739040088,0.7772998560157665,0.679178699175393,0.1127954092652892,0.05340333507274787,0.10087861394487135,0.6370307806984444,0.5156199157230156,0.5312093733737563,0.6791787121629466,0.3629691917376783,0.3073580295544412,0.5467381519846138,0.5467381519846138,0.17328821233352107,0.06008665311947337,0.39233683016710835
0.7879311931529758,0.6076631698328916,0.8175744739711883,0.8596637487122111,0.42250463481418826,0.6224593312018546,0.2942149845400438,0.23370636758849891,0.23370636758849894,0.29421497216298875,0.3345894279828469,0.7981867801399694,0.4378234991142019,0.6513548714339145,0.1824255149165352,0.43782349911420193,0.5312093733737563,0.7431680086124812,0.8175744761936437,0.32082129433083023,0.7772998611746912
0.7431680086124811,0.2942149659744614,0.24508500761839525,0.39233683016710835,0.8872046019186954,0.8740772318846387,0.46879062662624377,0.8596637523076225,0.743168019989179,0.28140561345566495,0.5156199157230156,0.1561048915563923,0.3629692055196168,0.30735801052067535,0.18242552602881168,0.843895106480586,0.4225046348141882,0.4843800842769843,0.7879311931529758,0.8991213820004279,0.34864513533394575
0.6224593312018545,0.3923368301671084,0.1561049013715009,0.42250463481418826,0.8519528057272543,0.29421498454004374,0.09009299762657567,0.14033625488320037,0.06008665311947337,0.30735801686526387,0.348645142101806,0.11920292202211756,0.08509904848750825,0.18242551936144574,0.3486451285660856,0.24508500761839525,0.1645164710892692,0.8740772236840656,0.8596637469145053,0.11920292984474948,0.0503306315291204
0.9603611624589715,0.19193278182505782,0.28140560742914383,0.5774953651858118,0.5312093733737563,0.3775406687981454,0.16451646289656316,0.14033625488320034,0.07585818628900447,0.7185943805178138,0.0803574622150194,0.14804720179063335,0.11920293453832885,0.33458944125318596,0.45326184801538616,0.06754668832401889,0.1732882059293266,0.6513548646660543,0.39233683016710835,0.28140560140262283,0.5774953651858117
0.9196425344813868,0.718594386544335,0.9046505428129514,0.8991213705121082,0.5926665999540698,0.30735801686526387,0.3629691986286475,0.9099069980980297,0.867035771827307,0.8175744717487329,0.8267117876664789,0.5621765008857981,0.2942149659744614,0.5467381519846138,0.3073580295544412,0.7549149758396752,0.2018132150593341,0.5156199157230156,0.15610489351941398,0.5621765008857981,0.4687906266262437
0.6076631698328917,0.1732882123335211,0.3073580168652638,0.28140560742914383,0.7549149813536518,0.24508501864634824,0.32082131381216084,0.11279541150208626,0.37754066879814546,0.28140560742914383,0.07159120043497157,0.718594386544335,0.6076631698328916,0.5774953651858118,0.1192029188930649,0.2942149659744614,0.18242553047372242,0.22270014398423357,0.10087862948789174,0.056652423117979245,0.32082128783705344
0.5467381519846138,0.5774953651858118,0.5312093733737563,0.4687906266262437,0.2814056014026228,0.24508501313237172,0.2689414272294874,0.2942149783515162,0.46879062662624377,0.2814056194821862,0.48438008427698437,0.5774953651858117,0.5312093733737563,0.6370307944803831,0.42250463481418826,0.6654105720171531,0.3775406758018019,0.6791786861878392,0.23370635691404026,0.36296919862864757,0.48438008427698437
0.5926665999540698,0.39233683016710835,0.7549149978955811,0.33458943461801643,0.1480471999111614,0.18242552158390102,0.16451646904109266,0.7431680143008301,0.6224593312018546,0.30735800417608683,0.06371499114069418,0.24508500761839525,0.23370635157681108,0.7772998508568416,0.7549149923816048,0.22270014914315836,0.2450850131323717,0.08035746827160807,0.24508501313237172,0.1008786132690879,0.718594386544335
0.7981867777396212,0.5467381519846138,0.45326184801538616,0.8933094138654242,0.9046505286741726,0.6370307944803832,0.2568319970758679,0.5,0.7057850154599563,0.8596637541053281,0.7879311931529758,0.3486451488696663,0.25683198001082097,0.5926665999540698,0.5926665999540697,0.6791786926816161,0.5621765008857981,0.7057850278370112,0.7310585727705126,0.7057850340255386,0.8354835391516133
0.9783846649132582,0.9284087931273041,0.7879311931529759,0.6370307944803832,0.6224593312018546,0.40733340004593027,0.4843800842769843,0.3486451217982255,0.8267117962054048,0.9284088064979618,0.874077222043951,0.7772998611746911,0.20181321745968234,0.7879311956428946,0.8991213813246444,0.5621765008857981,0.8740772286044095,0.7310585669110203,0.7981867825403176,0.3775406687981454,0.16451646699291617
0.7310585727705127,0.718594386544335,0.20181322946142374,0.3486451285660856,0.7057850340255386,0.6370308082623217,0.7662936324115011,0.3923368230619772,0.6654105521116443,0.6926419704455588,0.9284087990698189,0.8933094053442511,0.9284087965937711,0.9046505280315008,0.6076631698328916,0.6513548646660543,0.7310585727705127,0.5621765008857982,0.8080672181749422,0.8519528019683106,0.3486451285660856
0.970687768135688,0.9669140201811735,0.6654105653819836,0.96267311131724,0.9465966683169887,0.6926419767901475,0.9465966732132748,0.6370307806984444,0.5926665999540698,0.39233683016710835,0.2814056014026228,0.5156199157230157,0.3208213138121609,0.6224593312018546,0.960361158630024,0.9740426403532982,0.5312093733737563,0.5621765008857981,0.4225046348141882,0.40733340004593027,0.5621765008857982
0.9465966660571643,0.5926665999540697,0.7549149978955811,0.42250463481418826,0.5467381519846138,0.5621765008857981,0.9196425300765949,0.8807970795424087,0.34864513533394575,0.8807970748488297,0.9046505325302034,0.34864513533394575,0.4378234991142019,0.679178699175393,0.5467381519846138,0.5,0.4687906266262437,0.39233683016710835,0.6654105653819836,0.5467381519846138,0.6224593241981982
0.9433475701129462,0.6224593382055109,0.4687906266262437,0.9433475800674673,0.7772998663336157,0.6513548714339144,0.34864512856608554,0.7549149758396752,0.23370636225126956,0.9465966707651318,0.46879062662624377,0.9525741256443601,0.18242553047372242,0.3208213073183839,0.7662936484231889,0.7057850402140659,0.718594386544335,0.17328819952513227,0.6926419894793246,0.9433475689184037,0.36296919862864746
0.899121375242593,0.2942149597859341,0.2689414330889797,0.5156199157230157,0.256831980010821,0.43782349911420193,0.8175744806385542,0.33458944125318596,0.19193279569159502,0.16451646289656316,0.11920292828022307,0.16451646494473965,0.7981867777396212,0.23370635157681108,0.2942149783515162,0.7310585786300049,0.21206879439743004,0.8596637451167997,0.22270013882530884,0.867035771827307,0.1259227648351323
0.8991213786215105,0.7662936324115011,0.8933094046341532,0.5156199157230157,0.8807970732843033,0.8740772351648677,0.45326184801538616,0.5926665999540698,0.26894141551050293,0.33458944125318596,0.4687906266262437,0.6076631698328916,0.14804719051380197,0.4532618480153861,0.16451646904109266,0.4532618480153861,0.7185943985973772,0.42250463481418826,0.43782349911420193,0.5774953651858118,0.5156199157230156
0.8175744695262777,0.7431680086124811,0.7185943985973773,0.6791787121629466,0.20181322946142374,0.4073334000459302,0.1259227582746744,0.18242552158390105,0.1732882016598637,0.20181321986003056,0.5156199157230156,0.2568319856991699,0.07159120637748637,0.256832002764217,0.14804720179063335,0.21206881182686202,0.5621765008857981,0.05340333092973641,0.11920291107043361,0.5926665999540698,0.5774953651858118
0.8596637577007394,0.718594386544335,0.9099069987088003,0.4843800842769843,0.5467381519846138,0.8596637559030338,0.30735800417608683,0.46879062662624377,0.24508501313237172,0.39233683016710835,0.7057850154599562,0.5621765008857982,0.34864513533394575,0.3486451488696663,0.4073334000459302,0.5926665999540698,0.5156199157230156,0.5,0.28140561345566495,0.39233683016710835,0.4843800842769843
0.718594386544335,0.2568319970758679,0.36296921930155557,0.1480472055495773,0.15610490333452268,0.23370635157681108,0.21206879688734884,0.24508500761839527,0.11279539584450775,0.16451646494473965,0.13296423504419938,0.11920292202211756,0.18242552158390102,0.14033624769237754,0.20181321745968234,0.10087861664800518,0.5774953651858118,0.1919327841361473,0.6513548714339145,0.18242552380635632,0.13296424706933604
0.7662936324115011,0.3345894478883556,0.2814056194821861,0.23370635157681108,0.4843800842769844,0.5156199157230156,0.36296921241058616,0.14804719615221756,0.7549149813536516,0.8354835289107309,0.2814055953761019,0.2814056194821861,0.09009300129119967,0.7879311981328135,0.0758581784543034,0.48438008427698437,0.32082131381216084,0.17328821019878957,0.8267117962054049,0.48438008427698437,0.8080672112416737
0.8519528038477825,0.24508500761839525,0.8354835411997897,0.8596637469145054,0.42250463481418826,0.1919327841361473,0.24508501864634824,0.320821300824607,0.22270014398423357,0.13296424019782926,0.10669058684467357,0.14804719427274568,0.1919327887583263,0.2227001336663842,0.0953494648991095,0.06754668691621382,0.2689414272294874,0.08035747432819719,0.08509905138791503,0.28140561345566495,0.7310585727705126
0.6791786861878392,0.4532618480153861,0.5621765008857982,0.3775406617944891,0.5,0.5774953651858118,0.21206879439743007,0.3629691986286475,0.39233683016710835,0.36296921930155557,0.25683199138751883,0.24508501313237174,0.34864513533394575,0.2689414213699951,0.18242552380635635,0.3073580105206753,0.19193278644723683,0.3486451488696663,0.21206880684702423,0.2814056134556649,0.28140561345566495
0.5926665999540697,0.26894141551050293,0.13296424878721277,0.18242552602881168,0.15610489351941398,0.28140561345566495,0.7185944046238982,0.1561049033345227,0.6076631698328916,0.18242551713899047,0.05665243068341545,0.37754067580180184,0.2450850021044189,0.10087862746054113,0.08509905138791503,0.20181321745968234,0.18242552380635635,0.07159119746371433,0.05665242172434636,0.09534946811246837,0.0637149924740961
0.9284088040219143,0.5156199157230156,0.4532618480153861,0.24508500761839525,0.17328820806405804,0.14033625128778893,0.3629691917376783,0.4073334000459302,0.10087861799957212,0.42250463481418826,0.22270012850745968,0.48438008427698437,0.1919327864472368,0.6224593312018545,0.16451646289656316,0.37754067580180184,0.5,0.2337063622512696,0.3073580105206753,0.4225046348141882,0.4378234991142019
0.8519527982093666,0.20181322706107538,0.39233683016710835,0.8807970701552505,0.8354835289107309,0.2689414272294874,0.2942149783515162,0.13296425222296632,0.36296921241058616,0.11920292671569667,0.09534945590170513,0.19193277951396837,0.11920290950590741,0.40733340004593027,0.1561048954824357,0.1561048974454574,0.46879062662624377,0.14804719427274568,0.14033625488320037,0.30735800417608683,0.3486451353339458
0.8872045937171068,0.6370307944803832,0.24508500761839525,0.0900929933511812,0.6926419894793248,0.07159119597808576,0.16451645675203386,0.1403362530854946,0.09009299151886932,0.04742586863357033,0.34864514210180597,0.3208213138121609,0.7662936484231889,0.3073580232098525,0.7772998663336158,0.07159119944455247,0.6224593382055109,0.7185944046238981,0.035144847790350965,0.17328819952513227,0.6513548714339145
0.8175744673038222,0.40733340004593027,0.2814055953761018,0.22270014398423357,0.28140560140262283,0.39233683016710835,0.2018132126589859,0.18242552380635635,0.6513548782017745,0.6791786926816161,0.2568319856991699,0.10669058755477133,0.24508501864634824,0.22270014914315836,0.10087861664800517,0.11279539733570562,0.07585817427579646,0.1732882016598637,0.09534946040040722,0.06754669770938672,0.6654105653819835
0.7549149813536518,0.4073334000459302,0.21206881431678096,0.8519527982093666,0.1919327772028789,0.22270014398423355,0.2568319970758679,0.8175744717487329,0.14033625488320034,0.8175744850834649,0.7057850216484837,0.8807970732843033,0.2120688093369431,0.8354835371034368,0.18242552380635632,0.3073580168652638,0.22270014398423357,0.8354835330070839,0.8519527963298947,0.11920292515117027,0.22270014398423357
0.8596637433190939,0.8438950966654774,0.2942149721629888,0.12592276647524686,0.3073580105206753,0.28140560140262283,0.16451646289656316,0.34864513533394575,0.3073580105206753,0.2337063515768111,0.11279539808130458,0.12592277139559055,0.23370636225126956,0.39233683016710835,0.11920292515117027,0.07585818263281054,0.37754066879814546,0.348645142101806,0.8267117983401363,0.25683200276421697,0.16451646494473965
0.8267117940706734,0.7057850402140659,0.4843800842769843,0.5621765008857982,0.6513548511303336,0.23370635157681105,0.14033624409696624,0.718594386544335,0.39233683016710835,0.37754066879814546,0.3486451285660856,0.5312093733737562,0.7057850278370112,0.5774953651858118,0.4073334000459302,0.33458944125318596,0.5467381519846138,0.2450850131323717,0.1561049033345227,0.3629692055196168,0.3208213073183839
0.6513548714339144,0.37754066879814546,0.34864514210180597,0.7772998560157665,0.15610490529754448,0.32082129433083023,0.28140560742914383,0.7057850340255386,0.09534947004048376,0.320821300824607,0.15610489744545739,0.21206879688734884,0.7057850340255386,0.10669060033653142,0.2568319970758679,0.6926419767901475,0.48438008427698437,0.3073580168652638,0.718594386544335,0.11279540479169524,0.6926419831347361
0.9496693622387998,0.3923368372722396,0.2689414272294874,0.46879062662624377,0.20181322946142372,0.32082130731838393,0.4073334000459302,0.8670357615200474,0.26894142136999505,0.11920292045759123,0.8175744695262775,0.2568319970758679,0.14033625308549463,0.1127954033004973,0.1919327841361473,0.40733340004593027,0.23370635157681105,0.7772998663336158,0.3208213138121609,0.3629691986286475,0.1561048915563923
0.7772998663336158,0.5926665999540698,0.5621765008857982,0.5312093733737563,0.3208212943308302,0.5312093733737563,0.5467381519846138,0.7662936484231889,0.22270012850745968,0.19193278875832634,0.3775406687981454,0.19193279106941588,0.7431680143008301,0.4225046348141882,0.2568319970758679,0.4687906266262437,0.2814056014026228,0.5312093733737562,0.19193279338050545,0.6076631627277604,0.5926665999540698
0.8438951104066293,0.5312093733737563,0.826711791935942,0.18242551491653522,0.18242551713899047,0.2568319856991699,0.09534946875514017,0.10669058826486906,0.08035746056322254,0.25683200276421697,0.0637149933630307,0.08509904036636975,0.19193279338050545,0.060086645124638065,0.22270013882530884,0.07585817897661677,0.6224593312018546,0.05340332565681315,0.18242552380635635,0.5156199157230157,0.5774953651858117
0.8933094152856196,0.8438951025545426,0.5312093733737563,0.2814055953761019,0.4378234991142019,0.2689414096510108,0.23370636758849894,0.798186784940666,0.7662936430859598,0.3345894478883556,0.5774953651858118,0.7662936484231889,0.5156199157230157,0.5156199157230156,0.4378234991142019,0.4073334000459302,0.48438008427698437,0.4073334000459302,0.22270013882530884,0.4687906266262437,0.2942149659744614
0.9046505428129514,0.6791786926816161,0.6926419894793246,0.8080672066194946,0.30735801052067524,0.6076631698328916,0.4687906266262437,0.29421497216298875,0.8354835350552603,0.5,0.2942149659744614,0.22270013882530884,0.7549149923816048,0.7981867777396211,0.7772998663336158,0.6513548714339144,0.42250463481418826,0.7057850216484838,0.7310585727705126,0.34864513533394575,0.334589441253186
0.6076631698328916,0.39233683016710835,0.6224593312018546,0.13296422989056966,0.09009298968655749,0.18242552158390102,0.07159120736790554,0.09534945782972029,0.24508501313237174,0.6224593312018546,0.718594386544335,0.5926665999540698,0.0715911939972477,0.0637149969187693,0.7057850216484838,0.07585818524437761,0.053403332436286,0.06754668644694548,0.1732881995251323,0.04742586829697803,0.6791786926816161
0.9867771783692136,0.24508500761839525,0.19193277951396834,0.23370635157681108,0.817574471748733,0.7549149923816048,0.10087862881210821,0.07585817323116975,0.2018132126589859,0.7310585727705126,0.7185943985973772,0.09009300251274102,0.24508501864634827,0.09534946425643773,0.08035746827160808,0.2337063515768111,0.11920292828022305,0.7057850216484838,0.15610489940847913,0.34864513533394575,0.6370308082623217
0.8080672112416737,0.9099070151996071,0.14804719803168948,0.5,0.4073334000459302,0.32082129433083023,0.8438951064805861,0.8807970842359877,0.5621765008857981,0.43782349911420193,0.1008786267847576,0.10669059465574897,0.808067204308405,0.06371499202962878,0.7981867705385762,0.1127954070284922,0.0953494616857507,0.8807970748488297,0.40733340004593027,0.06371498980729229,0.32082129433083023
0.32082129433083023,0.8740772417253256,0.12592275663455996,0.13296423504419938,0.5467381519846138,0.2018132198600306,0.06371499869663869,0.40733340004593027,0.33458944125318596,0.20181321745968234,0.20181322706107543,0.5,0.46879062662624377,0.43782349911420193,0.06008665648572012,0.1561048954824357,0.16451646289656316,0.1732882059293266,0.03514484880093841,0.21206879937726766,0.39233683016710835
0.8080672112416737,0.6370307875894139,0.9196425311777929,0.7310585786300049,0.7185943805178139,0.4225046348141882,0.6370307944803831,0.8991213833519949,0.5312093733737563,0.9465966654922082,0.3775406687981454,0.36296920551961687,0.7549149868676283,0.7549149758396752,0.6926419894793246,0.7772998663336158,0.6513548782017745,0.8933094159957174,0.5926665999540698,0.8438950966654774,0.5621765008857981
0.9669140237564794,0.651354857898194,0.6370307944803832,0.5156199157230156,0.975576908481336,0.7981867729389246,0.37754067580180184,0.6076631698328917,0.3073580105206753,0.29421497216298875,0.9648551552414112,0.40733340004593016,0.2568319856991699,0.7057850216484838,0.7549149868676283,0.9796676454329775,0.9579122707326702,0.5312093733737563,0.9706877725345125,0.6370308082623217,0.9362850079703713
0.9908743604970593,0.6654105653819835,0.5621765008857982,0.8933094131553264,0.5926665999540698,0.5156199157230157,0.4073334000459302,0.4073334000459302,0.3923368301671084,0.9553191338616647,0.5926665999540698,0.6926419894793248,0.9496693647316318,0.6926419894793248,0.7662936377487305,0.3073580295544412,0.25683198569916993,0.320821300824607,0.7057850154599563,0.7185944046238981,0.24508501313237172
0.9324533121452494,0.28140560140262283,0.21206881431678098,0.1919327864472368,0.8807970670261976,0.4378234991142019,0.4378234991142019,0.33458945452352534,0.18242551713899047,0.8596637541053281,0.8354835371034368,0.09534947132582736,0.12592275827467436,0.787931185683219,0.334589441253186,0.14033624589467186,0.30735802955444125,0.8354835411997897,0.2568319856991699,0.348645142101806,0.08509904500702023
0.9149009509324104,0.32082129433083023,0.4532618480153861,0.3923368301671084,0.42250463481418826,0.23370635157681108,0.7879311906630568,0.1561048915563923,0.2942149783515162,0.8438951084436077,0.10087861259330445,0.0803574600126236,0.7981867705385762,0.33458943461801643,0.12592276811536138,0.1066906024668249,0.8175744739711883,0.42250463481418826,0.7549149813536518,0.48438008427698437,0.4073334000459302
0.7662936484231889,0.5926665999540698,0.25683199138751883,0.19193278644723683,0.5312093733737563,0.1732882059293266,0.2942149783515162,0.5312093733737563,0.39233683016710835,0.24508502416032488,0.33458944788835565,0.2018132246607271,0.16451645880021026,0.1403362566809061,0.8267117898012105,0.8438950966654772,0.16451646904109266,0.8519528000888387,0.4073334000459302,0.8267117962054048,0.4073334000459302
0.808067204308405,0.5156199157230156,0.5774953651858117,0.5,0.4687906266262437,0.6370307944803832,0.8354835289107307,0.8807970732843033,0.6224593241981982,0.20181322946142372,0.18242551491653522,0.33458943461801643,0.7662936377487305,0.7981867825403176,0.8080672066194946,0.22270013882530887,0.2568319913875189,0.5621765008857981,0.5621765008857981,0.7185943805178139,0.5621765008857981
0.9149009503523291,0.8267117855317474,0.7185943925708562,0.6791787121629466,0.9706877701496077,0.5467381519846138,0.5926665999540697,0.9669140200619966,0.5774953651858117,0.6513548646660543,0.6076631698328916,0.5774953651858117,0.4687906266262437,0.4843800842769844,0.7185943805178139,0.5312093733737563,0.5926665999540698,0.7431680029241321,0.6654105521116445,0.4378234991142019,0.42250463481418826
0.7310585669110203,0.3775406617944891,0.2450850131323717,0.6224593382055109,0.26894141551050293,0.22270014914315836,0.5,0.893309411735131,0.6370307944803831,0.43782349911420193,0.6370308013713525,0.15610489155639232,0.23370635691404026,0.17328821233352107,0.8175744806385543,0.8519528057272543,0.8438950986284991,0.22270013882530884,0.3775406687981454,0.3208213073183839,0.5926665999540698
0.9796676473251761,0.48438008427698437,0.6370307875894139,0.7772998611746912,0.7662936484231889,0.4687906266262437,0.5156199157230156,0.3345894346180164,0.6076631698328916,0.40733340004593027,0.4225046348141883,0.34864514886966624,0.2942149597859341,0.334589441253186,0.32082130731838393,0.5,0.36296921930155557,0.5156199157230157,0.5621765008857981,0.43782349911420193,0.3208213138121609
0.960361163026223,0.3775406687981454,0.20181322226037884,0.2689414330889797,0.2689414213699951,0.18242552158390102,0.36296919173767833,0.8670357701094303,0.4687906266262437,0.33458942798284697,0.3345894478883556,0.28140560140262283,0.26894141551050293,0.3775406687981454,0.32082129433083023,0.13296422989056964,0.320821300824607,0.22270014398423357,0.26894141551050293,0.24508501864634824,0.8354835350552604
0.48438008427698437,0.1732881995251323,0.3486451217982255,0.6224593312018546,0.5774953651858118,0.11279539509890883,0.1561048954824357,0.2568319856991699,0.08035746386681628,0.08035746882220708,0.21206879688734884,0.37754066879814546,0.1645164608483867,0.07585818681131791,0.348645142101806,0.08035746772100909,0.07585818628900447,0.12592275991478882,0.2942149721629888,0.320821300824607,0.3073580105206753
0.9755769095020878,0.9362850066369692,0.8670357683915538,0.8740772368049822,0.9648551509464147,0.7662936377487304,0.78793120560257,0.42250463481418826,0.6513548714339144,0.6926419958239132,0.25683200276421697,0.6370307875894139,0.9525741268224331,0.8267117919359419,0.9284088064979618,0.7879311956428946,0.16451645880021026,0.1403362476923775,0.968856169802441,0.8438950986284991,0.4532618480153861
0.6076631698328916,0.348645142101806,0.23370634623958197,0.13296424363358259,0.18242552380635635,0.1403362512877889,0.42250463481418826,0.24508501864634827,0.08035746661981112,0.7772998714925403,0.3629692055196168,0.06371498847389044,0.06754669583231306,0.050330636870902994,0.050330627255694725,0.20181322226037884,0.6791787056691698,0.05033063402195221,0.053403324150263734,0.7057850340255386,0.09534947068315557
0.936285000858894,0.45326184801538616,0.5774953651858117,0.8740772269642949,0.7057850154599562,0.7310585786300049,0.334589441253186,0.6076631698328917,0.2450850241603249,0.20181323186177208,0.7310585903489891,0.8519528019683106,0.2942149783515162,0.26894141551050293,0.45326184801538616,0.42250463481418826,0.7549149813536518,0.679178699175393,0.7981867777396212,0.5621765008857981,0.334589441253186
0.9241418241572634,0.743167997235783,0.932453304167687,0.6224593312018546,0.9149009491921664,0.4225046348141882,0.46879062662624377,0.33458943461801643,0.5774953651858118,0.5621765008857981,0.21206880435710532,0.3073580232098525,0.3923368301671084,0.8596637505099167,0.3629692055196168,0.3629692055196168,0.23370636225126953,0.6224593382055109,0.7772998560157663,0.817574478416099,0.14804719615221756
0.9149009613738742,0.7431680143008301,0.6224593312018546,0.6370307806984444,0.5156199157230157,0.5621765008857981,0.48438008427698437,0.3486451217982255,0.24508502416032488,0.3073580105206753,0.3629691917376783,0.39233683016710835,0.2814056194821861,0.5621765008857981,0.6513548714339144,0.15610489351941398,0.5156199157230157,0.6370307875894138,0.3073580232098525,0.5774953651858117,0.20181321265898594
0.9706877674467155,0.952574126654137,0.743167997235783,0.7185943805178139,0.7185943805178139,0.5926665999540698,0.9525741322079105,0.9626731087738417,0.8872045989362997,0.9433475758865687,0.7879311956428946,0.36296921930155557,0.7185943985973773,0.7057850340255386,0.7662936324115011,0.5,0.7431680029241321,0.7549149758396752,0.5621765008857982,0.33458945452352534,0.5
0.9284088055075428,0.9362850115261095,0.8438951084436077,0.8175744828610095,0.5156199157230156,0.6926419894793248,0.9783846696402291,0.8670357632379241,0.7772998560157665,0.9850429099078615,0.4532618480153861,0.4378234991142019,0.4532618480153861,0.30735800417608683,0.9770226310935411,0.9740426454865796,0.9770226325988913,0.665410572017153,0.7662936430859597,0.7981867849406659,0.37754066879814546
0.7981867729389246,0.5312093733737563,0.29421497216298875,0.1561049033345227,0.14033624949008322,0.4687906266262437,0.10087863354259306,0.36296919173767833,0.8991213853793453,0.08509904500702024,0.11279539957250247,0.4532618480153861,0.1008786146206548,0.7879311931529758,0.4073334000459302,0.8872045847699185,0.09009299518349309,0.5312093733737562,0.320821300824607,0.45326184801538616,0.07585818211049714
0.9830850831093675,0.6370307944803831,0.5156199157230156,0.5467381519846138,0.3923368301671084,0.9724147192221723,0.6926419894793248,0.33458944125318596,0.6076631627277604,0.4532618480153861,0.5621765008857982,0.731058584489497,0.6370307944803832,0.5,0.42250463481418826,0.679178692681616,0.9284088035267047,0.5467381519846138,0.2942149597859341,0.7057850278370112,0.4073334000459302
0.9579122765900843,0.9579122725349515,0.4225046348141882,0.9688561726126036,0.8267117919359419,0.6654105454764747,0.4225046348141882,0.9399133540338004,0.9324533144915912,0.7431680029241321,0.9099069968764882,0.9149009584734676,0.7431680086124811,0.48438008427698437,0.904650533815547,0.7662936430859597,0.743168019989179,0.7772998714925403,0.665410572017153,0.5312093733737563,0.743167997235783
0.8872046011730964,0.8596637505099168,0.23370636758849894,0.43782349911420193,0.7057850340255386,0.11920291263495983,0.13296424019782926,0.7772998508568416,0.13296424191570594,0.22270013882530884,0.22270013882530884,0.32082129433083023,0.0850990479074269,0.5621765008857982,0.25683199707586785,0.0803574677210091,0.06371499514089998,0.11920292828022307,0.3629692055196168,0.09009299151886933,0.14033624589467186
0.986777177433519,0.8670357494949105,0.3345894478883556,0.9196425234694067,0.4378234991142019,0.7662936430859597,0.334589441253186,0.46879062662624377,0.880797085800514,0.32082129433083023,0.3923368301671084,0.8267117876664789,0.3345894478883556,0.42250463481418826,0.3208212878370535,0.46879062662624377,0.651354857898194,0.7981867873410141,0.6654105454764747,0.33458943461801643,0.40733340004593027
0.9433475788729249,0.8519527982093666,0.7185943985973772,0.8596637451167997,0.9324533149608596,0.5621765008857981,0.7662936484231888,0.3073580105206753,0.4687906266262437,0.9626731134590488,0.5621765008857981,0.7431680029241321,0.15610489155639232,0.4378234991142019,0.23370634623958195,0.6654105720171531,0.256832002764217,0.5774953651858117,0.9324533140223229,0.6926419958239132,0.22270013882530884
0.7310585669110203,0.24508500761839525,0.8438951084436077,0.13296422645481656,0.8080672112416737,0.21206879937726764,0.7879312031126512,0.8438950986284991,0.11920291732853862,0.09534946104307897,0.8080672181749422,0.07585818054355695,0.15610489940847916,0.08509904674726423,0.09534946040040722,0.12592275335433112,0.2689414272294874,0.7057850340255386,0.07585818158818373,0.7310585669110203,0.22270014398423357
0.7772998663336158,0.4378234991142019,0.18242552825126704,0.18242551491653522,0.28140560742914383,0.23370636225126953,0.7879311906630568,0.7772998714925403,0.5312093733737563,0.7310585727705126,0.12592277467581975,0.1329642436335826,0.10669058329418492,0.21206879439743007,0.17328819952513227,0.754914997895581,0.1561049013715009,0.09009299701580503,0.6076631698328917,0.24508502416032485,0.18242552825126704
0.9908743622571227,0.6224593312018546,0.7431679972357831,0.9465966758497363,0.9525741283370988,0.9399133536130195,0.9669140220880034,0.6791787056691698,0.34864513533394575,0.3923368230619772,0.7310585786300049,0.5621765008857981,0.9046505408849362,0.5,0.8438951084436077,0.24508501313237172,0.808067204308405,0.7879311906630568,0.7772998560157665,0.5156199157230156,0.5621765008857981
0.9284088055075428,0.42250463481418826,0.20181322946142372,0.904650538956921,0.8438951084436077,0.909906999319571,0.32082128783705344,0.16451646699291614,0.34864513533394575,0.43782349911420193,0.2942149659744614,0.1480472055495773,0.3775406617944891,0.12592275499444555,0.14804719615221756,0.1127954070284922,0.28140561345566495,0.15610489548243567,0.8596637487122111,0.4532618480153861,0.1192029235866439
0.6224593241981982,0.29421498454004374,0.3073580168652638,0.5774953651858118,0.3073580105206753,0.16451646494473965,0.19193277951396837,0.1329642539408431,0.13296424706933602,0.16451646084838667,0.2450850131323717,0.2120688093369431,0.15610489155639232,0.11920292515117029,0.12592275663455993,0.2814056074291439,0.09534947132582736,0.20181321745968234,0.1732882059293266,0.1732882144682526,0.334589441253186
0.8519527944504227,0.8740772450055544,0.45326184801538616,0.8354835391516133,0.8933094081846421,0.42250463481418826,0.4225046348141882,0.37754066879814546,0.7310585786300049,0.5926665999540698,0.8267117919359419,0.5774953651858118,0.46879062662624377,0.4532618480153861,0.6370308082623217,0.5312093733737563,0.5,0.743168019989179,0.48438008427698437,0.43782349911420193,0.48438008427698437
0.731058584489497,0.7981867705385762,0.06008665564415842,0.08509904674726423,0.3775406687981454,0.7057850216484838,0.07585818524437761,0.09009298541116337,0.3208212878370535,0.7772998663336158,0.23370635691404026,0.0850990380460446,0.6926419831347361,0.2942149721629888,0.4073334000459302,0.679178699175393,0.2814056014026228,0.7057850216484838,0.16451646699291614,0.2568319856991699,0.18242552825126704
0.9433475754883879,0.9046505280315008,0.8438951045175643,0.9284087931273041,0.9149009497722477,0.7981867705385762,0.2450850131323717,0.2942149783515162,0.23370636225126956,0.46879062662624377,0.24508501864634827,0.5774953651858117,0.6224593312018546,0.7549149923816048,0.5467381519846138,0.6791786861878392,0.6926419767901475,0.4532618480153861,0.37754066879814546,0.48438008427698437,0.45326184801538616
0.8267117983401363,0.5774953651858118,0.40733340004593027,0.17328819952513227,0.6791787056691698,0.7879311956428946,0.8670357580842941,0.29421496597446145,0.665410558746814,0.3208213138121609,0.8519528019683105,0.25683199707586785,0.6654105521116443,0.8080672135527632,0.16451645675203383,0.3208213008246071,0.6926419704455588,0.36296921241058616,0.8175744695262775,0.24508501864634824,0.6654105521116443
0.8175744695262777,0.2568319970758679,0.14804719803168948,0.6370307944803831,0.5621765008857981,0.10669059678604235,0.0758581784543034,0.16451645880021026,0.15610489940847913,0.10669059891633577,0.1066905996264336,0.09009299945888766,0.06008664428307651,0.15610488959337065,0.09009300006965833,0.07159119300682869,0.5774953651858117,0.5,0.4378234991142019,0.22270014914315836,0.09534946811246837
0.9496693695392361,0.9525741281688026,0.5774953651858117,0.46879062662624377,0.5,0.14033625488320037,0.5467381519846138,0.46879062662624377,0.9362850070814366,0.11920291576401235,0.30735801686526387,0.2942149783515162,0.18242551491653522,0.2227001491431584,0.23370635157681108,0.2689414213699951,0.42250463481418826,0.07159119498766672,0.07585817793199001,0.08035746661981112,0.06371499602983464
0.8267117898012104,0.8933094067644466,0.9046505331728752,0.9284087970889806,0.665410558746814,0.7431680029241321,0.3629692055196168,0.8740772318846386,0.9241418126663686,0.5621765008857982,0.7057850340255386,0.5774953651858118,0.39233683016710835,0.4378234991142019,0.5926665999540698,0.5156199157230156,0.34864513533394575,0.45326184801538616,0.7662936430859597,0.5156199157230156,0.8080672112416737
0.8991213745668094,0.665410558746814,0.6513548511303338,0.8175744739711883,0.5621765008857981,0.3775406687981454,0.3629691917376783,0.3775406687981454,0.37754066879814546,0.8670357598021707,0.5156199157230156,0.4532618480153861,0.42250463481418826,0.4073334000459302,0.4225046348141883,0.36296920551961676,0.34864514210180597,0.5774953651858118,0.5,0.5,0.5156199157230156
0.9496693675805825,0.8807970795424087,0.5156199157230156,0.7431680086124812,0.32082130731838393,0.665410558746814,0.8933093996634686,0.25683198001082097,0.4225046348141883,0.5,0.33458945452352534,0.33458943461801643,0.8354835309589073,0.5926665999540698,0.3775406687981454,0.34864514886966624,0.42250463481418826,0.34864514210180597,0.3775406687981454,0.5,0.13296423504419938
0.6791786861878392,0.23370636225126956,0.3208213138121609,0.3629692055196168,0.16451646699291617,0.11279540926528922,0.1480472036701053,0.2689414330889797,0.7057850278370111,0.09534946361376596,0.11920292984474948,0.7662936377487305,0.30735801686526387,0.7549149923816048,0.7772998560157665,0.12592276975547595,0.10669059678604235,0.2942149659744614,0.7772998560157665,0.7310585727705126,0.0850990438468576
0.8807970889295664,0.17328821233352107,0.2689414096510108,0.11920291263495984,0.7057850216484838,0.48438008427698437,0.8267118026095991,0.1403362512877889,0.4532618480153861,0.22270013882530887,0.17328819739040088,0.10087863016367528,0.40733340004593027,0.1919327887583263,0.20181322946142372,0.6926419831347361,0.826711791935942,0.6513548714339145,0.42250463481418826,0.17328819952513227,0.053403333942835626
0.5467381519846138,0.6076631698328916,0.26894142136999516,0.13296423676207597,0.1645164710892692,0.2337063569140403,0.7549149758396752,0.4378234991142019,0.17328821019878957,0.18242551713899047,0.16451646289656316,0.1561048915563923,0.18242552380635635,0.3073580232098525,0.14033625668090613,0.2568319913875189,0.2942149659744614,0.1480472055495773,0.2942149783515162,0.8354835309589073,0.18242552380635635
0.8807970701552505,0.6076631698328916,0.7310585786300049,0.37754066879814546,0.5156199157230157,0.7981867681382279,0.48438008427698437,0.40733340004593027,0.5621765008857981,0.2942149597859341,0.3775406687981454,0.7772998714925403,0.5621765008857981,0.8740772236840656,0.5774953651858117,0.743168019989179,0.39233683016710835,0.3073580105206753,0.2814056134556649,0.334589441253186,0.2450850021044189
0.665410558746814,0.34864514210180597,0.3073580232098525,0.45326184801538616,0.6654105587468141,0.14804719427274568,0.23370636225126956,0.19193278644723677,0.3073580105206753,0.718594386544335,0.22270014398423355,0.10669059607594455,0.2942149597859341,0.6076631698328916,0.1259227582746744,0.22270014914315833,0.09534946489910949,0.6224593312018545,0.4378234991142019,0.23370634623958197,0.48438008427698437
0.5774953651858118,0.17328821019878957,0.16451646494473965,0.13296424363358259,0.1329642384799526,0.1480471961522176,0.8519528000888387,0.7981867801399694,0.28140560742914383,0.10087861867535558,0.7772998663336158,0.25683199707586785,0.2568319856991699,0.07159119251161919,0.10087861799957212,0.06754669395523943,0.7662936484231889,0.23370635157681105,0.5926665999540698,0.20181321505933408,0.28140561345566495
0.7772998714925403,0.24508501864634824,0.5774953651858118,0.6076631698328916,0.16451646289656316,0.36296921241058616,0.08035746827160808,0.050330632775536295,0.11920291263495984,0.14804719427274568,0.22270013882530884,0.07585817479810981,0.11279541373888334,0.08035746882220707,0.09009299151886933,0.20181322946142377,0.053403330741417704,0.04742587334586296,0.2120688093369431,0.14804719427274568,0.07585818472206421
0.9149009625340366,0.5926665999540697,0.37754066879814546,0.3208213138121609,0.5774953651858118,0.23370636758849894,0.16451646289656316,0.5774953651858117,0.4073334000459302,0.22270013366638425,0.5156199157230156,0.45326184801538616,0.182425528251267,0.2689414213699951,0.7185943985973772,0.1732882037945951,0.18242552602881165,0.705785040214066,0.5156199157230156,0.6224593312018546,0.4532618480153861
0.6926419831347361,0.2689414272294874,0.6224593312018546,0.10669058968506456,0.0566524195343519,0.0803574721258011,0.060086647438932404,0.0850990438468576,0.1919327887583263,0.30735801052067524,0.1732882016598637,0.5312093733737563,0.0446808702726502,0.22270013882530884,0.0715912009301811,0.11279540553729424,0.08035747047400407,0.5467381519846138,0.03963884023547297,0.09009299823734633,0.1561049013715009
0.9046505447409665,0.8519528000888387,0.880797068590724,0.5156199157230157,0.8670357649558006,0.8933094074745443,0.914900963114118,0.4532618480153861,0.867035763237924,0.37754066879814546,0.5467381519846138,0.5621765008857981,0.6654105653819836,0.6926419958239132,0.8807970795424088,0.5926665999540698,0.7057850216484838,0.5926665999540698,0.7431680029241321,0.6076631698328917,0.6224593312018546
0.5774953651858118,0.5,0.3345894478883556,0.4687906266262437,0.6076631698328916,0.7879312056025699,0.8080672158638528,0.18242552158390105,0.5312093733737563,0.3345894478883556,0.2689414330889797,0.5926665999540698,0.4225046348141882,0.6076631698328916,0.5,0.3629691917376783,0.5621765008857981,0.19193279338050545,0.2018132198600306,0.6654105653819836,0.16451645675203386
0.8080672158638527,0.843895106480586,0.6654105454764747,0.808067208930584,0.2689414272294874,0.39233683016710835,0.42250463481418826,0.20181321745968234,0.1561048974454574,0.7549149978955811,0.8080672158638527,0.22270013882530887,0.13296424019782924,0.26894141551050293,0.2120688068470242,0.1008786132690879,0.7185943985973772,0.11920292671569667,0.5312093733737563,0.5312093733737563,0.7057850216484837
0.6513548714339144,0.32082130731838393,0.2018132270610754,0.22270014398423357,0.23370636225126956,0.679178699175393,0.17328821019878957,0.16451645470385742,0.18242552602881165,0.679178699175393,0.10669058471438037,0.14804720179063335,0.21206880684702423,0.5926665999540698,0.1645164608483867,0.5774953651858118,0.6926419958239132,0.25683199138751883,0.32082129433083023,0.11920292984474949,0.34864512856608554
0.9399133534026293,0.7772998663336158,0.22270014398423355,0.07159119498766674,0.19193279338050545,0.031143831434030544,0.06754668503914044,0.30735801686526387,0.1480471942727457,0.06754668456987209,0.320821300824607,0.024423092406274136,0.02297737003547147,0.16451646494473965,0.07159119647329527,0.0715911939972477,0.02161533028098803,0.037326887477992524,0.03308597803117354,0.6076631698328916,0.33458944125318596
0.9883127424991458,0.6224593312018546,0.7549149813536518,0.6076631698328916,0.546738151984614,0.665410572017153,0.6370308082623217,0.546738151984614,0.6224593241981982,0.36296921930155557,0.3923368372722396,0.9603611601899656,0.3629692055196168,0.46879062662624377,0.7185943925708562,0.8933094053442511,0.5926665999540698,0.6370307944803831,0.8933094053442511,0.5156199157230156,0.6654105653819836
0.9859363741964573,0.9808759649262345,0.665410558746814,0.9830850875385858,0.5,0.665410558746814,0.45326184801538616,0.7310585786300049,0.9553191338616647,0.7057850402140659,0.6076631698328916,0.6513548782017745,0.30735801052067524,0.9465966654922082,0.46879062662624377,0.5,0.3629692055196168,0.4687906266262437,0.6791787056691698,0.4532618480153861,0.9324533154301279
0.9525741301883566,0.3923368372722396,0.5926665999540698,0.9196425350319858,0.9433475719047603,0.7057850278370112,0.4073334000459302,0.23370635691404026,0.3629691986286475,0.3629692055196168,0.48438008427698437,0.26894141551050293,0.665410558746814,0.5926665999540698,0.8991213691605411,0.48438008427698437,0.6370308013713525,0.40733340004593027,0.8267117898012104,0.4225046348141882,0.6370307944803832
0.9840936105040936,0.43782349911420193,0.29421496597446134,0.30735801686526387,0.7431680029241321,0.3775406687981454,0.7057850340255386,0.2689414272294874,0.23370634623958197,0.1732882037945951,0.28140561345566495,0.2942149845400438,0.268941415510503,0.18242551713899047,0.1732882059293266,0.11920293297380237,0.15610489548243567,0.1561048954824357,0.18242552380635635,0.4225046348141882,0.6370307875894139
0.8807970732843033,0.5774953651858117,0.6076631627277604,0.7879312006227324,0.3486451285660856,0.8438951005915208,0.8175744850834649,0.3208212878370535,0.4687906266262437,0.7879312006227324,0.2337063569140403,0.42250463481418826,0.5467381519846138,0.2568319856991699,0.8080672204860316,0.28140560742914383,0.3208213073183839,0.45326184801538616,0.7057850402140659,0.7772998611746912,0.17328820379459514
0.9688561711513191,0.8807970670261976,0.3629691986286475,0.18242551491653522,0.36296919173767833,0.17328819952513227,0.8080672135527632,0.3775406758018019,0.12592276811536138,0.2942149783515163,0.06754669395523943,0.3629691917376783,0.17328819952513227,0.24508501313237174,0.29421497216298875,0.20181322946142374,0.06008664344151497,0.08509904964767095,0.24508500761839525,0.3775406687981454,0.22270014398423355
0.7057850154599562,0.7772998714925403,0.5621765008857982,0.33458944788835565,0.3923368301671084,0.3629692124105861,0.7057850154599562,0.5156199157230157,0.4843800842769844,0.8080672135527632,0.43782349911420193,0.8438950986284991,0.42250463481418826,0.4687906266262437,0.5,0.651354857898194,0.45326184801538616,0.5774953651858118,0.5467381519846138,0.6224593312018546,0.7662936324115011
0.989671848175618,0.9755769072830622,0.42250463481418826,0.7772998560157665,0.6513548714339144,0.7310585786300049,0.5621765008857981,0.9496693624168593,0.9553191290913013,0.9669140228030646,0.2337063569140403,0.9241418194564431,0.9465966715184065,0.5467381519846138,0.651354857898194,0.4378234991142019,0.6654105720171531,0.6370308013713525,0.6370308013713525,0.9149009491921664,0.22270013366638422
0.9196425377849806,0.9099069980980297,0.45326184801538616,0.26894141551050293,0.30735802320985245,0.26894142136999516,0.23370635157681105,0.1824255304737224,0.2942149597859341,0.2689414272294874,0.9099069987088003,0.30735802320985245,0.2689414272294874,0.3208213138121609,0.22270013882530887,0.16451646904109266,0.8354835371034369,0.15610489351941398,0.14033625668090613,0.256831980010821,0.2120688018671865
0.8670357494949105,0.40733340004593027,0.4225046348141882,0.39233683727223956,0.14033625668090613,0.24508501313237172,0.08035747653059333,0.25683199707586785,0.5312093733737563,0.40733340004593027,0.787931190663057,0.13296424878721277,0.22270012850745968,0.334589441253186,0.12592275499444552,0.18242552158390102,0.23370634623958197,0.09534945975773548,0.40733340004593027,0.15610490529754448,0.09534947132582737
0.9724147188224586,0.9770226312608024,0.3629691986286475,0.78793120560257,0.9688561672170913,0.4073334000459302,0.7431680086124811,0.651354857898194,0.7057850216484837,0.6791787056691698,0.23370636225126953,0.3629692055196168,0.9241418173671895,0.9399133462493554,0.13296425050508953,0.5774953651858117,0.5467381519846138,0.6926419704455589,0.9648551537255302,0.5312093733737563,0.6370308082623217
0.665410558746814,0.5621765008857982,0.5467381519846138,0.4687906266262437,0.6791787056691697,0.4532618480153861,0.21206880684702423,0.2568319856991699,0.3923368372722396,0.679178699175393,0.46879062662624377,0.6076631698328916,0.2227001285074597,0.4687906266262437,0.6654105521116445,0.2942149659744614,0.23370635157681108,0.4378234991142019,0.45326184801538616,0.8670357546485407,0.5774953651858117
0.5312093733737563,0.22270012850745968,0.2568319970758679,0.3073580295544412,0.40733340004593027,0.18242552380635638,0.28140560742914383,0.16451646494473962,0.5156199157230157,0.21206879688734884,0.14033624409696624,0.37754066879814546,0.6513548646660543,0.090093000680429,0.25683199138751883,0.30735801686526387,0.10087863151524237,0.6513548511303336,0.2450850131323717,0.28140560742914383,0.6926419831347361
0.6076631698328917,0.22270014398423357,0.3073580232098525,0.3629692055196168,0.09534947453918642,0.2689414330889797,0.21206880435710532,0.28140560742914383,0.20181321745968234,0.06371499425196533,0.33458943461801643,0.18242551491653522,0.2227001491431584,0.17328821019878954,0.23370636225126956,0.1008786132690879,0.24508500761839525,0.20181322946142374,0.10087862137848953,0.0534033328129234,0.5774953651858118
0.9626731109156508,0.2450850131323717,0.8807970795424088,0.30735802320985245,0.2942149783515163,0.46879062662624377,0.2814055953761019,0.34864513533394575,0.18242552602881165,0.5467381519846138,0.7549149923816048,0.30735800417608683,0.2018132270610754,0.1561049033345227,0.3073580168652638,0.21206880186718646,0.4073334000459302,0.7879312056025699,0.8596637541053281,0.23370634623958195,0.37754066879814546
0.8354835350552603,0.4843800842769843,0.12592277139559052,0.10669059394565118,0.0715911915212002,0.1008786132690879,0.047425875870305605,0.19193277951396834,0.19193279338050542,0.4378234991142019,0.0373268852023206,0.17328820806405804,0.13296425222296632,0.4073334000459302,0.08035746827160808,0.2018132174596823,0.17328820592932662,0.19193279338050542,0.014063627198208329,0.40733340004593027,0.1403362476923775
0.9688561721629777,0.718594386544335,0.6076631698328916,0.8519528000888386,0.622459338205511,0.9770226321807386,0.3923368301671084,0.4073334000459302,0.6370307944803832,0.7310585727705127,0.7310585903489891,0.9648551518306787,0.45326184801538616,0.3775406617944891,0.962673113592912,0.7185943925708561,0.46879062662624377,0.9399133552961427,0.7549149978955811,0.45326184801538616,0.33458943461801643
0.9579122674284875,0.7431680086124811,0.4687906266262437,0.9433475721038507,0.5774953651858118,0.4843800842769844,0.5467381519846138,0.24508501313237172,0.3486451217982255,0.5312093733737563,0.39233683016710835,0.9241418168448761,0.30735800417608683,0.5312093733737563,0.5467381519846138,0.21206880435710534,0.36296921241058616,0.30735801686526387,0.4687906266262438,0.36296921930155557,0.37754066179448903
0.7772998611746911,0.5621765008857981,0.6791787056691698,0.546738151984614,0.6654105521116445,0.6224593312018545,0.42250463481418826,0.2942149659744614,0.39233683016710835,0.8438951045175643,0.45326184801538616,0.5156199157230157,0.48438008427698437,0.7879311856832191,0.37754066879814546,0.42250463481418826,0.8354835350552603,0.7549149978955811,0.6370307806984444,0.25683199707586785,0.37754066879814546
0.45326184801538616,0.6926419831347361,0.28140560742914383,0.37754066179448903,0.48438008427698437,0.19193279569159505,0.12592276811536138,0.05033062761181351,0.07585817479810981,0.08509904790742691,0.46879062662624377,0.0803574600126236,0.0446808731348684,0.07585817584273655,0.48438008427698437,0.04208772446124641,0.06371498847389044,0.04208772340991572,0.2942149845400437,0.5,0.056652420330713514
0.8354835350552603,0.7185943985973772,0.5926665999540698,0.8519528038477824,0.4532618480153861,0.18242552380635635,0.8354835411997897,0.3629692193015555,0.3629692124105861,0.787931185683219,0.6513548714339145,0.665410558746814,0.2689414330889797,0.4378234991142019,0.42250463481418826,0.7549149923816046,0.18242552380635635,0.43782349911420193,0.3629692055196168,0.256832002764217,0.20181322226037884
0.9688561696900345,0.1561049013715009,0.1127954077740912,0.33458943461801643,0.6654105521116445,0.2689414096510109,0.39233683016710835,0.6926419767901475,0.256832002764217,0.5774953651858117,0.679178699175393,0.3208212943308302,0.05340333526106659,0.022977371164484207,0.6791787056691698,0.4225046348141882,0.07159120736790554,0.34864513533394575,0.2942149597859341,0.21206881182686202,0.13296424706933604
0.9579122690805789,0.48438008427698437,0.5774953651858118,0.5467381519846138,0.4687906266262437,0.3486451285660856,0.43782349911420193,0.2942149783515162,0.7879311981328134,0.7772998611746912,0.26894141551050293,0.39233683016710835,0.2568319856991699,0.30735800417608683,0.5,0.7981867777396212,0.7772998560157665,0.3073580168652638,0.5467381519846138,0.48438008427698437,0.5312093733737562
0.9669140212537652,0.8267117855317474,0.874077230244524,0.5,0.4225046348141882,0.9496693668683449,0.5774953651858118,0.5621765008857981,0.4687906266262437,0.8740772351648677,0.9626731129235966,0.96036116189172,0.1403362422992606,0.4843800842769844,0.3208212943308302,0.9688561685659695,0.5926665999540698,0.7310585903489891,0.28140561345566495,0.9796676450248561,0.6926419767901475
0.8872045989362997,0.6370308082623217,0.651354857898194,0.705785040214066,0.9579122761395139,0.546738151984614,0.6224593312018546,0.9465966669987579,0.9399133502467731,0.7057850278370112,0.33458943461801643,0.798186768138228,0.5621765008857982,0.6076631698328916,0.7310585903489892,0.5,0.9241418137109956,0.45326184801538616,0.6076631627277604,0.909906997487259,0.9046505376715775
0.34864514886966624,0.42250463481418826,0.43782349911420193,0.18242553047372242,0.6076631698328916,0.5156199157230157,0.6926419767901475,0.546738151984614,0.26894142722948744,0.2942149597859341,0.06371499336303071,0.40733340004593027,0.36296921241058616,0.18242551936144574,0.5467381519846138,0.08509903978628845,0.3073580105206753,0.05665242192343677,0.3208212878370535,0.039638841937227456,0.04208773257151255
0.7310585727705127,0.8740772253241802,0.9399133460389649,0.9284088055075428,0.4225046348141883,0.3629692055196168,0.718594386544335,0.9324533046369554,0.3775406687981454,0.9579122750881833,0.16451645675203383,0.3073580232098525,0.33458943461801643,0.37754066879814546,0.4073334000459302,0.36296920551961676,0.9149009457116781,0.7549149868676283,0.9284087931273041,0.955319127342168,0.40733340004593027
0.9324533055754922,0.6224593241981982,0.8933094074745443,0.6224593312018545,0.36296921241058616,0.3923368301671084,0.42250463481418826,0.256832002764217,0.5312093733737563,0.42250463481418826,0.8267117983401363,0.4073334000459302,0.46879062662624377,0.40733340004593027,0.5312093733737563,0.37754066879814546,0.7185943985973772,0.5,0.3775406687981454,0.5156199157230157,0.37754066879814546
0.9820137870111676,0.808067204308405,0.9724147200215997,0.7772998663336158,0.5621765008857981,0.5,0.9496693624168593,0.4225046348141883,0.7431680086124811,0.7662936430859597,0.949669364375513,0.7057850340255386,0.9553191251159983,0.9688561727250101,0.2942149659744614,0.6224593312018545,0.3629691986286475,0.37754067580180184,0.9324533154301279,0.5,0.42250463481418826
0.9820137940516291,0.6513548714339144,0.39233683016710835,0.28140560742914383,0.8991213867309121,0.8596637487122111,0.48438008427698437,0.26894142722948744,0.36296921930155557,0.48438008427698437,0.4532618480153861,0.20181321505933414,0.28140560140262283,0.25683199707586785,0.8740772351648677,0.4378234991142019,0.4532618480153861,0.2568319913875189,0.24508502416032488,0.3923368301671084,0.45326184801538616
0.7549149923816048,0.8175744828610095,0.7772998560157665,0.6224593312018546,0.22270013366638422,0.2568319970758679,0.30735802320985245,0.11279539584450776,0.6076631698328916,0.11279540702849221,0.7057850216484838,0.06371498847389043,0.11920291263495983,0.22270013366638422,0.6076631698328916,0.16451646904109268,0.2689414330889797,0.16451646699291617,0.1127954129932843,0.36296921241058616,0.047425874355639996
0.5467381519846138,0.6926419894793248,0.1259227582746744,0.7981867777396212,0.30735801686526387,0.11279539957250247,0.28140560140262283,0.03308597910376534,0.047425870989716595,0.2689414213699951,0.11279540702849221,0.20181322226037882,0.1645164608483867,0.19193279338050545,0.027585284725000922,0.4073334000459302,0.024423087524418494,0.01798621236374456,0.10669060175672707,0.18242551713899044,0.013222822809518503
0.5156199157230157,0.1329642264548166,0.3073580232098525,0.11920292202211756,0.24508502416032488,0.18242551713899047,0.2337063569140403,0.0850990438468576,0.42250463481418826,0.09009299457272245,0.10087863016367529,0.5312093733737562,0.05665242431252174,0.14804720554957732,0.5467381519846138,0.4532618480153861,0.10087861732378864,0.19193278875832634,0.19193278182505782,0.30735801686526387,0.04208772491181671
0.26894141551050293,0.20181323186177208,0.46879062662624377,0.4225046348141882,0.10669059465574898,0.1480472036701053,0.0758581737534831,0.08509903746596331,0.07585817479810981,0.1480472036701053,0.060086647859713196,0.08035747432819719,0.32082130731838393,0.09009300251274104,0.4073334000459302,0.0803574721258011,0.4378234991142019,0.04742587132630892,0.28140560140262283,0.2337063569140403,0.06754668738548217
0.8596637469145054,0.8267117940706734,0.6926419831347361,0.4378234991142019,0.7185943805178139,0.8267117919359419,0.6654105521116443,0.5312093733737563,0.665410558746814,0.7057850216484837,0.9579122737364724,0.7057850278370112,0.9196425350319858,0.7185943805178139,0.8991213691605411,0.6370308082623217,0.20181322946142374,0.6654105653819835,0.6791787056691697,0.6926419767901475,0.5467381519846138
0.9241418168448761,0.7549149813536518,0.2942149659744614,0.07159119845413339,0.07159120637748637,0.33458944125318596,0.651354857898194,0.28140560742914383,0.10669058826486907,0.029312229373411294,0.14033624589467186,0.24508501313237172,0.12592275499444552,0.5774953651858117,0.5926665999540698,0.3345894279828469,0.024423090719814806,0.28140560742914383,0.2227001491431584,0.10669058968506456,0.042087728065808946
0.7981867705385762,0.5467381519846138,0.40733340004593027,0.8596637523076225,0.3073580232098525,0.28140561345566495,0.8438951084436077,0.6076631698328917,0.3923368301671084,0.3073580105206753,0.679178699175393,0.21206879937726764,0.2814055953761018,0.2450850131323717,0.2814056194821862,0.34864514210180597,0.6224593241981982,0.5467381519846138,0.5156199157230156,0.32082128783705344,0.3923368301671084
0.7431680086124812,0.46879062662624377,0.6076631698328917,0.46879062662624377,0.5926665999540698,0.8438951084436077,0.9149009602137116,0.8670357529306639,0.5621765008857981,0.4687906266262437,0.256831980010821,0.8596637523076225,0.34864514210180597,0.3775406617944891,0.33458943461801643,0.7185943805178139,0.2120688018671865,0.4225046348141882,0.4378234991142019,0.48438008427698437,0.5156199157230156
0.9324533093296393,0.7431680086124811,0.3629691917376783,0.1732882059293266,0.4687906266262437,0.23370635157681108,0.23370634623958195,0.32082129433083023,0.20181322946142374,0.2942149597859341,0.13296424878721277,0.8267117940706734,0.7981867777396211,0.33458944788835565,0.4843800842769844,0.19193279106941585,0.3486451217982255,0.2018132150593341,0.09009299823734633,0.4225046348141882,0.1561049013715009
0.6224593312018546,0.25683199707586785,0.13296425050508953,0.16451645880021026,0.19193277951396834,0.20181321745968234,0.11920291263495983,0.11920291263495984,0.10669059039516234,0.12592276975547595,0.23370636225126953,0.20181322466072713,0.19193279338050545,0.1259227631950178,0.2337063569140403,0.1919327864472368,0.10669059394565118,0.11279540106370038,0.7662936484231889,0.2568319970758679,0.0900929890757869
0.7549149813536518,0.2814056014026228,0.42250463481418826,0.4687906266262437,0.19193279338050545,0.1480471999111614,0.12592277467581975,0.33458944788835565,0.09009300251274102,0.050330632597476874,0.10669060317692272,0.8596637487122111,0.9046505267461572,0.880797076413356,0.0715912009301811,0.3208213008246071,0.11920291732853862,0.06371498980729229,0.10669060246682488,0.3629691986286475,0.7662936377487304
0.9284088064979618,0.6654105653819836,0.5312093733737563,0.651354857898194,0.5774953651858118,0.48438008427698437,0.8596637451167997,0.6791786926816161,0.8175744828610095,0.5312093733737563,0.5156199157230157,0.8670357477770337,0.30735802320985245,0.5621765008857981,0.7772998560157665,0.25683198569916993,0.8267117898012104,0.5621765008857981,0.7549149813536518,0.7879311856832191,0.2814056074291439
0.9196425245706047,0.5774953651858118,0.7879312006227324,0.45326184801538616,0.5774953651858117,0.9046505383142492,0.5926665999540698,0.5156199157230156,0.7431680143008301,0.8354835371034368,0.546738151984614,0.18242551491653522,0.3775406687981454,0.7185943865443349,0.2337063515768111,0.43782349911420193,0.5312093733737562,0.7772998560157665,0.34864513533394575,0.5774953651858118,0.42250463481418826
0.87407724336544,0.8267117962054048,0.3486451488696663,0.5621765008857981,0.7431680086124811,0.28140561345566495,0.1824255304737224,0.39233683016710835,0.14033625488320034,0.24508502416032488,0.24508501313237174,0.7431680029241322,0.7431680143008301,0.10669058400428263,0.09534945654437685,0.37754066879814546,0.21206880435710534,0.24508502416032488,0.43782349911420193,0.3629692193015555,0.08035747157520208
0.8354835309589073,0.5621765008857982,0.33458942798284697,0.3073580232098525,0.3486451285660856,0.808067204308405,0.2814056014026228,0.23370636758849894,0.2337063569140403,0.4532618480153861,0.16451646494473965,0.2018132126589859,0.33458942798284697,0.2942149783515162,0.2689414330889797,0.11920291576401235,0.2337063569140403,0.7662936377487305,0.14804719427274568,0.8519527944504227,0.1919327864472368
0.6076631698328917,0.22270014398423357,0.8438951064805861,0.34864514210180597,0.3345894478883556,0.26894142136999516,0.22270013366638425,0.42250463481418826,0.2018132270610754,0.2568319856991698,0.05665242072889432,0.08035746772100909,0.05340333526106658,0.2814056194821861,0.7310585669110202,0.14804719615221756,0.7772998611746912,0.7662936430859598,0.8175744695262775,0.0534033284815934,0.36296919862864757
0.5621765008857981,0.24508502416032488,0.1919327910694159,0.15610489351941398,0.11920291889306492,0.18242551936144577,0.8354835452961427,0.320821300824607,0.33458943461801643,0.33458942798284697,0.11279541075648725,0.23370635157681108,0.22270013366638425,0.12592275663455996,0.10087861664800518,0.798186787341014,0.28140560742914383,0.8596637451167997,0.8438951005915208,0.32082129433083023,0.10087862002692256
0.5774953651858118,0.8991213799730775,0.4378234991142019,0.7981867729389246,0.21206881182686205,0.7057850340255386,0.37754066179448903,0.23370635691404026,0.2689414213699951,0.7310585903489891,0.42250463481418826,0.32082131381216084,0.16451647108926923,0.34864513533394575,0.2814056194821862,0.0900929878542457,0.7549149813536518,0.7981867729389246,0.42250463481418826,0.8670357598021707,0.25683199138751883
0.89330940889474,0.6791787056691697,0.6076631698328916,0.7431680029241321,0.7431680029241321,0.5,0.6076631698328917,0.5774953651858118,0.6076631698328916,0.9859363719753231,0.7310585669110203,0.7057850340255386,0.9740426426138259,0.6224593312018546,0.9669140183935203,0.6513548782017745,0.5467381519846138,0.4687906266262437,0.5621765008857981,0.7431680143008301,0.6513548714339145
0.7879311931529759,0.24508501313237172,0.20181322946142374,0.37754066879814546,0.33458945452352534,0.8519527982093666,0.7772998508568416,0.26894142136999516,0.22270013882530887,0.3208212878370535,0.21206880435710532,0.17328821019878954,0.09534946618445304,0.06008665606493927,0.32082129433083023,0.1008786146206548,0.07159119548287625,0.0715911920164097,0.8519528019683106,0.23370636758849894,0.19193277951396837
0.9603611587718369,0.19193278182505782,0.12592277303570512,0.24508501313237172,0.19193277951396837,0.1480472036701053,0.2689414096510109,0.16451645880021026,0.39233683016710835,0.17328820165986367,0.1480472036701053,0.06754669395523943,0.1824255326961778,0.2120688018671865,0.5312093733737563,0.14804719803168948,0.0803574633162173,0.4687906266262437,0.14804719803168948,0.3486451285660856,0.256831980010821
0.9241418184118162,0.37754066879814546,0.4378234991142019,0.34864512179822543,0.3775406687981454,0.29421497216298875,0.5,0.4532618480153861,0.30735802320985245,0.22270013882530884,0.21206879439743004,0.23370635691404026,0.39233683016710835,0.6654105454764747,0.3073580232098525,0.5467381519846138,0.7662936430859597,0.3073580105206753,0.43782349911420193,0.7057850216484838,0.30735802320985245
0.6791787121629466,0.20181322946142374,0.8933093989533708,0.28140560140262283,0.1732882144682526,0.14804719239327382,0.07159120241580978,0.18242553047372242,0.0900929890757869,0.13296422817269313,0.7662936377487305,0.8519527963298947,0.24508500761839522,0.16451646494473965,0.33458944125318596,0.3208213073183839,0.2018132246607271,0.3345894346180164,0.8080672135527631,0.10087862475740704,0.39233682306197715
0.9875683475346279,0.5621765008857981,0.5156199157230156,0.9553191321125315,0.743167997235783,0.9525741236248059,0.6791787121629466,0.5926665999540697,0.6224593382055109,0.5467381519846138,0.7185943985973772,0.5926665999540697,0.6513548782017745,0.5156199157230156,0.5156199157230156,0.4532618480153861,0.9724147190722796,0.9465966722716813,0.9196425278741989,0.6076631698328916,0.4378234991142019
0.6513548714339144,0.5926665999540698,0.14033624949008322,0.39233683016710835,0.18242552380635635,0.17328820806405806,0.16451645675203383,0.08509904152653235,0.11279540404609627,0.12592277631593438,0.05665242729887808,0.07585817793199003,0.14033625128778893,0.06371499114069418,0.6791786861878392,0.03963883782465424,0.10669060388702055,0.5774953651858117,0.19193277951396834,0.2942149721629888,0.5312093733737563
0.989671846985681,0.5774953651858118,0.34864512856608554,0.4687906266262437,0.5774953651858118,0.4378234991142019,0.46879062662624377,0.22270014914315836,0.3073580295544412,0.5621765008857981,0.33458943461801643,0.15610489351941398,0.9046505402422645,0.8596637577007394,0.4532618480153861,0.32082130731838393,0.4073334000459302,0.3923368230619772,0.45326184801538616,0.2814056014026228,0.4843800842769844
0.9196425311777929,0.4532618480153861,0.18242552158390102,0.37754066879814546,0.21206879688734884,0.8670357598021707,0.2568319856991699,0.28140560742914383,0.3486451285660856,0.8175744761936437,0.36296921241058616,0.3208212943308302,0.33458943461801643,0.13296424363358259,0.7549149923816048,0.18242552380635635,0.2689414272294874,0.1561048974454574,0.20181321265898594,0.10669060317692272,0.4073334000459302
0.9603611611826557,0.8991213691605412,0.9433475800674672,0.8933094159957173,0.5312093733737563,0.8740772253241802,0.24508500761839527,0.5156199157230157,0.21206880435710534,0.24508501864634824,0.8354835309589074,0.651354857898194,0.45326184801538616,0.3208212878370535,0.34864514210180597,0.28140560140262283,0.5,0.36296921241058616,0.5774953651858117,0.6224593312018546,0.8933093996634686
0.7772998560157665,0.6654105653819835,0.6076631627277603,0.22270013366638422,0.06008665185713089,0.11279541001088822,0.04208772716466829,0.09009299701580503,0.348645142101806,0.02595735941123018,0.2814056014026228,0.10087862475740704,0.037326887745718636,0.5,0.10087862408162354,0.1192029110704336,0.2689414096510108,0.268941415510503,0.22270014398423357,0.42250463481418826,0.029312233931229698
0.9553191330666041,0.6370307944803832,0.6370307944803831,0.5774953651858117,0.8933093968230773,0.8933093982432729,0.6076631698328916,0.9284088005554476,0.6224593312018546,0.17328820806405806,0.3073580105206753,0.45326184801538616,0.6370307806984444,0.5621765008857982,0.6370308013713525,0.3923368372722396,0.23370635691404026,0.2814056014026228,0.8596637451167997,0.5,0.4073334000459302
0.6224593312018546,0.8596637559030338,0.1480472036701053,0.7772998611746912,0.18242552380635635,0.16451646904109266,0.1732882016598637,0.1192029235866439,0.0534033328129234,0.09009299701580503,0.2120688093369431,0.12592276811536138,0.13296424191570594,0.7185944046238981,0.1561048974454574,0.6513548646660542,0.7185943865443352,0.13296422989056966,0.08035747322699914,0.14033624949008322,0.24508501313237172
0.8670357563664174,0.7549149813536518,0.8175744739711883,0.5621765008857981,0.4687906266262437,0.7981867873410141,0.2337063622512696,0.9603611635934743,0.34864513533394575,0.9740426399765435,0.5926665999540698,0.3486451488696663,0.9284088084787998,0.7185943985973772,0.6513548646660542,0.334589441253186,0.8872045996818986,0.9496693702514737,0.3923368301671084,0.36296921930155557,0.7431680143008301
0.9196425289753969,0.10669058471438035,0.7310585669110202,0.060086645966199635,0.06754669395523943,0.06008664933244601,0.1127954033004973,0.7185943925708561,0.10669058329418492,0.053403327163362595,0.43782349911420193,0.5774953651858117,0.05033062743375412,0.22270013882530884,0.2814056194821862,0.05340332471521976,0.09534945718704857,0.05033063509030874,0.32082128783705344,0.6926419894793248,0.6791787056691698
0.7057850340255386,0.5156199157230157,0.12592277631593438,0.20181322466072713,0.10087862408162353,0.7662936377487305,0.06371499158516146,0.6224593382055109,0.1403362530854946,0.03963883697377708,0.11920292202211756,0.24508501864634827,0.024423087746321,0.5926665999540698,0.13296423676207597,0.2018132198600306,0.5774953651858118,0.17328820379459514,0.5467381519846138,0.04468086709240797,0.651354857898194
0.7310585669110202,0.37754066879814546,0.754914975839675,0.07585817427579647,0.07585817270885642,0.20181321986003056,0.32082128783705344,0.042087725512577126,0.6076631769380229,0.21206881182686202,0.34864513533394575,0.06008664470385729,0.03963883612289993,0.02595735837515498,0.039638838959157145,0.03963883626471279,0.20181322946142374,0.04742587098971659,0.04468086820549273,0.21206881431678098,0.3629691917376783
0.9149009578933864,0.9284087951081424,0.546738151984614,0.4378234991142019,0.6076631698328916,0.5312093733737563,0.7549149868676283,0.6370308082623217,0.5312093733737563,0.9465966732132748,0.3775406617944891,0.5,0.16451645880021026,0.3923368230619772,0.9099070017626536,0.4378234991142019,0.5,0.6791787121629466,0.5467381519846138,0.40733340004593027,0.6076631627277604
0.7772998663336158,0.36296921930155557,0.6370307944803831,0.5156199157230156,0.8354835350552604,0.21206881182686205,0.8354835330070839,0.8267117898012104,0.30735802955444114,0.4687906266262437,0.22270012850745968,0.23370636225126953,0.5774953651858118,0.29421496597446145,0.5621765008857982,0.30735802320985245,0.7772998560157665,0.7981867753392728,0.4532618480153861,0.3629691917376783,0.33458943461801643
0.980875964681654,0.787931190663057,0.5312093733737563,0.5156199157230156,0.5926665999540698,0.9196425306271939,0.5156199157230157,0.8933094003735664,0.45326184801538616,0.8740772466456689,0.5926665999540697,0.6076631698328916,0.5312093733737562,0.8354835330070839,0.5312093733737563,0.817574478416099,0.5,0.5467381519846138,0.7981867753392728,0.40733340004593027,0.43782349911420193
0.29421495978593404,0.21206881182686205,0.4073334000459302,0.19193278182505785,0.06754668973182397,0.40733340004593027,0.4378234991142019,0.039638839668221494,0.06754668597767712,0.07159119449245721,0.32082130731838393,0.07159119597808576,0.06754668785475053,0.1732882144682526,0.063714997807704,0.34864513533394575,0.09534947261117098,0.21206881182686202,0.04742587856304459,0.15610489548243567,0.09534945525903343
0.6791787121629465,0.15610489940847916,0.11920291419948609,0.06008665017400762,0.050330627433754126,0.6654105454764747,0.06754668503914042,0.3486451353339457,0.28140561345566495,0.05033063598060585,0.5621765008857982,0.5,0.17328820165986367,0.39233683016710835,0.05665242530797383,0.1732881995251323,0.03114383356975433,0.5926665999540698,0.1480471999111614,0.6224593312018546,0.04468087329388052
0.8267117898012105,0.22270013366638422,0.16451646904109266,0.14033625488320037,0.053403328669912084,0.10087862813632466,0.10669060104662924,0.4073334000459302,0.334589441253186,0.3775406758018019,0.06754668973182398,0.25683199707586785,0.46879062662624377,0.0566524239143409,0.37754066879814546,0.031143832333282644,0.3923368230619772,0.11279539659010669,0.14804720554957732,0.4378234991142019,0.053403332059648596
0.978384668497878,0.334589441253186,0.8740772466456689,0.2689414272294874,0.48438008427698437,0.33458943461801643,0.1824255326961778,0.2120688018671865,0.20181322226037884,0.5467381519846138,0.1259227763159344,0.0900929933511812,0.1008786315152424,0.2689414330889797,0.21206880435710534,0.6370308013713525,0.5312093733737563,0.5926665999540697,0.3208212878370535,0.8519528038477824,0.19193278182505782
0.7549149978955811,0.19193278182505782,0.15610489351941398,0.7057850216484838,0.34864513533394575,0.23370635157681108,0.37754067580180184,0.07159119300682869,0.056652421127075143,0.39233683016710835,0.07159120637748637,0.05033063580254643,0.6654105653819836,0.679178699175393,0.6370308013713525,0.029312228101462088,0.5926665999540697,0.21206880933694314,0.07585817949893016,0.34864514210180597,0.1732882016598637
0.6791786926816161,0.28140560742914383,0.6370307806984444,0.30735800417608683,0.23370636225126953,0.5774953651858118,0.2942149659744614,0.4532618480153861,0.11279541299328431,0.18242552602881168,0.14804719803168948,0.16451645470385742,0.7772998611746912,0.5156199157230156,0.22270013366638422,0.19193279569159505,0.4378234991142019,0.16451645880021024,0.15610489744545739,0.1919327864472368,0.16451646494473965
0.9783846662525667,0.6926419704455589,0.46879062662624377,0.24508502416032488,0.7879312006227324,0.6076631769380227,0.3629691917376783,0.3629692193015555,0.2942149721629888,0.48438008427698437,0.23370636225126956,0.7981867777396212,0.3775406687981454,0.348645142101806,0.15610489940847916,0.1561049013715009,0.4378234991142019,0.14804719615221756,0.5,0.42250463481418826,0.3629692055196168
0.7185943925708562,0.5312093733737563,0.3486451285660856,0.7772998560157665,0.5926665999540697,0.2942149597859341,0.348645142101806,0.2450850021044189,0.334589441253186,0.5156199157230157,0.4687906266262437,0.7879311956428946,0.20181323186177205,0.25683199138751883,0.30735801052067535,0.3775406617944891,0.3923368230619772,0.7431680029241321,0.24508501313237172,0.334589441253186,0.4378234991142019
0.45326184801538616,0.5621765008857981,0.23370634623958197,0.22270013366638422,0.3073580105206753,0.22270013366638425,0.5,0.21206881182686202,0.12592277467581975,0.12592277303570512,0.3345894279828469,0.16451645470385745,0.22270013882530887,0.37754066879814546,0.33458943461801643,0.2942149783515162,0.12592276647524683,0.7879311906630568,0.48438008427698437,0.1192029235866439,0.28140560742914383
0.9465966703884944,0.5156199157230156,0.2814055953761018,0.9324533060447605,0.2568319856991699,0.33458944788835565,0.23370636225126956,0.23370634623958195,0.8438951005915208,0.25683199138751883,0.8670357683915538,0.12592275663455996,0.18242551713899047,0.8267118004748677,0.33458943461801643,0.1561049033345227,0.11920291576401233,0.8267117855317474,0.8872046049010912,0.2227001285074597,0.17328821446825263
0.7981867801399695,0.6791786926816161,0.7549149813536518,0.8519527982093666,0.5621765008857981,0.18242551713899047,0.16451646494473965,0.5621765008857981,0.5467381519846138,0.3073580105206753,0.6654105653819836,0.6791786861878392,0.5774953651858118,0.5926665999540698,0.5774953651858118,0.4687906266262438,0.30735801052067535,0.3923368301671084,0.23370635157681108,0.2120688068470242,0.19193278875832634
0.9046505415276079,0.28140560742914383,0.1329642281726931,0.14033625488320037,0.42250463481418826,0.14804719991116141,0.20181322946142374,0.36296919862864757,0.46879062662624377,0.1919327818250578,0.5156199157230157,0.15610489351941398,0.14804719803168945,0.48438008427698437,0.5156199157230156,0.5774953651858118,0.5312093733737562,0.5156199157230156,0.32082128783705344,0.12592276975547595,0.3073580295544412
0.6926419831347361,0.3345894478883556,0.3208213138121609,0.4225046348141883,0.2337063569140403,0.2018132150593341,0.28140560140262283,0.8175744761936437,0.5312093733737563,0.5,0.8807970858005139,0.1259227631950178,0.16451646084838673,0.19193279106941585,0.23370636758849894,0.14033624229926062,0.2689414272294874,0.7981867801399694,0.26894142136999516,0.13296424019782924,0.7431680086124812
0.9648551496831803,0.34864514210180597,0.8740772253241802,0.14033624949008322,0.2942149783515162,0.34864514210180597,0.21206879688734884,0.30735802320985245,0.12592277795604906,0.33458942798284697,0.0850990519679964,0.10669059607594455,0.09534946682712482,0.320821300824607,0.7772998560157663,0.2120688093369431,0.12592277631593438,0.33458945452352534,0.3923368301671084,0.2689414213699951,0.25683198001082097
0.9820137876033561,0.36296920551961687,0.9099070084811307,0.3208213073183839,0.3629692055196168,0.28140560140262283,0.817574478416099,0.1919327818250578,0.7549149923816048,0.3629691986286475,0.33458943461801643,0.1066905932355534,0.2450850131323717,0.22270013366638422,0.22270013366638422,0.7981867777396212,0.731058584489497,0.1403362566809061,0.11920293453832884,0.32082130082460697,0.1259227615549033
0.6791787056691698,0.6513548782017745,0.5312093733737563,0.4532618480153861,0.5312093733737563,0.4225046348141882,0.8354835289107307,0.3345894346180164,0.4073334000459302,0.4073334000459302,0.42250463481418826,0.5774953651858118,0.39233683016710835,0.6926419894793246,0.8519528038477824,0.4073334000459302,0.34864514210180597,0.766293653760418,0.4843800842769844,0.5312093733737562,0.5926665999540698
0.9950945952353216,0.8519528019683105,0.7549149868676284,0.9579122696813392,0.9626731130574597,0.5312093733737563,0.6076631698328917,0.5774953651858117,0.2018132198600306,0.9465966658688457,0.9196425245706048,0.5467381519846138,0.5774953651858118,0.23370635691404026,0.6076631769380229,0.29421497216298875,0.5467381519846138,0.9579122726851416,0.5774953651858118,0.5621765008857981,0.5156199157230157
0.37754066879814546,0.2942149783515162,0.4687906266262437,0.7879312006227324,0.45326184801538616,0.14033624409696624,0.2689414330889797,0.14804719427274568,0.5312093733737563,0.3629692055196168,0.24508500761839527,0.6370307806984444,0.718594386544335,0.09009300251274104,0.14804719239327382,0.11920292984474949,0.3073580105206753,0.09009300190197034,0.6513548646660542,0.28140560140262283,0.0803574633162173
0.5621765008857981,0.1919327864472368,0.3345894545235253,0.32082130731838393,0.37754066179448903,0.42250463481418826,0.33458942798284697,0.12592276155490328,0.08509904326677628,0.743167997235783,0.6926419894793248,0.7185943985973772,0.30735800417608683,0.0566524195343519,0.5,0.053403332436286,0.031143833344941297,0.6076631698328917,0.7057850402140659,0.05340333017646162,0.7185943805178139
0.9099070127565249,0.5621765008857982,0.7057850216484838,0.6926419704455589,0.546738151984614,0.5156199157230157,0.6224593312018545,0.334589441253186,0.3629692055196168,0.5926665999540698,0.5,0.6926419831347361,0.787931185683219,0.5467381519846138,0.6791787121629466,0.5156199157230156,0.5312093733737563,0.40733340004593027,0.7185943925708561,0.4687906266262437,0.8519528019683106
0.5312093733737563,0.2450850076183953,0.6926419831347361,0.09009300129119968,0.09009298724347513,0.07585817166422974,0.18242552602881168,0.2120688093369431,0.047425875702009436,0.23370635157681108,0.04742587620689797,0.2689414272294874,0.45326184801538616,0.08035746661981112,0.05665243088250589,0.11920293140927592,0.06371499514089998,0.07159120241580978,0.03732688319437491,0.29421495978593415,0.48438008427698437
0.9046505261034854,0.7981867825403176,0.6370307944803831,0.6370308013713525,0.22270014914315836,0.5621765008857982,0.40733340004593027,0.5926665999540698,0.15610489155639232,0.7185943805178139,0.5156199157230156,0.39233683727223956,0.1403362566809061,0.20181322226037882,0.3073580232098525,0.5312093733737563,0.23370635691404026,0.7772998663336157,0.4225046348141882,0.5,0.22270013882530884
0.5926665999540698,0.34864513533394575,0.22270012850745968,0.18242551713899047,0.29421498454004374,0.8175744761936437,0.7057850340255386,0.11279540479169524,0.29421498454004374,0.24508501313237174,0.2120688093369431,0.7879312006227324,0.2120688093369431,0.0850990519679964,0.18242552602881165,0.7431680143008301,0.11920292828022307,0.1403362512877889,0.4073334000459302,0.1561049052975445,0.39233683016710835
0.9603611644443515,0.43782349911420193,0.40733340004593027,0.7057850340255386,0.19193279106941588,0.23370636225126956,0.334589441253186,0.2568319970758679,0.22270013882530884,0.3208213073183839,0.2942149659744614,0.23370634623958197,0.39233683016710835,0.3629691917376783,0.14033625128778893,0.7310585669110202,0.39233683016710835,0.3629692055196168,0.3923368301671084,0.32082130731838393,0.42250463481418826
0.9399133447766224,0.1259227648351323,0.6370308082623216,0.2450850021044189,0.16451645880021026,0.14804719615221756,0.056652422520708005,0.050330627433754126,0.23370635157681105,0.4843800842769844,0.07159119300682869,0.050330633843892796,0.042087731520181665,0.0953494616857507,0.5156199157230156,0.5156199157230157,0.05665243008614414,0.11920292202211756,0.07585817375348311,0.09009298846501632,0.04742586880186649
0.9648551567572922,0.9603611589136498,0.7549149868676284,0.9626731086399786,0.8519528076067261,0.33458943461801643,0.2942149659744614,0.9496693706075924,0.2942149721629888,0.24508501864634824,0.7772998508568417,0.9465966656805269,0.15610489351941398,0.5774953651858118,0.7879311881731379,0.6370307806984444,0.7981867849406659,0.1329642316084462,0.9046505428129514,0.7662936484231889,0.5
0.9525741254760638,0.40733340004593027,0.3486451353339458,0.7310585786300048,0.28140561345566495,0.8354835411997897,0.0953494668271248,0.4378234991142019,0.09009298907578689,0.05033063206329864,0.17328821019878954,0.06754669395523943,0.06754668691621381,0.24508501313237172,0.7662936430859597,0.06754669301670264,0.15610490137150093,0.06008664512463807,0.10669058755477132,0.3208212943308302,0.10669059181535787
0.9399133435142798,0.9046505370289057,0.5621765008857981,0.32082130731838393,0.28140560742914383,0.46879062662624377,0.20181321745968234,0.26894142722948733,0.3923368372722396,0.3073580105206753,0.3629692193015555,0.28140560742914383,0.18242552602881168,0.1066905911052601,0.8740772351648677,0.22270013882530887,0.256832002764217,0.1645164588002103,0.4532618480153861,0.46879062662624377,0.5
0.7981867873410141,0.4843800842769844,0.3923368301671084,0.2814055953761019,0.16451646289656316,0.6926419704455589,0.11279539808130458,0.22270013882530884,0.3208213073183839,0.78793120560257,0.14804719239327382,0.2120688068470242,0.21206881182686205,0.665410572017153,0.182425528251267,0.7431680029241321,0.1732882016598637,0.06754668973182397,0.10669058826486905,0.2942149659744614,0.07159119300682869
0.7549149923816048,0.743167997235783,0.37754066879814546,0.8438951104066293,0.9324533022906133,0.24508502416032485,0.42250463481418826,0.718594386544335,0.4532618480153861,0.5467381519846138,0.4225046348141882,0.4225046348141882,0.651354857898194,0.16451646494473965,0.18242552602881168,0.6370307806984444,0.5312093733737563,0.5926665999540698,0.5621765008857981,0.17328821019878957,0.3775406758018019
0.7879311906630568,0.48438008427698437,0.37754066879814546,0.5774953651858118,0.2689414272294874,0.2568319856991699,0.8438951025545426,0.3775406687981454,0.3775406687981454,0.37754066879814546,0.5621765008857981,0.3073580232098525,0.37754066879814546,0.23370636758849894,0.2568319856991699,0.43782349911420193,0.36296921930155557,0.19193279338050542,0.4225046348141882,0.46879062662624377,0.8438950986284991
0.8670357546485408,0.6791787056691697,0.3345894346180164,0.7057850216484838,0.946596669446901,0.9196425372343816,0.5312093733737563,0.3775406687981454,0.4532618480153861,0.5621765008857982,0.5467381519846138,0.8670357649558007,0.5926665999540698,0.33458943461801643,0.5312093733737562,0.13296422645481656,0.8740772384450968,0.6370307875894138,0.4378234991142019,0.5,0.1732882016598637
0.5774953651858118,0.5,0.7057850278370112,0.6926419831347361,0.3923368301671084,0.11279540255489831,0.0900929890757869,0.6224593312018546,0.09009299762657567,0.08509903572571949,0.5467381519846138,0.22270013366638422,0.1561048915563923,0.09534947068315555,0.4532618480153861,0.25683199138751883,0.28140560140262283,0.2337063569140403,0.2942149721629888,0.28140560742914383,0.06754669020109236
0.808067204308405,0.8080672066194946,0.2568319970758679,0.25683199707586785,0.8175744673038222,0.16451646699291614,0.7310585786300049,0.11920291889306492,0.18242551491653522,0.08035747432819719,0.05340332471521976,0.0900929951834931,0.6224593312018546,0.11920293453832885,0.050330628858229316,0.0850990461671829,0.06008664428307652,0.09009299151886933,0.05665243008614413,0.22270013882530887,0.21206879439743007
0.9525741286736911,0.6791786926816161,0.7310585786300049,0.955319134497713,0.6076631698328916,0.5774953651858118,0.5926665999540698,0.9740426455807681,0.972414718023031,0.970687770944576,0.5774953651858118,0.9553191275011801,0.5926665999540698,0.9553191324305558,0.5312093733737563,0.5,0.5621765008857982,0.5156199157230157,0.6370307875894139,0.5,0.5
0.7772998714925403,0.6926419831347361,0.9465966705768132,0.4225046348141882,0.7431680029241321,0.7772998560157665,0.6370308013713525,0.4843800842769844,0.8807970873650401,0.6224593312018546,0.2337063515768111,0.23370636225126956,0.7662936430859597,0.4687906266262437,0.17328821019878957,0.28140561345566495,0.33458945452352534,0.2942149597859341,0.7662936484231889,0.29421497216298875,0.45326184801538616
0.9399133481428692,0.6370307875894139,0.651354857898194,0.8991213684847577,0.7057850402140659,0.9046505318875316,0.2942149721629888,0.26894141551050293,0.2450850131323717,0.9362850013033613,0.7549149978955811,0.919642532278991,0.21206880435710534,0.2568319970758679,0.7185943925708562,0.5156199157230157,0.5926665999540698,0.5467381519846138,0.867035771827307,0.6654105521116443,0.6926419767901476
0.8519527963298947,0.7772998714925403,0.7981867705385762,0.5,0.8740772433654401,0.7185943805178139,0.48438008427698437,0.8354835330070838,0.5156199157230156,0.5926665999540698,0.7057850216484838,0.7879311981328135,0.8080672181749422,0.48438008427698437,0.4687906266262437,0.40733340004593027,0.4073334000459302,0.48438008427698437,0.6926419894793248,0.5926665999540698,0.5
0.5621765008857981,0.320821300824607,0.766293653760418,0.2227001491431584,0.6926419894793246,0.23370635157681108,0.34864513533394575,0.14804719239327382,0.20181322226037884,0.36296920551961687,0.6076631698328917,0.3208212943308302,0.30735800417608683,0.14033624769237754,0.19193279338050542,0.11920292515117027,0.1403362494900832,0.28140560140262283,0.11279540702849221,0.1480472036701053,0.36296921930155557
0.2942149783515162,0.36296921241058616,0.3073580168652638,0.2942149597859341,0.20181322946142374,0.17328819952513227,0.12592276811536138,0.1127954070284922,0.45326184801538616,0.43782349911420193,0.3073580105206753,0.1066905854244781,0.14804719239327382,0.4378234991142019,0.28140560140262283,0.28140560742914383,0.2018132270610754,0.2689414272294874,0.15610489940847916,0.256832002764217,0.5467381519846138
0.5312093733737562,0.43782349911420193,0.14804719991116141,0.16451647108926923,0.16451646699291617,0.48438008427698437,0.2942149783515162,0.1259227582746744,0.23370635157681108,0.21206881431678098,0.08509904152653235,0.6224593312018546,0.3629692055196168,0.3073580105206753,0.3629692055196168,0.2814056194821861,0.6076631698328916,0.4225046348141882,0.11279541597568046,0.0675466911396291,0.044680868046480623
0.6513548714339145,0.5312093733737563,0.7549149868676283,0.33458943461801643,0.2337063569140403,0.14033624229926062,0.24508501313237172,0.08035747212580109,0.5926665999540698,0.2942149659744614,0.06754668973182398,0.20181322226037882,0.08509905370824053,0.6654105454764747,0.5312093733737563,0.12592275663455993,0.1192029095059074,0.04742586981164345,0.30735801686526387,0.24508501313237172,0.46879062662624377
0.936285006192502,0.23370636758849891,0.14804719427274568,0.37754066879814546,0.36296919173767833,0.15610489351941398,0.1127953943533099,0.13296424019782924,0.6370307875894139,0.5926665999540698,0.6370307806984444,0.334589441253186,0.5774953651858118,0.16451647108926923,0.16451646904109266,0.0600866476493228,0.10669059678604235,0.2689414096510108,0.11279541448448237,0.12592277139559052,0.15610489744545739
0.6370308082623217,0.29421498454004374,0.3073580232098525,0.23370636225126953,0.2689414330889797,0.6370308013713525,0.3629692055196168,0.2814056014026228,0.6513548646660542,0.15610489155639232,0.28140561345566495,0.17328821446825263,0.2814055953761019,0.08509904500702023,0.3486451285660856,0.18242552158390105,0.12592275335433115,0.17328821019878957,0.25683199707586785,0.11279541597568048,0.5926665999540698
0.2942149597859341,0.14804719239327382,0.3073580232098525,0.07159119696850481,0.3923368301671084,0.04468087329388053,0.10669058329418492,0.06754668597767712,0.32082129433083023,0.05033063259747688,0.2120688093369431,0.334589441253186,0.08035746882220707,0.02931222979739437,0.2450850131323717,0.334589441253186,0.11279539957250247,0.037326885737772805,0.37754067580180184,0.06754669020109236,0.12592277139559055
0.5,0.26894142136999516,0.787931185683219,0.23370636758849894,0.45326184801538616,0.2942149597859341,0.21206879439743004,0.2568319913875188,0.17328821233352107,0.28140560742914383,0.3629691917376783,0.6076631698328917,0.2942149783515162,0.1403362440969662,0.14804720179063333,0.256832002764217,0.18242552825126704,0.320821300824607,0.12592277303570512,0.19193277951396834,0.2568319970758679
0.8596637505099168,0.5,0.16451646289656316,0.6926419894793248,0.06371499780770398,0.7310585844894971,0.37754066879814546,0.7431680199891789,0.5621765008857982,0.0715912053870672,0.5926665999540698,0.6076631698328917,0.679178699175393,0.5926665999540698,0.05033063509030874,0.1919327887583263,0.7185943985973772,0.6370307944803831,0.5467381519846138,0.2568319970758679,0.37754066179448903
0.9046505312448598,0.5467381519846138,0.36296921930155557,0.8740772286044094,0.46879062662624377,0.6513548511303338,0.7185943925708562,0.8670357701094303,0.4687906266262437,0.4378234991142019,0.6654105653819836,0.7057850216484838,0.5,0.6224593382055109,0.9241418267688303,0.43782349911420193,0.6224593382055109,0.8872045855155176,0.8080672204860316,0.5312093733737563,0.8175744739711882
0.7431680143008301,0.5,0.8872045922259088,0.30735801052067535,0.4843800842769844,0.19193277951396837,0.5156199157230156,0.23370635691404026,0.23370636758849891,0.4532618480153861,0.3345894478883556,0.17328820379459514,0.8872045966995027,0.19193279106941588,0.8175744761936437,0.4378234991142019,0.4378234991142019,0.4843800842769843,0.15610489155639232,0.11920292515117027,0.4378234991142019
0.9284088060027523,0.7310585669110203,0.7431680086124811,0.787931188173138,0.651354857898194,0.7879312031126511,0.939913356558485,0.6370308013713525,0.42250463481418826,0.5926665999540698,0.43782349911420193,0.2942149659744614,0.23370635157681108,0.679178699175393,0.9196425262224018,0.5156199157230156,0.8354835411997897,0.22270013882530887,0.14804719051380197,0.2689414096510108,0.5
0.5621765008857982,0.3073580232098525,0.16451645470385742,0.3073580232098525,0.24508501864634824,0.2942149659744614,0.18242551936144574,0.23370635691404026,0.2018132246607271,0.2814056194821861,0.18242553047372242,0.17328820165986372,0.1561049052975445,0.10087861529643824,0.2568319970758679,0.1192029173285386,0.14033624949008322,0.14033624949008322,0.1561049013715009,0.5621765008857981,0.13296424706933604
0.6224593312018546,0.9196425251212037,0.8519528057272543,0.3629691986286475,0.7057850278370112,0.32082131381216084,0.8872045892435128,0.4073334000459302,0.7185944046238981,0.24508501313237172,0.5312093733737563,0.7310585669110203,0.8438951005915208,0.7879312006227324,0.3629691917376783,0.36296921930155557,0.6076631698328916,0.6076631698328916,0.5312093733737563,0.3775406687981454,0.8267117898012104
0.8267117940706734,0.9046505402422645,0.4225046348141882,0.30735801686526387,0.3629692055196168,0.8807970873650401,0.8267117876664789,0.39233683727223956,0.32082130731838393,0.2942149597859341,0.1403362440969662,0.18242552825126704,0.3208213008246071,0.22270013882530884,0.798186787341014,0.10087863083945883,0.8519527944504227,0.39233682306197715,0.8267117940706734,0.30735802320985245,0.18242552602881165
0.6926419894793246,0.2120688093369431,0.4532618480153861,0.29421497216298875,0.4378234991142019,0.2227001285074597,0.3486451217982255,0.28140560140262283,0.039638843071730476,0.14804720554957732,0.2337063515768111,0.3208212878370535,0.2814056194821861,0.13296422989056964,0.5621765008857981,0.05665242729887809,0.2337063569140403,0.3073580168652638,0.5467381519846138,0.15610488959337065,0.6791787121629466
0.4687906266262437,0.4073334000459302,0.23370634623958195,0.16451646494473965,0.4532618480153861,0.2942149659744614,0.7772998663336158,0.3073580232098525,0.09534945975773548,0.09009299029732812,0.09534947261117098,0.39233683016710835,0.5926665999540698,0.665410572017153,0.754914975839675,0.6926419894793248,0.1645164710892692,0.3923368301671084,0.13296423676207597,0.46879062662624377,0.7185943925708562
0.7662936377487305,0.06371499469643264,0.2018132246607271,0.19193277951396834,0.14033624409696624,0.7431680086124811,0.14804720179063333,0.7772998663336158,0.731058584489497,0.6791786926816161,0.053403331871329895,0.02931222884343245,0.40733340004593027,0.17328821019878957,0.3073580168652638,0.05033063651478414,0.1732881973904009,0.1127954092652892,0.7057850340255385,0.42250463481418826,0.03514484627446984
0.9648551517043553,0.9241418163225626,0.6370308082623216,0.8670357666736772,0.5156199157230157,0.320821300824607,0.9755769127418645,0.7310585786300049,0.30735800417608683,0.2942149597859341,0.28140560742914383,0.4843800842769843,0.46879062662624377,0.28140560140262283,0.6076631698328916,0.9433475736965741,0.22270013366638422,0.21206879688734884,0.5312093733737563,0.23370636225126956,0.20181321986003056
0.9362850115261095,0.2018132246607271,0.6654105653819836,0.4687906266262437,0.2814056014026228,0.1480472036701053,0.23370634623958195,0.0900929896865575,0.1732882016598637,0.5,0.03963884349716912,0.19193278875832634,0.04208772521219691,0.1561049033345227,0.05033062992658574,0.04742587469223235,0.1480472055495773,0.1259227631950178,0.14804719427274568,0.03308598148730279,0.4378234991142019
0.6926419767901475,0.42250463481418826,0.8991213725394588,0.19193278644723683,0.1732882059293266,0.08509903688588202,0.24508501864634824,0.19193279338050545,0.5621765008857981,0.14804719427274568,0.2942149721629888,0.2018132246607271,0.14804719051380197,0.17328821233352107,0.10669059607594457,0.7310585786300048,0.14033624769237754,0.11920291107043361,0.18242552380635635,0.23370635157681108,0.15610490333452268
0.8670357598021707,0.7981867777396212,0.9783846678676151,0.6076631698328917,0.6076631698328917,0.320821300824607,0.7057850154599562,0.3345894478883556,0.6513548782017745,0.7310585727705126,0.4843800842769844,0.9553191338616647,0.5774953651858118,0.5621765008857981,0.9465966683169889,0.9099070048165069,0.6224593312018546,0.8670357649558006,0.20181322226037882,0.5312093733737563,0.8933094067644466
0.8670357563664174,0.5,0.8080672112416737,0.817574478416099,0.07585817323116975,0.18242552825126704,0.334589441253186,0.2689414272294874,0.07585817897661677,0.679178699175393,0.334589441253186,0.2120688018671865,0.2814056194821861,0.5926665999540697,0.28140560742914383,0.6076631698328916,0.2227001491431584,0.05340333187132989,0.24508500761839525,0.047425871326308926,0.18242552602881168
0.46879062662624377,0.25683198001082097,0.43782349911420193,0.25683200276421697,0.09534946939781196,0.4073334000459302,0.18242552380635635,0.46879062662624377,0.18242552602881165,0.7431680143008301,0.4225046348141882,0.1561048954824357,0.16451645880021026,0.1561048915563923,0.2689414330889797,0.21206880435710532,0.24508501864634827,0.17328820165986367,0.22270014398423357,0.24508500210441886,0.7772998611746912
0.9820137869782682,0.34864513533394575,0.15610489548243567,0.7310585903489891,0.1561049052975445,0.7431680086124812,0.7310585727705126,0.2337063622512696,0.11920293453832884,0.06754669817865513,0.1329642281726931,0.2450850131323717,0.07159119300682869,0.2450850131323717,0.2689414272294874,0.20181322226037884,0.08509904558710156,0.23370636225126956,0.16451646904109268,0.17328821019878954,0.13296424535145931
0.9770226304663119,0.40733340004593027,0.7549149868676283,0.21206879937726766,0.16451646494473965,0.1480471923932738,0.11920292515117027,0.08509904848750827,0.2942149783515163,0.23370636225126956,0.11920291419948607,0.05033063651478414,0.06371498980729229,0.053403332436285984,0.5467381519846138,0.05033063509030874,0.07585817270885642,0.679178692681616,0.05340332641008787,0.2689414330889797,0.6654105521116443
0.9724147198217428,0.39233682306197715,0.3923368372722396,0.37754066879814546,0.22270013882530884,0.7772998560157665,0.14804719615221754,0.19193279338050545,0.22270013366638425,0.3775406687981454,0.08509904152653236,0.3775406687981454,0.14804719239327382,0.23370636758849894,0.7981867777396212,0.48438008427698437,0.3345894279828469,0.12592275991478885,0.5,0.5,0.8175744761936437
0.6654105720171531,0.4532618480153861,0.40733340004593027,0.7772998560157665,0.04742587149460509,0.3775406687981454,0.679178699175393,0.6370307875894138,0.14033625488320037,0.2568319970758679,0.0715911939972477,0.22270014914315836,0.23370636225126956,0.0534033313063738,0.6076631698328916,0.23370636225126956,0.256831980010821,0.21206879937726764,0.07159119944455247,0.06754668738548217,0.07585818524437762
0.8670357460591569,0.22270014914315833,0.7981867681382279,0.4073334000459302,0.11920292671569666,0.20181322706107543,0.42250463481418826,0.7057850278370112,0.08035746661981114,0.3923368301671084,0.39233683016710835,0.7057850154599562,0.08035747102460308,0.060086656906500974,0.6076631698328916,0.30735801686526387,0.03308598065306466,0.2689414330889797,0.3073580105206753,0.7662936377487304,0.08035747377759817
0.9241418225903233,0.9648551520833256,0.718594386544335,0.3923368301671084,0.9433475740947549,0.7772998611746912,0.24508501313237172,0.9465966696352196,0.28140560742914383,0.9626731091754308,0.665410558746814,0.665410558746814,0.21206880435710534,0.9399133460389649,0.7772998714925403,0.4687906266262437,0.23370635691404026,0.4843800842769844,0.37754066879814546,0.45326184801538616,0.899121379297294
0.3629692055196168,0.20181322946142372,0.7662936324115011,0.28140560140262283,0.10669060033653141,0.11920292515117027,0.6791786926816161,0.11279541075648725,0.06371499425196535,0.679178699175393,0.20181322946142372,0.7185943985973772,0.08035746827160808,0.7549149923816048,0.5467381519846138,0.21206880684702423,0.07585818733363134,0.0953494732538428,0.24508500761839525,0.6513548511303338,0.7310585903489891
0.8354835391516133,0.29421498454004374,0.7662936484231889,0.14804719803168948,0.3923368301671084,0.1259227763159344,0.33458944125318596,0.6224593312018546,0.06754669207816587,0.24508500761839525,0.21206881182686202,0.11920292202211756,0.651354857898194,0.5774953651858118,0.6926419831347361,0.15610489548243567,0.2568319970758679,0.07159119993976201,0.06754669254743426,0.09534946040040722,0.11920291263495984
0.7431680199891789,0.25683199138751883,0.1561048974454574,0.30735802320985245,0.32082129433083023,0.1824255304737224,0.2689414272294874,0.11920292515117027,0.32082129433083023,0.7772998560157665,0.37754066879814546,0.36296920551961676,0.24508500761839525,0.08035746937280606,0.16451646289656316,0.7057850340255386,0.11279541224768529,0.8080672181749422,0.03514484475858878,0.035144842611090715,0.25683198001082097
0.7772998611746912,0.7185943925708561,0.3208212878370535,0.743167997235783,0.33458945452352534,0.33458943461801643,0.6076631698328916,0.8670357563664174,0.22270013366638425,0.9241418137109955,0.23370635691404026,0.5926665999540698,0.1732882059293266,0.5156199157230156,0.25683199138751883,0.1919327887583263,0.8596637469145054,0.26894141551050293,0.665410558746814,0.48438008427698437,0.5621765008857981
0.9496693682928202,0.7431680199891789,0.11279541224768529,0.07585818733363134,0.07159119449245721,0.06754668879328725,0.05340332753999997,0.12592276811536138,0.08035746606921215,0.34864513533394575,0.1259227631950178,0.027585279628650858,0.5774953651858118,0.5312093733737563,0.5926665999540698,0.024423090009726704,0.5621765008857982,0.2689414213699951,0.014063627469393328,0.042087732271132286,0.3073580232098525
0.9603611614662814,0.14033625488320037,0.29421498454004374,0.30735802320985245,0.48438008427698437,0.8991213718636754,0.11920291263495983,0.787931188173138,0.23370636225126956,0.14804719803168945,0.07159120687269596,0.09534946361376596,0.7981867705385762,0.24508501313237172,0.25683199138751883,0.23370636225126953,0.07585818211049714,0.10669060104662924,0.24508501313237172,0.2689414096510109,0.037326890958432175
0.946596676038055,0.7310585786300049,0.5774953651858117,0.7549149978955811,0.8807970795424088,0.33458944788835565,0.36296921241058616,0.679178692681616,0.32082131381216084,0.6224593312018545,0.2942149845400438,0.651354857898194,0.17328820379459514,0.42250463481418826,0.6224593312018546,0.651354857898194,0.5312093733737562,0.766293653760418,0.705785040214066,0.5621765008857981,0.3629692124105861
0.3775406617944891,0.5,0.5156199157230157,0.7431680143008301,0.6370307944803832,0.7662936430859597,0.45326184801538616,0.4687906266262437,0.4843800842769843,0.256831980010821,0.30735802955444114,0.29421497216298875,0.5774953651858118,0.40733340004593027,0.4073334000459302,0.18242552380635635,0.29421498454004374,0.6076631698328916,0.3629691917376783,0.23370636225126956,0.33458944125318596
0.74316801430083,0.8596637505099168,0.36296921241058616,0.39233683016710835,0.17328820592932656,0.3208213138121609,0.20181323186177208,0.1480472036701053,0.24508501313237172,0.06008665311947337,0.04208772356010582,0.320821300824607,0.1732882144682526,0.7549149868676283,0.2689414213699951,0.07159120043497157,0.21206879688734886,0.23370635691404026,0.7431680199891789,0.2814055953761018,0.07585817793199003
0.9465966707651319,0.8438950986284991,0.8519527963298947,0.6370307944803831,0.9740426406358642,0.7185943805178139,0.9525741276639141,0.4073334000459302,0.7981867753392728,0.4378234991142019,0.5774953651858118,0.9755769083481945,0.9626731158685838,0.6370307944803832,0.9740426440266556,0.808067204308405,0.8080672089305841,0.8872046004274975,0.6926419831347361,0.754914997895581,0.798186784940666
0.5,0.36296920551961676,0.26894142136999516,0.766293653760418,0.679178699175393,0.15610489744545739,0.13296424535145931,0.5774953651858118,0.05665242132616554,0.34864512856608565,0.1645164608483867,0.22270013882530887,0.6076631698328916,0.1919327864472368,0.12592276483513232,0.19193277951396834,0.6791787056691697,0.34864514210180597,0.11920291419948607,0.22270014398423357,0.11920292515117027
0.9196425317283919,0.4073334000459302,0.7057850216484838,0.24508500761839525,0.3923368301671084,0.09009300129119968,0.26894142136999516,0.17328821446825263,0.0850990374659633,0.1561049013715009,0.027585285074750467,0.6654105454764746,0.7057850216484838,0.031143831658843567,0.7057850340255386,0.14804719991116141,0.047425876711786524,0.6926419958239132,0.12592275335433115,0.07159120390143847,0.1732882016598637
0.843895106480586,0.7981867825403177,0.3486451285660856,0.6513548714339145,0.5774953651858118,0.42250463481418826,0.7185943985973772,0.7185943985973772,0.5467381519846138,0.6370307944803832,0.4843800842769844,0.22270013882530887,0.26894142722948733,0.45326184801538616,0.6791786926816161,0.4532618480153861,0.5156199157230156,0.16451646904109266,0.3208212943308302,0.2689414272294874,0.8438951045175643
0.8740772482857833,0.6926419958239132,0.9324533032291502,0.5621765008857982,0.6513548646660543,0.21206880933694314,0.32082128783705344,0.5156199157230157,0.5156199157230157,0.16451646699291617,0.5467381519846138,0.20181321986003056,0.9324533126145179,0.5312093733737563,0.8267117962054048,0.867035752930664,0.8354835330070839,0.46879062662624377,0.8519528019683105,0.5312093733737563,0.3345894279828469
0.8267117919359419,0.9399133456181841,0.9149009596336302,0.45326184801538616,0.1732882016598637,0.9046505408849362,0.46879062662624377,0.4225046348141883,0.8807970795424088,0.3486451285660856,0.1732881973904009,0.17328819739040088,0.14804719051380197,0.3208213073183839,0.33458945452352534,0.20181321986003056,0.3486451285660856,0.15610490333452268,0.4073334000459302,0.1732882144682526,0.3923368230619772
0.7549149758396752,0.8933093968230772,0.2689414096510108,0.8175744695262775,0.8933093996634687,0.5467381519846138,0.6224593312018545,0.33458943461801643,0.8596637559030338,0.880797071719777,0.665410558746814,0.7549149868676283,0.7310585786300049,0.28140560140262283,0.2942149659744614,0.5621765008857982,0.6076631698328917,0.36296921930155557,0.6076631698328916,0.7879311881731379,0.19193279338050542
0.9241418178895029,0.3073580105206753,0.22270014398423357,0.07159119894934293,0.6224593312018546,0.16451646904109266,0.18242552825126704,0.21206881182686202,0.45326184801538616,0.08509905254807777,0.6654105653819835,0.17328820592932656,0.035144847158733825,0.06008664680776121,0.12592275991478885,0.3923368372722396,0.05340332584513183,0.5467381519846138,0.5621765008857981,0.2018132150593341,0.36296921930155557
0.4378234991142019,0.26894141551050293,0.14804719803168948,0.10669060175672707,0.13296424535145931,0.5926665999540698,0.1008786267847576,0.10669060459711842,0.09009299457272246,0.10669060246682488,0.13296424191570594,0.08509905370824052,0.08035747267640012,0.11920290950590741,0.06008665354025421,0.24508501864634824,0.06008664638698042,0.2227001285074597,0.07159120687269596,0.2942149783515162,0.48438008427698437
0.9706877695136331,0.6654105653819836,0.5621765008857981,0.40733340004593027,0.9648551519570022,0.8991213684847577,0.5926665999540698,0.5774953651858118,0.8670357718273068,0.40733340004593027,0.48438008427698437,0.28140561345566495,0.4532618480153861,0.29421498454004374,0.5312093733737563,0.23370634623958195,0.17328819739040088,0.6224593241981982,0.8519528019683105,0.9241418184118163,0.8740772384450967
0.8872045996818986,0.42250463481418826,0.5774953651858118,0.5774953651858118,0.8354835432479661,0.8438951084436077,0.6513548578981939,0.8670357546485407,0.2814056194821861,0.8596637577007394,0.45326184801538616,0.5926665999540698,0.6224593382055109,0.5312093733737562,0.8354835432479661,0.14033624589467186,0.2814056014026228,0.6076631698328916,0.5467381519846138,0.39233683016710835,0.5621765008857981
0.8991213786215104,0.2689414272294874,0.36296921930155557,0.14804720179063333,0.28140560140262283,0.2120688093369431,0.26894141551050293,0.23370636225126956,0.7431680086124811,0.787931190663057,0.2120688093369431,0.11920293297380238,0.17328821233352107,0.2814055953761018,0.23370635157681108,0.33458944788835565,0.6513548646660543,0.33458945452352534,0.1329642281726931,0.2568319856991699,0.39233683016710835
0.7772998560157665,0.24508500761839527,0.40733340004593027,0.0900930037342824,0.05665242311797924,0.17328821019878954,0.2018132150593341,0.5312093733737563,0.18242552602881168,0.06371499825217132,0.039638839668221494,0.43782349911420193,0.0503306315291204,0.029312234090223377,0.1480471923932738,0.0396388355556485,0.12592275827467436,0.022977370579070188,0.029312228366451504,0.3775406687981454,0.34864513533394575
0.7431680029241321,0.45326184801538616,0.4532618480153861,0.3208212943308302,0.3629691917376783,0.43782349911420193,0.17328819952513227,0.320821300824607,0.1824255326961778,0.36296921930155557,0.16451646699291614,0.0900930037342824,0.10669060033653141,0.22270013366638422,0.23370635691404026,0.09009299701580503,0.07159120241580978,0.22270013366638422,0.26894142722948733,0.8267117898012104,0.10669059536584677
0.28140560140262283,0.3486451488696663,0.5156199157230157,0.8519527982093666,0.787931190663057,0.3923368301671084,0.19193278875832634,0.28140560742914383,0.1732882037945951,0.1066905911052601,0.6370307944803832,0.13296425222296632,0.1329642384799526,0.4843800842769844,0.6654105653819835,0.42250463481418826,0.25683199138751883,0.8080672089305841,0.12592275663455996,0.24508500761839525,0.19193278413614728
0.7981867705385762,0.5926665999540698,0.1645164608483867,0.08509904616718289,0.28140560140262283,0.651354857898194,0.1480471923932738,0.2689414272294874,0.29421498454004374,0.09009299701580503,0.07585817584273653,0.21206881431678098,0.156104893519414,0.11279539882690352,0.0503306363367247,0.0953494616857507,0.11279539659010669,0.10669059465574898,0.22270013366638422,0.2120688093369431,0.23370636225126956
0.6513548782017745,0.4843800842769844,0.23370634623958195,0.30735801686526387,0.1824255304737224,0.34864513533394575,0.7185944046238981,0.6513548782017745,0.08509904326677627,0.1480471999111614,0.6370307944803832,0.7431679972357831,0.14804719239327382,0.2120688018671865,0.12592276811536138,0.1824255304737224,0.18242552380635635,0.3073580232098525,0.21206881431678096,0.7057850402140659,0.12592275171421674
0.8267117876664789,0.4843800842769843,0.48438008427698437,0.5156199157230156,0.9553191298863619,0.19193279569159502,0.14033624769237754,0.23370636758849894,0.9433475730993028,0.4378234991142019,0.06371499114069416,0.48438008427698437,0.24508500210441886,0.2227001388253088,0.12592276483513232,0.1480471999111614,0.1192029095059074,0.3629692055196168,0.8872045937171068,0.4073334000459302,0.8596637469145054
0.9496693688269984,0.6370307875894138,0.46879062662624377,0.33458944125318596,0.5156199157230157,0.2942149721629888,0.6654105653819836,0.5774953651858117,0.546738151984614,0.7772998560157665,0.679178686187839,0.8175744761936437,0.4532618480153861,0.3923368372722396,0.5926665999540697,0.1732882016598637,0.2568319856991699,0.6224593382055109,0.4687906266262437,0.256832002764217,0.6224593312018546
0.9046505402422645,0.4532618480153861,0.5156199157230157,0.42250463481418826,0.39233683016710835,0.26894142722948733,0.24508501864634824,0.2942149659744614,0.8596637523076225,0.182425528251267,0.14804719239327382,0.8354835452961425,0.16451646904109268,0.4532618480153861,0.7549149813536518,0.2568319970758679,0.2942149783515162,0.18242551936144574,0.4378234991142019,0.7981867777396212,0.6654105653819836
0.8740772253241803,0.651354857898194,0.7185944046238981,0.7981867729389246,0.33458943461801643,0.5926665999540698,0.6513548646660543,0.7057850216484838,0.4532618480153861,0.6224593312018546,0.6076631698328917,0.9553191282962408,0.46879062662624377,0.7185943805178138,0.6370308082623217,0.14804720554957732,0.4532618480153861,0.12592277139559052,0.6654105653819835,0.23370636225126956,0.9324533093296393
0.9740426456749567,0.731058584489497,0.9284088064979618,0.4532618480153861,0.5467381519846138,0.8933094159957173,0.6076631698328916,0.4073334000459302,0.4687906266262437,0.6370307806984444,0.5467381519846138,0.4532618480153861,0.3775406687981454,0.40733340004593027,0.4687906266262437,0.4687906266262437,0.5926665999540698,0.48438008427698437,0.5774953651858118,0.5926665999540698,0.39233683016710835
0.7057850154599562,0.8438951045175643,0.45326184801538616,0.4378234991142019,0.19193277951396837,0.34864512856608554,0.10669059252545564,0.16451646289656316,0.10669058400428263,0.2689414213699951,0.826711791935942,0.22270013882530884,0.787931190663057,0.348645142101806,0.33458943461801643,0.2568319856991699,0.7772998560157665,0.11920292671569666,0.08035746937280606,0.8519527982093666,0.14804720179063335
0.9099070017626536,0.7057850154599563,0.8080672089305841,0.34864512179822543,0.7772998663336158,0.268941415510503,0.5467381519846138,0.8519528000888387,0.5156199157230156,0.34864514210180597,0.22270014398423357,0.7879312006227324,0.7981867801399694,0.6076631698328916,0.5774953651858118,0.3073580168652638,0.4687906266262437,0.42250463481418826,0.5467381519846138,0.3775406687981454,0.5156199157230157
0.8438951045175643,0.5156199157230156,0.2814055953761018,0.9324533144915912,0.42250463481418826,0.8991213732152424,0.3208213138121609,0.23370635157681105,0.24508500210441886,0.36296921930155557,0.23370636225126956,0.21206881182686205,0.21206879937726764,0.42250463481418826,0.33458942798284697,0.10669059536584677,0.14804720367010532,0.4073334000459302,0.22270013882530887,0.8807970779778824,0.8175744761936437
0.5926665999540697,0.320821300824607,0.7310585727705126,0.08509903572571949,0.12592276483513232,0.15610489351941398,0.12592275499444552,0.7185943865443349,0.08035746441741523,0.5312093733737563,0.0715911935020382,0.2018132246607271,0.5,0.6654105521116443,0.5,0.5312093733737562,0.03114383323253478,0.05033063437807105,0.0803574649680142,0.0637149933630307,0.0803574721258011
0.7772998663336158,0.7431680199891789,0.7549149923816048,0.7662936377487305,0.5926665999540698,0.4378234991142019,0.2814056014026228,0.5621765008857982,0.9433475768820208,0.7057850154599562,0.9669140191085815,0.4532618480153861,0.4073334000459302,0.949669370785652,0.37754066879814546,0.5,0.9399133502467731,0.665410558746814,0.5926665999540698,0.957912273285902,0.46879062662624377
0.4532618480153861,0.743167997235783,0.5156199157230156,0.16451646289656316,0.34864512856608554,0.19193278644723677,0.14804719615221756,0.19193277951396834,0.08509905080783367,0.182425528251267,0.05033062778987291,0.13296423847995262,0.16451646699291614,0.3073580105206753,0.5774953651858118,0.06754668363133542,0.11279540180929934,0.1259227631950178,0.11279539733570562,0.13296423847995262,0.11920291732853862
0.9241418205010699,0.2942149659744614,0.23370636225126953,0.6370307944803832,0.19193278182505782,0.5926665999540697,0.22270014398423357,0.2942149721629888,0.08509905254807779,0.665410558746814,0.1561048974454574,0.1919327841361473,0.10669058968506456,0.07159119251161919,0.09009300129119967,0.15610489155639232,0.08035746386681628,0.6370308082623217,0.2942149659744614,0.6370308013713525,0.1561049013715009
0.6076631698328916,0.3629692055196168,0.3486451353339458,0.45326184801538616,0.13296424706933604,0.07159120489185763,0.1645164608483867,0.37754066879814546,0.25683200276421697,0.14804720367010532,0.4225046348141882,0.056652423715250484,0.17328821233352107,0.05665242451161216,0.16451646699291614,0.2018132246607271,0.08035746441741523,0.32082131381216084,0.07159119647329527,0.45326184801538616,0.06371499114069418
0.9241418215456966,0.6224593382055109,0.5926665999540697,0.5156199157230156,0.43782349911420193,0.3629692124105861,0.3073580168652638,0.5467381519846138,0.4532618480153861,0.334589441253186,0.2942149783515162,0.334589441253186,0.24508502416032488,0.3923368372722396,0.40733340004593027,0.3629692055196168,0.3486451217982255,0.5467381519846138,0.40733340004593027,0.6370308013713525,0.743167997235783
0.9740426442150328,0.2018132318617721,0.320821300824607,0.2814056014026228,0.11279539659010669,0.25683199138751883,0.32082130731838393,0.18242551936144571,0.23370636758849891,0.1732882016598637,0.26894142136999516,0.5156199157230156,0.7772998560157665,0.08509904732734556,0.11920292828022305,0.11279541746687857,0.10669059820623797,0.06371499158516147,0.11920291107043361,0.14033624589467186,0.3073580105206753
0.7057850216484838,0.33458943461801643,0.2337063569140403,0.5,0.20181321745968234,0.19193278182505782,0.29421497216298875,0.1824255171389905,0.3775406687981455,0.08509904732734558,0.19193279106941588,0.12592277303570512,0.05340332998814293,0.08509903572571949,0.14804719427274568,0.1919327818250578,0.24508502416032485,0.10669059820623797,0.24508502416032485,0.06754668926255561,0.7057850278370112
0.6076631769380229,0.43782349911420193,0.7310585727705126,0.6513548714339145,0.36296919173767833,0.5621765008857981,0.32082131381216084,0.10087862746054113,0.29421497216298875,0.22270014398423357,0.16451645675203386,0.1561048915563923,0.18242551936144574,0.4073334000459302,0.28140560140262283,0.10087861732378864,0.5,0.16451646904109268,0.4532618480153861,0.1561049033345227,0.3775406687981454
0.8080672112416737,0.15610489155639232,0.5156199157230156,0.5156199157230157,0.766293653760418,0.06754669020109236,0.13296423504419935,0.08509904500702024,0.056652426502516375,0.0900929878542457,0.060086656064939264,0.08035747597999428,0.05033063224135805,0.05340332622176918,0.0637149933630307,0.060086651436350065,0.09009299579426375,0.4073334000459302,0.07585818367743737,0.8354835350552603,0.044680867887468514
0.9867771755621297,0.679178686187839,0.9706877685596711,0.6654105720171531,0.3923368301671084,0.2568319913875189,0.3629692055196168,0.9196425366837827,0.7185943985973772,0.7057850216484838,0.34864514210180597,0.25683199707586785,0.8933094131553264,0.546738151984614,0.9241418272911436,0.320821300824607,0.5774953651858118,0.7431680199891789,0.7981867729389246,0.48438008427698437,0.8354835411997897
0.4378234991142019,0.23370634623958195,0.2689414096510108,0.19193279106941588,0.1732881995251323,0.3629691917376783,0.4532618480153861,0.3073580295544412,0.6224593312018546,0.09009299029732812,0.32082129433083023,0.6370307944803832,0.6076631769380229,0.42250463481418826,0.22270014398423357,0.19193277951396834,0.23370635157681108,0.30735800417608683,0.42250463481418826,0.1259227615549033,0.07159119251161919
0.7310585669110203,0.23370635691404026,0.8740772302445241,0.10669060530721626,0.22270013882530887,0.8596637487122111,0.320821300824607,0.10087863151524239,0.08509903862612588,0.32082129433083023,0.09534947068315555,0.22270013882530884,0.3775406687981454,0.6926419894793248,0.28140560140262283,0.320821300824607,0.17328820806405806,0.07159119944455246,0.3073580105206753,0.705785040214066,0.3208212878370535
0.6076631698328916,0.33458943461801643,0.45326184801538616,0.14804719803168948,0.320821300824607,0.334589441253186,0.3486451285660856,0.8596637541053281,0.12592276975547595,0.43782349911420193,0.15610490529754448,0.4378234991142019,0.11279540926528922,0.15610489940847916,0.15610490333452268,0.8438950986284991,0.09534946489910949,0.1403362494900832,0.13296425050508956,0.8080672181749422,0.3345894478883556
0.679178699175393,0.3775406617944891,0.39233683016710835,0.22270014398423357,0.18242552602881168,0.2018132246607271,0.19193277951396837,0.2120688018671865,0.4532618480153861,0.39233683016710835,0.23370636225126953,0.14033625488320034,0.1732882016598637,0.17328819952513227,0.33458944788835565,0.7879311856832191,0.8175744739711883,0.7549149923816048,0.7431680143008301,0.1561049052975445,0.17328820592932656
0.7310585844894971,0.34864514210180597,0.10669058400428263,0.14804719427274568,0.36296919862864757,0.08035747267640012,0.19193277951396837,0.4532618480153861,0.12592276647524683,0.06371499691876929,0.20181322946142374,0.46879062662624377,0.4378234991142019,0.5,0.06371499425196533,0.03308597803117354,0.05033063010464514,0.05665242033071351,0.10669059891633578,0.02758528112757725,0.044680875202026085
0.8596637505099168,0.7310585727705126,0.5312093733737563,0.5926665999540698,0.665410558746814,0.25683198569916993,0.5,0.9688561660930262,0.42250463481418826,0.30735801686526387,0.5926665999540698,0.48438008427698437,0.5467381519846138,0.18242552602881168,0.46879062662624377,0.3629691917376783,0.15610489940847916,0.9046505421702796,0.42250463481418826,0.6224593312018546,0.20181322466072713
0.45326184801538616,0.6791787121629466,0.3486451488696663,0.256831980010821,0.32082129433083023,0.3486451488696663,0.1403362440969662,0.13296424019782924,0.10087861597222171,0.45326184801538616,0.22270013366638422,0.02931223414322127,0.1732882059293266,0.07159120241580978,0.07159119597808576,0.02442308836764804,0.07585817479810981,0.15610490137150093,0.060086652698692546,0.056652430285234576,0.18242553047372242
0.7981867729389246,0.40733340004593027,0.3073580168652638,0.15610490333452268,0.24508501313237172,0.256831980010821,0.22270013366638422,0.08035747267640013,0.23370636225126956,0.348645142101806,0.21206879688734884,0.19193279106941588,0.32082130731838393,0.10087861191752101,0.05033062939240752,0.08035747542939525,0.14804719051380197,0.06754668973182397,0.08509903920620716,0.6076631698328916,0.5
0.919642532278991,0.9196425311777929,0.9099070066488189,0.320821300824607,0.9362850101927077,0.5312093733737563,0.5926665999540698,0.19193279106941588,0.651354857898194,0.15610489155639232,0.42250463481418826,0.6224593241981982,0.5312093733737563,0.7879311856832191,0.3073580232098525,0.2814056014026228,0.9284088055075428,0.665410572017153,0.14033624769237754,0.16451645470385742,0.22270014398423357
0.8354835452961425,0.19193278875832634,0.11920292671569667,0.19193278182505782,0.22270012850745968,0.12592277139559052,0.1329642539408431,0.11920292984474949,0.2689414330889797,0.7185943985973772,0.2120688093369431,0.22270013366638422,0.20181321265898594,0.09534946939781196,0.05665242729887808,0.718594386544335,0.2689414096510108,0.1645164628965632,0.320821300824607,0.20181322226037884,0.07585817584273653
0.42250463481418826,0.7981867777396212,0.24508501313237172,0.053403334884429166,0.23370635691404026,0.09009299335118119,0.08509904964767095,0.5467381519846138,0.33458943461801643,0.21206880435710534,0.42250463481418826,0.3208213138121609,0.3345894478883556,0.06754669677084987,0.06754669677084987,0.1732882016598637,0.14033624769237754,0.2689414272294874,0.06008665269869255,0.22270014398423355,0.047425870316531935
0.6076631698328916,0.8354835350552604,0.7772998560157665,0.4378234991142019,0.32082130731838393,0.8519528000888386,0.4843800842769844,0.4843800842769843,0.28140560742914383,0.25683200276421697,0.19193277951396834,0.23370636225126956,0.20181323186177208,0.5621765008857981,0.4843800842769844,0.6926419831347361,0.7549149813536518,0.13296422989056964,0.6224593312018546,0.18242551713899047,0.16451645470385745
0.924141819456443,0.7431680029241322,0.7057850278370111,0.5621765008857982,0.6926419831347361,0.6926419767901475,0.43782349911420193,0.9579122728353318,0.40733340004593027,0.9362850066369693,0.5774953651858117,0.6076631698328916,0.33458945452352534,0.2689414330889797,0.5467381519846138,0.6791786926816161,0.45326184801538616,0.46879062662624377,0.651354857898194,0.5926665999540698,0.952574123793102
0.9770226308844647,0.3923368372722396,0.09534945782972029,0.2337063622512696,0.3208213138121609,0.3923368301671084,0.10087862746054113,0.06371500091897546,0.743168019989179,0.07159120637748637,0.07159120043497155,0.053403332059648596,0.07159120390143847,0.7431680086124811,0.7310585903489891,0.743168019989179,0.10669060175672705,0.24508501864634827,0.03308598041471091,0.09009299823734633,0.05033063117300159
0.5621765008857982,0.5156199157230156,0.2568319970758679,0.1645164608483867,0.7772998663336158,0.8933094096048377,0.23370635157681108,0.7549149813536518,0.17328820806405806,0.7879311931529758,0.10669059820623795,0.10087862408162353,0.12592276647524683,0.11279541523008142,0.16451646494473965,0.7981867777396212,0.33458943461801643,0.09534946489910949,0.11279540553729422,0.13296424878721277,0.6076631769380229
0.4378234991142019,0.28140561345566495,0.10669059607594457,0.5926665999540698,0.8519528057272543,0.10669059891633577,0.09009300312351172,0.8519528019683105,0.06371500091897545,0.04208772746504851,0.05033063028270454,0.7662936377487305,0.18242551936144571,0.19193279106941588,0.29421496597446145,0.4532618480153861,0.04742587637519416,0.2814056014026228,0.08509904268669496,0.10087862137848953,0.48438008427698437
0.97966764624922,0.7057850340255386,0.9706877722695231,0.9284087941177231,0.6370307944803831,0.4843800842769843,0.718594386544335,0.4225046348141882,0.39233683016710835,0.7057850340255386,0.24508501313237172,0.5467381519846138,0.28140561345566495,0.25683200276421697,0.679178699175393,0.9324533107374444,0.5,0.5621765008857982,0.7431680029241321,0.5926665999540698,0.4378234991142019
0.8354835330070839,0.5926665999540698,0.4378234991142019,0.3775406687981454,0.24508500761839525,0.8991213806488608,0.39233682306197715,0.8267117898012105,0.29421497835151617,0.25683200276421697,0.34864513533394575,0.30735802320985245,0.8354835391516132,0.45326184801538616,0.4073334000459302,0.42250463481418826,0.2689414330889797,0.28140561345566495,0.6791786861878392,0.8175744850834648,0.43782349911420193
0.6926419894793246,0.6513548714339145,0.24508501864634824,0.2337063569140403,0.46879062662624377,0.17328821019878954,0.18242552602881168,0.22270013882530884,0.21206881182686202,0.22270013882530887,0.6513548646660543,0.5,0.0953494732538428,0.33458944125318596,0.33458944788835565,0.6513548714339145,0.14804719427274565,0.6076631698328916,0.23370636225126956,0.6513548782017745,0.11279541299328431
0.5156199157230156,0.4532618480153861,0.32082130731838393,0.10087862746054113,0.06371499202962878,0.21206879937726766,0.04742586846527418,0.06754669020109236,0.5774953651858118,0.5621765008857982,0.5467381519846138,0.07159119894934292,0.39233683016710835,0.2227001285074597,0.4843800842769844,0.1480471999111614,0.12592275991478885,0.5774953651858118,0.02595735818677768,0.050330633131655124,0.11279541523008142
0.8080672204860316,0.939913350667554,0.3345894545235253,0.2689414096510108,0.9046505331728752,0.2689414213699951,0.8438950986284991,0.25683199138751883,0.32082130082460697,0.817574471748733,0.3629692055196168,0.2814055953761018,0.1480471923932738,0.14033625488320037,0.26894141551050293,0.0900930037342824,0.3486451217982255,0.2689414213699951,0.3073580295544412,0.21206880435710534,0.8740772384450968
0.7662936484231889,0.256831980010821,0.2018132270610754,0.18242552602881168,0.5156199157230156,0.40733340004593027,0.9284087965937712,0.9099070121457543,0.8670357512127872,0.11279540404609625,0.3923368301671084,0.2814056194821862,0.11920293297380238,0.8519528057272543,0.32082130731838393,0.12592276483513232,0.8872046056466901,0.11920291419948607,0.1919327864472368,0.851952809486198,0.13296424019782926
0.7981867825403177,0.7057850402140659,0.5,0.6370307944803831,0.3486451217982255,0.4073334000459302,0.320821300824607,0.29421498454004374,0.787931188173138,0.34864512179822543,0.5156199157230156,0.36296920551961676,0.5774953651858118,0.23370636225126956,0.7185944046238981,0.17328819952513227,0.5774953651858117,0.6224593312018546,0.6513548782017745,0.7662936430859597,0.12592276975547595
0.665410572017153,0.08035747763179142,0.21206879439743004,0.16451646289656316,0.7310585669110203,0.04742587149460509,0.665410572017153,0.06371498847389044,0.4687906266262437,0.5,0.4687906266262437,0.07159119548287624,0.039638836831964216,0.029312229585402826,0.0637149955853673,0.5156199157230156,0.14804719239327382,0.18242552380635635,0.15610489744545739,0.1403362422992606,0.09534945590170513
0.94659666812867,0.9099070005411124,0.7310585727705127,0.651354857898194,0.6224593382055109,0.970687767658707,0.9740426412480905,0.8519528019683106,0.8080672227971211,0.9579122735862823,0.8354835391516133,0.9669140228030645,0.3775406758018019,0.5312093733737562,0.9399133510883347,0.8354835452961425,0.7772998611746911,0.9399133466701362,0.7662936484231889,0.9669140225647108,0.7057850340255386
0.8670357683915538,0.9324533074525657,0.1561048954824357,0.1480471999111614,0.2942149783515162,0.26894141551050293,0.2942149721629888,0.8438950947024555,0.28140560742914383,0.11920291576401233,0.21206879688734886,0.07585818106587035,0.8872045847699186,0.36296919173767833,0.817574471748733,0.10669058826486906,0.11920292202211756,0.0900929951834931,0.7772998560157665,0.8670357477770337,0.04468087472498969
0.8596637559030338,0.6513548646660543,0.5156199157230156,0.4687906266262438,0.6654105521116443,0.6513548714339145,0.7981867753392728,0.5467381519846138,0.8740772318846386,0.5774953651858117,0.5156199157230157,0.48438008427698437,0.4378234991142019,0.5467381519846138,0.7310585786300049,0.6224593312018546,0.679178699175393,0.25683198569916993,0.4073334000459302,0.8354835309589073,0.8991213671331905
0.7185943925708561,0.11279541224768527,0.2018132270610754,0.16451646699291614,0.7185944046238981,0.7057850278370111,0.5926665999540698,0.10669059749614015,0.24508501313237172,0.6513548646660542,0.1480471923932738,0.03514484930623215,0.033085974694221476,0.02758528107761304,0.5,0.09534945590170514,0.22270013366638422,0.1732882059293266,0.11920292984474949,0.651354857898194,0.2337063569140403
0.9770226311771718,0.8080672043084051,0.6654105587468141,0.5312093733737562,0.9740426445446931,0.9796676478446031,0.9648551539781771,0.33458944788835565,0.2568319856991699,0.25683199138751883,0.22270013366638422,0.7431680086124812,0.5156199157230157,0.9840936065096271,0.6791786926816161,0.19193278875832634,0.43782349911420193,0.2689414213699951,0.743167997235783,0.9553191324305557,0.7662936484231889
0.5,0.7662936377487305,0.26894141551050293,0.11279540777409121,0.3775406617944891,0.10087861732378864,0.7662936377487304,0.23370635691404026,0.19193278875832634,0.3345894279828469,0.12592276647524683,0.05340332961150554,0.07585817740967664,0.09534946811246837,0.16451645675203383,0.17328820806405804,0.5312093733737563,0.1480471923932738,0.17328820379459514,0.19193277951396837,0.07585817375348311
0.9046505299595162,0.4378234991142019,0.6370307944803831,0.731058584489497,0.5,0.5,0.2018132270610754,0.08035747102460307,0.09009300251274102,0.7185943985973772,0.3775406687981454,0.3073580105206753,0.24508500761839525,0.08035746551861317,0.21206881182686202,0.26894143308897966,0.6224593312018545,0.06371498936282499,0.7981867849406659,0.08509903688588204,0.7662936324115011
0.9099070121457543,0.3629691917376783,0.5467381519846138,0.12592275499444552,0.10087862408162354,0.3073580105206753,0.14804719239327382,0.23370634623958195,0.7772998560157663,0.09534945525903342,0.11920292828022305,0.24508500210441891,0.7310585903489892,0.22270013882530884,0.7981867801399695,0.6076631627277604,0.5621765008857981,0.8596637523076225,0.1329642333263228,0.3923368301671084,0.3923368301671084
0.5,0.268941415510503,0.8267117983401363,0.11920293140927592,0.1732882016598637,0.11279539584450775,0.21206880684702423,0.08035746717041012,0.07159120489185762,0.08509904790742692,0.20181323186177205,0.1645164710892692,0.23370634623958195,0.1824255149165352,0.05033063544642758,0.33458945452352534,0.2942149659744614,0.651354857898194,0.1561048974454574,0.32082130731838393,0.6513548714339144
0.7879311931529758,0.37754066879814546,0.40733340004593027,0.8175744695262777,0.8596637487122111,0.8519528057272543,0.16451645675203383,0.7879311956428947,0.3486451285660856,0.14804720179063335,0.13296424535145931,0.11279540553729422,0.18242551713899047,0.7772998508568416,0.16451645470385745,0.7431680143008301,0.7772998663336157,0.787931190663057,0.8080672204860316,0.30735801686526387,0.320821300824607
0.8438950986284991,0.5621765008857982,0.5156199157230156,0.7549149758396752,0.9099070151996073,0.7431680029241322,0.8438951104066293,0.4532618480153861,0.40733340004593027,0.5621765008857981,0.42250463481418826,0.8354835350552604,0.5156199157230156,0.42250463481418826,0.7772998663336158,0.7662936324115011,0.731058584489497,0.4073334000459302,0.4073334000459302,0.37754066879814546,0.7662936377487305
0.9783846647556925,0.8438951025545426,0.3345894279828469,0.21206881182686205,0.1732882059293266,0.18242552602881168,0.13296423504419935,0.14033624229926062,0.10669059749614017,0.7431680143008301,0.14804719803168948,0.2018132150593341,0.28140560742914383,0.6654105521116443,0.2337063569140403,0.16451646699291617,0.26894141551050293,0.3073580041760868,0.1329642281726931,0.10087861597222171,0.6370307875894139
0.665410558746814,0.22270012850745968,0.25683199707586785,0.09534946040040722,0.1403362512877889,0.20181322466072713,0.5467381519846138,0.880797071719777,0.817574478416099,0.2942149783515163,0.14033625308549463,0.14033625308549463,0.787931190663057,0.08035747708119237,0.4378234991142019,0.06371499247409608,0.7431680086124812,0.39233683016710835,0.7185943925708562,0.5,0.5467381519846138
0.7057850340255386,0.8933094159957173,0.37754066879814546,0.6791786926816161,0.6654105521116443,0.48438008427698437,0.6076631698328916,0.5312093733737563,0.5621765008857981,0.8354835309589073,0.256831980010821,0.28140560742914383,0.8596637559030338,0.256832002764217,0.4532618480153861,0.5156199157230157,0.7431680029241321,0.5312093733737562,0.48438008427698437,0.2814056014026228,0.4073334000459302
0.4378234991142019,0.4225046348141883,0.22270012850745968,0.19193279569159502,0.3073580295544412,0.1403362422992606,0.17328821019878954,0.29421496597446134,0.10087862273005652,0.1824255304737224,0.5312093733737563,0.09009299396195183,0.09009299457272245,0.08035747542939525,0.1732882037945951,0.0900929951834931,0.16451645880021026,0.09009298602193395,0.16451645880021024,0.21206879688734884,0.08509904326677627
0.9924227600347686,0.7772998714925403,0.9465966702001758,0.33458944788835565,0.5774953651858118,0.9496693672244637,0.6926419831347361,0.9648551547361175,0.6076631627277603,0.45326184801538616,0.6513548511303338,0.7057850216484838,0.919642528975397,0.9196425234694067,0.2814055953761019,0.9603611597645271,0.7310585727705127,0.43782349911420193,0.7662936430859597,0.3208212878370535,0.9046505286741726
0.962673113860638,0.8596637541053281,0.5774953651858118,0.43782349911420193,0.25683200276421697,0.42250463481418826,0.24508501313237172,0.5312093733737563,0.29421496597446145,0.4378234991142019,0.13296425050508956,0.11920293297380237,0.19193278182505782,0.3208213073183839,0.2942149721629888,0.256832002764217,0.09534946104307895,0.8872045981907006,0.3923368301671084,0.3629691917376783,0.20181321986003056
0.766293653760418,0.2689414096510109,0.5156199157230156,0.880797071719777,0.256831980010821,0.29421496597446134,0.28140561345566495,0.4378234991142019,0.21206879688734884,0.18242552380635635,0.5,0.3073580295544412,0.36296921241058616,0.11920293453832885,0.8354835350552604,0.18242552380635635,0.16451646699291614,0.2689414213699951,0.7879311906630568,0.8519528076067262,0.2942149845400438
0.8596637505099168,0.1561048974454574,0.2227001285074597,0.0637149955853673,0.06754669067036073,0.22270013882530884,0.22270014398423357,0.1919327772028789,0.1329642436335826,0.1480472055495773,0.1329642384799526,0.020332354381512912,0.021615333668650445,0.06754668550840877,0.2814056194821861,0.10669059323555341,0.2942149659744614,0.05665242889160152,0.11279541075648725,0.4378234991142019,0.05033063544642758
0.96267311131724,0.11279541150208625,0.13296424019782926,0.4532618480153861,0.39233683016710835,0.06371499380749802,0.09009299457272246,0.017986210718776714,0.03308597791199667,0.0534033260334505,0.6370308082623217,0.48438008427698437,0.07585817270885642,0.25683199138751883,0.03114382929830689,0.02595735531402395,0.3073580105206753,0.1919327887583263,0.6654105521116443,0.04468087408894116,0.24508500210441886
0.5312093733737562,0.5,0.48438008427698437,0.39233682306197715,0.48438008427698437,0.743167997235783,0.23370636758849891,0.334589441253186,0.7310585786300048,0.45326184801538616,0.5467381519846138,0.3073580105206753,0.5621765008857981,0.5312093733737563,0.3923368301671084,0.5467381519846138,0.5621765008857981,0.4378234991142019,0.5312093733737563,0.4225046348141882,0.5156199157230156
0.18242552158390105,0.11920292045759122,0.19193279106941588,0.11920292515117027,0.348645142101806,0.07585818733363134,0.33458942798284697,0.23370636225126956,0.30735800417608683,0.0803574649680142,0.6224593312018546,0.46879062662624377,0.11279539808130457,0.7431680086124812,0.08509905138791503,0.06754669724011829,0.6370307944803832,0.6224593312018546,0.04468087138573503,0.5467381519846138,0.056652428692511095
0.7310585903489891,0.8175744695262775,0.8354835391516133,0.18242552602881168,0.1919327841361473,0.18242552825126704,0.10087862408162354,0.10669059891633577,0.7662936377487305,0.7310585786300049,0.19193279106941585,0.622459338205511,0.651354857898194,0.6926419767901475,0.7431680029241322,0.30735801686526387,0.6224593312018546,0.2942149721629888,0.03732688921821231,0.14033624589467186,0.679178692681616
0.9465966717067252,0.3923368301671084,0.12592276811536138,0.3775406687981454,0.07585818367743737,0.23370636225126953,0.11279540031810142,0.04468086550228694,0.4687906266262437,0.039638834704771385,0.02931223197030774,0.6654105720171531,0.10669059607594457,0.025957359222852867,0.025957357574551445,0.23370635157681108,0.3923368301671084,0.6926419894793246,0.09534947261117098,0.07585817793199001,0.11279540180929935
0.5,0.2337063569140403,0.1919327818250578,0.39233683016710835,0.8175744784160989,0.4073334000459302,0.7185944046238981,0.1259227763159344,0.08509903630580076,0.268941415510503,0.10669059962643358,0.17328820379459514,0.21206879688734884,0.11279539733570564,0.08509905022775231,0.23370636758849894,0.060086651015569245,0.08035747653059333,0.7057850340255386,0.17328821019878957,0.3345894545235253
0.9579122731357119,0.1645164628965632,0.3486451488696663,0.30735801052067535,0.07159119251161919,0.14033624589467186,0.07585818837825822,0.45326184801538616,0.10087862137848952,0.5312093733737563,0.17328821019878954,0.5467381519846138,0.07585817323116976,0.06008664933244601,0.46879062662624377,0.13296424878721277,0.03732689149388446,0.08509903978628845,0.4378234991142019,0.3073580295544412,0.0850990461671829
0.9914225135408631,0.9241418236349501,0.6076631698328916,0.42250463481418826,0.7879312006227324,0.9626731133251859,0.787931188173138,0.9648551548624409,0.7772998611746912,0.7185943805178139,0.6791787121629465,0.5,0.3775406687981454,0.42250463481418826,0.8933094060543487,0.743168019989179,0.9399133481428691,0.6654105521116445,0.14804720179063333,0.665410558746814,0.320821300824607
0.9933071490819066,0.7549149923816048,0.651354857898194,0.7981867753392728,0.7310585844894971,0.9603611577791468,0.9648551514517084,0.7879311906630568,0.6791786991753929,0.7549149813536518,0.6513548714339145,0.957912276139514,0.9740426400236378,0.7431679972357831,0.7057850340255386,0.8519527963298947,0.8080672135527632,0.7549149758396752,0.8596637433190939,0.754914975839675,0.7662936484231889
0.7310585844894971,0.743167997235783,0.5467381519846138,0.2120688018671865,0.6654105454764746,0.8991213732152424,0.28140560140262283,0.6370308082623217,0.9099070151996071,0.4843800842769844,0.2942149783515162,0.2942149659744614,0.18242553047372242,0.874077222043951,0.4843800842769844,0.867035752930664,0.2689414272294874,0.46879062662624377,0.8438951104066293,0.7431680143008301,0.29421497216298875
0.9196425377849806,0.8596637487122111,0.9399133477220882,0.5926665999540698,0.924141819456443,0.8267117919359419,0.7662936430859597,0.8080672066194945,0.9525741258126562,0.7981867777396211,0.3345894346180164,0.8175744761936437,0.320821300824607,0.9603611623171586,0.320821300824607,0.33458945452352534,0.1919327772028789,0.9196425262224018,0.5312093733737563,0.9740426434615237,0.6654105454764747
0.8596637541053281,0.731058584489497,0.6926419767901475,0.34864514210180597,0.5621765008857981,0.10087861732378865,0.5156199157230157,0.5312093733737563,0.23370636225126956,0.28140560742914383,0.20181322226037882,0.5,0.0420877310696113,0.11279539509890883,0.2018132270610754,0.06371500136344281,0.12592277303570512,0.2942149659744614,0.03963883910097002,0.06754668503914044,0.039638840660911584
0.4378234991142019,0.18242551713899047,0.1561048954824357,0.6654105454764747,0.7057850216484838,0.11920291263495983,0.3629691917376783,0.09009298663270453,0.07159119647329527,0.13296425050508956,0.08509904964767095,0.6224593241981982,0.21206881182686207,0.21206880435710534,0.21206880684702423,0.04742587519712089,0.14804719615221756,0.06754669442450782,0.34864513533394575,0.6370308013713525,0.05033063099494217
0.798186775339273,0.9046505331728751,0.33458944788835565,0.16451646904109268,0.30735802320985245,0.4378234991142019,0.46879062662624377,0.12592277467581972,0.798186768138228,0.45326184801538616,0.43782349911420193,0.3208213073183839,0.8519527982093666,0.39233683016710835,0.5774953651858117,0.16451645675203383,0.08035747542939525,0.8080672112416737,0.23370635157681108,0.08035746937280608,0.1329642281726931
0.9324533149608596,0.7185943805178139,0.8740772236840656,0.8267117898012104,0.7662936377487305,0.8267117962054049,0.9496693684708796,0.6370307944803832,0.45326184801538616,0.22270014914315836,0.9284087985746093,0.29421498454004374,0.9525741268224333,0.7662936377487305,0.45326184801538616,0.9241418178895029,0.11279540702849221,0.7185943805178139,0.5312093733737563,0.9553191276601922,0.21206880435710532
0.9324533121452494,0.8519528057272544,0.48438008427698437,0.6076631698328916,0.5312093733737563,0.5156199157230156,0.8080672112416737,0.7057850216484838,0.4378234991142018,0.7981867801399694,0.6076631769380229,0.8175744695262777,0.5467381519846138,0.5467381519846138,0.87407724336544,0.8519527963298946,0.4532618480153861,0.6654105653819836,0.6224593312018546,0.5312093733737563,0.4843800842769843
0.6370307944803831,0.6076631698328916,0.6076631698328916,0.09534947389651462,0.23370636225126956,0.32082130731838393,0.5,0.18242552602881168,0.33458943461801643,0.08509903978628847,0.24508501864634824,0.1919327864472368,0.039638843071730476,0.09009299762657567,0.0534033284815934,0.03963883555564851,0.03514484311638436,0.06371499425196533,0.39233683016710835,0.45326184801538616,0.04742587452393617
0.8807970701552505,0.5621765008857981,0.4225046348141882,0.32082130731838393,0.28140561345566495,0.19193277951396837,0.18242552602881165,0.14804719427274568,0.17328821233352107,0.11920291732853862,0.11920292828022305,0.7879312006227324,0.1561049013715009,0.14033625308549463,0.7057850402140659,0.23370636225126953,0.1403362422992606,0.7185944046238982,0.29421498454004374,0.0953494668271248,0.30735801686526387
0.8872045884979137,0.4073334000459302,0.3775406687981454,0.36296921241058616,0.3073580105206753,0.2814056074291439,0.28140560140262283,0.3073580168652638,0.7549149868676283,0.2814056014026228,0.1066906045971184,0.13296424878721277,0.11920291732853863,0.32082130731838393,0.3923368301671084,0.1645164608483867,0.2568319856991699,0.22270014398423355,0.20181321505933414,0.2689414272294874,0.1403362476923775
0.3345894545235253,0.25683198001082097,0.32082129433083023,0.2942149659744614,0.24508501864634827,0.2689414330889797,0.20181322946142374,0.11920292828022307,0.36296921930155557,0.17328821019878957,0.3486451285660856,0.18242552602881168,0.14804719427274568,0.09009298968655749,0.1127954025548983,0.09009299945888766,0.3923368301671084,0.25683199138751883,0.1403362494900832,0.24508500761839525,0.4073334000459302
0.6513548646660542,0.7981867801399694,0.2689414272294874,0.14804719615221756,0.1732882059293266,0.33458943461801643,0.28140560742914383,0.17328819952513227,0.29421497216298875,0.07159120192060023,0.11920292984474948,0.10087862543319057,0.13296424535145931,0.08035747542939525,0.22270012850745968,0.07159119993976201,0.5312093733737563,0.6076631698328917,0.07159120340622892,0.42250463481418826,0.334589441253186
0.8991213718636754,0.3345894478883556,0.26894141551050293,0.8740772318846386,0.3073580295544412,0.17328820379459514,0.33458944788835565,0.8519528000888387,0.11920292828022305,0.30735802955444114,0.08509904268669496,0.3073580168652638,0.256832002764217,0.1561048954824357,0.11920293453832886,0.880797071719777,0.14033624769237754,0.17328820379459514,0.4073334000459302,0.4225046348141882,0.8080672227971211
0.8596637559030338,0.45326184801538616,0.9433475752892975,0.19193277951396834,0.37754067580180184,0.17328820379459514,0.20181322946142374,0.43782349911420193,0.22270014398423355,0.22270014914315836,0.1561049033345227,0.3629692055196168,0.9241418116217417,0.2942149721629888,0.8080672135527632,0.8438951045175643,0.18242552380635635,0.3775406617944891,0.8872045899891118,0.18242552380635635,0.5774953651858117
0.9399133437246704,0.665410558746814,0.4073334000459302,0.5621765008857981,0.7185943865443349,0.29421496597446145,0.1732882059293266,0.5774953651858118,0.5312093733737562,0.29421498454004374,0.2689414213699951,0.22270012850745965,0.8519528038477825,0.6370307875894139,0.5926665999540698,0.21206881182686205,0.18242552825126704,0.651354857898194,0.6076631698328916,0.5621765008857981,0.5621765008857981
0.9324533069832973,0.28140560742914383,0.4687906266262437,0.8175744806385542,0.1732882059293266,0.33458944788835565,0.14033624949008322,0.16451646494473968,0.6654105521116445,0.13296424706933604,0.6513548782017745,0.15610490529754448,0.1480472036701053,0.6513548714339145,0.32082128783705344,0.6926419767901475,0.11279541001088823,0.19193278875832634,0.42250463481418826,0.1008786132690879,0.4687906266262437
0.9724147155248202,0.5467381519846138,0.8438951084436077,0.8670357718273068,0.40733340004593027,0.8872046049010911,0.40733340004593027,0.37754067580180184,0.29421496597446145,0.348645142101806,0.4378234991142019,0.42250463481418826,0.48438008427698437,0.20181321745968234,0.5156199157230157,0.3775406617944891,0.7772998611746912,0.46879062662624377,0.679178699175393,0.42250463481418826,0.6076631698328917
0.9950945945943209,0.8670357615200474,0.787931188173138,0.7662936484231889,0.7185943925708561,0.6076631698328916,0.679178692681616,0.48438008427698437,0.5774953651858118,0.6076631698328917,0.5156199157230156,0.651354857898194,0.5156199157230156,0.6076631698328916,0.5621765008857981,0.5156199157230156,0.6654105653819836,0.6926419831347361,0.6791786861878392,0.7185943925708561,0.9579122677288677
0.7310585727705126,0.679178692681616,0.45326184801538616,0.320821300824607,0.25683198569916993,0.3923368301671084,0.42250463481418826,0.5156199157230157,0.3208213138121609,0.26894141551050293,0.7057850340255386,0.21206879688734884,0.5926665999540698,0.11920293297380237,0.5621765008857981,0.15610489351941398,0.6370307944803832,0.6224593312018546,0.1561048954824357,0.17328819952513227,0.5
0.48438008427698437,0.2814056194821862,0.3923368301671084,0.24508501313237172,0.13296424019782926,0.2120688093369431,0.10087861529643824,0.33458944788835565,0.17328819952513227,0.5926665999540697,0.11279541224768529,0.1645164608483867,0.5774953651858117,0.6076631627277604,0.4532618480153861,0.16451646699291614,0.2689414272294874,0.24508500761839527,0.17328819739040088,0.4073334000459302,0.11920293140927592
0.5312093733737563,0.2689414272294874,0.23370635157681108,0.37754066879814546,0.2120688068470242,0.2689414096510108,0.5312093733737563,0.22270014914315836,0.11279540180929935,0.42250463481418826,0.7057850340255386,0.2814056194821861,0.10087862070270603,0.5926665999540698,0.2227001285074597,0.13296424019782926,0.1066905854244781,0.7431680029241321,0.16451646904109266,0.15610488959337063,0.3073580041760869
0.9284087995650284,0.8670357563664174,0.8354835411997897,0.2018132198600306,0.2337063569140403,0.19193277951396837,0.21206879439743004,0.22270013366638425,0.09534945718704857,0.17328821233352107,0.42250463481418826,0.8175744828610095,0.787931190663057,0.40733340004593027,0.7662936430859598,0.3629691986286475,0.42250463481418826,0.7310585844894971,0.15610489548243567,0.3486451217982255,0.3775406687981454
0.6224593312018546,0.334589441253186,0.24508500761839522,0.3486451285660856,0.16451646904109268,0.743167997235783,0.7431680029241321,0.7879312006227323,0.18242551936144571,0.18242551936144574,0.1403362494900832,0.1259227631950178,0.11920292671569666,0.2942149721629888,0.1645164608483867,0.14804719427274568,0.25683199138751883,0.11920291732853862,0.11279541001088823,0.0675466845698721,0.7431680143008301
0.5156199157230156,0.2942149659744614,0.14804719991116141,0.08035747102460308,0.11279540106370038,0.10087861935113906,0.1403362530854946,0.6926419894793246,0.4687906266262437,0.22270013366638422,0.3208213138121609,0.46879062662624377,0.06754668926255561,0.09534946811246837,0.08509904732734556,0.06371498847389043,0.3629692055196168,0.09009298541116335,0.06754669348597103,0.256831980010821,0.37754066879814546
0.9669140226838876,0.2942149783515163,0.2018132150593341,0.18242553047372242,0.30735802320985245,0.2450850131323717,0.34864514886966635,0.1561048974454574,0.10669058471438037,0.7310585786300049,0.06008664996361721,0.2568319970758679,0.05033063455613048,0.18242552380635635,0.06371499291856339,0.15610489351941398,0.24508500761839527,0.14033625308549463,0.19193278875832634,0.060086656275329685,0.6926419767901475
0.9046505376715775,0.87407724336544,0.32082130731838393,0.18242552380635632,0.28140560742914383,0.28140561345566495,0.07585818315512395,0.256832002764217,0.0637150004745081,0.17328821019878954,0.16451646289656316,0.2450850021044189,0.21206879937726766,0.0850990380460446,0.060086655644158424,0.256831980010821,0.2450850131323717,0.05340332885823077,0.18242552158390102,0.7185943925708561,0.024423087790701504
0.9099070042057362,0.9796676478075012,0.9706877694606353,0.5312093733737563,0.6654105521116443,0.960361157495521,0.40733340004593027,0.3923368301671084,0.37754067580180184,0.9496693698953549,0.9046505408849362,0.46879062662624377,0.256831980010821,0.36296920551961676,0.7310585786300049,0.8354835411997897,0.6791787056691698,0.9284088084787998,0.8519528038477824,0.9241418225903233,0.9362850057480346
0.8354835309589073,0.46879062662624377,0.10087863151524239,0.1192029235866439,0.2689414213699951,0.5774953651858118,0.0803574721258011,0.06371499647430197,0.08035747432819718,0.2568319856991699,0.07159120241580978,0.06371499602983464,0.035144849306232157,0.28140560742914383,0.06371499825217133,0.37754066879814546,0.21206881182686202,0.21206881182686202,0.0474258736824553,0.25683199138751883,0.37754066879814546
0.9964063975494699,0.9241418184118163,0.5621765008857982,0.5,0.9626731087738416,0.4073334000459302,0.37754066879814546,0.7057850340255386,0.2814056134556649,0.17328820379459514,0.46879062662624377,0.2120688068470242,0.14033624769237754,0.8670357494949105,0.2942149659744614,0.8807970701552505,0.12592277467581975,0.7057850154599562,0.8519527982093666,0.9553191290913013,0.20181321265898594
0.9525741231199173,0.7772998560157665,0.7057850278370111,0.6513548782017745,0.7431680143008301,0.33458944125318596,0.5621765008857981,0.2689414096510108,0.5467381519846138,0.6513548646660543,0.8872046034098933,0.43782349911420193,0.1480472055495773,0.5467381519846138,0.7549149923816046,0.46879062662624377,0.3486451488696663,0.2814055953761019,0.8872046049010912,0.8438951084436076,0.2689414096510108
0.9975273767664118,0.42250463481418826,0.4687906266262437,0.42250463481418826,0.9099070005411124,0.42250463481418826,0.3486451217982255,0.3073580232098525,0.9099070115349837,0.33458942798284697,0.8872045847699186,0.2942149783515162,0.2814056014026228,0.8807970811069351,0.45326184801538616,0.39233683016710835,0.39233683016710835,0.34864513533394575,0.3073580168652638,0.6224593382055109,0.9284087926320945
0.8991213698363247,0.679178692681616,0.8670357632379241,0.3629691917376783,0.4532618480153861,0.6926419894793246,0.6370308082623217,0.9669140235181256,0.6791787056691698,0.5621765008857981,0.4073334000459302,0.932453310268176,0.40733340004593027,0.9241418205010699,0.7662936430859597,0.7057850278370111,0.8872046034098933,0.19193279106941588,0.30735801686526387,0.5156199157230156,0.14804719427274568
0.6370308082623217,0.32082130731838393,0.7185943925708562,0.11279539882690352,0.7662936377487304,0.7879311981328135,0.11279541523008142,0.2568319970758679,0.320821300824607,0.19193278413614728,0.28140561345566495,0.2942149659744614,0.09534946040040722,0.08509904616718289,0.3345894346180165,0.10087863083945883,0.5926665999540698,0.042087725362387016,0.06754669724011829,0.08035746992340508,0.24508501864634827
0.9324533154301279,0.5774953651858118,0.3073580232098525,0.32082130731838393,0.4073334000459302,0.25683199707586785,0.15610489940847913,0.18242551713899047,0.8596637451167995,0.14033625488320037,0.2018132270610754,0.20181322466072713,0.766293653760418,0.8438951005915208,0.19193278413614728,0.2689414272294874,0.2942149659744614,0.2568319856991699,0.24508501864634827,0.17328820379459514,0.16451646289656316
0.5156199157230156,0.36296920551961687,0.7879311981328135,0.25683199138751883,0.37754066179448903,0.32082129433083023,0.2568319856991699,0.7310585727705126,0.4378234991142019,0.3073580232098525,0.2568319970758679,0.20181321986003056,0.2568319856991699,0.2942149597859341,0.16451646699291614,0.7549149813536518,0.6926419894793248,0.13296424535145931,0.7057850340255385,0.0850990374659633,0.1732882080640581
0.9324533154301279,0.7981867777396211,0.7185943805178139,0.6654105587468141,0.968856170701693,0.7310585786300049,0.6076631698328917,0.5,0.9626731105140616,0.6791787056691697,0.7185944046238981,0.6513548646660543,0.5621765008857981,0.5156199157230156,0.9783846677888323,0.5926665999540698,0.5621765008857982,0.39233683016710835,0.743167997235783,0.4687906266262437,0.6370307944803831
0.5312093733737562,0.24508501313237174,0.3208213073183839,0.12592275171421674,0.21206879439743004,0.07159119597808575,0.7057850402140659,0.6654105454764747,0.3345894478883556,0.3073580105206753,0.12592277467581975,0.6791787121629466,0.6513548714339145,0.047425872167789755,0.1732882144682526,0.32082130731838393,0.14033625308549463,0.22270014398423357,0.256832002764217,0.053403328669912084,0.3629692055196168
0.949669363129097,0.7310585727705127,0.9553191276601922,0.40733340004593027,0.679178692681616,0.9324533097989076,0.48438008427698437,0.6224593382055109,0.9525741281688026,0.5,0.679178699175393,0.7185943985973772,0.9284087960985615,0.5621765008857981,0.5467381519846138,0.9046505254608135,0.5312093733737563,0.5156199157230156,0.665410558746814,0.9399133489844308,0.9099070054272775
0.8175744673038222,0.7981867705385762,0.48438008427698437,0.7057850340255386,0.6926419831347361,0.21206879688734884,0.6513548782017745,0.13296424706933604,0.09534947389651462,0.42250463481418826,0.4378234991142019,0.2942149721629888,0.20181322466072713,0.2568319856991699,0.10087861799957211,0.08035746056322256,0.23370635157681108,0.5156199157230157,0.2814056014026228,0.651354857898194,0.30735801686526387
0.6654105653819835,0.718594386544335,0.4687906266262437,0.4378234991142019,0.37754066879814546,0.40733340004593027,0.34864514210180597,0.8519528057272544,0.22270014914315836,0.43782349911420193,0.3923368301671084,0.5774953651858118,0.6513548714339145,0.15610490529754448,0.4225046348141882,0.5312093733737563,0.25683199707586785,0.6076631698328917,0.23370636225126956,0.5774953651858118,0.17328821019878957
0.6654105720171531,0.6224593312018546,0.3775406687981454,0.348645142101806,0.16451645880021026,0.09009298541116335,0.14804719427274568,0.06371499869663866,0.07159120192060023,0.21206881182686202,0.17328821233352107,0.18242551713899047,0.047425869643347295,0.04742586863357034,0.21206880435710534,0.12592275335433112,0.2689414213699951,0.08035746386681628,0.05033063348777396,0.16451646494473965,0.1008786186753556
0.23370636225126956,0.3073580105206753,0.8807970685907242,0.16451646494473965,0.20181322226037882,0.22270013882530887,0.1259227582746744,0.19193279106941585,0.2018132150593341,0.29421497216298875,0.11920293297380237,0.1403362512877889,0.34864513533394575,0.7549149813536518,0.16451645675203383,0.7431680029241322,0.13296423847995262,0.11279541373888334,0.20181322946142374,0.40733340004593027,0.1259227631950178
0.5774953651858118,0.5,0.5,0.5926665999540698,0.4073334000459302,0.4532618480153861,0.348645142101806,0.7185944046238981,0.6370308082623217,0.42250463481418826,0.6654105653819836,0.3073580105206753,0.18242551713899047,0.29421496597446145,0.665410572017153,0.6513548511303338,0.3073580168652638,0.5156199157230156,0.2689414213699951,0.16451645880021026,0.28140561345566495
0.7549149978955811,0.8080672089305841,0.23370635157681108,0.6224593312018546,0.11920291576401233,0.6370307875894138,0.1403362512877889,0.6224593312018546,0.25683199707586785,0.6513548782017745,0.6654105587468141,0.5774953651858117,0.06754669630158146,0.10669059465574897,0.04208773242132242,0.1403362458946719,0.03308597707775863,0.6370307875894139,0.33458944788835565,0.17328820806405806,0.06371499647430197
0.5,0.3073580232098525,0.19193279338050545,0.20181321986003056,0.3629692055196168,0.7981867849406659,0.12592276483513232,0.6926419767901475,0.10669060388702056,0.18242551491653522,0.0953494674697966,0.10087862273005653,0.7310585786300048,0.08509905254807777,0.7879312006227324,0.12592276155490334,0.7185943805178139,0.1192029188930649,0.08509904210661366,0.24508500761839525,0.6513548782017745
0.9241418194564431,0.817574478416099,0.7310585727705127,0.9362850057480346,0.6791787056691698,0.5774953651858118,0.3629692055196168,0.6370307944803831,0.30735802320985245,0.6513548578981939,0.2942149659744614,0.39233683016710835,0.5312093733737563,0.348645142101806,0.45326184801538616,0.743168019989179,0.7549149923816048,0.5,0.6926419894793246,0.6926419767901475,0.7549149813536518
0.9755769106116003,0.7057850340255386,0.6370307875894138,0.9433475732983932,0.5,0.5926665999540698,0.45326184801538616,0.4378234991142019,0.4378234991142019,0.6654105653819835,0.4073334000459302,0.46879062662624377,0.651354857898194,0.5774953651858118,0.8872045840243196,0.6224593241981982,0.32082129433083023,0.5,0.6513548714339145,0.8596637487122111,0.34864512856608554
0.9820137893141226,0.5156199157230156,0.43782349911420193,0.9433475780765632,0.26894142136999516,0.334589441253186,0.5774953651858118,0.32082129433083023,0.6224593312018546,0.45326184801538616,0.8596637433190939,0.8596637577007393,0.34864514210180597,0.8872046019186954,0.3629692055196168,0.32082130731838393,0.39233683016710835,0.2120688093369431,0.8175744806385543,0.7981867729389246,0.5774953651858118
0.9688561692404085,0.2689414330889797,0.40733340004593027,0.37754066879814546,0.8670357512127872,0.37754066879814546,0.8438951045175642,0.19193279338050545,0.4073334000459302,0.11920292828022305,0.14033625308549463,0.1259227631950178,0.23370635157681108,0.7549149813536518,0.15610489940847916,0.320821300824607,0.33458943461801643,0.25683199138751883,0.16451646494473965,0.42250463481418826,0.7662936324115011
0.6224593241981982,0.1403362512877889,0.5621765008857982,0.10669058471438037,0.6370308013713525,0.100878622054273,0.17328820379459514,0.6076631698328916,0.09009298602193394,0.36296921930155557,0.6926419831347361,0.06754668738548217,0.5467381519846138,0.14033624409696624,0.2337063569140403,0.28140561345566495,0.2689414213699951,0.33458945452352534,0.03963884207904032,0.4073334000459302,0.03308597624352061
0.6926419831347361,0.48438008427698437,0.2018132246607271,0.11920293140927593,0.5926665999540698,0.24508501864634824,0.14804719615221756,0.4378234991142019,0.5926665999540697,0.21206879937726764,0.28140560140262283,0.6370307944803831,0.2814056194821861,0.039638841369975954,0.039638835555648504,0.06754669067036072,0.6076631698328916,0.060086648911665194,0.02931223371923813,0.09534945782972029,0.02931222804846421
0.46879062662624377,0.6926419831347361,0.6791786861878392,0.2942149783515162,0.182425528251267,0.18242552158390102,0.20181322706107543,0.1919327887583263,0.2018132246607271,0.14804720179063335,0.10087861529643825,0.7057850402140659,0.14804720179063335,0.10087862408162354,0.5467381519846138,0.11279541373888334,0.09009299701580502,0.256832002764217,0.3486451285660856,0.14804719427274565,0.43782349911420193
0.46879062662624377,0.3073580105206753,0.3208213138121609,0.1259227648351323,0.11279541299328431,0.2689414213699951,0.10087862137848953,0.2689414330889797,0.23370636758849894,0.34864514210180597,0.11920291889306489,0.09534946618445303,0.0715911939972477,0.04468087408894116,0.13296423847995262,0.25683199138751883,0.3486451285660856,0.10669059465574898,0.10669059749614017,0.2689414213699951,0.09009299212963996
0.8175744695262777,0.21206879688734886,0.2689414272294874,0.10669058471438035,0.11279539509890883,0.10669058755477132,0.13296425394084313,0.2450850131323717,0.33458943461801643,0.1561049033345227,0.0803574715752021,0.11920291107043361,0.06371499825217133,0.11279541746687856,0.0715911915212002,0.18242552380635635,0.21206879937726766,0.06371499114069418,0.17328821019878954,0.07585818733363134,0.16451645675203386
0.8080672204860316,0.22270013366638422,0.5312093733737563,0.2568319970758679,0.1403362422992606,0.7981867729389246,0.16451647108926923,0.22270013366638422,0.37754066879814546,0.05340332528017578,0.24508501864634824,0.28140560742914383,0.6076631627277603,0.09009299274041058,0.23370636225126956,0.24508501313237172,0.48438008427698437,0.05033063722702185,0.08509905022775231,0.2814055953761019,0.0758581847220642
0.8872045847699186,0.6513548782017746,0.5621765008857981,0.45326184801538616,0.3486451285660856,0.48438008427698437,0.8670357701094303,0.5774953651858117,0.7662936430859597,0.48438008427698437,0.46879062662624377,0.5312093733737562,0.4687906266262437,0.679178692681616,0.919642532278991,0.39233683016710835,0.7057850278370112,0.45326184801538616,0.8438950986284991,0.46879062662624377,0.8438951084436077
0.8991213711878918,0.2689414213699951,0.4687906266262437,0.880797071719777,0.10669059039516232,0.4532618480153861,0.3486451285660856,0.08509904732734556,0.37754067580180184,0.7662936377487304,0.13296424535145931,0.899121367808974,0.2120688093369431,0.10669059252545564,0.11920292984474949,0.09009298724347511,0.14033625308549463,0.10669059607594455,0.28140560742914383,0.4378234991142019,0.1066905825840872
0.9399133512987252,0.5156199157230157,0.16451645675203383,0.2689414213699951,0.731058584489497,0.3629691917376783,0.14033625488320037,0.6513548714339145,0.21206881431678096,0.5926665999540697,0.7549149813536518,0.6791786926816161,0.050330638117319006,0.08509903920620716,0.07585817218654307,0.07585818733363135,0.12592275335433115,0.06754668597767712,0.06754669536304463,0.6654105521116445,0.2018132174596823
0.9241418142333089,0.8872045832787204,0.6370307875894138,0.8991213799730774,0.2942149783515162,0.2568319970758679,0.2689414272294874,0.11920292984474949,0.1480471961522176,0.8519528076067262,0.4843800842769843,0.2689414272294874,0.8354835452961425,0.7057850216484838,0.6076631769380229,0.7662936484231889,0.5312093733737563,0.7431680143008301,0.13296424706933604,0.11279540404609627,0.17328821233352107
0.8872045870067157,0.9525741231199173,0.6076631698328916,0.9399133515091156,0.25683198569916993,0.42250463481418826,0.9284088064979618,0.8267117919359419,0.5774953651858118,0.5926665999540698,0.4225046348141882,0.9149009497722477,0.18242551936144574,0.5774953651858118,0.18242552158390102,0.1732882016598637,0.5312093733737563,0.6791786926816161,0.4378234991142019,0.24508500761839527,0.8670357477770336
0.9648551558730283,0.851952809486198,0.4843800842769844,0.3345894478883556,0.4532618480153861,0.29421497216298875,0.546738151984614,0.34864514210180597,0.6370307944803832,0.4378234991142019,0.7310585727705127,0.30735800417608683,0.36296921930155557,0.3073580168652638,0.7310585844894971,0.40733340004593027,0.320821300824607,0.6224593382055109,0.705785040214066,0.3208212878370535,0.3629691986286475
0.9783846648344753,0.5467381519846138,0.3486451353339458,0.29421497216298875,0.30735801686526387,0.3486451285660856,0.3208213008246071,0.6076631698328917,0.5312093733737563,0.24508501864634824,0.8267118004748677,0.26894141551050293,0.6926419831347361,0.8807970904940926,0.2018132270610754,0.665410572017153,0.5312093733737563,0.6654105653819836,0.22270014398423357,0.622459324198198,0.3923368301671084
0.5467381519846138,0.48438008427698437,0.18242551936144574,0.8354835371034368,0.3629692055196168,0.11920292202211755,0.2689414213699951,0.3629692193015556,0.7662936324115011,0.11279540106370037,0.21206879937726764,0.45326184801538616,0.7431680199891789,0.1403362494900832,0.7662936484231889,0.12592277631593438,0.3629692055196168,0.10669058329418492,0.6370307944803832,0.4073334000459302,0.7057850340255386
0.9919380076822634,0.6513548714339145,0.9688561713761321,0.9196425372343817,0.2942149597859341,0.2450850021044189,0.3629692055196168,0.5,0.24508500761839522,0.14804720367010532,0.2568319970758679,0.6076631698328916,0.15610489744545739,0.1919327864472368,0.8596637487122111,0.3486451285660856,0.4532618480153861,0.8596637559030338,0.9579122689303887,0.2450850021044189,0.11920293453832885
0.7431680029241321,0.12592277467581975,0.1732882016598637,0.5,0.1824255171389905,0.8596637487122112,0.23370635691404026,0.07585817949893016,0.7310585727705126,0.23370635691404026,0.037326890021390696,0.09534946425643773,0.04208772551257712,0.334589441253186,0.6224593312018545,0.3486451285660856,0.14804720367010532,0.24508500761839527,0.03732688600549891,0.42250463481418826,0.04742587755326745
0.8175744695262775,0.30735801686526387,0.23370635157681105,0.15610489940847916,0.2018132270610754,0.8175744739711883,0.13296424535145931,0.2568319913875189,0.6791786926816161,0.14804720179063335,0.1732882144682526,0.22270013366638422,0.6791786861878392,0.15610489940847916,0.22270012850745968,0.2814056014026228,0.18242551491653522,0.28140561345566495,0.6926419894793246,0.14033624229926062,0.08509905196799639
0.9626731103801985,0.8872046019186953,0.6076631698328916,0.4843800842769843,0.7310585786300049,0.96036116189172,0.9626731127897336,0.6224593312018546,0.718594386544335,0.6791786861878392,0.7549149868676283,0.6791786926816161,0.5467381519846138,0.6224593312018546,0.7431680086124811,0.6791786926816161,0.2814055953761019,0.40733340004593027,0.6076631698328916,0.7310585727705127,0.5621765008857981
0.8354835350552604,0.2942149659744614,0.1480471999111614,0.24508501313237172,0.2814056074291439,0.13296423504419938,0.11279539882690352,0.7772998508568416,0.7310585786300049,0.7772998663336157,0.7310585786300049,0.09534945975773547,0.07159119498766672,0.13296424535145934,0.7549149813536518,0.06371500047450808,0.7057850154599562,0.0953494732538428,0.09009299396195183,0.10669059039516232,0.08035746551861317
0.7549149758396752,0.5,0.2227001285074597,0.28140560140262283,0.25683198001082097,0.9046505357435622,0.17328820806405806,0.3629692055196168,0.23370636225126956,0.16451645470385742,0.2942149597859341,0.13296422989056966,0.16451645675203383,0.24508501864634824,0.29421497216298875,0.18242551491653525,0.8438951064805861,0.4687906266262438,0.1480472036701053,0.29421496597446145,0.21206879937726764
0.808067204308405,0.5,0.40733340004593027,0.8807970889295663,0.4073334000459302,0.8354835309589074,0.1480471923932738,0.22270013882530887,0.2018132270610754,0.2942149721629888,0.3073580041760869,0.7431680029241321,0.21206879937726766,0.13296423847995262,0.1259227631950178,0.3486451285660856,0.1919327864472368,0.2337063569140403,0.42250463481418826,0.26894142722948744,0.33458945452352534
0.6224593312018546,0.8670357615200475,0.8872046041554922,0.11920292358664392,0.10669058684467357,0.13296424191570594,0.7185943985973772,0.1403362440969662,0.07585817532042316,0.24508501864634827,0.6370307944803832,0.07585817584273653,0.17328819952513227,0.22270014914315836,0.11920291576401232,0.03963883966822149,0.30735800417608683,0.679178699175393,0.3073580105206753,0.1561048974454574,0.06754669630158146
0.7772998663336158,0.24508501864634827,0.2227001336663842,0.2018132150593341,0.45326184801538616,0.48438008427698437,0.4532618480153861,0.07159119251161919,0.11279541746687856,0.1645164567520338,0.16451646494473965,0.14804719051380197,0.36296919173767833,0.08509904036636975,0.4225046348141882,0.11279539882690352,0.39233683016710835,0.19193277951396834,0.0534033331895608,0.22270013882530887,0.23370636758849891
0.48438008427698437,0.45326184801538616,0.14804719051380197,0.08509904152653235,0.2942149721629888,0.3486451217982255,0.07159119597808575,0.2942149783515162,0.03963884349716912,0.060086652488302125,0.06008664954283641,0.5774953651858118,0.14804719427274565,0.2018132198600306,0.3208212878370535,0.06371498802942314,0.02931222910842187,0.16451645470385745,0.03963883555564851,0.029312227995466324,0.3629692055196168
0.7431680086124812,0.8354835371034368,0.5156199157230156,0.679178699175393,0.09009300190197034,0.1919327887583263,0.14804719239327382,0.4073334000459302,0.4073334000459302,0.3073580232098525,0.22270013882530887,0.0675466977093867,0.12592275335433115,0.1403362512877889,0.14804719427274568,0.2942149597859341,0.24508500761839527,0.1919327772028789,0.06754668363133544,0.4687906266262437,0.3486451285660856
0.9046505447409665,0.5467381519846138,0.8267117962054049,0.8438951064805861,0.8670357649558007,0.1561048974454574,0.2942149659744614,0.42250463481418826,0.10669060530721626,0.25683199138751883,0.787931188173138,0.20181322946142374,0.26894141551050293,0.24508500761839525,0.1127953943533099,0.2942149783515163,0.8354835309589074,0.12592275991478882,0.11920291263495983,0.0900929896865575,0.07585818211049714
0.8933094088947399,0.6224593312018546,0.7772998663336158,0.22270013366638425,0.8175744695262775,0.36296921241058616,0.34864514210180597,0.29421498454004374,0.7185943805178139,0.5,0.32082130731838393,0.43782349911420193,0.28140561345566495,0.5926665999540697,0.45326184801538616,0.5621765008857981,0.5926665999540698,0.39233683016710835,0.2689414213699951,0.5156199157230157,0.6076631769380229
0.5,0.5156199157230157,0.8670357701094303,0.08509904036636974,0.37754066879814546,0.4073334000459302,0.28140561345566495,0.09534946489910949,0.06371500091897546,0.2018132246607271,0.09534946618445303,0.6654105521116445,0.05033063402195222,0.050330636692843565,0.23370636225126953,0.23370634623958197,0.679178699175393,0.05665242471070258,0.25683199138751883,0.0566524267016068,0.06754669395523943
0.7310585727705126,0.36296921930155557,0.808067204308405,0.08509904210661366,0.2689414213699951,0.13296424706933604,0.09009298480039278,0.16451646494473965,0.12592276975547595,0.28140561345566495,0.22270013366638425,0.03963883910097002,0.19193277951396834,0.6224593382055109,0.050330629748526326,0.04742586880186649,0.15610490333452268,0.18242553047372242,0.11279540404609627,0.05340332697504391,0.7549149978955811
0.6513548714339144,0.6926419894793246,0.3073580295544412,0.24508501313237172,0.060086647859713196,0.20181322946142372,0.06371499869663867,0.2018132198600306,0.3629692055196168,0.22270014914315836,0.04208772671409797,0.1919327818250578,0.43782349911420193,0.46879062662624377,0.06371499247409608,0.1561049013715009,0.05033063313165513,0.2227001285074597,0.2942149783515162,0.04468087329388052,0.24508502416032488
0.904650530602188,0.10669059181535787,0.15610489744545739,0.08035747377759817,0.4687906266262437,0.7057850278370112,0.10087861597222171,0.6926419831347361,0.07159119201640969,0.1192029110704336,0.042087725963147436,0.23370635157681108,0.0953494674697966,0.6926419831347361,0.044680865820311146,0.04468087011363808,0.6224593312018546,0.06008665143635008,0.06008665311947338,0.4687906266262437,0.28140560140262283
0.9808759626551299,0.7431680086124811,0.5621765008857982,0.9362850039701653,0.9496693620607405,0.37754066879814546,0.4225046348141882,0.8175744695262775,0.32082131381216084,0.30735800417608683,0.9362850088593059,0.7981867801399694,0.21206880435710532,0.8991213826762113,0.731058584489497,0.8807970670261976,0.8080672204860317,0.5621765008857981,0.28140560742914383,0.21206880684702423,0.2689414213699951
0.3345894545235253,0.1645164608483867,0.23370636225126956,0.1732882016598637,0.06371499025175958,0.09534946875514018,0.4378234991142019,0.39233683016710835,0.3486451217982255,0.20181322946142374,0.14033624769237754,0.06371499558536729,0.07159119597808576,0.11920292515117027,0.09009299396195183,0.12592276647524683,0.03732688948593843,0.03114382929830689,0.3923368301671084,0.024423090364770753,0.050330637048962415
0.9196425350319858,0.8740772450055545,0.8438951064805861,0.7057850340255386,0.7431680086124812,0.9362849986365571,0.9579122729855218,0.5926665999540698,0.5312093733737563,0.19193277720287893,0.45326184801538616,0.23370636225126956,0.8991213860551286,0.1561048974454574,0.1561048954824357,0.7662936324115011,0.8807970732843033,0.6926419831347361,0.936285002192296,0.34864513533394575,0.45326184801538616
0.9525741313664297,0.7772998663336158,0.9579122734360922,0.8670357701094304,0.4378234991142019,0.3629691917376783,0.3208213138121609,0.6513548714339145,0.5156199157230156,0.5621765008857981,0.7185943985973772,0.766293653760418,0.8080672204860316,0.718594386544335,0.8519528094861981,0.5621765008857981,0.2018132150593341,0.651354857898194,0.24508502416032488,0.4532618480153861,0.3629691986286475
0.5,0.3345894478883556,0.46879062662624377,0.18242552602881168,0.14804720554957726,0.7879311906630568,0.132964236762076,0.1066905854244781,0.0900929890757869,0.5621765008857981,0.26894141551050293,0.5156199157230157,0.5621765008857982,0.3073580295544412,0.1008786146206548,0.334589441253186,0.1480471923932738,0.1066905875547713,0.20181321745968234,0.09534945525903342,0.18242552380635635
0.9324533041676869,0.8438950986284991,0.19193278875832634,0.11920291732853862,0.7662936377487305,0.1008786328668095,0.2018132246607271,0.2689414213699951,0.08035746551861318,0.320821300824607,0.20181322466072713,0.7057850278370112,0.6926419894793246,0.6926419767901476,0.06008665311947338,0.0803574649680142,0.08509904036636975,0.07159120687269596,0.03732688747799252,0.6513548511303336,0.29421497216298875
