0,1,2,3,4,5,6,7,8,9,10,11,12,13,14,15,16,17,18,19,20
1.0129987357628251e-05,7.484626298776402e-05,0.00015843623599953396,0.001926734293943221,0.0015011819937681247,0.0007096703049020563,0.00043055709272278825,0.0005527785524441057,2.1444958641491428e-05,2.1444958641491428e-05,6.475945666070602e-07,0.09534946232842245,1.0129987357628251e-05,3.535625493426631e-05,6.475945666070602e-07,7.484626298776402e-05,2.3823696679343503e-07,0.0293122327122782,0.02297737241894287,5.043476486929152e-07,0.0015011819937681247
0.9999982396569965,1.3709578605790399e-06,0.99999627336116,0.9980732657060567,0.9770226275810572,0.9998766053808288,0.9997965729534201,0.014063626423394072,4.5397852420729034e-05,0.9399133496156019,0.22270013882530884,0.1824255149165352,0.9046505376715775,0.001926734293943221,7.889264466933239e-06,0.6791786926816161,2.6995784182201246e-07,0.001926734293943221,0.004070137783849419,0.06008665038439803,0.5
0.9999989322970027,0.9820137881297458,2.7535687821746045e-05,0.9968273169307178,9.610239214580367e-05,0.9995694429072771,0.9706877672877217,5.8291272510566984e-05,0.8519528000888387,2.9023119851992182e-06,1.067702997323512e-06,8.315279285380714e-07,0.9997965729534201,0.9997388096898188,1.3709578605790399e-06,6.144177531850823e-06,0.9626731105140616,3.059023363247549e-07,7.889264466933239e-06,1.6701429809483402e-05,5.043476486929152e-07
0.0015011819937681247,0.99966464996832,0.9994472214475559,0.1824255149165352,0.997527377056997,0.0007096703049020563,0.03732688948593844,0.9914225147446858,0.005220125635523486,9.610239214580367e-05,8.315279285380714e-07,2.7535687821746045e-05,0.0002611903101813263,2.9023119851992182e-06,7.889264466933239e-06,0.14804719991116141,2.2603251062511995e-06,2.9023119851992182e-06,4.5397852420729034e-05,6.475945666070602e-07,4.5397852420729034e-05
0.9706877672877217,0.11920291732853862,0.5,0.0007096703049020563,0.03732688948593844,0.1824255149165352,0.014063626423394072,0.010986941578116867,0.0005527785524441057,0.9999546021475793,7.484626298776402e-05,0.014063626423394072,7.484626298776402e-05,9.610239214580367e-05,1.760343003490802e-06,2.2603251062511995e-06,1.067702997323512e-06,1.760343003490802e-06,0.00015843623599953396,2.9023119851992182e-06,0.9914225147446858
0.9999994956523514,0.01798621187025419,0.9999991684720715,0.9999993524054335,0.99999627336116,0.02297737241894287,0.014063626423394072,0.9999977396748937,2.1444958641491428e-05,0.014063626423394072,1.3007123813725571e-05,0.9933071487351834,0.9820137881297458,0.9525741264858409,0.9999832985701905,0.9626731105140616,0.6224593312018546,0.9999038976078543,0.9999724643121783,1.0129987357628251e-05,0.9999785550413585
0.99966464996832,3.7266388399128017e-06,2.2603251062511995e-06,3.7266388399128017e-06,2.9023119851992182e-06,4.5397852420729034e-05,1.760343003490802e-06,0.0293122327122782,1.760343003490802e-06,0.06008665038439803,2.7535687821746045e-05,2.7535687821746045e-05,0.7772998611746911,0.001926734293943221,2.2603251062511995e-06,0.0009110513587503459,4.5397852420729034e-05,1.067702997323512e-06,0.5,0.0002611903101813263,3.535625493426631e-05
0.9999546021475793,0.047425873514159125,2.9023119851992182e-06,6.144177531850823e-06,0.0031726830692822717,2.9023119851992182e-06,2.9023119851992182e-06,0.001926734293943221,0.2689414213699951,0.0002611903101813263,1.3709578605790399e-06,1.3709578605790399e-06,9.610239214580367e-05,7.889264466933239e-06,1.5534971990199408e-06,5.8291272510566984e-05,6.144177531850823e-06,4.785094494835719e-06,3.535625493426631e-05,1.2098659719807354e-06,0.00012339461917113592
0.9770226275810572,0.9999251537370122,2.2603251062511995e-06,0.03732688948593844,6.144177531850823e-06,2.9023119851992182e-06,0.00015843623599953396,1.760343003490802e-06,0.004070137783849419,0.00857748525531428,0.7772998611746911,0.0007096703049020563,0.00043055709272278825,1.3007123813725571e-05,1.6701429809483402e-05,0.00015843623599953396,2.1444958641491428e-05,8.315279285380714e-07,9.610239214580367e-05,1.3709578605790399e-06,1.6701429809483402e-05
0.9999977396748937,0.9990889486412498,4.5397852420729034e-05,2.1444958641491428e-05,5.043476486929152e-07,0.9959298622161507,0.9241418267688302,0.0007096703049020563,0.6224593312018546,0.0005527785524441057,0.14804719991116141,0.9706877672877217,2.3823696679343503e-07,0.07585817323116975,4.5397852420729034e-05,1.067702997323512e-06,2.3823696679343503e-07,1.760343003490802e-06,1.760343003490802e-06,3.9278634073828347e-07,2.1444958641491428e-05
1.0129987357628251e-05,0.010986941578116867,0.07585817323116975,0.9998415637640005,1.3709578605790399e-06,0.0293122327122782,0.9988304896995872,0.014063626423394072,0.001926734293943221,3.535625493426631e-05,2.1444958641491428e-05,1.760343003490802e-06,1.6701429809483402e-05,1.067702997323512e-06,3.535625493426631e-05,0.00015843623599953396,1.3007123813725571e-05,4.5397852420729034e-05,6.144177531850823e-06,1.6701429809483402e-05,7.889264466933239e-06
0.9999977396748937,0.5,7.889264466933239e-06,0.0002611903101813263,0.0003353500316799018,7.889264466933239e-06,7.889264466933239e-06,9.610239214580367e-05,0.010986941578116867,5.8291272510566984e-05,7.889264466933239e-06,0.010986941578116867,2.7535687821746045e-05,3.535625493426631e-05,0.006692851264816553,0.0003353500316799018,0.0003353500316799018,0.00020342704657999323,0.00015843623599953396,0.00015843623599953396,9.610239214580367e-05
0.9999982396569965,0.00043055709272278825,9.610239214580367e-05,0.006692851264816553,1.067702997323512e-06,2.7535687821746045e-05,2.7535687821746045e-05,0.14804719991116141,0.37754066879814546,8.315279285380714e-07,3.059023363247549e-07,0.06008665038439803,3.466327450774257e-07,1.3007123813725571e-05,1.3007123813725571e-05,2.1024339116182101e-07,0.0031726830692822717,0.0015011819937681247,6.144177531850823e-06,0.006692851264816553,0.002472622943003016
3.7266388399128017e-06,0.9998415637640005,0.9999251537370122,0.9820137881297458,0.047425873514159125,4.5397852420729034e-05,2.7535687821746045e-05,1.6701429809483402e-05,1.3007123813725571e-05,0.11920291732853862,0.0003353500316799018,0.0002611903101813263,8.315279285380714e-07,0.002472622943003016,9.610239214580367e-05,2.9023119851992182e-06,8.315279285380714e-07,5.8291272510566984e-05,8.315279285380714e-07,3.7266388399128017e-06,0.02297737241894287
0.9890130584218833,1.6701429809483402e-05,0.9859363735766059,7.889264466933239e-06,7.889264466933239e-06,3.7266388399128017e-06,4.785094494835719e-06,0.22270013882530884,8.315279285380714e-07,0.6224593312018546,0.07585817323116975,3.535625493426631e-05,0.004070137783849419,1.3709578605790399e-06,0.004070137783849419,0.002472622943003016,1.3007123813725571e-05,8.315279285380714e-07,0.005220125635523486,3.535625493426631e-05,7.338208055688351e-07
0.9999952149055052,0.0293122327122782,5.043476486929152e-07,0.0005527785524441057,0.0002611903101813263,0.010986941578116867,0.014063626423394072,3.9278634073828347e-07,0.004070137783849419,0.0007096703049020563,0.0007096703049020563,0.0015011819937681247,0.0011695103004128338,1.3709578605790399e-06,3.9278634073828347e-07,0.00020342704657999323,1.067702997323512e-06,4.5397852420729034e-05,0.00015843623599953396,0.0011695103004128338,9.610239214580367e-05
0.9999989322970027,0.9999921107355332,0.9999869928761862,0.9999724643121783,0.9241418267688302,1.067702997323512e-06,0.9999417087274893,0.06008665038439803,0.9990889486412498,0.00012339461917113592,0.010986941578116867,2.7535687821746045e-05,0.9626731105140616,0.9046505376715775,5.043476486929152e-07,0.0011695103004128338,6.475945666070602e-07,4.4508526417414716e-07,0.00043055709272278825,0.7772998611746911,5.715002426492935e-07
0.9999832985701905,0.9959298622161507,0.9998415637640005,0.9947798743644766,0.9626731105140616,0.9999869928761862,7.889264466933239e-06,0.9999785550413585,0.9999832985701905,0.9859363735766059,0.0003353500316799018,0.0007096703049020563,0.02297737241894287,0.9999038976078543,3.7266388399128017e-06,0.00015843623599953396,0.9998415637640005,0.00857748525531428,0.9994472214475559,0.9998415637640005,5.8291272510566984e-05
0.6224593312018546,1.0129987357628251e-05,6.475945666070602e-07,7.889264466933239e-06,1.6701429809483402e-05,0.0007096703049020563,0.0003353500316799018,0.0002611903101813263,2.2603251062511995e-06,8.315279285380714e-07,1.3709578605790399e-06,2.9023119851992182e-06,3.9278634073828347e-07,4.785094494835719e-06,9.610239214580367e-05,3.9278634073828347e-07,3.059023363247549e-07,3.7266388399128017e-06,3.9278634073828347e-07,6.475945666070602e-07,6.475945666070602e-07
0.07585817323116975,0.9999724643121783,0.9999785550413585,0.9859363735766059,0.0002611903101813263,0.014063626423394072,1.760343003490802e-06,0.3208213073183839,0.9999251537370122,1.760343003490802e-06,5.8291272510566984e-05,0.9998415637640005,0.014063626423394072,0.00015843623599953396,0.0003353500316799018,0.9980732657060567,6.475945666070602e-07,6.475945666070602e-07,5.8291272510566984e-05,0.9046505376715775,6.475945666070602e-07
0.9999417087274893,0.9999724643121783,0.9999251537370122,0.9999417087274893,0.07585817323116975,0.9933071487351834,0.9933071487351834,0.014063626423394072,0.004070137783849419,0.9626731105140616,0.2689414213699951,1.3007123813725571e-05,0.0005527785524441057,3.7266388399128017e-06,1.0129987357628251e-05,6.475945666070602e-07,5.043476486929152e-07,0.14804719991116141,0.0293122327122782,5.043476486929152e-07,0.0011695103004128338
0.0015011819937681247,0.0031726830692822717,0.9820137881297458,0.002472622943003016,0.0009110513587503459,4.5397852420729034e-05,7.484626298776402e-05,1.3709578605790399e-06,8.315279285380714e-07,5.8291272510566984e-05,4.5397852420729034e-05,7.889264466933239e-06,1.0129987357628251e-05,0.0002611903101813263,0.0005527785524441057,1.8553914607279396e-07,1.760343003490802e-06,3.059023363247549e-07,3.7266388399128017e-06,6.144177531850823e-06,4.5397852420729034e-05
0.9999938558224682,0.9999785550413585,0.9525741264858409,4.785094494835719e-06,0.9998415637640005,8.315279285380714e-07,0.9890130584218833,0.9890130584218833,0.9933071487351834,0.9990889486412498,0.9770226275810572,5.043476486929152e-07,0.03732688948593844,0.9626731105140616,4.785094494835719e-06,0.6224593312018546,0.1824255149165352,0.03732688948593844,6.475945666070602e-07,1.067702997323512e-06,8.315279285380714e-07
0.9706877672877217,0.7310585786300049,0.8175744850834648,0.5,7.484626298776402e-05,0.047425873514159125,3.059023363247549e-07,0.09534946232842245,2.1444958641491428e-05,1.6701429809483402e-05,0.0015011819937681247,1.0129987357628251e-05,0.0031726830692822717,1.3007123813725571e-05,0.0009110513587503459,0.0003353500316799018,6.475945666070602e-07,2.6995784182201246e-07,3.059023363247549e-07,3.9278634073828347e-07,1.0129987357628251e-05
3.535625493426631e-05,0.9046505376715775,6.475945666070602e-07,0.7310585786300049,3.7266388399128017e-06,0.5,0.6791786926816161,0.9770226275810572,1.3709578605790399e-06,2.2603251062511995e-06,0.7310585786300049,1.067702997323512e-06,0.00857748525531428,0.01798621187025419,0.0293122327122782,0.6224593312018546,6.475945666070602e-07,0.005220125635523486,8.315279285380714e-07,0.07585817323116975,0.6224593312018546
0.9968273169307178,2.2603251062511995e-06,0.00015843623599953396,1.3709578605790399e-06,0.00020342704657999323,0.014063626423394072,0.00015843623599953396,0.06008665038439803,0.8519528000888387,9.610239214580367e-05,0.02297737241894287,8.315279285380714e-07,0.8807970826714614,0.0002611903101813263,0.8175744850834648,0.001926734293943221,1.6701429809483402e-05,0.00012339461917113592,0.1824255149165352,0.4378234991142018,0.010986941578116867
0.9525741264858409,3.535625493426631e-05,0.00020342704657999323,0.0009110513587503459,0.0002611903101813263,0.00012339461917113592,0.005220125635523486,0.7772998611746911,0.6791786926816161,0.8519528000888387,8.315279285380714e-07,0.0005527785524441057,1.3007123813725571e-05,1.3007123813725571e-05,0.00012339461917113592,6.475945666070602e-07,6.144177531850823e-06,3.9278634073828347e-07,1.3007123813725571e-05,1.3007123813725571e-05,1.3007123813725571e-05
0.9241418267688302,0.02297737241894287,0.0293122327122782,3.535625493426631e-05,9.610239214580367e-05,2.2603251062511995e-06,1.3709578605790399e-06,1.3709578605790399e-06,1.0129987357628251e-05,6.144177531850823e-06,3.7266388399128017e-06,4.785094494835719e-06,1.3709578605790399e-06,2.2603251062511995e-06,3.7266388399128017e-06,9.610239214580367e-05,4.5397852420729034e-05,6.475945666070602e-07,5.8291272510566984e-05,1.3709578605790399e-06,3.535625493426631e-05
0.5,0.047425873514159125,0.5,0.9999251537370122,0.9999546021475793,1.760343003490802e-06,0.37754066879814546,0.00015843623599953396,0.11920291732853862,2.9023119851992182e-06,0.99966464996832,0.047425873514159125,0.00012339461917113592,7.484626298776402e-05,0.00020342704657999323,0.0011695103004128338,0.00043055709272278825,1.760343003490802e-06,0.00015843623599953396,3.7266388399128017e-06,1.6701429809483402e-05
0.9999982396569965,0.9999646437450657,0.0011695103004128338,0.9998766053808288,1.0129987357628251e-05,0.9999832985701905,0.9999869928761862,1.3007123813725571e-05,0.9999898700126424,0.9999869928761862,0.9999251537370122,0.9999832985701905,9.610239214580367e-05,0.9998766053808288,0.9997965729534201,0.9997388096898188,0.5,0.9998766053808288,0.6224593312018546,4.785094494835719e-06,9.610239214580367e-05
0.006692851264816553,0.0002611903101813263,0.9990889486412498,1.067702997323512e-06,1.067702997323512e-06,2.1444958641491428e-05,0.37754066879814546,1.0129987357628251e-05,5.043476486929152e-07,0.14804719991116141,2.3823696679343503e-07,0.02297737241894287,4.5397852420729034e-05,3.535625493426631e-05,3.466327450774257e-07,4.5397852420729034e-05,0.0011695103004128338,4.785094494835719e-06,0.0009110513587503459,0.004070137783849419,2.7535687821746045e-05
0.9999038976078543,0.9820137881297458,0.9999038976078543,0.8175744850834648,1.3007123813725571e-05,4.785094494835719e-06,0.07585817323116975,6.144177531850823e-06,0.03732688948593844,6.144177531850823e-06,3.7266388399128017e-06,0.006692851264816553,0.0031726830692822717,0.0002611903101813263,3.7266388399128017e-06,2.9023119851992182e-06,0.00015843623599953396,7.484626298776402e-05,7.484626298776402e-05,0.0011695103004128338,0.0002611903101813263
0.9999785550413585,0.9999251537370122,2.9023119851992182e-06,0.9947798743644766,0.0293122327122782,1.760343003490802e-06,1.3709578605790399e-06,0.0009110513587503459,0.9525741264858409,0.9997388096898188,0.00015843623599953396,0.9990889486412498,0.14804719991116141,0.0002611903101813263,0.9947798743644766,1.067702997323512e-06,0.0002611903101813263,0.005220125635523486,6.475945666070602e-07,0.9933071487351834,3.535625493426631e-05
0.9995694429072771,0.7772998611746911,0.0007096703049020563,0.9999038976078543,0.00857748525531428,0.9990889486412498,0.0031726830692822717,0.002472622943003016,2.2603251062511995e-06,3.7266388399128017e-06,2.2603251062511995e-06,0.0005527785524441057,2.2603251062511995e-06,0.9241418267688302,0.00020342704657999323,0.9770226275810572,1.3709578605790399e-06,1.760343003490802e-06,0.00015843623599953396,0.00020342704657999323,0.00012339461917113592
0.9525741264858409,0.3208213073183839,7.484626298776402e-05,0.37754066879814546,0.14804719991116141,0.09534946232842245,0.9933071487351834,2.1444958641491428e-05,1.6701429809483402e-05,0.9933071487351834,7.484626298776402e-05,5.8291272510566984e-05,0.7772998611746911,0.0005527785524441057,0.0005527785524441057,0.5621765008857981,7.889264466933239e-06,0.03732688948593844,0.01798621187025419,0.0293122327122782,6.475945666070602e-07
9.610239214580367e-05,0.9046505376715775,0.9706877672877217,0.9999546021475793,0.6224593312018546,0.004070137783849419,0.06008665038439803,0.9998415637640005,0.07585817323116975,0.2689414213699951,0.03732688948593844,2.2603251062511995e-06,0.00857748525531428,1.760343003490802e-06,1.760343003490802e-06,0.0009110513587503459,0.00043055709272278825,0.0005527785524441057,2.9023119851992182e-06,0.0015011819937681247,0.00012339461917113592
0.22270013882530884,0.0005527785524441057,0.00015843623599953396,4.785094494835719e-06,0.0007096703049020563,1.760343003490802e-06,5.8291272510566984e-05,0.14804719991116141,7.889264466933239e-06,0.010986941578116867,1.3709578605790399e-06,4.785094494835719e-06,7.889264466933239e-06,0.00043055709272278825,4.785094494835719e-06,1.0129987357628251e-05,6.475945666070602e-07,6.475945666070602e-07,5.043476486929152e-07,0.00012339461917113592,6.475945666070602e-07
0.9999970976880148,0.00012339461917113592,6.144177531850823e-06,0.9999869928761862,0.9999724643121783,0.9999646437450657,0.9999417087274893,0.9999646437450657,0.9241418267688302,0.00012339461917113592,0.9999646437450657,3.535625493426631e-05,0.11920291732853862,1.760343003490802e-06,3.535625493426631e-05,0.9990889486412498,2.2603251062511995e-06,1.3007123813725571e-05,1.760343003490802e-06,5.8291272510566984e-05,0.999290329695098
0.9999832985701905,2.1444958641491428e-05,0.9859363735766059,0.9626731105140616,1.6701429809483402e-05,0.2689414213699951,7.338208055688351e-07,0.03732688948593844,9.610239214580367e-05,1.0129987357628251e-05,0.005220125635523486,2.9023119851992182e-06,0.00043055709272278825,2.1444958641491428e-05,2.1444958641491428e-05,4.4508526417414716e-07,1.3007123813725571e-05,1.6701429809483402e-05,8.315279285380714e-07,2.1444958641491428e-05,0.0003353500316799018
0.0005527785524441057,1.067702997323512e-06,0.005220125635523486,0.8519528000888387,0.6224593312018546,5.8291272510566984e-05,4.785094494835719e-06,0.014063626423394072,4.785094494835719e-06,6.144177531850823e-06,0.002472622943003016,0.0009110513587503459,1.4449802095675026e-07,0.0005527785524441057,0.0009110513587503459,1.6373770576809702e-07,0.0002611903101813263,0.00012339461917113592,0.0002611903101813263,0.0002611903101813263,1.125351754703302e-07
2.1444958641491428e-05,0.99966464996832,1.067702997323512e-06,1.067702997323512e-06,0.0005527785524441057,0.0005527785524441057,1.3709578605790399e-06,5.8291272510566984e-05,0.005220125635523486,1.3709578605790399e-06,6.475945666070602e-07,3.535625493426631e-05,3.535625493426631e-05,0.8175744850834648,2.1444958641491428e-05,6.475945666070602e-07,7.889264466933239e-06,9.610239214580367e-05,5.8291272510566984e-05,8.315279285380714e-07,0.5
0.0003353500316799018,0.9980732657060567,0.00015843623599953396,0.9933071487351834,0.00020342704657999323,0.9820137881297458,0.00020342704657999323,3.7266388399128017e-06,1.3709578605790399e-06,2.9023119851992182e-06,0.9820137881297458,0.8807970826714614,0.8807970826714614,0.22270013882530884,0.1824255149165352,0.7772998611746911,0.11920291732853862,0.03732688948593844,0.7310585786300049,0.2689414213699951,7.889264466933239e-06
3.535625493426631e-05,0.047425873514159125,4.785094494835719e-06,0.9999251537370122,0.9999869928761862,0.99966464996832,3.7266388399128017e-06,0.9980732657060567,0.9914225147446858,0.9980732657060567,0.9890130584218833,0.9046505376715775,0.7310585786300049,0.5,0.01798621187025419,0.9999646437450657,0.0293122327122782,0.9997965729534201,7.484626298776402e-05,0.00015843623599953396,0.9994472214475559
0.9706877672877217,0.01798621187025419,0.9999038976078543,0.9998415637640005,2.9023119851992182e-06,1.760343003490802e-06,0.9947798743644766,0.0015011819937681247,0.0007096703049020563,1.760343003490802e-06,1.067702997323512e-06,8.315279285380714e-07,9.610239214580367e-05,8.315279285380714e-07,3.535625493426631e-05,5.8291272510566984e-05,8.315279285380714e-07,6.475945666070602e-07,5.8291272510566984e-05,9.610239214580367e-05,2.7535687821746045e-05
1.6701429809483402e-05,0.06008665038439803,2.9023119851992182e-06,0.09534946232842245,0.9999546021475793,0.9241418267688302,0.005220125635523486,0.005220125635523486,1.760343003490802e-06,0.9525741264858409,0.014063626423394072,0.0015011819937681247,1.760343003490802e-06,0.0009110513587503459,0.11920291732853862,0.002472622943003016,0.9968273169307178,0.00012339461917113592,0.0011695103004128338,0.0293122327122782,0.00020342704657999323
0.9999970976880148,0.0002611903101813263,7.889264466933239e-06,0.11920291732853862,0.09534946232842245,0.0002611903101813263,4.785094494835719e-06,6.144177531850823e-06,0.004070137783849419,0.002472622943003016,0.9770226275810572,7.484626298776402e-05,4.5397852420729034e-05,0.0009110513587503459,6.144177531850823e-06,3.535625493426631e-05,2.9023119851992182e-06,0.8807970826714614,3.535625493426631e-05,7.889264466933239e-06,0.0002611903101813263
0.0011695103004128338,8.315279285380714e-07,0.002472622943003016,1.3007123813725571e-05,1.0129987357628251e-05,1.067702997323512e-06,2.9023119851992182e-06,4.5397852420729034e-05,4.5397852420729034e-05,0.00012339461917113592,2.9023119851992182e-06,2.9023119851992182e-06,1.3709578605790399e-06,6.475945666070602e-07,1.3709578605790399e-06,1.3709578605790399e-06,3.7266388399128017e-06,8.315279285380714e-07,6.475945666070602e-07,1.6701429809483402e-05,1.067702997323512e-06
0.9933071487351834,0.7772998611746911,0.006692851264816553,0.0015011819937681247,0.1824255149165352,0.0007096703049020563,0.9990889486412498,0.9988304896995872,0.00043055709272278825,0.0005527785524441057,9.610239214580367e-05,7.889264466933239e-06,9.610239214580367e-05,0.00012339461917113592,9.610239214580367e-05,0.0002611903101813263,5.8291272510566984e-05,5.8291272510566984e-05,6.144177531850823e-06,1.6701429809483402e-05,0.9046505376715775
0.5,0.9999646437450657,0.9999646437450657,0.9999832985701905,0.9999832985701905,0.9999724643121783,0.9999785550413585,7.889264466933239e-06,0.9999869928761862,0.9999832985701905,0.9999724643121783,0.9999646437450657,1.0129987357628251e-05,2.2603251062511995e-06,0.9999724643121783,0.9995694429072771,0.999290329695098,2.2603251062511995e-06,0.3208213073183839,0.9999646437450657,0.9997965729534201
1.760343003490802e-06,0.9706877672877217,0.0015011819937681247,0.00043055709272278825,0.9241418267688302,0.8175744850834648,0.8807970826714614,4.5397852420729034e-05,1.3709578605790399e-06,3.535625493426631e-05,8.315279285380714e-07,1.3007123813725571e-05,1.3007123813725571e-05,6.144177531850823e-06,6.144177531850823e-06,3.7266388399128017e-06,0.00012339461917113592,1.0129987357628251e-05,6.144177531850823e-06,1.0129987357628251e-05,3.7266388399128017e-06
0.00043055709272278825,0.9999038976078543,3.7266388399128017e-06,0.9999982396569965,0.0003353500316799018,0.00020342704657999323,0.9999546021475793,0.9999646437450657,0.9914225147446858,0.9890130584218833,0.9999724643121783,0.9999038976078543,0.37754066879814546,1.6701429809483402e-05,0.99966464996832,2.2603251062511995e-06,2.9023119851992182e-06,3.7266388399128017e-06,0.9997965729534201,4.785094494835719e-06,2.9023119851992182e-06
0.9933071487351834,0.37754066879814546,0.006692851264816553,0.9968273169307178,1.3709578605790399e-06,1.3709578605790399e-06,1.760343003490802e-06,0.00020342704657999323,0.00012339461917113592,2.2603251062511995e-06,0.00012339461917113592,0.6791786926816161,0.2689414213699951,5.8291272510566984e-05,2.7535687821746045e-05,5.8291272510566984e-05,1.3007123813725571e-05,1.6701429809483402e-05,4.5397852420729034e-05,0.00012339461917113592,0.006692851264816553
0.6791786926816161,1.3709578605790399e-06,0.047425873514159125,0.9859363735766059,0.03732688948593844,0.8519528000888387,0.3208213073183839,0.4378234991142018,1.3709578605790399e-06,0.8807970826714614,0.9998766053808288,0.0031726830692822717,0.01798621187025419,6.475945666070602e-07,0.00857748525531428,3.9278634073828347e-07,5.043476486929152e-07,0.0011695103004128338,0.0015011819937681247,0.9984988180062319,7.484626298776402e-05
0.999290329695098,0.0003353500316799018,7.889264466933239e-06,1.0129987357628251e-05,0.09534946232842245,0.0293122327122782,0.0003353500316799018,0.004070137783849419,0.001926734293943221,1.0129987357628251e-05,0.9988304896995872,1.0129987357628251e-05,0.001926734293943221,7.889264466933239e-06,0.00015843623599953396,0.9859363735766059,0.0002611903101813263,0.0002611903101813263,0.9933071487351834,0.00012339461917113592,0.9241418267688302
0.0011695103004128338,0.9933071487351834,0.0031726830692822717,0.8175744850834648,0.6791786926816161,2.7535687821746045e-05,0.00012339461917113592,0.00015843623599953396,2.1444958641491428e-05,7.889264466933239e-06,1.0129987357628251e-05,1.0129987357628251e-05,1.067702997323512e-06,1.067702997323512e-06,1.067702997323512e-06,2.2603251062511995e-06,0.0005527785524441057,2.2603251062511995e-06,3.7266388399128017e-06,1.6701429809483402e-05,4.785094494835719e-06
4.5397852420729034e-05,1.760343003490802e-06,0.006692851264816553,0.8807970826714614,2.7535687821746045e-05,0.0003353500316799018,5.8291272510566984e-05,4.5397852420729034e-05,0.07585817323116975,4.785094494835719e-06,2.1444958641491428e-05,1.6701429809483402e-05,3.7266388399128017e-06,0.0007096703049020563,2.9023119851992182e-06,2.9023119851992182e-06,6.144177531850823e-06,2.2603251062511995e-06,2.9023119851992182e-06,3.7266388399128017e-06,1.3709578605790399e-06
0.9997388096898188,0.9626731105140616,0.002472622943003016,0.5,0.2689414213699951,0.06008665038439803,0.001926734293943221,6.144177531850823e-06,0.9980732657060567,0.9968273169307178,0.9933071487351834,0.0031726830692822717,0.9046505376715775,0.9706877672877217,0.9706877672877217,2.2603251062511995e-06,0.0002611903101813263,1.760343003490802e-06,2.9023119851992182e-06,3.7266388399128017e-06,0.0009110513587503459
0.9999938558224682,4.785094494835719e-06,0.3208213073183839,0.0031726830692822717,0.4378234991142018,0.09534946232842245,0.9994472214475559,0.06008665038439803,0.9980732657060567,0.9980732657060567,0.00012339461917113592,0.00857748525531428,3.535625493426631e-05,0.0031726830692822717,0.9770226275810572,2.9023119851992182e-06,1.760343003490802e-06,0.9770226275810572,2.9023119851992182e-06,0.002472622943003016,2.7535687821746045e-05
0.99999627336116,1.760343003490802e-06,2.2603251062511995e-06,0.9999646437450657,0.9999546021475793,0.997527377056997,0.9995694429072771,0.9999785550413585,0.9988304896995872,0.9999546021475793,9.610239214580367e-05,1.760343003490802e-06,0.9706877672877217,0.9995694429072771,0.9990889486412498,2.1444958641491428e-05,1.3007123813725571e-05,1.6701429809483402e-05,0.999290329695098,0.99966464996832,6.475945666070602e-07
0.9999996072136592,0.9980732657060567,0.9626731105140616,0.9990889486412498,0.06008665038439803,0.99999627336116,0.9999952149055052,0.010986941578116867,0.9999921107355332,0.006692851264816553,0.9999832985701905,0.9626731105140616,0.9999417087274893,0.9999724643121783,0.03732688948593844,0.001926734293943221,0.010986941578116867,0.11920291732853862,0.006692851264816553,0.01798621187025419,0.14804719991116141
0.9959298622161507,0.22270013882530884,6.144177531850823e-06,0.0011695103004128338,7.889264466933239e-06,0.0005527785524441057,0.00043055709272278825,7.889264466933239e-06,4.785094494835719e-06,0.00020342704657999323,4.785094494835719e-06,6.144177531850823e-06,0.00015843623599953396,4.5397852420729034e-05,4.785094494835719e-06,2.9023119851992182e-06,0.9820137881297458,6.144177531850823e-06,0.9241418267688302,7.889264466933239e-06,0.9046505376715775
7.484626298776402e-05,0.9999832985701905,6.144177531850823e-06,0.9999832985701905,0.99999627336116,0.9999938558224682,0.9999952149055052,1.6701429809483402e-05,0.9890130584218833,0.9999921107355332,5.8291272510566984e-05,0.00012339461917113592,2.1444958641491428e-05,1.3007123813725571e-05,0.9999646437450657,0.9999038976078543,0.9998766053808288,2.7535687821746045e-05,3.7266388399128017e-06,0.8175744850834648,0.9984988180062319
0.0031726830692822717,0.9990889486412498,0.9706877672877217,0.0003353500316799018,0.00020342704657999323,0.1824255149165352,2.7535687821746045e-05,2.9023119851992182e-06,2.9023119851992182e-06,1.6701429809483402e-05,0.002472622943003016,0.0005527785524441057,3.059023363247549e-07,4.785094494835719e-06,0.0002611903101813263,5.043476486929152e-07,9.610239214580367e-05,1.067702997323512e-06,5.043476486929152e-07,0.0005527785524441057,4.785094494835719e-06
0.9999993524054335,0.8519528000888387,0.9995694429072771,0.006692851264816553,0.8807970826714614,1.067702997323512e-06,2.1444958641491428e-05,7.484626298776402e-05,0.1824255149165352,0.2689414213699951,7.889264466933239e-06,0.010986941578116867,0.004070137783849419,0.0011695103004128338,0.0031726830692822717,2.9023119851992182e-06,5.043476486929152e-07,5.043476486929152e-07,2.9023119851992182e-06,2.2603251062511995e-06,0.0003353500316799018
0.9999869928761862,0.4378234991142018,0.5621765008857981,0.9914225147446858,0.37754066879814546,0.0002611903101813263,0.9859363735766059,0.006692851264816553,0.0031726830692822717,0.9626731105140616,0.0011695103004128338,4.785094494835719e-06,2.9023119851992182e-06,0.0007096703049020563,3.7266388399128017e-06,2.2603251062511995e-06,0.00015843623599953396,9.610239214580367e-05,2.2603251062511995e-06,2.9023119851992182e-06,0.0009110513587503459
0.9999869928761862,0.9998415637640005,0.00012339461917113592,6.144177531850823e-06,0.999290329695098,0.0003353500316799018,0.9995694429072771,0.0007096703049020563,0.9999724643121783,0.9999546021475793,0.22270013882530884,0.9997388096898188,1.760343003490802e-06,2.2603251062511995e-06,0.9525741264858409,3.535625493426631e-05,1.3007123813725571e-05,1.3709578605790399e-06,0.01798621187025419,0.14804719991116141,1.3709578605790399e-06
5.8291272510566984e-05,0.9859363735766059,6.144177531850823e-06,0.004070137783849419,0.005220125635523486,0.5621765008857981,3.7266388399128017e-06,0.00043055709272278825,0.06008665038439803,0.14804719991116141,0.00012339461917113592,0.00020342704657999323,9.610239214580367e-05,0.9998766053808288,0.0009110513587503459,0.9999251537370122,0.0007096703049020563,0.0005527785524441057,0.9997965729534201,0.002472622943003016,0.9995694429072771
0.9999977396748937,0.9998415637640005,0.9988304896995872,0.00015843623599953396,3.7266388399128017e-06,0.9999417087274893,0.9980732657060567,0.9984988180062319,0.6791786926816161,0.8175744850834648,3.535625493426631e-05,0.999290329695098,0.4378234991142018,0.1824255149165352,2.2603251062511995e-06,0.9914225147446858,0.03732688948593844,0.047425873514159125,0.9914225147446858,0.9706877672877217,2.1444958641491428e-05
0.9999970976880148,0.9999938558224682,0.9525741264858409,0.9399133496156019,0.8175744850834648,0.004070137783849419,0.6791786926816161,0.001926734293943221,0.0011695103004128338,0.9999646437450657,0.5,1.067702997323512e-06,0.006692851264816553,0.03732688948593844,0.99966464996832,0.002472622943003016,0.00043055709272278825,0.0031726830692822717,0.002472622943003016,0.9995694429072771,1.3709578605790399e-06
0.8175744850834648,0.8807970826714614,0.5,0.37754066879814546,0.9997388096898188,0.1824255149165352,7.889264466933239e-06,0.99966464996832,7.484626298776402e-05,1.0129987357628251e-05,0.997527377056997,0.997527377056997,0.9890130584218833,5.8291272510566984e-05,5.8291272510566984e-05,0.001926734293943221,0.9820137881297458,0.0003353500316799018,0.0009110513587503459,0.002472622943003016,0.00015843623599953396
0.9999724643121783,0.9999921107355332,0.9995694429072771,6.144177531850823e-06,0.9999724643121783,0.4378234991142018,0.1824255149165352,0.9933071487351834,0.9820137881297458,0.9947798743644766,0.9997388096898188,0.004070137783849419,0.001926734293943221,0.0015011819937681247,0.2689414213699951,0.005220125635523486,1.760343003490802e-06,0.9947798743644766,0.9933071487351834,1.760343003490802e-06,1.067702997323512e-06
0.99966464996832,0.001926734293943221,0.11920291732853862,0.0015011819937681247,0.0293122327122782,2.9023119851992182e-06,0.014063626423394072,0.002472622943003016,1.760343003490802e-06,2.2603251062511995e-06,1.067702997323512e-06,0.9525741264858409,2.1444958641491428e-05,0.9525741264858409,0.00020342704657999323,0.0003353500316799018,9.610239214580367e-05,0.6791786926816161,1.067702997323512e-06,2.7535687821746045e-05,7.889264466933239e-06
0.9999038976078543,2.9023119851992182e-06,0.9999417087274893,0.9859363735766059,2.9023119851992182e-06,0.9997388096898188,1.760343003490802e-06,0.9997388096898188,0.0005527785524441057,1.760343003490802e-06,0.9984988180062319,0.00015843623599953396,0.00020342704657999323,9.610239214580367e-05,0.06008665038439803,0.0002611903101813263,7.484626298776402e-05,0.006692851264816553,9.610239214580367e-05,0.07585817323116975,0.002472622943003016
0.9999921107355332,0.9399133496156019,0.0007096703049020563,0.0009110513587503459,0.7772998611746911,0.5,0.9994472214475559,7.889264466933239e-06,0.9994472214475559,0.6791786926816161,0.00020342704657999323,0.0293122327122782,0.00012339461917113592,6.144177531850823e-06,0.9914225147446858,0.0011695103004128338,2.7535687821746045e-05,2.7535687821746045e-05,6.144177531850823e-06,7.484626298776402e-05,0.6224593312018546
0.00020342704657999323,2.9023119851992182e-06,7.484626298776402e-05,0.9999989322970027,7.889264466933239e-06,0.9984988180062319,0.9999982396569965,0.999290329695098,0.9999898700126424,0.9999938558224682,4.5397852420729034e-05,0.8807970826714614,1.760343003490802e-06,0.7310585786300049,0.9999724643121783,2.7535687821746045e-05,0.1824255149165352,2.2603251062511995e-06,0.9999251537370122,0.9998766053808288,2.2603251062511995e-06
0.14804719991116141,0.00857748525531428,2.2603251062511995e-06,0.005220125635523486,4.5397852420729034e-05,0.9525741264858409,2.9023119851992182e-06,0.0005527785524441057,0.9046505376715775,3.535625493426631e-05,1.760343003490802e-06,0.0009110513587503459,1.3709578605790399e-06,0.0002611903101813263,0.8175744850834648,0.7310585786300049,1.6701429809483402e-05,0.7310585786300049,1.760343003490802e-06,2.2603251062511995e-06,7.484626298776402e-05
3.535625493426631e-05,0.0015011819937681247,0.00857748525531428,0.004070137783849419,1.6701429809483402e-05,0.5,0.6791786926816161,0.22270013882530884,0.07585817323116975,2.7535687821746045e-05,2.2603251062511995e-06,3.7266388399128017e-06,2.2603251062511995e-06,4.785094494835719e-06,0.001926734293943221,3.7266388399128017e-06,2.9023119851992182e-06,3.059023363247549e-07,3.059023363247549e-07,6.144177531850823e-06,3.9278634073828347e-07
0.9999996072136592,0.9998415637640005,7.889264466933239e-06,0.9999986290421394,0.9995694429072771,0.9984988180062319,0.9999970976880148,0.07585817323116975,0.9706877672877217,0.3208213073183839,0.002472622943003016,0.9999417087274893,0.9999251537370122,0.9999417087274893,0.3208213073183839,0.1824255149165352,0.001926734293943221,0.0015011819937681247,0.0005527785524441057,0.0015011819937681247,0.03732688948593844
0.9999996940976636,5.043476486929152e-07,0.9997965729534201,0.9988304896995872,0.9933071487351834,0.004070137783849419,0.9859363735766059,4.785094494835719e-06,0.9046505376715775,0.9399133496156019,0.8519528000888387,4.785094494835719e-06,2.2603251062511995e-06,3.7266388399128017e-06,0.09534946232842245,5.8291272510566984e-05,0.0031726830692822717,2.2603251062511995e-06,0.014063626423394072,5.8291272510566984e-05,3.535625493426631e-05
0.9999977396748937,0.9999546021475793,3.7266388399128017e-06,0.9999038976078543,0.010986941578116867,0.9997965729534201,0.9998415637640005,0.9999986290421394,0.999290329695098,2.1444958641491428e-05,0.99999627336116,0.9999921107355332,0.9947798743644766,5.8291272510566984e-05,3.7266388399128017e-06,0.9999785550413585,0.99966464996832,0.9525741264858409,0.9999417087274893,0.00043055709272278825,0.9997388096898188
0.9999646437450657,0.047425873514159125,1.760343003490802e-06,2.9023119851992182e-06,0.01798621187025419,1.3709578605790399e-06,0.9999546021475793,0.9999546021475793,0.09534946232842245,0.001926734293943221,0.9999038976078543,0.0011695103004128338,0.9997388096898188,1.3709578605790399e-06,0.0011695103004128338,0.0009110513587503459,0.9933071487351834,0.9820137881297458,0.014063626423394072,0.2689414213699951,0.004070137783849419
1.6701429809483402e-05,0.00020342704657999323,6.144177531850823e-06,0.06008665038439803,0.9994472214475559,0.01798621187025419,0.00857748525531428,0.004070137783849419,0.005220125635523486,2.7535687821746045e-05,0.0005527785524441057,0.001926734293943221,0.0007096703049020563,2.1444958641491428e-05,0.9525741264858409,0.9241418267688302,6.144177531850823e-06,2.1444958641491428e-05,2.1444958641491428e-05,0.0005527785524441057,5.8291272510566984e-05
0.997527377056997,0.9980732657060567,3.7266388399128017e-06,0.010986941578116867,0.002472622943003016,0.9988304896995872,0.9990889486412498,0.0005527785524441057,0.00043055709272278825,0.0005527785524441057,0.00043055709272278825,0.0003353500316799018,0.00012339461917113592,2.7535687821746045e-05,3.7266388399128017e-06,2.7535687821746045e-05,7.484626298776402e-05,1.3007123813725571e-05,2.2603251062511995e-06,0.8519528000888387,7.889264466933239e-06
0.37754066879814546,0.005220125635523486,4.785094494835719e-06,2.2603251062511995e-06,3.7266388399128017e-06,0.9890130584218833,0.9968273169307178,4.785094494835719e-06,0.9770226275810572,0.0031726830692822717,0.0007096703049020563,2.9023119851992182e-06,0.7310585786300049,3.7266388399128017e-06,3.7266388399128017e-06,9.610239214580367e-05,5.8291272510566984e-05,2.9023119851992182e-06,3.535625493426631e-05,3.7266388399128017e-06,0.5621765008857981
9.610239214580367e-05,2.9023119851992182e-06,0.9770226275810572,0.9890130584218833,2.1444958641491428e-05,1.6701429809483402e-05,0.9997965729534201,3.7266388399128017e-06,1.6701429809483402e-05,1.6701429809483402e-05,0.7772998611746911,4.785094494835719e-06,2.9023119851992182e-06,1.760343003490802e-06,1.760343003490802e-06,0.07585817323116975,1.760343003490802e-06,2.9023119851992182e-06,0.01798621187025419,0.09534946232842245,0.9399133496156019
0.9999898700126424,4.785094494835719e-06,0.9968273169307178,0.9999251537370122,0.9626731105140616,0.9914225147446858,0.9998766053808288,0.9999038976078543,0.0002611903101813263,0.997527377056997,0.999290329695098,0.9859363735766059,2.2603251062511995e-06,0.1824255149165352,4.5397852420729034e-05,1.760343003490802e-06,0.047425873514159125,0.5621765008857981,0.9770226275810572,0.07585817323116975,0.6224593312018546
1.6701429809483402e-05,0.9999898700126424,0.9999546021475793,0.047425873514159125,7.889264466933239e-06,0.9997965729534201,0.9995694429072771,0.9994472214475559,0.01798621187025419,0.06008665038439803,0.9990889486412498,0.0002611903101813263,0.9968273169307178,2.2603251062511995e-06,5.8291272510566984e-05,2.1444958641491428e-05,9.610239214580367e-05,3.535625493426631e-05,5.8291272510566984e-05,0.5,1.067702997323512e-06
9.610239214580367e-05,2.7535687821746045e-05,0.00012339461917113592,7.484626298776402e-05,0.0003353500316799018,0.0002611903101813263,9.610239214580367e-05,2.2603251062511995e-06,4.5397852420729034e-05,4.785094494835719e-06,0.002472622943003016,2.1444958641491428e-05,1.3709578605790399e-06,6.144177531850823e-06,6.144177531850823e-06,2.9023119851992182e-06,2.9023119851992182e-06,2.2603251062511995e-06,4.785094494835719e-06,0.0002611903101813263,6.144177531850823e-06
0.9999993524054335,7.889264466933239e-06,1.0129987357628251e-05,0.9947798743644766,1.6701429809483402e-05,1.3007123813725571e-05,0.14804719991116141,0.9999921107355332,0.047425873514159125,1.3007123813725571e-05,0.9999646437450657,0.9999724643121783,0.002472622943003016,0.0293122327122782,0.004070137783849419,0.0031726830692822717,0.00020342704657999323,0.005220125635523486,1.0129987357628251e-05,0.09534946232842245,0.002472622943003016
0.02297737241894287,2.9023119851992182e-06,0.0007096703049020563,0.0015011819937681247,3.535625493426631e-05,0.0007096703049020563,0.00043055709272278825,9.610239214580367e-05,8.315279285380714e-07,6.144177531850823e-06,2.7535687821746045e-05,6.144177531850823e-06,0.0007096703049020563,2.9023119851992182e-06,2.9023119851992182e-06,1.3007123813725571e-05,1.0129987357628251e-05,7.889264466933239e-06,6.144177531850823e-06,7.889264466933239e-06,3.535625493426631e-05
0.9999921107355332,0.9046505376715775,0.4378234991142018,1.3709578605790399e-06,2.1444958641491428e-05,0.9399133496156019,0.9994472214475559,2.1444958641491428e-05,0.9998766053808288,0.9859363735766059,0.01798621187025419,6.475945666070602e-07,6.144177531850823e-06,0.5621765008857981,0.004070137783849419,6.475945666070602e-07,0.3208213073183839,0.001926734293943221,0.22270013882530884,0.7772998611746911,0.7772998611746911
0.9998766053808288,0.9999991684720715,1.3007123813725571e-05,0.9399133496156019,2.7535687821746045e-05,0.9999938558224682,0.9999938558224682,0.9999869928761862,0.9999832985701905,0.0293122327122782,4.785094494835719e-06,6.144177531850823e-06,0.001926734293943221,0.9999417087274893,0.9999646437450657,0.0011695103004128338,0.0003353500316799018,0.00043055709272278825,0.9998766053808288,0.00857748525531428,0.0015011819937681247
0.9999994956523514,0.9995694429072771,1.0129987357628251e-05,0.9399133496156019,1.0129987357628251e-05,4.785094494835719e-06,2.9023119851992182e-06,4.785094494835719e-06,2.9023119851992182e-06,0.047425873514159125,1.760343003490802e-06,0.047425873514159125,0.006692851264816553,3.059023363247549e-07,1.760343003490802e-06,3.059023363247549e-07,0.0005527785524441057,3.9278634073828347e-07,3.7266388399128017e-06,0.0031726830692822717,0.0009110513587503459
0.9999898700126424,0.99966464996832,1.3709578605790399e-06,0.004070137783849419,2.7535687821746045e-05,0.006692851264816553,0.0015011819937681247,0.0003353500316799018,0.0003353500316799018,2.1444958641491428e-05,0.00012339461917113592,0.0009110513587503459,0.00043055709272278825,0.14804719991116141,1.760343003490802e-06,1.3709578605790399e-06,9.610239214580367e-05,2.9023119851992182e-06,7.484626298776402e-05,1.760343003490802e-06,5.8291272510566984e-05
0.9968273169307178,2.9023119851992182e-06,0.9988304896995872,0.004070137783849419,0.002472622943003016,0.9990889486412498,0.01798621187025419,0.00015843623599953396,0.9914225147446858,0.06008665038439803,5.8291272510566984e-05,0.9706877672877217,1.0129987357628251e-05,9.610239214580367e-05,2.7535687821746045e-05,5.8291272510566984e-05,2.9023119851992182e-06,0.00015843623599953396,0.5621765008857981,2.7535687821746045e-05,3.7266388399128017e-06
0.9988304896995872,0.9998415637640005,8.315279285380714e-07,2.7535687821746045e-05,0.010986941578116867,1.6701429809483402e-05,6.475945666070602e-07,1.6701429809483402e-05,0.3208213073183839,0.0003353500316799018,0.0002611903101813263,3.466327450774257e-07,0.0015011819937681247,0.00015843623599953396,5.043476486929152e-07,4.785094494835719e-06,1.0129987357628251e-05,4.4508526417414716e-07,0.001926734293943221,1.3007123813725571e-05,1.0129987357628251e-05
0.99999627336116,0.9999921107355332,2.9023119851992182e-06,0.9999938558224682,0.00857748525531428,0.9947798743644766,0.3208213073183839,0.0031726830692822717,0.9525741264858409,2.2603251062511995e-06,0.0009110513587503459,1.760343003490802e-06,0.9998415637640005,0.9997388096898188,0.0005527785524441057,0.6224593312018546,2.2603251062511995e-06,1.3709578605790399e-06,1.760343003490802e-06,2.9023119851992182e-06,0.002472622943003016
0.8175744850834648,0.37754066879814546,0.9999038976078543,0.0009110513587503459,2.2603251062511995e-06,0.00015843623599953396,1.3709578605790399e-06,0.9988304896995872,0.010986941578116867,0.0002611903101813263,0.9859363735766059,2.1444958641491428e-05,4.5397852420729034e-05,1.760343003490802e-06,0.9399133496156019,1.3709578605790399e-06,8.315279285380714e-07,8.315279285380714e-07,8.315279285380714e-07,3.535625493426631e-05,1.3007123813725571e-05
0.9995694429072771,0.005220125635523486,1.0129987357628251e-05,7.889264466933239e-06,0.005220125635523486,0.9988304896995872,0.09534946232842245,0.11920291732853862,0.010986941578116867,7.889264466933239e-06,0.006692851264816553,0.005220125635523486,7.484626298776402e-05,9.610239214580367e-05,0.8807970826714614,0.8807970826714614,2.2603251062511995e-06,0.00043055709272278825,0.7772998611746911,0.001926734293943221,0.00043055709272278825
0.06008665038439803,2.2603251062511995e-06,4.5397852420729034e-05,0.9046505376715775,0.00043055709272278825,0.00020342704657999323,1.3007123813725571e-05,0.00012339461917113592,7.889264466933239e-06,1.760343003490802e-06,1.3709578605790399e-06,3.535625493426631e-05,1.2098659719807354e-06,1.6701429809483402e-05,0.0015011819937681247,8.315279285380714e-07,6.144177531850823e-06,0.0007096703049020563,2.1444958641491428e-05,3.7266388399128017e-06,0.0003353500316799018
0.9980732657060567,0.9859363735766059,4.785094494835719e-06,6.144177531850823e-06,0.0015011819937681247,0.37754066879814546,0.00043055709272278825,6.144177531850823e-06,0.3208213073183839,0.0002611903101813263,0.00012339461917113592,0.09534946232842245,5.8291272510566984e-05,0.0293122327122782,7.484626298776402e-05,4.5397852420729034e-05,0.2689414213699951,0.09534946232842245,0.00043055709272278825,0.0005527785524441057,2.1444958641491428e-05
2.7535687821746045e-05,0.9890130584218833,0.9947798743644766,0.9770226275810572,1.760343003490802e-06,0.005220125635523486,1.760343003490802e-06,0.7772998611746911,0.0005527785524441057,0.4378234991142018,0.11920291732853862,1.3709578605790399e-06,0.03732688948593844,1.067702997323512e-06,0.02297737241894287,0.005220125635523486,0.99966464996832,8.315279285380714e-07,0.0015011819937681247,0.00012339461917113592,5.8291272510566984e-05
0.00857748525531428,0.9770226275810572,6.475945666070602e-07,1.3709578605790399e-06,0.9968273169307178,1.067702997323512e-06,0.9999417087274893,1.3709578605790399e-06,0.9999038976078543,0.9999038976078543,5.043476486929152e-07,7.889264466933239e-06,0.014063626423394072,0.9859363735766059,2.9023119851992182e-06,6.475945666070602e-07,0.9933071487351834,0.5621765008857981,0.7310585786300049,0.9990889486412498,5.043476486929152e-07
0.9046505376715775,1.067702997323512e-06,0.9999832985701905,0.5,2.2603251062511995e-06,0.6791786926816161,2.2603251062511995e-06,0.06008665038439803,0.07585817323116975,0.06008665038439803,0.9997965729534201,0.004070137783849419,0.00012339461917113592,0.9990889486412498,1.3709578605790399e-06,0.0009110513587503459,0.0003353500316799018,0.999290329695098,0.9933071487351834,0.00012339461917113592,0.0007096703049020563
0.9968273169307178,0.0011695103004128338,0.00015843623599953396,0.8175744850834648,8.315279285380714e-07,2.1444958641491428e-05,0.0005527785524441057,1.067702997323512e-06,0.0293122327122782,1.067702997323512e-06,4.5397852420729034e-05,5.8291272510566984e-05,6.144177531850823e-06,0.0015011819937681247,0.0011695103004128338,2.1444958641491428e-05,5.8291272510566984e-05,0.00015843623599953396,4.785094494835719e-06,6.144177531850823e-06,0.0002611903101813263
0.9890130584218833,0.7310585786300049,0.1824255149165352,0.09534946232842245,0.006692851264816553,0.002472622943003016,0.9988304896995872,0.006692851264816553,0.005220125635523486,0.0007096703049020563,0.8807970826714614,0.9706877672877217,7.484626298776402e-05,0.00012339461917113592,0.37754066879814546,0.00020342704657999323,0.00020342704657999323,0.010986941578116867,3.535625493426631e-05,0.00012339461917113592,3.535625493426631e-05
0.6791786926816161,0.004070137783849419,0.002472622943003016,0.006692851264816553,6.144177531850823e-06,0.0015011819937681247,4.5397852420729034e-05,0.005220125635523486,2.7535687821746045e-05,0.11920291732853862,1.760343003490802e-06,2.7535687821746045e-05,7.484626298776402e-05,1.3007123813725571e-05,1.067702997323512e-06,1.067702997323512e-06,1.067702997323512e-06,4.785094494835719e-06,4.5397852420729034e-05,0.00012339461917113592,1.067702997323512e-06
0.9984988180062319,0.047425873514159125,0.37754066879814546,0.999290329695098,0.0031726830692822717,0.00012339461917113592,0.00043055709272278825,0.9988304896995872,0.9984988180062319,0.9968273169307178,3.535625493426631e-05,0.0031726830692822717,0.9241418267688302,0.00043055709272278825,0.9770226275810572,0.8175744850834648,9.610239214580367e-05,1.6701429809483402e-05,2.1444958641491428e-05,1.3709578605790399e-06,0.00020342704657999323
5.8291272510566984e-05,3.7266388399128017e-06,0.9999952149055052,0.997527377056997,0.9997388096898188,0.9706877672877217,0.00020342704657999323,0.9999546021475793,0.00012339461917113592,0.9999251537370122,0.9998415637640005,0.997527377056997,2.2603251062511995e-06,1.3007123813725571e-05,0.9890130584218833,0.09534946232842245,0.9959298622161507,2.2603251062511995e-06,1.3007123813725571e-05,0.997527377056997,0.9947798743644766
0.9859363735766059,0.2689414213699951,0.047425873514159125,0.22270013882530884,4.785094494835719e-06,0.00015843623599953396,0.0011695103004128338,0.06008665038439803,7.484626298776402e-05,0.00043055709272278825,0.9980732657060567,0.006692851264816553,1.067702997323512e-06,2.1444958641491428e-05,0.0015011819937681247,2.7535687821746045e-05,0.9399133496156019,1.3709578605790399e-06,1.3709578605790399e-06,0.0009110513587503459,1.6701429809483402e-05
0.9995694429072771,0.9241418267688302,0.03732688948593844,3.7266388399128017e-06,0.014063626423394072,0.002472622943003016,9.610239214580367e-05,4.5397852420729034e-05,0.0003353500316799018,0.9933071487351834,0.6224593312018546,0.004070137783849419,2.1444958641491428e-05,0.14804719991116141,0.1824255149165352,0.06008665038439803,3.9278634073828347e-07,3.535625493426631e-05,0.02297737241894287,5.043476486929152e-07,0.00015843623599953396
0.9994472214475559,0.5,5.043476486929152e-07,0.002472622943003016,0.001926734293943221,0.00857748525531428,0.047425873514159125,0.0293122327122782,0.8175744850834648,0.0009110513587503459,0.09534946232842245,0.09534946232842245,0.0002611903101813263,6.144177531850823e-06,0.00012339461917113592,0.00015843623599953396,9.610239214580367e-05,6.144177531850823e-06,0.00012339461917113592,5.8291272510566984e-05,5.8291272510566984e-05
0.9890130584218833,0.0009110513587503459,2.9023119851992182e-06,0.014063626423394072,0.002472622943003016,0.6791786926816161,2.2603251062511995e-06,0.5,0.4378234991142018,1.3007123813725571e-05,9.610239214580367e-05,1.760343003490802e-06,0.002472622943003016,5.8291272510566984e-05,7.889264466933239e-06,5.8291272510566984e-05,1.067702997323512e-06,0.0007096703049020563,4.785094494835719e-06,1.760343003490802e-06,2.7535687821746045e-05
0.9999898700126424,0.9994472214475559,0.9990889486412498,1.3007123813725571e-05,0.9998766053808288,4.785094494835719e-06,0.9999417087274893,0.9998766053808288,0.9914225147446858,5.8291272510566984e-05,0.9241418267688302,2.7535687821746045e-05,2.1444958641491428e-05,3.535625493426631e-05,2.2603251062511995e-06,0.9959298622161507,1.3007123813725571e-05,1.3709578605790399e-06,0.03732688948593844,0.9990889486412498,0.9890130584218833
0.9999938558224682,0.9999832985701905,0.9241418267688302,0.9999038976078543,0.9399133496156019,0.7772998611746911,0.9990889486412498,2.9023119851992182e-06,1.760343003490802e-06,0.9994472214475559,0.5,0.9525741264858409,2.9023119851992182e-06,0.14804719991116141,1.067702997323512e-06,6.144177531850823e-06,0.02297737241894287,1.3709578605790399e-06,3.7266388399128017e-06,0.22270013882530884,8.315279285380714e-07
0.002472622943003016,0.047425873514159125,0.09534946232842245,1.760343003490802e-06,0.0009110513587503459,0.9890130584218833,0.9525741264858409,0.00012339461917113592,0.9046505376715775,1.6701429809483402e-05,4.785094494835719e-06,5.8291272510566984e-05,0.0002611903101813263,1.3709578605790399e-06,5.8291272510566984e-05,0.14804719991116141,5.8291272510566984e-05,2.7535687821746045e-05,0.06008665038439803,0.0005527785524441057,2.2603251062511995e-06
0.9999994956523514,0.9999646437450657,0.9997388096898188,0.9995694429072771,1.3709578605790399e-06,5.8291272510566984e-05,0.8519528000888387,0.9626731105140616,1.3709578605790399e-06,0.8175744850834648,0.4378234991142018,0.6791786926816161,2.1444958641491428e-05,5.043476486929152e-07,0.09534946232842245,0.0293122327122782,0.06008665038439803,0.03732688948593844,0.006692851264816553,0.02297737241894287,0.001926734293943221
0.9999989322970027,0.9980732657060567,1.3007123813725571e-05,0.9999952149055052,0.9999898700126424,0.5621765008857981,7.889264466933239e-06,4.785094494835719e-06,0.9999038976078543,0.9999417087274893,0.9998766053808288,0.9998415637640005,0.047425873514159125,0.0011695103004128338,0.9997388096898188,0.010986941578116867,0.004070137783849419,0.010986941578116867,0.0015011819937681247,0.99966464996832,0.0002611903101813263
0.00043055709272278825,0.9914225147446858,0.7310585786300049,6.475945666070602e-07,2.2603251062511995e-06,6.475945666070602e-07,1.3709578605790399e-06,1.3709578605790399e-06,0.005220125635523486,5.043476486929152e-07,1.760343003490802e-06,1.067702997323512e-06,3.059023363247549e-07,6.475945666070602e-07,1.8553914607279396e-07,3.7266388399128017e-06,0.0002611903101813263,0.0002611903101813263,3.466327450774257e-07,0.0005527785524441057,4.785094494835719e-06
0.9999938558224682,0.9994472214475559,0.997527377056997,0.9626731105140616,0.047425873514159125,5.8291272510566984e-05,3.059023363247549e-07,3.535625493426631e-05,3.9278634073828347e-07,4.5397852420729034e-05,0.11920291732853862,2.6995784182201246e-07,2.1024339116182101e-07,0.0002611903101813263,0.06008665038439803,3.466327450774257e-07,4.785094494835719e-06,0.0011695103004128338,0.001926734293943221,7.889264466933239e-06,2.9023119851992182e-06
0.997527377056997,0.09534946232842245,0.00043055709272278825,7.889264466933239e-06,6.144177531850823e-06,0.0005527785524441057,0.047425873514159125,0.9770226275810572,0.9820137881297458,0.06008665038439803,4.5397852420729034e-05,6.144177531850823e-06,2.7535687821746045e-05,5.8291272510566984e-05,0.9859363735766059,2.7535687821746045e-05,4.785094494835719e-06,1.6701429809483402e-05,2.1444958641491428e-05,7.889264466933239e-06,1.3007123813725571e-05
0.9525741264858409,0.14804719991116141,0.0005527785524441057,0.9999038976078543,6.144177531850823e-06,0.9997388096898188,3.7266388399128017e-06,0.03732688948593844,0.01798621187025419,0.00020342704657999323,0.01798621187025419,0.01798621187025419,0.002472622943003016,0.00012339461917113592,3.7266388399128017e-06,0.9914225147446858,0.9959298622161507,2.2603251062511995e-06,2.2603251062511995e-06,0.00015843623599953396,4.5397852420729034e-05
0.9999991684720715,0.010986941578116867,5.043476486929152e-07,6.475945666070602e-07,5.043476486929152e-07,0.9999646437450657,0.9997388096898188,0.005220125635523486,0.9947798743644766,1.6701429809483402e-05,0.9626731105140616,0.0005527785524441057,2.9023119851992182e-06,0.00020342704657999323,0.22270013882530884,3.059023363247549e-07,2.2603251062511995e-06,3.059023363247549e-07,0.5,0.00015843623599953396,0.01798621187025419
1.3007123813725571e-05,0.9999921107355332,0.9968273169307178,0.9399133496156019,0.9999785550413585,0.004070137783849419,0.0031726830692822717,0.9999646437450657,1.760343003490802e-06,0.37754066879814546,0.00020342704657999323,1.760343003490802e-06,0.9994472214475559,2.2603251062511995e-06,0.0007096703049020563,0.07585817323116975,0.02297737241894287,1.3709578605790399e-06,0.00012339461917113592,0.0002611903101813263,0.00015843623599953396
0.00043055709272278825,0.9999251537370122,0.9999989322970027,0.9999898700126424,1.3007123813725571e-05,0.9999869928761862,7.889264466933239e-06,0.99966464996832,6.144177531850823e-06,0.010986941578116867,0.0015011819937681247,0.9820137881297458,0.0002611903101813263,0.9999646437450657,0.9999832985701905,0.7772998611746911,0.37754066879814546,0.9998766053808288,0.9999546021475793,0.0007096703049020563,0.9999038976078543
0.9999982396569965,0.9820137881297458,0.9968273169307178,0.9626731105140616,0.0293122327122782,3.466327450774257e-07,1.3007123813725571e-05,0.0015011819937681247,0.07585817323116975,6.475945666070602e-07,2.3823696679343503e-07,0.0002611903101813263,0.00012339461917113592,4.785094494835719e-06,2.9023119851992182e-06,0.005220125635523486,1.8553914607279396e-07,0.0003353500316799018,5.8291272510566984e-05,4.785094494835719e-06,0.0009110513587503459
0.9994472214475559,1.760343003490802e-06,0.2689414213699951,4.5397852420729034e-05,0.9994472214475559,1.067702997323512e-06,0.9914225147446858,6.144177531850823e-06,0.9046505376715775,1.6701429809483402e-05,6.144177531850823e-06,3.7266388399128017e-06,2.9023119851992182e-06,0.010986941578116867,2.9023119851992182e-06,0.01798621187025419,3.7266388399128017e-06,5.043476486929152e-07,2.9023119851992182e-06,3.9278634073828347e-07,3.9278634073828347e-07
0.9994472214475559,0.9959298622161507,0.9770226275810572,0.03732688948593844,0.00857748525531428,4.785094494835719e-06,0.7772998611746911,2.2603251062511995e-06,0.4378234991142018,0.9998415637640005,2.2603251062511995e-06,0.02297737241894287,0.00015843623599953396,0.004070137783849419,9.610239214580367e-05,0.004070137783849419,0.0009110513587503459,3.535625493426631e-05,5.8291272510566984e-05,0.00857748525531428,0.9914225147446858
0.9999546021475793,0.02297737241894287,0.3208213073183839,4.785094494835719e-06,3.7266388399128017e-06,0.9241418267688302,0.07585817323116975,1.760343003490802e-06,7.484626298776402e-05,2.2603251062511995e-06,0.6791786926816161,0.6791786926816161,5.8291272510566984e-05,3.535625493426631e-05,1.760343003490802e-06,7.484626298776402e-05,4.5397852420729034e-05,1.760343003490802e-06,0.00012339461917113592,1.760343003490802e-06,0.00012339461917113592
0.9999898700126424,0.9995694429072771,4.785094494835719e-06,7.484626298776402e-05,0.00012339461917113592,0.999290329695098,0.9999832985701905,0.9998766053808288,0.9998415637640005,0.0002611903101813263,0.9995694429072771,0.9997388096898188,3.535625493426631e-05,0.9998766053808288,0.9997388096898188,0.06008665038439803,2.7535687821746045e-05,2.2603251062511995e-06,2.1444958641491428e-05,0.9994472214475559,0.014063626423394072
0.06008665038439803,0.9997965729534201,0.9999977396748937,0.00015843623599953396,4.785094494835719e-06,0.9997388096898188,0.9999938558224682,0.00020342704657999323,0.00020342704657999323,0.9999921107355332,0.7772998611746911,0.5621765008857981,2.7535687821746045e-05,2.2603251062511995e-06,2.2603251062511995e-06,2.7535687821746045e-05,0.03732688948593844,0.9998415637640005,1.6701429809483402e-05,0.5621765008857981,0.9998766053808288
0.9999997617630333,0.0293122327122782,0.9890130584218833,0.06008665038439803,2.1444958641491428e-05,2.1444958641491428e-05,0.6224593312018546,1.6701429809483402e-05,1.6701429809483402e-05,0.99999627336116,0.9999921107355332,0.9999938558224682,0.005220125635523486,1.3007123813725571e-05,0.37754066879814546,0.07585817323116975,0.9999251537370122,7.889264466933239e-06,0.047425873514159125,0.9999785550413585,0.9997965729534201
0.6791786926816161,4.785094494835719e-06,1.3709578605790399e-06,2.2603251062511995e-06,0.0293122327122782,0.005220125635523486,0.0293122327122782,0.00015843623599953396,0.9980732657060567,2.9023119851992182e-06,0.9626731105140616,0.0009110513587503459,0.0007096703049020563,0.9241418267688302,0.9241418267688302,0.8519528000888387,1.067702997323512e-06,0.00043055709272278825,0.7310585786300049,7.484626298776402e-05,0.8807970826714614
0.9999994956523514,0.14804719991116141,0.997527377056997,0.9770226275810572,0.9770226275810572,0.9046505376715775,0.6224593312018546,2.7535687821746045e-05,1.6701429809483402e-05,2.1444958641491428e-05,3.7266388399128017e-06,3.7266388399128017e-06,0.14804719991116141,0.047425873514159125,2.9023119851992182e-06,0.001926734293943221,0.02297737241894287,3.7266388399128017e-06,5.043476486929152e-07,6.475945666070602e-07,5.043476486929152e-07
5.8291272510566984e-05,8.315279285380714e-07,0.0002611903101813263,0.00020342704657999323,1.3007123813725571e-05,6.475945666070602e-07,2.9023119851992182e-06,2.7535687821746045e-05,1.760343003490802e-06,1.6701429809483402e-05,3.9278634073828347e-07,7.889264466933239e-06,0.005220125635523486,6.144177531850823e-06,8.315279285380714e-07,5.043476486929152e-07,0.0009110513587503459,3.7266388399128017e-06,7.889264466933239e-06,0.001926734293943221,6.144177531850823e-06
0.9999417087274893,0.02297737241894287,0.03732688948593844,0.9241418267688302,0.0005527785524441057,0.0002611903101813263,1.0129987357628251e-05,0.0002611903101813263,7.889264466933239e-06,2.2603251062511995e-06,0.6224593312018546,2.9023119851992182e-06,0.03732688948593844,2.2603251062511995e-06,0.00020342704657999323,1.760343003490802e-06,1.067702997323512e-06,2.2603251062511995e-06,2.1444958641491428e-05,0.07585817323116975,3.535625493426631e-05
2.9023119851992182e-06,2.9023119851992182e-06,0.9820137881297458,2.9023119851992182e-06,0.0005527785524441057,9.610239214580367e-05,2.2603251062511995e-06,2.7535687821746045e-05,7.484626298776402e-05,7.484626298776402e-05,1.067702997323512e-06,0.005220125635523486,8.315279285380714e-07,1.3709578605790399e-06,1.067702997323512e-06,0.0005527785524441057,8.315279285380714e-07,0.00020342704657999323,1.3709578605790399e-06,1.3007123813725571e-05,7.889264466933239e-06
5.8291272510566984e-05,0.9046505376715775,6.144177531850823e-06,0.37754066879814546,0.09534946232842245,0.9997388096898188,0.01798621187025419,3.7266388399128017e-06,2.2603251062511995e-06,0.0009110513587503459,0.02297737241894287,0.0005527785524441057,0.00012339461917113592,0.9859363735766059,7.484626298776402e-05,0.0005527785524441057,1.3709578605790399e-06,0.0007096703049020563,0.8807970826714614,0.9820137881297458,1.6701429809483402e-05
7.889264466933239e-06,0.9820137881297458,0.9997388096898188,0.11920291732853862,0.001926734293943221,0.014063626423394072,0.9933071487351834,0.005220125635523486,3.7266388399128017e-06,0.00020342704657999323,5.8291272510566984e-05,0.0002611903101813263,0.00020342704657999323,2.2603251062511995e-06,0.00020342704657999323,9.610239214580367e-05,0.5621765008857981,5.8291272510566984e-05,2.9023119851992182e-06,5.8291272510566984e-05,1.760343003490802e-06
0.99999627336116,0.9770226275810572,0.0009110513587503459,1.3709578605790399e-06,0.00012339461917113592,1.067702997323512e-06,3.9278634073828347e-07,0.004070137783849419,1.6701429809483402e-05,6.475945666070602e-07,2.1024339116182101e-07,0.0015011819937681247,2.9023119851992182e-06,3.7266388399128017e-06,2.3823696679343503e-07,2.6995784182201246e-07,0.0003353500316799018,0.00020342704657999323,2.3823696679343503e-07,3.7266388399128017e-06,0.00043055709272278825
0.002472622943003016,1.3709578605790399e-06,0.7772998611746911,2.9023119851992182e-06,2.7535687821746045e-05,3.535625493426631e-05,0.09534946232842245,4.785094494835719e-06,2.7535687821746045e-05,1.067702997323512e-06,8.315279285380714e-07,1.3007123813725571e-05,1.0129987357628251e-05,0.00857748525531428,1.067702997323512e-06,0.002472622943003016,6.475945666070602e-07,1.6701429809483402e-05,1.067702997323512e-06,3.535625493426631e-05,0.0003353500316799018
0.9999832985701905,0.9890130584218833,0.001926734293943221,0.2689414213699951,0.09534946232842245,0.0293122327122782,8.315279285380714e-07,0.02297737241894287,7.889264466933239e-06,0.00857748525531428,0.004070137783849419,0.0015011819937681247,2.2603251062511995e-06,2.9023119851992182e-06,2.2603251062511995e-06,0.00020342704657999323,0.0002611903101813263,0.00015843623599953396,0.00020342704657999323,0.00043055709272278825,1.760343003490802e-06
0.0011695103004128338,0.03732688948593844,4.5397852420729034e-05,0.6224593312018546,1.067702997323512e-06,0.047425873514159125,6.475945666070602e-07,3.535625493426631e-05,0.014063626423394072,0.01798621187025419,0.0031726830692822717,6.144177531850823e-06,3.7266388399128017e-06,4.4508526417414716e-07,0.00043055709272278825,3.7266388399128017e-06,3.7266388399128017e-06,0.00012339461917113592,2.9023119851992182e-06,2.9023119851992182e-06,3.7266388399128017e-06
0.9999417087274893,0.9997388096898188,0.99966464996832,0.00857748525531428,0.001926734293943221,0.00043055709272278825,1.3709578605790399e-06,1.760343003490802e-06,0.00012339461917113592,0.0002611903101813263,0.00857748525531428,9.610239214580367e-05,4.5397852420729034e-05,1.067702997323512e-06,4.5397852420729034e-05,2.7535687821746045e-05,1.3007123813725571e-05,0.00012339461917113592,1.3007123813725571e-05,1.3709578605790399e-06,1.067702997323512e-06
0.0031726830692822717,0.4378234991142018,3.9278634073828347e-07,7.484626298776402e-05,1.067702997323512e-06,3.7266388399128017e-06,3.7266388399128017e-06,1.0129987357628251e-05,3.7266388399128017e-06,6.144177531850823e-06,3.7266388399128017e-06,4.785094494835719e-06,0.0003353500316799018,2.2603251062511995e-06,3.7266388399128017e-06,2.9023119851992182e-06,1.760343003490802e-06,2.9023119851992182e-06,5.043476486929152e-07,3.7266388399128017e-06,2.9023119851992182e-06
0.9999921107355332,0.999290329695098,0.9997388096898188,0.9999921107355332,0.9999921107355332,0.9999869928761862,0.0007096703049020563,0.0003353500316799018,0.9999921107355332,0.9999251537370122,0.8519528000888387,2.2603251062511995e-06,0.9999646437450657,0.1824255149165352,0.3208213073183839,0.09534946232842245,4.5397852420729034e-05,3.535625493426631e-05,0.997527377056997,0.9994472214475559,1.6701429809483402e-05
0.9999999123575151,0.9999898700126424,0.9999785550413585,0.07585817323116975,2.1444958641491428e-05,2.7535687821746045e-05,0.9999832985701905,3.535625493426631e-05,0.9999989322970027,0.9999989322970027,0.9999977396748937,7.889264466933239e-06,0.9999970976880148,0.9998766053808288,0.99999627336116,0.9997965729534201,0.9999921107355332,4.785094494835719e-06,0.0009110513587503459,0.9999898700126424,0.0005527785524441057
0.9999898700126424,0.0009110513587503459,0.9995694429072771,0.9997388096898188,0.9968273169307178,0.99966464996832,0.999290329695098,1.3007123813725571e-05,0.0031726830692822717,0.9525741264858409,3.7266388399128017e-06,0.9999646437450657,0.00015843623599953396,0.9399133496156019,0.1824255149165352,7.484626298776402e-05,0.9959298622161507,5.8291272510566984e-05,0.5,0.14804719991116141,0.997527377056997
0.11920291732853862,0.03732688948593844,0.0007096703049020563,0.0011695103004128338,4.5397852420729034e-05,1.3709578605790399e-06,1.3709578605790399e-06,0.00015843623599953396,0.02297737241894287,1.3709578605790399e-06,0.0031726830692822717,1.067702997323512e-06,4.785094494835719e-06,2.1444958641491428e-05,2.7535687821746045e-05,2.7535687821746045e-05,0.0002611903101813263,1.3007123813725571e-05,7.889264466933239e-06,2.7535687821746045e-05,7.889264466933239e-06
2.9023119851992182e-06,0.00020342704657999323,1.3709578605790399e-06,3.535625493426631e-05,4.5397852420729034e-05,2.2603251062511995e-06,1.0129987357628251e-05,8.315279285380714e-07,5.043476486929152e-07,0.014063626423394072,0.0015011819937681247,0.005220125635523486,0.0011695103004128338,0.0005527785524441057,7.889264466933239e-06,2.2603251062511995e-06,0.00020342704657999323,2.9023119851992182e-06,5.043476486929152e-07,8.315279285380714e-07,2.2603251062511995e-06
1.0129987357628251e-05,0.9999898700126424,4.785094494835719e-06,0.00020342704657999323,6.144177531850823e-06,2.9023119851992182e-06,0.0031726830692822717,3.7266388399128017e-06,0.9820137881297458,4.785094494835719e-06,2.9023119851992182e-06,4.785094494835719e-06,2.9023119851992182e-06,0.8519528000888387,0.00043055709272278825,3.535625493426631e-05,2.1444958641491428e-05,0.00015843623599953396,0.00012339461917113592,0.0003353500316799018,2.7535687821746045e-05
0.03732688948593844,4.5397852420729034e-05,0.9980732657060567,1.067702997323512e-06,0.00015843623599953396,0.01798621187025419,3.9278634073828347e-07,0.00020342704657999323,0.00020342704657999323,0.9706877672877217,1.3007123813725571e-05,3.9278634073828347e-07,5.043476486929152e-07,3.535625493426631e-05,4.5397852420729034e-05,0.7772998611746911,4.785094494835719e-06,5.8291272510566984e-05,2.1444958641491428e-05,2.7535687821746045e-05,1.6701429809483402e-05
0.9999993524054335,1.3709578605790399e-06,0.9525741264858409,0.5621765008857981,0.9241418267688302,0.7310585786300049,5.043476486929152e-07,0.2689414213699951,4.5397852420729034e-05,2.7535687821746045e-05,0.06008665038439803,4.785094494835719e-06,7.889264466933239e-06,0.002472622943003016,7.889264466933239e-06,6.144177531850823e-06,0.0011695103004128338,6.144177531850823e-06,0.0011695103004128338,3.9278634073828347e-07,1.760343003490802e-06
0.9859363735766059,4.785094494835719e-06,0.99966464996832,0.014063626423394072,0.03732688948593844,0.9959298622161507,0.014063626423394072,0.0031726830692822717,1.3007123813725571e-05,0.9968273169307178,2.1444958641491428e-05,0.002472622943003016,1.3007123813725571e-05,0.9770226275810572,1.0129987357628251e-05,0.9706877672877217,6.144177531850823e-06,4.785094494835719e-06,0.8175744850834648,0.0009110513587503459,0.0002611903101813263
0.9999982396569965,0.9995694429072771,4.5397852420729034e-05,8.315279285380714e-07,2.1444958641491428e-05,0.0293122327122782,0.6791786926816161,0.006692851264816553,5.043476486929152e-07,0.001926734293943221,1.3007123813725571e-05,0.14804719991116141,2.6995784182201246e-07,0.002472622943003016,4.785094494835719e-06,5.8291272510566984e-05,2.9023119851992182e-06,3.7266388399128017e-06,2.9023119851992182e-06,3.7266388399128017e-06,0.00012339461917113592
0.9706877672877217,3.7266388399128017e-06,2.9023119851992182e-06,0.02297737241894287,0.9999938558224682,0.002472622943003016,2.9023119851992182e-06,0.6791786926816161,1.760343003490802e-06,0.37754066879814546,0.9999785550413585,0.9999724643121783,0.047425873514159125,1.760343003490802e-06,9.610239214580367e-05,0.9999646437450657,0.9998766053808288,2.7535687821746045e-05,1.760343003490802e-06,0.9999251537370122,1.760343003490802e-06
0.06008665038439803,0.005220125635523486,7.889264466933239e-06,0.00012339461917113592,5.8291272510566984e-05,3.7266388399128017e-06,0.001926734293943221,8.315279285380714e-07,8.315279285380714e-07,4.5397852420729034e-05,2.2603251062511995e-06,1.3709578605790399e-06,9.610239214580367e-05,5.043476486929152e-07,1.067702997323512e-06,6.475945666070602e-07,3.059023363247549e-07,6.144177531850823e-06,2.1444958641491428e-05,1.3709578605790399e-06,2.2603251062511995e-06
0.0005527785524441057,0.001926734293943221,2.9023119851992182e-06,4.785094494835719e-06,5.8291272510566984e-05,0.00020342704657999323,7.889264466933239e-06,7.484626298776402e-05,7.889264466933239e-06,0.4378234991142018,0.14804719991116141,8.315279285380714e-07,8.315279285380714e-07,2.9023119851992182e-06,6.475945666070602e-07,2.2603251062511995e-06,2.2603251062511995e-06,7.889264466933239e-06,6.144177531850823e-06,0.0009110513587503459,0.00020342704657999323
0.9995694429072771,0.9706877672877217,0.1824255149165352,0.09534946232842245,0.0011695103004128338,0.9997388096898188,0.005220125635523486,0.03732688948593844,0.0293122327122782,0.9994472214475559,0.0005527785524441057,5.8291272510566984e-05,2.1444958641491428e-05,0.0007096703049020563,3.535625493426631e-05,0.9770226275810572,0.0003353500316799018,1.760343003490802e-06,2.2603251062511995e-06,0.0015011819937681247,0.00012339461917113592
0.010986941578116867,3.7266388399128017e-06,0.1824255149165352,0.999290329695098,0.00020342704657999323,0.010986941578116867,0.9890130584218833,7.484626298776402e-05,7.484626298776402e-05,0.01798621187025419,2.7535687821746045e-05,0.002472622943003016,1.3709578605790399e-06,0.0005527785524441057,0.0005527785524441057,6.475945666070602e-07,1.6701429809483402e-05,0.00015843623599953396,1.760343003490802e-06,1.760343003490802e-06,0.01798621187025419
0.9999724643121783,3.7266388399128017e-06,0.9959298622161507,0.8519528000888387,0.14804719991116141,0.9770226275810572,3.7266388399128017e-06,0.9999038976078543,0.004070137783849419,0.9399133496156019,0.00857748525531428,0.0031726830692822717,0.0015011819937681247,1.067702997323512e-06,0.06008665038439803,0.9988304896995872,0.9980732657060567,0.004070137783849419,8.315279285380714e-07,0.03732688948593844,8.315279285380714e-07
0.0031726830692822717,0.014063626423394072,0.001926734293943221,0.002472622943003016,0.9914225147446858,0.9933071487351834,2.1444958641491428e-05,0.0031726830692822717,2.2603251062511995e-06,0.9933071487351834,2.1444958641491428e-05,1.6701429809483402e-05,1.0129987357628251e-05,0.9525741264858409,7.889264466933239e-06,0.0003353500316799018,1.067702997323512e-06,0.00020342704657999323,2.7535687821746045e-05,7.484626298776402e-05,3.535625493426631e-05
0.06008665038439803,9.610239214580367e-05,0.11920291732853862,2.2603251062511995e-06,7.484626298776402e-05,0.9626731105140616,0.00043055709272278825,3.535625493426631e-05,1.3709578605790399e-06,0.8519528000888387,8.315279285380714e-07,4.5397852420729034e-05,2.1444958641491428e-05,1.3007123813725571e-05,0.06008665038439803,6.144177531850823e-06,6.144177531850823e-06,4.785094494835719e-06,1.3709578605790399e-06,7.889264466933239e-06,0.006692851264816553
0.6224593312018546,0.9999646437450657,0.5,0.1824255149165352,0.09534946232842245,0.006692851264816553,0.0011695103004128338,2.9023119851992182e-06,0.0011695103004128338,0.0015011819937681247,0.00015843623599953396,0.00043055709272278825,4.5397852420729034e-05,7.484626298776402e-05,4.5397852420729034e-05,4.5397852420729034e-05,5.8291272510566984e-05,1.760343003490802e-06,2.1444958641491428e-05,2.9023119851992182e-06,3.535625493426631e-05
0.4378234991142018,2.9023119851992182e-06,0.047425873514159125,0.03732688948593844,0.1824255149165352,0.07585817323116975,0.03732688948593844,0.004070137783849419,0.010986941578116867,2.2603251062511995e-06,0.00043055709272278825,0.005220125635523486,0.9990889486412498,0.9959298622161507,0.002472622943003016,0.9968273169307178,1.3709578605790399e-06,2.2603251062511995e-06,0.00012339461917113592,0.0011695103004128338,1.0129987357628251e-05
0.9994472214475559,0.9999898700126424,0.06008665038439803,6.475945666070602e-07,1.067702997323512e-06,0.9988304896995872,3.9278634073828347e-07,0.005220125635523486,0.00015843623599953396,3.535625493426631e-05,3.9278634073828347e-07,7.484626298776402e-05,7.484626298776402e-05,6.475945666070602e-07,1.3007123813725571e-05,0.8519528000888387,6.475945666070602e-07,0.00015843623599953396,2.7535687821746045e-05,0.8807970826714614,3.9278634073828347e-07
2.7535687821746045e-05,0.8807970826714614,2.9023119851992182e-06,0.37754066879814546,0.001926734293943221,0.0007096703049020563,0.0005527785524441057,0.00043055709272278825,0.9980732657060567,0.9959298622161507,1.3709578605790399e-06,1.3709578605790399e-06,1.760343003490802e-06,0.8175744850834648,3.535625493426631e-05,0.8175744850834648,0.8519528000888387,2.1444958641491428e-05,6.144177531850823e-06,2.2603251062511995e-06,1.760343003490802e-06
3.535625493426631e-05,0.002472622943003016,0.0015011819937681247,1.0129987357628251e-05,0.00043055709272278825,6.144177531850823e-06,4.785094494835719e-06,0.3208213073183839,0.0005527785524441057,0.1824255149165352,1.067702997323512e-06,4.5397852420729034e-05,2.1444958641491428e-05,2.7535687821746045e-05,3.535625493426631e-05,2.2603251062511995e-06,5.8291272510566984e-05,1.067702997323512e-06,1.760343003490802e-06,2.2603251062511995e-06,1.6701429809483402e-05
0.9999952149055052,7.889264466933239e-06,0.9999724643121783,0.9999546021475793,1.0129987357628251e-05,0.001926734293943221,1.0129987357628251e-05,0.9999417087274893,0.0015011819937681247,0.9770226275810572,0.00015843623599953396,0.9988304896995872,0.8175744850834648,2.7535687821746045e-05,0.9947798743644766,8.315279285380714e-07,0.9706877672877217,0.06008665038439803,8.315279285380714e-07,1.3709578605790399e-06,2.7535687821746045e-05
3.535625493426631e-05,0.0003353500316799018,6.144177531850823e-06,6.144177531850823e-06,0.9999832985701905,0.00015843623599953396,0.9999832985701905,0.00015843623599953396,0.8807970826714614,0.9999785550413585,0.9999546021475793,2.2603251062511995e-06,0.047425873514159125,0.9990889486412498,0.11920291732853862,2.2603251062511995e-06,2.2603251062511995e-06,0.9968273169307178,0.99966464996832,1.760343003490802e-06,0.9933071487351834
0.9914225147446858,0.1824255149165352,0.37754066879814546,7.484626298776402e-05,0.00020342704657999323,9.610239214580367e-05,0.14804719991116141,3.535625493426631e-05,2.7535687821746045e-05,0.00043055709272278825,0.00015843623599953396,0.0293122327122782,0.004070137783849419,0.9046505376715775,2.7535687821746045e-05,2.9023119851992182e-06,4.5397852420729034e-05,2.2603251062511995e-06,3.535625493426631e-05,5.8291272510566984e-05,2.9023119851992182e-06
0.006692851264816553,2.2603251062511995e-06,3.7266388399128017e-06,0.0003353500316799018,1.3709578605790399e-06,1.3709578605790399e-06,0.0007096703049020563,0.0002611903101813263,0.14804719991116141,0.00015843623599953396,4.5397852420729034e-05,2.7535687821746045e-05,0.0015011819937681247,1.6701429809483402e-05,0.0005527785524441057,0.00020342704657999323,6.144177531850823e-06,2.2603251062511995e-06,9.610239214580367e-05,1.3709578605790399e-06,6.144177531850823e-06
0.14804719991116141,0.002472622943003016,0.004070137783849419,0.047425873514159125,0.03732688948593844,0.0007096703049020563,2.2603251062511995e-06,1.760343003490802e-06,0.00020342704657999323,0.9525741264858409,7.484626298776402e-05,1.3709578605790399e-06,1.6701429809483402e-05,1.067702997323512e-06,7.484626298776402e-05,8.315279285380714e-07,1.0129987357628251e-05,1.3007123813725571e-05,8.315279285380714e-07,3.535625493426631e-05,3.535625493426631e-05
0.9984988180062319,0.11920291732853862,0.0293122327122782,2.2603251062511995e-06,0.9999038976078543,0.00857748525531428,1.3709578605790399e-06,0.0011695103004128338,0.00043055709272278825,2.2603251062511995e-06,0.001926734293943221,3.535625493426631e-05,0.0009110513587503459,0.0002611903101813263,0.9959298622161507,0.0002611903101813263,0.9525741264858409,0.0003353500316799018,1.067702997323512e-06,1.760343003490802e-06,8.315279285380714e-07
0.37754066879814546,0.9995694429072771,2.9023119851992182e-06,0.9999952149055052,0.9968273169307178,4.785094494835719e-06,0.9999546021475793,0.9933071487351834,0.9706877672877217,0.9999038976078543,0.9984988180062319,4.5397852420729034e-05,0.9933071487351834,0.9914225147446858,0.9968273169307178,0.9933071487351834,8.315279285380714e-07,0.11920291732853862,0.9914225147446858,0.9999251537370122,0.9995694429072771
5.8291272510566984e-05,0.9890130584218833,1.6701429809483402e-05,0.9770226275810572,0.9525741264858409,1.067702997323512e-06,0.9994472214475559,0.9999646437450657,0.9999546021475793,0.9399133496156019,0.7772998611746911,0.5,0.9980732657060567,8.315279285380714e-07,0.1824255149165352,6.475945666070602e-07,5.043476486929152e-07,0.8807970826714614,5.043476486929152e-07,0.9988304896995872,0.01798621187025419
0.9994472214475559,0.5,0.00043055709272278825,4.785094494835719e-06,0.1824255149165352,0.02297737241894287,0.9968273169307178,9.610239214580367e-05,0.006692851264816553,2.2603251062511995e-06,0.005220125635523486,0.014063626423394072,0.0007096703049020563,1.760343003490802e-06,0.0015011819937681247,1.3709578605790399e-06,1.6701429809483402e-05,1.3007123813725571e-05,0.06008665038439803,4.5397852420729034e-05,1.3007123813725571e-05
0.9997965729534201,0.9999977396748937,0.002472622943003016,0.2689414213699951,0.0011695103004128338,0.9999038976078543,0.09534946232842245,6.144177531850823e-06,0.004070137783849419,4.785094494835719e-06,0.9997388096898188,0.002472622943003016,0.00012339461917113592,0.9980732657060567,0.00020342704657999323,9.610239214580367e-05,3.535625493426631e-05,0.9988304896995872,9.610239214580367e-05,3.7266388399128017e-06,0.0002611903101813263
0.9859363735766059,0.02297737241894287,1.760343003490802e-06,0.00020342704657999323,0.99966464996832,0.0293122327122782,8.315279285380714e-07,2.7535687821746045e-05,0.9933071487351834,0.9968273169307178,1.6701429809483402e-05,1.6701429809483402e-05,1.3709578605790399e-06,1.067702997323512e-06,7.484626298776402e-05,7.484626298776402e-05,0.8519528000888387,1.0129987357628251e-05,5.8291272510566984e-05,4.5397852420729034e-05,8.315279285380714e-07
0.9999977396748937,0.0015011819937681247,1.0129987357628251e-05,0.37754066879814546,0.0003353500316799018,0.0002611903101813263,0.9998415637640005,1.0129987357628251e-05,4.5397852420729034e-05,0.999290329695098,0.0009110513587503459,7.484626298776402e-05,0.00043055709272278825,4.785094494835719e-06,0.9770226275810572,0.0003353500316799018,0.0002611903101813263,1.3007123813725571e-05,0.9399133496156019,0.00020342704657999323,0.00043055709272278825
0.9947798743644766,0.9999785550413585,0.9999038976078543,0.14804719991116141,0.047425873514159125,0.00015843623599953396,0.22270013882530884,0.06008665038439803,0.0011695103004128338,0.0015011819937681247,2.9023119851992182e-06,0.00043055709272278825,0.00012339461917113592,0.00012339461917113592,0.0002611903101813263,0.001926734293943221,0.00012339461917113592,0.7772998611746911,0.8175744850834648,7.484626298776402e-05,1.6701429809483402e-05
0.00015843623599953396,2.2603251062511995e-06,0.9999785550413585,0.9995694429072771,0.00043055709272278825,0.9999832985701905,0.9999832985701905,0.9988304896995872,0.997527377056997,0.9999869928761862,3.7266388399128017e-06,2.9023119851992182e-06,7.484626298776402e-05,0.9046505376715775,0.9998766053808288,0.9999785550413585,0.9999546021475793,0.00020342704657999323,0.9999038976078543,3.7266388399128017e-06,2.2603251062511995e-06
0.9999921107355332,0.9999724643121783,0.0003353500316799018,0.9999869928761862,0.0009110513587503459,0.0007096703049020563,0.0011695103004128338,0.9998415637640005,0.9999724643121783,0.8519528000888387,7.484626298776402e-05,0.9999251537370122,2.7535687821746045e-05,2.1444958641491428e-05,4.5397852420729034e-05,0.06008665038439803,0.9820137881297458,0.07585817323116975,8.315279285380714e-07,0.9968273169307178,0.9820137881297458
0.0009110513587503459,1.760343003490802e-06,1.067702997323512e-06,0.9914225147446858,0.9706877672877217,4.5397852420729034e-05,4.5397852420729034e-05,1.6701429809483402e-05,2.1444958641491428e-05,0.0011695103004128338,1.8553914607279396e-07,0.00015843623599953396,0.004070137783849419,2.3823696679343503e-07,0.00015843623599953396,5.8291272510566984e-05,0.001926734293943221,7.484626298776402e-05,0.014063626423394072,3.9278634073828347e-07,3.535625493426631e-05
1.6701429809483402e-05,0.06008665038439803,0.06008665038439803,0.9999417087274893,0.5,0.9999251537370122,0.9998766053808288,4.785094494835719e-06,3.7266388399128017e-06,4.785094494835719e-06,0.02297737241894287,2.9023119851992182e-06,0.001926734293943221,0.9980732657060567,3.7266388399128017e-06,0.0011695103004128338,1.3709578605790399e-06,0.9959298622161507,0.0009110513587503459,0.9947798743644766,0.0031726830692822717
0.9999994956523514,0.9999417087274893,0.9947798743644766,0.002472622943003016,0.9706877672877217,1.067702997323512e-06,8.315279285380714e-07,0.7310585786300049,0.11920291732853862,4.5397852420729034e-05,0.09534946232842245,0.5,0.09534946232842245,2.6995784182201246e-07,0.014063626423394072,0.014063626423394072,3.7266388399128017e-06,0.00857748525531428,7.889264466933239e-06,0.010986941578116867,3.7266388399128017e-06
5.8291272510566984e-05,9.610239214580367e-05,0.9999038976078543,6.144177531850823e-06,0.00043055709272278825,0.9999785550413585,0.9999251537370122,0.9998415637640005,0.9999869928761862,0.9999898700126424,0.9999646437450657,0.9999546021475793,0.9994472214475559,2.7535687821746045e-05,0.9994472214475559,0.8175744850834648,0.9997965729534201,1.760343003490802e-06,0.9968273169307178,0.7772998611746911,3.535625493426631e-05
0.9999417087274893,0.0015011819937681247,0.9999646437450657,0.03732688948593844,0.9525741264858409,0.004070137783849419,0.6791786926816161,0.4378234991142018,0.11920291732853862,0.0011695103004128338,0.03732688948593844,0.03732688948593844,0.00012339461917113592,0.005220125635523486,0.00020342704657999323,0.00857748525531428,0.0031726830692822717,0.0007096703049020563,0.002472622943003016,7.484626298776402e-05,2.1444958641491428e-05
0.9999982396569965,0.0293122327122782,0.1824255149165352,0.00043055709272278825,9.610239214580367e-05,0.0003353500316799018,2.3823696679343503e-07,1.4449802095675026e-07,1.4449802095675026e-07,3.7266388399128017e-06,4.785094494835719e-06,7.484626298776402e-05,1.067702997323512e-06,9.93119450976052e-08,3.7266388399128017e-06,8.315279285380714e-07,5.8291272510566984e-05,5.043476486929152e-07,9.93119450976052e-08,5.8291272510566984e-05,2.7535687821746045e-05
0.00043055709272278825,0.9990889486412498,2.9023119851992182e-06,0.9859363735766059,0.9999646437450657,3.7266388399128017e-06,0.0002611903101813263,0.9984988180062319,0.9988304896995872,0.8807970826714614,0.37754066879814546,4.5397852420729034e-05,0.9968273169307178,0.9980732657060567,0.3208213073183839,0.9241418267688302,0.37754066879814546,2.9023119851992182e-06,1.3709578605790399e-06,0.9984988180062319,3.535625493426631e-05
0.9999970976880148,7.889264466933239e-06,0.7310585786300049,6.144177531850823e-06,0.0031726830692822717,0.37754066879814546,7.889264466933239e-06,0.0005527785524441057,0.00015843623599953396,0.14804719991116141,3.7266388399128017e-06,0.010986941578116867,7.484626298776402e-05,0.00012339461917113592,9.610239214580367e-05,0.00012339461917113592,0.9984988180062319,0.0005527785524441057,4.5397852420729034e-05,7.484626298776402e-05,2.7535687821746045e-05
0.14804719991116141,0.03732688948593844,6.144177531850823e-06,0.00043055709272278825,0.0003353500316799018,0.00012339461917113592,9.610239214580367e-05,7.484626298776402e-05,4.5397852420729034e-05,0.6224593312018546,0.07585817323116975,3.535625493426631e-05,7.889264466933239e-06,1.6701429809483402e-05,0.047425873514159125,4.5397852420729034e-05,5.043476486929152e-07,1.6701429809483402e-05,0.0009110513587503459,1.0129987357628251e-05,1.6701429809483402e-05
0.9999991684720715,1.067702997323512e-06,0.8519528000888387,0.5,3.9278634073828347e-07,0.22270013882530884,0.3208213073183839,0.004070137783849419,1.3007123813725571e-05,0.006692851264816553,0.00043055709272278825,0.0007096703049020563,1.125351754703302e-07,2.9023119851992182e-06,5.043476486929152e-07,0.00020342704657999323,1.6373770576809702e-07,1.4449802095675026e-07,2.9023119851992182e-06,2.9023119851992182e-06,0.00043055709272278825
0.9999989322970027,0.1824255149165352,0.01798621187025419,0.006692851264816553,0.5,0.0005527785524441057,1.760343003490802e-06,2.2603251062511995e-06,2.9023119851992182e-06,0.99966464996832,0.9990889486412498,0.9980732657060567,5.8291272510566984e-05,9.610239214580367e-05,2.2603251062511995e-06,0.9933071487351834,0.0005527785524441057,2.1444958641491428e-05,0.9770226275810572,5.8291272510566984e-05,0.0009110513587503459
0.99999627336116,0.9999038976078543,9.610239214580367e-05,0.9997965729534201,0.9995694429072771,1.067702997323512e-06,0.9988304896995872,1.760343003490802e-06,0.1824255149165352,1.760343003490802e-06,0.9770226275810572,0.9980732657060567,4.785094494835719e-06,0.9947798743644766,6.475945666070602e-07,0.01798621187025419,1.0129987357628251e-05,5.043476486929152e-07,0.9933071487351834,0.02297737241894287,6.144177531850823e-06
0.9999417087274893,0.9525741264858409,0.9626731105140616,0.0009110513587503459,0.0005527785524441057,6.144177531850823e-06,0.0002611903101813263,0.0007096703049020563,0.0007096703049020563,0.001926734293943221,1.3709578605790399e-06,0.37754066879814546,0.014063626423394072,1.760343003490802e-06,0.07585817323116975,1.067702997323512e-06,1.3709578605790399e-06,1.3709578605790399e-06,4.5397852420729034e-05,0.00012339461917113592,6.475945666070602e-07
0.9999982396569965,0.9999921107355332,4.785094494835719e-06,0.00043055709272278825,1.0129987357628251e-05,0.9984988180062319,0.9999977396748937,0.00043055709272278825,0.99999627336116,0.9984988180062319,0.9999785550413585,0.9999898700126424,4.5397852420729034e-05,0.9999898700126424,0.9706877672877217,0.9999724643121783,3.535625493426631e-05,0.9994472214475559,0.9997388096898188,4.5397852420729034e-05,0.9999724643121783
0.997527377056997,0.9997965729534201,0.9994472214475559,0.9995694429072771,0.002472622943003016,0.001926734293943221,0.03732688948593844,0.06008665038439803,0.9990889486412498,0.001926734293943221,2.2603251062511995e-06,0.0007096703049020563,1.760343003490802e-06,0.00043055709272278825,0.00012339461917113592,0.9399133496156019,0.9770226275810572,1.3709578605790399e-06,1.3709578605790399e-06,7.484626298776402e-05,0.0002611903101813263
0.9999991684720715,1.3007123813725571e-05,0.9999952149055052,0.9997388096898188,0.9997965729534201,6.144177531850823e-06,6.144177531850823e-06,0.9999982396569965,0.99999627336116,0.002472622943003016,0.9914225147446858,0.9999921107355332,1.760343003490802e-06,0.9241418267688302,0.9626731105140616,0.0002611903101813263,0.9999251537370122,0.6791786926816161,0.00020342704657999323,0.0005527785524441057,0.00015843623599953396
0.9959298622161507,0.01798621187025419,0.002472622943003016,0.9980732657060567,0.0005527785524441057,0.02297737241894287,7.484626298776402e-05,4.5397852420729034e-05,8.315279285380714e-07,1.6701429809483402e-05,3.535625493426631e-05,0.9399133496156019,1.0129987357628251e-05,1.067702997323512e-06,0.3208213073183839,7.484626298776402e-05,3.7266388399128017e-06,7.889264466933239e-06,1.3709578605790399e-06,2.1444958641491428e-05,0.010986941578116867
4.785094494835719e-06,0.22270013882530884,7.889264466933239e-06,7.889264466933239e-06,0.005220125635523486,1.3709578605790399e-06,0.9770226275810572,0.9525741264858409,1.3709578605790399e-06,0.9399133496156019,2.9023119851992182e-06,1.760343003490802e-06,0.00043055709272278825,1.3709578605790399e-06,0.00012339461917113592,1.3709578605790399e-06,7.484626298776402e-05,0.0003353500316799018,9.610239214580367e-05,9.610239214580367e-05,9.610239214580367e-05
0.9999996940976636,0.99999627336116,6.475945666070602e-07,1.067702997323512e-06,0.7772998611746911,0.22270013882530884,0.03732688948593844,2.1444958641491428e-05,0.999290329695098,6.475945666070602e-07,0.9890130584218833,1.0129987357628251e-05,0.0009110513587503459,4.785094494835719e-06,0.0005527785524441057,0.0007096703049020563,0.1824255149165352,4.785094494835719e-06,0.5,0.8519528000888387,4.785094494835719e-06
0.9999986290421394,0.9990889486412498,1.067702997323512e-06,1.760343003490802e-06,0.9890130584218833,2.2603251062511995e-06,1.0129987357628251e-05,0.8807970826714614,0.4378234991142018,1.3007123813725571e-05,0.8175744850834648,0.7310585786300049,0.5621765008857981,8.315279285380714e-07,1.760343003490802e-06,0.37754066879814546,0.5,0.014063626423394072,0.11920291732853862,0.8175744850834648,0.010986941578116867
0.9999952149055052,0.9999646437450657,3.7266388399128017e-06,0.9997388096898188,0.010986941578116867,2.7535687821746045e-05,0.00857748525531428,1.0129987357628251e-05,1.6701429809483402e-05,0.0031726830692822717,0.0009110513587503459,4.785094494835719e-06,6.144177531850823e-06,0.9933071487351834,0.00043055709272278825,0.00015843623599953396,0.00015843623599953396,0.00015843623599953396,9.610239214580367e-05,6.144177531850823e-06,5.8291272510566984e-05
0.047425873514159125,2.7535687821746045e-05,4.5397852420729034e-05,0.0015011819937681247,2.2603251062511995e-06,2.2603251062511995e-06,1.3709578605790399e-06,2.1444958641491428e-05,7.484626298776402e-05,2.7535687821746045e-05,4.785094494835719e-06,6.144177531850823e-06,2.2603251062511995e-06,6.475945666070602e-07,1.3007123813725571e-05,3.7266388399128017e-06,2.9023119851992182e-06,2.9023119851992182e-06,0.00012339461917113592,7.889264466933239e-06,1.067702997323512e-06
0.9999938558224682,2.9023119851992182e-06,1.6701429809483402e-05,3.7266388399128017e-06,0.9999546021475793,5.8291272510566984e-05,0.9984988180062319,4.5397852420729034e-05,0.9947798743644766,7.484626298776402e-05,0.9997388096898188,0.9998415637640005,0.9947798743644766,1.067702997323512e-06,2.1444958641491428e-05,7.889264466933239e-06,6.475945666070602e-07,1.0129987357628251e-05,2.1444958641491428e-05,0.8519528000888387,0.9859363735766059
0.00857748525531428,0.1824255149165352,0.0011695103004128338,0.0007096703049020563,0.0005527785524441057,0.00020342704657999323,0.014063626423394072,1.760343003490802e-06,0.00020342704657999323,0.001926734293943221,0.0005527785524441057,3.535625493426631e-05,6.475945666070602e-07,1.0129987357628251e-05,7.484626298776402e-05,3.535625493426631e-05,6.144177531850823e-06,3.535625493426631e-05,2.1444958641491428e-05,1.760343003490802e-06,4.4508526417414716e-07
0.9998766053808288,0.02297737241894287,0.9914225147446858,0.03732688948593844,0.9999417087274893,6.144177531850823e-06,0.2689414213699951,0.2689414213699951,0.3208213073183839,0.9998415637640005,0.02297737241894287,0.0015011819937681247,0.0293122327122782,0.006692851264816553,0.07585817323116975,0.9959298622161507,1.067702997323512e-06,0.0002611903101813263,0.9626731105140616,0.004070137783849419,0.9626731105140616
2.9023119851992182e-06,1.3709578605790399e-06,1.3709578605790399e-06,0.001926734293943221,0.0009110513587503459,4.5397852420729034e-05,0.0002611903101813263,8.315279285380714e-07,0.004070137783849419,2.1444958641491428e-05,9.610239214580367e-05,7.889264466933239e-06,0.2689414213699951,0.5,6.144177531850823e-06,0.2689414213699951,4.785094494835719e-06,2.1444958641491428e-05,6.475945666070602e-07,0.11920291732853862,1.3007123813725571e-05
0.9990889486412498,0.37754066879814546,0.07585817323116975,0.03732688948593844,0.5,0.9998766053808288,0.002472622943003016,0.9997388096898188,1.067702997323512e-06,0.047425873514159125,2.7535687821746045e-05,0.999290329695098,0.0007096703049020563,0.9933071487351834,8.315279285380714e-07,1.6701429809483402e-05,9.610239214580367e-05,9.610239214580367e-05,5.8291272510566984e-05,2.7535687821746045e-05,0.5
0.9999785550413585,0.9999038976078543,0.9914225147446858,0.005220125635523486,0.9046505376715775,0.002472622943003016,0.9999417087274893,3.7266388399128017e-06,0.9998415637640005,0.5621765008857981,0.09534946232842245,1.760343003490802e-06,0.0011695103004128338,1.760343003490802e-06,0.2689414213699951,0.9820137881297458,0.014063626423394072,1.067702997323512e-06,0.9046505376715775,0.0002611903101813263,0.0015011819937681247
1.760343003490802e-06,0.00012339461917113592,0.03732688948593844,0.00857748525531428,0.9241418267688302,0.001926734293943221,0.9995694429072771,9.610239214580367e-05,0.09534946232842245,1.760343003490802e-06,0.00012339461917113592,7.484626298776402e-05,2.1444958641491428e-05,4.5397852420729034e-05,0.9820137881297458,0.0005527785524441057,8.315279285380714e-07,0.8519528000888387,1.6701429809483402e-05,6.475945666070602e-07,5.043476486929152e-07
0.9968273169307178,0.8175744850834648,0.03732688948593844,0.00857748525531428,7.484626298776402e-05,0.004070137783849419,0.2689414213699951,0.0007096703049020563,1.3007123813725571e-05,0.00043055709272278825,6.475945666070602e-07,0.00012339461917113592,0.0031726830692822717,0.9046505376715775,0.9706877672877217,7.889264466933239e-06,5.043476486929152e-07,6.144177531850823e-06,0.4378234991142018,0.0009110513587503459,0.14804719991116141
0.4378234991142018,0.00012339461917113592,0.0003353500316799018,0.0015011819937681247,0.0007096703049020563,9.610239214580367e-05,2.2603251062511995e-06,3.535625493426631e-05,9.610239214580367e-05,3.535625493426631e-05,1.760343003490802e-06,1.0129987357628251e-05,6.144177531850823e-06,7.889264466933239e-06,9.610239214580367e-05,6.475945666070602e-07,6.475945666070602e-07,1.0129987357628251e-05,6.144177531850823e-06,1.760343003490802e-06,3.535625493426631e-05
0.9999938558224682,0.9997965729534201,5.8291272510566984e-05,0.9998415637640005,6.144177531850823e-06,0.9999251537370122,3.7266388399128017e-06,0.9999832985701905,0.9999898700126424,0.9999832985701905,0.9988304896995872,0.9859363735766059,0.9241418267688302,0.8807970826714614,2.2603251062511995e-06,0.9998415637640005,0.5,0.6791786926816161,1.0129987357628251e-05,3.535625493426631e-05,0.9241418267688302
0.99966464996832,7.484626298776402e-05,7.484626298776402e-05,7.889264466933239e-06,2.1444958641491428e-05,1.3007123813725571e-05,1.0129987357628251e-05,1.0129987357628251e-05,0.00857748525531428,2.2603251062511995e-06,6.144177531850823e-06,2.2603251062511995e-06,2.9023119851992182e-06,1.3007123813725571e-05,1.760343003490802e-06,6.144177531850823e-06,7.889264466933239e-06,0.0007096703049020563,1.760343003490802e-06,3.7266388399128017e-06,2.2603251062511995e-06
0.0015011819937681247,0.0007096703049020563,2.2603251062511995e-06,2.9023119851992182e-06,3.7266388399128017e-06,0.0002611903101813263,1.6701429809483402e-05,7.889264466933239e-06,1.3709578605790399e-06,2.7535687821746045e-05,0.01798621187025419,1.0129987357628251e-05,8.315279285380714e-07,7.889264466933239e-06,0.0009110513587503459,6.475945666070602e-07,1.0129987357628251e-05,8.315279285380714e-07,6.144177531850823e-06,4.785094494835719e-06,7.889264466933239e-06
0.9999989322970027,1.0129987357628251e-05,0.997527377056997,0.9999785550413585,0.9999546021475793,1.760343003490802e-06,2.2603251062511995e-06,0.14804719991116141,3.7266388399128017e-06,4.785094494835719e-06,0.0293122327122782,5.8291272510566984e-05,5.8291272510566984e-05,5.8291272510566984e-05,0.9890130584218833,0.002472622943003016,1.067702997323512e-06,0.8175744850834648,1.067702997323512e-06,5.8291272510566984e-05,8.315279285380714e-07
9.610239214580367e-05,0.0007096703049020563,0.9999938558224682,1.0129987357628251e-05,0.9990889486412498,0.9947798743644766,0.9999832985701905,0.9968273169307178,0.9995694429072771,0.0015011819937681247,0.9988304896995872,0.7772998611746911,0.5,4.5397852420729034e-05,0.00012339461917113592,0.997527377056997,0.14804719991116141,0.9770226275810572,2.9023119851992182e-06,0.9994472214475559,0.09534946232842245
2.1444958641491428e-05,0.010986941578116867,2.9023119851992182e-06,3.535625493426631e-05,3.535625493426631e-05,0.4378234991142018,0.1824255149165352,3.7266388399128017e-06,1.067702997323512e-06,1.3709578605790399e-06,0.005220125635523486,2.1444958641491428e-05,2.9023119851992182e-06,2.9023119851992182e-06,1.0129987357628251e-05,7.338208055688351e-07,0.0002611903101813263,7.889264466933239e-06,8.315279285380714e-07,1.3007123813725571e-05,7.889264466933239e-06
0.9947798743644766,0.03732688948593844,2.2603251062511995e-06,2.2603251062511995e-06,0.0003353500316799018,9.610239214580367e-05,0.0011695103004128338,5.8291272510566984e-05,0.9994472214475559,0.07585817323116975,1.3709578605790399e-06,1.760343003490802e-06,8.315279285380714e-07,1.760343003490802e-06,2.1444958641491428e-05,7.889264466933239e-06,3.535625493426631e-05,2.7535687821746045e-05,0.9525741264858409,0.0005527785524441057,4.5397852420729034e-05
0.9999898700126424,0.9999977396748937,0.9999952149055052,0.9998415637640005,0.9968273169307178,0.9999038976078543,0.9999898700126424,1.6701429809483402e-05,0.9706877672877217,0.0005527785524441057,4.785094494835719e-06,3.7266388399128017e-06,0.9997388096898188,0.9998415637640005,4.785094494835719e-06,0.9999038976078543,0.9999038976078543,0.9995694429072771,0.9998415637640005,0.9998766053808288,2.7535687821746045e-05
0.9999921107355332,0.047425873514159125,0.9820137881297458,0.9947798743644766,0.8519528000888387,0.9999869928761862,0.9046505376715775,0.9999785550413585,6.475945666070602e-07,0.9999869928761862,0.7772998611746911,0.9999546021475793,0.01798621187025419,0.0293122327122782,1.067702997323512e-06,0.01798621187025419,0.00857748525531428,0.00043055709272278825,0.02297737241894287,0.9995694429072771,0.006692851264816553
0.9399133496156019,0.9626731105140616,0.9980732657060567,0.9959298622161507,0.00020342704657999323,0.0005527785524441057,0.0293122327122782,9.610239214580367e-05,0.00020342704657999323,1.067702997323512e-06,1.067702997323512e-06,0.004070137783849419,0.0005527785524441057,1.3007123813725571e-05,0.0011695103004128338,0.00020342704657999323,6.475945666070602e-07,0.00012339461917113592,2.7535687821746045e-05,0.09534946232842245,1.0129987357628251e-05
0.9999986290421394,0.99999627336116,0.9980732657060567,0.9706877672877217,0.00857748525531428,0.004070137783849419,0.9999038976078543,0.0009110513587503459,0.047425873514159125,0.0009110513587503459,0.9933071487351834,2.2603251062511995e-06,1.760343003490802e-06,0.9706877672877217,3.535625493426631e-05,4.5397852420729034e-05,1.760343003490802e-06,0.11920291732853862,0.9399133496156019,7.484626298776402e-05,0.22270013882530884
0.0005527785524441057,6.144177531850823e-06,0.00015843623599953396,0.00857748525531428,0.3208213073183839,0.9997388096898188,0.9997388096898188,6.144177531850823e-06,0.9997388096898188,0.11920291732853862,0.00020342704657999323,0.006692851264816553,9.610239214580367e-05,9.610239214580367e-05,9.610239214580367e-05,0.00015843623599953396,1.6701429809483402e-05,0.9947798743644766,2.1444958641491428e-05,2.7535687821746045e-05,1.3007123813725571e-05
7.889264466933239e-06,0.00020342704657999323,2.2603251062511995e-06,2.2603251062511995e-06,0.002472622943003016,0.00015843623599953396,0.00043055709272278825,2.2603251062511995e-06,1.3709578605790399e-06,4.5397852420729034e-05,1.6701429809483402e-05,0.004070137783849419,3.535625493426631e-05,0.8807970826714614,0.8519528000888387,0.8175744850834648,0.37754066879814546,1.3007123813725571e-05,0.07585817323116975,1.3709578605790399e-06,8.315279285380714e-07
0.9999938558224682,0.0293122327122782,5.043476486929152e-07,2.2603251062511995e-06,3.9278634073828347e-07,1.760343003490802e-06,5.043476486929152e-07,0.09534946232842245,1.3007123813725571e-05,2.9023119851992182e-06,1.6701429809483402e-05,0.0009110513587503459,0.001926734293943221,1.0129987357628251e-05,3.9278634073828347e-07,6.144177531850823e-06,3.9278634073828347e-07,5.043476486929152e-07,0.0009110513587503459,0.00043055709272278825,7.889264466933239e-06
0.0003353500316799018,0.9999038976078543,7.484626298776402e-05,0.0003353500316799018,0.0002611903101813263,3.7266388399128017e-06,0.9999832985701905,0.0007096703049020563,0.9914225147446858,0.9999977396748937,0.7772998611746911,0.9999952149055052,0.9999898700126424,1.3709578605790399e-06,0.9998415637640005,0.37754066879814546,3.535625493426631e-05,1.760343003490802e-06,0.9995694429072771,2.9023119851992182e-06,1.760343003490802e-06
0.5,0.9859363735766059,0.9706877672877217,1.3007123813725571e-05,0.9999546021475793,0.5621765008857981,0.37754066879814546,0.9998415637640005,0.5621765008857981,0.9525741264858409,2.2603251062511995e-06,1.760343003490802e-06,0.006692851264816553,0.997527377056997,1.760343003490802e-06,0.00857748525531428,0.002472622943003016,1.3709578605790399e-06,1.3709578605790399e-06,1.3709578605790399e-06,0.006692851264816553
0.9999251537370122,0.999290329695098,2.9023119851992182e-06,0.7310585786300049,6.144177531850823e-06,0.0007096703049020563,0.047425873514159125,0.06008665038439803,6.144177531850823e-06,0.0293122327122782,0.00857748525531428,7.484626298776402e-05,0.37754066879814546,0.0007096703049020563,2.9023119851992182e-06,0.5621765008857981,2.7535687821746045e-05,3.535625493426631e-05,0.14804719991116141,0.00043055709272278825,2.7535687821746045e-05
0.9999982396569965,4.785094494835719e-06,0.9997388096898188,0.9999986290421394,0.02297737241894287,0.9999869928761862,0.99999627336116,0.9994472214475559,1.3007123813725571e-05,0.9999898700126424,6.144177531850823e-06,0.0005527785524441057,0.9999724643121783,0.0003353500316799018,0.9998415637640005,1.3709578605790399e-06,0.9997388096898188,0.00020342704657999323,0.9997388096898188,0.9999546021475793,0.8519528000888387
0.9999921107355332,0.9984988180062319,0.4378234991142018,0.9997388096898188,0.9999952149055052,0.9988304896995872,0.9999938558224682,0.22270013882530884,7.889264466933239e-06,1.0129987357628251e-05,0.9968273169307178,0.3208213073183839,0.7772998611746911,0.9999724643121783,0.006692851264816553,0.01798621187025419,0.9998415637640005,0.9998415637640005,0.001926734293943221,0.9997965729534201,0.001926734293943221
0.9999994956523514,0.9990889486412498,6.144177531850823e-06,0.99999627336116,1.0129987357628251e-05,3.7266388399128017e-06,0.004070137783849419,0.3208213073183839,0.9999869928761862,0.2689414213699951,0.047425873514159125,0.5621765008857981,0.001926734293943221,6.144177531850823e-06,7.889264466933239e-06,0.9999038976078543,0.010986941578116867,3.7266388399128017e-06,0.9998766053808288,6.144177531850823e-06,0.00857748525531428
0.9994472214475559,0.9890130584218833,0.00015843623599953396,5.8291272510566984e-05,5.8291272510566984e-05,1.0129987357628251e-05,2.1444958641491428e-05,1.6701429809483402e-05,2.2603251062511995e-06,4.785094494835719e-06,1.760343003490802e-06,7.889264466933239e-06,0.014063626423394072,4.785094494835719e-06,8.315279285380714e-07,8.315279285380714e-07,4.785094494835719e-06,1.067702997323512e-06,0.0005527785524441057,7.889264466933239e-06,4.785094494835719e-06
0.9999994956523514,0.9999970976880148,1.3709578605790399e-06,4.5397852420729034e-05,2.2603251062511995e-06,2.2603251062511995e-06,1.067702997323512e-06,0.9959298622161507,5.8291272510566984e-05,0.7310585786300049,0.9933071487351834,1.6701429809483402e-05,0.9984988180062319,8.315279285380714e-07,1.0129987357628251e-05,0.9706877672877217,0.006692851264816553,0.4378234991142018,3.7266388399128017e-06,0.9859363735766059,0.8807970826714614
0.9999970976880148,1.067702997323512e-06,1.0129987357628251e-05,7.889264466933239e-06,9.610239214580367e-05,0.03732688948593844,2.9023119851992182e-06,1.0129987357628251e-05,2.9023119851992182e-06,0.014063626423394072,1.760343003490802e-06,0.0003353500316799018,1.125351754703302e-07,0.0009110513587503459,0.00020342704657999323,1.760343003490802e-06,2.3823696679343503e-07,2.9023119851992182e-06,0.00020342704657999323,0.0003353500316799018,9.610239214580367e-05
0.9997965729534201,0.9999952149055052,2.9023119851992182e-06,0.9999038976078543,0.00015843623599953396,5.8291272510566984e-05,0.03732688948593844,0.002472622943003016,0.9990889486412498,5.8291272510566984e-05,2.7535687821746045e-05,4.785094494835719e-06,3.7266388399128017e-06,6.144177531850823e-06,6.144177531850823e-06,0.00020342704657999323,2.7535687821746045e-05,3.7266388399128017e-06,0.9820137881297458,9.610239214580367e-05,5.8291272510566984e-05
0.9999646437450657,0.9999970976880148,0.8807970826714614,4.785094494835719e-06,0.9399133496156019,0.0009110513587503459,0.03732688948593844,0.9999646437450657,0.00043055709272278825,0.9999417087274893,0.00012339461917113592,0.00857748525531428,0.999290329695098,9.610239214580367e-05,0.006692851264816553,5.8291272510566984e-05,0.0015011819937681247,0.001926734293943221,0.00043055709272278825,0.06008665038439803,0.0015011819937681247
0.9999724643121783,1.3709578605790399e-06,0.9241418267688302,7.889264466933239e-06,0.9770226275810572,0.999290329695098,0.9990889486412498,0.9890130584218833,0.8175744850834648,0.99966464996832,1.3709578605790399e-06,0.997527377056997,1.067702997323512e-06,0.06008665038439803,6.475945666070602e-07,0.9820137881297458,0.9890130584218833,0.02297737241894287,0.06008665038439803,2.2603251062511995e-06,1.3709578605790399e-06
0.9999546021475793,3.535625493426631e-05,5.8291272510566984e-05,0.9980732657060567,0.014063626423394072,3.535625493426631e-05,2.7535687821746045e-05,6.475945666070602e-07,6.475945666070602e-07,0.010986941578116867,6.475945666070602e-07,6.475945666070602e-07,0.0002611903101813263,4.785094494835719e-06,0.00015843623599953396,7.484626298776402e-05,8.315279285380714e-07,8.315279285380714e-07,0.00012339461917113592,1.067702997323512e-06,2.9023119851992182e-06
0.9999996072136592,0.0293122327122782,2.1444958641491428e-05,0.8807970826714614,0.00012339461917113592,0.0293122327122782,0.14804719991116141,1.3007123813725571e-05,0.0015011819937681247,0.0031726830692822717,7.889264466933239e-06,6.144177531850823e-06,3.059023363247549e-07,2.9023119851992182e-06,0.001926734293943221,2.2603251062511995e-06,1.3709578605790399e-06,2.9023119851992182e-06,3.9278634073828347e-07,6.475945666070602e-07,1.067702997323512e-06
0.9999921107355332,0.14804719991116141,1.3007123813725571e-05,0.22270013882530884,0.9525741264858409,0.0293122327122782,0.4378234991142018,0.4378234991142018,0.010986941578116867,0.006692851264816553,0.7772998611746911,0.0031726830692822717,0.0015011819937681247,0.0009110513587503459,0.0011695103004128338,0.9994472214475559,0.0007096703049020563,0.9890130584218833,2.9023119851992182e-06,0.0005527785524441057,0.002472622943003016
0.02297737241894287,5.8291272510566984e-05,0.9241418267688302,0.00012339461917113592,0.00012339461917113592,0.5,7.484626298776402e-05,1.760343003490802e-06,3.535625493426631e-05,4.5397852420729034e-05,2.7535687821746045e-05,2.7535687821746045e-05,2.2603251062511995e-06,1.3709578605790399e-06,7.889264466933239e-06,6.144177531850823e-06,4.785094494835719e-06,6.144177531850823e-06,4.785094494835719e-06,0.00020342704657999323,2.9023119851992182e-06
0.9999996072136592,0.9997965729534201,6.475945666070602e-07,3.7266388399128017e-06,0.8807970826714614,1.067702997323512e-06,0.7772998611746911,0.00012339461917113592,7.484626298776402e-05,2.9023119851992182e-06,0.02297737241894287,6.475945666070602e-07,0.004070137783849419,5.043476486929152e-07,2.1444958641491428e-05,6.475945666070602e-07,0.0009110513587503459,1.3709578605790399e-06,1.3007123813725571e-05,0.0293122327122782,1.6701429809483402e-05
0.9999993524054335,7.484626298776402e-05,0.2689414213699951,5.8291272510566984e-05,0.0293122327122782,2.7535687821746045e-05,0.3208213073183839,0.2689414213699951,1.3007123813725571e-05,1.0129987357628251e-05,0.047425873514159125,9.610239214580367e-05,2.9023119851992182e-06,2.2603251062511995e-06,5.715002426492935e-07,1.760343003490802e-06,1.760343003490802e-06,0.0009110513587503459,4.5397852420729034e-05,0.002472622943003016,4.785094494835719e-06
0.9999921107355332,0.9998766053808288,0.9947798743644766,1.760343003490802e-06,0.7772998611746911,5.8291272510566984e-05,0.2689414213699951,0.11920291732853862,1.3709578605790399e-06,0.0002611903101813263,9.422445939067077e-07,0.0011695103004128338,4.4508526417414716e-07,4.5397852420729034e-05,7.889264466933239e-06,2.1444958641491428e-05,3.7266388399128017e-06,5.043476486929152e-07,3.535625493426631e-05,0.004070137783849419,0.00012339461917113592
1.6701429809483402e-05,1.3007123813725571e-05,0.02297737241894287,0.01798621187025419,0.9626731105140616,1.067702997323512e-06,1.3007123813725571e-05,0.9241418267688302,0.001926734293943221,1.760343003490802e-06,0.00015843623599953396,0.5,0.00020342704657999323,0.1824255149165352,0.0002611903101813263,7.484626298776402e-05,5.8291272510566984e-05,5.8291272510566984e-05,9.610239214580367e-05,4.5397852420729034e-05,1.760343003490802e-06
0.9999646437450657,0.01798621187025419,0.4378234991142018,0.9890130584218833,0.00015843623599953396,0.9525741264858409,0.00857748525531428,0.9706877672877217,0.002472622943003016,9.610239214580367e-05,0.5,0.3208213073183839,0.00020342704657999323,2.6995784182201246e-07,1.3007123813725571e-05,3.059023363247549e-07,3.9278634073828347e-07,3.059023363247549e-07,7.484626298776402e-05,0.0293122327122782,0.0031726830692822717
0.9999982396569965,2.2603251062511995e-06,1.3709578605790399e-06,0.00020342704657999323,5.8291272510566984e-05,0.9959298622161507,0.9890130584218833,0.005220125635523486,1.6701429809483402e-05,0.9046505376715775,1.3007123813725571e-05,1.3007123813725571e-05,8.315279285380714e-07,0.4378234991142018,1.0129987357628251e-05,0.06008665038439803,0.00012339461917113592,2.2603251062511995e-06,8.315279285380714e-07,0.22270013882530884,0.09534946232842245
6.144177531850823e-06,0.9959298622161507,0.0007096703049020563,0.002472622943003016,0.0009110513587503459,2.2603251062511995e-06,0.00043055709272278825,0.9241418267688302,0.9046505376715775,0.9241418267688302,0.00020342704657999323,7.484626298776402e-05,0.7310585786300049,5.8291272510566984e-05,1.0129987357628251e-05,4.785094494835719e-06,1.760343003490802e-06,1.3709578605790399e-06,3.7266388399128017e-06,5.8291272510566984e-05,3.7266388399128017e-06
0.9241418267688302,1.0129987357628251e-05,8.315279285380714e-07,1.3007123813725571e-05,8.315279285380714e-07,6.144177531850823e-06,7.484626298776402e-05,0.06008665038439803,6.475945666070602e-07,2.9023119851992182e-06,1.3007123813725571e-05,2.1444958641491428e-05,4.785094494835719e-06,3.7266388399128017e-06,2.2603251062511995e-06,4.785094494835719e-06,1.3709578605790399e-06,1.067702997323512e-06,2.9023119851992182e-06,3.7266388399128017e-06,2.9023119851992182e-06
0.9999898700126424,0.047425873514159125,5.043476486929152e-07,0.9626731105140616,3.059023363247549e-07,3.7266388399128017e-06,0.4378234991142018,0.005220125635523486,0.005220125635523486,0.010986941578116867,1.0129987357628251e-05,1.3709578605790399e-06,2.2603251062511995e-06,8.764248496102855e-08,0.0009110513587503459,0.0005527785524441057,1.3709578605790399e-06,0.00043055709272278825,1.4449802095675026e-07,0.002472622943003016,0.0003353500316799018
0.9990889486412498,0.9988304896995872,2.2603251062511995e-06,0.004070137783849419,0.047425873514159125,0.006692851264816553,0.9933071487351834,0.0009110513587503459,0.0015011819937681247,0.9241418267688302,0.7310585786300049,0.0003353500316799018,0.00012339461917113592,8.315279285380714e-07,0.7310585786300049,0.00015843623599953396,9.610239214580367e-05,0.22270013882530884,9.610239214580367e-05,3.535625493426631e-05,6.475945666070602e-07
2.2603251062511995e-06,0.00015843623599953396,0.0015011819937681247,0.0002611903101813263,0.00043055709272278825,4.5397852420729034e-05,0.3208213073183839,0.37754066879814546,0.11920291732853862,0.02297737241894287,6.144177531850823e-06,4.785094494835719e-06,5.043476486929152e-07,6.475945666070602e-07,1.3007123813725571e-05,6.144177531850823e-06,0.00012339461917113592,1.3709578605790399e-06,1.760343003490802e-06,1.3007123813725571e-05,1.760343003490802e-06
0.9998415637640005,0.9933071487351834,2.9023119851992182e-06,6.144177531850823e-06,0.03732688948593844,0.010986941578116867,4.785094494835719e-06,0.9997388096898188,2.9023119851992182e-06,0.047425873514159125,0.999290329695098,0.0011695103004128338,0.0005527785524441057,0.9890130584218833,0.02297737241894287,0.0031726830692822717,1.5534971990199408e-06,0.0015011819937681247,1.760343003490802e-06,0.9626731105140616,0.0015011819937681247
2.1444958641491428e-05,3.7266388399128017e-06,2.9023119851992182e-06,0.0011695103004128338,0.9988304896995872,0.0007096703049020563,1.760343003490802e-06,0.9984988180062319,7.484626298776402e-05,0.9890130584218833,0.9914225147446858,2.7535687821746045e-05,5.8291272510566984e-05,0.0009110513587503459,0.9770226275810572,0.9525741264858409,1.6701429809483402e-05,1.3709578605790399e-06,0.00015843623599953396,0.3208213073183839,1.0129987357628251e-05
0.9046505376715775,0.00015843623599953396,0.7772998611746911,4.785094494835719e-06,4.785094494835719e-06,2.9023119851992182e-06,0.1824255149165352,0.9984988180062319,0.06008665038439803,0.0003353500316799018,1.760343003490802e-06,2.2603251062511995e-06,0.9706877672877217,0.9241418267688302,3.535625493426631e-05,1.6701429809483402e-05,1.067702997323512e-06,0.8175744850834648,0.0002611903101813263,2.2603251062511995e-06,0.00857748525531428
0.9999996940976636,3.7266388399128017e-06,0.9999546021475793,0.9990889486412498,0.9999982396569965,0.9999646437450657,0.9999952149055052,0.9999970976880148,0.9999646437450657,0.9999832985701905,0.9999869928761862,4.785094494835719e-06,2.2603251062511995e-06,1.6701429809483402e-05,4.5397852420729034e-05,0.9998766053808288,3.535625493426631e-05,4.5397852420729034e-05,0.4378234991142018,0.9525741264858409,0.9994472214475559
0.9999970976880148,0.0015011819937681247,0.9999417087274893,0.9933071487351834,0.9995694429072771,0.00012339461917113592,0.9859363735766059,0.001926734293943221,3.9278634073828347e-07,0.9525741264858409,0.0003353500316799018,0.6224593312018546,0.7310585786300049,0.6791786926816161,1.0129987357628251e-05,0.014063626423394072,3.7266388399128017e-06,3.9278634073828347e-07,1.3007123813725571e-05,3.9278634073828347e-07,0.37754066879814546
0.9859363735766059,6.144177531850823e-06,0.9998766053808288,0.9999898700126424,0.9999991684720715,0.9997965729534201,0.9999982396569965,0.9999989322970027,0.014063626423394072,0.999290329695098,0.9999832985701905,0.9999724643121783,0.00015843623599953396,0.00043055709272278825,0.0015011819937681247,0.9999785550413585,0.0003353500316799018,0.00012339461917113592,0.9999038976078543,0.9999417087274893,0.0002611903101813263
0.9999898700126424,0.0003353500316799018,2.2603251062511995e-06,0.9998415637640005,0.9998766053808288,0.0007096703049020563,0.9998415637640005,0.9988304896995872,2.2603251062511995e-06,0.9998766053808288,7.484626298776402e-05,1.3709578605790399e-06,0.9997388096898188,0.9998766053808288,1.3709578605790399e-06,4.5397852420729034e-05,4.5397852420729034e-05,8.315279285380714e-07,6.475945666070602e-07,0.5621765008857981,0.9947798743644766
0.9999785550413585,1.0129987357628251e-05,1.0129987357628251e-05,0.9626731105140616,0.6224593312018546,0.9999869928761862,0.6791786926816161,0.9999832985701905,0.22270013882530884,1.0129987357628251e-05,0.9999546021475793,0.01798621187025419,0.03732688948593844,3.7266388399128017e-06,0.0031726830692822717,2.9023119851992182e-06,2.2603251062511995e-06,0.014063626423394072,0.001926734293943221,0.06008665038439803,0.0007096703049020563
0.5621765008857981,0.3208213073183839,4.785094494835719e-06,4.785094494835719e-06,2.9023119851992182e-06,2.9023119851992182e-06,0.8807970826714614,0.7310585786300049,1.760343003490802e-06,0.00012339461917113592,3.535625493426631e-05,9.610239214580367e-05,3.535625493426631e-05,2.7535687821746045e-05,1.3007123813725571e-05,5.8291272510566984e-05,0.002472622943003016,1.760343003490802e-06,0.0005527785524441057,2.1444958641491428e-05,2.7535687821746045e-05
0.9999977396748937,0.9999546021475793,0.4378234991142018,0.7772998611746911,0.4378234991142018,0.014063626423394072,0.1824255149165352,1.3007123813725571e-05,0.0011695103004128338,6.475945666070602e-07,0.1824255149165352,0.047425873514159125,4.785094494835719e-06,3.059023363247549e-07,7.484626298776402e-05,2.9023119851992182e-06,0.0009110513587503459,5.8291272510566984e-05,0.005220125635523486,0.005220125635523486,4.4508526417414716e-07
0.9999417087274893,0.9997965729534201,3.7266388399128017e-06,3.7266388399128017e-06,0.0011695103004128338,0.0009110513587503459,0.997527377056997,0.9947798743644766,0.9890130584218833,9.610239214580367e-05,7.484626298776402e-05,2.2603251062511995e-06,0.0007096703049020563,0.0002611903101813263,0.5,0.06008665038439803,7.484626298776402e-05,1.3709578605790399e-06,1.6701429809483402e-05,2.2603251062511995e-06,2.1444958641491428e-05
0.14804719991116141,0.00015843623599953396,0.9999038976078543,0.9820137881297458,1.067702997323512e-06,2.1444958641491428e-05,2.1444958641491428e-05,0.0003353500316799018,7.484626298776402e-05,0.6224593312018546,0.5621765008857981,1.3007123813725571e-05,3.059023363247549e-07,0.004070137783849419,2.9023119851992182e-06,0.07585817323116975,7.889264466933239e-06,6.475945666070602e-07,6.475945666070602e-07,0.002472622943003016,7.889264466933239e-06
0.01798621187025419,6.144177531850823e-06,0.999290329695098,0.9914225147446858,0.7310585786300049,2.7535687821746045e-05,0.37754066879814546,8.315279285380714e-07,0.14804719991116141,1.760343003490802e-06,7.484626298776402e-05,4.785094494835719e-06,0.005220125635523486,4.4508526417414716e-07,0.001926734293943221,2.9023119851992182e-06,2.6995784182201246e-07,2.3823696679343503e-07,2.3823696679343503e-07,2.1024339116182101e-07,1.6701429809483402e-05
0.99999627336116,2.9023119851992182e-06,9.610239214580367e-05,0.3208213073183839,0.00043055709272278825,0.0007096703049020563,0.00043055709272278825,0.0002611903101813263,4.785094494835719e-06,0.07585817323116975,0.00012339461917113592,5.8291272510566984e-05,0.0015011819937681247,5.8291272510566984e-05,0.9525741264858409,4.5397852420729034e-05,1.6701429809483402e-05,1.6701429809483402e-05,2.7535687821746045e-05,0.5621765008857981,0.37754066879814546
0.99999627336116,2.9023119851992182e-06,0.9995694429072771,0.02297737241894287,0.9999785550413585,0.0009110513587503459,0.9947798743644766,2.9023119851992182e-06,0.9525741264858409,0.9399133496156019,0.6791786926816161,0.7310585786300049,0.07585817323116975,0.047425873514159125,0.07585817323116975,0.9998766053808288,0.999290329695098,2.7535687821746045e-05,0.004070137783849419,0.9995694429072771,0.002472622943003016
0.9706877672877217,0.9968273169307178,6.144177531850823e-06,0.4378234991142018,0.22270013882530884,0.3208213073183839,0.14804719991116141,0.37754066879814546,0.2689414213699951,0.9933071487351834,0.047425873514159125,2.9023119851992182e-06,1.3709578605790399e-06,0.010986941578116867,0.0293122327122782,0.002472622943003016,0.0011695103004128338,0.0005527785524441057,0.00015843623599953396,0.0005527785524441057,0.0011695103004128338
0.9999869928761862,0.9999952149055052,0.9947798743644766,0.9997388096898188,2.2603251062511995e-06,1.760343003490802e-06,0.9999785550413585,0.00015843623599953396,0.9525741264858409,0.9997388096898188,0.9999417087274893,0.1824255149165352,0.07585817323116975,3.7266388399128017e-06,0.1824255149165352,1.067702997323512e-06,1.3007123813725571e-05,0.06008665038439803,0.7310585786300049,2.7535687821746045e-05,4.785094494835719e-06
0.06008665038439803,1.3709578605790399e-06,1.067702997323512e-06,1.760343003490802e-06,3.535625493426631e-05,5.8291272510566984e-05,2.9023119851992182e-06,0.11920291732853862,1.3007123813725571e-05,1.3007123813725571e-05,0.010986941578116867,0.0293122327122782,1.3709578605790399e-06,0.004070137783849419,0.004070137783849419,0.0031726830692822717,1.0129987357628251e-05,7.889264466933239e-06,1.3709578605790399e-06,3.535625493426631e-05,0.0007096703049020563
0.99966464996832,2.2603251062511995e-06,0.006692851264816553,0.9525741264858409,0.0009110513587503459,0.0009110513587503459,1.3709578605790399e-06,1.067702997323512e-06,4.5397852420729034e-05,1.3709578605790399e-06,4.785094494835719e-06,3.535625493426631e-05,2.1444958641491428e-05,3.7266388399128017e-06,1.0129987357628251e-05,0.0005527785524441057,4.785094494835719e-06,6.144177531850823e-06,6.144177531850823e-06,2.9023119851992182e-06,6.475945666070602e-07
0.0007096703049020563,0.00857748525531428,1.067702997323512e-06,0.001926734293943221,0.8175744850834648,4.785094494835719e-06,2.9023119851992182e-06,0.7772998611746911,2.9023119851992182e-06,0.0002611903101813263,0.37754066879814546,0.0003353500316799018,9.610239214580367e-05,2.9023119851992182e-06,0.22270013882530884,2.2603251062511995e-06,5.8291272510566984e-05,0.09534946232842245,2.9023119851992182e-06,3.535625493426631e-05,2.1444958641491428e-05
0.9999977396748937,0.8519528000888387,0.1824255149165352,0.0003353500316799018,0.03732688948593844,0.00857748525531428,7.889264466933239e-06,0.004070137783849419,7.889264466933239e-06,1.0129987357628251e-05,0.9968273169307178,0.9914225147446858,0.0007096703049020563,0.9859363735766059,5.8291272510566984e-05,7.889264466933239e-06,0.00015843623599953396,3.535625493426631e-05,0.00020342704657999323,0.9914225147446858,3.7266388399128017e-06
0.999999814460854,9.610239214580367e-05,0.3208213073183839,4.5397852420729034e-05,0.01798621187025419,0.14804719991116141,3.535625493426631e-05,6.475945666070602e-07,0.002472622943003016,0.004070137783849419,0.005220125635523486,0.0015011819937681247,4.785094494835719e-06,7.889264466933239e-06,0.0005527785524441057,0.00043055709272278825,3.466327450774257e-07,4.785094494835719e-06,3.7266388399128017e-06,7.338208055688351e-07,7.484626298776402e-05
0.9999996072136592,0.9997965729534201,0.9770226275810572,0.7310585786300049,0.3208213073183839,8.315279285380714e-07,0.0007096703049020563,0.02297737241894287,9.610239214580367e-05,2.1444958641491428e-05,5.043476486929152e-07,5.043476486929152e-07,1.6701429809483402e-05,4.4508526417414716e-07,1.3007123813725571e-05,0.005220125635523486,8.315279285380714e-07,0.002472622943003016,1.0129987357628251e-05,0.00020342704657999323,3.059023363247549e-07
0.9999986290421394,0.9998415637640005,1.067702997323512e-06,1.3709578605790399e-06,0.6791786926816161,0.3208213073183839,0.047425873514159125,8.315279285380714e-07,9.610239214580367e-05,0.9859363735766059,1.067702997323512e-06,4.5397852420729034e-05,5.043476486929152e-07,0.9046505376715775,7.338208055688351e-07,6.475945666070602e-07,0.37754066879814546,0.001926734293943221,0.5621765008857981,0.9706877672877217,4.4508526417414716e-07
0.9999986290421394,2.9023119851992182e-06,0.9820137881297458,0.9820137881297458,1.760343003490802e-06,1.6701429809483402e-05,0.002472622943003016,1.3709578605790399e-06,0.0009110513587503459,9.422445939067077e-07,0.00012339461917113592,3.7266388399128017e-06,0.0015011819937681247,0.0015011819937681247,2.9023119851992182e-06,0.001926734293943221,1.6701429809483402e-05,8.315279285380714e-07,6.144177531850823e-06,1.2098659719807354e-06,2.1444958641491428e-05
0.9999038976078543,0.9626731105140616,0.9399133496156019,0.9999869928761862,0.8519528000888387,6.144177531850823e-06,0.4378234991142018,0.5621765008857981,0.1824255149165352,0.9999038976078543,0.03732688948593844,0.00857748525531428,0.9997965729534201,2.9023119851992182e-06,3.7266388399128017e-06,3.7266388399128017e-06,0.00043055709272278825,0.9820137881297458,0.00020342704657999323,0.0011695103004128338,0.0011695103004128338
0.9990889486412498,0.11920291732853862,0.9770226275810572,1.6701429809483402e-05,0.9999977396748937,0.6791786926816161,0.005220125635523486,0.3208213073183839,0.005220125635523486,0.9980732657060567,0.047425873514159125,0.9999251537370122,0.00043055709272278825,6.144177531850823e-06,4.785094494835719e-06,0.00020342704657999323,4.785094494835719e-06,0.00020342704657999323,0.02297737241894287,0.3208213073183839,9.610239214580367e-05
0.5,0.9999785550413585,2.9023119851992182e-06,0.9995694429072771,0.99966464996832,3.7266388399128017e-06,2.9023119851992182e-06,0.9999417087274893,0.9999869928761862,0.9999938558224682,9.610239214580367e-05,0.00012339461917113592,0.9997388096898188,2.2603251062511995e-06,0.9999417087274893,0.9999251537370122,0.99966464996832,0.9998766053808288,0.9998766053808288,0.9999724643121783,0.9999417087274893
0.9999986290421394,0.9999646437450657,0.9999986290421394,0.9999724643121783,6.144177531850823e-06,7.889264466933239e-06,0.9998415637640005,0.9998766053808288,0.9999952149055052,0.9999952149055052,0.9933071487351834,0.9999869928761862,0.9770226275810572,0.9525741264858409,0.9933071487351834,0.9859363735766059,0.9399133496156019,0.8519528000888387,7.484626298776402e-05,0.9859363735766059,0.9399133496156019
0.9999869928761862,7.889264466933239e-06,0.9984988180062319,0.9997965729534201,0.9997965729534201,0.0005527785524441057,0.9995694429072771,1.0129987357628251e-05,0.6791786926816161,0.0005527785524441057,2.2603251062511995e-06,0.9999417087274893,0.9997965729534201,0.06008665038439803,0.00015843623599953396,0.997527377056997,0.99966464996832,0.00857748525531428,0.9770226275810572,7.484626298776402e-05,0.9820137881297458
0.9999921107355332,0.9999417087274893,0.9999038976078543,0.0009110513587503459,3.7266388399128017e-06,0.9770226275810572,9.610239214580367e-05,1.067702997323512e-06,5.8291272510566984e-05,0.0003353500316799018,0.0002611903101813263,8.315279285380714e-07,1.067702997323512e-06,0.3208213073183839,0.6791786926816161,0.00043055709272278825,7.889264466933239e-06,5.8291272510566984e-05,4.5397852420729034e-05,7.484626298776402e-05,2.1444958641491428e-05
0.99966464996832,2.1444958641491428e-05,0.9947798743644766,0.9706877672877217,0.99999627336116,0.6791786926816161,0.5,0.2689414213699951,0.9999898700126424,0.9968273169307178,0.9999832985701905,7.889264466933239e-06,0.9999785550413585,0.8807970826714614,0.07585817323116975,3.7266388399128017e-06,3.7266388399128017e-06,0.9998415637640005,0.9999038976078543,0.11920291732853862,0.047425873514159125
0.9999970976880148,0.9998415637640005,0.11920291732853862,5.043476486929152e-07,0.9988304896995872,2.7535687821746045e-05,3.9278634073828347e-07,1.6701429809483402e-05,1.6701429809483402e-05,0.4378234991142018,0.7772998611746911,3.9278634073828347e-07,0.00857748525531428,2.2603251062511995e-06,0.00015843623599953396,7.484626298776402e-05,0.0011695103004128338,4.5397852420729034e-05,2.3823696679343503e-07,7.889264466933239e-06,4.785094494835719e-06
4.785094494835719e-06,1.760343003490802e-06,1.3709578605790399e-06,0.005220125635523486,0.999290329695098,0.997527377056997,0.9980732657060567,0.03732688948593844,0.00012339461917113592,0.00012339461917113592,0.9859363735766059,0.9820137881297458,0.00012339461917113592,0.001926734293943221,8.315279285380714e-07,1.0129987357628251e-05,6.144177531850823e-06,5.8291272510566984e-05,5.043476486929152e-07,5.8291272510566984e-05,0.06008665038439803
0.9999921107355332,0.9399133496156019,9.610239214580367e-05,0.9980732657060567,0.004070137783849419,0.9626731105140616,0.9706877672877217,3.535625493426631e-05,0.00015843623599953396,4.5397852420729034e-05,0.2689414213699951,2.1444958641491428e-05,1.3007123813725571e-05,0.010986941578116867,2.7535687821746045e-05,0.001926734293943221,2.9023119851992182e-06,1.0129987357628251e-05,0.001926734293943221,3.7266388399128017e-06,0.0005527785524441057
0.2689414213699951,2.7535687821746045e-05,0.9997388096898188,0.9933071487351834,0.9980732657060567,0.9984988180062319,0.9770226275810572,0.9770226275810572,0.9988304896995872,7.889264466933239e-06,0.37754066879814546,0.37754066879814546,2.9023119851992182e-06,0.22270013882530884,2.7535687821746045e-05,0.9241418267688302,3.7266388399128017e-06,0.9626731105140616,0.02297737241894287,0.11920291732853862,0.9933071487351834
0.9999993524054335,0.0003353500316799018,0.9988304896995872,4.5397852420729034e-05,0.9706877672877217,0.6224593312018546,0.9046505376715775,0.3208213073183839,0.0005527785524441057,0.03732688948593844,1.3007123813725571e-05,5.8291272510566984e-05,0.002472622943003016,2.7535687821746045e-05,4.4508526417414716e-07,0.00857748525531428,0.0009110513587503459,2.1444958641491428e-05,6.475945666070602e-07,1.6701429809483402e-05,3.059023363247549e-07
0.9959298622161507,0.0002611903101813263,0.00012339461917113592,0.6224593312018546,4.5397852420729034e-05,5.8291272510566984e-05,0.00857748525531428,1.0129987357628251e-05,7.889264466933239e-06,2.1444958641491428e-05,1.067702997323512e-06,1.3709578605790399e-06,1.760343003490802e-06,2.9023119851992182e-06,2.2603251062511995e-06,2.9023119851992182e-06,7.484626298776402e-05,1.3709578605790399e-06,1.760343003490802e-06,1.067702997323512e-06,8.315279285380714e-07
0.9999938558224682,0.00020342704657999323,0.00043055709272278825,0.9999251537370122,0.9959298622161507,0.001926734293943221,0.9770226275810572,0.9999546021475793,0.9999038976078543,1.0129987357628251e-05,0.9997965729534201,0.9999921107355332,4.5397852420729034e-05,2.7535687821746045e-05,0.9999832985701905,7.484626298776402e-05,4.5397852420729034e-05,0.1824255149165352,0.9990889486412498,1.3709578605790399e-06,5.8291272510566984e-05
0.9914225147446858,9.610239214580367e-05,0.006692851264816553,2.9023119851992182e-06,0.9990889486412498,0.9980732657060567,0.0007096703049020563,0.9947798743644766,0.005220125635523486,0.9770226275810572,0.9626731105140616,0.006692851264816553,0.0015011819937681247,3.535625493426631e-05,2.7535687821746045e-05,6.144177531850823e-06,0.0002611903101813263,6.144177531850823e-06,0.0002611903101813263,0.0005527785524441057,1.3709578605790399e-06
1.6701429809483402e-05,0.01798621187025419,0.0011695103004128338,0.0015011819937681247,3.7266388399128017e-06,2.9023119851992182e-06,1.3007123813725571e-05,1.3007123813725571e-05,0.9626731105140616,1.3007123813725571e-05,6.144177531850823e-06,0.9241418267688302,0.0005527785524441057,5.8291272510566984e-05,0.9046505376715775,0.00015843623599953396,0.7772998611746911,4.785094494835719e-06,4.785094494835719e-06,0.00043055709272278825,0.4378234991142018
0.11920291732853862,0.9999546021475793,3.7266388399128017e-06,0.9997965729534201,0.0011695103004128338,0.002472622943003016,2.2603251062511995e-06,2.2603251062511995e-06,0.00043055709272278825,0.9990889486412498,0.0002611903101813263,1.3709578605790399e-06,0.00012339461917113592,9.610239214580367e-05,7.484626298776402e-05,4.5397852420729034e-05,2.7535687821746045e-05,1.6701429809483402e-05,0.00020342704657999323,7.484626298776402e-05,1.3007123813725571e-05
0.9959298622161507,0.999290329695098,0.004070137783849419,6.475945666070602e-07,0.0002611903101813263,3.7266388399128017e-06,4.5397852420729034e-05,2.2603251062511995e-06,2.9023119851992182e-06,1.3007123813725571e-05,0.00857748525531428,1.760343003490802e-06,7.889264466933239e-06,6.144177531850823e-06,8.315279285380714e-07,8.315279285380714e-07,0.00043055709272278825,0.0005527785524441057,0.00043055709272278825,0.0011695103004128338,3.9278634073828347e-07
0.9999993524054335,0.9998415637640005,1.760343003490802e-06,0.9999038976078543,0.9994472214475559,4.5397852420729034e-05,0.8807970826714614,1.3709578605790399e-06,1.6701429809483402e-05,0.8519528000888387,0.8519528000888387,1.3007123813725571e-05,1.067702997323512e-06,3.535625493426631e-05,1.067702997323512e-06,0.02297737241894287,3.535625493426631e-05,1.3007123813725571e-05,1.0129987357628251e-05,2.7535687821746045e-05,0.0031726830692822717
2.2603251062511995e-06,0.09534946232842245,0.00857748525531428,9.610239214580367e-05,0.00012339461917113592,0.37754066879814546,6.475945666070602e-07,8.315279285380714e-07,0.00015843623599953396,0.00020342704657999323,1.067702997323512e-06,0.004070137783849419,7.889264466933239e-06,1.067702997323512e-06,1.0129987357628251e-05,0.6791786926816161,4.785094494835719e-06,4.785094494835719e-06,0.00015843623599953396,0.0007096703049020563,8.315279285380714e-07
2.1444958641491428e-05,0.004070137783849419,1.760343003490802e-06,2.9023119851992182e-06,0.8519528000888387,0.22270013882530884,0.03732688948593844,0.0005527785524441057,0.0007096703049020563,0.0005527785524441057,1.3709578605790399e-06,0.005220125635523486,0.0293122327122782,1.760343003490802e-06,2.2603251062511995e-06,1.3709578605790399e-06,0.00012339461917113592,7.484626298776402e-05,0.37754066879814546,0.005220125635523486,0.6224593312018546
0.9999898700126424,0.0002611903101813263,0.014063626423394072,0.010986941578116867,0.006692851264816553,0.0007096703049020563,0.0031726830692822717,0.9399133496156019,0.8519528000888387,2.9023119851992182e-06,2.2603251062511995e-06,0.00020342704657999323,2.2603251062511995e-06,0.006692851264816553,0.014063626423394072,0.0015011819937681247,1.0129987357628251e-05,0.005220125635523486,0.0009110513587503459,9.610239214580367e-05,5.8291272510566984e-05
0.37754066879814546,6.144177531850823e-06,0.0002611903101813263,0.01798621187025419,0.00043055709272278825,0.00020342704657999323,1.0129987357628251e-05,7.889264466933239e-06,0.0002611903101813263,0.0009110513587503459,4.785094494835719e-06,6.144177531850823e-06,0.0009110513587503459,0.9984988180062319,6.144177531850823e-06,0.0005527785524441057,5.8291272510566984e-05,4.785094494835719e-06,1.6701429809483402e-05,0.9990889486412498,3.7266388399128017e-06
0.9999038976078543,1.067702997323512e-06,1.067702997323512e-06,0.005220125635523486,0.0031726830692822717,1.067702997323512e-06,1.3709578605790399e-06,0.0003353500316799018,0.0007096703049020563,1.3709578605790399e-06,0.6791786926816161,0.00012339461917113592,2.7535687821746045e-05,5.8291272510566984e-05,0.7310585786300049,4.5397852420729034e-05,2.7535687821746045e-05,2.1444958641491428e-05,1.6701429809483402e-05,7.484626298776402e-05,0.03732688948593844
0.9984988180062319,0.9994472214475559,0.03732688948593844,1.067702997323512e-06,0.9241418267688302,0.6791786926816161,6.144177531850823e-06,5.043476486929152e-07,0.001926734293943221,0.002472622943003016,3.059023363247549e-07,2.2603251062511995e-06,6.144177531850823e-06,0.00020342704657999323,0.0003353500316799018,4.4508526417414716e-07,0.0011695103004128338,6.144177531850823e-06,7.889264466933239e-06,2.2603251062511995e-06,2.6995784182201246e-07
0.9999982396569965,0.0015011819937681247,0.00043055709272278825,1.067702997323512e-06,0.9959298622161507,0.9980732657060567,0.9988304896995872,3.9278634073828347e-07,3.9278634073828347e-07,0.9933071487351834,3.059023363247549e-07,0.00012339461917113592,0.5621765008857981,4.5397852420729034e-05,4.785094494835719e-06,0.3208213073183839,3.535625493426631e-05,1.4449802095675026e-07,0.14804719991116141,0.5,2.9023119851992182e-06
0.9999952149055052,0.9997388096898188,0.0293122327122782,7.889264466933239e-06,7.889264466933239e-06,8.315279285380714e-07,0.06008665038439803,0.09534946232842245,0.06008665038439803,7.889264466933239e-06,0.02297737241894287,0.06008665038439803,5.715002426492935e-07,1.3709578605790399e-06,0.00020342704657999323,4.4508526417414716e-07,0.002472622943003016,5.043476486929152e-07,6.475945666070602e-07,0.0005527785524441057,3.466327450774257e-07
0.9995694429072771,2.7535687821746045e-05,0.07585817323116975,0.9706877672877217,0.00857748525531428,0.002472622943003016,2.7535687821746045e-05,0.8807970826714614,1.3007123813725571e-05,0.01798621187025419,1.067702997323512e-06,1.067702997323512e-06,6.144177531850823e-06,6.144177531850823e-06,0.6791786926816161,0.0002611903101813263,0.00012339461917113592,3.535625493426631e-05,0.06008665038439803,6.144177531850823e-06,0.01798621187025419
0.9968273169307178,1.3709578605790399e-06,8.315279285380714e-07,0.9820137881297458,0.0009110513587503459,0.00043055709272278825,0.4378234991142018,3.9278634073828347e-07,0.06008665038439803,5.8291272510566984e-05,3.059023363247549e-07,6.144177531850823e-06,0.0015011819937681247,0.001926734293943221,0.0015011819937681247,7.889264466933239e-06,0.002472622943003016,3.7266388399128017e-06,3.7266388399128017e-06,0.002472622943003016,4.785094494835719e-06
0.010986941578116867,1.067702997323512e-06,0.9995694429072771,0.0003353500316799018,2.9023119851992182e-06,0.9980732657060567,0.014063626423394072,0.047425873514159125,4.5397852420729034e-05,1.3709578605790399e-06,1.3007123813725571e-05,0.0002611903101813263,6.475945666070602e-07,0.5621765008857981,1.3709578605790399e-06,0.22270013882530884,7.889264466933239e-06,8.315279285380714e-07,0.047425873514159125,0.07585817323116975,1.3007123813725571e-05
7.484626298776402e-05,9.610239214580367e-05,4.785094494835719e-06,4.785094494835719e-06,0.00012339461917113592,0.9914225147446858,0.9995694429072771,1.0129987357628251e-05,7.889264466933239e-06,0.9890130584218833,5.8291272510566984e-05,2.7535687821746045e-05,0.9933071487351834,2.1444958641491428e-05,0.9984988180062319,0.37754066879814546,0.9968273169307178,1.3007123813725571e-05,0.9914225147446858,0.2689414213699951,0.09534946232842245
0.9959298622161507,4.785094494835719e-06,0.1824255149165352,0.07585817323116975,0.6224593312018546,3.7266388399128017e-06,0.004070137783849419,0.00012339461917113592,0.00015843623599953396,0.0002611903101813263,5.8291272510566984e-05,0.00015843623599953396,2.9023119851992182e-06,0.00015843623599953396,0.9959298622161507,0.0005527785524441057,3.535625493426631e-05,0.0002611903101813263,0.00020342704657999323,0.00015843623599953396,3.535625493426631e-05
0.0031726830692822717,0.0005527785524441057,2.9023119851992182e-06,0.0007096703049020563,0.0003353500316799018,1.3709578605790399e-06,0.1824255149165352,0.00020342704657999323,1.3709578605790399e-06,2.1444958641491428e-05,1.6701429809483402e-05,3.535625493426631e-05,1.3709578605790399e-06,1.0129987357628251e-05,1.0129987357628251e-05,1.067702997323512e-06,7.889264466933239e-06,1.0129987357628251e-05,9.610239214580367e-05,1.0129987357628251e-05,3.535625493426631e-05
0.9999996072136592,0.9947798743644766,0.7772998611746911,0.4378234991142018,6.475945666070602e-07,0.9999417087274893,0.9525741264858409,7.889264466933239e-06,1.0129987357628251e-05,0.9947798743644766,0.8807970826714614,0.5,0.0293122327122782,2.1024339116182101e-07,0.4378234991142018,0.03732688948593844,0.014063626423394072,9.610239214580367e-05,0.010986941578116867,0.00043055709272278825,0.00012339461917113592
0.6224593312018546,0.0002611903101813263,0.3208213073183839,2.2603251062511995e-06,0.0002611903101813263,1.3709578605790399e-06,0.004070137783849419,0.047425873514159125,0.01798621187025419,5.8291272510566984e-05,2.2603251062511995e-06,0.00857748525531428,0.0011695103004128338,0.9914225147446858,7.484626298776402e-05,3.535625493426631e-05,1.760343003490802e-06,0.00012339461917113592,7.484626298776402e-05,2.2603251062511995e-06,1.0129987357628251e-05
0.9046505376715775,0.9999952149055052,0.014063626423394072,7.889264466933239e-06,0.006692851264816553,0.02297737241894287,0.9999417087274893,6.144177531850823e-06,0.9998766053808288,0.006692851264816553,0.00012339461917113592,0.0003353500316799018,0.9980732657060567,0.00015843623599953396,0.02297737241894287,0.0007096703049020563,2.9023119851992182e-06,0.9959298622161507,4.5397852420729034e-05,0.00012339461917113592,2.7535687821746045e-05
0.006692851264816553,0.0005527785524441057,0.00020342704657999323,0.6791786926816161,0.9933071487351834,0.9626731105140616,1.3709578605790399e-06,0.8175744850834648,0.0003353500316799018,0.5,0.2689414213699951,5.715002426492935e-07,5.8291272510566984e-05,3.535625493426631e-05,2.7535687821746045e-05,0.001926734293943221,7.889264466933239e-06,0.010986941578116867,0.010986941578116867,7.484626298776402e-05,3.535625493426631e-05
0.002472622943003016,0.00015843623599953396,2.9023119851992182e-06,0.9994472214475559,0.00020342704657999323,0.6224593312018546,0.4378234991142018,5.8291272510566984e-05,0.0002611903101813263,0.9968273169307178,0.00012339461917113592,0.02297737241894287,2.1444958641491428e-05,3.535625493426631e-05,3.535625493426631e-05,1.760343003490802e-06,8.315279285380714e-07,0.0003353500316799018,1.6701429809483402e-05,1.3709578605790399e-06,2.1444958641491428e-05
0.9998766053808288,0.0007096703049020563,0.9859363735766059,4.785094494835719e-06,0.6224593312018546,0.0031726830692822717,0.5621765008857981,0.5621765008857981,0.2689414213699951,0.9998766053808288,1.760343003490802e-06,1.3709578605790399e-06,0.004070137783849419,0.006692851264816553,0.006692851264816553,0.9997388096898188,2.7535687821746045e-05,2.7535687821746045e-05,0.9968273169307178,0.00015843623599953396,0.0015011819937681247
0.3208213073183839,0.09534946232842245,0.99966464996832,0.1824255149165352,0.9947798743644766,0.00857748525531428,9.610239214580367e-05,3.535625493426631e-05,0.5621765008857981,0.00015843623599953396,0.4378234991142018,5.043476486929152e-07,1.0129987357628251e-05,5.043476486929152e-07,1.0129987357628251e-05,1.3007123813725571e-05,8.315279285380714e-07,4.785094494835719e-06,0.0011695103004128338,1.3007123813725571e-05,3.7266388399128017e-06
0.9999986290421394,0.9999952149055052,0.0009110513587503459,0.3208213073183839,6.144177531850823e-06,0.3208213073183839,2.9023119851992182e-06,0.03732688948593844,2.9023119851992182e-06,5.8291272510566984e-05,0.010986941578116867,3.535625493426631e-05,1.6701429809483402e-05,0.0031726830692822717,2.7535687821746045e-05,1.3007123813725571e-05,2.2603251062511995e-06,2.1444958641491428e-05,0.9525741264858409,4.785094494835719e-06,0.00020342704657999323
0.9999994956523514,4.5397852420729034e-05,0.9999986290421394,0.9999724643121783,0.9999970976880148,0.9999417087274893,0.9999417087274893,0.1824255149165352,0.9999898700126424,0.9999970976880148,0.99999627336116,0.9999546021475793,6.144177531850823e-06,0.9999038976078543,0.9999832985701905,0.9890130584218833,3.7266388399128017e-06,0.9525741264858409,0.9999646437450657,0.001926734293943221,0.0002611903101813263
0.9999997617630333,0.00015843623599953396,0.9959298622161507,0.001926734293943221,0.0009110513587503459,1.067702997323512e-06,0.8519528000888387,6.475945666070602e-07,0.11920291732853862,1.3007123813725571e-05,3.9278634073828347e-07,5.043476486929152e-07,3.9278634073828347e-07,0.014063626423394072,2.9023119851992182e-06,0.014063626423394072,0.004070137783849419,2.9023119851992182e-06,4.785094494835719e-06,8.315279285380714e-07,3.9278634073828347e-07
0.9995694429072771,7.889264466933239e-06,0.6224593312018546,1.6701429809483402e-05,0.9999038976078543,0.0007096703049020563,0.9998415637640005,0.02297737241894287,4.785094494835719e-06,1.0129987357628251e-05,0.9988304896995872,0.00015843623599953396,0.9959298622161507,0.00012339461917113592,0.9984988180062319,0.00012339461917113592,7.484626298776402e-05,7.484626298776402e-05,4.785094494835719e-06,6.144177531850823e-06,0.9820137881297458
2.1444958641491428e-05,0.0007096703049020563,3.7266388399128017e-06,0.22270013882530884,0.0003353500316799018,0.00015843623599953396,0.9999785550413585,9.610239214580367e-05,0.005220125635523486,0.9999546021475793,3.535625493426631e-05,0.001926734293943221,0.002472622943003016,0.005220125635523486,0.00043055709272278825,0.00043055709272278825,1.3709578605790399e-06,2.2603251062511995e-06,1.3709578605790399e-06,5.8291272510566984e-05,1.3709578605790399e-06
0.9525741264858409,0.9999970976880148,0.00857748525531428,4.785094494835719e-06,0.7310585786300049,6.144177531850823e-06,0.9999785550413585,0.9999646437450657,0.9999417087274893,7.889264466933239e-06,3.7266388399128017e-06,0.0005527785524441057,0.00043055709272278825,0.0007096703049020563,0.0009110513587503459,0.9995694429072771,0.00020342704657999323,3.7266388399128017e-06,0.0002611903101813263,0.0031726830692822717,2.9023119851992182e-06
0.0003353500316799018,2.7535687821746045e-05,6.475945666070602e-07,0.0002611903101813263,0.22270013882530884,7.484626298776402e-05,7.889264466933239e-06,0.07585817323116975,0.0293122327122782,4.4508526417414716e-07,1.0129987357628251e-05,2.9023119851992182e-06,2.3823696679343503e-07,0.0007096703049020563,0.0011695103004128338,0.0011695103004128338,0.00043055709272278825,0.0007096703049020563,1.3709578605790399e-06,2.9023119851992182e-06,2.3823696679343503e-07
6.144177531850823e-06,2.9023119851992182e-06,0.99966464996832,0.999290329695098,0.0005527785524441057,0.010986941578116867,0.9890130584218833,0.997527377056997,0.001926734293943221,2.9023119851992182e-06,2.1444958641491428e-05,0.9525741264858409,0.00012339461917113592,0.0015011819937681247,0.00012339461917113592,1.3709578605790399e-06,0.5,0.0003353500316799018,1.3709578605790399e-06,3.535625493426631e-05,2.1444958641491428e-05
0.9241418267688302,3.059023363247549e-07,3.059023363247549e-07,1.6701429809483402e-05,0.9959298622161507,0.9947798743644766,0.9820137881297458,0.9706877672877217,0.5621765008857981,6.475945666070602e-07,4.785094494835719e-06,6.144177531850823e-06,2.3823696679343503e-07,4.785094494835719e-06,3.059023363247549e-07,0.006692851264816553,1.3007123813725571e-05,3.059023363247549e-07,0.006692851264816553,5.043476486929152e-07,1.6701429809483402e-05
0.9999991684720715,0.9998766053808288,0.0002611903101813263,0.03732688948593844,2.2603251062511995e-06,1.760343003490802e-06,5.8291272510566984e-05,1.760343003490802e-06,4.5397852420729034e-05,5.8291272510566984e-05,2.1444958641491428e-05,0.37754066879814546,1.6701429809483402e-05,2.1444958641491428e-05,1.6701429809483402e-05,0.014063626423394072,0.014063626423394072,1.0129987357628251e-05,1.0129987357628251e-05,0.047425873514159125,7.889264466933239e-06
1.6701429809483402e-05,0.9999417087274893,0.9998766053808288,1.3709578605790399e-06,1.760343003490802e-06,0.14804719991116141,0.0011695103004128338,1.760343003490802e-06,0.00012339461917113592,0.14804719991116141,2.7535687821746045e-05,1.3709578605790399e-06,7.484626298776402e-05,3.535625493426631e-05,1.3709578605790399e-06,4.5397852420729034e-05,0.9525741264858409,1.0129987357628251e-05,2.1444958641491428e-05,0.9525741264858409,7.484626298776402e-05
0.00043055709272278825,2.9023119851992182e-06,0.0007096703049020563,0.9947798743644766,0.9859363735766059,0.8519528000888387,6.144177531850823e-06,7.889264466933239e-06,4.785094494835719e-06,3.7266388399128017e-06,0.00043055709272278825,0.00043055709272278825,0.6224593312018546,4.785094494835719e-06,6.144177531850823e-06,7.484626298776402e-05,2.7535687821746045e-05,2.2603251062511995e-06,2.7535687821746045e-05,4.785094494835719e-06,2.2603251062511995e-06
0.7772998611746911,0.006692851264816553,0.0009110513587503459,1.3709578605790399e-06,0.0005527785524441057,0.9046505376715775,0.0002611903101813263,0.9706877672877217,0.00020342704657999323,7.889264466933239e-06,9.610239214580367e-05,7.889264466933239e-06,3.7266388399128017e-06,0.00020342704657999323,0.7772998611746911,4.785094494835719e-06,3.535625493426631e-05,2.7535687821746045e-05,3.7266388399128017e-06,3.7266388399128017e-06,0.047425873514159125
0.004070137783849419,2.2603251062511995e-06,4.785094494835719e-06,0.0003353500316799018,0.0002611903101813263,4.5397852420729034e-05,0.014063626423394072,2.1444958641491428e-05,9.610239214580367e-05,4.5397852420729034e-05,2.7535687821746045e-05,1.6701429809483402e-05,1.0129987357628251e-05,6.475945666070602e-07,6.144177531850823e-06,1.0129987357628251e-05,1.6701429809483402e-05,2.9023119851992182e-06,2.9023119851992182e-06,1.0129987357628251e-05,1.6701429809483402e-05
0.9999993524054335,0.9990889486412498,6.144177531850823e-06,1.0129987357628251e-05,0.00043055709272278825,0.9980732657060567,0.9980732657060567,0.00043055709272278825,0.9984988180062319,0.9998766053808288,0.00015843623599953396,0.00012339461917113592,0.9820137881297458,0.997527377056997,0.9980732657060567,0.9820137881297458,3.7266388399128017e-06,4.5397852420729034e-05,2.7535687821746045e-05,0.9859363735766059,0.9770226275810572
0.00015843623599953396,0.9947798743644766,0.004070137783849419,0.8807970826714614,0.0009110513587503459,0.00043055709272278825,2.9023119851992182e-06,1.3007123813725571e-05,0.047425873514159125,0.00012339461917113592,4.785094494835719e-06,0.0015011819937681247,1.3709578605790399e-06,1.760343003490802e-06,2.7535687821746045e-05,1.760343003490802e-06,1.760343003490802e-06,0.0003353500316799018,1.3709578605790399e-06,6.144177531850823e-06,2.2603251062511995e-06
0.9999989322970027,0.9968273169307178,0.9525741264858409,0.3208213073183839,0.37754066879814546,0.06008665038439803,0.99999627336116,0.9626731105140616,0.9999938558224682,0.010986941578116867,0.0009110513587503459,0.9999869928761862,0.0293122327122782,0.02297737241894287,0.0293122327122782,0.0009110513587503459,0.00043055709272278825,0.006692851264816553,0.0009110513587503459,0.9999724643121783,0.0293122327122782
0.9933071487351834,0.999290329695098,0.00020342704657999323,0.07585817323116975,0.0002611903101813263,0.0031726830692822717,0.001926734293943221,0.00015843623599953396,0.00012339461917113592,0.0009110513587503459,2.7535687821746045e-05,1.760343003490802e-06,0.3208213073183839,1.760343003490802e-06,0.14804719991116141,0.1824255149165352,0.1824255149165352,2.7535687821746045e-05,7.484626298776402e-05,0.0002611903101813263,0.00012339461917113592
0.00043055709272278825,1.067702997323512e-06,0.4378234991142018,0.5,0.6791786926816161,5.043476486929152e-07,6.475945666070602e-07,0.03732688948593844,0.00857748525531428,1.6701429809483402e-05,0.010986941578116867,3.9278634073828347e-07,2.3823696679343503e-07,0.0009110513587503459,3.466327450774257e-07,0.0009110513587503459,3.7266388399128017e-06,5.043476486929152e-07,0.0015011819937681247,6.144177531850823e-06,0.00020342704657999323
0.00015843623599953396,0.9999938558224682,6.144177531850823e-06,0.9999898700126424,1.6701429809483402e-05,1.0129987357628251e-05,0.07585817323116975,0.9999785550413585,0.9999832985701905,0.9770226275810572,0.005220125635523486,7.889264466933239e-06,0.0293122327122782,0.2689414213699951,0.07585817323116975,0.002472622943003016,0.002472622943003016,0.02297737241894287,0.0031726830692822717,6.144177531850823e-06,0.997527377056997
0.997527377056997,2.9023119851992182e-06,1.6701429809483402e-05,0.0031726830692822717,1.760343003490802e-06,1.760343003490802e-06,1.0129987357628251e-05,0.0003353500316799018,0.00015843623599953396,6.144177531850823e-06,7.484626298776402e-05,0.00012339461917113592,2.9023119851992182e-06,2.9023119851992182e-06,3.7266388399128017e-06,2.1444958641491428e-05,1.067702997323512e-06,2.7535687821746045e-05,1.067702997323512e-06,2.9023119851992182e-06,1.6701429809483402e-05
0.8519528000888387,0.14804719991116141,0.0031726830692822717,0.07585817323116975,4.785094494835719e-06,0.0005527785524441057,0.00015843623599953396,0.0015011819937681247,0.37754066879814546,0.0015011819937681247,3.535625493426631e-05,0.00015843623599953396,2.7535687821746045e-05,2.1444958641491428e-05,9.610239214580367e-05,0.0007096703049020563,1.3007123813725571e-05,7.889264466933239e-06,3.535625493426631e-05,0.00012339461917113592,4.785094494835719e-06
0.0011695103004128338,0.9968273169307178,2.9023119851992182e-06,0.9997388096898188,4.785094494835719e-06,4.5397852420729034e-05,2.7535687821746045e-05,6.144177531850823e-06,0.9994472214475559,4.5397852420729034e-05,0.9980732657060567,0.9959298622161507,0.9959298622161507,6.144177531850823e-06,0.9046505376715775,1.760343003490802e-06,1.3709578605790399e-06,0.9399133496156019,0.9820137881297458,3.535625493426631e-05,0.014063626423394072
0.9999938558224682,0.00012339461917113592,0.0293122327122782,7.484626298776402e-05,2.2603251062511995e-06,2.9023119851992182e-06,0.0005527785524441057,1.3007123813725571e-05,0.01798621187025419,0.06008665038439803,0.014063626423394072,9.610239214580367e-05,0.6791786926816161,0.5,0.7310585786300049,1.760343003490802e-06,7.484626298776402e-05,1.6701429809483402e-05,1.6701429809483402e-05,2.2603251062511995e-06,2.2603251062511995e-06
0.99999627336116,0.9770226275810572,0.00857748525531428,0.0293122327122782,0.8175744850834648,0.004070137783849419,0.37754066879814546,0.0031726830692822717,2.9023119851992182e-06,0.9999785550413585,0.9998766053808288,0.0011695103004128338,0.11920291732853862,1.760343003490802e-06,0.06008665038439803,0.00857748525531428,8.315279285380714e-07,0.9859363735766059,9.610239214580367e-05,1.760343003490802e-06,0.9980732657060567
0.01798621187025419,4.5397852420729034e-05,1.067702997323512e-06,0.0003353500316799018,0.002472622943003016,0.4378234991142018,0.5621765008857981,1.760343003490802e-06,0.0005527785524441057,5.8291272510566984e-05,0.02297737241894287,0.9947798743644766,1.3007123813725571e-05,0.9626731105140616,4.5397852420729034e-05,5.8291272510566984e-05,0.0003353500316799018,2.9023119851992182e-06,6.144177531850823e-06,2.1444958641491428e-05,0.00012339461917113592
3.535625493426631e-05,0.9999546021475793,0.9999251537370122,7.889264466933239e-06,0.9999646437450657,7.889264466933239e-06,0.9999038976078543,0.9999251537370122,0.7310585786300049,0.0011695103004128338,0.11920291732853862,2.9023119851992182e-06,2.2603251062511995e-06,0.00020342704657999323,0.03732688948593844,0.02297737241894287,0.9947798743644766,0.9968273169307178,9.610239214580367e-05,0.9933071487351834,0.006692851264816553
0.0007096703049020563,0.7772998611746911,1.8553914607279396e-07,0.03732688948593844,0.02297737241894287,0.014063626423394072,0.014063626423394072,0.03732688948593844,0.014063626423394072,1.6701429809483402e-05,0.002472622943003016,0.002472622943003016,5.043476486929152e-07,0.0009110513587503459,3.059023363247549e-07,0.0007096703049020563,1.760343003490802e-06,1.760343003490802e-06,1.067702997323512e-06,0.0009110513587503459,0.0002611903101813263
0.9999986290421394,0.9999898700126424,0.9999986290421394,6.144177531850823e-06,0.00857748525531428,0.0031726830692822717,0.9999038976078543,0.9999251537370122,0.004070137783849419,0.99966464996832,0.9959298622161507,0.9999898700126424,2.2603251062511995e-06,2.9023119851992182e-06,2.2603251062511995e-06,0.9947798743644766,0.9820137881297458,2.2603251062511995e-06,0.8807970826714614,0.9995694429072771,0.9706877672877217
0.9999938558224682,7.484626298776402e-05,0.00857748525531428,2.2603251062511995e-06,7.484626298776402e-05,5.8291272510566984e-05,4.5397852420729034e-05,2.2603251062511995e-06,2.1444958641491428e-05,0.01798621187025419,1.067702997323512e-06,4.785094494835719e-06,6.144177531850823e-06,2.7535687821746045e-05,2.9023119851992182e-06,3.7266388399128017e-06,0.0002611903101813263,1.3007123813725571e-05,1.760343003490802e-06,3.7266388399128017e-06,0.01798621187025419
0.9999952149055052,0.9999952149055052,0.999290329695098,0.9999921107355332,0.999290329695098,5.8291272510566984e-05,0.9997388096898188,0.9999921107355332,0.9999785550413585,0.9999785550413585,0.9999417087274893,0.9999251537370122,1.067702997323512e-06,0.3208213073183839,0.9999038976078543,0.99966464996832,0.9995694429072771,0.8519528000888387,1.6701429809483402e-05,0.3208213073183839,8.315279285380714e-07
0.9999832985701905,2.2603251062511995e-06,0.11920291732853862,0.11920291732853862,0.8175744850834648,0.9999724643121783,0.0007096703049020563,3.7266388399128017e-06,0.07585817323116975,0.0005527785524441057,0.0007096703049020563,0.00043055709272278825,0.0003353500316799018,2.2603251062511995e-06,2.9023119851992182e-06,0.9984988180062319,0.0005527785524441057,0.9859363735766059,0.00012339461917113592,0.9859363735766059,5.8291272510566984e-05
0.07585817323116975,2.7535687821746045e-05,4.785094494835719e-06,0.9241418267688302,0.6791786926816161,0.37754066879814546,2.9023119851992182e-06,0.5621765008857981,3.9278634073828347e-07,0.37754066879814546,0.09534946232842245,0.07585817323116975,0.014063626423394072,2.1444958641491428e-05,0.01798621187025419,0.03732688948593844,0.0031726830692822717,1.0129987357628251e-05,1.0129987357628251e-05,0.047425873514159125,6.475945666070602e-07
4.5397852420729034e-05,0.047425873514159125,0.09534946232842245,0.9994472214475559,0.01798621187025419,0.0015011819937681247,0.9890130584218833,8.315279285380714e-07,0.00020342704657999323,0.0011695103004128338,0.0002611903101813263,6.475945666070602e-07,8.315279285380714e-07,0.005220125635523486,0.014063626423394072,4.5397852420729034e-05,5.8291272510566984e-05,6.475945666070602e-07,7.889264466933239e-06,2.7535687821746045e-05,0.0005527785524441057
0.02297737241894287,0.9959298622161507,0.9988304896995872,1.067702997323512e-06,0.7310585786300049,4.5397852420729034e-05,0.6224593312018546,0.002472622943003016,0.07585817323116975,0.4378234991142018,0.00020342704657999323,0.01798621187025419,6.144177531850823e-06,3.7266388399128017e-06,6.475945666070602e-07,7.889264466933239e-06,9.610239214580367e-05,0.0015011819937681247,0.006692851264816553,1.2098659719807354e-06,2.7535687821746045e-05
0.9994472214475559,0.9999546021475793,0.010986941578116867,0.0015011819937681247,0.7310585786300049,7.889264466933239e-06,0.7772998611746911,7.484626298776402e-05,6.475945666070602e-07,0.5,2.7535687821746045e-05,0.01798621187025419,2.9023119851992182e-06,3.466327450774257e-07,2.2603251062511995e-06,0.00857748525531428,0.005220125635523486,2.9023119851992182e-06,0.004070137783849419,3.7266388399128017e-06,3.9278634073828347e-07
0.1824255149165352,1.760343003490802e-06,4.785094494835719e-06,0.9525741264858409,0.5,0.00043055709272278825,0.00043055709272278825,2.9023119851992182e-06,0.09534946232842245,0.07585817323116975,0.010986941578116867,0.00857748525531428,4.5397852420729034e-05,1.3709578605790399e-06,4.5397852420729034e-05,0.0011695103004128338,0.0003353500316799018,0.997527377056997,0.9914225147446858,1.3709578605790399e-06,0.9399133496156019
0.9999970976880148,3.535625493426631e-05,2.1444958641491428e-05,1.067702997323512e-06,6.475945666070602e-07,6.475945666070602e-07,0.9914225147446858,0.9820137881297458,6.144177531850823e-06,4.785094494835719e-06,2.2603251062511995e-06,9.610239214580367e-05,0.07585817323116975,1.8553914607279396e-07,1.3709578605790399e-06,8.315279285380714e-07,0.0031726830692822717,0.005220125635523486,1.3709578605790399e-06,2.9023119851992182e-06,1.8553914607279396e-07
0.0015011819937681247,1.760343003490802e-06,1.3709578605790399e-06,0.997527377056997,0.002472622943003016,2.7535687821746045e-05,0.00857748525531428,1.6701429809483402e-05,0.0031726830692822717,2.2603251062511995e-06,1.6701429809483402e-05,0.0011695103004128338,0.00012339461917113592,7.889264466933239e-06,1.0129987357628251e-05,1.760343003490802e-06,8.315279285380714e-07,3.535625493426631e-05,3.535625493426631e-05,0.06008665038439803,1.067702997323512e-06
0.9999982396569965,0.9859363735766059,0.6791786926816161,1.3709578605790399e-06,0.03732688948593844,2.1444958641491428e-05,0.8519528000888387,0.002472622943003016,0.5,0.0011695103004128338,0.0293122327122782,0.01798621187025419,0.002472622943003016,0.0293122327122782,0.0011695103004128338,4.785094494835719e-06,3.7266388399128017e-06,5.8291272510566984e-05,3.059023363247549e-07,0.02297737241894287,0.0003353500316799018
0.6791786926816161,0.002472622943003016,0.0293122327122782,4.785094494835719e-06,0.9890130584218833,0.0005527785524441057,1.760343003490802e-06,2.1444958641491428e-05,0.047425873514159125,0.2689414213699951,0.010986941578116867,5.8291272510566984e-05,4.5397852420729034e-05,7.889264466933239e-06,0.001926734293943221,0.0005527785524441057,8.315279285380714e-07,1.067702997323512e-06,2.1444958641491428e-05,0.00012339461917113592,1.067702997323512e-06
0.9626731105140616,1.3709578605790399e-06,0.06008665038439803,0.06008665038439803,0.0009110513587503459,0.0011695103004128338,0.0003353500316799018,0.00020342704657999323,0.1824255149165352,1.0129987357628251e-05,7.484626298776402e-05,0.07585817323116975,9.610239214580367e-05,0.00015843623599953396,0.010986941578116867,2.7535687821746045e-05,0.0015011819937681247,0.0003353500316799018,0.00043055709272278825,6.475945666070602e-07,0.00043055709272278825
0.9988304896995872,0.9241418267688302,0.6791786926816161,1.3007123813725571e-05,0.005220125635523486,0.001926734293943221,0.5,0.1824255149165352,1.0129987357628251e-05,0.0003353500316799018,6.144177531850823e-06,1.3007123813725571e-05,0.005220125635523486,7.484626298776402e-05,7.889264466933239e-06,7.484626298776402e-05,7.484626298776402e-05,0.00015843623599953396,0.0005527785524441057,0.00012339461917113592,0.0009110513587503459
0.9999996940976636,0.06008665038439803,5.043476486929152e-07,6.475945666070602e-07,0.7772998611746911,5.043476486929152e-07,0.5621765008857981,2.9023119851992182e-06,3.059023363247549e-07,0.03732688948593844,3.535625493426631e-05,4.5397852420729034e-05,0.00857748525531428,1.067702997323512e-06,1.3709578605790399e-06,1.8553914607279396e-07,0.002472622943003016,0.001926734293943221,0.0015011819937681247,0.002472622943003016,6.475945666070602e-07
0.9706877672877217,7.889264466933239e-06,0.9399133496156019,0.8807970826714614,0.9999869928761862,0.014063626423394072,3.7266388399128017e-06,0.0031726830692822717,0.9999417087274893,0.3208213073183839,0.00020342704657999323,0.22270013882530884,0.004070137783849419,2.9023119851992182e-06,0.00043055709272278825,0.00857748525531428,0.002472622943003016,9.610239214580367e-05,5.8291272510566984e-05,2.9023119851992182e-06,0.0007096703049020563
0.9999982396569965,1.067702997323512e-06,7.338208055688351e-07,0.0003353500316799018,0.9999251537370122,1.067702997323512e-06,0.005220125635523486,0.9947798743644766,0.9914225147446858,1.3709578605790399e-06,0.0009110513587503459,6.475945666070602e-07,4.4508526417414716e-07,0.14804719991116141,5.043476486929152e-07,0.00012339461917113592,7.484626298776402e-05,7.484626298776402e-05,7.889264466933239e-06,0.37754066879814546,7.484626298776402e-05
0.8807970826714614,6.475945666070602e-07,0.006692851264816553,0.0015011819937681247,0.00015843623599953396,0.00012339461917113592,0.07585817323116975,0.14804719991116141,0.00015843623599953396,3.9278634073828347e-07,1.8553914607279396e-07,1.4449802095675026e-07,1.4449802095675026e-07,3.535625493426631e-05,2.1444958641491428e-05,2.1444958641491428e-05,0.002472622943003016,0.0009110513587503459,0.0011695103004128338,0.0031726830692822717,1.4449802095675026e-07
0.9999832985701905,6.144177531850823e-06,3.7266388399128017e-06,0.0002611903101813263,0.9859363735766059,0.0003353500316799018,0.0003353500316799018,0.9995694429072771,0.8807970826714614,0.9997965729534201,0.3208213073183839,0.2689414213699951,0.9947798743644766,0.9933071487351834,8.315279285380714e-07,0.06008665038439803,0.9984988180062319,5.043476486929152e-07,0.9980732657060567,0.9890130584218833,0.9706877672877217
0.9999977396748937,1.760343003490802e-06,0.9999546021475793,9.610239214580367e-05,9.610239214580367e-05,0.002472622943003016,0.9914225147446858,0.9988304896995872,0.997527377056997,8.315279285380714e-07,0.00015843623599953396,0.00015843623599953396,0.3208213073183839,2.3823696679343503e-07,0.1824255149165352,0.07585817323116975,0.006692851264816553,1.4449802095675026e-07,0.006692851264816553,5.8291272510566984e-05,1.125351754703302e-07
0.07585817323116975,0.9046505376715775,1.760343003490802e-06,0.7310585786300049,0.9999785550413585,0.00020342704657999323,0.002472622943003016,0.9999417087274893,0.0009110513587503459,0.1824255149165352,0.9999038976078543,2.2603251062511995e-06,0.002472622943003016,9.610239214580367e-05,0.9990889486412498,0.999290329695098,2.7535687821746045e-05,3.535625493426631e-05,0.9947798743644766,9.610239214580367e-05,0.9626731105140616
0.9999996072136592,0.9998415637640005,3.059023363247549e-07,0.1824255149165352,9.610239214580367e-05,5.043476486929152e-07,0.9914225147446858,6.475945666070602e-07,2.1444958641491428e-05,8.315279285380714e-07,0.9914225147446858,0.9706877672877217,0.09534946232842245,0.00015843623599953396,0.06008665038439803,0.0293122327122782,3.9278634073828347e-07,3.9278634073828347e-07,0.004070137783849419,0.8175744850834648,9.610239214580367e-05
0.9999952149055052,0.9984988180062319,0.9980732657060567,1.6701429809483402e-05,0.9999977396748937,0.03732688948593844,0.9947798743644766,0.37754066879814546,0.014063626423394072,0.014063626423394072,0.001926734293943221,0.010986941578116867,0.9999546021475793,0.9999646437450657,0.006692851264816553,0.9999546021475793,1.760343003490802e-06,0.0011695103004128338,2.2603251062511995e-06,0.0015011819937681247,3.7266388399128017e-06
0.9999986290421394,8.315279285380714e-07,0.9998766053808288,0.006692851264816553,0.9999938558224682,1.3709578605790399e-06,1.067702997323512e-06,0.9999417087274893,0.22270013882530884,0.14804719991116141,0.9997388096898188,8.315279285380714e-07,0.9046505376715775,0.9968273169307178,0.9947798743644766,0.9914225147446858,0.9770226275810572,0.0009110513587503459,0.5,0.0015011819937681247,0.9399133496156019
1.3709578605790399e-06,0.0007096703049020563,2.9023119851992182e-06,0.9706877672877217,2.2603251062511995e-06,0.0003353500316799018,0.8807970826714614,0.00015843623599953396,9.610239214580367e-05,1.067702997323512e-06,0.047425873514159125,2.7535687821746045e-05,1.3007123813725571e-05,0.005220125635523486,6.475945666070602e-07,1.0129987357628251e-05,7.889264466933239e-06,0.0015011819937681247,1.0129987357628251e-05,1.0129987357628251e-05,4.785094494835719e-06
0.00043055709272278825,3.7266388399128017e-06,9.610239214580367e-05,0.9988304896995872,0.9947798743644766,0.9998766053808288,0.9999869928761862,0.9999938558224682,0.9999724643121783,0.9999832985701905,2.1444958641491428e-05,0.9999251537370122,0.9997965729534201,1.760343003490802e-06,0.9998766053808288,0.9914225147446858,1.067702997323512e-06,0.9914225147446858,6.144177531850823e-06,1.760343003490802e-06,0.0293122327122782
0.0007096703049020563,0.9959298622161507,4.785094494835719e-06,0.9999546021475793,0.9999546021475793,0.9706877672877217,0.9046505376715775,0.9999251537370122,0.8519528000888387,1.6701429809483402e-05,0.2689414213699951,0.99966464996832,0.7310585786300049,3.7266388399128017e-06,0.8175744850834648,0.9990889486412498,1.6701429809483402e-05,0.2689414213699951,0.4378234991142018,0.997527377056997,2.1444958641491428e-05
0.9999921107355332,3.7266388399128017e-06,0.9980732657060567,4.785094494835719e-06,0.9999724643121783,3.7266388399128017e-06,0.9890130584218833,7.889264466933239e-06,0.9525741264858409,1.0129987357628251e-05,0.9998766053808288,0.997527377056997,0.9997388096898188,0.9706877672877217,0.9995694429072771,0.9990889486412498,0.9968273169307178,0.9859363735766059,0.047425873514159125,3.535625493426631e-05,1.3007123813725571e-05
0.9706877672877217,0.005220125635523486,0.6791786926816161,0.9988304896995872,0.5621765008857981,2.9023119851992182e-06,0.0005527785524441057,1.3709578605790399e-06,5.8291272510566984e-05,1.760343003490802e-06,0.2689414213699951,0.0005527785524441057,4.5397852420729034e-05,0.004070137783849419,5.8291272510566984e-05,3.535625493426631e-05,7.889264466933239e-06,8.315279285380714e-07,0.00012339461917113592,1.760343003490802e-06,2.1444958641491428e-05
0.9968273169307178,0.9997388096898188,7.484626298776402e-05,4.5397852420729034e-05,0.010986941578116867,0.03732688948593844,0.6791786926816161,0.0011695103004128338,5.043476486929152e-07,0.014063626423394072,3.466327450774257e-07,4.5397852420729034e-05,3.9278634073828347e-07,2.9023119851992182e-06,0.001926734293943221,0.004070137783849419,5.043476486929152e-07,1.3007123813725571e-05,0.005220125635523486,0.010986941578116867,2.2603251062511995e-06
0.9999986290421394,0.9999898700126424,0.00012339461917113592,0.9984988180062319,0.047425873514159125,3.535625493426631e-05,6.475945666070602e-07,0.9947798743644766,3.9278634073828347e-07,3.535625493426631e-05,0.9241418267688302,0.6791786926816161,0.07585817323116975,1.8553914607279396e-07,0.22270013882530884,0.07585817323116975,3.059023363247549e-07,0.0293122327122782,0.03732688948593844,3.059023363247549e-07,0.014063626423394072
4.5397852420729034e-05,0.9998766053808288,0.9994472214475559,0.8519528000888387,1.6701429809483402e-05,1.0129987357628251e-05,0.9968273169307178,0.9999938558224682,0.0031726830692822717,7.889264466933239e-06,6.144177531850823e-06,0.9999832985701905,0.9999646437450657,0.9999646437450657,0.0011695103004128338,0.9999546021475793,0.0015011819937681247,0.9999251537370122,4.785094494835719e-06,6.144177531850823e-06,0.9997388096898188
0.02297737241894287,0.9859363735766059,0.00043055709272278825,0.8175744850834648,0.7310585786300049,1.3709578605790399e-06,4.5397852420729034e-05,0.00020342704657999323,3.535625493426631e-05,2.1444958641491428e-05,1.067702997323512e-06,1.6701429809483402e-05,3.7266388399128017e-06,1.0129987357628251e-05,1.3007123813725571e-05,3.9278634073828347e-07,3.7266388399128017e-06,1.3007123813725571e-05,2.9023119851992182e-06,0.002472622943003016,2.2603251062511995e-06
0.9999785550413585,0.5,0.00012339461917113592,0.00015843623599953396,4.785094494835719e-06,5.8291272510566984e-05,0.7772998611746911,0.00012339461917113592,2.2603251062511995e-06,0.0011695103004128338,1.3007123813725571e-05,0.01798621187025419,4.785094494835719e-06,6.144177531850823e-06,0.002472622943003016,3.7266388399128017e-06,4.5397852420729034e-05,3.7266388399128017e-06,1.0129987357628251e-05,0.00043055709272278825,2.7535687821746045e-05
0.37754066879814546,0.9994472214475559,1.067702997323512e-06,1.3709578605790399e-06,7.484626298776402e-05,0.997527377056997,1.3709578605790399e-06,0.9859363735766059,0.014063626423394072,8.315279285380714e-07,0.0031726830692822717,0.9820137881297458,1.3007123813725571e-05,0.3208213073183839,0.0005527785524441057,0.0003353500316799018,0.00015843623599953396,8.315279285380714e-07,0.22270013882530884,0.5,0.00015843623599953396
0.9997965729534201,0.9999724643121783,0.37754066879814546,0.07585817323116975,1.3709578605790399e-06,0.5621765008857981,0.8519528000888387,1.760343003490802e-06,0.2689414213699951,0.0007096703049020563,0.14804719991116141,0.047425873514159125,6.144177531850823e-06,0.001926734293943221,1.0129987357628251e-05,9.610239214580367e-05,1.2098659719807354e-06,0.0009110513587503459,1.067702997323512e-06,0.001926734293943221,6.144177531850823e-06
0.9999977396748937,0.9995694429072771,0.9997965729534201,2.9023119851992182e-06,0.9999977396748937,5.8291272510566984e-05,0.9959298622161507,0.9999251537370122,0.00020342704657999323,3.7266388399128017e-06,0.9999417087274893,0.6791786926816161,1.6701429809483402e-05,0.9990889486412498,3.535625493426631e-05,0.9947798743644766,1.6701429809483402e-05,0.9998415637640005,0.997527377056997,0.9999646437450657,0.5621765008857981
0.9999251537370122,0.9999869928761862,0.9399133496156019,0.99966464996832,0.00043055709272278825,0.99966464996832,7.484626298776402e-05,6.475945666070602e-07,1.067702997323512e-06,0.00857748525531428,6.475945666070602e-07,0.9914225147446858,0.9706877672877217,6.144177531850823e-06,0.8519528000888387,6.144177531850823e-06,5.043476486929152e-07,0.3208213073183839,0.6224593312018546,0.00043055709272278825,0.4378234991142018
0.1824255149165352,0.9933071487351834,0.002472622943003016,1.6701429809483402e-05,1.3007123813725571e-05,1.067702997323512e-06,7.484626298776402e-05,0.09534946232842245,6.475945666070602e-07,1.067702997323512e-06,3.7266388399128017e-06,7.484626298776402e-05,0.0009110513587503459,1.760343003490802e-06,2.2603251062511995e-06,0.00043055709272278825,1.0129987357628251e-05,7.889264466933239e-06,7.484626298776402e-05,2.7535687821746045e-05,4.785094494835719e-06
0.9994472214475559,0.37754066879814546,0.3208213073183839,0.8807970826714614,0.06008665038439803,0.9999724643121783,0.0293122327122782,0.01798621187025419,2.1444958641491428e-05,0.006692851264816553,6.144177531850823e-06,0.0005527785524441057,0.010986941578116867,0.0011695103004128338,0.004070137783849419,0.004070137783849419,0.0002611903101813263,4.785094494835719e-06,0.0007096703049020563,0.002472622943003016,0.00012339461917113592
0.99999627336116,1.760343003490802e-06,0.997527377056997,0.0009110513587503459,0.5,8.315279285380714e-07,6.475945666070602e-07,3.535625493426631e-05,5.043476486929152e-07,0.37754066879814546,6.144177531850823e-06,0.5621765008857981,2.9023119851992182e-06,0.004070137783849419,0.004070137783849419,2.9023119851992182e-06,0.010986941578116867,0.0031726830692822717,1.760343003490802e-06,1.3709578605790399e-06,0.001926734293943221
0.7310585786300049,0.047425873514159125,0.9890130584218833,0.9999646437450657,0.03732688948593844,2.2603251062511995e-06,2.2603251062511995e-06,0.004070137783849419,2.9023119851992182e-06,0.006692851264816553,1.3709578605790399e-06,0.14804719991116141,0.0031726830692822717,0.9980732657060567,0.004070137783849419,0.0031726830692822717,6.475945666070602e-07,0.9914225147446858,0.006692851264816553,0.0007096703049020563,0.0005527785524441057
0.9999898700126424,1.3709578605790399e-06,0.0015011819937681247,0.0005527785524441057,2.9023119851992182e-06,1.760343003490802e-06,1.3709578605790399e-06,4.785094494835719e-06,0.00043055709272278825,0.0015011819937681247,0.0003353500316799018,0.7772998611746911,2.9023119851992182e-06,0.4378234991142018,0.00020342704657999323,0.4378234991142018,0.1824255149165352,2.2603251062511995e-06,2.9023119851992182e-06,6.144177531850823e-06,4.785094494835719e-06
2.7535687821746045e-05,2.7535687821746045e-05,0.8519528000888387,3.059023363247549e-07,0.8519528000888387,2.3823696679343503e-07,0.1824255149165352,2.9023119851992182e-06,2.3823696679343503e-07,2.3823696679343503e-07,0.014063626423394072,3.535625493426631e-05,0.0009110513587503459,2.9023119851992182e-06,0.001926734293943221,1.760343003490802e-06,0.0002611903101813263,1.0129987357628251e-05,1.4449802095675026e-07,1.0129987357628251e-05,1.0129987357628251e-05
0.9999994956523514,0.02297737241894287,0.02297737241894287,0.7772998611746911,0.6224593312018546,0.9525741264858409,0.07585817323116975,0.5,2.2603251062511995e-06,0.8519528000888387,0.9997965729534201,0.0003353500316799018,0.0015011819937681247,0.00015843623599953396,0.006692851264816553,0.047425873514159125,0.006692851264816553,0.0011695103004128338,0.01798621187025419,0.9947798743644766,0.01798621187025419
0.999999855501979,0.0003353500316799018,2.9023119851992182e-06,0.9998766053808288,0.9999982396569965,1.0129987357628251e-05,0.9999785550413585,0.0015011819937681247,0.9999785550413585,1.6701429809483402e-05,4.785094494835719e-06,0.9999724643121783,0.7310585786300049,0.9999898700126424,0.9998415637640005,0.6791786926816161,3.7266388399128017e-06,3.7266388399128017e-06,4.785094494835719e-06,0.9999898700126424,0.0005527785524441057
0.9999921107355332,0.9998766053808288,0.997527377056997,1.0129987357628251e-05,0.0003353500316799018,0.9820137881297458,0.9706877672877217,0.0003353500316799018,4.785094494835719e-06,0.9999251537370122,0.9997388096898188,0.9999038976078543,0.5621765008857981,0.9984988180062319,3.7266388399128017e-06,4.5397852420729034e-05,0.06008665038439803,2.9023119851992182e-06,3.535625493426631e-05,7.889264466933239e-06,0.9890130584218833
0.9999991684720715,0.0009110513587503459,0.7772998611746911,0.9995694429072771,6.475945666070602e-07,5.043476486929152e-07,0.9984988180062319,0.999290329695098,0.9959298622161507,5.043476486929152e-07,0.8807970826714614,0.8175744850834648,0.8519528000888387,0.06008665038439803,0.6791786926816161,0.00020342704657999323,5.8291272510566984e-05,0.1824255149165352,9.610239214580367e-05,0.8175744850834648,4.785094494835719e-06
0.9046505376715775,6.144177531850823e-06,0.06008665038439803,0.047425873514159125,0.02297737241894287,3.7266388399128017e-06,0.0009110513587503459,2.9023119851992182e-06,0.8519528000888387,0.7772998611746911,9.610239214580367e-05,0.0002611903101813263,1.760343003490802e-06,0.00012339461917113592,1.994729959312828e-06,9.610239214580367e-05,0.00857748525531428,7.484626298776402e-05,1.3007123813725571e-05,3.535625493426631e-05,0.0009110513587503459
0.9999986290421394,0.9525741264858409,5.8291272510566984e-05,0.9046505376715775,3.535625493426631e-05,0.8175744850834648,0.6224593312018546,0.2689414213699951,8.315279285380714e-07,2.7535687821746045e-05,0.09534946232842245,0.09534946232842245,0.010986941578116867,0.004070137783849419,5.043476486929152e-07,0.014063626423394072,7.338208055688351e-07,4.785094494835719e-06,3.535625493426631e-05,9.422445939067077e-07,6.475945666070602e-07
0.9994472214475559,1.3709578605790399e-06,0.4378234991142018,4.785094494835719e-06,2.7535687821746045e-05,0.0293122327122782,1.3007123813725571e-05,2.1444958641491428e-05,0.005220125635523486,1.3007123813725571e-05,7.889264466933239e-06,8.315279285380714e-07,6.475945666070602e-07,3.9278634073828347e-07,4.785094494835719e-06,5.043476486929152e-07,5.043476486929152e-07,6.475945666070602e-07,6.475945666070602e-07,6.475945666070602e-07,3.7266388399128017e-06
0.9820137881297458,0.00043055709272278825,0.005220125635523486,0.02297737241894287,0.00015843623599953396,0.0007096703049020563,2.1444958641491428e-05,0.00043055709272278825,0.0002611903101813263,1.3007123813725571e-05,0.09534946232842245,0.00012339461917113592,0.00015843623599953396,1.067702997323512e-06,9.610239214580367e-05,6.144177531850823e-06,3.7266388399128017e-06,4.785094494835719e-06,0.0011695103004128338,1.3709578605790399e-06,7.484626298776402e-05
0.9999952149055052,7.484626298776402e-05,0.9968273169307178,0.9914225147446858,2.1444958641491428e-05,0.8807970826714614,0.0005527785524441057,1.3007123813725571e-05,0.4378234991142018,0.0002611903101813263,5.8291272510566984e-05,7.889264466933239e-06,2.7535687821746045e-05,0.03732688948593844,0.02297737241894287,0.014063626423394072,2.2603251062511995e-06,2.9023119851992182e-06,0.0293122327122782,3.535625493426631e-05,0.0007096703049020563
0.0005527785524441057,7.484626298776402e-05,1.3709578605790399e-06,1.760343003490802e-06,1.760343003490802e-06,1.067702997323512e-06,1.067702997323512e-06,0.00012339461917113592,5.8291272510566984e-05,1.3709578605790399e-06,1.3007123813725571e-05,2.1444958641491428e-05,0.004070137783849419,2.7535687821746045e-05,1.6701429809483402e-05,1.0129987357628251e-05,1.3007123813725571e-05,1.0129987357628251e-05,7.889264466933239e-06,1.3007123813725571e-05,0.00857748525531428
2.1444958641491428e-05,0.9914225147446858,0.0015011819937681247,0.9999417087274893,0.0011695103004128338,0.1824255149165352,1.760343003490802e-06,0.7310585786300049,0.5,0.9820137881297458,0.9997965729534201,0.2689414213699951,0.999290329695098,0.997527377056997,0.0002611903101813263,0.014063626423394072,4.5397852420729034e-05,0.005220125635523486,0.9914225147446858,7.484626298776402e-05,5.8291272510566984e-05
0.9999251537370122,0.5,0.37754066879814546,0.37754066879814546,0.1824255149165352,4.785094494835719e-06,0.9999832985701905,0.07585817323116975,4.785094494835719e-06,0.07585817323116975,0.010986941578116867,0.9999251537370122,0.0009110513587503459,3.7266388399128017e-06,0.006692851264816553,0.9997388096898188,0.0007096703049020563,0.0015011819937681247,0.0003353500316799018,0.9994472214475559,2.2603251062511995e-06
0.9999646437450657,0.9999038976078543,1.067702997323512e-06,4.5397852420729034e-05,1.760343003490802e-06,1.067702997323512e-06,0.14804719991116141,3.535625493426631e-05,0.0003353500316799018,0.11920291732853862,0.00015843623599953396,0.00012339461917113592,0.9241418267688302,3.535625493426631e-05,1.3007123813725571e-05,2.7535687821746045e-05,6.144177531850823e-06,2.1444958641491428e-05,2.9023119851992182e-06,2.7535687821746045e-05,0.005220125635523486
0.9999996072136592,0.9999724643121783,0.9995694429072771,3.059023363247549e-07,0.0015011819937681247,0.9947798743644766,0.9933071487351834,2.3823696679343503e-07,0.8519528000888387,3.059023363247549e-07,0.5621765008857981,4.5397852420729034e-05,0.07585817323116975,1.125351754703302e-07,1.760343003490802e-06,1.6701429809483402e-05,0.03732688948593844,1.6701429809483402e-05,2.9023119851992182e-06,3.7266388399128017e-06,2.1444958641491428e-05
0.9980732657060567,0.6224593312018546,0.0011695103004128338,4.785094494835719e-06,0.9990889486412498,0.002472622943003016,0.001926734293943221,0.9626731105140616,1.3709578605790399e-06,0.9046505376715775,0.00020342704657999323,0.2689414213699951,0.00015843623599953396,0.006692851264816553,1.067702997323512e-06,8.315279285380714e-07,4.785094494835719e-06,9.610239214580367e-05,7.889264466933239e-06,0.00857748525531428,7.484626298776402e-05
0.11920291732853862,4.785094494835719e-06,0.004070137783849419,0.7310585786300049,3.7266388399128017e-06,0.9933071487351834,0.997527377056997,0.9859363735766059,0.07585817323116975,0.11920291732853862,1.760343003490802e-06,9.610239214580367e-05,0.004070137783849419,0.00015843623599953396,0.0002611903101813263,1.760343003490802e-06,1.067702997323512e-06,0.0002611903101813263,0.3208213073183839,0.00012339461917113592,0.00020342704657999323
0.9999938558224682,0.9980732657060567,2.9023119851992182e-06,0.9770226275810572,0.9999546021475793,7.484626298776402e-05,0.9968273169307178,0.9968273169307178,5.8291272510566984e-05,2.2603251062511995e-06,0.9959298622161507,0.09534946232842245,0.99966464996832,8.315279285380714e-07,1.3007123813725571e-05,0.9984988180062319,0.9046505376715775,1.3007123813725571e-05,6.475945666070602e-07,0.9890130584218833,0.002472622943003016
7.484626298776402e-05,0.9999546021475793,0.03732688948593844,4.785094494835719e-06,0.9997388096898188,0.002472622943003016,2.9023119851992182e-06,0.0005527785524441057,0.06008665038439803,0.0005527785524441057,0.0002611903101813263,0.02297737241894287,0.9984988180062319,7.484626298776402e-05,2.9023119851992182e-06,5.8291272510566984e-05,1.760343003490802e-06,1.3709578605790399e-06,2.7535687821746045e-05,0.9859363735766059,2.7535687821746045e-05
0.9241418267688302,0.02297737241894287,8.315279285380714e-07,8.315279285380714e-07,0.00020342704657999323,0.0002611903101813263,0.001926734293943221,7.484626298776402e-05,0.9933071487351834,1.3709578605790399e-06,8.315279285380714e-07,1.067702997323512e-06,0.00015843623599953396,1.6701429809483402e-05,9.610239214580367e-05,0.8807970826714614,6.144177531850823e-06,2.7535687821746045e-05,2.7535687821746045e-05,7.484626298776402e-05,3.535625493426631e-05
0.9995694429072771,0.9999921107355332,0.0005527785524441057,0.07585817323116975,0.0005527785524441057,1.3709578605790399e-06,0.9999251537370122,0.9998766053808288,0.00015843623599953396,9.610239214580367e-05,0.002472622943003016,8.315279285380714e-07,1.0129987357628251e-05,7.889264466933239e-06,0.0005527785524441057,5.043476486929152e-07,0.9859363735766059,9.610239214580367e-05,1.0129987357628251e-05,7.484626298776402e-05,0.00012339461917113592
0.00015843623599953396,3.535625493426631e-05,0.9999546021475793,0.00015843623599953396,0.9999251537370122,0.00015843623599953396,0.00043055709272278825,0.9997965729534201,0.9959298622161507,0.9997965729534201,0.9990889486412498,0.9980732657060567,0.9968273169307178,3.7266388399128017e-06,0.9984988180062319,0.9959298622161507,5.8291272510566984e-05,0.9933071487351834,0.997527377056997,3.7266388399128017e-06,0.14804719991116141
0.7310585786300049,0.00012339461917113592,7.484626298776402e-05,6.144177531850823e-06,6.144177531850823e-06,0.0005527785524441057,5.8291272510566984e-05,0.002472622943003016,0.9890130584218833,3.535625493426631e-05,3.7266388399128017e-06,3.7266388399128017e-06,7.484626298776402e-05,0.00043055709272278825,1.6701429809483402e-05,2.9023119851992182e-06,2.2603251062511995e-06,7.889264466933239e-06,7.889264466933239e-06,4.785094494835719e-06,5.8291272510566984e-05
0.9999938558224682,0.9984988180062319,6.475945666070602e-07,0.6224593312018546,1.067702997323512e-06,0.00015843623599953396,0.22270013882530884,7.484626298776402e-05,2.7535687821746045e-05,1.067702997323512e-06,2.2603251062511995e-06,1.6701429809483402e-05,6.475945666070602e-07,0.001926734293943221,1.0129987357628251e-05,0.005220125635523486,4.785094494835719e-06,6.475945666070602e-07,7.889264466933239e-06,1.3007123813725571e-05,7.889264466933239e-06
0.9933071487351834,0.9859363735766059,0.0011695103004128338,5.043476486929152e-07,0.4378234991142018,0.00012339461917113592,0.004070137783849419,0.0011695103004128338,6.475945666070602e-07,0.0015011819937681247,5.8291272510566984e-05,0.06008665038439803,0.00857748525531428,0.00020342704657999323,6.475945666070602e-07,1.3709578605790399e-06,4.5397852420729034e-05,3.535625493426631e-05,1.3709578605790399e-06,2.9023119851992182e-06,3.9278634073828347e-07
1.0129987357628251e-05,0.002472622943003016,2.9023119851992182e-06,6.144177531850823e-06,0.0003353500316799018,0.00043055709272278825,3.7266388399128017e-06,0.997527377056997,0.006692851264816553,0.999290329695098,0.9988304896995872,0.0011695103004128338,2.9023119851992182e-06,0.00015843623599953396,0.0003353500316799018,2.2603251062511995e-06,0.9399133496156019,1.760343003490802e-06,5.8291272510566984e-05,3.7266388399128017e-06,5.8291272510566984e-05
0.0293122327122782,0.00012339461917113592,0.9770226275810572,0.0009110513587503459,0.00043055709272278825,2.7535687821746045e-05,1.0129987357628251e-05,1.3007123813725571e-05,1.6701429809483402e-05,1.3709578605790399e-06,7.889264466933239e-06,1.3007123813725571e-05,2.9023119851992182e-06,4.785094494835719e-06,3.7266388399128017e-06,2.2603251062511995e-06,1.067702997323512e-06,3.9278634073828347e-07,1.3709578605790399e-06,2.9023119851992182e-06,1.067702997323512e-06
0.997527377056997,0.37754066879814546,0.0011695103004128338,0.9890130584218833,0.0009110513587503459,0.002472622943003016,8.315279285380714e-07,1.760343003490802e-06,1.3709578605790399e-06,0.0005527785524441057,0.14804719991116141,0.09534946232842245,1.067702997323512e-06,0.02297737241894287,1.760343003490802e-06,1.3709578605790399e-06,9.610239214580367e-05,5.8291272510566984e-05,1.3709578605790399e-06,2.9023119851992182e-06,1.6701429809483402e-05
0.999290329695098,0.2689414213699951,0.03732688948593844,0.02297737241894287,1.760343003490802e-06,1.067702997323512e-06,2.1444958641491428e-05,0.0007096703049020563,8.315279285380714e-07,0.0007096703049020563,7.889264466933239e-06,0.00020342704657999323,7.484626298776402e-05,1.3709578605790399e-06,7.889264466933239e-06,0.02297737241894287,4.5397852420729034e-05,4.785094494835719e-06,0.002472622943003016,0.0002611903101813263,0.00012339461917113592
0.9999785550413585,0.9990889486412498,1.067702997323512e-06,1.067702997323512e-06,1.760343003490802e-06,0.7310585786300049,1.760343003490802e-06,0.9933071487351834,0.9241418267688302,1.760343003490802e-06,6.475945666070602e-07,0.7772998611746911,0.6224593312018546,1.067702997323512e-06,1.067702997323512e-06,0.5,8.315279285380714e-07,1.067702997323512e-06,8.315279285380714e-07,4.785094494835719e-06,1.3709578605790399e-06
0.9997965729534201,0.9859363735766059,0.9933071487351834,0.03732688948593844,0.047425873514159125,0.005220125635523486,0.0015011819937681247,0.00015843623599953396,0.014063626423394072,0.02297737241894287,0.0011695103004128338,0.00020342704657999323,5.043476486929152e-07,7.889264466933239e-06,0.00020342704657999323,9.610239214580367e-05,4.5397852420729034e-05,4.5397852420729034e-05,4.5397852420729034e-05,0.00020342704657999323,3.9278634073828347e-07
0.09534946232842245,3.7266388399128017e-06,0.9997965729534201,0.9994472214475559,0.9859363735766059,4.5397852420729034e-05,0.0007096703049020563,3.535625493426631e-05,0.0002611903101813263,0.0002611903101813263,0.9046505376715775,0.3208213073183839,2.1444958641491428e-05,2.7535687821746045e-05,0.1824255149165352,4.5397852420729034e-05,0.09534946232842245,0.00857748525531428,0.002472622943003016,2.1444958641491428e-05,0.02297737241894287
0.999290329695098,0.9525741264858409,0.7310585786300049,1.0129987357628251e-05,0.5621765008857981,0.005220125635523486,4.785094494835719e-06,0.9994472214475559,0.00857748525531428,6.144177531850823e-06,0.0015011819937681247,0.9914225147446858,2.9023119851992182e-06,0.0005527785524441057,3.7266388399128017e-06,0.0003353500316799018,0.00043055709272278825,0.00043055709272278825,2.9023119851992182e-06,0.00043055709272278825,0.0002611903101813263
0.9994472214475559,3.7266388399128017e-06,3.7266388399128017e-06,0.0007096703049020563,0.0007096703049020563,0.1824255149165352,0.9959298622161507,0.14804719991116141,0.11920291732853862,0.0007096703049020563,1.067702997323512e-06,0.0011695103004128338,1.067702997323512e-06,2.7535687821746045e-05,1.067702997323512e-06,8.315279285380714e-07,0.00043055709272278825,0.0005527785524441057,0.9046505376715775,0.0003353500316799018,2.1444958641491428e-05
0.00043055709272278825,0.9770226275810572,0.8519528000888387,0.99966464996832,6.144177531850823e-06,0.9994472214475559,0.00015843623599953396,0.0005527785524441057,0.5621765008857981,7.484626298776402e-05,4.5397852420729034e-05,0.00015843623599953396,2.2603251062511995e-06,0.9820137881297458,0.0011695103004128338,0.9890130584218833,2.9023119851992182e-06,0.0005527785524441057,0.8519528000888387,0.004070137783849419,2.9023119851992182e-06
1.6701429809483402e-05,2.9023119851992182e-06,0.9914225147446858,0.8519528000888387,0.004070137783849419,0.8175744850834648,0.06008665038439803,0.03732688948593844,0.999290329695098,1.3709578605790399e-06,5.8291272510566984e-05,0.0031726830692822717,9.610239214580367e-05,0.002472622943003016,1.067702997323512e-06,0.01798621187025419,2.7535687821746045e-05,0.8807970826714614,0.005220125635523486,0.9399133496156019,0.0015011819937681247
0.997527377056997,1.760343003490802e-06,0.14804719991116141,0.07585817323116975,0.02297737241894287,0.014063626423394072,0.9988304896995872,0.9980732657060567,1.760343003490802e-06,2.2603251062511995e-06,0.0009110513587503459,1.3709578605790399e-06,0.00020342704657999323,0.0003353500316799018,5.8291272510566984e-05,1.067702997323512e-06,9.610239214580367e-05,0.00012339461917113592,0.00012339461917113592,0.0015011819937681247,0.00015843623599953396
0.9770226275810572,7.889264466933239e-06,2.9023119851992182e-06,0.9999724643121783,0.9999417087274893,0.0003353500316799018,2.9023119851992182e-06,3.7266388399128017e-06,2.9023119851992182e-06,4.785094494835719e-06,0.0011695103004128338,0.9990889486412498,0.9984988180062319,4.5397852420729034e-05,0.0007096703049020563,5.8291272510566984e-05,0.00015843623599953396,0.0002611903101813263,0.00043055709272278825,0.0031726830692822717,9.610239214580367e-05
0.9959298622161507,0.06008665038439803,8.315279285380714e-07,0.4378234991142018,0.7772998611746911,5.8291272510566984e-05,2.9023119851992182e-06,2.2603251062511995e-06,1.3007123813725571e-05,3.7266388399128017e-06,1.067702997323512e-06,8.315279285380714e-07,6.144177531850823e-06,8.315279285380714e-07,0.0015011819937681247,1.4449802095675026e-07,0.0002611903101813263,0.00015843623599953396,3.7266388399128017e-06,0.0011695103004128338,1.4449802095675026e-07
0.9968273169307178,0.9999251537370122,0.07585817323116975,0.004070137783849419,2.9023119851992182e-06,0.0031726830692822717,0.0011695103004128338,0.9933071487351834,1.3709578605790399e-06,0.0011695103004128338,9.610239214580367e-05,0.00012339461917113592,1.6701429809483402e-05,1.067702997323512e-06,1.067702997323512e-06,0.00015843623599953396,0.014063626423394072,1.067702997323512e-06,0.0031726830692822717,1.3007123813725571e-05,0.00012339461917113592
0.9999989322970027,6.475945666070602e-07,1.6701429809483402e-05,0.9959298622161507,0.0031726830692822717,0.0015011819937681247,6.144177531850823e-06,0.6224593312018546,0.37754066879814546,0.0002611903101813263,0.11920291732853862,0.8175744850834648,0.014063626423394072,0.03732688948593844,3.9278634073828347e-07,2.3823696679343503e-07,2.7535687821746045e-05,2.2603251062511995e-06,3.9278634073828347e-07,0.005220125635523486,0.0011695103004128338
0.9770226275810572,0.9999938558224682,0.1824255149165352,3.7266388399128017e-06,0.09534946232842245,0.00857748525531428,0.006692851264816553,0.00015843623599953396,0.00015843623599953396,0.014063626423394072,2.9023119851992182e-06,0.0003353500316799018,1.6701429809483402e-05,9.610239214580367e-05,0.00012339461917113592,0.00012339461917113592,0.9914225147446858,0.00015843623599953396,1.760343003490802e-06,5.8291272510566984e-05,7.484626298776402e-05
0.9999986290421394,0.9997388096898188,0.07585817323116975,6.475945666070602e-07,0.6224593312018546,7.889264466933239e-06,0.047425873514159125,3.7266388399128017e-06,3.9278634073828347e-07,0.1824255149165352,4.5397852420729034e-05,0.047425873514159125,2.6995784182201246e-07,0.0005527785524441057,0.004070137783849419,0.0007096703049020563,0.0009110513587503459,1.3709578605790399e-06,0.0005527785524441057,1.760343003490802e-06,0.0005527785524441057
0.22270013882530884,0.9999785550413585,0.07585817323116975,0.01798621187025419,1.760343003490802e-06,0.0003353500316799018,1.3709578605790399e-06,1.3709578605790399e-06,1.3709578605790399e-06,0.9959298622161507,0.0002611903101813263,1.760343003490802e-06,0.0009110513587503459,0.0003353500316799018,1.3709578605790399e-06,5.8291272510566984e-05,1.3007123813725571e-05,1.3709578605790399e-06,0.00012339461917113592,2.9023119851992182e-06,2.7535687821746045e-05
4.785094494835719e-06,0.047425873514159125,5.043476486929152e-07,0.9980732657060567,0.02297737241894287,0.00857748525531428,0.9626731105140616,0.9770226275810572,6.475945666070602e-07,0.047425873514159125,3.9278634073828347e-07,0.002472622943003016,0.4378234991142018,0.3208213073183839,3.9278634073828347e-07,0.2689414213699951,0.1824255149165352,0.0003353500316799018,1.0129987357628251e-05,8.315279285380714e-07,0.0003353500316799018
4.5397852420729034e-05,4.5397852420729034e-05,0.9999869928761862,0.9997388096898188,0.9995694429072771,3.535625493426631e-05,1.760343003490802e-06,0.9999646437450657,0.9998415637640005,0.6224593312018546,0.9995694429072771,0.9995694429072771,0.03732688948593844,0.9998766053808288,0.9995694429072771,8.315279285380714e-07,0.9984988180062319,0.9984988180062319,0.9990889486412498,1.0129987357628251e-05,0.004070137783849419
0.9999970976880148,0.9999251537370122,0.014063626423394072,0.9525741264858409,2.7535687821746045e-05,1.067702997323512e-06,1.067702997323512e-06,1.0129987357628251e-05,0.03732688948593844,1.6701429809483402e-05,7.889264466933239e-06,0.22270013882530884,3.059023363247549e-07,0.014063626423394072,0.010986941578116867,6.144177531850823e-06,0.0011695103004128338,0.0011695103004128338,3.7266388399128017e-06,0.00857748525531428,2.2603251062511995e-06
0.9999977396748937,0.9999417087274893,0.014063626423394072,6.144177531850823e-06,0.5,0.3208213073183839,0.6791786926816161,0.14804719991116141,1.067702997323512e-06,0.4378234991142018,1.3709578605790399e-06,2.7535687821746045e-05,0.0031726830692822717,1.067702997323512e-06,3.535625493426631e-05,0.002472622943003016,1.067702997323512e-06,1.6701429809483402e-05,1.3709578605790399e-06,1.3709578605790399e-06,1.067702997323512e-06
0.9999982396569965,0.4378234991142018,0.997527377056997,0.997527377056997,6.475945666070602e-07,0.0031726830692822717,0.0009110513587503459,0.9046505376715775,0.7310585786300049,1.3007123813725571e-05,6.144177531850823e-06,0.14804719991116141,3.9278634073828347e-07,0.01798621187025419,0.06008665038439803,0.014063626423394072,0.002472622943003016,0.0031726830692822717,3.9278634073828347e-07,0.006692851264816553,0.005220125635523486
0.9990889486412498,0.9999991684720715,0.9999991684720715,0.9999977396748937,0.9999993524054335,0.14804719991116141,3.535625493426631e-05,0.9999546021475793,0.3208213073183839,7.484626298776402e-05,0.9999898700126424,0.9988304896995872,7.889264466933239e-06,0.9999785550413585,1.0129987357628251e-05,0.9999832985701905,0.9999785550413585,0.9706877672877217,0.9999417087274893,0.005220125635523486,7.889264466933239e-06
0.9626731105140616,0.5,3.059023363247549e-07,0.5621765008857981,1.760343003490802e-06,0.5621765008857981,0.09534946232842245,9.610239214580367e-05,3.059023363247549e-07,3.535625493426631e-05,3.059023363247549e-07,2.3823696679343503e-07,0.0031726830692822717,1.3007123813725571e-05,2.1444958641491428e-05,5.043476486929152e-07,0.0015011819937681247,5.043476486929152e-07,1.6701429809483402e-05,1.3709578605790399e-06,6.475945666070602e-07
0.9984988180062319,0.9994472214475559,0.9990889486412498,6.475945666070602e-07,0.010986941578116867,0.00020342704657999323,0.7310585786300049,3.9278634073828347e-07,0.00015843623599953396,0.010986941578116867,9.610239214580367e-05,4.5397852420729034e-05,3.7266388399128017e-06,4.5397852420729034e-05,0.4378234991142018,0.07585817323116975,0.006692851264816553,3.059023363247549e-07,3.535625493426631e-05,5.043476486929152e-07,5.8291272510566984e-05
0.9999982396569965,3.7266388399128017e-06,0.00043055709272278825,0.0003353500316799018,1.760343003490802e-06,5.8291272510566984e-05,1.067702997323512e-06,0.00857748525531428,0.9241418267688302,0.004070137783849419,0.9241418267688302,0.4378234991142018,0.22270013882530884,0.3208213073183839,0.14804719991116141,0.1824255149165352,0.03732688948593844,0.03732688948593844,0.03732688948593844,0.07585817323116975,0.0293122327122782
0.9997965729534201,1.067702997323512e-06,0.6224593312018546,0.00015843623599953396,7.484626298776402e-05,3.535625493426631e-05,0.00857748525531428,8.315279285380714e-07,4.785094494835719e-06,2.1444958641491428e-05,6.475945666070602e-07,0.004070137783849419,0.0003353500316799018,8.315279285380714e-07,3.7266388399128017e-06,4.785094494835719e-06,9.422445939067077e-07,4.785094494835719e-06,4.5397852420729034e-05,0.0005527785524441057,6.475945666070602e-07
0.9999989322970027,1.6701429809483402e-05,0.5621765008857981,1.0129987357628251e-05,0.9999417087274893,0.9998766053808288,0.03732688948593844,0.03732688948593844,0.00015843623599953396,6.144177531850823e-06,9.610239214580367e-05,7.889264466933239e-06,0.00012339461917113592,0.9859363735766059,7.889264466933239e-06,0.001926734293943221,0.0015011819937681247,0.9933071487351834,0.0011695103004128338,1.3007123813725571e-05,0.0015011819937681247
4.5397852420729034e-05,0.7772998611746911,2.9023119851992182e-06,4.785094494835719e-06,0.14804719991116141,3.7266388399128017e-06,0.99966464996832,0.010986941578116867,0.004070137783849419,0.03732688948593844,0.01798621187025419,2.2603251062511995e-06,1.6701429809483402e-05,0.0007096703049020563,0.0005527785524441057,1.3709578605790399e-06,0.0003353500316799018,1.3007123813725571e-05,2.2603251062511995e-06,0.001926734293943221,0.7310585786300049
0.9999982396569965,0.00020342704657999323,6.475945666070602e-07,0.9997388096898188,0.9984988180062319,0.9947798743644766,0.9959298622161507,1.3007123813725571e-05,0.9859363735766059,0.9959298622161507,0.6791786926816161,0.5621765008857981,3.7266388399128017e-06,0.07585817323116975,0.09534946232842245,3.7266388399128017e-06,2.9023119851992182e-06,2.3823696679343503e-07,3.9278634073828347e-07,3.9278634073828347e-07,0.006692851264816553
0.00020342704657999323,0.9859363735766059,7.889264466933239e-06,0.9706877672877217,0.9241418267688302,0.014063626423394072,0.9525741264858409,0.006692851264816553,7.889264466933239e-06,0.1824255149165352,0.9999646437450657,0.9999724643121783,0.9997965729534201,0.14804719991116141,0.22270013882530884,0.00043055709272278825,0.0031726830692822717,6.144177531850823e-06,0.0015011819937681247,0.006692851264816553,0.00043055709272278825
0.0015011819937681247,0.9997965729534201,0.997527377056997,0.9626731105140616,0.37754066879814546,1.3007123813725571e-05,0.0002611903101813263,6.475945666070602e-07,8.315279285380714e-07,0.00020342704657999323,6.144177531850823e-06,5.043476486929152e-07,2.1444958641491428e-05,1.6701429809483402e-05,2.7535687821746045e-05,1.6701429809483402e-05,0.0005527785524441057,1.6701429809483402e-05,0.0009110513587503459,2.1444958641491428e-05,0.00020342704657999323
0.00857748525531428,0.9525741264858409,4.5397852420729034e-05,4.785094494835719e-06,7.484626298776402e-05,2.1444958641491428e-05,2.1444958641491428e-05,1.760343003490802e-06,0.0011695103004128338,0.0011695103004128338,2.1444958641491428e-05,1.760343003490802e-06,7.889264466933239e-06,1.0129987357628251e-05,7.889264466933239e-06,0.00012339461917113592,1.760343003490802e-06,6.144177531850823e-06,1.3709578605790399e-06,1.6701429809483402e-05,4.5397852420729034e-05
7.889264466933239e-06,0.0011695103004128338,1.760343003490802e-06,1.067702997323512e-06,0.0009110513587503459,0.5621765008857981,0.00015843623599953396,0.5,1.3709578605790399e-06,1.760343003490802e-06,0.37754066879814546,1.760343003490802e-06,8.315279285380714e-07,1.3709578605790399e-06,1.3709578605790399e-06,1.3007123813725571e-05,1.3709578605790399e-06,1.6701429809483402e-05,1.6701429809483402e-05,1.3709578605790399e-06,1.6701429809483402e-05
0.99966464996832,0.9999646437450657,4.785094494835719e-06,0.8519528000888387,0.5,0.11920291732853862,2.9023119851992182e-06,0.00015843623599953396,2.2603251062511995e-06,9.610239214580367e-05,0.01798621187025419,2.2603251062511995e-06,1.760343003490802e-06,2.1444958641491428e-05,0.8519528000888387,1.3007123813725571e-05,0.00020342704657999323,0.00020342704657999323,0.0003353500316799018,2.2603251062511995e-06,0.00043055709272278825
0.9995694429072771,1.3007123813725571e-05,0.9890130584218833,3.7266388399128017e-06,4.5397852420729034e-05,0.0002611903101813263,3.7266388399128017e-06,1.760343003490802e-06,2.7535687821746045e-05,6.144177531850823e-06,0.0293122327122782,6.144177531850823e-06,2.2603251062511995e-06,2.2603251062511995e-06,0.014063626423394072,7.889264466933239e-06,4.785094494835719e-06,1.760343003490802e-06,2.2603251062511995e-06,6.144177531850823e-06,1.760343003490802e-06
0.9914225147446858,0.0005527785524441057,0.0293122327122782,6.144177531850823e-06,0.9980732657060567,9.610239214580367e-05,0.00043055709272278825,0.4378234991142018,2.7535687821746045e-05,2.9023119851992182e-06,2.7535687821746045e-05,5.8291272510566984e-05,0.004070137783849419,1.6701429809483402e-05,1.6701429809483402e-05,1.760343003490802e-06,1.3709578605790399e-06,7.889264466933239e-06,7.889264466933239e-06,2.2603251062511995e-06,1.760343003490802e-06
0.9998415637640005,2.2603251062511995e-06,0.99966464996832,0.00857748525531428,2.2603251062511995e-06,9.610239214580367e-05,0.00043055709272278825,1.067702997323512e-06,0.02297737241894287,1.6701429809483402e-05,0.014063626423394072,2.1444958641491428e-05,0.001926734293943221,0.7310585786300049,1.067702997323512e-06,1.067702997323512e-06,0.0002611903101813263,0.0003353500316799018,0.010986941578116867,0.0015011819937681247,1.0129987357628251e-05
0.9999989322970027,2.9023119851992182e-06,2.2603251062511995e-06,0.9997965729534201,0.9999832985701905,0.9999646437450657,0.9980732657060567,0.997527377056997,0.9820137881297458,0.9999938558224682,9.610239214580367e-05,4.785094494835719e-06,2.9023119851992182e-06,0.5,0.9046505376715775,0.7310585786300049,1.6701429809483402e-05,0.4378234991142018,3.535625493426631e-05,0.0003353500316799018,0.1824255149165352
0.6224593312018546,7.889264466933239e-06,0.9999869928761862,0.9997388096898188,3.535625493426631e-05,0.9994472214475559,1.0129987357628251e-05,0.9999785550413585,2.1444958641491428e-05,0.9999938558224682,0.9998766053808288,0.0009110513587503459,0.9399133496156019,0.9706877672877217,0.9999785550413585,0.9046505376715775,0.9980732657060567,1.067702997323512e-06,1.760343003490802e-06,0.0003353500316799018,9.610239214580367e-05
0.9999970976880148,0.5,0.0002611903101813263,0.07585817323116975,4.785094494835719e-06,0.001926734293943221,0.010986941578116867,0.0015011819937681247,0.0015011819937681247,2.2603251062511995e-06,0.001926734293943221,2.2603251062511995e-06,0.00015843623599953396,1.760343003490802e-06,4.5397852420729034e-05,2.7535687821746045e-05,9.610239214580367e-05,0.00012339461917113592,0.9914225147446858,0.0003353500316799018,2.7535687821746045e-05
0.9999938558224682,2.2603251062511995e-06,7.484626298776402e-05,6.475945666070602e-07,6.475945666070602e-07,0.0002611903101813263,0.8807970826714614,5.8291272510566984e-05,0.11920291732853862,1.3007123813725571e-05,5.043476486929152e-07,0.07585817323116975,4.785094494835719e-06,6.475945666070602e-07,0.006692851264816553,1.0129987357628251e-05,4.785094494835719e-06,6.144177531850823e-06,0.0015011819937681247,6.144177531850823e-06,5.715002426492935e-07
0.014063626423394072,2.2603251062511995e-06,0.0007096703049020563,2.2603251062511995e-06,0.0009110513587503459,1.6701429809483402e-05,0.9706877672877217,0.00015843623599953396,0.00012339461917113592,0.00015843623599953396,9.610239214580367e-05,0.7310585786300049,0.37754066879814546,6.144177531850823e-06,5.8291272510566984e-05,5.8291272510566984e-05,2.7535687821746045e-05,3.535625493426631e-05,0.14804719991116141,9.610239214580367e-05,2.9023119851992182e-06
0.9999982396569965,0.9999970976880148,0.00857748525531428,0.9999921107355332,1.0129987357628251e-05,0.07585817323116975,0.0293122327122782,0.01798621187025419,0.9999898700126424,0.9999952149055052,6.144177531850823e-06,0.9999898700126424,0.9770226275810572,0.9999546021475793,0.9399133496156019,0.9999646437450657,0.9998415637640005,0.7772998611746911,0.0005527785524441057,0.9241418267688302,0.0002611903101813263
0.9999989322970027,0.999290329695098,0.997527377056997,0.9947798743644766,4.785094494835719e-06,0.9859363735766059,0.9820137881297458,2.9023119851992182e-06,4.5397852420729034e-05,2.2603251062511995e-06,0.6791786926816161,0.9999546021475793,7.889264466933239e-06,0.9959298622161507,0.3208213073183839,6.475945666070602e-07,0.9994472214475559,1.6701429809483402e-05,1.6701429809483402e-05,7.484626298776402e-05,8.315279285380714e-07
0.9999996072136592,7.484626298776402e-05,0.00015843623599953396,0.9984988180062319,1.6701429809483402e-05,1.0129987357628251e-05,0.997527377056997,0.9999724643121783,0.9999251537370122,0.9770226275810572,0.9994472214475559,2.9023119851992182e-06,0.9241418267688302,0.5,0.9994472214475559,5.8291272510566984e-05,5.8291272510566984e-05,2.9023119851992182e-06,5.8291272510566984e-05,0.9994472214475559,0.6791786926816161
0.9999986290421394,0.9999938558224682,0.9999952149055052,0.9399133496156019,1.760343003490802e-06,0.0031726830692822717,0.5,0.9626731105140616,0.9999832985701905,0.9999785550413585,0.00012339461917113592,8.315279285380714e-07,7.484626298776402e-05,0.0031726830692822717,0.010986941578116867,0.9999251537370122,0.004070137783849419,0.0015011819937681247,0.0011695103004128338,0.0002611903101813263,9.610239214580367e-05
0.00012339461917113592,0.9999417087274893,0.0011695103004128338,0.11920291732853862,0.001926734293943221,7.889264466933239e-06,0.00043055709272278825,0.9984988180062319,0.010986941578116867,0.00015843623599953396,4.5397852420729034e-05,6.144177531850823e-06,0.9770226275810572,6.144177531850823e-06,0.0009110513587503459,5.8291272510566984e-05,3.535625493426631e-05,4.785094494835719e-06,6.144177531850823e-06,7.889264466933239e-06,7.484626298776402e-05
0.02297737241894287,7.889264466933239e-06,1.0129987357628251e-05,0.00012339461917113592,0.999290329695098,0.00020342704657999323,0.9997388096898188,0.00020342704657999323,0.9997388096898188,0.8175744850834648,0.6224593312018546,4.5397852420729034e-05,0.9998415637640005,2.9023119851992182e-06,0.9968273169307178,0.9988304896995872,0.9933071487351834,0.9820137881297458,0.9859363735766059,0.0293122327122782,0.9988304896995872
0.9820137881297458,0.6791786926816161,7.889264466933239e-06,6.144177531850823e-06,0.5621765008857981,2.2603251062511995e-06,0.14804719991116141,0.00015843623599953396,6.475945666070602e-07,0.01798621187025419,2.7535687821746045e-05,2.7535687821746045e-05,0.0011695103004128338,1.3007123813725571e-05,2.7535687821746045e-05,5.043476486929152e-07,1.3709578605790399e-06,7.889264466933239e-06,1.067702997323512e-06,0.002472622943003016,0.0007096703049020563
0.9999986290421394,2.9023119851992182e-06,0.9968273169307178,0.9399133496156019,3.7266388399128017e-06,3.7266388399128017e-06,1.3709578605790399e-06,0.5621765008857981,1.0129987357628251e-05,0.5,0.5,2.2603251062511995e-06,0.3208213073183839,0.22270013882530884,2.9023119851992182e-06,0.010986941578116867,0.0293122327122782,1.5534971990199408e-06,1.760343003490802e-06,0.9046505376715775,1.067702997323512e-06
0.047425873514159125,5.8291272510566984e-05,0.0007096703049020563,0.7772998611746911,0.37754066879814546,2.2603251062511995e-06,0.00012339461917113592,1.0129987357628251e-05,0.001926734293943221,7.484626298776402e-05,0.0007096703049020563,1.3709578605790399e-06,1.6701429809483402e-05,3.7266388399128017e-06,1.067702997323512e-06,1.0129987357628251e-05,7.889264466933239e-06,1.760343003490802e-06,3.7266388399128017e-06,1.3007123813725571e-05,2.2603251062511995e-06
0.9999986290421394,0.005220125635523486,0.00015843623599953396,0.9999417087274893,1.067702997323512e-06,0.9999417087274893,5.043476486929152e-07,0.010986941578116867,5.043476486929152e-07,0.9890130584218833,0.3208213073183839,0.0005527785524441057,1.760343003490802e-06,0.0002611903101813263,2.3823696679343503e-07,0.22270013882530884,2.2603251062511995e-06,0.00020342704657999323,0.06008665038439803,0.0003353500316799018,0.01798621187025419
0.005220125635523486,0.9914225147446858,0.9706877672877217,1.0129987357628251e-05,0.1824255149165352,0.1824255149165352,0.00015843623599953396,7.484626298776402e-05,5.043476486929152e-07,0.07585817323116975,2.2603251062511995e-06,1.0129987357628251e-05,6.144177531850823e-06,2.3823696679343503e-07,0.0009110513587503459,0.0007096703049020563,0.00043055709272278825,1.067702997323512e-06,6.475945666070602e-07,8.315279285380714e-07,1.3007123813725571e-05
0.9999982396569965,0.4378234991142018,2.7535687821746045e-05,0.997527377056997,1.3709578605790399e-06,0.00012339461917113592,0.7772998611746911,0.6224593312018546,6.144177531850823e-06,0.8175744850834648,0.02297737241894287,0.0031726830692822717,0.002472622943003016,1.0129987357628251e-05,3.7266388399128017e-06,3.7266388399128017e-06,6.475945666070602e-07,5.043476486929152e-07,0.005220125635523486,0.02297737241894287,0.0003353500316799018
0.014063626423394072,0.9988304896995872,2.9023119851992182e-06,0.9998415637640005,0.9933071487351834,0.9998415637640005,0.9998766053808288,3.7266388399128017e-06,2.9023119851992182e-06,0.9999898700126424,1.760343003490802e-06,1.760343003490802e-06,0.9999251537370122,1.0129987357628251e-05,0.5621765008857981,8.315279285380714e-07,7.889264466933239e-06,7.889264466933239e-06,1.067702997323512e-06,0.9990889486412498,0.3208213073183839
0.9999938558224682,7.889264466933239e-06,0.02297737241894287,0.9626731105140616,6.144177531850823e-06,4.785094494835719e-06,0.37754066879814546,0.006692851264816553,0.9999832985701905,0.1824255149165352,0.9999417087274893,0.00857748525531428,0.006692851264816553,0.006692851264816553,0.00043055709272278825,3.7266388399128017e-06,0.9994472214475559,0.00012339461917113592,0.00015843623599953396,4.785094494835719e-06,0.004070137783849419
0.997527377056997,0.37754066879814546,0.00020342704657999323,0.9999417087274893,0.9999417087274893,9.610239214580367e-05,0.9997388096898188,4.5397852420729034e-05,0.0003353500316799018,0.00043055709272278825,5.8291272510566984e-05,0.00015843623599953396,2.1444958641491428e-05,9.610239214580367e-05,7.484626298776402e-05,3.535625493426631e-05,0.00020342704657999323,1.3007123813725571e-05,0.00012339461917113592,0.0009110513587503459,1.760343003490802e-06
0.9997965729534201,0.5,3.7266388399128017e-06,1.0129987357628251e-05,0.01798621187025419,0.11920291732853862,0.047425873514159125,0.9999038976078543,0.001926734293943221,0.9998766053808288,0.00857748525531428,4.785094494835719e-06,0.002472622943003016,4.785094494835719e-06,0.005220125635523486,0.9933071487351834,0.9933071487351834,0.0007096703049020563,2.9023119851992182e-06,0.0007096703049020563,1.3709578605790399e-06
7.484626298776402e-05,0.0002611903101813263,2.9023119851992182e-06,0.9626731105140616,4.5397852420729034e-05,1.6701429809483402e-05,0.00015843623599953396,2.2603251062511995e-06,0.22270013882530884,0.00020342704657999323,0.047425873514159125,1.3007123813725571e-05,1.3709578605790399e-06,0.006692851264816553,4.785094494835719e-06,1.0129987357628251e-05,2.2603251062511995e-06,3.7266388399128017e-06,3.7266388399128017e-06,7.889264466933239e-06,0.0007096703049020563
0.9999991684720715,7.889264466933239e-06,3.7266388399128017e-06,0.9968273169307178,4.5397852420729034e-05,0.9999038976078543,0.00012339461917113592,0.9999724643121783,0.9399133496156019,0.9999546021475793,0.6791786926816161,0.4378234991142018,0.09534946232842245,0.9990889486412498,1.6701429809483402e-05,0.9995694429072771,0.9999038976078543,0.999290329695098,0.014063626423394072,2.1444958641491428e-05,0.9933071487351834
0.9626731105140616,6.144177531850823e-06,1.3709578605790399e-06,1.3709578605790399e-06,0.0015011819937681247,0.6224593312018546,0.0002611903101813263,2.2603251062511995e-06,0.00012339461917113592,0.001926734293943221,9.610239214580367e-05,3.7266388399128017e-06,0.00015843623599953396,1.3709578605790399e-06,0.03732688948593844,1.067702997323512e-06,2.7535687821746045e-05,2.2603251062511995e-06,0.0031726830692822717,0.00015843623599953396,3.9278634073828347e-07
0.9999724643121783,0.9998415637640005,1.067702997323512e-06,0.0031726830692822717,8.315279285380714e-07,0.00043055709272278825,0.00043055709272278825,0.9994472214475559,6.475945666070602e-07,0.02297737241894287,7.484626298776402e-05,8.315279285380714e-07,2.7535687821746045e-05,0.0009110513587503459,0.9859363735766059,6.475945666070602e-07,2.1444958641491428e-05,2.1444958641491428e-05,2.1444958641491428e-05,2.7535687821746045e-05,3.535625493426631e-05
0.9999038976078543,0.997527377056997,3.7266388399128017e-06,0.9995694429072771,1.3007123813725571e-05,0.047425873514159125,5.043476486929152e-07,0.1824255149165352,0.06008665038439803,0.9988304896995872,2.9023119851992182e-06,2.9023119851992182e-06,3.059023363247549e-07,3.059023363247549e-07,0.1824255149165352,0.9399133496156019,0.002472622943003016,1.3709578605790399e-06,0.22270013882530884,3.7266388399128017e-06,2.3823696679343503e-07
4.5397852420729034e-05,0.9890130584218833,3.7266388399128017e-06,0.9525741264858409,2.9023119851992182e-06,0.7772998611746911,7.889264466933239e-06,0.9046505376715775,0.6224593312018546,0.6791786926816161,0.14804719991116141,2.9023119851992182e-06,0.7772998611746911,0.07585817323116975,0.9525741264858409,1.067702997323512e-06,0.5,0.010986941578116867,0.010986941578116867,2.2603251062511995e-06,8.315279285380714e-07
0.01798621187025419,0.9999938558224682,0.9999938558224682,0.999290329695098,1.760343003490802e-06,1.760343003490802e-06,0.997527377056997,0.014063626423394072,0.00857748525531428,0.00020342704657999323,0.001926734293943221,0.9706877672877217,0.0005527785524441057,5.8291272510566984e-05,0.00043055709272278825,0.9890130584218833,1.3007123813725571e-05,2.1444958641491428e-05,5.043476486929152e-07,0.9933071487351834,6.475945666070602e-07
0.9959298622161507,4.785094494835719e-06,0.3208213073183839,4.785094494835719e-06,0.5,6.144177531850823e-06,7.484626298776402e-05,0.9997965729534201,0.004070137783849419,7.484626298776402e-05,6.144177531850823e-06,0.006692851264816553,0.9859363735766059,0.9820137881297458,0.9890130584218833,3.535625493426631e-05,2.1444958641491428e-05,0.00012339461917113592,3.7266388399128017e-06,4.5397852420729034e-05,2.2603251062511995e-06
0.9999977396748937,0.9999952149055052,2.2603251062511995e-06,2.9023119851992182e-06,0.00020342704657999323,0.00857748525531428,0.9999546021475793,7.484626298776402e-05,0.14804719991116141,3.7266388399128017e-06,0.9998415637640005,0.9998415637640005,0.001926734293943221,0.9990889486412498,1.6701429809483402e-05,0.00012339461917113592,1.3709578605790399e-06,1.0129987357628251e-05,0.997527377056997,0.0031726830692822717,2.7535687821746045e-05
0.9999977396748937,0.9241418267688302,1.3709578605790399e-06,1.760343003490802e-06,0.9968273169307178,1.6701429809483402e-05,0.002472622943003016,0.9859363735766059,1.3007123813725571e-05,0.001926734293943221,3.7266388399128017e-06,0.11920291732853862,0.0293122327122782,0.047425873514159125,0.047425873514159125,0.0293122327122782,0.006692851264816553,5.8291272510566984e-05,2.9023119851992182e-06,5.043476486929152e-07,3.535625493426631e-05
0.9706877672877217,0.047425873514159125,0.9859363735766059,6.475945666070602e-07,0.00015843623599953396,1.8553914607279396e-07,0.14804719991116141,3.7266388399128017e-06,0.09534946232842245,0.03732688948593844,1.3709578605790399e-06,1.125351754703302e-07,1.3709578605790399e-06,1.4449802095675026e-07,8.315279285380714e-07,0.0005527785524441057,1.3709578605790399e-06,8.315279285380714e-07,0.00020342704657999323,6.144177531850823e-06,0.00043055709272278825
0.6224593312018546,0.9997388096898188,0.9988304896995872,4.785094494835719e-06,2.9023119851992182e-06,9.610239214580367e-05,1.760343003490802e-06,0.5,2.1444958641491428e-05,0.6224593312018546,1.067702997323512e-06,3.535625493426631e-05,4.5397852420729034e-05,0.00012339461917113592,4.5397852420729034e-05,7.889264466933239e-06,4.5397852420729034e-05,6.144177531850823e-06,5.8291272510566984e-05,7.484626298776402e-05,3.7266388399128017e-06
0.5621765008857981,0.9998415637640005,0.2689414213699951,0.0009110513587503459,0.06008665038439803,1.3709578605790399e-06,0.01798621187025419,0.9988304896995872,0.9988304896995872,1.3709578605790399e-06,0.001926734293943221,5.8291272510566984e-05,7.484626298776402e-05,1.760343003490802e-06,0.0009110513587503459,0.0005527785524441057,0.9706877672877217,0.00015843623599953396,0.9399133496156019,0.0005527785524441057,0.6224593312018546
0.00857748525531428,0.00020342704657999323,0.9626731105140616,0.9241418267688302,0.01798621187025419,0.4378234991142018,1.760343003490802e-06,1.067702997323512e-06,0.02297737241894287,0.00020342704657999323,2.1444958641491428e-05,4.5397852420729034e-05,2.1444958641491428e-05,8.315279285380714e-07,2.7535687821746045e-05,0.00043055709272278825,0.0003353500316799018,0.00043055709272278825,1.3709578605790399e-06,2.7535687821746045e-05,0.00043055709272278825
0.997527377056997,1.760343003490802e-06,0.9995694429072771,0.9241418267688302,1.760343003490802e-06,0.9984988180062319,4.5397852420729034e-05,3.535625493426631e-05,3.535625493426631e-05,0.9770226275810572,6.475945666070602e-07,0.047425873514159125,0.002472622943003016,7.889264466933239e-06,1.0129987357628251e-05,7.889264466933239e-06,7.889264466933239e-06,0.22270013882530884,6.144177531850823e-06,5.8291272510566984e-05,0.03732688948593844
0.00012339461917113592,0.0007096703049020563,0.9997965729534201,0.0002611903101813263,0.0002611903101813263,0.9999869928761862,0.9999251537370122,1.0129987357628251e-05,0.9999898700126424,0.9999898700126424,0.9999038976078543,0.9999646437450657,0.37754066879814546,0.4378234991142018,0.9998766053808288,0.9997965729534201,0.9998766053808288,2.9023119851992182e-06,2.7535687821746045e-05,0.1824255149165352,0.06008665038439803
0.9999646437450657,0.9980732657060567,1.0129987357628251e-05,1.3007123813725571e-05,0.9859363735766059,0.0293122327122782,0.9770226275810572,7.889264466933239e-06,0.5,0.9999646437450657,0.9999724643121783,0.0011695103004128338,0.0009110513587503459,0.001926734293943221,0.0031726830692822717,0.0005527785524441057,0.0007096703049020563,0.0003353500316799018,3.7266388399128017e-06,0.0005527785524441057,0.9933071487351834
0.03732688948593844,0.9999646437450657,5.8291272510566984e-05,5.043476486929152e-07,0.047425873514159125,6.475945666070602e-07,0.0009110513587503459,3.9278634073828347e-07,7.889264466933239e-06,0.9626731105140616,0.7772998611746911,0.00015843623599953396,3.7266388399128017e-06,2.9023119851992182e-06,0.22270013882530884,0.014063626423394072,0.06008665038439803,0.02297737241894287,3.466327450774257e-07,0.07585817323116975,3.9278634073828347e-07
9.610239214580367e-05,2.9023119851992182e-06,0.9980732657060567,3.7266388399128017e-06,0.9999898700126424,0.9999832985701905,0.9999898700126424,0.9914225147446858,0.9999251537370122,4.785094494835719e-06,0.9990889486412498,0.9999546021475793,1.0129987357628251e-05,1.3709578605790399e-06,4.5397852420729034e-05,1.067702997323512e-06,0.9980732657060567,0.999290329695098,8.315279285380714e-07,0.5621765008857981,0.9947798743644766
0.06008665038439803,0.9999869928761862,0.11920291732853862,0.11920291732853862,0.9968273169307178,0.07585817323116975,0.9914225147446858,5.8291272510566984e-05,0.00015843623599953396,0.014063626423394072,0.9890130584218833,0.00012339461917113592,0.9525741264858409,0.0011695103004128338,4.5397852420729034e-05,2.2603251062511995e-06,0.7772998611746911,0.6224593312018546,4.5397852420729034e-05,2.2603251062511995e-06,2.1444958641491428e-05
0.9999986290421394,6.144177531850823e-06,0.9241418267688302,0.9999417087274893,0.5621765008857981,0.9997388096898188,0.99966464996832,4.785094494835719e-06,2.9023119851992182e-06,0.047425873514159125,0.0293122327122782,0.9914225147446858,0.0031726830692822717,0.0031726830692822717,0.001926734293943221,0.001926734293943221,1.067702997323512e-06,0.0007096703049020563,3.535625493426631e-05,0.0011695103004128338,1.760343003490802e-06
0.9999938558224682,2.7535687821746045e-05,0.9999952149055052,0.999290329695098,0.9999785550413585,0.9999724643121783,0.9999898700126424,0.00020342704657999323,0.997527377056997,0.9999251537370122,0.9998766053808288,0.9999646437450657,1.760343003490802e-06,1.760343003490802e-06,0.999290329695098,0.9999417087274893,2.7535687821746045e-05,0.9999646437450657,0.6791786926816161,9.610239214580367e-05,0.8807970826714614
