0,1,2,3,4,5,6,7,8,9,10,11,12,13,14,15,16,17,18,19,20
0.9999994956523514,1.6918979223288786e-10,8.315279285380714e-07,1.0129987357628251e-05,1.0129987357628251e-05,1.6701429809483402e-05,9.237449576640118e-09,0.0015011819937681247,1.6701429809483402e-05,1.955568070542584e-08,2.5436656473762755e-13,4.5397852420729034e-05,1.0129987357628251e-05,4.363462233903899e-09,3.7266388399128017e-06,9.237449576640118e-09,0.00020342704657999323,3.3982678079468468e-09,6.144177531850823e-06,2.2603251062511995e-06,7.194132978569833e-09
0.999999999782756,0.37754066879814546,6.825603724121505e-08,1.760343003490802e-06,2.9023119851992182e-06,2.1444958641491428e-05,5.3157849718487075e-08,3.9278634073828347e-07,4.1937956583777856e-13,4.363462233903899e-09,5.384940217751136e-13,8.764248496102855e-08,1.125351754703302e-07,1.8553914607279396e-07,5.043476486929152e-07,5.384940217751136e-13,5.384940217751136e-13,1.522997951276035e-08,4.363462233903899e-09,5.384940217751136e-13,5.384940217751136e-13
0.5,1.522997951276035e-08,4.847368706035286e-11,1.0129987357628251e-05,0.002472622943003016,1.3709578605790399e-06,0.006692851264816553,1.6701429809483402e-05,0.9998766053808288,6.144177531850823e-06,5.109089028037223e-12,1.6701429809483402e-05,0.0003353500316799018,6.560200168110742e-12,0.00012339461917113592,0.8807970826714614,0.0015011819937681247,1.4449802095675026e-07,0.00012339461917113592,3.059023363247549e-07,6.144177531850823e-06
0.9999999966017321,0.0009110513587503459,3.7266388399128017e-06,8.423463754397692e-12,0.9984988180062319,0.0005527785524441057,0.0005527785524441057,8.423463754397692e-12,0.00020342704657999323,1.0129987357628251e-05,0.9241418267688302,6.144177531850823e-06,0.7310585786300049,2.7535687821746045e-05,1.0815941557168708e-11,7.484626298776402e-05,2.7535687821746045e-05,4.5397852420729034e-05,0.5,5.043476486929152e-07,0.047425873514159125
0.9999999999377585,1.3176514268359263e-10,0.00012339461917113592,0.2689414213699951,0.010986941578116867,0.9999724643121783,0.01798621187025419,6.914400106935422e-13,0.00012339461917113592,0.006692851264816553,6.914400106935422e-13,7.484626298776402e-05,0.9933071487351834,4.1937956583777856e-13,0.9994472214475559,4.1937956583777856e-13,4.1937956583777856e-13,0.9959298622161507,6.914400106935422e-13,3.2661313427863805e-13,1.6701429809483402e-05
0.9990889486412498,1.067702997323512e-06,6.560200168110742e-12,7.582560422162384e-10,2.7535687821746045e-05,1.1399918530430558e-12,2.7894680920908113e-10,1.6918979223288786e-10,4.599055376537186e-10,4.599055376537186e-10,3.2241866333029355e-08,1.8553914607279396e-07,5.384940217751136e-13,1.3709578605790399e-06,6.914400106935422e-13,2.5109990926928157e-08,9.237449576640118e-09,4.1399375473943306e-08,4.1937956583777856e-13,8.764248496102855e-08,1.955568070542584e-08
7.484626298776402e-05,1.8553914607279396e-07,6.224144622520382e-11,5.384940217751136e-13,1.6918979223288786e-10,1.2501528648238603e-09,2.646573631904765e-09,3.581747929000289e-10,4.363462233903899e-09,1.760343003490802e-06,2.2603251062511995e-06,3.059023363247549e-07,2.1724399346070676e-10,8.764248496102855e-08,1.6052280526088547e-09,1.4449802095675026e-07,1.6918979223288786e-10,1.1861120010657661e-08,6.224144622520382e-11,6.224144622520382e-11,7.582560422162384e-10
0.8807970826714614,1.0129987357628251e-05,3.098819138712223e-12,4.363462233903899e-09,1.8795288165355504e-12,1.4637785141237664e-12,3.098819138712223e-12,5.043476486929152e-07,3.2241866333029355e-08,1.4637785141237664e-12,2.7894680920908113e-10,2.646573631904765e-09,1.6918979223288786e-10,4.1399375473943306e-08,8.764248496102855e-08,1.1399918530430558e-12,7.582560422162384e-10,6.914400106935422e-13,7.194132978569833e-09,2.7894680920908113e-10,3.3982678079468468e-09
0.9998766053808288,4.847368706035286e-11,6.914400106935422e-13,0.00012339461917113592,5.60279640614594e-09,1.0129987357628251e-05,2.7535687821746045e-05,7.582560422162384e-10,8.315279285380714e-07,1.9810087980485874e-13,8.315279285380714e-07,0.00012339461917113592,1.2015425731770343e-13,0.00012339461917113592,5.3157849718487075e-08,1.9810087980485874e-13,3.7266388399128017e-06,2.5436656473762755e-13,1.9810087980485874e-13,1.2015425731770343e-13,3.581747929000289e-10
0.999999974890009,1.3709578605790399e-06,3.059023363247549e-07,3.7266388399128017e-06,6.825603724121505e-08,0.002472622943003016,0.010986941578116867,0.010986941578116867,1.8553914607279396e-07,1.4449802095675026e-07,1.4637785141237664e-12,0.0009110513587503459,0.00020342704657999323,5.043476486929152e-07,5.043476486929152e-07,8.878265478451776e-13,1.125351754703302e-07,3.2241866333029355e-08,1.522997951276035e-08,2.7535687821746045e-05,5.043476486929152e-07
0.9999999999821676,0.9999998874648245,6.560200168110742e-12,0.9999991684720715,0.0293122327122782,0.99999627336116,1.0129987357628251e-05,0.07585817323116975,0.9999546021475793,3.978962535821407e-12,0.0009110513587503459,1.1399918530430558e-12,0.9999724643121783,8.878265478451776e-13,1.4637785141237664e-12,0.006692851264816553,2.7535687821746045e-05,0.002472622943003016,0.010986941578116867,1.6701429809483402e-05,0.9959298622161507
0.9999999586006244,0.01798621187025419,5.60279640614594e-09,1.1861120010657661e-08,1.1861120010657661e-08,7.484626298776402e-05,7.194132978569833e-09,3.3982678079468468e-09,0.0009110513587503459,0.00020342704657999323,0.00012339461917113592,5.384940217751136e-13,1.3176514268359263e-10,7.194132978569833e-09,2.1724399346070676e-10,3.3982678079468468e-09,3.581747929000289e-10,1.0261879630648829e-10,1.6918979223288786e-10,1.1861120010657661e-08,4.847368706035286e-11
0.9984988180062319,3.7266388399128017e-06,7.484626298776402e-05,4.5397852420729034e-05,5.8291272510566984e-05,2.5436656473762755e-13,3.2661313427863805e-13,2.5436656473762755e-13,2.0611536181902033e-09,2.0611536181902033e-09,1.3007123813725571e-05,2.3823696679343503e-07,4.363462233903899e-09,1.2501528648238603e-09,3.3982678079468468e-09,1.4637785141237664e-12,9.736200303530205e-10,5.043476486929152e-07,8.878265478451776e-13,1.1399918530430558e-12,2.0611536181902033e-09
3.775134544136581e-11,3.3982678079468468e-09,3.978962535821407e-12,4.420228103640978e-14,1.7832472907828393e-11,5.6756852326324e-14,1.7832472907828393e-11,2.940077739198032e-11,3.442477108469858e-14,1.522997951276035e-08,3.442477108469858e-14,1.2501528648238603e-09,2.7894680920908113e-10,6.560200168110742e-12,3.3982678079468468e-09,2.08796791164589e-14,6.560200168110742e-12,8.423463754397692e-12,4.599055376537186e-10,6.560200168110742e-12,5.109089028037223e-12
0.9959298622161507,2.4133627718273893e-12,8.878265478451776e-13,1.8795288165355504e-12,3.978962535821407e-12,5.043476486929152e-07,1.0815941557168708e-11,1.8553914607279396e-07,1.0261879630648829e-10,1.3176514268359263e-10,1.0261879630648829e-10,7.991959892315218e-11,1.9810087980485874e-13,2.5436656473762755e-13,1.9810087980485874e-13,6.560200168110742e-12,6.224144622520382e-11,3.2661313427863805e-13,9.736200303530205e-10,1.2501528648238603e-09,1.0815941557168708e-11
1.6701429809483402e-05,0.0003353500316799018,2.7894680920908113e-10,1.0129987357628251e-05,3.978962535821407e-12,1.0261879630648829e-10,5.043476486929152e-07,4.1937956583777856e-13,4.599055376537186e-10,5.3157849718487075e-08,2.4133627718273893e-12,2.5436656473762755e-13,1.3887943864771146e-11,6.560200168110742e-12,3.978962535821407e-12,2.1724399346070676e-10,4.847368706035286e-11,9.736200303530205e-10,8.878265478451776e-13,1.7832472907828393e-11,9.3576229688393e-14
0.1824255149165352,0.9999986290421394,0.7310585786300049,2.2603251062511995e-06,1.6701429809483402e-05,2.5436656473762755e-13,0.9959298622161507,0.00012339461917113592,0.00020342704657999323,4.1937956583777856e-13,4.5397852420729034e-05,1.6701429809483402e-05,0.00012339461917113592,0.0003353500316799018,0.0015011819937681247,1.6701429809483402e-05,2.7535687821746045e-05,0.9241418267688302,7.484626298776402e-05,1.3709578605790399e-06,8.315279285380714e-07
0.999999999782756,0.010986941578116867,0.2689414213699951,0.37754066879814546,0.0009110513587503459,3.775134544136581e-11,0.11920291732853862,0.0009110513587503459,2.2897348455931243e-11,0.0005527785524441057,2.7535687821746045e-05,2.7535687821746045e-05,3.098819138712223e-12,0.002472622943003016,0.00012339461917113592,0.9984988180062319,2.7535687821746045e-05,0.9990889486412498,1.0815941557168708e-11,1.3887943864771146e-11,0.002472622943003016
0.999999999868235,0.9999999907625504,3.775134544136581e-11,0.9241418267688302,0.7310585786300049,1.7832472907828393e-11,0.5,0.006692851264816553,0.004070137783849419,0.07585817323116975,8.423463754397692e-12,0.0015011819937681247,0.9999251537370122,0.004070137783849419,0.9997965729534201,0.0015011819937681247,1.0129987357628251e-05,1.3709578605790399e-06,3.978962535821407e-12,5.109089028037223e-12,2.7535687821746045e-05
0.00020342704657999323,7.194132978569833e-09,0.0003353500316799018,1.1399918530430558e-12,1.6701429809483402e-05,2.0611536181902033e-09,7.991959892315218e-11,6.914400106935422e-13,5.905303995456778e-10,7.991959892315218e-11,1.8553914607279396e-07,1.6918979223288786e-10,9.736200303530205e-10,6.560200168110742e-12,8.764248496102855e-08,3.2241866333029355e-08,8.423463754397692e-12,3.775134544136581e-11,5.3157849718487075e-08,6.560200168110742e-12,1.522997951276035e-08
0.9994472214475559,4.1399375473943306e-08,2.940077739198032e-11,7.582560422162384e-10,6.224144622520382e-11,2.2897348455931243e-11,8.315279285380714e-07,1.3887943864771146e-11,2.940077739198032e-11,1.522997951276035e-08,5.6756852326324e-14,3.3982678079468468e-09,2.08796791164589e-14,2.940077739198032e-11,1.2015425731770343e-13,2.2897348455931243e-11,6.825603724121505e-08,6.825603724121505e-08,6.224144622520382e-11,1.0261879630648829e-10,1.125351754703302e-07
0.002472622943003016,0.9890130584218833,0.00020342704657999323,0.01798621187025419,1.3709578605790399e-06,7.194132978569833e-09,1.125351754703302e-07,0.0015011819937681247,0.0005527785524441057,3.2241866333029355e-08,1.3709578605790399e-06,1.9810087980485874e-13,1.955568070542584e-08,4.1937956583777856e-13,1.125351754703302e-07,1.0129987357628251e-05,6.144177531850823e-06,2.5109990926928157e-08,6.825603724121505e-08,6.914400106935422e-13,3.2661313427863805e-13
0.9999999996418252,0.7310585786300049,0.37754066879814546,4.363462233903899e-09,1.4637785141237664e-12,3.098819138712223e-12,1.522997951276035e-08,0.1824255149165352,6.825603724121505e-08,1.3709578605790399e-06,6.475945666070602e-07,2.3823696679343503e-07,2.2603251062511995e-06,1.1861120010657661e-08,1.3709578605790399e-06,1.522997951276035e-08,8.878265478451776e-13,8.878265478451776e-13,4.1399375473943306e-08,8.315279285380714e-07,0.00012339461917113592
0.7310585786300049,4.363462233903899e-09,2.940077739198032e-11,1.3176514268359263e-10,1.3176514268359263e-10,1.3709578605790399e-06,4.1937956583777856e-13,4.599055376537186e-10,1.0815941557168708e-11,1.125351754703302e-07,4.847368706035286e-11,9.3576229688393e-14,1.5428112031916497e-13,6.560200168110742e-12,7.287724095819161e-14,9.3576229688393e-14,1.2015425731770343e-13,2.0611536181902033e-09,6.560200168110742e-12,1.3176514268359263e-10,7.991959892315218e-11
0.9999999999200804,2.0611536181902033e-09,0.9999898700126424,0.1824255149165352,0.004070137783849419,0.01798621187025419,4.847368706035286e-11,7.484626298776402e-05,0.00020342704657999323,0.99966464996832,1.3887943864771146e-11,0.00012339461917113592,6.144177531850823e-06,6.144177531850823e-06,0.0009110513587503459,2.2897348455931243e-11,1.0815941557168708e-11,0.0003353500316799018,0.0005527785524441057,0.6224593312018546,1.6701429809483402e-05
0.99999627336116,0.7310585786300049,2.2603251062511995e-06,8.315279285380714e-07,6.914400106935422e-13,2.5436656473762755e-13,2.5436656473762755e-13,3.9278634073828347e-07,2.7535687821746045e-05,6.914400106935422e-13,2.7535687821746045e-05,2.0611536181902033e-09,1.522997951276035e-08,4.1399375473943306e-08,4.1399375473943306e-08,1.8553914607279396e-07,5.3157849718487075e-08,8.315279285380714e-07,8.315279285380714e-07,3.3982678079468468e-09,4.363462233903899e-09
0.9998766053808288,7.484626298776402e-05,5.043476486929152e-07,2.1724399346070676e-10,3.9278634073828347e-07,6.825603724121505e-08,1.5428112031916497e-13,2.0611536181902033e-09,1.5428112031916497e-13,1.4449802095675026e-07,1.6918979223288786e-10,2.1724399346070676e-10,5.905303995456778e-10,5.60279640614594e-09,2.7894680920908113e-10,7.287724095819161e-14,4.363462233903899e-09,4.363462233903899e-09,2.646573631904765e-09,7.991959892315218e-11,1.0261879630648829e-10
0.9999994956523514,1.7832472907828393e-11,4.847368706035286e-11,7.582560422162384e-10,6.144177531850823e-06,7.582560422162384e-10,4.420228103640978e-14,9.736200303530205e-10,3.581747929000289e-10,5.905303995456778e-10,7.582560422162384e-10,6.825603724121505e-08,5.905303995456778e-10,7.582560422162384e-10,6.224144622520382e-11,9.3576229688393e-14,4.1399375473943306e-08,1.522997951276035e-08,1.125351754703302e-07,3.775134544136581e-11,5.6756852326324e-14
0.9998766053808288,0.8175744850834648,0.010986941578116867,6.825603724121505e-08,4.5397852420729034e-05,2.7535687821746045e-05,0.010986941578116867,1.1861120010657661e-08,3.2241866333029355e-08,3.2241866333029355e-08,5.3157849718487075e-08,2.2603251062511995e-06,2.9023119851992182e-06,1.522997951276035e-08,3.2241866333029355e-08,1.0129987357628251e-05,3.2241866333029355e-08,1.760343003490802e-06,7.484626298776402e-05,5.384940217751136e-13,6.914400106935422e-13
0.999999998394772,0.1824255149165352,1.1861120010657661e-08,1.8795288165355504e-12,0.00020342704657999323,1.125351754703302e-07,0.00020342704657999323,0.00020342704657999323,1.2501528648238603e-09,0.0003353500316799018,2.1724399346070676e-10,2.7535687821746045e-05,1.3709578605790399e-06,2.2603251062511995e-06,2.7535687821746045e-05,2.7535687821746045e-05,3.059023363247549e-07,8.315279285380714e-07,8.878265478451776e-13,2.0611536181902033e-09,3.3982678079468468e-09
7.484626298776402e-05,0.9999832985701905,1.5428112031916497e-13,1.5428112031916497e-13,2.2603251062511995e-06,0.9525741264858409,5.384940217751136e-13,1.6701429809483402e-05,4.1937956583777856e-13,6.914400106935422e-13,1.9810087980485874e-13,1.5428112031916497e-13,2.5436656473762755e-13,1.125351754703302e-07,5.384940217751136e-13,2.5436656473762755e-13,0.37754066879814546,2.5436656473762755e-13,1.0129987357628251e-05,0.0015011819937681247,3.2661313427863805e-13
0.11920291732853862,2.7535687821746045e-05,0.004070137783849419,1.125351754703302e-07,5.384940217751136e-13,3.2661313427863805e-13,1.125351754703302e-07,7.194132978569833e-09,4.5397852420729034e-05,2.5109990926928157e-08,4.1399375473943306e-08,3.581747929000289e-10,9.237449576640118e-09,9.237449576640118e-09,2.7894680920908113e-10,2.1724399346070676e-10,3.059023363247549e-07,5.3157849718487075e-08,4.599055376537186e-10,2.5436656473762755e-13,5.905303995456778e-10
0.01798621187025419,0.1824255149165352,1.3709578605790399e-06,0.004070137783849419,1.5428112031916497e-13,2.5436656473762755e-13,3.2661313427863805e-13,0.0003353500316799018,6.144177531850823e-06,3.2661313427863805e-13,4.1399375473943306e-08,7.582560422162384e-10,5.905303995456778e-10,3.581747929000289e-10,1.6701429809483402e-05,4.785094494835719e-06,1.1861120010657661e-08,2.5436656473762755e-13,6.144177531850823e-06,2.2603251062511995e-06,2.646573631904765e-09
2.1724399346070676e-10,3.7266388399128017e-06,6.560200168110742e-12,7.287724095819161e-14,4.599055376537186e-10,1.6052280526088547e-09,1.6052280526088547e-09,2.7894680920908113e-10,5.905303995456778e-10,5.905303995456778e-10,7.582560422162384e-10,3.581747929000289e-10,1.1861120010657661e-08,1.2015425731770343e-13,5.60279640614594e-09,1.9810087980485874e-13,3.775134544136581e-11,1.5428112031916497e-13,1.0261879630648829e-10,1.5428112031916497e-13,2.646573631904765e-09
3.059023363247549e-07,1.6701429809483402e-05,1.3709578605790399e-06,5.384940217751136e-13,0.37754066879814546,7.194132978569833e-09,9.237449576640118e-09,3.059023363247549e-07,3.3982678079468468e-09,3.7266388399128017e-06,2.646573631904765e-09,2.0611536181902033e-09,1.5428112031916497e-13,1.9810087980485874e-13,1.2015425731770343e-13,4.599055376537186e-10,9.736200303530205e-10,7.582560422162384e-10,2.5109990926928157e-08,7.582560422162384e-10,4.5397852420729034e-05
0.9525741264858409,5.8291272510566984e-05,2.646573631904765e-09,7.582560422162384e-10,1.0261879630648829e-10,2.7894680920908113e-10,2.5109990926928157e-08,7.582560422162384e-10,2.1724399346070676e-10,2.0611536181902033e-09,5.60279640614594e-09,2.7894680920908113e-10,6.914400106935422e-13,6.224144622520382e-11,5.905303995456778e-10,1.0261879630648829e-10,2.0611536181902033e-09,6.914400106935422e-13,8.878265478451776e-13,1.3176514268359263e-10,2.7894680920908113e-10
0.00020342704657999323,0.2689414213699951,8.423463754397692e-12,2.3823696679343503e-07,1.4637785141237664e-12,1.6701429809483402e-05,4.785094494835719e-06,2.9023119851992182e-06,1.6701429809483402e-05,5.60279640614594e-09,1.3709578605790399e-06,1.8553914607279396e-07,1.3709578605790399e-06,3.7266388399128017e-06,2.7894680920908113e-10,8.878265478451776e-13,2.2603251062511995e-06,8.315279285380714e-07,3.059023363247549e-07,1.3176514268359263e-10,3.2241866333029355e-08
0.004070137783849419,0.999999814460854,0.9241418267688302,3.978962535821407e-12,1.4637785141237664e-12,0.9997965729534201,1.0129987357628251e-05,0.9990889486412498,0.01798621187025419,5.109089028037223e-12,3.7266388399128017e-06,0.0003353500316799018,0.9933071487351834,7.484626298776402e-05,0.00012339461917113592,3.7266388399128017e-06,0.00012339461917113592,0.0009110513587503459,1.8795288165355504e-12,8.315279285380714e-07,1.4637785141237664e-12
0.9999994956523514,0.004070137783849419,1.2501528648238603e-09,1.4637785141237664e-12,2.5109990926928157e-08,1.0129987357628251e-05,1.0261879630648829e-10,1.6918979223288786e-10,7.484626298776402e-05,2.1724399346070676e-10,1.1399918530430558e-12,2.4133627718273893e-12,6.914400106935422e-13,8.315279285380714e-07,1.1399918530430558e-12,1.2501528648238603e-09,3.7266388399128017e-06,2.1724399346070676e-10,3.098819138712223e-12,8.315279285380714e-07,8.315279285380714e-07
0.9999999999515263,0.99999627336116,0.00020342704657999323,0.9525741264858409,8.315279285380714e-07,0.6224593312018546,0.11920291732853862,1.0129987357628251e-05,1.8553914607279396e-07,1.6701429809483402e-05,1.8553914607279396e-07,2.2603251062511995e-06,6.144177531850823e-06,1.1399918530430558e-12,8.315279285380714e-07,2.646573631904765e-09,1.8553914607279396e-07,1.125351754703302e-07,5.043476486929152e-07,3.059023363247549e-07,1.6701429809483402e-05
0.9999999907625504,6.475945666070602e-07,1.5428112031916497e-13,2.940077739198032e-11,3.3982678079468468e-09,5.3157849718487075e-08,1.2501528648238603e-09,4.599055376537186e-10,1.3887943864771146e-11,2.7894680920908113e-10,9.237449576640118e-09,1.6052280526088547e-09,7.194132978569833e-09,4.363462233903899e-09,1.2015425731770343e-13,1.2015425731770343e-13,1.955568070542584e-08,4.847368706035286e-11,2.646573631904765e-09,9.237449576640118e-09,3.442477108469858e-14
1.0129987357628251e-05,0.99966464996832,1.3709578605790399e-06,6.144177531850823e-06,1.760343003490802e-06,5.8291272510566984e-05,1.8553914607279396e-07,6.825603724121505e-08,1.4449802095675026e-07,3.3982678079468468e-09,4.363462233903899e-09,3.3982678079468468e-09,1.522997951276035e-08,1.5428112031916497e-13,1.125351754703302e-07,2.5109990926928157e-08,1.2015425731770343e-13,1.6052280526088547e-09,1.9810087980485874e-13,1.522997951276035e-08,9.237449576640118e-09
0.9999999998973812,0.9999977396748937,0.9999898700126424,3.978962535821407e-12,0.9999724643121783,0.002472622943003016,1.8795288165355504e-12,0.006692851264816553,3.978962535821407e-12,0.9890130584218833,0.9890130584218833,1.8553914607279396e-07,0.9890130584218833,0.9933071487351834,2.2603251062511995e-06,0.00020342704657999323,1.8553914607279396e-07,0.9820137881297458,0.9890130584218833,0.0005527785524441057,0.9525741264858409
0.9984988180062319,2.0611536181902033e-09,5.384940217751136e-13,2.5436656473762755e-13,7.991959892315218e-11,6.224144622520382e-11,1.125351754703302e-07,3.2661313427863805e-13,1.7832472907828393e-11,1.3176514268359263e-10,1.0261879630648829e-10,1.0815941557168708e-11,4.847368706035286e-11,2.7894680920908113e-10,2.940077739198032e-11,1.7832472907828393e-11,1.5428112031916497e-13,1.0261879630648829e-10,4.847368706035286e-11,3.3982678079468468e-09,5.109089028037223e-12
0.997527377056997,1.3176514268359263e-10,4.1399375473943306e-08,5.384940217751136e-13,7.582560422162384e-10,5.905303995456778e-10,0.0009110513587503459,3.2241866333029355e-08,6.825603724121505e-08,0.00012339461917113592,7.484626298776402e-05,1.0129987357628251e-05,4.1937956583777856e-13,1.6052280526088547e-09,4.5397852420729034e-05,4.1937956583777856e-13,1.6052280526088547e-09,1.6052280526088547e-09,6.144177531850823e-06,6.144177531850823e-06,1.0129987357628251e-05
0.9999996072136592,6.475945666070602e-07,1.2501528648238603e-09,1.522997951276035e-08,0.0005527785524441057,0.0005527785524441057,1.4637785141237664e-12,8.878265478451776e-13,0.0003353500316799018,2.2603251062511995e-06,5.384940217751136e-13,1.0261879630648829e-10,2.5436656473762755e-13,2.5436656473762755e-13,3.2661313427863805e-13,1.6918979223288786e-10,8.315279285380714e-07,3.059023363247549e-07,1.9810087980485874e-13,5.60279640614594e-09,1.0261879630648829e-10
0.9999998874648245,0.9999938558224682,0.0005527785524441057,0.00012339461917113592,1.125351754703302e-07,8.315279285380714e-07,3.7266388399128017e-06,0.006692851264816553,0.006692851264816553,7.194132978569833e-09,0.0005527785524441057,2.7535687821746045e-05,7.194132978569833e-09,6.825603724121505e-08,8.878265478451776e-13,1.125351754703302e-07,5.043476486929152e-07,2.7535687821746045e-05,0.0005527785524441057,2.0611536181902033e-09,5.384940217751136e-13
0.9999999997210531,0.999999814460854,0.11920291732853862,8.423463754397692e-12,0.37754066879814546,0.07585817323116975,0.9984988180062319,0.006692851264816553,0.0009110513587503459,0.006692851264816553,0.9890130584218833,1.1399918530430558e-12,0.006692851264816553,0.0009110513587503459,0.0015011819937681247,2.2603251062511995e-06,0.9820137881297458,1.8795288165355504e-12,0.006692851264816553,3.098819138712223e-12,0.37754066879814546
0.0005527785524441057,0.9999991684720715,0.0003353500316799018,0.9525741264858409,1.0129987357628251e-05,4.5397852420729034e-05,0.9241418267688302,0.9525741264858409,2.7535687821746045e-05,0.9890130584218833,0.9706877672877217,5.384940217751136e-13,0.11920291732853862,8.878265478451776e-13,3.7266388399128017e-06,1.6701429809483402e-05,3.2661313427863805e-13,0.01798621187025419,0.0009110513587503459,3.7266388399128017e-06,2.7535687821746045e-05
0.9999999966017321,0.2689414213699951,0.11920291732853862,2.5109990926928157e-08,1.955568070542584e-08,1.1861120010657661e-08,0.0293122327122782,1.522997951276035e-08,1.4449802095675026e-07,3.059023363247549e-07,2.646573631904765e-09,5.3157849718487075e-08,4.1937956583777856e-13,4.1937956583777856e-13,1.4637785141237664e-12,5.384940217751136e-13,1.955568070542584e-08,1.955568070542584e-08,5.043476486929152e-07,2.1724399346070676e-10,1.5428112031916497e-13
0.999999814460854,0.8175744850834648,1.0129987357628251e-05,4.1399375473943306e-08,3.2241866333029355e-08,2.5109990926928157e-08,6.825603724121505e-08,1.2015425731770343e-13,1.5428112031916497e-13,0.0293122327122782,1.1861120010657661e-08,1.6918979223288786e-10,2.5109990926928157e-08,1.1861120010657661e-08,1.5428112031916497e-13,1.2015425731770343e-13,1.2015425731770343e-13,1.6052280526088547e-09,3.3982678079468468e-09,9.237449576640118e-09,3.7266388399128017e-06
0.9999251537370122,1.4449802095675026e-07,1.5428112031916497e-13,9.3576229688393e-14,0.00012339461917113592,1.1861120010657661e-08,0.0003353500316799018,4.1399375473943306e-08,7.194132978569833e-09,3.3982678079468468e-09,3.2661313427863805e-13,1.9810087980485874e-13,1.5428112031916497e-13,9.736200303530205e-10,5.043476486929152e-07,7.582560422162384e-10,1.760343003490802e-06,8.315279285380714e-07,3.2241866333029355e-08,4.785094494835719e-06,4.363462233903899e-09
0.9999999996418252,0.997527377056997,0.0005527785524441057,0.00012339461917113592,1.7832472907828393e-11,7.889264466933239e-06,1.0815941557168708e-11,0.01798621187025419,0.9706877672877217,7.484626298776402e-05,1.0129987357628251e-05,1.0129987357628251e-05,0.00020342704657999323,0.00020342704657999323,2.2603251062511995e-06,2.940077739198032e-11,0.5,0.00012339461917113592,0.5,1.3887943864771146e-11,1.7832472907828393e-11
0.9999999847700205,2.2603251062511995e-06,3.059023363247549e-07,2.3823696679343503e-07,8.764248496102855e-08,0.010986941578116867,2.646573631904765e-09,1.0815941557168708e-11,8.764248496102855e-08,8.764248496102855e-08,7.484626298776402e-05,0.00012339461917113592,4.363462233903899e-09,0.00020342704657999323,1.3176514268359263e-10,1.6918979223288786e-10,6.475945666070602e-07,7.582560422162384e-10,1.760343003490802e-06,8.315279285380714e-07,2.3823696679343503e-07
0.006692851264816553,8.764248496102855e-08,7.194132978569833e-09,6.825603724121505e-08,1.955568070542584e-08,1.1861120010657661e-08,2.5109990926928157e-08,1.6052280526088547e-09,3.2241866333029355e-08,2.5109990926928157e-08,1.3007123813725571e-05,6.560200168110742e-12,2.7894680920908113e-10,3.3982678079468468e-09,2.0611536181902033e-09,1.2501528648238603e-09,2.1724399346070676e-10,1.3176514268359263e-10,1.6052280526088547e-09,6.475945666070602e-07,2.0611536181902033e-09
0.9890130584218833,0.047425873514159125,4.5397852420729034e-05,8.423463754397692e-12,0.9999724643121783,0.002472622943003016,1.0815941557168708e-11,7.484626298776402e-05,0.004070137783849419,0.0005527785524441057,0.9820137881297458,0.8807970826714614,1.0129987357628251e-05,1.8795288165355504e-12,0.00020342704657999323,1.6701429809483402e-05,4.5397852420729034e-05,0.0015011819937681247,2.2603251062511995e-06,0.07585817323116975,0.047425873514159125
4.5397852420729034e-05,0.00020342704657999323,2.7535687821746045e-05,0.00020342704657999323,1.7832472907828393e-11,3.7266388399128017e-06,3.7266388399128017e-06,0.00012339461917113592,3.3982678079468468e-09,0.00012339461917113592,1.4637785141237664e-12,3.7266388399128017e-06,7.582560422162384e-10,2.646573631904765e-09,3.2661313427863805e-13,2.1724399346070676e-10,2.0611536181902033e-09,3.7266388399128017e-06,1.0129987357628251e-05,8.315279285380714e-07,7.582560422162384e-10
0.9999999123575151,0.7310585786300049,1.0129987357628251e-05,1.1861120010657661e-08,7.287724095819161e-14,1.3709578605790399e-06,1.522997951276035e-08,1.1861120010657661e-08,7.582560422162384e-10,2.5436656473762755e-13,0.0015011819937681247,2.5436656473762755e-13,9.237449576640118e-09,1.9810087980485874e-13,1.125351754703302e-07,2.7894680920908113e-10,1.3176514268359263e-10,1.067702997323512e-06,4.1937956583777856e-13,4.599055376537186e-10,7.991959892315218e-11
0.9999898700126424,2.646573631904765e-09,1.3887943864771146e-11,0.01798621187025419,3.9278634073828347e-07,1.955568070542584e-08,0.002472622943003016,3.7266388399128017e-06,0.0003353500316799018,2.2603251062511995e-06,5.109089028037223e-12,9.237449576640118e-09,6.144177531850823e-06,3.3982678079468468e-09,2.2603251062511995e-06,1.3887943864771146e-11,1.067702997323512e-06,1.3709578605790399e-06,5.043476486929152e-07,2.4133627718273893e-12,4.363462233903899e-09
0.9999999999515263,0.9999996940976636,1.6701429809483402e-05,0.1824255149165352,1.3887943864771146e-11,0.0293122327122782,0.9890130584218833,3.7266388399128017e-06,0.9820137881297458,6.144177531850823e-06,0.9820137881297458,4.5397852420729034e-05,7.484626298776402e-05,0.8807970826714614,0.9890130584218833,0.00012339461917113592,0.5,1.0129987357628251e-05,1.8553914607279396e-07,4.5397852420729034e-05,0.0293122327122782
0.9999999468421502,1.6701429809483402e-05,4.1399375473943306e-08,2.5109990926928157e-08,1.522997951276035e-08,9.237449576640118e-09,0.0005527785524441057,4.1399375473943306e-08,1.522997951276035e-08,6.825603724121505e-08,3.059023363247549e-07,7.194132978569833e-09,1.1861120010657661e-08,3.2241866333029355e-08,2.2603251062511995e-06,9.237449576640118e-09,1.1861120010657661e-08,1.8553914607279396e-07,8.315279285380714e-07,3.059023363247549e-07,7.194132978569833e-09
0.9999999468421502,4.5397852420729034e-05,5.384940217751136e-13,7.991959892315218e-11,2.9023119851992182e-06,4.1399375473943306e-08,6.224144622520382e-11,4.1937956583777856e-13,3.581747929000289e-10,8.764248496102855e-08,1.522997951276035e-08,9.237449576640118e-09,9.3576229688393e-14,1.1861120010657661e-08,9.3576229688393e-14,1.0261879630648829e-10,1.3176514268359263e-10,7.991959892315218e-11,3.581747929000289e-10,1.1861120010657661e-08,1.0261879630648829e-10
0.7310585786300049,8.423463754397692e-12,2.5436656473762755e-13,7.582560422162384e-10,1.8795288165355504e-12,5.109089028037223e-12,1.6052280526088547e-09,5.6756852326324e-14,3.581747929000289e-10,8.423463754397692e-12,3.581747929000289e-10,3.978962535821407e-12,2.4133627718273893e-12,4.363462233903899e-09,9.3576229688393e-14,3.3982678079468468e-09,4.599055376537186e-10,4.363462233903899e-09,9.3576229688393e-14,1.0261879630648829e-10,7.991959892315218e-11
0.0293122327122782,3.2241866333029355e-08,3.3982678079468468e-09,1.6918979223288786e-10,3.581747929000289e-10,4.847368706035286e-11,3.2661313427863805e-13,4.5397852420729034e-05,1.2015425731770343e-13,1.9810087980485874e-13,1.2015425731770343e-13,3.7266388399128017e-06,1.0261879630648829e-10,7.991959892315218e-11,2.2603251062511995e-06,1.5428112031916497e-13,6.825603724121505e-08,5.6756852326324e-14,2.5109990926928157e-08,1.3887943864771146e-11,1.7832472907828393e-11
0.37754066879814546,3.581747929000289e-10,4.420228103640978e-14,3.978962535821407e-12,3.098819138712223e-12,5.109089028037223e-12,4.599055376537186e-10,1.0815941557168708e-11,9.3576229688393e-14,1.3176514268359263e-10,8.423463754397692e-12,9.736200303530205e-10,5.109089028037223e-12,5.109089028037223e-12,6.560200168110742e-12,7.582560422162384e-10,3.775134544136581e-11,5.905303995456778e-10,2.646573631904765e-09,1.3887943864771146e-11,2.940077739198032e-11
1.6701429809483402e-05,0.0009110513587503459,7.194132978569833e-09,3.581747929000289e-10,5.3157849718487075e-08,2.7894680920908113e-10,2.5436656473762755e-13,3.2241866333029355e-08,2.2603251062511995e-06,1.3176514268359263e-10,9.237449576640118e-09,1.2501528648238603e-09,1.0261879630648829e-10,1.0261879630648829e-10,7.194132978569833e-09,1.125351754703302e-07,2.1724399346070676e-10,3.3982678079468468e-09,1.125351754703302e-07,3.775134544136581e-11,2.2897348455931243e-11
7.194132978569833e-09,8.764248496102855e-08,5.905303995456778e-10,0.001926734293943221,0.0011695103004128338,0.00012339461917113592,1.2501528648238603e-09,5.905303995456778e-10,0.0002611903101813263,3.2661313427863805e-13,2.1724399346070676e-10,4.363462233903899e-09,1.5428112031916497e-13,6.144177531850823e-06,1.0129987357628251e-05,1.3176514268359263e-10,2.9023119851992182e-06,1.3709578605790399e-06,3.7266388399128017e-06,2.0611536181902033e-09,9.736200303530205e-10
0.9933071487351834,1.522997951276035e-08,3.581747929000289e-10,0.0009110513587503459,3.581747929000289e-10,1.3176514268359263e-10,2.7894680920908113e-10,2.940077739198032e-11,2.5436656473762755e-13,1.3709578605790399e-06,4.1937956583777856e-13,5.3157849718487075e-08,1.7832472907828393e-11,2.5436656473762755e-13,1.0261879630648829e-10,1.9810087980485874e-13,9.736200303530205e-10,1.2501528648238603e-09,7.991959892315218e-11,4.1937956583777856e-13,1.3887943864771146e-11
0.00012339461917113592,0.9890130584218833,0.047425873514159125,2.0611536181902033e-09,0.0293122327122782,8.878265478451776e-13,7.194132978569833e-09,2.5109990926928157e-08,4.785094494835719e-06,1.522997951276035e-08,9.237449576640118e-09,3.3982678079468468e-09,1.5428112031916497e-13,2.0611536181902033e-09,9.237449576640118e-09,7.484626298776402e-05,3.2661313427863805e-13,1.760343003490802e-06,0.0005527785524441057,1.5428112031916497e-13,6.144177531850823e-06
1.2501528648238603e-09,0.0015011819937681247,2.5436656473762755e-13,9.736200303530205e-10,2.0611536181902033e-09,1.9810087980485874e-13,4.1937956583777856e-13,5.384940217751136e-13,6.914400106935422e-13,2.646573631904765e-09,2.646573631904765e-09,8.764248496102855e-08,1.067702997323512e-06,2.2603251062511995e-06,2.646573631904765e-09,2.0611536181902033e-09,7.582560422162384e-10,1.125351754703302e-07,2.646573631904765e-09,9.736200303530205e-10,3.2661313427863805e-13
0.9999998874648245,0.6224593312018546,5.043476486929152e-07,0.0293122327122782,4.5397852420729034e-05,1.8553914607279396e-07,1.7832472907828393e-11,0.0003353500316799018,6.825603724121505e-08,0.00020342704657999323,3.2241866333029355e-08,2.2603251062511995e-06,2.7535687821746045e-05,2.2603251062511995e-06,1.3709578605790399e-06,1.522997951276035e-08,8.315279285380714e-07,5.60279640614594e-09,3.2241866333029355e-08,3.3982678079468468e-09,8.764248496102855e-08
0.9999997617630333,0.0005527785524441057,1.067702997323512e-06,2.0611536181902033e-09,1.1399918530430558e-12,2.4133627718273893e-12,5.905303995456778e-10,1.8795288165355504e-12,2.0611536181902033e-09,7.582560422162384e-10,1.522997951276035e-08,2.0611536181902033e-09,6.144177531850823e-06,2.4133627718273893e-12,3.7266388399128017e-06,2.646573631904765e-09,1.1399918530430558e-12,1.3709578605790399e-06,5.60279640614594e-09,3.059023363247549e-07,8.315279285380714e-07
0.006692851264816553,1.522997951276035e-08,1.955568070542584e-08,7.194132978569833e-09,3.2661313427863805e-13,2.1444958641491428e-05,1.3007123813725571e-05,8.764248496102855e-08,6.825603724121505e-08,3.2241866333029355e-08,3.2661313427863805e-13,2.9023119851992182e-06,5.043476486929152e-07,1.522997951276035e-08,2.5109990926928157e-08,1.9810087980485874e-13,4.363462233903899e-09,6.825603724121505e-08,1.125351754703302e-07,3.059023363247549e-07,1.5428112031916497e-13
0.9933071487351834,4.363462233903899e-09,9.736200303530205e-10,3.3982678079468468e-09,2.646573631904765e-09,9.736200303530205e-10,7.194132978569833e-09,2.646573631904765e-09,2.0611536181902033e-09,0.00012339461917113592,5.384940217751136e-13,3.2661313427863805e-13,4.599055376537186e-10,3.2661313427863805e-13,3.3982678079468468e-09,1.9810087980485874e-13,5.60279640614594e-09,1.6918979223288786e-10,4.1937956583777856e-13,3.059023363247549e-07,9.736200303530205e-10
0.9999999994094697,0.9990889486412498,0.00020342704657999323,0.9525741264858409,1.6701429809483402e-05,7.484626298776402e-05,0.8175744850834648,1.6701429809483402e-05,3.775134544136581e-11,0.8175744850834648,0.004070137783849419,1.3887943864771146e-11,1.067702997323512e-06,1.3887943864771146e-11,1.3709578605790399e-06,1.0129987357628251e-05,3.9278634073828347e-07,0.0005527785524441057,0.0015011819937681247,0.0293122327122782,1.8553914607279396e-07
1.067702997323512e-06,3.978962535821407e-12,1.6052280526088547e-09,1.522997951276035e-08,9.237449576640118e-09,1.7832472907828393e-11,1.6052280526088547e-09,5.6756852326324e-14,1.1861120010657661e-08,2.2897348455931243e-11,4.847368706035286e-11,4.847368706035286e-11,9.3576229688393e-14,2.646573631904765e-09,1.6052280526088547e-09,2.0611536181902033e-09,3.581747929000289e-10,3.3982678079468468e-09,9.3576229688393e-14,4.420228103640978e-14,3.442477108469858e-14
0.9999999804443193,1.0129987357628251e-05,0.07585817323116975,1.5428112031916497e-13,2.5109990926928157e-08,5.3157849718487075e-08,5.3157849718487075e-08,3.059023363247549e-07,1.125351754703302e-07,3.059023363247549e-07,3.2241866333029355e-08,8.315279285380714e-07,1.955568070542584e-08,2.5109990926928157e-08,4.1399375473943306e-08,3.2661313427863805e-13,2.5109990926928157e-08,6.144177531850823e-06,1.955568070542584e-08,3.2241866333029355e-08,7.194132978569833e-09
0.9997965729534201,3.581747929000289e-10,0.004070137783849419,8.315279285380714e-07,2.5109990926928157e-08,2.3823696679343503e-07,3.059023363247549e-07,5.3157849718487075e-08,8.764248496102855e-08,7.484626298776402e-05,5.8291272510566984e-05,4.1399375473943306e-08,2.5109990926928157e-08,4.785094494835719e-06,2.5436656473762755e-13,3.2241866333029355e-08,1.522997951276035e-08,7.194132978569833e-09,1.3007123813725571e-05,3.2661313427863805e-13,4.785094494835719e-06
1.125351754703302e-07,3.2241866333029355e-08,1.0815941557168708e-11,0.0009110513587503459,1.125351754703302e-07,1.522997951276035e-08,1.955568070542584e-08,7.582560422162384e-10,4.599055376537186e-10,7.194132978569833e-09,3.3982678079468468e-09,2.7894680920908113e-10,2.7894680920908113e-10,1.6918979223288786e-10,1.1399918530430558e-12,2.646573631904765e-09,2.1724399346070676e-10,1.6052280526088547e-09,7.194132978569833e-09,3.098819138712223e-12,7.194132978569833e-09
0.9999986290421394,6.914400106935422e-13,1.6918979223288786e-10,1.5428112031916497e-13,7.991959892315218e-11,2.7535687821746045e-05,0.00012339461917113592,5.60279640614594e-09,2.646573631904765e-09,1.9810087980485874e-13,2.646573631904765e-09,7.582560422162384e-10,1.8553914607279396e-07,6.825603724121505e-08,1.6052280526088547e-09,2.2897348455931243e-11,1.522997951276035e-08,1.7832472907828393e-11,3.3982678079468468e-09,1.522997951276035e-08,1.5428112031916497e-13
0.9999977396748937,0.9994472214475559,2.2603251062511995e-06,3.7266388399128017e-06,0.002472622943003016,3.9278634073828347e-07,5.8291272510566984e-05,2.5109990926928157e-08,4.1937956583777856e-13,1.6052280526088547e-09,1.1399918530430558e-12,7.582560422162384e-10,1.6052280526088547e-09,1.125351754703302e-07,1.8795288165355504e-12,1.8795288165355504e-12,1.1861120010657661e-08,5.3157849718487075e-08,9.736200303530205e-10,8.764248496102855e-08,1.2501528648238603e-09
0.9999938558224682,1.8553914607279396e-07,2.7894680920908113e-10,1.6918979223288786e-10,0.0009110513587503459,3.978962535821407e-12,1.125351754703302e-07,4.599055376537186e-10,2.4133627718273893e-12,4.1399375473943306e-08,1.6052280526088547e-09,6.914400106935422e-13,3.775134544136581e-11,1.522997951276035e-08,1.2501528648238603e-09,3.775134544136581e-11,6.914400106935422e-13,1.0261879630648829e-10,6.914400106935422e-13,9.736200303530205e-10,3.2241866333029355e-08
3.2241866333029355e-08,0.37754066879814546,1.2501528648238603e-09,0.0005527785524441057,9.736200303530205e-10,7.582560422162384e-10,1.0261879630648829e-10,9.736200303530205e-10,7.991959892315218e-11,9.237449576640118e-09,7.582560422162384e-10,1.1861120010657661e-08,1.7832472907828393e-11,1.955568070542584e-08,1.6918979223288786e-10,9.237449576640118e-09,1.3176514268359263e-10,2.2897348455931243e-11,2.1724399346070676e-10,1.1399918530430558e-12,2.940077739198032e-11
0.9999996940976636,0.9999991684720715,0.0015011819937681247,0.002472622943003016,3.978962535821407e-12,0.00012339461917113592,1.6701429809483402e-05,1.3709578605790399e-06,1.6701429809483402e-05,1.0129987357628251e-05,6.825603724121505e-08,2.7535687821746045e-05,1.6701429809483402e-05,4.1399375473943306e-08,2.2603251062511995e-06,2.2603251062511995e-06,7.484626298776402e-05,1.125351754703302e-07,7.484626298776402e-05,1.522997951276035e-08,1.8795288165355504e-12
0.9999999999771028,0.9999998874648245,0.9959298622161507,0.7310585786300049,0.8175744850834648,0.8175744850834648,0.7310585786300049,0.2689414213699951,0.9994472214475559,0.0293122327122782,5.109089028037223e-12,4.5397852420729034e-05,8.315279285380714e-07,0.997527377056997,0.0015011819937681247,7.484626298776402e-05,3.098819138712223e-12,3.098819138712223e-12,0.0003353500316799018,0.0009110513587503459,0.0009110513587503459
0.9999999123575151,1.0129987357628251e-05,7.582560422162384e-10,7.194132978569833e-09,1.5428112031916497e-13,5.384940217751136e-13,7.484626298776402e-05,5.60279640614594e-09,0.00012339461917113592,7.194132978569833e-09,4.1937956583777856e-13,2.5436656473762755e-13,2.0611536181902033e-09,2.0611536181902033e-09,3.3982678079468468e-09,9.736200303530205e-10,3.9278634073828347e-07,9.736200303530205e-10,5.60279640614594e-09,4.1937956583777856e-13,2.3823696679343503e-07
1.6918979223288786e-10,2.7894680920908113e-10,6.224144622520382e-11,1.6701429809483402e-05,8.423463754397692e-12,3.7266388399128017e-06,4.847368706035286e-11,5.905303995456778e-10,1.6052280526088547e-09,4.599055376537186e-10,8.315279285380714e-07,1.6918979223288786e-10,4.599055376537186e-10,1.7832472907828393e-11,2.2897348455931243e-11,7.287724095819161e-14,1.0815941557168708e-11,1.955568070542584e-08,6.224144622520382e-11,1.125351754703302e-07,7.582560422162384e-10
0.9999999847700205,0.9999998874648245,0.8175744850834648,0.1824255149165352,1.0129987357628251e-05,0.0015011819937681247,7.484626298776402e-05,0.9890130584218833,0.004070137783849419,1.8795288165355504e-12,1.0129987357628251e-05,6.144177531850823e-06,3.7266388399128017e-06,8.423463754397692e-12,3.978962535821407e-12,0.8807970826714614,0.00012339461917113592,1.3709578605790399e-06,0.8175744850834648,1.8795288165355504e-12,0.37754066879814546
0.9999999966017321,1.3887943864771146e-11,4.363462233903899e-09,0.0003353500316799018,4.5397852420729034e-05,2.7535687821746045e-05,0.004070137783849419,1.6701429809483402e-05,3.7266388399128017e-06,0.0015011819937681247,2.5436656473762755e-13,4.5397852420729034e-05,9.736200303530205e-10,5.905303995456778e-10,9.736200303530205e-10,1.2015425731770343e-13,7.582560422162384e-10,4.5397852420729034e-05,9.3576229688393e-14,5.6756852326324e-14,1.6052280526088547e-09
0.9999999317439628,0.9999898700126424,1.6701429809483402e-05,0.9525741264858409,0.9990889486412498,0.9959298622161507,0.5,0.00020342704657999323,0.07585817323116975,0.1824255149165352,0.0005527785524441057,0.00012339461917113592,8.315279285380714e-07,5.384940217751136e-13,2.7535687821746045e-05,2.2603251062511995e-06,0.00020342704657999323,0.00012339461917113592,0.9959298622161507,3.7266388399128017e-06,0.0003353500316799018
0.9999938558224682,0.9984988180062319,3.7266388399128017e-06,2.2603251062511995e-06,1.6052280526088547e-09,0.0009110513587503459,1.6052280526088547e-09,6.914400106935422e-13,1.760343003490802e-06,8.878265478451776e-13,1.3007123813725571e-05,5.905303995456778e-10,1.1399918530430558e-12,1.6052280526088547e-09,1.2501528648238603e-09,4.599055376537186e-10,2.7894680920908113e-10,7.582560422162384e-10,1.1399918530430558e-12,1.3176514268359263e-10,2.1724399346070676e-10
0.9999991684720715,0.9241418267688302,3.7266388399128017e-06,3.2661313427863805e-13,0.006692851264816553,0.0015011819937681247,2.7894680920908113e-10,9.237449576640118e-09,3.2661313427863805e-13,1.522997951276035e-08,7.991959892315218e-11,1.5428112031916497e-13,1.9810087980485874e-13,2.2603251062511995e-06,3.059023363247549e-07,4.1399375473943306e-08,1.2501528648238603e-09,5.905303995456778e-10,3.059023363247549e-07,3.2661313427863805e-13,2.646573631904765e-09
0.1824255149165352,1.1861120010657661e-08,0.9999724643121783,0.004070137783849419,0.9998766053808288,1.067702997323512e-06,0.9997965729534201,0.9984988180062319,4.847368706035286e-11,0.0003353500316799018,4.5397852420729034e-05,0.00012339461917113592,0.9241418267688302,1.7832472907828393e-11,0.0003353500316799018,0.0003353500316799018,0.0003353500316799018,0.37754066879814546,8.423463754397692e-12,1.6701429809483402e-05,6.144177531850823e-06
0.9999999990263799,7.484626298776402e-05,1.0129987357628251e-05,1.955568070542584e-08,0.00012339461917113592,1.8795288165355504e-12,1.0129987357628251e-05,3.3982678079468468e-09,2.2603251062511995e-06,2.646573631904765e-09,8.878265478451776e-13,6.914400106935422e-13,2.2603251062511995e-06,6.914400106935422e-13,6.144177531850823e-06,4.599055376537186e-10,3.7266388399128017e-06,3.7266388399128017e-06,7.582560422162384e-10,1.1399918530430558e-12,1.8795288165355504e-12
0.9999996940976636,1.8553914607279396e-07,4.1399375473943306e-08,7.582560422162384e-10,9.3576229688393e-14,2.5109990926928157e-08,0.006692851264816553,2.5436656473762755e-13,2.5436656473762755e-13,6.825603724121505e-08,2.7894680920908113e-10,1.0261879630648829e-10,2.5109990926928157e-08,4.599055376537186e-10,7.582560422162384e-10,2.0611536181902033e-09,1.6918979223288786e-10,9.736200303530205e-10,1.5428112031916497e-13,1.5428112031916497e-13,4.599055376537186e-10
0.9999999998973812,2.0611536181902033e-09,0.006692851264816553,0.002472622943003016,2.9023119851992182e-06,1.760343003490802e-06,0.0009110513587503459,3.775134544136581e-11,7.484626298776402e-05,4.5397852420729034e-05,0.0003353500316799018,0.00012339461917113592,3.7266388399128017e-06,0.0003353500316799018,0.997527377056997,7.484626298776402e-05,0.9525741264858409,6.144177531850823e-06,0.9706877672877217,0.0009110513587503459,9.610239214580367e-05
0.9999938558224682,0.0005527785524441057,1.3887943864771146e-11,6.224144622520382e-11,1.0261879630648829e-10,1.7832472907828393e-11,4.847368706035286e-11,7.991959892315218e-11,1.3709578605790399e-06,4.599055376537186e-10,6.825603724121505e-08,3.442477108469858e-14,8.423463754397692e-12,2.2897348455931243e-11,4.847368706035286e-11,1.3176514268359263e-10,3.978962535821407e-12,5.60279640614594e-09,8.423463754397692e-12,2.940077739198032e-11,2.646573631904765e-09
0.999999998394772,0.9999832985701905,0.8175744850834648,0.11920291732853862,1.0129987357628251e-05,0.0015011819937681247,2.940077739198032e-11,1.7832472907828393e-11,0.0009110513587503459,2.940077739198032e-11,0.997527377056997,0.9706877672877217,0.00020342704657999323,1.3709578605790399e-06,1.3709578605790399e-06,0.0003353500316799018,0.00020342704657999323,0.7310585786300049,4.5397852420729034e-05,1.0129987357628251e-05,1.6701429809483402e-05
7.484626298776402e-05,1.3709578605790399e-06,0.010986941578116867,5.905303995456778e-10,1.6052280526088547e-09,0.0003353500316799018,5.60279640614594e-09,1.5428112031916497e-13,5.60279640614594e-09,1.2015425731770343e-13,1.5428112031916497e-13,2.1724399346070676e-10,5.60279640614594e-09,2.0611536181902033e-09,3.9278634073828347e-07,3.581747929000289e-10,7.287724095819161e-14,8.764248496102855e-08,6.224144622520382e-11,1.5428112031916497e-13,6.224144622520382e-11
0.9999999943972036,1.067702997323512e-06,2.5109990926928157e-08,2.646573631904765e-09,4.5397852420729034e-05,2.4133627718273893e-12,0.00020342704657999323,5.043476486929152e-07,1.8795288165355504e-12,5.043476486929152e-07,9.736200303530205e-10,2.7535687821746045e-05,1.4449802095675026e-07,2.0611536181902033e-09,3.059023363247549e-07,1.6052280526088547e-09,2.4133627718273893e-12,4.599055376537186e-10,3.7266388399128017e-06,4.1399375473943306e-08,6.914400106935422e-13
0.2689414213699951,5.043476486929152e-07,3.2241866333029355e-08,1.8553914607279396e-07,4.1937956583777856e-13,3.2241866333029355e-08,4.1399375473943306e-08,8.764248496102855e-08,6.914400106935422e-13,4.1399375473943306e-08,8.878265478451776e-13,1.522997951276035e-08,1.955568070542584e-08,1.8553914607279396e-07,4.1399375473943306e-08,1.1399918530430558e-12,3.2241866333029355e-08,4.1399375473943306e-08,8.878265478451776e-13,1.8795288165355504e-12,9.237449576640118e-09
0.010986941578116867,1.125351754703302e-07,3.098819138712223e-12,1.955568070542584e-08,2.4133627718273893e-12,4.1399375473943306e-08,3.3982678079468468e-09,4.363462233903899e-09,3.059023363247549e-07,4.363462233903899e-09,2.9023119851992182e-06,1.8795288165355504e-12,2.3823696679343503e-07,1.8553914607279396e-07,2.4133627718273893e-12,3.3982678079468468e-09,1.1399918530430558e-12,5.384940217751136e-13,3.3982678079468468e-09,2.0611536181902033e-09,1.6052280526088547e-09
0.9999996940976636,0.11920291732853862,2.7535687821746045e-05,2.2603251062511995e-06,6.144177531850823e-06,3.2241866333029355e-08,1.4449802095675026e-07,0.07585817323116975,1.6701429809483402e-05,2.7535687821746045e-05,0.00012339461917113592,1.0129987357628251e-05,9.237449576640118e-09,0.006692851264816553,0.004070137783849419,0.0005527785524441057,3.059023363247549e-07,0.0005527785524441057,3.2661313427863805e-13,1.4449802095675026e-07,2.646573631904765e-09
0.010986941578116867,0.9999986290421394,0.6224593312018546,0.0003353500316799018,0.9984988180062319,0.8807970826714614,0.010986941578116867,6.144177531850823e-06,0.0005527785524441057,3.7266388399128017e-06,0.00020342704657999323,2.7535687821746045e-05,0.0005527785524441057,7.484626298776402e-05,2.4133627718273893e-12,7.484626298776402e-05,0.006692851264816553,0.0005527785524441057,0.047425873514159125,1.4637785141237664e-12,0.006692851264816553
0.9999832985701905,0.0015011819937681247,3.059023363247549e-07,0.002472622943003016,1.3007123813725571e-05,4.363462233903899e-09,2.7535687821746045e-05,1.0815941557168708e-11,0.00012339461917113592,7.484626298776402e-05,9.610239214580367e-05,1.6701429809483402e-05,6.144177531850823e-06,5.109089028037223e-12,1.0815941557168708e-11,6.144177531850823e-06,1.760343003490802e-06,6.475945666070602e-07,1.3709578605790399e-06,4.363462233903899e-09,2.0611536181902033e-09
0.9998766053808288,8.315279285380714e-07,6.475945666070602e-07,3.2241866333029355e-08,2.646573631904765e-09,8.423463754397692e-12,1.6701429809483402e-05,1.6701429809483402e-05,1.125351754703302e-07,1.6052280526088547e-09,8.764248496102855e-08,1.125351754703302e-07,7.582560422162384e-10,1.6052280526088547e-09,3.7266388399128017e-06,1.1861120010657661e-08,1.8795288165355504e-12,3.2241866333029355e-08,1.4449802095675026e-07,1.955568070542584e-08,1.522997951276035e-08
0.999999999782756,0.9999724643121783,0.9241418267688302,6.560200168110742e-12,0.01798621187025419,7.484626298776402e-05,3.978962535821407e-12,1.6701429809483402e-05,0.00012339461917113592,0.00012339461917113592,2.4133627718273893e-12,3.7266388399128017e-06,1.067702997323512e-06,0.0293122327122782,0.07585817323116975,3.978962535821407e-12,1.4637785141237664e-12,0.002472622943003016,0.006692851264816553,0.002472622943003016,0.0015011819937681247
0.999999998394772,0.9984988180062319,1.4449802095675026e-07,7.194132978569833e-09,5.3157849718487075e-08,5.384940217751136e-13,8.878265478451776e-13,6.825603724121505e-08,9.237449576640118e-09,8.878265478451776e-13,0.0009110513587503459,4.599055376537186e-10,5.905303995456778e-10,1.5428112031916497e-13,4.363462233903899e-09,2.2603251062511995e-06,1.9810087980485874e-13,8.315279285380714e-07,1.6052280526088547e-09,1.6052280526088547e-09,1.2015425731770343e-13
0.9999994956523514,1.3887943864771146e-11,2.3823696679343503e-07,1.2015425731770343e-13,1.522997951276035e-08,2.2897348455931243e-11,8.764248496102855e-08,3.775134544136581e-11,1.4449802095675026e-07,1.0261879630648829e-10,7.287724095819161e-14,1.7832472907828393e-11,5.6756852326324e-14,9.237449576640118e-09,3.2241866333029355e-08,4.420228103640978e-14,3.3982678079468468e-09,2.646573631904765e-09,7.582560422162384e-10,1.3887943864771146e-11,1.0261879630648829e-10
0.9999999990263799,3.059023363247549e-07,7.582560422162384e-10,0.0015011819937681247,4.1937956583777856e-13,1.9810087980485874e-13,0.006692851264816553,2.5436656473762755e-13,1.125351754703302e-07,1.0129987357628251e-05,2.5109990926928157e-08,2.646573631904765e-09,1.2015425731770343e-13,6.825603724121505e-08,7.194132978569833e-09,1.522997951276035e-08,2.5109990926928157e-08,7.194132978569833e-09,2.5109990926928157e-08,2.646573631904765e-09,4.363462233903899e-09
0.7310585786300049,5.3157849718487075e-08,3.775134544136581e-11,5.60279640614594e-09,2.646573631904765e-09,1.0815941557168708e-11,3.581747929000289e-10,1.1861120010657661e-08,2.2897348455931243e-11,4.1937956583777856e-13,6.224144622520382e-11,5.60279640614594e-09,2.0611536181902033e-09,6.224144622520382e-11,1.522997951276035e-08,1.1861120010657661e-08,6.224144622520382e-11,1.0815941557168708e-11,1.125351754703302e-07,6.224144622520382e-11,5.60279640614594e-09
0.999999814460854,5.043476486929152e-07,5.60279640614594e-09,3.2661313427863805e-13,1.3176514268359263e-10,2.0611536181902033e-09,4.599055376537186e-10,1.0129987357628251e-05,1.0261879630648829e-10,3.581747929000289e-10,2.646573631904765e-09,2.2603251062511995e-06,3.442477108469858e-14,6.825603724121505e-08,7.991959892315218e-11,1.5428112031916497e-13,1.6918979223288786e-10,3.059023363247549e-07,3.3982678079468468e-09,3.775134544136581e-11,1.8553914607279396e-07
0.9999724643121783,0.01798621187025419,1.4449802095675026e-07,0.004070137783849419,0.004070137783849419,2.5109990926928157e-08,1.125351754703302e-07,6.475945666070602e-07,2.3823696679343503e-07,3.059023363247549e-07,1.125351754703302e-07,4.1937956583777856e-13,2.7894680920908113e-10,1.0129987357628251e-05,1.4449802095675026e-07,5.905303995456778e-10,8.315279285380714e-07,2.1724399346070676e-10,2.7894680920908113e-10,7.582560422162384e-10,1.6918979223288786e-10
7.582560422162384e-10,0.1824255149165352,9.736200303530205e-10,3.581747929000289e-10,2.2897348455931243e-11,2.1724399346070676e-10,2.7894680920908113e-10,2.7894680920908113e-10,5.905303995456778e-10,8.764248496102855e-08,2.940077739198032e-11,7.991959892315218e-11,7.194132978569833e-09,9.3576229688393e-14,7.287724095819161e-14,9.736200303530205e-10,9.736200303530205e-10,6.224144622520382e-11,1.2015425731770343e-13,7.582560422162384e-10,1.1861120010657661e-08
7.484626298776402e-05,6.560200168110742e-12,1.6918979223288786e-10,5.6756852326324e-14,1.5428112031916497e-13,7.991959892315218e-11,9.3576229688393e-14,1.6052280526088547e-09,4.363462233903899e-09,1.6918979223288786e-10,6.224144622520382e-11,2.3823696679343503e-07,1.0261879630648829e-10,2.940077739198032e-11,6.224144622520382e-11,6.224144622520382e-11,1.955568070542584e-08,1.0261879630648829e-10,7.991959892315218e-11,5.60279640614594e-09,5.905303995456778e-10
0.0005527785524441057,0.9706877672877217,0.0005527785524441057,1.8795288165355504e-12,1.1399918530430558e-12,5.384940217751136e-13,5.043476486929152e-07,1.8553914607279396e-07,1.1399918530430558e-12,1.8553914607279396e-07,2.2603251062511995e-06,0.006692851264816553,2.2603251062511995e-06,6.825603724121505e-08,1.125351754703302e-07,4.1399375473943306e-08,3.9278634073828347e-07,3.059023363247549e-07,1.3709578605790399e-06,1.522997951276035e-08,0.0003353500316799018
0.9999898700126424,7.194132978569833e-09,1.0261879630648829e-10,5.905303995456778e-10,1.8553914607279396e-07,1.3887943864771146e-11,8.764248496102855e-08,8.764248496102855e-08,8.878265478451776e-13,1.1399918530430558e-12,1.3887943864771146e-11,1.1861120010657661e-08,2.7894680920908113e-10,1.955568070542584e-08,8.423463754397692e-12,6.560200168110742e-12,2.646573631904765e-09,1.1399918530430558e-12,2.7894680920908113e-10,7.194132978569833e-09,9.3576229688393e-14
0.9999999317439628,5.905303995456778e-10,0.9999546021475793,3.978962535821407e-12,0.0003353500316799018,0.8175744850834648,0.9706877672877217,7.484626298776402e-05,0.2689414213699951,0.7310585786300049,0.0009110513587503459,0.047425873514159125,6.144177531850823e-06,0.00020342704657999323,0.2689414213699951,0.5,0.6224593312018546,7.484626298776402e-05,4.5397852420729034e-05,1.8795288165355504e-12,8.878265478451776e-13
0.5,0.9999999586006244,0.9890130584218833,0.99999627336116,0.9241418267688302,3.098819138712223e-12,3.978962535821407e-12,0.004070137783849419,8.878265478451776e-13,0.9999898700126424,0.9999724643121783,4.1937956583777856e-13,0.00020342704657999323,4.5397852420729034e-05,0.002472622943003016,7.484626298776402e-05,0.5,5.384940217751136e-13,0.8175744850834648,6.914400106935422e-13,0.37754066879814546
1.067702997323512e-06,0.8175744850834648,0.0293122327122782,0.0015011819937681247,3.3982678079468468e-09,0.00012339461917113592,4.363462233903899e-09,6.825603724121505e-08,2.0611536181902033e-09,2.646573631904765e-09,2.2603251062511995e-06,2.5109990926928157e-08,5.60279640614594e-09,7.194132978569833e-09,1.522997951276035e-08,6.825603724121505e-08,1.2501528648238603e-09,2.5109990926928157e-08,1.2501528648238603e-09,3.581747929000289e-10,1.3709578605790399e-06
0.9999999999200804,5.905303995456778e-10,0.9994472214475559,0.9959298622161507,0.9959298622161507,0.9933071487351834,3.7266388399128017e-06,0.9959298622161507,0.00012339461917113592,0.9933071487351834,0.9890130584218833,0.9890130584218833,3.978962535821407e-12,3.978962535821407e-12,1.0129987357628251e-05,0.9820137881297458,2.7535687821746045e-05,7.484626298776402e-05,1.0815941557168708e-11,3.7266388399128017e-06,0.6224593312018546
0.9999998874648245,0.047425873514159125,0.0293122327122782,8.764248496102855e-08,1.125351754703302e-07,1.1399918530430558e-12,1.4449802095675026e-07,0.01798621187025419,1.2501528648238603e-09,3.2241866333029355e-08,6.914400106935422e-13,1.522997951276035e-08,7.582560422162384e-10,5.384940217751136e-13,2.7535687821746045e-05,5.60279640614594e-09,2.7894680920908113e-10,4.1937956583777856e-13,8.878265478451776e-13,2.0611536181902033e-09,4.1937956583777856e-13
0.9999977396748937,4.5397852420729034e-05,0.9525741264858409,0.37754066879814546,0.5,0.5,0.6224593312018546,0.2689414213699951,0.006692851264816553,3.098819138712223e-12,0.002472622943003016,0.01798621187025419,0.004070137783849419,0.2689414213699951,0.01798621187025419,0.0005527785524441057,0.004070137783849419,5.043476486929152e-07,8.315279285380714e-07,0.004070137783849419,2.7535687821746045e-05
6.825603724121505e-08,0.8807970826714614,8.878265478451776e-13,6.144177531850823e-06,2.2603251062511995e-06,5.043476486929152e-07,1.9810087980485874e-13,5.905303995456778e-10,5.3157849718487075e-08,1.125351754703302e-07,1.5428112031916497e-13,6.144177531850823e-06,3.581747929000289e-10,6.144177531850823e-06,1.5428112031916497e-13,1.8553914607279396e-07,1.3176514268359263e-10,5.60279640614594e-09,6.144177531850823e-06,3.581747929000289e-10,9.237449576640118e-09
1.6918979223288786e-10,1.0815941557168708e-11,2.1724399346070676e-10,2.1724399346070676e-10,3.978962535821407e-12,3.059023363247549e-07,1.6918979223288786e-10,1.3709578605790399e-06,1.3176514268359263e-10,1.3887943864771146e-11,1.0815941557168708e-11,6.825603724121505e-08,1.3176514268359263e-10,5.109089028037223e-12,3.098819138712223e-12,4.1937956583777856e-13,1.955568070542584e-08,1.522997951276035e-08,1.955568070542584e-08,1.0815941557168708e-11,3.2241866333029355e-08
0.9999999928058669,0.9990889486412498,7.484626298776402e-05,3.7266388399128017e-06,9.237449576640118e-09,4.1937956583777856e-13,1.5428112031916497e-13,8.315279285380714e-07,0.0003353500316799018,7.194132978569833e-09,8.315279285380714e-07,1.8553914607279396e-07,1.3709578605790399e-06,5.384940217751136e-13,5.043476486929152e-07,1.522997951276035e-08,8.315279285380714e-07,1.125351754703302e-07,1.3709578605790399e-06,5.043476486929152e-07,9.237449576640118e-09
2.3823696679343503e-07,2.5109990926928157e-08,2.1724399346070676e-10,1.2501528648238603e-09,2.5436656473762755e-13,7.582560422162384e-10,0.00012339461917113592,3.2661313427863805e-13,5.905303995456778e-10,2.646573631904765e-09,1.6052280526088547e-09,4.847368706035286e-11,1.6052280526088547e-09,5.905303995456778e-10,5.905303995456778e-10,3.2241866333029355e-08,1.7832472907828393e-11,1.3887943864771146e-11,5.905303995456778e-10,4.599055376537186e-10,6.224144622520382e-11
0.9999999979388463,3.7266388399128017e-06,1.1399918530430558e-12,0.00020342704657999323,1.4449802095675026e-07,4.363462233903899e-09,0.006692851264816553,0.047425873514159125,0.006692851264816553,0.004070137783849419,4.1399375473943306e-08,1.1861120010657661e-08,2.2603251062511995e-06,5.60279640614594e-09,4.1399375473943306e-08,4.1399375473943306e-08,4.1399375473943306e-08,4.1399375473943306e-08,8.764248496102855e-08,4.785094494835719e-06,1.6701429809483402e-05
0.9999991684720715,0.006692851264816553,4.1399375473943306e-08,8.315279285380714e-07,1.8553914607279396e-07,0.0015011819937681247,2.5109990926928157e-08,0.0005527785524441057,4.1937956583777856e-13,6.914400106935422e-13,4.1399375473943306e-08,4.1937956583777856e-13,5.384940217751136e-13,8.878265478451776e-13,6.914400106935422e-13,3.2661313427863805e-13,1.9810087980485874e-13,4.1937956583777856e-13,4.1399375473943306e-08,1.522997951276035e-08,8.315279285380714e-07
0.9999999996418252,0.0009110513587503459,0.9984988180062319,0.9241418267688302,0.5,0.9998766053808288,0.5,2.7535687821746045e-05,0.047425873514159125,0.9997965729534201,3.059023363247549e-07,1.8795288165355504e-12,0.006692851264816553,0.0005527785524441057,0.0015011819937681247,0.002472622943003016,3.098819138712223e-12,0.0003353500316799018,0.0009110513587503459,2.4133627718273893e-12,3.059023363247549e-07
0.9999999317439628,0.9999998874648245,0.2689414213699951,4.5397852420729034e-05,0.9999832985701905,0.9999251537370122,3.7266388399128017e-06,0.047425873514159125,2.7535687821746045e-05,3.775134544136581e-11,3.775134544136581e-11,0.0015011819937681247,8.423463754397692e-12,3.059023363247549e-07,0.9984988180062319,0.997527377056997,1.7832472907828393e-11,1.7832472907828393e-11,0.0293122327122782,0.0005527785524441057,0.00012339461917113592
0.9999999847700205,0.0293122327122782,9.736200303530205e-10,0.9999724643121783,1.3176514268359263e-10,0.004070137783849419,7.889264466933239e-06,1.6918979223288786e-10,1.3176514268359263e-10,0.0003353500316799018,0.0015011819937681247,2.7535687821746045e-05,0.9990889486412498,7.991959892315218e-11,2.7535687821746045e-05,0.0005527785524441057,0.8175744850834648,0.0005527785524441057,0.9820137881297458,7.484626298776402e-05,1.6701429809483402e-05
0.9999999998973812,0.002472622943003016,4.5397852420729034e-05,0.9706877672877217,0.9933071487351834,6.144177531850823e-06,0.1824255149165352,8.423463754397692e-12,0.0005527785524441057,0.0005527785524441057,0.047425873514159125,3.978962535821407e-12,0.9525741264858409,1.0129987357628251e-05,0.7310585786300049,1.3709578605790399e-06,0.9241418267688302,2.7535687821746045e-05,0.8175744850834648,0.002472622943003016,5.109089028037223e-12
0.9998766053808288,0.8175744850834648,3.978962535821407e-12,4.1399375473943306e-08,4.1399375473943306e-08,0.010986941578116867,1.955568070542584e-08,3.978962535821407e-12,6.825603724121505e-08,0.0009110513587503459,3.098819138712223e-12,1.4637785141237664e-12,4.363462233903899e-09,4.785094494835719e-06,5.60279640614594e-09,9.736200303530205e-10,3.775134544136581e-11,1.4637785141237664e-12,1.8795288165355504e-12,2.9023119851992182e-06,4.847368706035286e-11
0.7310585786300049,1.522997951276035e-08,2.2897348455931243e-11,5.109089028037223e-12,1.760343003490802e-06,2.7894680920908113e-10,3.775134544136581e-11,1.067702997323512e-06,5.384940217751136e-13,4.1399375473943306e-08,5.384940217751136e-13,5.60279640614594e-09,6.224144622520382e-11,2.0611536181902033e-09,2.7894680920908113e-10,3.3982678079468468e-09,3.775134544136581e-11,4.847368706035286e-11,2.646573631904765e-09,3.775134544136581e-11,3.775134544136581e-11
7.484626298776402e-05,0.9997965729534201,0.9997965729534201,3.7266388399128017e-06,3.098819138712223e-12,0.9933071487351834,0.07585817323116975,6.144177531850823e-06,0.9933071487351834,3.978962535821407e-12,0.9820137881297458,6.144177531850823e-06,0.7310585786300049,0.0293122327122782,2.7535687821746045e-05,0.004070137783849419,1.8795288165355504e-12,1.0129987357628251e-05,0.004070137783849419,2.2603251062511995e-06,0.1824255149165352
0.9999999586006244,0.0293122327122782,0.2689414213699951,1.955568070542584e-08,5.3157849718487075e-08,0.010986941578116867,1.8795288165355504e-12,7.194132978569833e-09,6.825603724121505e-08,2.0611536181902033e-09,9.736200303530205e-10,1.522997951276035e-08,2.5109990926928157e-08,9.736200303530205e-10,3.978962535821407e-12,1.6052280526088547e-09,1.4637785141237664e-12,3.9278634073828347e-07,2.0611536181902033e-09,1.3709578605790399e-06,8.878265478451776e-13
0.00020342704657999323,9.736200303530205e-10,0.0003353500316799018,0.00012339461917113592,3.978962535821407e-12,2.7894680920908113e-10,5.905303995456778e-10,4.847368706035286e-11,1.3887943864771146e-11,2.5436656473762755e-13,2.2897348455931243e-11,4.420228103640978e-14,2.2897348455931243e-11,7.194132978569833e-09,3.3982678079468468e-09,4.363462233903899e-09,5.109089028037223e-12,4.420228103640978e-14,8.878265478451776e-13,1.2015425731770343e-13,4.420228103640978e-14
0.9999999995400946,1.6052280526088547e-09,3.2241866333029355e-08,0.002472622943003016,0.0003353500316799018,1.6052280526088547e-09,1.955568070542584e-08,2.646573631904765e-09,8.764248496102855e-08,5.60279640614594e-09,2.2897348455931243e-11,1.6701429809483402e-05,1.1861120010657661e-08,6.144177531850823e-06,1.0129987357628251e-05,4.5397852420729034e-05,8.315279285380714e-07,1.0815941557168708e-11,2.2603251062511995e-06,1.0815941557168708e-11,1.0815941557168708e-11
0.01798621187025419,0.9990889486412498,1.760343003490802e-06,0.0003353500316799018,1.067702997323512e-06,1.125351754703302e-07,0.00012339461917113592,2.3823696679343503e-07,2.2897348455931243e-11,0.00012339461917113592,1.7832472907828393e-11,1.522997951276035e-08,1.6701429809483402e-05,1.6701429809483402e-05,1.6701429809483402e-05,2.2897348455931243e-11,1.760343003490802e-06,8.423463754397692e-12,1.0815941557168708e-11,0.01798621187025419,3.7266388399128017e-06
0.9990889486412498,1.2501528648238603e-09,3.775134544136581e-11,1.6918979223288786e-10,7.287724095819161e-14,5.905303995456778e-10,7.991959892315218e-11,4.847368706035286e-11,1.2015425731770343e-13,1.125351754703302e-07,1.5428112031916497e-13,9.237449576640118e-09,4.363462233903899e-09,1.3887943864771146e-11,6.560200168110742e-12,3.581747929000289e-10,2.7894680920908113e-10,1.6052280526088547e-09,1.6052280526088547e-09,1.2015425731770343e-13,1.2501528648238603e-09
1.2501528648238603e-09,0.0009110513587503459,5.043476486929152e-07,1.5428112031916497e-13,1.5428112031916497e-13,4.5397852420729034e-05,1.9810087980485874e-13,2.3823696679343503e-07,1.125351754703302e-07,5.60279640614594e-09,4.1399375473943306e-08,5.905303995456778e-10,7.194132978569833e-09,2.0611536181902033e-09,5.3157849718487075e-08,1.522997951276035e-08,6.825603724121505e-08,1.2015425731770343e-13,1.4449802095675026e-07,3.9278634073828347e-07,1.955568070542584e-08
0.0003353500316799018,0.9820137881297458,0.07585817323116975,0.00020342704657999323,0.047425873514159125,7.194132978569833e-09,2.5109990926928157e-08,4.5397852420729034e-05,3.059023363247549e-07,2.4133627718273893e-12,5.3157849718487075e-08,0.0003353500316799018,4.1937956583777856e-13,1.1861120010657661e-08,9.237449576640118e-09,1.1399918530430558e-12,1.1861120010657661e-08,1.067702997323512e-06,5.384940217751136e-13,1.6701429809483402e-05,1.522997951276035e-08
0.9999999677581336,0.8807970826714614,0.7310585786300049,3.2661313427863805e-13,1.125351754703302e-07,1.9810087980485874e-13,1.3709578605790399e-06,2.5436656473762755e-13,1.2501528648238603e-09,8.315279285380714e-07,1.5428112031916497e-13,4.599055376537186e-10,7.484626298776402e-05,1.1861120010657661e-08,1.8553914607279396e-07,7.582560422162384e-10,5.60279640614594e-09,1.6918979223288786e-10,4.599055376537186e-10,3.7266388399128017e-06,3.7266388399128017e-06
1.522997951276035e-08,2.3823696679343503e-07,1.522997951276035e-08,1.2501528648238603e-09,0.00020342704657999323,3.978962535821407e-12,9.237449576640118e-09,0.00012339461917113592,4.5397852420729034e-05,7.484626298776402e-05,2.7535687821746045e-05,1.6052280526088547e-09,3.2241866333029355e-08,1.6052280526088547e-09,4.1399375473943306e-08,7.194132978569833e-09,1.6052280526088547e-09,3.059023363247549e-07,3.3982678079468468e-09,5.3157849718487075e-08,3.3982678079468468e-09
0.9706877672877217,3.978962535821407e-12,0.0003353500316799018,1.6701429809483402e-05,1.6701429809483402e-05,1.6918979223288786e-10,1.0129987357628251e-05,1.6918979223288786e-10,3.442477108469858e-14,3.442477108469858e-14,2.6810038677817314e-14,1.522997951276035e-08,6.475945666070602e-07,8.315279285380714e-07,3.775134544136581e-11,5.6756852326324e-14,4.1399375473943306e-08,2.2897348455931243e-11,1.8553914607279396e-07,3.2241866333029355e-08,2.5109990926928157e-08
0.9999999998973812,0.9999991684720715,7.991959892315218e-11,0.9525741264858409,0.9999724643121783,7.484626298776402e-05,4.5397852420729034e-05,0.0003353500316799018,0.8175744850834648,0.0015011819937681247,0.99966464996832,1.3887943864771146e-11,6.144177531850823e-06,0.7310585786300049,0.00020342704657999323,2.940077739198032e-11,0.9820137881297458,7.484626298776402e-05,1.7832472907828393e-11,0.004070137783849419,0.0293122327122782
0.00020342704657999323,0.0009110513587503459,0.0005527785524441057,0.00012339461917113592,1.6701429809483402e-05,2.5109990926928157e-08,0.0002611903101813263,1.1861120010657661e-08,3.059023363247549e-07,1.4449802095675026e-07,6.825603724121505e-08,1.955568070542584e-08,6.825603724121505e-08,5.3157849718487075e-08,1.125351754703302e-07,1.1861120010657661e-08,5.3157849718487075e-08,6.475945666070602e-07,2.9023119851992182e-06,5.3157849718487075e-08,1.067702997323512e-06
0.9999999317439628,4.599055376537186e-10,1.3887943864771146e-11,9.736200303530205e-10,5.60279640614594e-09,4.363462233903899e-09,0.00020342704657999323,3.098819138712223e-12,4.363462233903899e-09,0.0005527785524441057,2.4133627718273893e-12,2.7535687821746045e-05,2.4133627718273893e-12,8.315279285380714e-07,3.581747929000289e-10,2.7894680920908113e-10,2.4133627718273893e-12,1.1399918530430558e-12,8.878265478451776e-13,8.878265478451776e-13,4.847368706035286e-11
0.9999986290421394,8.423463754397692e-12,1.955568070542584e-08,6.825603724121505e-08,3.2661313427863805e-13,1.5428112031916497e-13,2.2897348455931243e-11,2.646573631904765e-09,3.775134544136581e-11,1.4449802095675026e-07,2.5109990926928157e-08,1.5428112031916497e-13,2.646573631904765e-09,2.940077739198032e-11,6.224144622520382e-11,1.1861120010657661e-08,7.194132978569833e-09,9.736200303530205e-10,1.1861120010657661e-08,2.2897348455931243e-11,4.847368706035286e-11
0.9999251537370122,1.8553914607279396e-07,0.0003353500316799018,1.955568070542584e-08,5.8291272510566984e-05,3.2241866333029355e-08,6.914400106935422e-13,8.878265478451776e-13,3.581747929000289e-10,1.1399918530430558e-12,1.1861120010657661e-08,1.955568070542584e-08,2.9023119851992182e-06,6.224144622520382e-11,7.194132978569833e-09,1.4449802095675026e-07,5.043476486929152e-07,2.646573631904765e-09,1.067702997323512e-06,2.5109990926928157e-08,9.237449576640118e-09
8.315279285380714e-07,0.9998766053808288,0.5,1.1861120010657661e-08,1.4449802095675026e-07,2.7894680920908113e-10,1.4637785141237664e-12,3.9278634073828347e-07,2.3823696679343503e-07,5.905303995456778e-10,5.384940217751136e-13,1.522997951276035e-08,8.878265478451776e-13,1.6052280526088547e-09,6.914400106935422e-13,9.736200303530205e-10,9.237449576640118e-09,5.384940217751136e-13,2.1724399346070676e-10,4.363462233903899e-09,1.5428112031916497e-13
2.646573631904765e-09,5.3157849718487075e-08,0.00020342704657999323,0.00020342704657999323,4.1937956583777856e-13,4.1937956583777856e-13,7.194132978569833e-09,2.1724399346070676e-10,2.0611536181902033e-09,2.5436656473762755e-13,2.1724399346070676e-10,4.847368706035286e-11,1.3709578605790399e-06,6.475945666070602e-07,4.599055376537186e-10,1.6918979223288786e-10,1.3176514268359263e-10,6.825603724121505e-08,6.224144622520382e-11,5.3157849718487075e-08,1.3176514268359263e-10
0.9984988180062319,8.315279285380714e-07,1.522997951276035e-08,3.3982678079468468e-09,2.646573631904765e-09,7.991959892315218e-11,4.363462233903899e-09,4.363462233903899e-09,7.287724095819161e-14,7.194132978569833e-09,1.2015425731770343e-13,7.582560422162384e-10,5.6756852326324e-14,2.3823696679343503e-07,1.8553914607279396e-07,9.3576229688393e-14,3.3982678079468468e-09,2.2897348455931243e-11,9.237449576640118e-09,1.7832472907828393e-11,3.442477108469858e-14
5.905303995456778e-10,2.3823696679343503e-07,5.60279640614594e-09,1.0815941557168708e-11,1.2015425731770343e-13,4.847368706035286e-11,2.0611536181902033e-09,3.3982678079468468e-09,4.363462233903899e-09,2.0611536181902033e-09,3.775134544136581e-11,3.581747929000289e-10,9.237449576640118e-09,1.6052280526088547e-09,1.0261879630648829e-10,6.224144622520382e-11,6.224144622520382e-11,4.363462233903899e-09,4.363462233903899e-09,3.3982678079468468e-09,1.2501528648238603e-09
3.581747929000289e-10,7.484626298776402e-05,2.2897348455931243e-11,7.582560422162384e-10,1.125351754703302e-07,2.1724399346070676e-10,1.6052280526088547e-09,1.125351754703302e-07,2.5436656473762755e-13,1.0261879630648829e-10,6.224144622520382e-11,1.5428112031916497e-13,2.2897348455931243e-11,3.775134544136581e-11,9.736200303530205e-10,1.9810087980485874e-13,7.287724095819161e-14,2.0611536181902033e-09,1.5428112031916497e-13,4.363462233903899e-09,7.991959892315218e-11
0.9997965729534201,5.3157849718487075e-08,2.7535687821746045e-05,2.7535687821746045e-05,7.194132978569833e-09,7.582560422162384e-10,1.955568070542584e-08,8.764248496102855e-08,1.2501528648238603e-09,1.6701429809483402e-05,2.1724399346070676e-10,6.825603724121505e-08,1.6918979223288786e-10,2.0611536181902033e-09,1.1399918530430558e-12,8.315279285380714e-07,5.3157849718487075e-08,1.4637785141237664e-12,5.3157849718487075e-08,2.7894680920908113e-10,5.3157849718487075e-08
0.1824255149165352,1.1861120010657661e-08,5.384940217751136e-13,3.2661313427863805e-13,2.940077739198032e-11,1.5428112031916497e-13,1.6918979223288786e-10,1.3709578605790399e-06,1.3709578605790399e-06,2.0611536181902033e-09,3.059023363247549e-07,1.5428112031916497e-13,6.560200168110742e-12,7.991959892315218e-11,1.4449802095675026e-07,1.9810087980485874e-13,3.775134544136581e-11,1.955568070542584e-08,8.878265478451776e-13,6.224144622520382e-11,4.1937956583777856e-13
0.00020342704657999323,1.0261879630648829e-10,0.00020342704657999323,3.2661313427863805e-13,1.6701429809483402e-05,0.0003353500316799018,2.5109990926928157e-08,7.484626298776402e-05,5.384940217751136e-13,9.736200303530205e-10,8.764248496102855e-08,1.5428112031916497e-13,4.5397852420729034e-05,1.4449802095675026e-07,2.2603251062511995e-06,6.825603724121505e-08,4.1937956583777856e-13,2.9023119851992182e-06,2.1444958641491428e-05,5.043476486929152e-07,1.955568070542584e-08
0.9999996072136592,0.11920291732853862,8.764248496102855e-08,5.6756852326324e-14,1.955568070542584e-08,6.825603724121505e-08,9.237449576640118e-09,0.004070137783849419,0.004070137783849419,6.825603724121505e-08,2.0611536181902033e-09,7.287724095819161e-14,2.646573631904765e-09,7.194132978569833e-09,9.3576229688393e-14,4.599055376537186e-10,2.7894680920908113e-10,7.287724095819161e-14,1.6052280526088547e-09,1.5428112031916497e-13,7.287724095819161e-14
0.999999974890009,0.1824255149165352,0.00020342704657999323,0.37754066879814546,0.11920291732853862,0.1824255149165352,0.002472622943003016,0.997527377056997,6.560200168110742e-12,0.11920291732853862,6.560200168110742e-12,0.9706877672877217,0.8807970826714614,0.9890130584218833,0.0015011819937681247,0.002472622943003016,1.8795288165355504e-12,0.0015011819937681247,0.0005527785524441057,0.2689414213699951,0.8807970826714614
0.999999855501979,6.144177531850823e-06,1.1861120010657661e-08,8.315279285380714e-07,3.059023363247549e-07,0.006692851264816553,4.420228103640978e-14,9.736200303530205e-10,5.3157849718487075e-08,5.6756852326324e-14,3.581747929000289e-10,7.582560422162384e-10,2.646573631904765e-09,2.1724399346070676e-10,5.905303995456778e-10,4.847368706035286e-11,2.1724399346070676e-10,1.6918979223288786e-10,2.2603251062511995e-06,6.144177531850823e-06,1.2501528648238603e-09
0.9999251537370122,3.3982678079468468e-09,7.582560422162384e-10,0.00012339461917113592,1.3887943864771146e-11,2.2603251062511995e-06,1.4637785141237664e-12,7.991959892315218e-11,1.0261879630648829e-10,2.7894680920908113e-10,1.125351754703302e-07,8.878265478451776e-13,3.775134544136581e-11,1.6918979223288786e-10,2.5109990926928157e-08,1.522997951276035e-08,8.878265478451776e-13,2.940077739198032e-11,5.109089028037223e-12,3.3982678079468468e-09,4.847368706035286e-11
0.07585817323116975,0.8807970826714614,0.6224593312018546,1.6701429809483402e-05,8.764248496102855e-08,4.1937956583777856e-13,2.2603251062511995e-06,5.043476486929152e-07,6.825603724121505e-08,8.878265478451776e-13,5.905303995456778e-10,5.905303995456778e-10,5.384940217751136e-13,0.0005527785524441057,7.582560422162384e-10,3.581747929000289e-10,1.0129987357628251e-05,6.144177531850823e-06,1.6701429809483402e-05,4.599055376537186e-10,8.764248496102855e-08
0.0015011819937681247,1.3709578605790399e-06,0.047425873514159125,4.1937956583777856e-13,9.3576229688393e-14,7.582560422162384e-10,2.646573631904765e-09,2.1724399346070676e-10,2.1724399346070676e-10,1.2501528648238603e-09,3.775134544136581e-11,1.5428112031916497e-13,9.736200303530205e-10,4.847368706035286e-11,4.599055376537186e-10,2.2603251062511995e-06,2.940077739198032e-11,1.2501528648238603e-09,3.7266388399128017e-06,1.7832472907828393e-11,5.6756852326324e-14
3.059023363247549e-07,0.0009110513587503459,7.991959892315218e-11,4.599055376537186e-10,1.0261879630648829e-10,3.9278634073828347e-07,2.5436656473762755e-13,4.847368706035286e-11,4.599055376537186e-10,3.059023363247549e-07,4.847368706035286e-11,5.60279640614594e-09,1.955568070542584e-08,1.6918979223288786e-10,3.581747929000289e-10,4.420228103640978e-14,3.581747929000289e-10,2.5436656473762755e-13,1.0261879630648829e-10,2.940077739198032e-11,2.940077739198032e-11
0.9999999999200804,0.9999998874648245,0.9525741264858409,0.9994472214475559,0.047425873514159125,0.07585817323116975,0.9997965729534201,1.6701429809483402e-05,0.9999724643121783,5.109089028037223e-12,0.047425873514159125,0.002472622943003016,3.098819138712223e-12,0.01798621187025419,0.047425873514159125,0.004070137783849419,0.9890130584218833,0.00020342704657999323,1.0815941557168708e-11,0.9890130584218833,0.004070137783849419
0.0005527785524441057,0.2689414213699951,0.1824255149165352,6.825603724121505e-08,1.3709578605790399e-06,1.8553914607279396e-07,5.384940217751136e-13,1.8795288165355504e-12,1.1399918530430558e-12,0.0293122327122782,8.315279285380714e-07,3.9278634073828347e-07,1.522997951276035e-08,1.3709578605790399e-06,6.825603724121505e-08,2.5109990926928157e-08,3.059023363247549e-07,1.522997951276035e-08,5.384940217751136e-13,1.8553914607279396e-07,1.955568070542584e-08
0.9990889486412498,0.004070137783849419,1.1399918530430558e-12,2.2603251062511995e-06,3.059023363247549e-07,1.8553914607279396e-07,1.1399918530430558e-12,2.6810038677817314e-14,5.6756852326324e-14,1.6052280526088547e-09,4.847368706035286e-11,2.6810038677817314e-14,2.6810038677817314e-14,3.581747929000289e-10,3.775134544136581e-11,1.522997951276035e-08,6.224144622520382e-11,4.599055376537186e-10,9.736200303530205e-10,2.4133627718273893e-12,4.599055376537186e-10
0.9999999999377585,0.9999251537370122,3.7266388399128017e-06,1.1399918530430558e-12,2.2603251062511995e-06,6.144177531850823e-06,0.047425873514159125,1.9810087980485874e-13,3.2661313427863805e-13,4.1399375473943306e-08,4.1399375473943306e-08,3.7266388399128017e-06,4.1937956583777856e-13,1.3709578605790399e-06,1.1399918530430558e-12,6.914400106935422e-13,2.5109990926928157e-08,6.825603724121505e-08,1.125351754703302e-07,1.522997951276035e-08,7.194132978569833e-09
1.955568070542584e-08,0.01798621187025419,5.043476486929152e-07,2.1724399346070676e-10,1.1861120010657661e-08,4.5397852420729034e-05,4.363462233903899e-09,2.7894680920908113e-10,3.2661313427863805e-13,2.0611536181902033e-09,4.599055376537186e-10,3.2661313427863805e-13,5.905303995456778e-10,2.2897348455931243e-11,5.905303995456778e-10,2.3823696679343503e-07,5.905303995456778e-10,2.2897348455931243e-11,1.7832472907828393e-11,9.237449576640118e-09,7.194132978569833e-09
0.9999999907625504,0.0293122327122782,5.043476486929152e-07,4.363462233903899e-09,0.0009110513587503459,0.00012339461917113592,2.5436656473762755e-13,5.6756852326324e-14,2.7894680920908113e-10,1.0129987357628251e-05,6.224144622520382e-11,4.420228103640978e-14,1.6918979223288786e-10,1.3887943864771146e-11,5.6756852326324e-14,2.2897348455931243e-11,9.3576229688393e-14,2.940077739198032e-11,1.0261879630648829e-10,3.775134544136581e-11,5.6756852326324e-14
2.2603251062511995e-06,4.785094494835719e-06,2.940077739198032e-11,7.991959892315218e-11,3.9278634073828347e-07,3.581747929000289e-10,2.5436656473762755e-13,1.8553914607279396e-07,1.9810087980485874e-13,2.5436656473762755e-13,8.764248496102855e-08,5.384940217751136e-13,3.775134544136581e-11,7.991959892315218e-11,2.5109990926928157e-08,1.7832472907828393e-11,1.9810087980485874e-13,4.847368706035286e-11,9.736200303530205e-10,2.5436656473762755e-13,1.2501528648238603e-09
0.9999999999200804,0.37754066879814546,1.3176514268359263e-10,0.997527377056997,6.224144622520382e-11,0.9820137881297458,0.9706877672877217,0.0015011819937681247,0.006692851264816553,4.599055376537186e-10,0.9706877672877217,0.9999832985701905,7.991959892315218e-11,0.6224593312018546,0.5,3.775134544136581e-11,0.00020342704657999323,0.00012339461917113592,0.00020342704657999323,6.224144622520382e-11,0.11920291732853862
0.9999994956523514,1.6701429809483402e-05,2.0611536181902033e-09,1.6052280526088547e-09,3.442477108469858e-14,7.991959892315218e-11,7.582560422162384e-10,1.0261879630648829e-10,5.60279640614594e-09,1.3176514268359263e-10,3.7266388399128017e-06,6.224144622520382e-11,1.0261879630648829e-10,5.905303995456778e-10,1.3709578605790399e-06,1.6918979223288786e-10,7.194132978569833e-09,7.287724095819161e-14,9.3576229688393e-14,3.7266388399128017e-06,1.125351754703302e-07
0.00012339461917113592,0.9994472214475559,0.9933071487351834,0.8175744850834648,0.11920291732853862,0.047425873514159125,0.9933071487351834,4.5397852420729034e-05,0.9706877672877217,1.1399918530430558e-12,0.00012339461917113592,6.144177531850823e-06,0.7310585786300049,1.3709578605790399e-06,0.0293122327122782,6.144177531850823e-06,0.002472622943003016,0.0015011819937681247,0.8175744850834648,0.11920291732853862,0.047425873514159125
0.9999999804443193,2.2603251062511995e-06,7.582560422162384e-10,5.905303995456778e-10,2.0611536181902033e-09,4.599055376537186e-10,2.646573631904765e-09,3.059023363247549e-07,3.581747929000289e-10,9.237449576640118e-09,1.9810087980485874e-13,2.1724399346070676e-10,2.5436656473762755e-13,2.1724399346070676e-10,3.2661313427863805e-13,3.581747929000289e-10,1.1861120010657661e-08,1.9810087980485874e-13,4.599055376537186e-10,7.194132978569833e-09,1.5428112031916497e-13
0.9999999956365377,2.9023119851992182e-06,5.043476486929152e-07,1.4449802095675026e-07,2.3823696679343503e-07,3.098819138712223e-12,3.098819138712223e-12,3.098819138712223e-12,5.109089028037223e-12,5.60279640614594e-09,3.098819138712223e-12,3.978962535821407e-12,1.8795288165355504e-12,5.3157849718487075e-08,3.2241866333029355e-08,3.3982678079468468e-09,8.764248496102855e-08,6.825603724121505e-08,3.2241866333029355e-08,2.5109990926928157e-08,1.6918979223288786e-10
0.997527377056997,6.560200168110742e-12,3.7266388399128017e-06,4.847368706035286e-11,1.3709578605790399e-06,1.9810087980485874e-13,4.1937956583777856e-13,2.5436656473762755e-13,1.2015425731770343e-13,1.2015425731770343e-13,2.0611536181902033e-09,4.599055376537186e-10,7.582560422162384e-10,4.847368706035286e-11,5.6756852326324e-14,7.582560422162384e-10,5.60279640614594e-09,4.599055376537186e-10,1.1861120010657661e-08,1.522997951276035e-08,2.2897348455931243e-11
0.9997965729534201,9.237449576640118e-09,8.878265478451776e-13,3.7266388399128017e-06,1.4637785141237664e-12,6.224144622520382e-11,1.0261879630648829e-10,1.2501528648238603e-09,2.2897348455931243e-11,1.0261879630648829e-10,1.1399918530430558e-12,2.2897348455931243e-11,3.3982678079468468e-09,9.3576229688393e-14,8.878265478451776e-13,2.646573631904765e-09,1.1399918530430558e-12,8.878265478451776e-13,4.363462233903899e-09,3.3982678079468468e-09,1.2501528648238603e-09
0.9999999996418252,2.1724399346070676e-10,3.7266388399128017e-06,8.878265478451776e-13,0.0293122327122782,1.6701429809483402e-05,3.7266388399128017e-06,0.006692851264816553,4.5397852420729034e-05,6.914400106935422e-13,8.878265478451776e-13,3.2661313427863805e-13,3.2661313427863805e-13,1.955568070542584e-08,1.1399918530430558e-12,9.237449576640118e-09,6.914400106935422e-13,1.0129987357628251e-05,2.2603251062511995e-06,6.144177531850823e-06,6.144177531850823e-06
7.194132978569833e-09,3.7266388399128017e-06,0.0015011819937681247,2.5109990926928157e-08,1.1861120010657661e-08,1.4637785141237664e-12,7.194132978569833e-09,1.522997951276035e-08,1.0129987357628251e-05,1.8553914607279396e-07,1.4637785141237664e-12,1.8553914607279396e-07,1.125351754703302e-07,1.125351754703302e-07,3.3982678079468468e-09,8.878265478451776e-13,8.315279285380714e-07,6.914400106935422e-13,4.1399375473943306e-08,7.582560422162384e-10,9.736200303530205e-10
0.9999999847700205,0.9984988180062319,1.1399918530430558e-12,0.01798621187025419,3.9278634073828347e-07,0.0031726830692822717,7.484626298776402e-05,1.1861120010657661e-08,1.6701429809483402e-05,5.384940217751136e-13,4.363462233903899e-09,2.2603251062511995e-06,1.6052280526088547e-09,3.2661313427863805e-13,2.0611536181902033e-09,1.0129987357628251e-05,4.785094494835719e-06,5.905303995456778e-10,3.7266388399128017e-06,4.363462233903899e-09,5.043476486929152e-07
0.9999999987498471,0.047425873514159125,1.8795288165355504e-12,5.905303995456778e-10,1.0261879630648829e-10,1.4637785141237664e-12,6.144177531850823e-06,2.2603251062511995e-06,4.5397852420729034e-05,2.5109990926928157e-08,1.8795288165355504e-12,7.194132978569833e-09,1.522997951276035e-08,7.582560422162384e-10,7.582560422162384e-10,9.736200303530205e-10,6.475945666070602e-07,5.043476486929152e-07,1.0129987357628251e-05,2.4133627718273893e-12,1.2501528648238603e-09
3.2241866333029355e-08,2.2603251062511995e-06,2.2603251062511995e-06,2.5109990926928157e-08,4.1399375473943306e-08,1.9810087980485874e-13,6.825603724121505e-08,1.6918979223288786e-10,3.581747929000289e-10,2.646573631904765e-09,9.3576229688393e-14,1.5428112031916497e-13,3.3982678079468468e-09,1.5428112031916497e-13,1.1861120010657661e-08,1.3176514268359263e-10,1.5428112031916497e-13,2.940077739198032e-11,1.2015425731770343e-13,2.0611536181902033e-09,4.847368706035286e-11
0.9999999987498471,0.0003353500316799018,0.01798621187025419,0.01798621187025419,0.0293122327122782,1.8795288165355504e-12,0.006692851264816553,0.00012339461917113592,0.6224593312018546,0.047425873514159125,0.006692851264816553,6.144177531850823e-06,0.1824255149165352,3.7266388399128017e-06,2.4133627718273893e-12,2.7535687821746045e-05,0.11920291732853862,1.1399918530430558e-12,0.01798621187025419,0.0015011819937681247,1.8795288165355504e-12
0.9999999994094697,0.6224593312018546,7.484626298776402e-05,0.004070137783849419,7.582560422162384e-10,5.3157849718487075e-08,7.484626298776402e-05,8.423463754397692e-12,0.00020342704657999323,0.0003353500316799018,0.00012339461917113592,3.098819138712223e-12,1.6052280526088547e-09,1.2501528648238603e-09,1.2501528648238603e-09,6.560200168110742e-12,1.0129987357628251e-05,3.2241866333029355e-08,7.194132978569833e-09,9.736200303530205e-10,5.043476486929152e-07
0.9999999990263799,0.9959298622161507,1.8553914607279396e-07,5.043476486929152e-07,1.8795288165355504e-12,3.978962535821407e-12,1.1399918530430558e-12,8.315279285380714e-07,3.7266388399128017e-06,2.7535687821746045e-05,1.3709578605790399e-06,7.582560422162384e-10,8.878265478451776e-13,1.6052280526088547e-09,1.6052280526088547e-09,1.067702997323512e-06,8.764248496102855e-08,6.825603724121505e-08,3.9278634073828347e-07,4.599055376537186e-10,1.8553914607279396e-07
0.07585817323116975,0.99999627336116,8.423463754397692e-12,0.047425873514159125,1.3887943864771146e-11,7.484626298776402e-05,0.9999898700126424,0.01798621187025419,0.0293122327122782,1.7832472907828393e-11,0.047425873514159125,3.098819138712223e-12,2.4133627718273893e-12,0.9959298622161507,0.0015011819937681247,1.0129987357628251e-05,0.9933071487351834,0.0005527785524441057,0.997527377056997,3.978962535821407e-12,0.002472622943003016
0.9999986290421394,1.4449802095675026e-07,3.775134544136581e-11,5.384940217751136e-13,4.847368706035286e-11,4.363462233903899e-09,3.3982678079468468e-09,1.1399918530430558e-12,6.144177531850823e-06,3.7266388399128017e-06,1.4637785141237664e-12,5.384940217751136e-13,1.3887943864771146e-11,1.6052280526088547e-09,2.940077739198032e-11,7.991959892315218e-11,6.914400106935422e-13,8.423463754397692e-12,1.0815941557168708e-11,6.825603724121505e-08,2.7894680920908113e-10
0.0005527785524441057,0.9999724643121783,6.560200168110742e-12,0.7310585786300049,6.914400106935422e-13,0.047425873514159125,4.1937956583777856e-13,3.7266388399128017e-06,5.043476486929152e-07,0.0009110513587503459,6.914400106935422e-13,8.315279285380714e-07,3.059023363247549e-07,1.3709578605790399e-06,0.0003353500316799018,1.6701429809483402e-05,6.144177531850823e-06,5.384940217751136e-13,3.2241866333029355e-08,2.5109990926928157e-08,6.825603724121505e-08
0.9999999987498471,7.484626298776402e-05,1.1861120010657661e-08,2.1444958641491428e-05,1.4449802095675026e-07,2.2603251062511995e-06,2.9023119851992182e-06,2.5109990926928157e-08,2.5109990926928157e-08,9.237449576640118e-09,1.3709578605790399e-06,4.363462233903899e-09,2.646573631904765e-09,1.8553914607279396e-07,9.237449576640118e-09,2.646573631904765e-09,1.8795288165355504e-12,3.3982678079468468e-09,3.3982678079468468e-09,1.125351754703302e-07,4.363462233903899e-09
1.4449802095675026e-07,1.4449802095675026e-07,1.522997951276035e-08,1.522997951276035e-08,5.384940217751136e-13,3.3982678079468468e-09,1.6918979223288786e-10,2.5436656473762755e-13,1.9810087980485874e-13,9.736200303530205e-10,2.5436656473762755e-13,9.736200303530205e-10,4.847368706035286e-11,9.3576229688393e-14,9.3576229688393e-14,9.3576229688393e-14,2.940077739198032e-11,2.5109990926928157e-08,3.775134544136581e-11,2.1724399346070676e-10,1.955568070542584e-08
0.0015011819937681247,8.764248496102855e-08,6.560200168110742e-12,9.237449576640118e-09,0.002472622943003016,2.1724399346070676e-10,2.0611536181902033e-09,3.581747929000289e-10,4.363462233903899e-09,1.6052280526088547e-09,3.978962535821407e-12,6.224144622520382e-11,7.582560422162384e-10,5.043476486929152e-07,1.6918979223288786e-10,1.4637785141237664e-12,7.991959892315218e-11,4.1937956583777856e-13,8.878265478451776e-13,3.581747929000289e-10,6.914400106935422e-13
0.5,0.010986941578116867,2.5436656473762755e-13,1.0129987357628251e-05,1.3887943864771146e-11,6.144177531850823e-06,3.2661313427863805e-13,9.237449576640118e-09,3.581747929000289e-10,4.847368706035286e-11,4.599055376537186e-10,5.043476486929152e-07,4.847368706035286e-11,2.2603251062511995e-06,1.3709578605790399e-06,6.914400106935422e-13,3.581747929000289e-10,7.194132978569833e-09,1.8553914607279396e-07,2.1724399346070676e-10,1.6918979223288786e-10
2.2603251062511995e-06,0.00012339461917113592,3.3982678079468468e-09,9.736200303530205e-10,1.6701429809483402e-05,9.736200303530205e-10,8.878265478451776e-13,1.8553914607279396e-07,6.144177531850823e-06,2.7894680920908113e-10,1.6701429809483402e-05,5.905303995456778e-10,3.2661313427863805e-13,1.3709578605790399e-06,1.0129987357628251e-05,1.3709578605790399e-06,3.2661313427863805e-13,6.825603724121505e-08,8.315279285380714e-07,7.582560422162384e-10,8.315279285380714e-07
4.363462233903899e-09,7.194132978569833e-09,3.3982678079468468e-09,2.2603251062511995e-06,5.043476486929152e-07,2.4133627718273893e-12,1.2501528648238603e-09,1.955568070542584e-08,4.1399375473943306e-08,2.646573631904765e-09,3.2241866333029355e-08,2.7894680920908113e-10,5.905303995456778e-10,1.8795288165355504e-12,9.736200303530205e-10,1.4637785141237664e-12,1.522997951276035e-08,9.736200303530205e-10,9.736200303530205e-10,4.1399375473943306e-08,9.237449576640118e-09
0.9999999999377585,2.646573631904765e-09,0.9933071487351834,6.224144622520382e-11,0.99999627336116,6.224144622520382e-11,0.6224593312018546,2.940077739198032e-11,0.0015011819937681247,0.002472622943003016,0.2689414213699951,1.0129987357628251e-05,1.3887943864771146e-11,2.940077739198032e-11,7.484626298776402e-05,0.047425873514159125,0.7310585786300049,0.047425873514159125,0.11920291732853862,2.7535687821746045e-05,0.010986941578116867
0.9999999979388463,0.006692851264816553,4.5397852420729034e-05,1.6701429809483402e-05,1.0129987357628251e-05,0.00020342704657999323,1.8795288165355504e-12,2.4133627718273893e-12,6.144177531850823e-06,9.736200303530205e-10,1.4637785141237664e-12,7.582560422162384e-10,1.1399918530430558e-12,1.1399918530430558e-12,1.8795288165355504e-12,1.0129987357628251e-05,1.2501528648238603e-09,5.043476486929152e-07,2.4133627718273893e-12,1.125351754703302e-07,4.363462233903899e-09
0.9999251537370122,1.3709578605790399e-06,1.1861120010657661e-08,0.0009110513587503459,1.8553914607279396e-07,3.3982678079468468e-09,1.4449802095675026e-07,4.1399375473943306e-08,3.2241866333029355e-08,5.043476486929152e-07,3.059023363247549e-07,6.144177531850823e-06,3.2661313427863805e-13,2.5436656473762755e-13,1.4449802095675026e-07,3.2661313427863805e-13,5.043476486929152e-07,1.067702997323512e-06,9.237449576640118e-09,5.60279640614594e-09,6.825603724121505e-08
0.99999627336116,2.2603251062511995e-06,2.7894680920908113e-10,7.484626298776402e-05,7.582560422162384e-10,4.599055376537186e-10,2.0611536181902033e-09,6.914400106935422e-13,1.3176514268359263e-10,1.1399918530430558e-12,9.736200303530205e-10,5.384940217751136e-13,1.2501528648238603e-09,1.3176514268359263e-10,3.059023363247549e-07,1.8553914607279396e-07,2.646573631904765e-09,9.736200303530205e-10,6.224144622520382e-11,4.1399375473943306e-08,7.991959892315218e-11
0.9999997617630333,5.109089028037223e-12,0.0003353500316799018,5.6756852326324e-14,9.736200303530205e-10,4.420228103640978e-14,1.0129987357628251e-05,1.2015425731770343e-13,2.7535687821746045e-05,1.9810087980485874e-13,1.9810087980485874e-13,3.3982678079468468e-09,4.599055376537186e-10,4.599055376537186e-10,2.7535687821746045e-05,2.646573631904765e-09,1.3176514268359263e-10,4.847368706035286e-11,5.6756852326324e-14,1.6918979223288786e-10,3.581747929000289e-10
0.9999986290421394,0.997527377056997,2.7535687821746045e-05,1.955568070542584e-08,2.3823696679343503e-07,3.2241866333029355e-08,0.0015011819937681247,1.8553914607279396e-07,1.955568070542584e-08,3.7266388399128017e-06,8.315279285380714e-07,5.043476486929152e-07,5.384940217751136e-13,3.2241866333029355e-08,1.1399918530430558e-12,1.522997951276035e-08,8.878265478451776e-13,1.955568070542584e-08,1.3709578605790399e-06,7.194132978569833e-09,5.384940217751136e-13
0.9999999979388463,0.010986941578116867,5.043476486929152e-07,3.059023363247549e-07,8.315279285380714e-07,3.059023363247549e-07,1.955568070542584e-08,2.646573631904765e-09,1.8553914607279396e-07,1.8795288165355504e-12,5.905303995456778e-10,7.582560422162384e-10,3.2241866333029355e-08,3.2241866333029355e-08,5.60279640614594e-09,3.581747929000289e-10,3.3982678079468468e-09,1.2501528648238603e-09,9.237449576640118e-09,2.1724399346070676e-10,4.1399375473943306e-08
0.999999999782756,0.9999251537370122,0.8807970826714614,0.0293122327122782,0.0293122327122782,0.9998766053808288,0.9997965729534201,0.01798621187025419,0.010986941578116867,0.99966464996832,8.423463754397692e-12,2.7535687821746045e-05,7.484626298776402e-05,0.0009110513587503459,3.978962535821407e-12,0.9890130584218833,0.00020342704657999323,0.0009110513587503459,0.0009110513587503459,2.4133627718273893e-12,0.0005527785524441057
0.9999991684720715,3.7266388399128017e-06,1.125351754703302e-07,1.1399918530430558e-12,7.484626298776402e-05,8.878265478451776e-13,4.5397852420729034e-05,1.1399918530430558e-12,4.5397852420729034e-05,6.914400106935422e-13,1.6052280526088547e-09,6.144177531850823e-06,3.2661313427863805e-13,4.5397852420729034e-05,2.5436656473762755e-13,2.0611536181902033e-09,4.599055376537186e-10,1.6052280526088547e-09,1.2501528648238603e-09,3.3982678079468468e-09,1.6052280526088547e-09
0.9706877672877217,0.9525741264858409,0.5,2.5436656473762755e-13,1.8553914607279396e-07,1.2015425731770343e-13,1.9810087980485874e-13,0.1824255149165352,1.3709578605790399e-06,2.5436656473762755e-13,0.0005527785524441057,3.2661313427863805e-13,1.522997951276035e-08,1.125351754703302e-07,1.955568070542584e-08,6.825603724121505e-08,1.6052280526088547e-09,7.582560422162384e-10,1.125351754703302e-07,5.043476486929152e-07,1.2015425731770343e-13
0.9999898700126424,3.2241866333029355e-08,4.363462233903899e-09,9.237449576640118e-09,5.384940217751136e-13,1.7832472907828393e-11,5.905303995456778e-10,3.775134544136581e-11,1.8795288165355504e-12,1.4637785141237664e-12,1.522997951276035e-08,1.3176514268359263e-10,1.8553914607279396e-07,6.560200168110742e-12,1.3887943864771146e-11,4.1399375473943306e-08,1.3176514268359263e-10,1.0815941557168708e-11,1.955568070542584e-08,4.1937956583777856e-13,4.1399375473943306e-08
0.9999251537370122,2.2603251062511995e-06,2.0611536181902033e-09,4.599055376537186e-10,4.363462233903899e-09,7.582560422162384e-10,1.9810087980485874e-13,2.3823696679343503e-07,8.764248496102855e-08,2.5436656473762755e-13,4.1399375473943306e-08,1.3176514268359263e-10,4.363462233903899e-09,7.991959892315218e-11,5.3157849718487075e-08,9.237449576640118e-09,1.3176514268359263e-10,3.2661313427863805e-13,1.1861120010657661e-08,3.2661313427863805e-13,2.5109990926928157e-08
0.9706877672877217,9.237449576640118e-09,5.043476486929152e-07,1.8553914607279396e-07,8.423463754397692e-12,1.125351754703302e-07,2.2897348455931243e-11,6.914400106935422e-13,6.224144622520382e-11,2.5436656473762755e-13,1.1399918530430558e-12,1.522997951276035e-08,2.646573631904765e-09,1.5428112031916497e-13,1.0815941557168708e-11,5.905303995456778e-10,2.7894680920908113e-10,3.581747929000289e-10,1.9810087980485874e-13,1.4637785141237664e-12,5.905303995456778e-10
0.999999974890009,3.059023363247549e-07,1.1861120010657661e-08,1.2015425731770343e-13,5.3157849718487075e-08,4.1399375473943306e-08,2.2897348455931243e-11,1.7832472907828393e-11,3.2241866333029355e-08,2.2897348455931243e-11,1.6052280526088547e-09,5.60279640614594e-09,1.2501528648238603e-09,2.646573631904765e-09,4.420228103640978e-14,1.7832472907828393e-11,1.3176514268359263e-10,5.6756852326324e-14,2.646573631904765e-09,2.646573631904765e-09,7.582560422162384e-10
1.8553914607279396e-07,5.043476486929152e-07,1.6052280526088547e-09,1.2501528648238603e-09,7.991959892315218e-11,4.1937956583777856e-13,2.2603251062511995e-06,1.2501528648238603e-09,3.581747929000289e-10,1.4637785141237664e-12,2.5109990926928157e-08,1.4637785141237664e-12,1.125351754703302e-07,1.6052280526088547e-09,9.736200303530205e-10,1.1399918530430558e-12,1.955568070542584e-08,2.940077739198032e-11,4.1399375473943306e-08,1.6918979223288786e-10,2.1724399346070676e-10
0.9999999994094697,0.0005527785524441057,3.7266388399128017e-06,2.2603251062511995e-06,7.194132978569833e-09,8.764248496102855e-08,8.315279285380714e-07,2.5109990926928157e-08,2.5109990926928157e-08,7.194132978569833e-09,4.363462233903899e-09,1.955568070542584e-08,1.2015425731770343e-13,9.237449576640118e-09,5.3157849718487075e-08,5.043476486929152e-07,1.5428112031916497e-13,1.522997951276035e-08,1.522997951276035e-08,9.237449576640118e-09,2.646573631904765e-09
0.9999991684720715,0.07585817323116975,8.423463754397692e-12,1.8795288165355504e-12,3.098819138712223e-12,1.6701429809483402e-05,4.5397852420729034e-05,1.0129987357628251e-05,0.0009110513587503459,8.423463754397692e-12,5.109089028037223e-12,1.0129987357628251e-05,7.484626298776402e-05,7.484626298776402e-05,3.7266388399128017e-06,9.736200303530205e-10,1.0815941557168708e-11,2.7535687821746045e-05,7.484626298776402e-05,6.144177531850823e-06,1.2501528648238603e-09
0.0003353500316799018,0.1824255149165352,0.0003353500316799018,1.2501528648238603e-09,3.2661313427863805e-13,7.582560422162384e-10,1.6701429809483402e-05,2.646573631904765e-09,1.6918979223288786e-10,4.1937956583777856e-13,3.7266388399128017e-06,4.1937956583777856e-13,1.125351754703302e-07,4.1937956583777856e-13,4.363462233903899e-09,3.775134544136581e-11,2.5436656473762755e-13,2.5436656473762755e-13,4.599055376537186e-10,1.6052280526088547e-09,1.0261879630648829e-10
0.9999999677581336,0.8807970826714614,0.0003353500316799018,2.2603251062511995e-06,1.8553914607279396e-07,2.2603251062511995e-06,8.315279285380714e-07,4.1399375473943306e-08,7.194132978569833e-09,5.043476486929152e-07,1.8795288165355504e-12,0.0015011819937681247,5.043476486929152e-07,3.3982678079468468e-09,3.098819138712223e-12,1.125351754703302e-07,3.098819138712223e-12,1.6052280526088547e-09,7.484626298776402e-05,0.00020342704657999323,1.2501528648238603e-09
0.99999627336116,4.1399375473943306e-08,1.6052280526088547e-09,2.646573631904765e-09,1.522997951276035e-08,2.5436656473762755e-13,1.0129987357628251e-05,4.1937956583777856e-13,2.646573631904765e-09,2.940077739198032e-11,8.315279285380714e-07,2.5436656473762755e-13,5.043476486929152e-07,2.3823696679343503e-07,2.940077739198032e-11,3.2661313427863805e-13,1.7832472907828393e-11,1.7832472907828393e-11,1.5428112031916497e-13,2.5436656473762755e-13,1.955568070542584e-08
0.9999251537370122,4.5397852420729034e-05,0.0009110513587503459,0.0005527785524441057,5.60279640614594e-09,3.3982678079468468e-09,0.00012339461917113592,4.5397852420729034e-05,0.00012339461917113592,7.484626298776402e-05,4.5397852420729034e-05,5.905303995456778e-10,4.1399375473943306e-08,3.442477108469858e-14,9.3576229688393e-14,1.1861120010657661e-08,5.60279640614594e-09,3.3982678079468468e-09,4.420228103640978e-14,5.60279640614594e-09,3.581747929000289e-10
0.5,0.9999999586006244,0.0015011819937681247,0.006692851264816553,0.004070137783849419,0.004070137783849419,0.99966464996832,0.9998766053808288,0.01798621187025419,0.07585817323116975,0.047425873514159125,0.0003353500316799018,0.0015011819937681247,0.6224593312018546,0.0293122327122782,0.010986941578116867,1.1399918530430558e-12,0.0293122327122782,0.0015011819937681247,0.0293122327122782,5.109089028037223e-12
1.2501528648238603e-09,8.423463754397692e-12,1.3709578605790399e-06,1.3709578605790399e-06,1.0815941557168708e-11,1.3887943864771146e-11,3.775134544136581e-11,6.560200168110742e-12,2.940077739198032e-11,9.736200303530205e-10,1.4637785141237664e-12,2.0611536181902033e-09,5.109089028037223e-12,7.582560422162384e-10,4.363462233903899e-09,7.582560422162384e-10,1.9810087980485874e-13,1.2015425731770343e-13,1.3887943864771146e-11,2.2897348455931243e-11,2.0611536181902033e-09
0.9999251537370122,3.9278634073828347e-07,3.098819138712223e-12,2.646573631904765e-09,6.475945666070602e-07,0.001926734293943221,1.067702997323512e-06,0.0015011819937681247,3.059023363247549e-07,0.0007096703049020563,0.0009110513587503459,1.8553914607279396e-07,6.825603724121505e-08,2.3823696679343503e-07,1.4637785141237664e-12,3.7266388399128017e-06,1.522997951276035e-08,2.5109990926928157e-08,3.2241866333029355e-08,5.384940217751136e-13,6.475945666070602e-07
0.9959298622161507,0.0293122327122782,9.736200303530205e-10,4.599055376537186e-10,2.2897348455931243e-11,1.3709578605790399e-06,1.6918979223288786e-10,7.991959892315218e-11,1.3176514268359263e-10,5.384940217751136e-13,5.384940217751136e-13,1.3887943864771146e-11,3.2661313427863805e-13,8.423463754397692e-12,1.2015425731770343e-13,1.2015425731770343e-13,7.287724095819161e-14,5.60279640614594e-09,1.3887943864771146e-11,1.3887943864771146e-11,9.237449576640118e-09
0.9999999847700205,0.9999999847700205,0.9999977396748937,0.01798621187025419,0.9999546021475793,0.8175744850834648,0.9990889486412498,0.8807970826714614,0.0015011819937681247,0.047425873514159125,1.3887943864771146e-11,0.010986941578116867,0.6224593312018546,0.99966464996832,0.0003353500316799018,0.07585817323116975,1.8795288165355504e-12,1.6701429809483402e-05,0.9998766053808288,0.006692851264816553,3.7266388399128017e-06
0.9994472214475559,0.0003353500316799018,2.7894680920908113e-10,3.7266388399128017e-06,5.905303995456778e-10,2.2897348455931243e-11,3.442477108469858e-14,4.420228103640978e-14,2.6810038677817314e-14,3.442477108469858e-14,5.60279640614594e-09,5.60279640614594e-09,4.363462233903899e-09,7.991959892315218e-11,8.423463754397692e-12,5.3157849718487075e-08,1.7832472907828393e-11,1.955568070542584e-08,8.764248496102855e-08,1.522997951276035e-08,1.0815941557168708e-11
0.2689414213699951,0.0293122327122782,1.7832472907828393e-11,5.109089028037223e-12,0.99999627336116,0.07585817323116975,0.9999898700126424,3.978962535821407e-12,0.0015011819937681247,0.9999251537370122,0.010986941578116867,0.00012339461917113592,0.00012339461917113592,0.9998766053808288,3.978962535821407e-12,0.0005527785524441057,0.010986941578116867,0.006692851264816553,0.07585817323116975,0.010986941578116867,3.978962535821407e-12
3.7266388399128017e-06,0.0002611903101813263,7.582560422162384e-10,8.878265478451776e-13,1.8553914607279396e-07,2.0611536181902033e-09,2.0611536181902033e-09,8.764248496102855e-08,6.224144622520382e-11,2.0611536181902033e-09,3.2661313427863805e-13,7.194132978569833e-09,9.237449576640118e-09,4.847368706035286e-11,2.940077739198032e-11,3.3982678079468468e-09,2.5436656473762755e-13,3.2661313427863805e-13,1.3176514268359263e-10,1.9810087980485874e-13,1.5428112031916497e-13
0.9999999979388463,1.955568070542584e-08,1.6052280526088547e-09,5.905303995456778e-10,2.7894680920908113e-10,6.825603724121505e-08,4.599055376537186e-10,1.6918979223288786e-10,0.00012339461917113592,1.2501528648238603e-09,5.905303995456778e-10,6.224144622520382e-11,3.775134544136581e-11,3.2661313427863805e-13,4.599055376537186e-10,1.760343003490802e-06,2.5436656473762755e-13,4.847368706035286e-11,1.4449802095675026e-07,1.125351754703302e-07,6.224144622520382e-11
0.9999999992417439,3.3982678079468468e-09,1.067702997323512e-06,3.9278634073828347e-07,5.109089028037223e-12,2.7535687821746045e-05,0.00012339461917113592,1.6052280526088547e-09,1.125351754703302e-07,5.109089028037223e-12,1.0129987357628251e-05,3.3982678079468468e-09,1.6052280526088547e-09,2.2603251062511995e-06,2.2603251062511995e-06,1.3709578605790399e-06,5.60279640614594e-09,8.315279285380714e-07,5.043476486929152e-07,1.8553914607279396e-07,2.2603251062511995e-06
0.9999999996418252,0.9999986290421394,0.1824255149165352,0.9999251537370122,5.109089028037223e-12,5.109089028037223e-12,0.002472622943003016,0.006692851264816553,0.9998766053808288,0.0293122327122782,0.010986941578116867,1.8795288165355504e-12,0.047425873514159125,0.5,2.4133627718273893e-12,0.11920291732853862,0.9984988180062319,0.9706877672877217,2.4133627718273893e-12,0.006692851264816553,3.978962535821407e-12
0.9999999999934397,0.047425873514159125,0.6224593312018546,0.7310585786300049,0.002472622943003016,0.9998766053808288,0.9990889486412498,0.9990889486412498,5.109089028037223e-12,5.109089028037223e-12,0.0009110513587503459,0.997527377056997,0.0009110513587503459,0.006692851264816553,0.0005527785524441057,2.4133627718273893e-12,1.4637785141237664e-12,0.00020342704657999323,0.9525741264858409,0.8807970826714614,1.4637785141237664e-12
0.9999999992417439,0.0015011819937681247,7.991959892315218e-11,0.047425873514159125,0.002472622943003016,3.9278634073828347e-07,0.0009110513587503459,0.9999832985701905,0.00012339461917113592,0.0009110513587503459,3.7266388399128017e-06,4.5397852420729034e-05,0.0005527785524441057,0.00020342704657999323,6.560200168110742e-12,0.00012339461917113592,1.3709578605790399e-06,3.978962535821407e-12,0.9990889486412498,0.9890130584218833,1.0129987357628251e-05
0.9999832985701905,0.9706877672877217,5.109089028037223e-12,1.8553914607279396e-07,0.004070137783849419,3.978962535821407e-12,0.004070137783849419,0.002472622943003016,2.2603251062511995e-06,0.0009110513587503459,4.5397852420729034e-05,4.1399375473943306e-08,1.4637785141237664e-12,1.955568070542584e-08,6.825603724121505e-08,1.955568070542584e-08,1.3007123813725571e-05,1.522997951276035e-08,1.1861120010657661e-08,1.955568070542584e-08,8.315279285380714e-07
2.1724399346070676e-10,4.363462233903899e-09,1.6918979223288786e-10,7.991959892315218e-11,4.847368706035286e-11,7.991959892315218e-11,5.905303995456778e-10,1.2501528648238603e-09,7.991959892315218e-11,2.0611536181902033e-09,7.287724095819161e-14,1.8553914607279396e-07,2.940077739198032e-11,2.7894680920908113e-10,9.237449576640118e-09,5.6756852326324e-14,8.423463754397692e-12,4.599055376537186e-10,2.2897348455931243e-11,7.287724095819161e-14,5.6756852326324e-14
0.9999996940976636,0.9999898700126424,0.99966464996832,0.9994472214475559,0.004070137783849419,0.8175744850834648,0.8175744850834648,0.0003353500316799018,4.5397852420729034e-05,8.315279285380714e-07,4.1937956583777856e-13,1.3709578605790399e-06,2.7535687821746045e-05,6.144177531850823e-06,0.2689414213699951,2.2603251062511995e-06,5.384940217751136e-13,1.5428112031916497e-13,5.043476486929152e-07,0.002472622943003016,2.2603251062511995e-06
0.9999994956523514,6.144177531850823e-06,1.522997951276035e-08,9.237449576640118e-09,2.646573631904765e-09,9.736200303530205e-10,8.764248496102855e-08,2.4133627718273893e-12,2.4133627718273893e-12,2.646573631904765e-09,1.8553914607279396e-07,1.1399918530430558e-12,8.878265478451776e-13,5.905303995456778e-10,3.581747929000289e-10,3.2241866333029355e-08,1.1399918530430558e-12,5.905303995456778e-10,5.3157849718487075e-08,2.1724399346070676e-10,1.4637785141237664e-12
0.010986941578116867,0.047425873514159125,2.0611536181902033e-09,7.889264466933239e-06,3.581747929000289e-10,9.736200303530205e-10,1.760343003490802e-06,6.914400106935422e-13,1.3709578605790399e-06,6.914400106935422e-13,1.125351754703302e-07,5.905303995456778e-10,3.2661313427863805e-13,3.2661313427863805e-13,1.6052280526088547e-09,6.825603724121505e-08,5.905303995456778e-10,1.8553914607279396e-07,1.2501528648238603e-09,8.764248496102855e-08,9.736200303530205e-10
0.9999999928058669,0.0293122327122782,2.9023119851992182e-06,4.1399375473943306e-08,2.1444958641491428e-05,1.955568070542584e-08,2.2603251062511995e-06,8.315279285380714e-07,1.760343003490802e-06,8.764248496102855e-08,1.955568070542584e-08,1.1861120010657661e-08,1.8553914607279396e-07,1.760343003490802e-06,8.315279285380714e-07,6.475945666070602e-07,3.098819138712223e-12,1.8553914607279396e-07,5.109089028037223e-12,3.098819138712223e-12,5.3157849718487075e-08
1.8553914607279396e-07,0.8807970826714614,1.4449802095675026e-07,2.5436656473762755e-13,5.043476486929152e-07,9.736200303530205e-10,3.9278634073828347e-07,1.067702997323512e-06,8.315279285380714e-07,1.125351754703302e-07,1.955568070542584e-08,2.7894680920908113e-10,4.599055376537186e-10,4.1399375473943306e-08,5.905303995456778e-10,0.004070137783849419,1.1861120010657661e-08,6.144177531850823e-06,5.60279640614594e-09,1.0129987357628251e-05,7.991959892315218e-11
0.2689414213699951,0.6224593312018546,4.1399375473943306e-08,0.002472622943003016,1.6052280526088547e-09,5.3157849718487075e-08,2.646573631904765e-09,3.3982678079468468e-09,1.8553914607279396e-07,1.6701429809483402e-05,7.582560422162384e-10,7.582560422162384e-10,2.9023119851992182e-06,1.8795288165355504e-12,1.6052280526088547e-09,1.8553914607279396e-07,8.764248496102855e-08,5.384940217751136e-13,7.582560422162384e-10,1.1399918530430558e-12,1.0129987357628251e-05
1.522997951276035e-08,0.0015011819937681247,3.3982678079468468e-09,4.1937956583777856e-13,9.237449576640118e-09,2.9023119851992182e-06,3.7266388399128017e-06,8.764248496102855e-08,5.60279640614594e-09,2.9023119851992182e-06,6.144177531850823e-06,1.4637785141237664e-12,4.1937956583777856e-13,1.8553914607279396e-07,1.3709578605790399e-06,2.0611536181902033e-09,4.1937956583777856e-13,9.736200303530205e-10,2.646573631904765e-09,4.599055376537186e-10,5.3157849718487075e-08
1.955568070542584e-08,1.0261879630648829e-10,2.646573631904765e-09,6.560200168110742e-12,3.3982678079468468e-09,2.0611536181902033e-09,1.522997951276035e-08,7.194132978569833e-09,1.1861120010657661e-08,3.3982678079468468e-09,4.363462233903899e-09,3.098819138712223e-12,1.8553914607279396e-07,1.8553914607279396e-07,3.098819138712223e-12,1.6052280526088547e-09,1.125351754703302e-07,3.3982678079468468e-09,3.098819138712223e-12,3.2241866333029355e-08,9.237449576640118e-09
0.8175744850834648,0.8807970826714614,0.0293122327122782,0.9990889486412498,0.9999832985701905,0.9820137881297458,0.01798621187025419,0.7310585786300049,0.07585817323116975,1.0815941557168708e-11,5.109089028037223e-12,2.2603251062511995e-06,0.006692851264816553,0.997527377056997,8.423463754397692e-12,0.9525741264858409,1.6701429809483402e-05,1.3709578605790399e-06,1.3709578605790399e-06,0.004070137783849419,0.2689414213699951
6.825603724121505e-08,5.60279640614594e-09,4.1399375473943306e-08,5.109089028037223e-12,1.6918979223288786e-10,1.125351754703302e-07,7.484626298776402e-05,2.7535687821746045e-05,2.5109990926928157e-08,3.978962535821407e-12,9.736200303530205e-10,3.059023363247549e-07,2.2603251062511995e-06,5.60279640614594e-09,3.3982678079468468e-09,5.109089028037223e-12,3.978962535821407e-12,2.0611536181902033e-09,1.6052280526088547e-09,5.043476486929152e-07,3.059023363247549e-07
0.9990889486412498,0.01798621187025419,4.599055376537186e-10,4.599055376537186e-10,6.914400106935422e-13,1.2501528648238603e-09,3.775134544136581e-11,3.059023363247549e-07,7.582560422162384e-10,1.125351754703302e-07,6.914400106935422e-13,4.847368706035286e-11,9.237449576640118e-09,3.978962535821407e-12,3.098819138712223e-12,6.560200168110742e-12,1.6052280526088547e-09,2.5436656473762755e-13,1.7832472907828393e-11,2.2897348455931243e-11,1.8795288165355504e-12
0.7310585786300049,8.315279285380714e-07,3.059023363247549e-07,1.2015425731770343e-13,9.237449576640118e-09,0.047425873514159125,1.9810087980485874e-13,0.010986941578116867,5.384940217751136e-13,4.1937956583777856e-13,5.043476486929152e-07,0.0009110513587503459,5.905303995456778e-10,5.043476486929152e-07,6.144177531850823e-06,2.646573631904765e-09,3.2661313427863805e-13,1.1861120010657661e-08,1.5428112031916497e-13,2.5109990926928157e-08,3.2661313427863805e-13
0.999999814460854,0.9999251537370122,0.9241418267688302,7.484626298776402e-05,6.144177531850823e-06,6.560200168110742e-12,1.8553914607279396e-07,3.059023363247549e-07,1.125351754703302e-07,4.1399375473943306e-08,5.043476486929152e-07,3.098819138712223e-12,0.00012339461917113592,4.1399375473943306e-08,2.7535687821746045e-05,1.1861120010657661e-08,4.363462233903899e-09,1.2501528648238603e-09,3.059023363247549e-07,1.522997951276035e-08,5.3157849718487075e-08
0.5,6.144177531850823e-06,0.0015011819937681247,5.60279640614594e-09,3.7266388399128017e-06,1.0815941557168708e-11,4.363462233903899e-09,3.7266388399128017e-06,4.363462233903899e-09,2.0611536181902033e-09,1.2501528648238603e-09,5.109089028037223e-12,6.144177531850823e-06,4.785094494835719e-06,4.363462233903899e-09,2.2603251062511995e-06,2.646573631904765e-09,1.2501528648238603e-09,1.3709578605790399e-06,5.109089028037223e-12,7.582560422162384e-10
0.9999999956365377,1.3887943864771146e-11,1.4637785141237664e-12,3.059023363247549e-07,5.384940217751136e-13,4.1399375473943306e-08,3.2241866333029355e-08,0.0015011819937681247,5.384940217751136e-13,0.0003353500316799018,0.0003353500316799018,1.6918979223288786e-10,2.1444958641491428e-05,7.194132978569833e-09,4.1937956583777856e-13,4.1399375473943306e-08,1.955568070542584e-08,7.991959892315218e-11,1.955568070542584e-08,6.914400106935422e-13,6.475945666070602e-07
2.7535687821746045e-05,1.6052280526088547e-09,1.3176514268359263e-10,1.0261879630648829e-10,3.098819138712223e-12,9.862862046580357e-15,1.4637785141237664e-12,1.3709578605790399e-06,1.7832472907828393e-11,3.581747929000289e-10,3.978962535821407e-12,3.098819138712223e-12,1.522997951276035e-08,7.991959892315218e-11,8.423463754397692e-12,3.098819138712223e-12,3.978962535821407e-12,3.978962535821407e-12,1.3176514268359263e-10,2.1724399346070676e-10,1.522997951276035e-08
0.9997965729534201,0.0003353500316799018,1.4637785141237664e-12,2.646573631904765e-09,5.3157849718487075e-08,3.2241866333029355e-08,8.764248496102855e-08,7.889264466933239e-06,2.646573631904765e-09,8.878265478451776e-13,3.2241866333029355e-08,3.9278634073828347e-07,3.3982678079468468e-09,2.0611536181902033e-09,2.646573631904765e-09,4.1399375473943306e-08,5.3157849718487075e-08,2.646573631904765e-09,1.1399918530430558e-12,1.1861120010657661e-08,6.825603724121505e-08
0.002472622943003016,0.0009110513587503459,1.6052280526088547e-09,3.3982678079468468e-09,1.1861120010657661e-08,3.3982678079468468e-09,0.00020342704657999323,0.00012339461917113592,1.125351754703302e-07,2.646573631904765e-09,7.287724095819161e-14,7.287724095819161e-14,4.599055376537186e-10,7.194132978569833e-09,2.7535687821746045e-05,5.60279640614594e-09,2.6810038677817314e-14,7.582560422162384e-10,1.522997951276035e-08,2.646573631904765e-09,1.6052280526088547e-09
3.581747929000289e-10,1.4637785141237664e-12,1.3176514268359263e-10,2.9023119851992182e-06,1.5428112031916497e-13,1.6052280526088547e-09,6.224144622520382e-11,2.7894680920908113e-10,1.5428112031916497e-13,6.475945666070602e-07,7.287724095819161e-14,3.775134544136581e-11,7.582560422162384e-10,1.125351754703302e-07,5.905303995456778e-10,5.3157849718487075e-08,4.599055376537186e-10,3.581747929000289e-10,2.7894680920908113e-10,1.1861120010657661e-08,1.2015425731770343e-13
0.99999998813888,5.60279640614594e-09,0.9525741264858409,1.0129987357628251e-05,0.0003353500316799018,3.7266388399128017e-06,8.315279285380714e-07,0.006692851264816553,0.006692851264816553,1.125351754703302e-07,4.1937956583777856e-13,4.1399375473943306e-08,6.914400106935422e-13,7.194132978569833e-09,0.00020342704657999323,2.646573631904765e-09,1.3709578605790399e-06,8.315279285380714e-07,2.5109990926928157e-08,1.1399918530430558e-12,4.1399375473943306e-08
0.9999724643121783,1.6052280526088547e-09,3.442477108469858e-14,1.3887943864771146e-11,1.6261110446177924e-14,2.940077739198032e-11,1.3709578605790399e-06,5.6756852326324e-14,2.6810038677817314e-14,2.940077739198032e-11,4.847368706035286e-11,1.0815941557168708e-11,2.0611536181902033e-09,2.4133627718273893e-12,5.109089028037223e-12,1.6052280526088547e-09,8.423463754397692e-12,3.442477108469858e-14,5.60279640614594e-09,1.522997951276035e-08,1.522997951276035e-08
0.1824255149165352,1.2501528648238603e-09,1.2015425731770343e-13,1.2015425731770343e-13,1.6918979223288786e-10,1.6918979223288786e-10,2.7894680920908113e-10,4.847368706035286e-11,4.847368706035286e-11,2.7894680920908113e-10,5.60279640614594e-09,1.3887943864771146e-11,2.0611536181902033e-09,3.775134544136581e-11,3.3982678079468468e-09,5.6756852326324e-14,7.287724095819161e-14,9.3576229688393e-14,2.1724399346070676e-10,1.6918979223288786e-10,1.0261879630648829e-10
0.9999999990263799,0.006692851264816553,0.7310585786300049,3.059023363247549e-07,0.0293122327122782,2.5436656473762755e-13,0.01798621187025419,0.0015011819937681247,0.0015011819937681247,3.3982678079468468e-09,1.125351754703302e-07,6.825603724121505e-08,2.5109990926928157e-08,2.5436656473762755e-13,3.2661313427863805e-13,1.5428112031916497e-13,1.2015425731770343e-13,9.736200303530205e-10,4.1937956583777856e-13,7.194132978569833e-09,5.384940217751136e-13
0.2689414213699951,0.8807970826714614,0.00012339461917113592,0.07585817323116975,0.004070137783849419,4.1937956583777856e-13,8.315279285380714e-07,3.2661313427863805e-13,3.2661313427863805e-13,5.043476486929152e-07,0.00012339461917113592,5.3157849718487075e-08,7.582560422162384e-10,4.599055376537186e-10,5.3157849718487075e-08,1.3709578605790399e-06,1.6918979223288786e-10,1.2015425731770343e-13,3.2661313427863805e-13,5.384940217751136e-13,1.6052280526088547e-09
1.6701429809483402e-05,0.0003353500316799018,9.237449576640118e-09,2.9023119851992182e-06,1.955568070542584e-08,6.914400106935422e-13,1.2501528648238603e-09,1.4449802095675026e-07,1.125351754703302e-07,8.878265478451776e-13,7.194132978569833e-09,4.1399375473943306e-08,1.2501528648238603e-09,1.8553914607279396e-07,2.646573631904765e-09,8.764248496102855e-08,5.384940217751136e-13,3.3982678079468468e-09,4.1399375473943306e-08,1.522997951276035e-08,9.237449576640118e-09
0.9999999804443193,0.9984988180062319,0.0009110513587503459,8.764248496102855e-08,0.0015011819937681247,1.522997951276035e-08,1.3007123813725571e-05,5.043476486929152e-07,1.955568070542584e-08,1.6052280526088547e-09,9.237449576640118e-09,2.3823696679343503e-07,3.059023363247549e-07,4.1399375473943306e-08,7.194132978569833e-09,2.646573631904765e-09,9.237449576640118e-09,2.646573631904765e-09,5.384940217751136e-13,8.764248496102855e-08,8.315279285380714e-07
0.9999999999915765,0.9999999956365377,0.9999996940976636,0.99999627336116,0.99999627336116,0.9999251537370122,0.07585817323116975,0.9999724643121783,0.9933071487351834,7.991959892315218e-11,0.9525741264858409,0.0009110513587503459,0.0005527785524441057,0.9990889486412498,0.9998766053808288,0.99966464996832,5.109089028037223e-12,0.9990889486412498,0.9999251537370122,0.00020342704657999323,0.9984988180062319
1.6701429809483402e-05,3.2241866333029355e-08,2.646573631904765e-09,1.2501528648238603e-09,1.9810087980485874e-13,2.4133627718273893e-12,2.1724399346070676e-10,5.109089028037223e-12,2.2897348455931243e-11,6.825603724121505e-08,3.059023363247549e-07,5.043476486929152e-07,6.560200168110742e-12,6.224144622520382e-11,9.237449576640118e-09,1.125351754703302e-07,8.423463754397692e-12,1.3887943864771146e-11,1.522997951276035e-08,6.914400106935422e-13,1.0261879630648829e-10
5.60279640614594e-09,6.224144622520382e-11,4.599055376537186e-10,2.2897348455931243e-11,8.423463754397692e-12,1.3176514268359263e-10,1.1399918530430558e-12,8.423463754397692e-12,6.825603724121505e-08,1.955568070542584e-08,5.109089028037223e-12,7.194132978569833e-09,2.0611536181902033e-09,1.0261879630648829e-10,9.237449576640118e-09,2.1724399346070676e-10,1.8795288165355504e-12,1.8795288165355504e-12,3.3982678079468468e-09,5.384940217751136e-13,7.991959892315218e-11
0.9999993524054335,7.582560422162384e-10,1.8553914607279396e-07,9.610239214580367e-05,1.3007123813725571e-05,2.1444958641491428e-05,4.5397852420729034e-05,1.1399918530430558e-12,7.889264466933239e-06,1.8553914607279396e-07,5.043476486929152e-07,3.059023363247549e-07,3.059023363247549e-07,3.059023363247549e-07,4.1399375473943306e-08,1.522997951276035e-08,2.4133627718273893e-12,5.3157849718487075e-08,8.315279285380714e-07,5.043476486929152e-07,5.3157849718487075e-08
3.059023363247549e-07,0.047425873514159125,2.5109990926928157e-08,2.1724399346070676e-10,3.7266388399128017e-06,3.2241866333029355e-08,4.1937956583777856e-13,8.764248496102855e-08,1.8553914607279396e-07,8.764248496102855e-08,6.224144622520382e-11,7.991959892315218e-11,5.3157849718487075e-08,6.825603724121505e-08,1.3176514268359263e-10,7.991959892315218e-11,3.775134544136581e-11,3.581747929000289e-10,6.224144622520382e-11,1.8553914607279396e-07,1.9810087980485874e-13
0.999999814460854,1.7832472907828393e-11,7.194132978569833e-09,0.00012339461917113592,2.7535687821746045e-05,2.646573631904765e-09,1.6052280526088547e-09,2.2897348455931243e-11,8.423463754397692e-12,9.3576229688393e-14,1.2015425731770343e-13,3.581747929000289e-10,1.3176514268359263e-10,5.6756852326324e-14,3.978962535821407e-12,1.0815941557168708e-11,1.7832472907828393e-11,1.8795288165355504e-12,1.2501528648238603e-09,2.940077739198032e-11,1.6261110446177924e-14
1.1861120010657661e-08,0.00012339461917113592,2.646573631904765e-09,7.194132978569833e-09,1.6052280526088547e-09,7.194132978569833e-09,1.760343003490802e-06,1.125351754703302e-07,6.144177531850823e-06,5.60279640614594e-09,3.9278634073828347e-07,3.9278634073828347e-07,9.237449576640118e-09,2.3823696679343503e-07,2.3823696679343503e-07,1.4449802095675026e-07,1.4637785141237664e-12,1.8795288165355504e-12,1.125351754703302e-07,7.194132978569833e-09,3.2241866333029355e-08
0.9999999677581336,0.9990889486412498,0.9998766053808288,1.7832472907828393e-11,0.00012339461917113592,0.0009110513587503459,2.7535687821746045e-05,1.0815941557168708e-11,0.0005527785524441057,0.00012339461917113592,2.7535687821746045e-05,0.9706877672877217,0.9241418267688302,0.9525741264858409,7.484626298776402e-05,8.423463754397692e-12,3.098819138712223e-12,3.978962535821407e-12,4.5397852420729034e-05,3.978962535821407e-12,5.043476486929152e-07
5.905303995456778e-10,9.736200303530205e-10,1.8795288165355504e-12,3.978962535821407e-12,5.905303995456778e-10,3.2661313427863805e-13,6.914400106935422e-13,1.3887943864771146e-11,2.1724399346070676e-10,8.423463754397692e-12,5.60279640614594e-09,3.581747929000289e-10,3.581747929000289e-10,1.3176514268359263e-10,2.5436656473762755e-13,1.7832472907828393e-11,1.8553914607279396e-07,7.194132978569833e-09,7.991959892315218e-11,7.991959892315218e-11,7.194132978569833e-09
0.002472622943003016,0.9999898700126424,0.0005527785524441057,0.2689414213699951,0.11920291732853862,3.2661313427863805e-13,4.420228103640978e-14,0.004070137783849419,5.043476486929152e-07,2.7535687821746045e-05,4.1399375473943306e-08,1.8553914607279396e-07,3.7266388399128017e-06,1.3709578605790399e-06,2.5109990926928157e-08,2.7535687821746045e-05,3.2661313427863805e-13,8.764248496102855e-08,4.5397852420729034e-05,1.125351754703302e-07,1.125351754703302e-07
0.9999982396569965,2.5109990926928157e-08,4.599055376537186e-10,2.646573631904765e-09,3.581747929000289e-10,5.384940217751136e-13,6.914400106935422e-13,2.5109990926928157e-08,1.955568070542584e-08,1.522997951276035e-08,3.3982678079468468e-09,4.363462233903899e-09,2.0611536181902033e-09,3.3982678079468468e-09,5.905303995456778e-10,8.878265478451776e-13,6.914400106935422e-13,1.6052280526088547e-09,2.1724399346070676e-10,2.3823696679343503e-07,3.581747929000289e-10
0.99999627336116,0.2689414213699951,7.582560422162384e-10,7.582560422162384e-10,3.7266388399128017e-06,8.315279285380714e-07,2.2897348455931243e-11,2.2897348455931243e-11,3.2661313427863805e-13,4.1937956583777856e-13,7.582560422162384e-10,3.098819138712223e-12,1.955568070542584e-08,3.098819138712223e-12,1.955568070542584e-08,7.582560422162384e-10,1.2015425731770343e-13,3.3982678079468468e-09,2.940077739198032e-11,7.287724095819161e-14,1.8795288165355504e-12
5.3157849718487075e-08,0.9525741264858409,0.0015011819937681247,0.0009110513587503459,0.0005527785524441057,0.00012339461917113592,6.825603724121505e-08,4.599055376537186e-10,5.3157849718487075e-08,6.914400106935422e-13,5.3157849718487075e-08,5.905303995456778e-10,1.0129987357628251e-05,1.6918979223288786e-10,4.363462233903899e-09,2.3823696679343503e-07,1.1399918530430558e-12,3.3982678079468468e-09,1.955568070542584e-08,3.581747929000289e-10,2.646573631904765e-09
3.775134544136581e-11,1.8795288165355504e-12,1.2664165549094015e-14,5.384940217751136e-13,1.0815941557168708e-11,3.098819138712223e-12,4.847368706035286e-11,1.7832472907828393e-11,3.3982678079468468e-09,1.8795288165355504e-12,1.6261110446177924e-14,6.224144622520382e-11,3.978962535821407e-12,6.224144622520382e-11,6.560200168110742e-12,2.4133627718273893e-12,1.3176514268359263e-10,7.681204685202035e-15,2.1724399346070676e-10,1.4637785141237664e-12,4.847368706035286e-11
0.1824255149165352,3.9278634073828347e-07,1.4637785141237664e-12,1.955568070542584e-08,8.878265478451776e-13,3.2241866333029355e-08,1.955568070542584e-08,1.955568070542584e-08,0.0015011819937681247,1.1861120010657661e-08,4.599055376537186e-10,1.6701429809483402e-05,2.646573631904765e-09,1.6052280526088547e-09,4.785094494835719e-06,4.599055376537186e-10,8.878265478451776e-13,3.9278634073828347e-07,8.878265478451776e-13,1.1399918530430558e-12,4.599055376537186e-10
0.999999855501979,0.2689414213699951,1.522997951276035e-08,7.484626298776402e-05,6.914400106935422e-13,5.905303995456778e-10,1.6701429809483402e-05,2.0611536181902033e-09,1.6052280526088547e-09,1.955568070542584e-08,3.581747929000289e-10,9.736200303530205e-10,5.043476486929152e-07,3.3982678079468468e-09,6.475945666070602e-07,7.582560422162384e-10,2.1724399346070676e-10,1.0261879630648829e-10,6.914400106935422e-13,5.384940217751136e-13,3.2661313427863805e-13
8.764248496102855e-08,4.847368706035286e-11,9.736200303530205e-10,3.581747929000289e-10,4.363462233903899e-09,3.7266388399128017e-06,9.237449576640118e-09,1.6052280526088547e-09,1.5428112031916497e-13,1.2501528648238603e-09,4.599055376537186e-10,2.5109990926928157e-08,2.3823696679343503e-07,1.5428112031916497e-13,1.5428112031916497e-13,3.581747929000289e-10,8.764248496102855e-08,1.2015425731770343e-13,1.6052280526088547e-09,1.955568070542584e-08,2.5436656473762755e-13
0.01798621187025419,1.4449802095675026e-07,1.2501528648238603e-09,5.60279640614594e-09,1.3007123813725571e-05,9.736200303530205e-10,3.978962535821407e-12,2.4133627718273893e-12,4.1399375473943306e-08,4.599055376537186e-10,9.736200303530205e-10,1.2501528648238603e-09,2.0611536181902033e-09,3.581747929000289e-10,4.1399375473943306e-08,1.2501528648238603e-09,6.825603724121505e-08,1.8795288165355504e-12,2.9023119851992182e-06,1.4637785141237664e-12,1.4449802095675026e-07
0.9999999999622486,0.9999986290421394,0.002472622943003016,1.3887943864771146e-11,6.560200168110742e-12,0.6224593312018546,2.4133627718273893e-12,3.7266388399128017e-06,0.0003353500316799018,6.560200168110742e-12,1.8553914607279396e-07,4.5397852420729034e-05,2.2603251062511995e-06,0.002472622943003016,8.315279285380714e-07,5.109089028037223e-12,5.043476486929152e-07,0.00012339461917113592,3.2241866333029355e-08,2.5109990926928157e-08,2.7535687821746045e-05
0.9994472214475559,1.8553914607279396e-07,0.0003353500316799018,9.237449576640118e-09,2.0611536181902033e-09,1.6052280526088547e-09,8.764248496102855e-08,3.098819138712223e-12,3.978962535821407e-12,5.60279640614594e-09,2.0611536181902033e-09,3.098819138712223e-12,1.125351754703302e-07,1.2501528648238603e-09,1.6052280526088547e-09,1.2501528648238603e-09,3.2241866333029355e-08,4.599055376537186e-10,1.4637785141237664e-12,2.0611536181902033e-09,1.6052280526088547e-09
0.9241418267688302,3.581747929000289e-10,7.991959892315218e-11,9.3576229688393e-14,1.6918979223288786e-10,2.4133627718273893e-12,9.3576229688393e-14,5.905303995456778e-10,3.442477108469858e-14,9.736200303530205e-10,3.978962535821407e-12,2.2897348455931243e-11,4.420228103640978e-14,1.6918979223288786e-10,1.8795288165355504e-12,1.0815941557168708e-11,3.098819138712223e-12,1.7832472907828393e-11,5.60279640614594e-09,3.978962535821407e-12,4.847368706035286e-11
2.7894680920908113e-10,0.0293122327122782,0.010986941578116867,9.736200303530205e-10,4.5397852420729034e-05,4.420228103640978e-14,1.2501528648238603e-09,4.363462233903899e-09,5.60279640614594e-09,7.484626298776402e-05,2.0611536181902033e-09,2.940077739198032e-11,1.4449802095675026e-07,1.7832472907828393e-11,4.599055376537186e-10,1.6918979223288786e-10,5.3157849718487075e-08,2.0611536181902033e-09,1.4449802095675026e-07,2.940077739198032e-11,1.955568070542584e-08
0.9999991684720715,0.0005527785524441057,9.736200303530205e-10,3.3982678079468468e-09,5.60279640614594e-09,0.00020342704657999323,7.194132978569833e-09,3.3982678079468468e-09,4.1399375473943306e-08,1.2501528648238603e-09,2.5436656473762755e-13,5.905303995456778e-10,1.5428112031916497e-13,2.2603251062511995e-06,9.3576229688393e-14,2.1724399346070676e-10,1.0261879630648829e-10,1.0261879630648829e-10,1.6918979223288786e-10,1.3176514268359263e-10,2.5109990926928157e-08
0.9999999999771028,0.37754066879814546,0.9984988180062319,0.9999938558224682,1.0815941557168708e-11,1.3887943864771146e-11,0.9999832985701905,0.047425873514159125,0.0015011819937681247,0.0009110513587503459,0.006692851264816553,1.8795288165355504e-12,0.00020342704657999323,5.109089028037223e-12,0.0005527785524441057,0.997527377056997,7.484626298776402e-05,6.144177531850823e-06,0.997527377056997,0.9933071487351834,1.4637785141237664e-12
0.99999627336116,1.8553914607279396e-07,7.194132978569833e-09,7.582560422162384e-10,5.905303995456778e-10,2.1724399346070676e-10,3.2241866333029355e-08,7.582560422162384e-10,7.582560422162384e-10,1.6701429809483402e-05,6.144177531850823e-06,2.7894680920908113e-10,2.4133627718273893e-12,2.2603251062511995e-06,7.582560422162384e-10,4.599055376537186e-10,1.0261879630648829e-10,1.4449802095675026e-07,1.522997951276035e-08,1.1861120010657661e-08,6.914400106935422e-13
0.07585817323116975,2.2897348455931243e-11,1.1399918530430558e-12,1.0261879630648829e-10,1.8795288165355504e-12,6.144177531850823e-06,3.3982678079468468e-09,6.144177531850823e-06,3.581747929000289e-10,2.1724399346070676e-10,3.059023363247549e-07,4.363462233903899e-09,8.764248496102855e-08,3.581747929000289e-10,5.043476486929152e-07,6.224144622520382e-11,2.1724399346070676e-10,2.7894680920908113e-10,2.0611536181902033e-09,9.736200303530205e-10,6.914400106935422e-13
0.9999999995400946,0.9999982396569965,0.004070137783849419,2.7535687821746045e-05,3.775134544136581e-11,0.9890130584218833,1.3887943864771146e-11,2.940077739198032e-11,0.997527377056997,0.9933071487351834,1.3887943864771146e-11,6.144177531850823e-06,0.00020342704657999323,0.004070137783849419,0.010986941578116867,3.7266388399128017e-06,0.11920291732853862,0.0015011819937681247,0.0009110513587503459,5.109089028037223e-12,0.00012339461917113592
0.9999898700126424,0.0015011819937681247,3.581747929000289e-10,4.599055376537186e-10,2.7535687821746045e-05,2.7535687821746045e-05,7.484626298776402e-05,1.6052280526088547e-09,3.7266388399128017e-06,1.7832472907828393e-11,1.0815941557168708e-11,5.905303995456778e-10,1.6918979223288786e-10,2.2897348455931243e-11,7.991959892315218e-11,1.2015425731770343e-13,1.2015425731770343e-13,1.6918979223288786e-10,5.905303995456778e-10,6.224144622520382e-11,4.599055376537186e-10
0.9998766053808288,1.7832472907828393e-11,5.384940217751136e-13,8.878265478451776e-13,1.6701429809483402e-05,1.8795288165355504e-12,5.60279640614594e-09,1.8795288165355504e-12,7.194132978569833e-09,9.736200303530205e-10,1.1399918530430558e-12,7.194132978569833e-09,1.3176514268359263e-10,8.878265478451776e-13,6.825603724121505e-08,7.194132978569833e-09,1.7832472907828393e-11,7.991959892315218e-11,1.0261879630648829e-10,3.2241866333029355e-08,2.1724399346070676e-10
0.9999999987498471,0.9999898700126424,3.098819138712223e-12,0.0293122327122782,1.6701429809483402e-05,0.8175744850834648,0.00012339461917113592,0.0015011819937681247,3.978962535821407e-12,0.9241418267688302,0.7310585786300049,4.5397852420729034e-05,1.4637785141237664e-12,7.484626298776402e-05,5.109089028037223e-12,4.5397852420729034e-05,7.484626298776402e-05,7.484626298776402e-05,0.0005527785524441057,1.6701429809483402e-05,0.00012339461917113592
0.9999999956365377,1.6918979223288786e-10,3.098819138712223e-12,4.1399375473943306e-08,1.1399918530430558e-12,1.8795288165355504e-12,3.3982678079468468e-09,5.60279640614594e-09,1.1861120010657661e-08,3.978962535821407e-12,5.043476486929152e-07,3.978962535821407e-12,5.3157849718487075e-08,3.059023363247549e-07,4.363462233903899e-09,5.60279640614594e-09,4.363462233903899e-09,1.8795288165355504e-12,2.5109990926928157e-08,1.4637785141237664e-12,1.1861120010657661e-08
0.010986941578116867,9.736200303530205e-10,1.0815941557168708e-11,1.2501528648238603e-09,6.560200168110742e-12,8.423463754397692e-12,2.940077739198032e-11,6.560200168110742e-12,4.1937956583777856e-13,5.043476486929152e-07,3.059023363247549e-07,3.098819138712223e-12,3.098819138712223e-12,5.384940217751136e-13,4.1937956583777856e-13,6.560200168110742e-12,2.2897348455931243e-11,1.955568070542584e-08,9.736200303530205e-10,5.109089028037223e-12,5.109089028037223e-12
0.9999993524054335,4.1399375473943306e-08,6.914400106935422e-13,1.955568070542584e-08,0.00043055709272278825,1.955568070542584e-08,8.878265478451776e-13,3.581747929000289e-10,8.878265478451776e-13,0.00015843623599953396,9.610239214580367e-05,1.3007123813725571e-05,9.237449576640118e-09,5.384940217751136e-13,6.914400106935422e-13,5.043476486929152e-07,4.1937956583777856e-13,7.194132978569833e-09,6.224144622520382e-11,3.3982678079468468e-09,4.1937956583777856e-13
0.9997965729534201,3.2241866333029355e-08,1.5428112031916497e-13,7.582560422162384e-10,1.6918979223288786e-10,2.7894680920908113e-10,5.905303995456778e-10,6.224144622520382e-11,6.224144622520382e-11,1.8553914607279396e-07,5.6756852326324e-14,4.847368706035286e-11,8.423463754397692e-12,1.0815941557168708e-11,7.991959892315218e-11,2.0611536181902033e-09,9.736200303530205e-10,4.599055376537186e-10,3.3982678079468468e-09,2.2897348455931243e-11,2.1724399346070676e-10
3.7266388399128017e-06,9.237449576640118e-09,7.991959892315218e-11,5.905303995456778e-10,6.224144622520382e-11,1.4637785141237664e-12,2.7894680920908113e-10,1.8553914607279396e-07,1.1399918530430558e-12,1.6918979223288786e-10,1.0261879630648829e-10,5.384940217751136e-13,5.384940217751136e-13,1.1861120010657661e-08,2.0611536181902033e-09,1.2501528648238603e-09,7.991959892315218e-11,1.2501528648238603e-09,1.3176514268359263e-10,1.522997951276035e-08,2.5436656473762755e-13
0.9999999990263799,2.646573631904765e-09,1.955568070542584e-08,0.0015011819937681247,1.4449802095675026e-07,8.764248496102855e-08,8.423463754397692e-12,1.125351754703302e-07,2.646573631904765e-09,1.6052280526088547e-09,2.4133627718273893e-12,3.098819138712223e-12,5.109089028037223e-12,1.6701429809483402e-05,1.0129987357628251e-05,6.560200168110742e-12,3.098819138712223e-12,1.8795288165355504e-12,7.194132978569833e-09,1.3709578605790399e-06,5.043476486929152e-07
0.9999898700126424,3.3982678079468468e-09,2.2603251062511995e-06,2.1724399346070676e-10,4.1937956583777856e-13,3.9278634073828347e-07,4.847368706035286e-11,4.599055376537186e-10,4.1937956583777856e-13,6.224144622520382e-11,1.6918979223288786e-10,7.287724095819161e-14,1.2015425731770343e-13,1.3887943864771146e-11,1.0261879630648829e-10,2.940077739198032e-11,6.224144622520382e-11,6.560200168110742e-12,2.646573631904765e-09,2.2897348455931243e-11,3.775134544136581e-11
1.760343003490802e-06,6.825603724121505e-08,5.384940217751136e-13,3.775134544136581e-11,2.3823696679343503e-07,2.7894680920908113e-10,3.3982678079468468e-09,3.581747929000289e-10,5.905303995456778e-10,1.3176514268359263e-10,9.736200303530205e-10,9.736200303530205e-10,4.363462233903899e-09,1.3176514268359263e-10,1.6918979223288786e-10,1.6052280526088547e-09,3.581747929000289e-10,9.736200303530205e-10,2.5436656473762755e-13,3.775134544136581e-11,7.991959892315218e-11
0.11920291732853862,5.043476486929152e-07,4.363462233903899e-09,1.7832472907828393e-11,2.7894680920908113e-10,2.7894680920908113e-10,7.194132978569833e-09,1.2664165549094015e-14,1.522997951276035e-08,4.1399375473943306e-08,1.6261110446177924e-14,8.423463754397692e-12,5.905303995456778e-10,2.4133627718273893e-12,9.736200303530205e-10,1.0815941557168708e-11,2.6810038677817314e-14,3.581747929000289e-10,2.646573631904765e-09,9.736200303530205e-10,2.6810038677817314e-14
0.9999994956523514,0.010986941578116867,0.00020342704657999323,3.9278634073828347e-07,4.599055376537186e-10,4.5397852420729034e-05,1.3887943864771146e-11,1.6052280526088547e-09,4.5397852420729034e-05,6.560200168110742e-12,1.6701429809483402e-05,5.109089028037223e-12,6.144177531850823e-06,1.1861120010657661e-08,2.0611536181902033e-09,5.60279640614594e-09,2.0611536181902033e-09,3.098819138712223e-12,6.144177531850823e-06,9.736200303530205e-10,1.522997951276035e-08
0.047425873514159125,2.5109990926928157e-08,1.3176514268359263e-10,2.5436656473762755e-13,7.194132978569833e-09,0.006692851264816553,4.1937956583777856e-13,0.010986941578116867,4.363462233903899e-09,5.384940217751136e-13,1.9810087980485874e-13,9.736200303530205e-10,1.6701429809483402e-05,7.991959892315218e-11,1.3176514268359263e-10,7.991959892315218e-11,1.8553914607279396e-07,2.2897348455931243e-11,1.7832472907828393e-11,1.0261879630648829e-10,1.5428112031916497e-13
2.5109990926928157e-08,5.043476486929152e-07,1.4637785141237664e-12,0.6224593312018546,6.825603724121505e-08,1.4449802095675026e-07,1.955568070542584e-08,2.5109990926928157e-08,0.01798621187025419,0.0293122327122782,0.0293122327122782,3.059023363247549e-07,0.0003353500316799018,1.4637785141237664e-12,0.004070137783849419,4.5397852420729034e-05,5.384940217751136e-13,7.889264466933239e-06,2.7535687821746045e-05,6.144177531850823e-06,2.646573631904765e-09
0.9999977396748937,3.9278634073828347e-07,1.4637785141237664e-12,9.237449576640118e-09,5.905303995456778e-10,1.1861120010657661e-08,0.0005527785524441057,1.1399918530430558e-12,4.1399375473943306e-08,5.905303995456778e-10,3.3982678079468468e-09,2.0611536181902033e-09,1.4637785141237664e-12,2.5109990926928157e-08,2.2603251062511995e-06,1.4637785141237664e-12,1.522997951276035e-08,4.363462233903899e-09,2.4133627718273893e-12,2.5109990926928157e-08,1.1861120010657661e-08
0.2689414213699951,0.9999998874648245,0.9984988180062319,2.2897348455931243e-11,0.2689414213699951,0.07585817323116975,0.9999251537370122,0.0009110513587503459,0.0009110513587503459,0.9997965729534201,0.0005527785524441057,0.9959298622161507,0.00012339461917113592,1.0815941557168708e-11,0.00012339461917113592,2.7535687821746045e-05,7.484626298776402e-05,2.2603251062511995e-06,3.7266388399128017e-06,0.9959298622161507,3.978962535821407e-12
0.9999898700126424,4.847368706035286e-11,4.363462233903899e-09,5.384940217751136e-13,3.581747929000289e-10,2.2603251062511995e-06,4.1937956583777856e-13,4.1399375473943306e-08,2.5109990926928157e-08,2.2603251062511995e-06,9.736200303530205e-10,2.5109990926928157e-08,6.914400106935422e-13,5.384940217751136e-13,1.4449802095675026e-07,6.825603724121505e-08,5.3157849718487075e-08,5.384940217751136e-13,7.582560422162384e-10,5.905303995456778e-10,3.9278634073828347e-07
0.0293122327122782,0.9999986290421394,2.2897348455931243e-11,0.1824255149165352,0.997527377056997,0.006692851264816553,0.01798621187025419,2.2603251062511995e-06,5.109089028037223e-12,0.0003353500316799018,3.978962535821407e-12,1.125351754703302e-07,3.2241866333029355e-08,0.9241418267688302,1.3709578605790399e-06,1.125351754703302e-07,1.522997951276035e-08,0.8175744850834648,4.5397852420729034e-05,2.4133627718273893e-12,1.125351754703302e-07
0.9999999586006244,0.9997965729534201,1.0129987357628251e-05,0.0015011819937681247,1.0129987357628251e-05,1.0129987357628251e-05,2.7535687821746045e-05,0.00020342704657999323,0.9241418267688302,0.006692851264816553,1.0815941557168708e-11,6.144177531850823e-06,1.760343003490802e-06,8.315279285380714e-07,0.0015011819937681247,0.00012339461917113592,0.0003353500316799018,1.6701429809483402e-05,0.5,0.004070137783849419,1.760343003490802e-06
4.599055376537186e-10,5.60279640614594e-09,1.0261879630648829e-10,7.991959892315218e-11,7.287724095819161e-14,2.940077739198032e-11,4.599055376537186e-10,4.420228103640978e-14,2.1724399346070676e-10,3.581747929000289e-10,1.0261879630648829e-10,2.5109990926928157e-08,1.7832472907828393e-11,6.224144622520382e-11,3.581747929000289e-10,2.08796791164589e-14,1.3887943864771146e-11,2.0611536181902033e-09,1.0815941557168708e-11,8.423463754397692e-12,2.08796791164589e-14
0.9999999997210531,1.3176514268359263e-10,0.9241418267688302,0.0005527785524441057,0.006692851264816553,7.484626298776402e-05,0.9984988180062319,0.9959298622161507,0.11920291732853862,1.4637785141237664e-12,0.11920291732853862,3.2661313427863805e-13,0.010986941578116867,0.006692851264816553,0.01798621187025419,0.00020342704657999323,0.00020342704657999323,3.2661313427863805e-13,0.0003353500316799018,6.914400106935422e-13,0.6224593312018546
0.99966464996832,5.60279640614594e-09,0.004070137783849419,1.0815941557168708e-11,5.905303995456778e-10,1.3887943864771146e-11,6.144177531850823e-06,1.4637785141237664e-12,4.847368706035286e-11,7.194132978569833e-09,1.0815941557168708e-11,3.2241866333029355e-08,1.3887943864771146e-11,6.914400106935422e-13,4.1937956583777856e-13,6.560200168110742e-12,4.847368706035286e-11,2.0611536181902033e-09,3.2241866333029355e-08,7.991959892315218e-11,7.194132978569833e-09
0.9999999998973812,0.9525741264858409,0.0003353500316799018,0.0015011819937681247,2.4133627718273893e-12,7.484626298776402e-05,8.315279285380714e-07,4.5397852420729034e-05,1.8553914607279396e-07,1.0815941557168708e-11,8.423463754397692e-12,6.825603724121505e-08,8.423463754397692e-12,0.0003353500316799018,1.8553914607279396e-07,6.560200168110742e-12,7.484626298776402e-05,4.5397852420729034e-05,4.5397852420729034e-05,4.5397852420729034e-05,2.2603251062511995e-06
0.99999627336116,0.2689414213699951,1.522997951276035e-08,7.194132978569833e-09,4.599055376537186e-10,1.8795288165355504e-12,4.599055376537186e-10,2.646573631904765e-09,2.4133627718273893e-12,2.4133627718273893e-12,1.3709578605790399e-06,3.098819138712223e-12,2.5109990926928157e-08,3.581747929000289e-10,4.363462233903899e-09,3.581747929000289e-10,3.098819138712223e-12,1.125351754703302e-07,5.905303995456778e-10,1.2501528648238603e-09,4.1399375473943306e-08
0.9999996072136592,6.475945666070602e-07,3.2241866333029355e-08,0.00020342704657999323,5.3157849718487075e-08,3.098819138712223e-12,2.646573631904765e-09,1.2501528648238603e-09,1.2501528648238603e-09,3.3982678079468468e-09,3.098819138712223e-12,5.3157849718487075e-08,1.4449802095675026e-07,2.4133627718273893e-12,3.098819138712223e-12,8.764248496102855e-08,2.5109990926928157e-08,6.825603724121505e-08,7.582560422162384e-10,2.7894680920908113e-10,5.043476486929152e-07
0.999999974890009,3.059023363247549e-07,9.736200303530205e-10,7.194132978569833e-09,0.004070137783849419,0.0003353500316799018,5.60279640614594e-09,2.646573631904765e-09,0.0009110513587503459,1.4637785141237664e-12,1.1399918530430558e-12,5.60279640614594e-09,2.1724399346070676e-10,5.384940217751136e-13,8.878265478451776e-13,6.224144622520382e-11,5.043476486929152e-07,5.384940217751136e-13,7.991959892315218e-11,1.125351754703302e-07,4.599055376537186e-10
0.9999898700126424,2.5109990926928157e-08,3.3982678079468468e-09,0.0003353500316799018,1.2015425731770343e-13,2.5436656473762755e-13,3.2661313427863805e-13,1.5428112031916497e-13,2.7894680920908113e-10,2.940077739198032e-11,2.0611536181902033e-09,3.978962535821407e-12,9.736200303530205e-10,5.109089028037223e-12,1.125351754703302e-07,5.6756852326324e-14,3.775134544136581e-11,7.287724095819161e-14,7.991959892315218e-11,7.287724095819161e-14,4.599055376537186e-10
3.2241866333029355e-08,1.6918979223288786e-10,1.4637785141237664e-12,2.4133627718273893e-12,4.363462233903899e-09,3.098819138712223e-12,4.363462233903899e-09,2.0611536181902033e-09,2.646573631904765e-09,1.6052280526088547e-09,4.5397852420729034e-05,1.0261879630648829e-10,7.991959892315218e-11,1.6052280526088547e-09,8.423463754397692e-12,3.9278634073828347e-07,3.098819138712223e-12,7.991959892315218e-11,5.905303995456778e-10,3.9278634073828347e-07,7.991959892315218e-11
0.9820137881297458,1.125351754703302e-07,3.581747929000289e-10,6.914400106935422e-13,5.905303995456778e-10,1.1399918530430558e-12,9.237449576640118e-09,5.043476486929152e-07,1.522997951276035e-08,2.0611536181902033e-09,1.2501528648238603e-09,1.1399918530430558e-12,4.1399375473943306e-08,6.914400106935422e-13,5.3157849718487075e-08,4.363462233903899e-09,6.914400106935422e-13,1.1399918530430558e-12,2.1724399346070676e-10,1.1861120010657661e-08,4.363462233903899e-09
0.9999999907625504,0.5,4.1399375473943306e-08,4.1399375473943306e-08,0.0005527785524441057,0.00020342704657999323,0.0005527785524441057,3.2241866333029355e-08,1.0261879630648829e-10,7.484626298776402e-05,4.599055376537186e-10,2.2603251062511995e-06,1.7832472907828393e-11,2.940077739198032e-11,9.3576229688393e-14,9.3576229688393e-14,1.3887943864771146e-11,1.6052280526088547e-09,1.0261879630648829e-10,2.5436656473762755e-13,1.7832472907828393e-11
0.9999996940976636,5.109089028037223e-12,9.237449576640118e-09,4.1937956583777856e-13,3.2661313427863805e-13,1.0129987357628251e-05,3.7266388399128017e-06,6.914400106935422e-13,3.581747929000289e-10,2.1724399346070676e-10,4.5397852420729034e-05,3.059023363247549e-07,4.1937956583777856e-13,3.7266388399128017e-06,1.3176514268359263e-10,8.315279285380714e-07,8.315279285380714e-07,3.059023363247549e-07,5.043476486929152e-07,2.646573631904765e-09,1.8553914607279396e-07
0.999999999986112,0.9999999317439628,1.8795288165355504e-12,0.006692851264816553,0.00020342704657999323,0.99966464996832,0.010986941578116867,0.010986941578116867,0.0009110513587503459,0.0005527785524441057,0.01798621187025419,0.997527377056997,0.0003353500316799018,0.0009110513587503459,0.006692851264816553,1.8795288165355504e-12,6.914400106935422e-13,8.878265478451776e-13,0.00020342704657999323,0.997527377056997,1.4637785141237664e-12
0.6224593312018546,5.109089028037223e-12,1.3709578605790399e-06,1.3709578605790399e-06,0.006692851264816553,3.2661313427863805e-13,1.125351754703302e-07,1.5428112031916497e-13,6.825603724121505e-08,6.914400106935422e-13,4.1399375473943306e-08,3.059023363247549e-07,3.2661313427863805e-13,8.764248496102855e-08,2.7535687821746045e-05,1.8553914607279396e-07,3.2661313427863805e-13,1.4449802095675026e-07,3.059023363247549e-07,1.522997951276035e-08,7.194132978569833e-09
0.9999999995400946,0.9959298622161507,7.991959892315218e-11,5.043476486929152e-07,7.484626298776402e-05,1.6701429809483402e-05,1.1861120010657661e-08,8.423463754397692e-12,1.0815941557168708e-11,1.955568070542584e-08,8.423463754397692e-12,6.475945666070602e-07,2.5109990926928157e-08,4.1399375473943306e-08,3.2241866333029355e-08,7.194132978569833e-09,2.2897348455931243e-11,9.237449576640118e-09,5.043476486929152e-07,1.8553914607279396e-07,3.3982678079468468e-09
0.0009110513587503459,1.522997951276035e-08,2.7894680920908113e-10,3.2661313427863805e-13,2.2897348455931243e-11,1.3709578605790399e-06,4.1937956583777856e-13,2.7894680920908113e-10,1.0261879630648829e-10,7.582560422162384e-10,6.914400106935422e-13,7.991959892315218e-11,8.423463754397692e-12,7.582560422162384e-10,5.109089028037223e-12,3.098819138712223e-12,1.3887943864771146e-11,1.5428112031916497e-13,3.098819138712223e-12,2.7894680920908113e-10,3.2661313427863805e-13
0.9999999468421502,0.00020342704657999323,0.9933071487351834,0.00012339461917113592,0.9706877672877217,0.8175744850834648,3.7266388399128017e-06,0.0009110513587503459,0.002472622943003016,0.01798621187025419,0.002472622943003016,3.098819138712223e-12,0.2689414213699951,0.0009110513587503459,0.0015011819937681247,0.07585817323116975,0.0005527785524441057,0.0009110513587503459,6.560200168110742e-12,0.0005527785524441057,6.144177531850823e-06
0.9999999999200804,0.9999724643121783,0.00020342704657999323,2.2603251062511995e-06,5.043476486929152e-07,8.764248496102855e-08,0.00012339461917113592,5.3157849718487075e-08,5.043476486929152e-07,3.2241866333029355e-08,4.5397852420729034e-05,2.2603251062511995e-06,4.363462233903899e-09,4.420228103640978e-14,1.1861120010657661e-08,1.2015425731770343e-13,5.60279640614594e-09,1.9810087980485874e-13,5.3157849718487075e-08,2.5436656473762755e-13,5.043476486929152e-07
0.9999999990263799,0.8807970826714614,1.4637785141237664e-12,4.1937956583777856e-13,6.914400106935422e-13,1.3709578605790399e-06,3.7266388399128017e-06,1.3709578605790399e-06,6.144177531850823e-06,4.1399375473943306e-08,0.00043055709272278825,1.067702997323512e-06,1.067702997323512e-06,1.1861120010657661e-08,1.9810087980485874e-13,2.2603251062511995e-06,5.043476486929152e-07,1.2015425731770343e-13,1.3007123813725571e-05,3.3982678079468468e-09,4.785094494835719e-06
0.9999999996418252,0.0003353500316799018,0.9241418267688302,0.2689414213699951,0.9241418267688302,1.7832472907828393e-11,0.004070137783849419,7.991959892315218e-11,0.0005527785524441057,2.2897348455931243e-11,1.0129987357628251e-05,0.00012339461917113592,0.01798621187025419,1.7832472907828393e-11,0.0009110513587503459,7.484626298776402e-05,6.560200168110742e-12,0.01798621187025419,3.7266388399128017e-06,2.2603251062511995e-06,0.0009110513587503459
0.9999999994094697,0.9999938558224682,0.9959298622161507,8.878265478451776e-13,0.9820137881297458,1.0129987357628251e-05,0.8175744850834648,0.9241418267688302,7.484626298776402e-05,1.1399918530430558e-12,1.1399918530430558e-12,0.6224593312018546,4.1937956583777856e-13,0.006692851264816553,4.1937956583777856e-13,0.1824255149165352,1.3709578605790399e-06,3.059023363247549e-07,0.004070137783849419,0.7310585786300049,4.1399375473943306e-08
0.0005527785524441057,0.002472622943003016,0.0015011819937681247,0.00012339461917113592,2.7535687821746045e-05,7.484626298776402e-05,4.1399375473943306e-08,6.144177531850823e-06,9.736200303530205e-10,1.4637785141237664e-12,4.599055376537186e-10,3.7266388399128017e-06,6.144177531850823e-06,5.384940217751136e-13,1.1399918530430558e-12,3.7266388399128017e-06,1.3709578605790399e-06,3.7266388399128017e-06,3.7266388399128017e-06,1.3709578605790399e-06,5.60279640614594e-09
0.9999999992417439,0.0003353500316799018,8.764248496102855e-08,0.00020342704657999323,5.60279640614594e-09,9.736200303530205e-10,5.043476486929152e-07,1.6052280526088547e-09,7.582560422162384e-10,3.9278634073828347e-07,7.582560422162384e-10,8.315279285380714e-07,1.125351754703302e-07,8.878265478451776e-13,9.736200303530205e-10,2.1724399346070676e-10,7.582560422162384e-10,8.878265478451776e-13,1.760343003490802e-06,1.6918979223288786e-10,4.363462233903899e-09
0.2689414213699951,1.7832472907828393e-11,1.8553914607279396e-07,2.5436656473762755e-13,1.522997951276035e-08,1.6701429809483402e-05,1.5428112031916497e-13,1.2015425731770343e-13,6.825603724121505e-08,5.60279640614594e-09,3.3982678079468468e-09,3.7266388399128017e-06,1.2015425731770343e-13,1.125351754703302e-07,7.194132978569833e-09,2.646573631904765e-09,2.0611536181902033e-09,1.2015425731770343e-13,5.043476486929152e-07,2.2603251062511995e-06,7.582560422162384e-10
0.9999999995400946,0.9525741264858409,8.423463754397692e-12,0.0003353500316799018,1.8553914607279396e-07,8.764248496102855e-08,1.1399918530430558e-12,2.7535687821746045e-05,1.8553914607279396e-07,2.5109990926928157e-08,1.6701429809483402e-05,2.0611536181902033e-09,8.878265478451776e-13,1.0129987357628251e-05,4.5397852420729034e-05,1.6701429809483402e-05,1.1399918530430558e-12,1.1399918530430558e-12,1.6701429809483402e-05,1.6701429809483402e-05,3.3982678079468468e-09
3.7266388399128017e-06,4.599055376537186e-10,1.760343003490802e-06,1.8553914607279396e-07,3.098819138712223e-12,3.978962535821407e-12,3.2241866333029355e-08,1.955568070542584e-08,1.4637785141237664e-12,1.4449802095675026e-07,1.522997951276035e-08,5.60279640614594e-09,1.1399918530430558e-12,4.363462233903899e-09,1.522997951276035e-08,3.3982678079468468e-09,1.955568070542584e-08,1.6052280526088547e-09,5.60279640614594e-09,8.878265478451776e-13,9.237449576640118e-09
0.9999898700126424,1.125351754703302e-07,0.047425873514159125,1.955568070542584e-08,1.3709578605790399e-06,1.4637785141237664e-12,4.363462233903899e-09,3.3982678079468468e-09,3.3982678079468468e-09,8.764248496102855e-08,1.4449802095675026e-07,4.1399375473943306e-08,2.7535687821746045e-05,7.484626298776402e-05,2.7535687821746045e-05,5.60279640614594e-09,1.522997951276035e-08,7.194132978569833e-09,1.522997951276035e-08,5.3157849718487075e-08,2.1724399346070676e-10
4.5397852420729034e-05,0.6224593312018546,5.043476486929152e-07,1.5428112031916497e-13,2.2603251062511995e-06,1.6701429809483402e-05,3.059023363247549e-07,3.7266388399128017e-06,1.5428112031916497e-13,1.1861120010657661e-08,2.7535687821746045e-05,1.3709578605790399e-06,5.043476486929152e-07,1.6701429809483402e-05,3.2661313427863805e-13,2.2603251062511995e-06,1.2015425731770343e-13,6.144177531850823e-06,8.764248496102855e-08,7.287724095819161e-14,1.8553914607279396e-07
0.0009110513587503459,0.5,0.00020342704657999323,5.109089028037223e-12,5.109089028037223e-12,2.7535687821746045e-05,1.8553914607279396e-07,0.0293122327122782,1.8795288165355504e-12,6.144177531850823e-06,4.1399375473943306e-08,3.7266388399128017e-06,4.1399375473943306e-08,1.4637785141237664e-12,1.3709578605790399e-06,0.004070137783849419,8.315279285380714e-07,8.878265478451776e-13,0.006692851264816553,1.8795288165355504e-12,6.914400106935422e-13
0.9998766053808288,5.905303995456778e-10,1.760343003490802e-06,4.1399375473943306e-08,4.1399375473943306e-08,1.1399918530430558e-12,6.914400106935422e-13,6.825603724121505e-08,5.3157849718487075e-08,1.522997951276035e-08,1.8795288165355504e-12,8.878265478451776e-13,8.878265478451776e-13,8.878265478451776e-13,1.125351754703302e-07,1.8795288165355504e-12,1.955568070542584e-08,2.0611536181902033e-09,5.3157849718487075e-08,8.315279285380714e-07,1.8553914607279396e-07
2.9023119851992182e-06,2.5109990926928157e-08,4.599055376537186e-10,1.6052280526088547e-09,9.736200303530205e-10,9.736200303530205e-10,7.582560422162384e-10,2.4133627718273893e-12,1.8795288165355504e-12,7.582560422162384e-10,7.582560422162384e-10,1.6918979223288786e-10,3.581747929000289e-10,1.6918979223288786e-10,1.6918979223288786e-10,2.0611536181902033e-09,4.1937956583777856e-13,1.3176514268359263e-10,1.955568070542584e-08,1.8795288165355504e-12,7.194132978569833e-09
0.9999999123575151,2.940077739198032e-11,2.7894680920908113e-10,7.582560422162384e-10,2.0611536181902033e-09,6.144177531850823e-06,1.8795288165355504e-12,2.7894680920908113e-10,7.582560422162384e-10,2.1724399346070676e-10,1.1399918530430558e-12,4.599055376537186e-10,1.6918979223288786e-10,1.6918979223288786e-10,1.6918979223288786e-10,1.522997951276035e-08,1.1399918530430558e-12,7.194132978569833e-09,7.194132978569833e-09,8.764248496102855e-08,1.1861120010657661e-08
9.736200303530205e-10,1.955568070542584e-08,2.7535687821746045e-05,5.905303995456778e-10,2.1724399346070676e-10,1.3007123813725571e-05,3.2661313427863805e-13,1.6052280526088547e-09,2.646573631904765e-09,2.1724399346070676e-10,2.2603251062511995e-06,9.736200303530205e-10,2.7894680920908113e-10,3.2661313427863805e-13,2.646573631904765e-09,2.1724399346070676e-10,5.905303995456778e-10,7.582560422162384e-10,3.775134544136581e-11,2.5109990926928157e-08,4.1937956583777856e-13
0.6224593312018546,3.775134544136581e-11,3.3982678079468468e-09,5.905303995456778e-10,2.5109990926928157e-08,4.363462233903899e-09,1.6052280526088547e-09,5.60279640614594e-09,0.00020342704657999323,4.599055376537186e-10,2.5436656473762755e-13,3.775134544136581e-11,9.237449576640118e-09,1.9810087980485874e-13,5.043476486929152e-07,6.224144622520382e-11,3.3982678079468468e-09,4.1399375473943306e-08,2.0611536181902033e-09,1.0261879630648829e-10,2.0611536181902033e-09
0.9999999586006244,0.999999974890009,0.99999627336116,0.8807970826714614,4.847368706035286e-11,0.8175744850834648,3.775134544136581e-11,0.9998766053808288,2.940077739198032e-11,7.991959892315218e-11,0.0005527785524441057,0.11920291732853862,0.0293122327122782,0.11920291732853862,6.224144622520382e-11,0.1824255149165352,0.9525741264858409,0.07585817323116975,1.3887943864771146e-11,6.144177531850823e-06,0.9890130584218833
0.8807970826714614,3.978962535821407e-12,4.599055376537186e-10,2.0611536181902033e-09,3.2661313427863805e-13,2.940077739198032e-11,1.4449802095675026e-07,3.9278634073828347e-07,1.3176514268359263e-10,9.736200303530205e-10,3.2661313427863805e-13,7.194132978569833e-09,7.194132978569833e-09,9.237449576640118e-09,1.955568070542584e-08,1.9810087980485874e-13,7.194132978569833e-09,7.991959892315218e-11,1.1861120010657661e-08,1.3176514268359263e-10,1.2501528648238603e-09
0.999999814460854,6.560200168110742e-12,2.0611536181902033e-09,2.5109990926928157e-08,7.484626298776402e-05,7.991959892315218e-11,4.363462233903899e-09,6.144177531850823e-06,5.384940217751136e-13,3.7266388399128017e-06,1.7832472907828393e-11,9.736200303530205e-10,8.423463754397692e-12,4.1937956583777856e-13,9.736200303530205e-10,8.423463754397692e-12,1.7832472907828393e-11,5.109089028037223e-12,1.3887943864771146e-11,1.2015425731770343e-13,1.3887943864771146e-11
0.9999999994094697,0.9999898700126424,0.9959298622161507,4.5397852420729034e-05,6.144177531850823e-06,0.7310585786300049,0.8807970826714614,1.6701429809483402e-05,0.9241418267688302,5.109089028037223e-12,0.8807970826714614,2.4133627718273893e-12,4.5397852420729034e-05,0.0293122327122782,0.37754066879814546,3.7266388399128017e-06,1.1399918530430558e-12,0.0293122327122782,0.047425873514159125,2.4133627718273893e-12,0.07585817323116975
5.905303995456778e-10,6.825603724121505e-08,2.7894680920908113e-10,9.862862046580357e-15,1.2501528648238603e-09,2.0611536181902033e-09,9.862862046580357e-15,6.560200168110742e-12,5.109089028037223e-12,2.08796791164589e-14,2.08796791164589e-14,3.098819138712223e-12,1.2501528648238603e-09,9.736200303530205e-10,2.2897348455931243e-11,5.905303995456778e-10,4.420228103640978e-14,2.7894680920908113e-10,7.194132978569833e-09,3.775134544136581e-11,3.442477108469858e-14
0.9999999999377585,1.6918979223288786e-10,0.997527377056997,0.7310585786300049,0.9984988180062319,0.2689414213699951,0.01798621187025419,7.484626298776402e-05,0.002472622943003016,5.109089028037223e-12,8.315279285380714e-07,5.384940217751136e-13,0.8175744850834648,0.9706877672877217,0.00020342704657999323,1.8553914607279396e-07,6.144177531850823e-06,2.7535687821746045e-05,7.484626298776402e-05,0.00020342704657999323,1.1399918530430558e-12
0.9999999990263799,1.6918979223288786e-10,0.0007096703049020563,6.914400106935422e-13,6.475945666070602e-07,6.825603724121505e-08,1.522997951276035e-08,7.889264466933239e-06,3.059023363247549e-07,7.889264466933239e-06,3.9278634073828347e-07,2.0611536181902033e-09,1.1861120010657661e-08,1.760343003490802e-06,2.5436656473762755e-13,1.8553914607279396e-07,3.059023363247549e-07,5.043476486929152e-07,6.914400106935422e-13,1.8553914607279396e-07,6.475945666070602e-07
0.999999814460854,2.0611536181902033e-09,3.978962535821407e-12,3.978962535821407e-12,1.3709578605790399e-06,3.978962535821407e-12,5.043476486929152e-07,1.8795288165355504e-12,1.8795288165355504e-12,3.059023363247549e-07,9.736200303530205e-10,4.1937956583777856e-13,1.7832472907828393e-11,7.582560422162384e-10,3.978962535821407e-12,6.224144622520382e-11,1.7832472907828393e-11,1.7832472907828393e-11,3.775134544136581e-11,9.736200303530205e-10,7.194132978569833e-09
0.37754066879814546,2.646573631904765e-09,6.224144622520382e-11,2.6810038677817314e-14,8.315279285380714e-07,1.6918979223288786e-10,2.7894680920908113e-10,4.599055376537186e-10,5.6756852326324e-14,7.991959892315218e-11,1.0261879630648829e-10,3.775134544136581e-11,1.6918979223288786e-10,6.224144622520382e-11,3.775134544136581e-11,1.7832472907828393e-11,2.940077739198032e-11,7.991959892315218e-11,3.775134544136581e-11,5.6756852326324e-14,1.3887943864771146e-11
3.581747929000289e-10,6.560200168110742e-12,1.6052280526088547e-09,3.775134544136581e-11,1.3887943864771146e-11,3.7266388399128017e-06,4.5397852420729034e-05,3.2661313427863805e-13,3.775134544136581e-11,2.940077739198032e-11,1.125351754703302e-07,4.1399375473943306e-08,8.423463754397692e-12,2.5436656473762755e-13,8.423463754397692e-12,1.0815941557168708e-11,2.940077739198032e-11,1.2501528648238603e-09,9.736200303530205e-10,1.9810087980485874e-13,6.224144622520382e-11
0.99999627336116,5.043476486929152e-07,9.237449576640118e-09,9.237449576640118e-09,3.978962535821407e-12,5.60279640614594e-09,8.423463754397692e-12,7.484626298776402e-05,3.581747929000289e-10,3.581747929000289e-10,3.581747929000289e-10,1.4449802095675026e-07,4.599055376537186e-10,7.484626298776402e-05,1.1861120010657661e-08,5.905303995456778e-10,3.978962535821407e-12,4.1399375473943306e-08,3.7266388399128017e-06,6.560200168110742e-12,2.2603251062511995e-06
0.9999996940976636,1.8553914607279396e-07,0.00020342704657999323,4.5397852420729034e-05,4.5397852420729034e-05,2.940077739198032e-11,7.287724095819161e-14,6.224144622520382e-11,3.7266388399128017e-06,2.1724399346070676e-10,6.825603724121505e-08,4.1399375473943306e-08,1.2501528648238603e-09,1.7832472907828393e-11,6.224144622520382e-11,4.847368706035286e-11,2.646573631904765e-09,1.5428112031916497e-13,1.2015425731770343e-13,4.599055376537186e-10,1.8553914607279396e-07
0.9999999973534264,3.7266388399128017e-06,0.00020342704657999323,0.8807970826714614,4.1399375473943306e-08,0.6224593312018546,2.5109990926928157e-08,2.7535687821746045e-05,1.0129987357628251e-05,4.1399375473943306e-08,1.5428112031916497e-13,1.1861120010657661e-08,9.736200303530205e-10,1.5428112031916497e-13,7.287724095819161e-14,9.3576229688393e-14,9.736200303530205e-10,4.1399375473943306e-08,9.3576229688393e-14,9.237449576640118e-09,2.7535687821746045e-05
0.004070137783849419,0.9999938558224682,0.0015011819937681247,1.7832472907828393e-11,2.7535687821746045e-05,3.7266388399128017e-06,6.560200168110742e-12,0.010986941578116867,8.315279285380714e-07,6.825603724121505e-08,5.109089028037223e-12,5.043476486929152e-07,1.955568070542584e-08,1.1861120010657661e-08,1.6701429809483402e-05,0.0003353500316799018,7.484626298776402e-05,2.4133627718273893e-12,3.7266388399128017e-06,0.00020342704657999323,4.1399375473943306e-08
1.6052280526088547e-09,0.0005527785524441057,9.736200303530205e-10,2.1724399346070676e-10,3.3982678079468468e-09,6.144177531850823e-06,5.384940217751136e-13,1.522997951276035e-08,2.0611536181902033e-09,1.067702997323512e-06,7.582560422162384e-10,5.60279640614594e-09,6.224144622520382e-11,7.582560422162384e-10,1.4449802095675026e-07,6.224144622520382e-11,1.955568070542584e-08,7.194132978569833e-09,7.991959892315218e-11,6.224144622520382e-11,9.237449576640118e-09
4.5397852420729034e-05,0.8807970826714614,7.194132978569833e-09,2.7535687821746045e-05,0.00020342704657999323,8.878265478451776e-13,7.582560422162384e-10,4.5397852420729034e-05,1.522997951276035e-08,1.1861120010657661e-08,1.6701429809483402e-05,2.646573631904765e-09,1.2501528648238603e-09,5.60279640614594e-09,4.363462233903899e-09,8.315279285380714e-07,1.1399918530430558e-12,4.1937956583777856e-13,3.3982678079468468e-09,6.144177531850823e-06,9.736200303530205e-10
0.99999627336116,0.9933071487351834,0.010986941578116867,1.125351754703302e-07,1.8795288165355504e-12,1.1399918530430558e-12,1.125351754703302e-07,6.825603724121505e-08,0.0015011819937681247,0.0003353500316799018,4.1937956583777856e-13,2.2603251062511995e-06,1.8553914607279396e-07,3.059023363247549e-07,3.7266388399128017e-06,7.889264466933239e-06,2.646573631904765e-09,1.3709578605790399e-06,8.878265478451776e-13,6.144177531850823e-06,1.0129987357628251e-05
0.9999999586006244,1.760343003490802e-06,1.955568070542584e-08,1.1399918530430558e-12,3.3982678079468468e-09,4.363462233903899e-09,0.0003353500316799018,2.4133627718273893e-12,0.0015011819937681247,2.646573631904765e-09,1.8795288165355504e-12,9.736200303530205e-10,9.736200303530205e-10,1.8795288165355504e-12,1.8553914607279396e-07,1.2501528648238603e-09,1.8795288165355504e-12,7.582560422162384e-10,3.2241866333029355e-08,1.2501528648238603e-09,2.4133627718273893e-12
0.99966464996832,2.7894680920908113e-10,4.599055376537186e-10,2.7894680920908113e-10,3.978962535821407e-12,2.1724399346070676e-10,1.760343003490802e-06,2.08796791164589e-14,4.420228103640978e-14,5.905303995456778e-10,2.940077739198032e-11,2.5109990926928157e-08,2.6810038677817314e-14,2.08796791164589e-14,2.08796791164589e-14,5.905303995456778e-10,1.1861120010657661e-08,2.940077739198032e-11,5.905303995456778e-10,7.287724095819161e-14,2.08796791164589e-14
8.315279285380714e-07,8.315279285380714e-07,7.194132978569833e-09,0.0009110513587503459,2.646573631904765e-09,2.5109990926928157e-08,5.905303995456778e-10,3.3982678079468468e-09,1.7832472907828393e-11,1.7832472907828393e-11,9.736200303530205e-10,8.423463754397692e-12,3.581747929000289e-10,1.0815941557168708e-11,3.3982678079468468e-09,3.581747929000289e-10,6.825603724121505e-08,3.581747929000289e-10,1.3176514268359263e-10,1.1861120010657661e-08,2.1724399346070676e-10
0.9997965729534201,0.37754066879814546,3.581747929000289e-10,0.00020342704657999323,3.581747929000289e-10,3.7266388399128017e-06,9.736200303530205e-10,2.7894680920908113e-10,2.1724399346070676e-10,4.599055376537186e-10,4.420228103640978e-14,4.599055376537186e-10,1.7832472907828393e-11,6.825603724121505e-08,4.1399375473943306e-08,4.420228103640978e-14,3.581747929000289e-10,6.224144622520382e-11,4.847368706035286e-11,3.775134544136581e-11,7.991959892315218e-11
0.9999999847700205,1.8795288165355504e-12,1.125351754703302e-07,0.07585817323116975,3.2241866333029355e-08,1.125351754703302e-07,4.363462233903899e-09,3.2661313427863805e-13,1.9810087980485874e-13,1.6052280526088547e-09,3.2661313427863805e-13,1.125351754703302e-07,1.9810087980485874e-13,9.736200303530205e-10,0.0005527785524441057,0.0003353500316799018,1.522997951276035e-08,2.1724399346070676e-10,1.9810087980485874e-13,9.237449576640118e-09,1.0129987357628251e-05
0.9999999998973812,0.9999986290421394,0.6224593312018546,0.37754066879814546,0.8807970826714614,0.8175744850834648,1.3176514268359263e-10,0.9999251537370122,0.37754066879814546,0.6224593312018546,4.847368706035286e-11,0.2689414213699951,0.2689414213699951,0.37754066879814546,1.0261879630648829e-10,0.2689414213699951,0.1824255149165352,0.9997965729534201,2.940077739198032e-11,0.2689414213699951,0.0009110513587503459
0.00012339461917113592,5.60279640614594e-09,1.7832472907828393e-11,2.2897348455931243e-11,2.1724399346070676e-10,2.7894680920908113e-10,1.2015425731770343e-13,6.224144622520382e-11,3.059023363247549e-07,1.4449802095675026e-07,5.905303995456778e-10,9.3576229688393e-14,1.5428112031916497e-13,3.2241866333029355e-08,2.1724399346070676e-10,3.2241866333029355e-08,1.2015425731770343e-13,2.7894680920908113e-10,1.5428112031916497e-13,1.3176514268359263e-10,1.6918979223288786e-10
0.9999999987498471,0.999999814460854,0.9999898700126424,0.002472622943003016,0.002472622943003016,2.2603251062511995e-06,0.0009110513587503459,0.00020342704657999323,0.002472622943003016,2.7535687821746045e-05,0.9984988180062319,8.315279285380714e-07,0.00020342704657999323,0.0005527785524441057,7.484626298776402e-05,2.2603251062511995e-06,6.560200168110742e-12,4.5397852420729034e-05,5.109089028037223e-12,4.5397852420729034e-05,0.6224593312018546
0.9999999990263799,0.6224593312018546,0.0293122327122782,0.047425873514159125,2.646573631904765e-09,8.315279285380714e-07,3.9278634073828347e-07,6.825603724121505e-08,1.522997951276035e-08,6.914400106935422e-13,7.582560422162384e-10,5.384940217751136e-13,7.582560422162384e-10,9.237449576640118e-09,1.3709578605790399e-06,3.9278634073828347e-07,5.043476486929152e-07,6.825603724121505e-08,1.8553914607279396e-07,4.363462233903899e-09,1.2501528648238603e-09
0.9999999994094697,0.9890130584218833,1.125351754703302e-07,8.315279285380714e-07,7.194132978569833e-09,0.00020342704657999323,9.610239214580367e-05,1.3007123813725571e-05,1.9810087980485874e-13,1.067702997323512e-06,3.7266388399128017e-06,3.9278634073828347e-07,3.2241866333029355e-08,6.144177531850823e-06,3.7266388399128017e-06,2.3823696679343503e-07,7.194132978569833e-09,7.194132978569833e-09,3.2661313427863805e-13,1.2015425731770343e-13,1.955568070542584e-08
0.9999999999200804,0.9999994956523514,4.847368706035286e-11,7.991959892315218e-11,0.0293122327122782,0.004070137783849419,0.047425873514159125,0.9999832985701905,0.0003353500316799018,3.775134544136581e-11,0.0015011819937681247,7.484626298776402e-05,0.0015011819937681247,0.006692851264816553,6.224144622520382e-11,1.6701429809483402e-05,0.004070137783849419,1.0129987357628251e-05,0.0005527785524441057,0.8175744850834648,0.00020342704657999323
0.2689414213699951,1.6052280526088547e-09,9.3576229688393e-14,4.847368706035286e-11,2.2897348455931243e-11,6.825603724121505e-08,5.6756852326324e-14,1.8553914607279396e-07,3.059023363247549e-07,1.8553914607279396e-07,2.0611536181902033e-09,1.1861120010657661e-08,1.6052280526088547e-09,5.109089028037223e-12,3.098819138712223e-12,1.3887943864771146e-11,1.0815941557168708e-11,1.6052280526088547e-09,5.905303995456778e-10,1.7832472907828393e-11,2.4133627718273893e-12
0.01798621187025419,1.2501528648238603e-09,1.6918979223288786e-10,1.0261879630648829e-10,1.0815941557168708e-11,3.581747929000289e-10,4.1399375473943306e-08,4.1937956583777856e-13,7.582560422162384e-10,2.1724399346070676e-10,2.646573631904765e-09,1.9810087980485874e-13,5.60279640614594e-09,2.2897348455931243e-11,9.237449576640118e-09,2.2897348455931243e-11,1.2501528648238603e-09,3.775134544136581e-11,3.2661313427863805e-13,7.194132978569833e-09,1.9810087980485874e-13
0.9999994956523514,0.9820137881297458,2.7535687821746045e-05,5.384940217751136e-13,1.1399918530430558e-12,9.237449576640118e-09,4.5397852420729034e-05,1.1399918530430558e-12,6.914400106935422e-13,1.6701429809483402e-05,1.6918979223288786e-10,5.043476486929152e-07,1.3709578605790399e-06,7.991959892315218e-11,1.3709578605790399e-06,4.847368706035286e-11,8.315279285380714e-07,3.7266388399128017e-06,1.3709578605790399e-06,6.914400106935422e-13,2.5436656473762755e-13
0.9990889486412498,3.059023363247549e-07,4.1937956583777856e-13,3.2661313427863805e-13,2.0611536181902033e-09,7.582560422162384e-10,1.5428112031916497e-13,1.2501528648238603e-09,2.0611536181902033e-09,7.582560422162384e-10,8.764248496102855e-08,5.905303995456778e-10,7.287724095819161e-14,1.3887943864771146e-11,7.287724095819161e-14,8.423463754397692e-12,1.955568070542584e-08,5.905303995456778e-10,2.5436656473762755e-13,3.581747929000289e-10,4.847368706035286e-11
0.9999999966017321,7.484626298776402e-05,5.3157849718487075e-08,1.5428112031916497e-13,8.423463754397692e-12,4.363462233903899e-09,1.2015425731770343e-13,7.287724095819161e-14,3.2241866333029355e-08,1.2015425731770343e-13,5.60279640614594e-09,4.363462233903899e-09,2.646573631904765e-09,3.3982678079468468e-09,2.2897348455931243e-11,2.7894680920908113e-10,3.581747929000289e-10,3.3982678079468468e-09,7.991959892315218e-11,1.2501528648238603e-09,1.6052280526088547e-09
0.999999974890009,0.9999996940976636,0.99966464996832,0.9820137881297458,0.00020342704657999323,0.9998766053808288,2.940077739198032e-11,0.9990889486412498,0.01798621187025419,0.9990889486412498,1.7832472907828393e-11,1.3887943864771146e-11,7.484626298776402e-05,0.9933071487351834,0.997527377056997,2.940077739198032e-11,0.00012339461917113592,8.764248496102855e-08,0.0009110513587503459,0.9820137881297458,6.144177531850823e-06
0.9999999994094697,0.9525741264858409,1.6701429809483402e-05,6.475945666070602e-07,0.0009110513587503459,1.1399918530430558e-12,1.4637785141237664e-12,4.1399375473943306e-08,1.6701429809483402e-05,6.144177531850823e-06,1.4449802095675026e-07,1.4637785141237664e-12,2.3823696679343503e-07,4.1937956583777856e-13,1.8553914607279396e-07,1.6701429809483402e-05,5.3157849718487075e-08,5.043476486929152e-07,1.8795288165355504e-12,2.3823696679343503e-07,8.764248496102855e-08
0.9999999999200804,0.9820137881297458,0.07585817323116975,0.01798621187025419,3.098819138712223e-12,0.0015011819937681247,6.144177531850823e-06,0.0015011819937681247,8.878265478451776e-13,1.8795288165355504e-12,0.00020342704657999323,0.00012339461917113592,4.5397852420729034e-05,0.0005527785524441057,3.7266388399128017e-06,0.00020342704657999323,0.0003353500316799018,1.4637785141237664e-12,1.8795288165355504e-12,1.1399918530430558e-12,0.00012339461917113592
0.0009110513587503459,0.9997965729534201,3.7266388399128017e-06,1.7832472907828393e-11,2.7535687821746045e-05,0.00012339461917113592,3.978962535821407e-12,3.7266388399128017e-06,1.6701429809483402e-05,8.423463754397692e-12,2.2603251062511995e-06,8.315279285380714e-07,1.067702997323512e-06,2.2603251062511995e-06,3.7266388399128017e-06,0.00020342704657999323,1.6701429809483402e-05,0.0005527785524441057,5.043476486929152e-07,1.8553914607279396e-07,8.315279285380714e-07
0.9999999999705993,0.01798621187025419,0.99999627336116,0.9999898700126424,0.8807970826714614,0.9999251537370122,0.9525741264858409,0.37754066879814546,0.006692851264816553,0.004070137783849419,0.7310585786300049,0.00020342704657999323,3.978962535821407e-12,0.9959298622161507,0.2689414213699951,0.2689414213699951,8.423463754397692e-12,5.109089028037223e-12,0.5,8.423463754397692e-12,0.010986941578116867
0.9999999677581336,2.940077739198032e-11,0.004070137783849419,4.1937956583777856e-13,5.60279640614594e-09,4.599055376537186e-10,1.522997951276035e-08,1.9810087980485874e-13,1.6052280526088547e-09,2.0611536181902033e-09,4.1399375473943306e-08,9.736200303530205e-10,2.5436656473762755e-13,3.3982678079468468e-09,1.9810087980485874e-13,3.581747929000289e-10,3.581747929000289e-10,3.2241866333029355e-08,1.2501528648238603e-09,3.2661313427863805e-13,5.905303995456778e-10
0.9994472214475559,0.0005527785524441057,1.8795288165355504e-12,6.144177531850823e-06,2.5436656473762755e-13,6.825603724121505e-08,0.0015011819937681247,2.5436656473762755e-13,3.3982678079468468e-09,6.825603724121505e-08,5.905303995456778e-10,7.484626298776402e-05,3.2661313427863805e-13,1.2015425731770343e-13,8.315279285380714e-07,5.60279640614594e-09,9.3576229688393e-14,1.0129987357628251e-05,1.955568070542584e-08,7.484626298776402e-05,2.0611536181902033e-09
0.9999986290421394,2.7535687821746045e-05,0.010986941578116867,0.07585817323116975,3.059023363247549e-07,8.315279285380714e-07,1.0129987357628251e-05,1.0129987357628251e-05,0.0293122327122782,1.1399918530430558e-12,3.059023363247549e-07,3.2661313427863805e-13,2.5436656473762755e-13,5.3157849718487075e-08,1.8553914607279396e-07,0.0005527785524441057,9.237449576640118e-09,7.484626298776402e-05,3.2661313427863805e-13,1.125351754703302e-07,4.1399375473943306e-08
0.9997965729534201,4.5397852420729034e-05,3.2241866333029355e-08,1.955568070542584e-08,2.5109990926928157e-08,6.475945666070602e-07,1.1861120010657661e-08,8.764248496102855e-08,1.8553914607279396e-07,1.3176514268359263e-10,2.1724399346070676e-10,6.224144622520382e-11,1.955568070542584e-08,2.6810038677817314e-14,5.60279640614594e-09,1.0261879630648829e-10,4.363462233903899e-09,4.363462233903899e-09,4.599055376537186e-10,2.08796791164589e-14,1.3176514268359263e-10
0.9999999468421502,3.7266388399128017e-06,3.7266388399128017e-06,4.1937956583777856e-13,1.4449802095675026e-07,1.4449802095675026e-07,1.4449802095675026e-07,1.8553914607279396e-07,1.125351754703302e-07,0.004070137783849419,6.825603724121505e-08,4.1937956583777856e-13,3.2661313427863805e-13,6.825603724121505e-08,1.125351754703302e-07,1.125351754703302e-07,1.522997951276035e-08,1.125351754703302e-07,2.7535687821746045e-05,1.1861120010657661e-08,7.194132978569833e-09
0.9999999998308102,0.9999996940976636,0.004070137783849419,2.940077739198032e-11,0.9994472214475559,0.9999938558224682,0.07585817323116975,0.9706877672877217,0.9525741264858409,7.991959892315218e-11,0.9999832985701905,3.775134544136581e-11,0.9706877672877217,0.9933071487351834,0.9984988180062319,0.006692851264816553,0.8807970826714614,0.9820137881297458,0.9959298622161507,0.9997965729534201,0.9959298622161507
0.9999999847700205,0.999999814460854,0.0293122327122782,0.0003353500316799018,4.5397852420729034e-05,0.01798621187025419,0.0005527785524441057,0.0015011819937681247,0.0015011819937681247,8.315279285380714e-07,1.1399918530430558e-12,0.047425873514159125,0.00020342704657999323,1.8795288165355504e-12,6.144177531850823e-06,1.6701429809483402e-05,1.0129987357628251e-05,2.7535687821746045e-05,0.010986941578116867,1.6701429809483402e-05,1.1399918530430558e-12
0.9999998874648245,0.2689414213699951,3.3982678079468468e-09,3.098819138712223e-12,0.0009110513587503459,3.2241866333029355e-08,0.00020342704657999323,2.646573631904765e-09,3.3982678079468468e-09,1.0815941557168708e-11,3.3982678079468468e-09,6.144177531850823e-06,1.3887943864771146e-11,5.109089028037223e-12,8.315279285380714e-07,1.0815941557168708e-11,1.6052280526088547e-09,2.0611536181902033e-09,7.194132978569833e-09,1.067702997323512e-06,5.905303995456778e-10
4.5397852420729034e-05,1.1861120010657661e-08,8.423463754397692e-12,1.6052280526088547e-09,1.9810087980485874e-13,9.736200303530205e-10,3.2241866333029355e-08,1.2501528648238603e-09,6.825603724121505e-08,9.736200303530205e-10,3.059023363247549e-07,5.60279640614594e-09,7.194132978569833e-09,7.194132978569833e-09,4.363462233903899e-09,7.287724095819161e-14,9.3576229688393e-14,3.775134544136581e-11,1.9810087980485874e-13,2.646573631904765e-09,9.3576229688393e-14
0.9999993524054335,0.002472622943003016,1.125351754703302e-07,0.0015011819937681247,0.0005527785524441057,0.0003353500316799018,8.764248496102855e-08,1.1399918530430558e-12,1.125351754703302e-07,3.059023363247549e-07,4.1399375473943306e-08,4.1399375473943306e-08,8.878265478451776e-13,0.00012339461917113592,5.905303995456778e-10,6.914400106935422e-13,1.1861120010657661e-08,1.125351754703302e-07,5.043476486929152e-07,6.475945666070602e-07,4.1937956583777856e-13
1.522997951276035e-08,0.8807970826714614,6.825603724121505e-08,1.4637785141237664e-12,1.955568070542584e-08,3.581747929000289e-10,3.581747929000289e-10,1.125351754703302e-07,1.125351754703302e-07,3.581747929000289e-10,1.0261879630648829e-10,3.581747929000289e-10,4.599055376537186e-10,4.599055376537186e-10,1.125351754703302e-07,1.3176514268359263e-10,1.0129987357628251e-05,9.3576229688393e-14,8.315279285380714e-07,3.059023363247549e-07,9.736200303530205e-10
0.9999999998973812,0.99999627336116,7.991959892315218e-11,0.006692851264816553,0.9984988180062319,1.0129987357628251e-05,4.5397852420729034e-05,0.0005527785524441057,0.0005527785524441057,0.01798621187025419,0.00012339461917113592,0.7310585786300049,1.3887943864771146e-11,0.0015011819937681247,3.775134544136581e-11,1.0129987357628251e-05,0.0015011819937681247,0.7310585786300049,0.006692851264816553,0.0293122327122782,2.2603251062511995e-06
0.99999627336116,1.4449802095675026e-07,3.098819138712223e-12,1.8795288165355504e-12,5.3157849718487075e-08,1.4637785141237664e-12,4.785094494835719e-06,1.3007123813725571e-05,1.3007123813725571e-05,3.098819138712223e-12,4.785094494835719e-06,5.043476486929152e-07,2.4133627718273893e-12,4.363462233903899e-09,2.646573631904765e-09,7.194132978569833e-09,7.194132978569833e-09,1.8553914607279396e-07,5.043476486929152e-07,6.475945666070602e-07,3.059023363247549e-07
0.002472622943003016,0.1824255149165352,0.004070137783849419,8.423463754397692e-12,0.0015011819937681247,6.144177531850823e-06,1.0815941557168708e-11,0.006692851264816553,6.475945666070602e-07,1.8553914607279396e-07,8.423463754397692e-12,3.2241866333029355e-08,2.7535687821746045e-05,5.3157849718487075e-08,1.6701429809483402e-05,0.0003353500316799018,0.00012339461917113592,5.109089028037223e-12,4.5397852420729034e-05,1.0129987357628251e-05,3.9278634073828347e-07
0.9999999997210531,0.11920291732853862,0.8175744850834648,0.11920291732853862,2.2897348455931243e-11,0.002472622943003016,0.0015011819937681247,0.0015011819937681247,0.9525741264858409,8.423463754397692e-12,0.8175744850834648,1.6701429809483402e-05,0.010986941578116867,2.2603251062511995e-06,0.0005527785524441057,1.3709578605790399e-06,1.6701429809483402e-05,5.043476486929152e-07,1.0815941557168708e-11,1.0815941557168708e-11,8.315279285380714e-07
1.125351754703302e-07,3.7266388399128017e-06,4.599055376537186e-10,1.1399918530430558e-12,1.1399918530430558e-12,6.144177531850823e-06,3.7266388399128017e-06,4.599055376537186e-10,3.581747929000289e-10,7.582560422162384e-10,4.599055376537186e-10,1.3176514268359263e-10,8.764248496102855e-08,5.905303995456778e-10,1.1861120010657661e-08,5.3157849718487075e-08,6.914400106935422e-13,1.6918979223288786e-10,3.059023363247549e-07,8.878265478451776e-13,1.6918979223288786e-10
0.9999251537370122,1.6918979223288786e-10,3.581747929000289e-10,8.423463754397692e-12,2.1724399346070676e-10,6.224144622520382e-11,1.0261879630648829e-10,1.6052280526088547e-09,2.0611536181902033e-09,9.3576229688393e-14,3.7266388399128017e-06,1.7832472907828393e-11,5.6756852326324e-14,2.0611536181902033e-09,1.6918979223288786e-10,1.7832472907828393e-11,1.3887943864771146e-11,2.940077739198032e-11,1.2501528648238603e-09,6.560200168110742e-12,6.560200168110742e-12
0.9999898700126424,1.8553914607279396e-07,1.955568070542584e-08,4.5397852420729034e-05,1.5428112031916497e-13,1.955568070542584e-08,4.599055376537186e-10,7.287724095819161e-14,1.5428112031916497e-13,1.6701429809483402e-05,2.646573631904765e-09,9.3576229688393e-14,1.3176514268359263e-10,1.0261879630648829e-10,4.847368706035286e-11,4.363462233903899e-09,2.0611536181902033e-09,4.420228103640978e-14,7.287724095819161e-14,3.059023363247549e-07,5.3157849718487075e-08
0.9999996072136592,0.01798621187025419,1.125351754703302e-07,1.1861120010657661e-08,2.7894680920908113e-10,1.955568070542584e-08,2.7535687821746045e-05,1.6701429809483402e-05,9.736200303530205e-10,8.764248496102855e-08,9.237449576640118e-09,1.2015425731770343e-13,2.7894680920908113e-10,1.955568070542584e-08,1.6918979223288786e-10,9.3576229688393e-14,1.3176514268359263e-10,3.3982678079468468e-09,3.581747929000289e-10,2.0611536181902033e-09,5.905303995456778e-10
0.0003353500316799018,0.9820137881297458,1.3709578605790399e-06,5.384940217751136e-13,0.00012339461917113592,0.00012339461917113592,3.2241866333029355e-08,2.2603251062511995e-06,2.7535687821746045e-05,2.4133627718273893e-12,5.043476486929152e-07,1.4449802095675026e-07,0.00012339461917113592,3.7266388399128017e-06,7.484626298776402e-05,6.825603724121505e-08,5.3157849718487075e-08,1.1399918530430558e-12,2.3823696679343503e-07,3.059023363247549e-07,5.384940217751136e-13
0.00012339461917113592,8.315279285380714e-07,0.047425873514159125,9.736200303530205e-10,1.2015425731770343e-13,7.287724095819161e-14,2.646573631904765e-09,1.9810087980485874e-13,3.3982678079468468e-09,1.6701429809483402e-05,4.363462233903899e-09,4.847368706035286e-11,1.6052280526088547e-09,1.8553914607279396e-07,1.5428112031916497e-13,3.9278634073828347e-07,2.7894680920908113e-10,4.363462233903899e-09,7.582560422162384e-10,4.363462233903899e-09,4.847368706035286e-11
8.315279285380714e-07,0.0005527785524441057,1.7832472907828393e-11,1.3176514268359263e-10,1.2501528648238603e-09,1.6052280526088547e-09,7.991959892315218e-11,2.646573631904765e-09,9.237449576640118e-09,2.5109990926928157e-08,1.0261879630648829e-10,1.5428112031916497e-13,1.125351754703302e-07,9.237449576640118e-09,2.646573631904765e-09,4.847368706035286e-11,1.3887943864771146e-11,4.847368706035286e-11,3.775134544136581e-11,2.5436656473762755e-13,9.3576229688393e-14
0.9999998874648245,0.0015011819937681247,0.002472622943003016,9.237449576640118e-09,0.00012339461917113592,9.736200303530205e-10,9.736200303530205e-10,1.4449802095675026e-07,4.1399375473943306e-08,2.1724399346070676e-10,3.7266388399128017e-06,1.3176514268359263e-10,1.760343003490802e-06,2.1724399346070676e-10,2.1724399346070676e-10,3.3982678079468468e-09,3.3982678079468468e-09,5.384940217751136e-13,1.0129987357628251e-05,1.6918979223288786e-10,4.599055376537186e-10
0.9997965729534201,1.125351754703302e-07,2.0611536181902033e-09,9.237449576640118e-09,4.5397852420729034e-05,7.194132978569833e-09,9.736200303530205e-10,1.6052280526088547e-09,2.5109990926928157e-08,3.3982678079468468e-09,1.1861120010657661e-08,2.7894680920908113e-10,1.8553914607279396e-07,3.098819138712223e-12,6.560200168110742e-12,2.5109990926928157e-08,1.522997951276035e-08,7.194132978569833e-09,1.3176514268359263e-10,2.5109990926928157e-08,5.60279640614594e-09
0.9999999928058669,0.997527377056997,0.2689414213699951,3.7266388399128017e-06,7.484626298776402e-05,0.9959298622161507,1.3887943864771146e-11,3.7266388399128017e-06,1.0129987357628251e-05,0.9241418267688302,0.8175744850834648,2.2603251062511995e-06,6.144177531850823e-06,6.144177531850823e-06,1.3709578605790399e-06,6.144177531850823e-06,6.144177531850823e-06,1.8553914607279396e-07,0.010986941578116867,8.315279285380714e-07,0.004070137783849419
0.07585817323116975,3.978962535821407e-12,2.0611536181902033e-09,6.144177531850823e-06,6.914400106935422e-13,0.0015011819937681247,0.0015011819937681247,8.315279285380714e-07,5.384940217751136e-13,6.914400106935422e-13,1.6918979223288786e-10,1.955568070542584e-08,8.764248496102855e-08,3.3982678079468468e-09,4.1937956583777856e-13,2.2603251062511995e-06,5.60279640614594e-09,6.475945666070602e-07,3.2241866333029355e-08,6.475945666070602e-07,9.736200303530205e-10
2.646573631904765e-09,2.9023119851992182e-06,5.109089028037223e-12,3.581747929000289e-10,1.3887943864771146e-11,2.5436656473762755e-13,1.2501528648238603e-09,9.237449576640118e-09,5.60279640614594e-09,1.3176514268359263e-10,2.5109990926928157e-08,3.775134544136581e-11,2.0611536181902033e-09,4.1937956583777856e-13,2.2897348455931243e-11,3.2661313427863805e-13,3.2661313427863805e-13,5.905303995456778e-10,7.582560422162384e-10,3.775134544136581e-11,2.5436656473762755e-13
0.5,0.0009110513587503459,0.1824255149165352,2.0611536181902033e-09,6.914400106935422e-13,9.237449576640118e-09,0.004070137783849419,1.522997951276035e-08,4.1937956583777856e-13,4.599055376537186e-10,9.237449576640118e-09,7.582560422162384e-10,4.1937956583777856e-13,2.7894680920908113e-10,0.00012339461917113592,1.0261879630648829e-10,6.224144622520382e-11,2.1724399346070676e-10,1.2015425731770343e-13,2.7894680920908113e-10,9.3576229688393e-14
0.37754066879814546,3.9278634073828347e-07,8.423463754397692e-12,3.098819138712223e-12,0.01798621187025419,2.4133627718273893e-12,1.8795288165355504e-12,4.1399375473943306e-08,3.581747929000289e-10,3.581747929000289e-10,7.194132978569833e-09,1.0261879630648829e-10,1.4637785141237664e-12,1.6052280526088547e-09,2.1724399346070676e-10,6.144177531850823e-06,3.775134544136581e-11,1.6052280526088547e-09,4.847368706035286e-11,1.4637785141237664e-12,5.905303995456778e-10
8.764248496102855e-08,2.3823696679343503e-07,7.194132978569833e-09,3.978962535821407e-12,7.194132978569833e-09,2.4133627718273893e-12,1.8795288165355504e-12,4.5397852420729034e-05,5.905303995456778e-10,2.7535687821746045e-05,2.7535687821746045e-05,2.1724399346070676e-10,6.144177531850823e-06,4.363462233903899e-09,1.4637785141237664e-12,1.2501528648238603e-09,2.4133627718273893e-12,2.646573631904765e-09,2.2603251062511995e-06,3.098819138712223e-12,9.736200303530205e-10
0.9999952149055052,0.00012339461917113592,7.194132978569833e-09,7.889264466933239e-06,1.760343003490802e-06,7.194132978569833e-09,3.059023363247549e-07,3.059023363247549e-07,1.1861120010657661e-08,2.2603251062511995e-06,1.1399918530430558e-12,2.3823696679343503e-07,2.3823696679343503e-07,2.3823696679343503e-07,8.315279285380714e-07,5.905303995456778e-10,6.914400106935422e-13,5.3157849718487075e-08,8.764248496102855e-08,7.194132978569833e-09,9.736200303530205e-10
0.2689414213699951,1.0815941557168708e-11,1.3709578605790399e-06,1.6918979223288786e-10,2.0611536181902033e-09,2.1724399346070676e-10,2.3823696679343503e-07,3.059023363247549e-07,2.7894680920908113e-10,1.9810087980485874e-13,3.3982678079468468e-09,4.847368706035286e-11,5.3157849718487075e-08,1.5428112031916497e-13,2.7894680920908113e-10,1.6052280526088547e-09,4.1937956583777856e-13,7.991959892315218e-11,2.646573631904765e-09,1.3176514268359263e-10,2.0611536181902033e-09
0.9999999999622486,2.646573631904765e-09,0.9997965729534201,0.9984988180062319,0.002472622943003016,0.9984988180062319,0.0015011819937681247,0.0009110513587503459,0.9890130584218833,0.0009110513587503459,1.6701429809483402e-05,2.7535687821746045e-05,0.0003353500316799018,0.0003353500316799018,0.0005527785524441057,3.978962535821407e-12,0.6224593312018546,2.4133627718273893e-12,0.8175744850834648,0.6224593312018546,0.047425873514159125
0.9241418267688302,1.0261879630648829e-10,1.3709578605790399e-06,0.004070137783849419,0.002472622943003016,2.2603251062511995e-06,2.2603251062511995e-06,8.315279285380714e-07,0.004070137783849419,6.825603724121505e-08,6.825603724121505e-08,1.4637785141237664e-12,4.1399375473943306e-08,4.1399375473943306e-08,8.315279285380714e-07,1.522997951276035e-08,3.2241866333029355e-08,3.2241866333029355e-08,8.878265478451776e-13,1.3709578605790399e-06,1.1861120010657661e-08
0.9999994956523514,0.7310585786300049,0.00012339461917113592,1.6701429809483402e-05,0.2689414213699951,3.059023363247549e-07,1.6701429809483402e-05,2.2603251062511995e-06,1.125351754703302e-07,1.522997951276035e-08,4.1399375473943306e-08,5.384940217751136e-13,7.484626298776402e-05,5.043476486929152e-07,1.4637785141237664e-12,4.1399375473943306e-08,2.646573631904765e-09,5.384940217751136e-13,6.825603724121505e-08,1.125351754703302e-07,2.5109990926928157e-08
0.999999814460854,0.8807970826714614,5.905303995456778e-10,3.775134544136581e-11,2.7535687821746045e-05,7.287724095819161e-14,4.5397852420729034e-05,2.1724399346070676e-10,2.2603251062511995e-06,2.2603251062511995e-06,3.775134544136581e-11,3.3982678079468468e-09,5.6756852326324e-14,8.315279285380714e-07,3.3982678079468468e-09,2.0611536181902033e-09,6.224144622520382e-11,5.905303995456778e-10,2.0611536181902033e-09,1.3709578605790399e-06,4.847368706035286e-11
0.9999977396748937,3.2241866333029355e-08,2.646573631904765e-09,9.237449576640118e-09,1.955568070542584e-08,2.1724399346070676e-10,3.2241866333029355e-08,1.6701429809483402e-05,5.905303995456778e-10,9.736200303530205e-10,6.825603724121505e-08,2.646573631904765e-09,3.581747929000289e-10,5.60279640614594e-09,3.7266388399128017e-06,2.0611536181902033e-09,1.0261879630648829e-10,3.059023363247549e-07,2.3823696679343503e-07,2.4133627718273893e-12,1.8553914607279396e-07
0.999999855501979,0.00012339461917113592,5.109089028037223e-12,0.004070137783849419,0.00012339461917113592,9.237449576640118e-09,2.1444958641491428e-05,8.878265478451776e-13,3.098819138712223e-12,3.2241866333029355e-08,1.955568070542584e-08,2.9023119851992182e-06,3.9278634073828347e-07,7.889264466933239e-06,4.785094494835719e-06,1.3007123813725571e-05,5.60279640614594e-09,1.125351754703302e-07,1.8795288165355504e-12,4.785094494835719e-06,4.363462233903899e-09
0.9999999928058669,6.825603724121505e-08,2.5109990926928157e-08,1.7832472907828393e-11,3.3982678079468468e-09,3.059023363247549e-07,5.3157849718487075e-08,5.60279640614594e-09,1.2501528648238603e-09,9.237449576640118e-09,9.237449576640118e-09,4.599055376537186e-10,1.0261879630648829e-10,6.560200168110742e-12,2.08796791164589e-14,7.582560422162384e-10,1.2501528648238603e-09,1.3176514268359263e-10,9.736200303530205e-10,2.940077739198032e-11,4.599055376537186e-10
0.9999970976880148,0.0015011819937681247,5.8291272510566984e-05,3.581747929000289e-10,1.0129987357628251e-05,2.2603251062511995e-06,7.991959892315218e-11,7.194132978569833e-09,1.760343003490802e-06,4.363462233903899e-09,3.775134544136581e-11,1.9810087980485874e-13,2.2897348455931243e-11,1.2501528648238603e-09,1.8553914607279396e-07,9.736200303530205e-10,5.905303995456778e-10,1.3887943864771146e-11,3.775134544136581e-11,4.599055376537186e-10,5.905303995456778e-10
0.6224593312018546,4.363462233903899e-09,1.3887943864771146e-11,8.423463754397692e-12,1.067702997323512e-06,1.9810087980485874e-13,1.3709578605790399e-06,4.847368706035286e-11,7.582560422162384e-10,4.847368706035286e-11,1.1399918530430558e-12,1.4637785141237664e-12,5.905303995456778e-10,5.905303995456778e-10,1.2015425731770343e-13,8.878265478451776e-13,5.905303995456778e-10,1.2501528648238603e-09,7.194132978569833e-09,4.363462233903899e-09,5.6756852326324e-14
0.9994472214475559,3.581747929000289e-10,9.3576229688393e-14,3.2241866333029355e-08,8.423463754397692e-12,9.3576229688393e-14,9.736200303530205e-10,2.1724399346070676e-10,7.582560422162384e-10,2.5109990926928157e-08,1.6052280526088547e-09,5.6756852326324e-14,2.6810038677817314e-14,6.560200168110742e-12,4.363462233903899e-09,3.442477108469858e-14,7.991959892315218e-11,4.420228103640978e-14,1.6052280526088547e-09,3.581747929000289e-10,2.7894680920908113e-10
0.9999999999821676,0.9999999928058669,0.0009110513587503459,0.0005527785524441057,0.5,0.9999724643121783,2.4133627718273893e-12,2.4133627718273893e-12,0.002472622943003016,0.047425873514159125,0.01798621187025419,4.5397852420729034e-05,0.9990889486412498,0.002472622943003016,0.004070137783849419,0.047425873514159125,5.384940217751136e-13,1.6701429809483402e-05,5.384940217751136e-13,1.1399918530430558e-12,2.7535687821746045e-05
0.004070137783849419,0.11920291732853862,3.059023363247549e-07,3.3982678079468468e-09,1.2501528648238603e-09,5.60279640614594e-09,3.2241866333029355e-08,1.1399918530430558e-12,7.194132978569833e-09,9.610239214580367e-05,3.581747929000289e-10,1.1399918530430558e-12,7.194132978569833e-09,8.878265478451776e-13,4.363462233903899e-09,2.1724399346070676e-10,5.905303995456778e-10,5.384940217751136e-13,4.363462233903899e-09,8.878265478451776e-13,2.5436656473762755e-13
0.9999999317439628,1.0129987357628251e-05,3.7266388399128017e-06,4.1399375473943306e-08,1.3709578605790399e-06,6.825603724121505e-08,3.3982678079468468e-09,0.0293122327122782,8.315279285380714e-07,0.002472622943003016,7.582560422162384e-10,4.599055376537186e-10,5.384940217751136e-13,2.5436656473762755e-13,2.5436656473762755e-13,3.581747929000289e-10,3.059023363247549e-07,1.955568070542584e-08,8.878265478451776e-13,8.878265478451776e-13,9.237449576640118e-09
0.99999627336116,3.3982678079468468e-09,5.905303995456778e-10,7.287724095819161e-14,1.5428112031916497e-13,5.905303995456778e-10,1.6052280526088547e-09,5.6756852326324e-14,1.522997951276035e-08,7.287724095819161e-14,8.315279285380714e-07,1.4449802095675026e-07,1.6052280526088547e-09,2.08796791164589e-14,4.363462233903899e-09,1.1861120010657661e-08,2.646573631904765e-09,7.287724095819161e-14,3.775134544136581e-11,3.442477108469858e-14,3.2241866333029355e-08
0.999999814460854,0.8175744850834648,8.315279285380714e-07,4.5397852420729034e-05,0.00015843623599953396,7.194132978569833e-09,5.60279640614594e-09,1.3709578605790399e-06,8.315279285380714e-07,2.7535687821746045e-05,3.7266388399128017e-06,5.043476486929152e-07,4.1399375473943306e-08,2.5109990926928157e-08,6.825603724121505e-08,3.7266388399128017e-06,5.3157849718487075e-08,2.3823696679343503e-07,4.1399375473943306e-08,1.3709578605790399e-06,3.2241866333029355e-08
0.0003353500316799018,0.9525741264858409,6.144177531850823e-06,4.1937956583777856e-13,0.0009110513587503459,0.004070137783849419,0.00020342704657999323,8.878265478451776e-13,0.0015011819937681247,1.522997951276035e-08,1.6701429809483402e-05,4.1399375473943306e-08,9.3576229688393e-14,4.5397852420729034e-05,5.60279640614594e-09,5.60279640614594e-09,2.2603251062511995e-06,1.0129987357628251e-05,5.60279640614594e-09,1.9810087980485874e-13,4.1399375473943306e-08
0.9997965729534201,5.60279640614594e-09,9.3576229688393e-14,2.940077739198032e-11,3.2661313427863805e-13,1.125351754703302e-07,3.2241866333029355e-08,7.991959892315218e-11,4.1399375473943306e-08,7.194132978569833e-09,3.775134544136581e-11,1.5428112031916497e-13,2.2897348455931243e-11,6.224144622520382e-11,1.9810087980485874e-13,4.363462233903899e-09,1.9810087980485874e-13,3.2661313427863805e-13,3.775134544136581e-11,6.224144622520382e-11,7.582560422162384e-10
0.9999991684720715,3.978962535821407e-12,7.287724095819161e-14,4.363462233903899e-09,5.60279640614594e-09,2.7535687821746045e-05,2.7535687821746045e-05,1.6052280526088547e-09,1.5428112031916497e-13,1.9810087980485874e-13,9.237449576640118e-09,6.144177531850823e-06,2.2603251062511995e-06,1.6052280526088547e-09,1.0129987357628251e-05,2.1724399346070676e-10,1.125351754703302e-07,2.0611536181902033e-09,2.3823696679343503e-07,2.0611536181902033e-09,5.3157849718487075e-08
0.9999999992417439,0.9999986290421394,1.7832472907828393e-11,8.423463754397692e-12,0.9994472214475559,3.7266388399128017e-06,0.9990889486412498,0.010986941578116867,0.9890130584218833,0.0005527785524441057,0.997527377056997,0.9890130584218833,0.0003353500316799018,8.423463754397692e-12,3.098819138712223e-12,0.002472622943003016,3.978962535821407e-12,1.0129987357628251e-05,3.098819138712223e-12,0.00012339461917113592,7.484626298776402e-05
0.9999999928058669,7.484626298776402e-05,8.764248496102855e-08,1.3709578605790399e-06,5.3157849718487075e-08,3.535625493426631e-05,1.4637785141237664e-12,3.978962535821407e-12,1.6701429809483402e-05,1.955568070542584e-08,5.60279640614594e-09,1.4637785141237664e-12,1.522997951276035e-08,7.194132978569833e-09,3.059023363247549e-07,1.125351754703302e-07,6.914400106935422e-13,3.3982678079468468e-09,6.914400106935422e-13,1.6052280526088547e-09,4.363462233903899e-09
0.9998766053808288,5.60279640614594e-09,3.2661313427863805e-13,5.905303995456778e-10,1.6918979223288786e-10,1.8553914607279396e-07,2.1724399346070676e-10,1.0815941557168708e-11,9.736200303530205e-10,3.3982678079468468e-09,9.736200303530205e-10,4.847368706035286e-11,1.2501528648238603e-09,2.0611536181902033e-09,1.8553914607279396e-07,1.6052280526088547e-09,1.9810087980485874e-13,1.522997951276035e-08,6.914400106935422e-13,9.736200303530205e-10,1.955568070542584e-08
0.047425873514159125,0.9241418267688302,2.940077739198032e-11,0.004070137783849419,8.423463754397692e-12,1.3887943864771146e-11,0.6224593312018546,0.11920291732853862,0.0009110513587503459,0.00012339461917113592,4.5397852420729034e-05,0.002472622943003016,0.006692851264816553,5.109089028037223e-12,2.2897348455931243e-11,0.010986941578116867,4.5397852420729034e-05,8.423463754397692e-12,0.00020342704657999323,6.144177531850823e-06,0.00020342704657999323
0.9999999998308102,0.00012339461917113592,0.9999938558224682,0.9999546021475793,4.847368706035286e-11,0.9997965729534201,8.315279285380714e-07,0.0015011819937681247,0.002472622943003016,3.7266388399128017e-06,8.315279285380714e-07,6.560200168110742e-12,0.9525741264858409,6.560200168110742e-12,0.00012339461917113592,1.6701429809483402e-05,8.423463754397692e-12,0.9706877672877217,1.3887943864771146e-11,6.560200168110742e-12,4.5397852420729034e-05
0.9999999992417439,6.144177531850823e-06,0.8807970826714614,5.905303995456778e-10,8.315279285380714e-07,3.7266388399128017e-06,3.7266388399128017e-06,0.2689414213699951,5.384940217751136e-13,6.825603724121505e-08,1.2015425731770343e-13,3.2661313427863805e-13,6.825603724121505e-08,0.0015011819937681247,5.043476486929152e-07,1.5428112031916497e-13,1.1861120010657661e-08,6.224144622520382e-11,1.6918979223288786e-10,3.2661313427863805e-13,7.287724095819161e-14
0.0015011819937681247,1.0261879630648829e-10,2.940077739198032e-11,3.3982678079468468e-09,1.0815941557168708e-11,7.194132978569833e-09,2.2897348455931243e-11,1.3176514268359263e-10,2.2603251062511995e-06,1.7832472907828393e-11,2.2897348455931243e-11,8.423463754397692e-12,4.847368706035286e-11,8.878265478451776e-13,5.3157849718487075e-08,4.363462233903899e-09,6.224144622520382e-11,1.1861120010657661e-08,9.237449576640118e-09,4.1937956583777856e-13,4.599055376537186e-10
0.9999999973534264,0.9525741264858409,0.9984988180062319,0.002472622943003016,0.11920291732853862,0.006692851264816553,0.006692851264816553,0.004070137783849419,2.2897348455931243e-11,0.004070137783849419,0.010986941578116867,1.6701429809483402e-05,6.560200168110742e-12,8.423463754397692e-12,0.07585817323116975,1.0129987357628251e-05,1.0815941557168708e-11,3.978962535821407e-12,0.002472622943003016,1.3887943864771146e-11,0.0005527785524441057
0.99966464996832,1.4449802095675026e-07,7.582560422162384e-10,7.582560422162384e-10,0.00012339461917113592,3.2661313427863805e-13,2.7894680920908113e-10,3.2661313427863805e-13,1.9810087980485874e-13,1.7832472907828393e-11,3.775134544136581e-11,2.940077739198032e-11,7.991959892315218e-11,9.3576229688393e-14,6.825603724121505e-08,8.423463754397692e-12,7.287724095819161e-14,4.599055376537186e-10,1.1861120010657661e-08,1.522997951276035e-08,4.363462233903899e-09
0.999999814460854,5.043476486929152e-07,9.237449576640118e-09,1.3709578605790399e-06,5.60279640614594e-09,4.1937956583777856e-13,6.825603724121505e-08,1.2015425731770343e-13,2.646573631904765e-09,3.2661313427863805e-13,1.522997951276035e-08,3.2661313427863805e-13,2.0611536181902033e-09,4.5397852420729034e-05,1.9810087980485874e-13,4.1399375473943306e-08,9.237449576640118e-09,7.194132978569833e-09,5.384940217751136e-13,9.736200303530205e-10,7.194132978569833e-09
0.9999977396748937,0.0293122327122782,6.914400106935422e-13,5.3157849718487075e-08,3.098819138712223e-12,5.60279640614594e-09,1.6701429809483402e-05,2.646573631904765e-09,1.1399918530430558e-12,7.194132978569833e-09,7.194132978569833e-09,4.599055376537186e-10,2.1724399346070676e-10,3.7266388399128017e-06,9.237449576640118e-09,3.581747929000289e-10,4.363462233903899e-09,4.363462233903899e-09,4.1937956583777856e-13,3.2661313427863805e-13,3.059023363247549e-07
0.99999998813888,0.006692851264816553,2.5109990926928157e-08,1.522997951276035e-08,4.1399375473943306e-08,1.2015425731770343e-13,3.2241866333029355e-08,4.1399375473943306e-08,1.9810087980485874e-13,1.9810087980485874e-13,3.3982678079468468e-09,9.3576229688393e-14,1.3709578605790399e-06,9.3576229688393e-14,7.889264466933239e-06,7.991959892315218e-11,6.224144622520382e-11,3.059023363247549e-07,8.315279285380714e-07,1.2015425731770343e-13,1.5428112031916497e-13
6.144177531850823e-06,1.955568070542584e-08,1.2501528648238603e-09,1.5428112031916497e-13,8.764248496102855e-08,9.736200303530205e-10,2.646573631904765e-09,1.6052280526088547e-09,1.3176514268359263e-10,1.9810087980485874e-13,1.9810087980485874e-13,7.287724095819161e-14,2.2897348455931243e-11,5.6756852326324e-14,3.581747929000289e-10,5.60279640614594e-09,9.736200303530205e-10,3.581747929000289e-10,2.0611536181902033e-09,2.7894680920908113e-10,1.7832472907828393e-11
0.9999999979388463,0.9241418267688302,0.07585817323116975,1.6701429809483402e-05,2.2603251062511995e-06,6.144177531850823e-06,1.0129987357628251e-05,5.384940217751136e-13,1.3709578605790399e-06,0.006692851264816553,3.2241866333029355e-08,7.582560422162384e-10,0.0009110513587503459,2.5436656473762755e-13,2.646573631904765e-09,3.059023363247549e-07,1.9810087980485874e-13,2.1724399346070676e-10,4.1399375473943306e-08,4.1399375473943306e-08,8.764248496102855e-08
7.484626298776402e-05,0.0005527785524441057,1.125351754703302e-07,2.3823696679343503e-07,2.5436656473762755e-13,3.2241866333029355e-08,1.6701429809483402e-05,1.6701429809483402e-05,0.0003353500316799018,1.6701429809483402e-05,5.043476486929152e-07,1.8553914607279396e-07,8.315279285380714e-07,2.2603251062511995e-06,1.8553914607279396e-07,8.315279285380714e-07,1.125351754703302e-07,8.315279285380714e-07,1.6918979223288786e-10,1.8553914607279396e-07,1.6918979223288786e-10
0.9999999943972036,2.7894680920908113e-10,4.5397852420729034e-05,4.5397852420729034e-05,1.6701429809483402e-05,6.914400106935422e-13,5.384940217751136e-13,4.1937956583777856e-13,8.878265478451776e-13,8.764248496102855e-08,2.5109990926928157e-08,1.6701429809483402e-05,7.484626298776402e-05,1.125351754703302e-07,5.043476486929152e-07,6.825603724121505e-08,4.1399375473943306e-08,1.0129987357628251e-05,4.1937956583777856e-13,3.2241866333029355e-08,0.00012339461917113592
7.582560422162384e-10,0.002472622943003016,2.7894680920908113e-10,1.522997951276035e-08,7.889264466933239e-06,6.144177531850823e-06,2.9023119851992182e-06,1.3176514268359263e-10,3.775134544136581e-11,1.125351754703302e-07,1.8553914607279396e-07,1.3176514268359263e-10,1.067702997323512e-06,6.475945666070602e-07,1.3887943864771146e-11,4.1399375473943306e-08,3.2241866333029355e-08,1.9810087980485874e-13,6.224144622520382e-11,2.2897348455931243e-11,3.775134544136581e-11
0.9933071487351834,1.2501528648238603e-09,6.144177531850823e-06,7.991959892315218e-11,4.1937956583777856e-13,1.125351754703302e-07,1.7832472907828393e-11,1.1399918530430558e-12,1.7832472907828393e-11,4.847368706035286e-11,5.109089028037223e-12,3.098819138712223e-12,2.0611536181902033e-09,2.940077739198032e-11,4.847368706035286e-11,9.237449576640118e-09,5.60279640614594e-09,2.4133627718273893e-12,1.0261879630648829e-10,1.7832472907828393e-11,1.2501528648238603e-09
0.9999546021475793,4.1399375473943306e-08,2.646573631904765e-09,9.736200303530205e-10,5.905303995456778e-10,2.0611536181902033e-09,1.8795288165355504e-12,5.60279640614594e-09,3.098819138712223e-12,1.760343003490802e-06,1.760343003490802e-06,1.4637785141237664e-12,1.6052280526088547e-09,2.0611536181902033e-09,1.067702997323512e-06,1.8553914607279396e-07,2.646573631904765e-09,1.8795288165355504e-12,3.059023363247549e-07,1.4637785141237664e-12,4.599055376537186e-10
0.9999999998973812,0.9999724643121783,0.8807970826714614,1.6701429809483402e-05,1.6701429809483402e-05,8.423463754397692e-12,1.3709578605790399e-06,0.0005527785524441057,0.9890130584218833,0.00012339461917113592,7.484626298776402e-05,1.0129987357628251e-05,6.144177531850823e-06,0.7310585786300049,1.0129987357628251e-05,2.4133627718273893e-12,1.125351754703302e-07,6.144177531850823e-06,2.7535687821746045e-05,6.144177531850823e-06,3.7266388399128017e-06
0.9999999996418252,0.9999999317439628,0.999999814460854,0.9999986290421394,0.9820137881297458,0.6224593312018546,0.1824255149165352,0.2689414213699951,0.07585817323116975,0.047425873514159125,7.484626298776402e-05,7.484626298776402e-05,0.004070137783849419,2.4133627718273893e-12,0.0005527785524441057,0.00020342704657999323,3.7266388399128017e-06,1.3709578605790399e-06,2.2603251062511995e-06,8.878265478451776e-13,2.2603251062511995e-06
0.9241418267688302,4.363462233903899e-09,0.004070137783849419,1.0815941557168708e-11,6.224144622520382e-11,1.0815941557168708e-11,0.002472622943003016,0.010986941578116867,0.9999938558224682,0.9999724643121783,4.5397852420729034e-05,1.3887943864771146e-11,0.9999251537370122,8.423463754397692e-12,1.3887943864771146e-11,2.7535687821746045e-05,0.9525741264858409,1.0129987357628251e-05,2.7535687821746045e-05,0.9933071487351834,1.3709578605790399e-06
0.047425873514159125,0.1824255149165352,9.736200303530205e-10,3.2661313427863805e-13,2.5436656473762755e-13,1.522997951276035e-08,1.522997951276035e-08,3.2241866333029355e-08,1.5428112031916497e-13,1.522997951276035e-08,2.940077739198032e-11,1.6052280526088547e-09,4.847368706035286e-11,1.2501528648238603e-09,5.905303995456778e-10,1.6918979223288786e-10,1.0261879630648829e-10,1.6052280526088547e-09,3.581747929000289e-10,2.7894680920908113e-10,4.599055376537186e-10
0.9999986290421394,1.2501528648238603e-09,9.610239214580367e-05,2.9023119851992182e-06,3.978962535821407e-12,1.760343003490802e-06,4.5397852420729034e-05,3.059023363247549e-07,1.4449802095675026e-07,8.764248496102855e-08,6.825603724121505e-08,3.059023363247549e-07,6.475945666070602e-07,1.522997951276035e-08,1.955568070542584e-08,3.9278634073828347e-07,1.3709578605790399e-06,2.5109990926928157e-08,5.3157849718487075e-08,6.825603724121505e-08,5.60279640614594e-09
0.37754066879814546,7.582560422162384e-10,0.99999627336116,0.99999627336116,0.0009110513587503459,2.2897348455931243e-11,0.006692851264816553,0.002472622943003016,0.01798621187025419,0.9999724643121783,8.423463754397692e-12,0.99966464996832,8.423463754397692e-12,1.3887943864771146e-11,0.0293122327122782,1.6701429809483402e-05,0.9998766053808288,0.0009110513587503459,0.004070137783849419,0.01798621187025419,2.2603251062511995e-06
0.9999999973534264,0.5,4.363462233903899e-09,0.047425873514159125,0.004070137783849419,6.825603724121505e-08,2.7894680920908113e-10,3.2661313427863805e-13,2.5436656473762755e-13,9.237449576640118e-09,6.224144622520382e-11,0.00012339461917113592,2.646573631904765e-09,9.237449576640118e-09,2.646573631904765e-09,1.3176514268359263e-10,4.420228103640978e-14,1.6052280526088547e-09,1.6052280526088547e-09,1.0261879630648829e-10,2.7894680920908113e-10
0.999999999782756,0.9999986290421394,1.0815941557168708e-11,3.978962535821407e-12,1.067702997323512e-06,2.3823696679343503e-07,3.098819138712223e-12,0.9890130584218833,0.002472622943003016,0.0015011819937681247,3.9278634073828347e-07,1.4637785141237664e-12,1.8553914607279396e-07,0.2689414213699951,6.475945666070602e-07,1.8795288165355504e-12,0.11920291732853862,4.5397852420729034e-05,0.0009110513587503459,1.8795288165355504e-12,0.010986941578116867
0.0003353500316799018,1.6918979223288786e-10,7.484626298776402e-05,5.384940217751136e-13,6.144177531850823e-06,0.010986941578116867,0.010986941578116867,6.914400106935422e-13,0.00020342704657999323,1.4449802095675026e-07,3.2241866333029355e-08,2.4133627718273893e-12,4.1399375473943306e-08,8.315279285380714e-07,1.0129987357628251e-05,2.2603251062511995e-06,4.1937956583777856e-13,6.475945666070602e-07,1.125351754703302e-07,1.3709578605790399e-06,4.1399375473943306e-08
6.825603724121505e-08,0.9706877672877217,6.825603724121505e-08,1.3709578605790399e-06,0.0005527785524441057,5.384940217751136e-13,8.315279285380714e-07,0.002472622943003016,3.2241866333029355e-08,5.384940217751136e-13,0.0005527785524441057,6.914400106935422e-13,8.878265478451776e-13,3.2241866333029355e-08,0.0009110513587503459,8.878265478451776e-13,2.7535687821746045e-05,7.194132978569833e-09,1.8553914607279396e-07,1.522997951276035e-08,4.1937956583777856e-13
0.9999938558224682,0.006692851264816553,7.582560422162384e-10,5.109089028037223e-12,7.991959892315218e-11,2.0611536181902033e-09,1.3887943864771146e-11,1.5428112031916497e-13,1.125351754703302e-07,1.4449802095675026e-07,4.1399375473943306e-08,7.287724095819161e-14,3.3982678079468468e-09,3.775134544136581e-11,7.194132978569833e-09,9.3576229688393e-14,1.7832472907828393e-11,1.6052280526088547e-09,2.5436656473762755e-13,1.955568070542584e-08,7.194132978569833e-09
0.0005527785524441057,7.194132978569833e-09,7.582560422162384e-10,2.940077739198032e-11,5.384940217751136e-13,5.384940217751136e-13,6.224144622520382e-11,8.878265478451776e-13,1.3887943864771146e-11,1.125351754703302e-07,2.5436656473762755e-13,2.940077739198032e-11,4.1937956583777856e-13,2.2897348455931243e-11,1.2501528648238603e-09,3.3982678079468468e-09,3.098819138712223e-12,2.1724399346070676e-10,3.098819138712223e-12,2.4133627718273893e-12,1.7832472907828393e-11
0.9999999928058669,2.2603251062511995e-06,3.3982678079468468e-09,6.144177531850823e-06,1.3709578605790399e-06,4.363462233903899e-09,2.2603251062511995e-06,2.2603251062511995e-06,3.3982678079468468e-09,1.3176514268359263e-10,6.825603724121505e-08,4.847368706035286e-11,1.8553914607279396e-07,1.3887943864771146e-11,4.1399375473943306e-08,1.9810087980485874e-13,2.1724399346070676e-10,9.237449576640118e-09,6.825603724121505e-08,1.0261879630648829e-10,1.0261879630648829e-10
5.3157849718487075e-08,3.9278634073828347e-07,0.0009110513587503459,0.0009110513587503459,1.8553914607279396e-07,3.9278634073828347e-07,1.125351754703302e-07,2.7535687821746045e-05,3.059023363247549e-07,4.5397852420729034e-05,1.125351754703302e-07,1.4637785141237664e-12,1.4637785141237664e-12,2.2603251062511995e-06,9.237449576640118e-09,2.646573631904765e-09,8.878265478451776e-13,4.363462233903899e-09,2.7894680920908113e-10,1.1861120010657661e-08,1.8553914607279396e-07
0.9999251537370122,1.0815941557168708e-11,4.1937956583777856e-13,2.0611536181902033e-09,4.599055376537186e-10,1.6052280526088547e-09,8.878265478451776e-13,3.581747929000289e-10,4.599055376537186e-10,9.237449576640118e-09,3.2661313427863805e-13,3.3982678079468468e-09,4.363462233903899e-09,1.9810087980485874e-13,1.9810087980485874e-13,2.646573631904765e-09,5.905303995456778e-10,7.991959892315218e-11,1.6918979223288786e-10,1.4449802095675026e-07,1.0261879630648829e-10
0.9999999928058669,0.9820137881297458,0.010986941578116867,0.004070137783849419,3.7266388399128017e-06,0.0015011819937681247,8.315279285380714e-07,8.315279285380714e-07,3.7266388399128017e-06,1.125351754703302e-07,4.1399375473943306e-08,1.955568070542584e-08,1.125351754703302e-07,1.8553914607279396e-07,5.384940217751136e-13,1.1399918530430558e-12,4.1399375473943306e-08,9.237449576640118e-09,5.384940217751136e-13,6.825603724121505e-08,3.3982678079468468e-09
0.9999999956365377,5.109089028037223e-12,0.010986941578116867,0.00020342704657999323,5.6756852326324e-14,1.522997951276035e-08,9.3576229688393e-14,1.1861120010657661e-08,1.6052280526088547e-09,1.2015425731770343e-13,5.6756852326324e-14,4.599055376537186e-10,5.6756852326324e-14,2.0611536181902033e-09,4.599055376537186e-10,6.475945666070602e-07,2.7894680920908113e-10,3.581747929000289e-10,4.420228103640978e-14,5.043476486929152e-07,1.0261879630648829e-10
9.237449576640118e-09,4.363462233903899e-09,8.423463754397692e-12,3.775134544136581e-11,1.6052280526088547e-09,1.8553914607279396e-07,7.582560422162384e-10,1.125351754703302e-07,6.475945666070602e-07,1.4449802095675026e-07,1.6052280526088547e-09,1.1399918530430558e-12,8.878265478451776e-13,1.1399918530430558e-12,2.0611536181902033e-09,1.4637785141237664e-12,1.522997951276035e-08,3.2241866333029355e-08,8.878265478451776e-13,1.1861120010657661e-08,7.991959892315218e-11
0.9999999999515263,0.9999832985701905,4.5397852420729034e-05,0.2689414213699951,0.01798621187025419,0.010986941578116867,0.0005527785524441057,0.00020342704657999323,0.004070137783849419,0.004070137783849419,0.0009110513587503459,0.002472622943003016,1.7832472907828393e-11,1.0129987357628251e-05,0.006692851264816553,3.775134544136581e-11,0.01798621187025419,0.9525741264858409,0.9525741264858409,2.7535687821746045e-05,6.144177531850823e-06
0.9999999973534264,0.9999251537370122,2.2603251062511995e-06,0.010986941578116867,0.0009110513587503459,1.1399918530430558e-12,9.237449576640118e-09,3.3982678079468468e-09,2.646573631904765e-09,2.7535687821746045e-05,1.3709578605790399e-06,8.878265478451776e-13,4.363462233903899e-09,6.914400106935422e-13,5.905303995456778e-10,7.582560422162384e-10,1.1399918530430558e-12,1.6701429809483402e-05,2.646573631904765e-09,1.4637785141237664e-12,2.7894680920908113e-10
0.9999999928058669,0.01798621187025419,1.125351754703302e-07,5.60279640614594e-09,9.736200303530205e-10,1.9810087980485874e-13,1.1861120010657661e-08,9.736200303530205e-10,3.2241866333029355e-08,3.2661313427863805e-13,0.0003353500316799018,6.914400106935422e-13,9.736200303530205e-10,4.363462233903899e-09,2.7894680920908113e-10,6.144177531850823e-06,2.7894680920908113e-10,1.6052280526088547e-09,1.7832472907828393e-11,1.760343003490802e-06,2.2603251062511995e-06
0.9998766053808288,3.3982678079468468e-09,1.8795288165355504e-12,1.8795288165355504e-12,1.7832472907828393e-11,1.0815941557168708e-11,2.2897348455931243e-11,5.905303995456778e-10,3.2661313427863805e-13,4.1399375473943306e-08,3.581747929000289e-10,4.599055376537186e-10,1.3176514268359263e-10,2.5436656473762755e-13,3.098819138712223e-12,2.4133627718273893e-12,2.4133627718273893e-12,1.9810087980485874e-13,6.914400106935422e-13,4.599055376537186e-10,9.736200303530205e-10
0.9999999317439628,0.37754066879814546,4.420228103640978e-14,8.315279285380714e-07,3.7266388399128017e-06,9.3576229688393e-14,9.3576229688393e-14,5.905303995456778e-10,1.6701429809483402e-05,3.442477108469858e-14,1.6701429809483402e-05,7.991959892315218e-11,2.0611536181902033e-09,4.785094494835719e-06,2.2603251062511995e-06,1.125351754703302e-07,7.194132978569833e-09,3.3982678079468468e-09,6.475945666070602e-07,1.125351754703302e-07,4.847368706035286e-11
1.955568070542584e-08,8.764248496102855e-08,2.9023119851992182e-06,1.1861120010657661e-08,2.646573631904765e-09,5.60279640614594e-09,1.8553914607279396e-07,3.978962535821407e-12,3.978962535821407e-12,2.7535687821746045e-05,9.237449576640118e-09,1.8795288165355504e-12,6.144177531850823e-06,1.4637785141237664e-12,2.3823696679343503e-07,8.764248496102855e-08,7.194132978569833e-09,2.646573631904765e-09,1.522997951276035e-08,5.60279640614594e-09,4.363462233903899e-09
0.9999898700126424,3.978962535821407e-12,1.3176514268359263e-10,3.581747929000289e-10,1.0261879630648829e-10,5.384940217751136e-13,2.1724399346070676e-10,7.194132978569833e-09,1.0261879630648829e-10,4.599055376537186e-10,1.125351754703302e-07,5.3157849718487075e-08,3.2241866333029355e-08,3.775134544136581e-11,2.646573631904765e-09,3.2241866333029355e-08,4.847368706035286e-11,1.6052280526088547e-09,1.6052280526088547e-09,7.582560422162384e-10,5.905303995456778e-10
0.9999999999705993,0.9999898700126424,0.0009110513587503459,0.00012339461917113592,2.7535687821746045e-05,1.3709578605790399e-06,0.00020342704657999323,1.8553914607279396e-07,0.0293122327122782,0.01798621187025419,6.560200168110742e-12,6.560200168110742e-12,1.8553914607279396e-07,1.3887943864771146e-11,6.825603724121505e-08,0.00012339461917113592,1.125351754703302e-07,5.3157849718487075e-08,8.315279285380714e-07,1.1861120010657661e-08,6.825603724121505e-08
5.3157849718487075e-08,2.1724399346070676e-10,5.60279640614594e-09,5.60279640614594e-09,1.0815941557168708e-11,2.940077739198032e-11,7.287724095819161e-14,2.940077739198032e-11,1.2015425731770343e-13,4.363462233903899e-09,1.2501528648238603e-09,5.905303995456778e-10,4.599055376537186e-10,1.8795288165355504e-12,2.2897348455931243e-11,2.940077739198032e-11,1.3176514268359263e-10,2.7894680920908113e-10,3.978962535821407e-12,1.3887943864771146e-11,4.847368706035286e-11
0.004070137783849419,0.004070137783849419,8.878265478451776e-13,1.955568070542584e-08,0.00012339461917113592,3.3982678079468468e-09,7.194132978569833e-09,3.2661313427863805e-13,2.646573631904765e-09,2.0611536181902033e-09,1.2501528648238603e-09,3.3982678079468468e-09,1.0261879630648829e-10,4.599055376537186e-10,1.6918979223288786e-10,2.940077739198032e-11,1.2015425731770343e-13,1.0261879630648829e-10,1.1861120010657661e-08,3.775134544136581e-11,7.991959892315218e-11
0.9999251537370122,0.010986941578116867,4.363462233903899e-09,1.2501528648238603e-09,1.125351754703302e-07,4.1399375473943306e-08,8.764248496102855e-08,3.581747929000289e-10,2.5109990926928157e-08,0.0009110513587503459,5.384940217751136e-13,6.224144622520382e-11,3.2661313427863805e-13,5.60279640614594e-09,2.646573631904765e-09,2.646573631904765e-09,1.2501528648238603e-09,2.9023119851992182e-06,7.194132978569833e-09,6.144177531850823e-06,4.847368706035286e-11
0.999999814460854,4.363462233903899e-09,1.0129987357628251e-05,2.2897348455931243e-11,9.3576229688393e-14,8.315279285380714e-07,4.599055376537186e-10,5.905303995456778e-10,4.420228103640978e-14,3.581747929000289e-10,5.6756852326324e-14,7.991959892315218e-11,8.764248496102855e-08,2.6810038677817314e-14,3.442477108469858e-14,9.237449576640118e-09,6.224144622520382e-11,5.60279640614594e-09,3.442477108469858e-14,1.3887943864771146e-11,1.6918979223288786e-10
0.00020342704657999323,0.0015011819937681247,2.646573631904765e-09,4.5397852420729034e-05,4.5397852420729034e-05,3.2241866333029355e-08,1.955568070542584e-08,6.144177531850823e-06,1.4637785141237664e-12,4.363462233903899e-09,1.3709578605790399e-06,1.3709578605790399e-06,1.3709578605790399e-06,1.3709578605790399e-06,1.3709578605790399e-06,8.315279285380714e-07,1.8795288165355504e-12,1.1399918530430558e-12,1.2501528648238603e-09,6.914400106935422e-13,1.6052280526088547e-09
0.9999898700126424,5.043476486929152e-07,3.581747929000289e-10,1.522997951276035e-08,2.7894680920908113e-10,1.125351754703302e-07,5.905303995456778e-10,3.978962535821407e-12,1.955568070542584e-08,3.3982678079468468e-09,8.315279285380714e-07,1.955568070542584e-08,4.1937956583777856e-13,6.914400106935422e-13,3.7266388399128017e-06,1.955568070542584e-08,7.991959892315218e-11,6.914400106935422e-13,2.1724399346070676e-10,1.1399918530430558e-12,3.581747929000289e-10
0.999999855501979,0.0003353500316799018,7.484626298776402e-05,2.4133627718273893e-12,2.4133627718273893e-12,2.5109990926928157e-08,1.067702997323512e-06,3.7266388399128017e-06,3.2241866333029355e-08,2.7535687821746045e-05,1.522997951276035e-08,3.3982678079468468e-09,1.067702997323512e-06,2.2603251062511995e-06,2.2603251062511995e-06,2.2603251062511995e-06,2.3823696679343503e-07,9.237449576640118e-09,3.2241866333029355e-08,1.1861120010657661e-08,5.60279640614594e-09
1.125351754703302e-07,0.07585817323116975,8.764248496102855e-08,1.1861120010657661e-08,1.1861120010657661e-08,3.2661313427863805e-13,2.646573631904765e-09,9.237449576640118e-09,0.004070137783849419,3.3982678079468468e-09,4.363462233903899e-09,1.6052280526088547e-09,2.2603251062511995e-06,1.955568070542584e-08,4.1937956583777856e-13,7.582560422162384e-10,3.9278634073828347e-07,5.60279640614594e-09,7.582560422162384e-10,2.646573631904765e-09,9.237449576640118e-09
0.01798621187025419,0.9997965729534201,1.7832472907828393e-11,0.0003353500316799018,0.99966464996832,0.9997965729534201,3.978962535821407e-12,0.9994472214475559,6.144177531850823e-06,0.9820137881297458,2.4133627718273893e-12,2.5109990926928157e-08,1.1861120010657661e-08,3.098819138712223e-12,0.997527377056997,1.8553914607279396e-07,0.5,1.522997951276035e-08,6.144177531850823e-06,1.8553914607279396e-07,6.825603724121505e-08
0.9999999987498471,0.9999938558224682,0.9525741264858409,0.004070137783849419,0.010986941578116867,0.0015011819937681247,0.9994472214475559,1.0129987357628251e-05,0.9998766053808288,0.0003353500316799018,0.002472622943003016,8.423463754397692e-12,0.9890130584218833,4.5397852420729034e-05,1.3887943864771146e-11,2.2603251062511995e-06,4.5397852420729034e-05,8.423463754397692e-12,0.00012339461917113592,3.9278634073828347e-07,8.423463754397692e-12
0.0003353500316799018,0.1824255149165352,1.6701429809483402e-05,3.3982678079468468e-09,3.098819138712223e-12,3.7266388399128017e-06,2.646573631904765e-09,4.363462233903899e-09,2.4133627718273893e-12,1.6052280526088547e-09,2.4133627718273893e-12,1.1861120010657661e-08,9.237449576640118e-09,3.7266388399128017e-06,1.6701429809483402e-05,9.237449576640118e-09,8.878265478451776e-13,1.1861120010657661e-08,4.5397852420729034e-05,2.646573631904765e-09,7.194132978569833e-09
0.2689414213699951,0.2689414213699951,0.047425873514159125,0.004070137783849419,0.002472622943003016,3.3982678079468468e-09,1.2015425731770343e-13,2.646573631904765e-09,1.8553914607279396e-07,4.5397852420729034e-05,4.5397852420729034e-05,1.5428112031916497e-13,1.2015425731770343e-13,1.955568070542584e-08,1.6701429809483402e-05,9.3576229688393e-14,4.363462233903899e-09,1.6052280526088547e-09,9.237449576640118e-09,9.237449576640118e-09,3.059023363247549e-07
0.9999999999515263,0.9999998874648245,0.9994472214475559,0.9706877672877217,0.00020342704657999323,0.11920291732853862,0.9984988180062319,4.5397852420729034e-05,0.047425873514159125,1.3887943864771146e-11,0.8175744850834648,6.560200168110742e-12,0.11920291732853862,1.6701429809483402e-05,0.8807970826714614,0.07585817323116975,0.37754066879814546,6.560200168110742e-12,0.7310585786300049,1.0129987357628251e-05,0.01798621187025419
0.9999999994094697,0.8807970826714614,1.1399918530430558e-12,6.914400106935422e-13,3.7266388399128017e-06,1.3709578605790399e-06,9.237449576640118e-09,1.3709578605790399e-06,6.914400106935422e-13,1.1861120010657661e-08,6.914400106935422e-13,8.764248496102855e-08,2.5109990926928157e-08,3.059023363247549e-07,5.043476486929152e-07,1.1399918530430558e-12,1.955568070542584e-08,4.1399375473943306e-08,1.125351754703302e-07,2.3823696679343503e-07,3.2661313427863805e-13
5.3157849718487075e-08,0.8175744850834648,5.60279640614594e-09,4.363462233903899e-09,1.5428112031916497e-13,0.0293122327122782,9.237449576640118e-09,3.3982678079468468e-09,4.363462233903899e-09,1.1861120010657661e-08,1.2501528648238603e-09,2.7894680920908113e-10,1.0129987357628251e-05,6.914400106935422e-13,1.522997951276035e-08,5.384940217751136e-13,5.60279640614594e-09,9.237449576640118e-09,1.6918979223288786e-10,7.194132978569833e-09,4.1937956583777856e-13
0.006692851264816553,1.1399918530430558e-12,7.484626298776402e-05,1.2501528648238603e-09,2.0611536181902033e-09,9.736200303530205e-10,1.6052280526088547e-09,7.287724095819161e-14,5.905303995456778e-10,5.6756852326324e-14,2.940077739198032e-11,3.098819138712223e-12,5.6756852326324e-14,1.6918979223288786e-10,1.0261879630648829e-10,2.6810038677817314e-14,1.0815941557168708e-11,1.6052280526088547e-09,3.775134544136581e-11,2.2897348455931243e-11,1.1399918530430558e-12
0.999999814460854,3.098819138712223e-12,4.1399375473943306e-08,3.775134544136581e-11,7.287724095819161e-14,5.6756852326324e-14,1.125351754703302e-07,5.3157849718487075e-08,7.194132978569833e-09,1.7832472907828393e-11,7.287724095819161e-14,2.7894680920908113e-10,2.08796791164589e-14,3.775134544136581e-11,5.6756852326324e-14,7.991959892315218e-11,4.847368706035286e-11,4.363462233903899e-09,5.60279640614594e-09,1.7832472907828393e-11,5.905303995456778e-10
0.9999999997210531,2.2897348455931243e-11,3.2661313427863805e-13,1.955568070542584e-08,7.287724095819161e-14,1.2015425731770343e-13,0.00012339461917113592,3.059023363247549e-07,8.315279285380714e-07,1.1861120010657661e-08,3.9278634073828347e-07,5.60279640614594e-09,5.3157849718487075e-08,7.889264466933239e-06,4.1399375473943306e-08,1.3709578605790399e-06,1.760343003490802e-06,1.955568070542584e-08,4.1399375473943306e-08,7.582560422162384e-10,1.1861120010657661e-08
0.010986941578116867,1.8795288165355504e-12,3.2241866333029355e-08,4.599055376537186e-10,3.581747929000289e-10,2.7535687821746045e-05,2.7894680920908113e-10,7.194132978569833e-09,2.5109990926928157e-08,7.582560422162384e-10,7.582560422162384e-10,4.847368706035286e-11,1.3176514268359263e-10,5.6756852326324e-14,6.144177531850823e-06,1.0261879630648829e-10,2.6810038677817314e-14,5.905303995456778e-10,9.736200303530205e-10,4.363462233903899e-09,1.6052280526088547e-09
0.9999999586006244,0.8175744850834648,6.144177531850823e-06,2.2603251062511995e-06,0.0007096703049020563,5.8291272510566984e-05,8.764248496102855e-08,3.2661313427863805e-13,1.955568070542584e-08,2.7535687821746045e-05,6.825603724121505e-08,1.522997951276035e-08,1.067702997323512e-06,5.3157849718487075e-08,3.7266388399128017e-06,3.2241866333029355e-08,5.3157849718487075e-08,7.194132978569833e-09,1.125351754703302e-07,1.5428112031916497e-13,6.825603724121505e-08
0.11920291732853862,0.9998766053808288,0.0015011819937681247,2.7535687821746045e-05,0.9997965729534201,1.7832472907828393e-11,2.940077739198032e-11,0.0009110513587503459,1.7832472907828393e-11,0.0003353500316799018,2.940077739198032e-11,3.7266388399128017e-06,1.6701429809483402e-05,0.0003353500316799018,0.00012339461917113592,0.7310585786300049,0.00020342704657999323,3.7266388399128017e-06,8.315279285380714e-07,2.2897348455931243e-11,0.1824255149165352
0.9999999979388463,0.0009110513587503459,3.978962535821407e-12,1.8553914607279396e-07,1.6701429809483402e-05,2.1724399346070676e-10,5.905303995456778e-10,1.2501528648238603e-09,0.00012339461917113592,0.00012339461917113592,1.6701429809483402e-05,1.522997951276035e-08,3.098819138712223e-12,1.1861120010657661e-08,1.0129987357628251e-05,2.0611536181902033e-09,2.4133627718273893e-12,3.7266388399128017e-06,3.2241866333029355e-08,1.2501528648238603e-09,4.363462233903899e-09
0.9999898700126424,1.125351754703302e-07,7.484626298776402e-05,1.955568070542584e-08,2.646573631904765e-09,1.4637785141237664e-12,2.4133627718273893e-12,8.764248496102855e-08,3.059023363247549e-07,4.363462233903899e-09,5.905303995456778e-10,4.599055376537186e-10,3.7266388399128017e-06,5.3157849718487075e-08,3.3982678079468468e-09,1.125351754703302e-07,1.0261879630648829e-10,5.3157849718487075e-08,5.3157849718487075e-08,3.3982678079468468e-09,9.736200303530205e-10
0.9999986290421394,0.6224593312018546,7.484626298776402e-05,0.11920291732853862,5.60279640614594e-09,1.6052280526088547e-09,3.3982678079468468e-09,1.4449802095675026e-07,3.9278634073828347e-07,1.125351754703302e-07,0.002472622943003016,2.3823696679343503e-07,3.059023363247549e-07,3.3982678079468468e-09,8.315279285380714e-07,0.0005527785524441057,2.5436656473762755e-13,1.955568070542584e-08,3.535625493426631e-05,9.736200303530205e-10,1.955568070542584e-08
0.9999999990263799,0.8175744850834648,1.6701429809483402e-05,1.4449802095675026e-07,1.1399918530430558e-12,8.878265478451776e-13,5.8291272510566984e-05,7.889264466933239e-06,1.125351754703302e-07,5.384940217751136e-13,3.2661313427863805e-13,6.144177531850823e-06,1.760343003490802e-06,2.3823696679343503e-07,4.363462233903899e-09,2.5109990926928157e-08,2.9023119851992182e-06,2.646573631904765e-09,5.60279640614594e-09,9.237449576640118e-09,4.1937956583777856e-13
0.9999999123575151,0.9706877672877217,1.2015425731770343e-13,9.3576229688393e-14,1.3709578605790399e-06,5.3157849718487075e-08,6.825603724121505e-08,1.3007123813725571e-05,4.1399375473943306e-08,8.315279285380714e-07,5.3157849718487075e-08,1.8553914607279396e-07,5.3157849718487075e-08,7.287724095819161e-14,4.363462233903899e-09,3.2661313427863805e-13,3.2661313427863805e-13,2.5109990926928157e-08,1.8553914607279396e-07,4.363462233903899e-09,7.287724095819161e-14
0.9999996940976636,3.581747929000289e-10,5.60279640614594e-09,2.0611536181902033e-09,4.363462233903899e-09,2.3823696679343503e-07,1.3176514268359263e-10,3.059023363247549e-07,0.00012339461917113592,0.00020342704657999323,4.5397852420729034e-05,2.0611536181902033e-09,1.6052280526088547e-09,2.7535687821746045e-05,0.0005527785524441057,4.1399375473943306e-08,3.775134544136581e-11,6.914400106935422e-13,1.3176514268359263e-10,1.1399918530430558e-12,2.5436656473762755e-13
