0,1,2,3,4,5,6,7,8,9,10,11,12,13,14,15,16,17,18,19,20
0.9999999999972653,0.9999417087274893,0.99999998813888,0.9820137881297458,0.9999999988967441,0.9999999973534264,0.9999999586006244,0.9999999973534264,0.9999999966017321,0.9999996072136592,0.9999898700126424,0.9999898700126424,0.047425873514159125,0.9999970976880148,0.0031726830692822717,0.001926734293943221,0.9999251537370122,0.9999546021475793,4.363462233903899e-09,0.9999646437450657,0.999290329695098
0.99999998813888,1.6052280526088547e-09,0.9999724643121783,2.1724399346070676e-10,2.7894680920908113e-10,4.5397852420729034e-05,2.1444958641491428e-05,1.3007123813725571e-05,0.2689414213699951,1.0261879630648829e-10,3.775134544136581e-11,5.043476486929152e-07,1.7832472907828393e-11,2.940077739198032e-11,0.06008665038439803,1.2256067443949272e-11,3.2241866333029355e-08,6.560200168110742e-12,2.734698291584396e-12,0.9999417087274893,0.9998766053808288
0.9999999998308102,0.999999999979793,0.9999999907625504,0.9999999998973812,0.9999646437450657,0.9999417087274893,0.9999977396748937,0.9999938558224682,0.9999999973534264,0.9999546021475793,0.9999952149055052,0.9999999907625504,0.9999938558224682,0.9999977396748937,0.9999938558224682,0.99999998813888,0.9933071487351834,0.9933071487351834,0.9706877672877217,7.194132978569833e-09,0.9999999468421502
0.9999993524054335,0.11920291732853862,0.9997965729534201,0.9994472214475559,0.9999998874648245,0.999999814460854,0.0003353500316799018,0.9525741264858409,0.9399133496156019,0.9999938558224682,2.2603251062511995e-06,0.8519528000888387,2.5946094982091465e-11,0.6224593312018546,0.1824255149165352,6.475945666070602e-07,2.3823696679343503e-07,3.059023363247549e-07,7.433680672296929e-12,0.014063626423394072,5.3157849718487075e-08
0.9999999999740539,0.9999785550413585,0.9999832985701905,9.610239214580367e-05,0.00012339461917113592,4.599055376537186e-10,0.99966464996832,0.9933071487351834,0.6224593312018546,1.3176514268359263e-10,1.3176514268359263e-10,2.7894680920908113e-10,0.2689414213699951,1.6918979223288786e-10,1.0261879630648829e-10,1.0129987357628251e-05,0.9890130584218833,0.37754066879814546,0.9706877672877217,0.14804719991116141,0.9706877672877217
0.9999999998837177,0.9999999979388463,0.9999999994788586,0.9999986290421394,0.010986941578116867,0.9999999991407833,0.9999898700126424,0.9999999990263799,0.9999999981810384,0.9999996072136592,0.9999999943972036,0.0002611903101813263,0.9999977396748937,0.9999921107355332,0.9999999317439628,0.9999999586006244,0.9999998874648245,0.9999646437450657,0.9999999123575151,0.9999996940976636,3.059023363247549e-07
0.9999993524054335,0.9999999804443193,0.9968273169307178,0.99966464996832,0.9706877672877217,0.8807970826714614,3.581747929000289e-10,9.736200303530205e-10,0.99999627336116,0.0293122327122782,1.0261879630648829e-10,1.0261879630648829e-10,0.9999417087274893,1.6918979223288786e-10,0.00857748525531428,2.7535687821746045e-05,1.0261879630648829e-10,0.00012339461917113592,4.5397852420729034e-05,0.9990889486412498,1.0261879630648829e-10
0.9999999999294713,0.9999999928058669,1.6701429809483402e-05,0.7772998611746911,0.9999999468421502,0.9999996940976636,0.99999627336116,0.9999986290421394,4.1399375473943306e-08,0.9999952149055052,0.9999898700126424,9.237449576640118e-09,0.0007096703049020563,5.60279640614594e-09,0.9998766053808288,2.5109990926928157e-08,0.9995694429072771,0.9998415637640005,0.999290329695098,2.0611536181902033e-09,5.60279640614594e-09
3.059023363247549e-07,0.9999921107355332,0.999290329695098,3.535625493426631e-05,0.37754066879814546,3.535625493426631e-05,0.005220125635523486,0.9820137881297458,0.9525741264858409,0.7772998611746911,3.9278634073828347e-07,0.7310585786300049,0.4378234991142018,2.0206839089813854e-11,0.3208213073183839,0.1824255149165352,9.54503492274952e-12,9.610239214580367e-05,9.610239214580367e-05,0.37754066879814546,0.07585817323116975
0.9999999999925664,0.9999996072136592,0.9999999987498471,1.522997951276035e-08,0.99999998813888,0.9999993524054335,1.522997951276035e-08,1.522997951276035e-08,0.9999996072136592,0.9770226275810572,0.999999814460854,0.9999999123575151,1.522997951276035e-08,0.9997388096898188,0.9999999317439628,0.9999998874648245,0.9999646437450657,0.02297737241894287,0.9997965729534201,0.014063626423394072,3.3982678079468468e-09
0.9999999973534264,0.9999993524054335,0.9999724643121783,2.0611536181902033e-09,0.9994472214475559,0.9999999468421502,0.00857748525531428,0.9999952149055052,0.9999999586006244,0.9980732657060567,0.9999997617630333,0.9890130584218833,0.9999038976078543,3.581747929000289e-10,0.9046505376715775,0.9998766053808288,0.6224593312018546,0.00012339461917113592,0.0003353500316799018,0.9995694429072771,0.9980732657060567
0.9999921107355332,0.3208213073183839,0.9999970976880148,0.004070137783849419,5.60279640614594e-09,0.9999646437450657,0.9999417087274893,0.6791786926816161,0.9997965729534201,5.60279640614594e-09,0.00012339461917113592,0.9890130584218833,0.02297737241894287,9.736200303530205e-10,0.9914225147446858,9.610239214580367e-05,2.7894680920908113e-10,7.889264466933239e-06,0.5621765008857981,3.7266388399128017e-06,0.9770226275810572
0.9999646437450657,1.6052280526088547e-09,0.9999646437450657,4.599055376537186e-10,0.9999993524054335,0.9997388096898188,0.9999986290421394,0.9995694429072771,1.6918979223288786e-10,0.9959298622161507,0.9999724643121783,0.9914225147446858,0.9999921107355332,0.0003353500316799018,0.9999970976880148,0.9990889486412498,0.9706877672877217,0.9988304896995872,0.9999938558224682,0.9914225147446858,0.9626731105140616
0.9999999996418252,0.0003353500316799018,0.8175744850834648,4.847368706035286e-11,0.22270013882530884,3.775134544136581e-11,0.07585817323116975,6.224144622520382e-11,0.047425873514159125,0.07585817323116975,0.005220125635523486,0.0031726830692822717,0.002472622943003016,1.955568070542584e-08,3.775134544136581e-11,0.010986941578116867,0.0003353500316799018,0.010986941578116867,2.2897348455931243e-11,1.1861120010657661e-08,0.0009110513587503459
0.001926734293943221,0.9999999468421502,0.9947798743644766,0.9999970976880148,0.9999921107355332,0.9706877672877217,0.99966464996832,0.9999417087274893,0.9999417087274893,0.9994472214475559,0.9995694429072771,0.9990889486412498,2.646573631904765e-09,0.999290329695098,0.9980732657060567,0.2689414213699951,0.9933071487351834,0.1824255149165352,4.599055376537186e-10,2.7894680920908113e-10,0.9770226275810572
0.9999785550413585,0.9999546021475793,0.9984988180062319,0.7310585786300049,0.9706877672877217,0.9859363735766059,2.940077739198032e-11,0.4378234991142018,0.2689414213699951,0.07585817323116975,3.9278634073828347e-07,0.01798621187025419,2.0206839089813854e-11,0.1824255149165352,0.005220125635523486,0.006692851264816553,0.014063626423394072,0.5,0.6791786926816161,8.764248496102855e-08,9.54503492274952e-12
0.9999994956523514,0.9999898700126424,0.9626731105140616,0.9999989322970027,6.144177531850823e-06,0.9999977396748937,0.22270013882530884,0.6791786926816161,0.9999546021475793,3.775134544136581e-11,8.315279285380714e-07,2.940077739198032e-11,0.00857748525531428,6.825603724121505e-08,0.999290329695098,0.001926734293943221,4.1399375473943306e-08,2.2897348455931243e-11,0.9994472214475559,8.423463754397692e-12,9.237449576640118e-09
0.9999938558224682,0.6224593312018546,0.047425873514159125,0.99966464996832,0.9947798743644766,0.9706877672877217,0.9241418267688302,0.9770226275810572,0.9046505376715775,0.1824255149165352,0.6224593312018546,2.0206839089813854e-11,2.5946094982091465e-11,0.06008665038439803,0.09534946232842245,0.014063626423394072,0.22270013882530884,0.047425873514159125,3.9278634073828347e-07,1.8553914607279396e-07,0.0293122327122782
0.9999999999094393,0.99999998813888,0.9999999990263799,0.9999982396569965,2.7535687821746045e-05,0.9997965729534201,1.0129987357628251e-05,0.9999999943972036,7.889264466933239e-06,0.9999546021475793,0.999999974890009,0.999290329695098,0.9999898700126424,2.3823696679343503e-07,0.9999546021475793,0.9399133496156019,0.9984988180062319,3.059023363247549e-07,0.9933071487351834,0.99966464996832,0.9914225147446858
0.999999999782756,9.237449576640118e-09,0.9999999928058669,0.9999999943972036,1.0815941557168708e-11,0.9999869928761862,1.0815941557168708e-11,0.9994472214475559,0.99999998813888,0.9988304896995872,0.9968273169307178,0.9999038976078543,0.9959298622161507,0.9984988180062319,0.9990889486412498,0.99966464996832,0.9999996940976636,0.9820137881297458,0.9959298622161507,0.9820137881297458,0.9999991684720715
0.9999999847700205,0.9999999999450722,0.9999999928058669,0.9999999990263799,0.9999999943972036,0.9999999847700205,0.999999855501979,3.9278634073828347e-07,1.4449802095675026e-07,0.5621765008857981,0.9999991684720715,0.5,0.0293122327122782,0.9999724643121783,0.9999546021475793,0.9999646437450657,0.9999546021475793,0.9999251537370122,0.9999832985701905,0.0009110513587503459,0.9999997617630333
0.9999999988967441,0.9999999317439628,0.9999898700126424,7.582560422162384e-10,0.9998415637640005,0.004070137783849419,0.9999991684720715,0.9998415637640005,0.9947798743644766,4.847368706035286e-11,0.9820137881297458,2.5946094982091465e-11,2.0206839089813854e-11,0.9241418267688302,0.9999938558224682,0.9706877672877217,0.9999869928761862,0.9999921107355332,1.0815941557168708e-11,0.22270013882530884,5.043476486929152e-07
0.9999999907625504,1.955568070542584e-08,0.5621765008857981,0.5621765008857981,0.9994472214475559,0.0293122327122782,0.9999997617630333,0.9999993524054335,0.8807970826714614,0.1824255149165352,0.7310585786300049,0.06008665038439803,0.00020342704657999323,7.991959892315218e-11,3.535625493426631e-05,0.9999970976880148,9.610239214580367e-05,0.6224593312018546,7.991959892315218e-11,0.14804719991116141,6.224144622520382e-11
0.9999999999094393,0.9997965729534201,0.9980732657060567,0.9999970976880148,0.9999970976880148,9.610239214580367e-05,0.9933071487351834,0.9399133496156019,0.9999251537370122,7.889264466933239e-06,2.2603251062511995e-06,4.599055376537186e-10,0.9994472214475559,2.1724399346070676e-10,1.3176514268359263e-10,8.315279285380714e-07,2.3823696679343503e-07,3.9278634073828347e-07,2.3823696679343503e-07,0.99966464996832,7.991959892315218e-11
0.9999999997210531,0.9999982396569965,1.7832472907828393e-11,0.997527377056997,0.9980732657060567,6.475945666070602e-07,0.14804719991116141,5.109089028037223e-12,0.6791786926816161,1.8553914607279396e-07,4.1399375473943306e-08,1.955568070542584e-08,0.5621765008857981,0.22270013882530884,0.2689414213699951,2.734698291584396e-12,0.07585817323116975,0.0007096703049020563,3.098819138712223e-12,0.06008665038439803,0.07585817323116975
0.9999999999450722,0.9998415637640005,0.9999999943972036,0.9947798743644766,0.9999999677581336,0.5,0.5,0.9999991684720715,0.999999998394772,0.6224593312018546,0.9999999973534264,0.9999996072136592,0.99999627336116,0.9999970976880148,0.9999996940976636,0.9999898700126424,0.9999417087274893,0.9999999928058669,0.99999627336116,0.99999998813888,0.999999974890009
0.9999999943972036,0.9999991684720715,2.7894680920908113e-10,0.9994472214475559,0.9706877672877217,0.9959298622161507,7.991959892315218e-11,0.6791786926816161,0.9959298622161507,0.8519528000888387,0.9859363735766059,6.475945666070602e-07,0.03732688948593844,0.9525741264858409,0.5,0.5,1.8553914607279396e-07,0.3208213073183839,0.002472622943003016,8.764248496102855e-08,0.01798621187025419
0.9999999907625504,0.0293122327122782,1.0261879630648829e-10,0.9859363735766059,6.224144622520382e-11,0.9947798743644766,7.991959892315218e-11,0.9820137881297458,0.9241418267688302,0.5,0.5621765008857981,1.3709578605790399e-06,0.4378234991142018,0.22270013882530884,2.2897348455931243e-11,0.6791786926816161,0.07585817323116975,5.3157849718487075e-08,0.14804719991116141,8.764248496102855e-08,0.07585817323116975
2.1444958641491428e-05,0.9999417087274893,0.9999982396569965,0.9999970976880148,0.9999832985701905,0.9999038976078543,0.9988304896995872,0.9988304896995872,0.9995694429072771,0.9820137881297458,0.9999994956523514,1.522997951276035e-08,0.9999994956523514,1.522997951276035e-08,0.9999997617630333,0.8519528000888387,0.9933071487351834,0.9999991684720715,2.646573631904765e-09,0.9999977396748937,1.2501528648238603e-09
0.9999999928058669,0.9999999994094697,0.9999898700126424,0.9999999995400946,0.9999999907625504,0.0015011819937681247,0.9999724643121783,0.004070137783849419,0.999999998394772,0.9999999979388463,0.9999999973534264,0.9999999943972036,0.00015843623599953396,0.00020342704657999323,0.9999999907625504,9.610239214580367e-05,0.9999986290421394,0.99999998813888,0.9999977396748937,0.999999855501979,0.9999999907625504
0.999999999979793,0.00012339461917113592,0.999999974890009,0.9999999979388463,0.9999996072136592,0.9999417087274893,0.99999998813888,0.9999999907625504,5.905303995456778e-10,0.9999982396569965,1.6918979223288786e-10,2.1724399346070676e-10,2.1724399346070676e-10,0.9820137881297458,7.991959892315218e-11,0.9999991684720715,0.9999991684720715,0.9999999677581336,4.847368706035286e-11,0.9999999123575151,0.999290329695098
0.9999999999978701,0.9626731105140616,0.9999999943972036,0.00043055709272278825,0.9999999468421502,4.785094494835719e-06,0.999999855501979,0.9999921107355332,0.99999627336116,0.9399133496156019,0.8519528000888387,0.99999627336116,1.125351754703302e-07,0.9999898700126424,0.06008665038439803,0.0293122327122782,0.9988304896995872,0.9959298622161507,0.9999546021475793,0.9770226275810572,0.9999038976078543
0.0015011819937681247,0.9999999994094697,4.599055376537186e-10,0.7310585786300049,0.02297737241894287,0.999999855501979,2.1724399346070676e-10,0.01798621187025419,2.1724399346070676e-10,0.00020342704657999323,0.00015843623599953396,1.0129987357628251e-05,0.0007096703049020563,0.00857748525531428,0.9999921107355332,0.99999627336116,0.00015843623599953396,4.785094494835719e-06,0.0003353500316799018,0.0009110513587503459,0.0011695103004128338
0.9999999973534264,0.9999646437450657,0.9999869928761862,0.9999999943972036,0.9980732657060567,0.9999546021475793,0.9890130584218833,0.9999999586006244,0.9046505376715775,0.8807970826714614,0.14804719991116141,3.3982678079468468e-09,5.60279640614594e-09,0.8175744850834648,0.9999999123575151,0.9947798743644766,0.9999999123575151,7.582560422162384e-10,0.2689414213699951,0.9399133496156019,5.905303995456778e-10
0.9999646437450657,0.9999999999294713,0.9999999997210531,0.9999999995400946,0.9999999992417439,0.997527377056997,0.9999996940976636,0.9999998874648245,0.9999999907625504,0.99999627336116,0.9999724643121783,0.9999991684720715,0.9999646437450657,0.9999999907625504,0.9999999907625504,0.07585817323116975,0.9999952149055052,0.9999999907625504,0.047425873514159125,0.9999869928761862,0.07585817323116975
0.9999724643121783,9.237449576640118e-09,0.9999982396569965,0.9998415637640005,0.02297737241894287,0.999290329695098,0.9947798743644766,0.9947798743644766,0.9706877672877217,0.9706877672877217,6.144177531850823e-06,2.1724399346070676e-10,8.315279285380714e-07,0.00857748525531428,0.0293122327122782,0.1824255149165352,0.02297737241894287,0.3208213073183839,0.8519528000888387,0.5621765008857981,0.3208213073183839
0.9999832985701905,0.6224593312018546,0.9999921107355332,0.0293122327122782,0.02297737241894287,0.9999546021475793,2.0611536181902033e-09,0.9968273169307178,4.599055376537186e-10,0.9820137881297458,0.9947798743644766,0.9046505376715775,0.9046505376715775,0.9525741264858409,0.9046505376715775,4.785094494835719e-06,0.8519528000888387,3.3315445420554206e-11,1.125351754703302e-07,8.764248496102855e-08,0.5621765008857981
0.9999999966017321,0.9999989322970027,0.9999038976078543,0.99966464996832,0.9399133496156019,0.00015843623599953396,2.940077739198032e-11,0.9988304896995872,0.6791786926816161,3.7266388399128017e-06,0.9890130584218833,0.14804719991116141,0.9770226275810572,0.047425873514159125,1.067702997323512e-06,0.9706877672877217,8.315279285380714e-07,0.9770226275810572,0.9626731105140616,5.3157849718487075e-08,6.825603724121505e-08
0.11920291732853862,0.9999997617630333,0.9626731105140616,0.9399133496156019,0.9999546021475793,1.955568070542584e-08,0.6791786926816161,0.9999546021475793,0.9999999847700205,0.9999999586006244,0.9990889486412498,0.99966464996832,0.03732688948593844,0.9999999586006244,0.9994472214475559,0.9994472214475559,0.9859363735766059,0.01798621187025419,0.9984988180062319,0.999999855501979,0.004070137783849419
0.9999999998973812,4.599055376537186e-10,0.9999921107355332,0.11920291732853862,0.9998766053808288,0.9994472214475559,2.2897348455931243e-11,0.9994472214475559,0.00857748525531428,0.9959298622161507,0.9820137881297458,1.0815941557168708e-11,1.3887943864771146e-11,0.00857748525531428,0.9914225147446858,0.9706877672877217,8.423463754397692e-12,0.014063626423394072,0.9046505376715775,4.785094494835719e-06,6.144177531850823e-06
0.9999999999842628,0.9999999317439628,0.9999999997210531,0.004070137783849419,0.9999999990263799,0.9999999973534264,0.9999991684720715,0.9999417087274893,0.9999999847700205,4.785094494835719e-06,2.2603251062511995e-06,8.315279285380714e-07,1.125351754703302e-07,0.9525741264858409,0.9046505376715775,0.9399133496156019,0.9999251537370122,0.7310585786300049,0.9999989322970027,0.8175744850834648,0.9980732657060567
0.9999999999450722,0.9999999994094697,0.9999999966017321,0.9706877672877217,0.9770226275810572,0.9999999804443193,0.01798621187025419,0.0293122327122782,0.9999999123575151,0.9241418267688302,0.9525741264858409,0.9859363735766059,9.610239214580367e-05,0.00015843623599953396,5.8291272510566984e-05,0.9999998874648245,0.3208213073183839,1.7832472907828393e-11,0.9999993524054335,1.0129987357628251e-05,3.7266388399128017e-06
7.889264466933239e-06,0.9999986290421394,0.07585817323116975,0.9999251537370122,0.9999646437450657,0.9994472214475559,4.599055376537186e-10,9.736200303530205e-10,0.9525741264858409,2.1724399346070676e-10,0.9399133496156019,0.0015011819937681247,0.9890130584218833,0.9525741264858409,0.8807970826714614,0.997527377056997,0.2689414213699951,0.9933071487351834,0.37754066879814546,1.7832472907828393e-11,0.09534946232842245
0.9999999847700205,0.9999999999666846,0.9999999907625504,0.9999999847700205,0.9997965729534201,0.9968273169307178,0.999999855501979,0.9999996940976636,0.9999982396569965,0.9241418267688302,0.8175744850834648,0.9706877672877217,1.125351754703302e-07,0.9999251537370122,0.37754066879814546,1.8553914607279396e-07,0.9999999317439628,0.999999974890009,0.9998415637640005,0.9999898700126424,0.9997388096898188
0.9999999998973812,0.9890130584218833,5.3157849718487075e-08,0.9999999966017321,8.764248496102855e-08,0.99999998813888,0.9933071487351834,1.522997951276035e-08,0.9999999317439628,4.1399375473943306e-08,0.0009110513587503459,0.9999999123575151,0.11920291732853862,0.001926734293943221,1.522997951276035e-08,0.6791786926816161,0.7310585786300049,0.004070137783849419,0.7310585786300049,0.9999996072136592,4.363462233903899e-09
0.9999999979388463,0.9999999966017321,1.2501528648238603e-09,0.9999994956523514,0.9999991684720715,0.9999938558224682,0.9999832985701905,0.9999785550413585,0.9999832985701905,0.9999646437450657,0.9999038976078543,0.99999998813888,0.99999998813888,0.9999646437450657,0.9999999943972036,0.9998415637640005,0.9999546021475793,0.9999999943972036,6.224144622520382e-11,1.3176514268359263e-10,6.224144622520382e-11
0.9999999999942106,0.9999999999771028,0.9999999994788586,1.1861120010657661e-08,0.9999999992417439,0.9980732657060567,0.9933071487351834,0.9999999943972036,0.999999814460854,0.9999996072136592,0.9525741264858409,0.9999970976880148,1.955568070542584e-08,0.9999546021475793,0.9999982396569965,0.9999999847700205,0.9999832985701905,0.9999869928761862,0.02297737241894287,1.2501528648238603e-09,0.999999814460854
3.7266388399128017e-06,0.9999898700126424,0.999290329695098,0.9626731105140616,4.847368706035286e-11,4.847368706035286e-11,0.8807970826714614,6.224144622520382e-11,2.2603251062511995e-06,0.9890130584218833,0.09534946232842245,0.9241418267688302,0.0031726830692822717,2.2897348455931243e-11,2.2897348455931243e-11,2.940077739198032e-11,1.2256067443949272e-11,0.9046505376715775,0.00043055709272278825,2.5109990926928157e-08,0.006692851264816553
0.9999977396748937,0.9999999999515263,0.9999999966017321,1.522997951276035e-08,0.9999999907625504,2.0611536181902033e-09,0.9999996072136592,0.9999993524054335,0.9999989322970027,0.9999998874648245,0.9999898700126424,0.999290329695098,0.9999869928761862,0.9999251537370122,0.9998766053808288,0.9994472214475559,1.6918979223288786e-10,0.9999989322970027,0.5,1.6918979223288786e-10,6.224144622520382e-11
0.9999999991407833,0.999999974890009,0.9980732657060567,1.0261879630648829e-10,1.0261879630648829e-10,0.999999974890009,0.9995694429072771,0.7310585786300049,4.847368706035286e-11,0.11920291732853862,0.1824255149165352,0.5,0.9947798743644766,0.8807970826714614,0.9999996072136592,0.37754066879814546,0.9859363735766059,0.6224593312018546,3.775134544136581e-11,0.00043055709272278825,1.3176514268359263e-10
0.9999898700126424,0.9999970976880148,0.014063626423394072,0.00857748525531428,0.00857748525531428,9.736200303530205e-10,0.9999996072136592,7.582560422162384e-10,7.582560422162384e-10,0.99999627336116,0.9999938558224682,0.9999970976880148,0.9999938558224682,0.9399133496156019,7.991959892315218e-11,1.6701429809483402e-05,0.9241418267688302,0.9999785550413585,0.8519528000888387,0.7310585786300049,0.7772998611746911
0.9999999970010391,0.9999996072136592,0.9999999973534264,0.9999999928058669,0.999999974890009,0.3208213073183839,0.9998766053808288,0.9990889486412498,0.9990889486412498,0.02297737241894287,0.9994472214475559,0.9914225147446858,2.1724399346070676e-10,0.997527377056997,0.9626731105140616,0.9933071487351834,1.3176514268359263e-10,0.00020342704657999323,1.3176514268359263e-10,0.9046505376715775,0.9046505376715775
0.9399133496156019,0.2689414213699951,8.764248496102855e-08,6.560200168110742e-12,0.9959298622161507,0.9820137881297458,9.237449576640118e-09,0.9399133496156019,0.0003353500316799018,0.0002611903101813263,0.5621765008857981,6.560200168110742e-12,0.3208213073183839,0.07585817323116975,0.11920291732853862,1.6052280526088547e-09,0.09534946232842245,0.03732688948593844,0.06008665038439803,0.047425873514159125,5.905303995456778e-10
0.99999627336116,0.9999982396569965,0.9999999928058669,0.3208213073183839,7.582560422162384e-10,0.999999814460854,0.002472622943003016,0.9997388096898188,0.9995694429072771,0.9999989322970027,0.9999952149055052,1.3176514268359263e-10,0.9770226275810572,0.9999970976880148,3.581747929000289e-10,0.9626731105140616,0.7772998611746911,0.9999938558224682,7.991959892315218e-11,0.5,3.775134544136581e-11
0.9999999928058669,3.059023363247549e-07,0.9999417087274893,0.9999832985701905,0.9999038976078543,0.5621765008857981,0.6791786926816161,0.9999038976078543,0.9999994956523514,0.01798621187025419,0.010986941578116867,1.6052280526088547e-09,0.00043055709272278825,0.00012339461917113592,0.0003353500316799018,0.9525741264858409,0.001926734293943221,2.7894680920908113e-10,0.9770226275810572,3.581747929000289e-10,0.22270013882530884
0.9999999994788586,0.9999999998973812,0.9999977396748937,0.99999627336116,1.0129987357628251e-05,0.9999999966017321,0.9999952149055052,0.999999855501979,1.760343003490802e-06,0.9999977396748937,6.475945666070602e-07,0.9999999907625504,5.043476486929152e-07,0.9820137881297458,0.999290329695098,0.9999938558224682,2.5109990926928157e-08,0.9525741264858409,0.9999999317439628,7.194132978569833e-09,0.9999038976078543
3.059023363247549e-07,0.99966464996832,0.9999417087274893,2.940077739198032e-11,0.9859363735766059,7.889264466933239e-06,2.940077739198032e-11,1.0129987357628251e-05,0.8519528000888387,0.6791786926816161,5.043476486929152e-07,0.8175744850834648,0.06008665038439803,0.047425873514159125,7.433680672296929e-12,0.11920291732853862,0.01798621187025419,1.955568070542584e-08,2.734698291584396e-12,0.004070137783849419,0.014063626423394072
0.9999999928058669,0.1824255149165352,0.002472622943003016,1.2501528648238603e-09,0.6791786926816161,2.646573631904765e-09,9.736200303530205e-10,0.9995694429072771,0.6791786926816161,0.4378234991142018,0.00857748525531428,4.599055376537186e-10,2.1724399346070676e-10,0.9706877672877217,0.22270013882530884,0.03732688948593844,0.9890130584218833,0.047425873514159125,0.047425873514159125,0.0015011819937681247,0.0007096703049020563
0.9999999999975866,0.9999997617630333,0.9999999928058669,0.9999999804443193,0.9999999979388463,4.5397852420729034e-05,0.9999999966017321,0.9999999928058669,1.6701429809483402e-05,0.9999999677581336,1.0129987357628251e-05,8.315279285380714e-07,0.9999938558224682,0.9890130584218833,0.9999952149055052,0.9999997617630333,0.9525741264858409,0.8175744850834648,0.9999952149055052,0.3208213073183839,0.9999251537370122
0.9999785550413585,0.9999546021475793,0.9399133496156019,0.5621765008857981,0.3208213073183839,0.09534946232842245,0.00857748525531428,0.01798621187025419,0.9998766053808288,0.9997965729534201,2.2897348455931243e-11,0.9997388096898188,1.7832472907828393e-11,4.1399375473943306e-08,1.522997951276035e-08,1.5737102106615244e-11,0.0003353500316799018,0.9999832985701905,0.00015843623599953396,0.0002611903101813263,5.3157849718487075e-08
0.9999999999740539,0.01798621187025419,0.9999999998837177,0.9999038976078543,0.999999999683912,0.9999996072136592,0.9999999468421502,0.9999999973534264,0.9999986290421394,0.9999999907625504,0.9999970976880148,0.9999996072136592,0.9999999677581336,0.9999785550413585,0.9999898700126424,0.9999869928761862,0.9999991684720715,0.9999251537370122,0.9999921107355332,0.9999251537370122,0.9998415637640005
0.9999999995941349,0.9999999970010391,0.9999999804443193,0.9998415637640005,5.043476486929152e-07,0.9999993524054335,1.4449802095675026e-07,0.9999785550413585,0.99999627336116,0.9999998874648245,0.9999993524054335,0.9999646437450657,0.99999627336116,0.9984988180062319,0.047425873514159125,4.1399375473943306e-08,5.60279640614594e-09,2.5109990926928157e-08,0.9959298622161507,0.0009110513587503459,0.9999921107355332
0.9999999999771028,0.9999994956523514,0.9999898700126424,0.9999724643121783,0.9999996940976636,0.99999998813888,0.9999991684720715,0.9999999847700205,0.9999938558224682,0.9999898700126424,6.825603724121505e-08,0.9999546021475793,0.9999785550413585,1.955568070542584e-08,0.9999251537370122,0.9999970976880148,0.9999989322970027,0.9984988180062319,5.60279640614594e-09,0.9999938558224682,0.9947798743644766
0.9999999999450722,0.9999999994094697,0.9999999123575151,0.9999996072136592,1.6701429809483402e-05,0.9999997617630333,0.9999999123575151,0.999999855501979,4.785094494835719e-06,0.999999855501979,5.8291272510566984e-05,0.9525741264858409,0.9999996072136592,0.9997965729534201,0.9999977396748937,0.3208213073183839,0.9997388096898188,5.043476486929152e-07,0.09534946232842245,0.997527377056997,0.014063626423394072
0.9999898700126424,2.3823696679343503e-07,0.9980732657060567,0.999999855501979,0.11920291732853862,0.14804719991116141,0.11920291732853862,0.9990889486412498,0.9988304896995872,0.9947798743644766,0.006692851264816553,0.02297737241894287,0.9999832985701905,0.8175744850834648,2.0611536181902033e-09,0.1824255149165352,0.9999832985701905,0.9999832985701905,0.001926734293943221,7.582560422162384e-10,1.6918979223288786e-10
0.9999999928058669,0.9999999996418252,0.99999998813888,0.9999251537370122,0.9994472214475559,0.4378234991142018,0.9890130584218833,0.06008665038439803,0.01798621187025419,0.7772998611746911,0.0005527785524441057,0.6224593312018546,0.9999546021475793,0.0005527785524441057,0.0003353500316799018,0.03732688948593844,1.0129987357628251e-05,0.09534946232842245,0.0007096703049020563,0.02297737241894287,0.0003353500316799018
0.999999974890009,0.9999996072136592,0.99966464996832,0.9999999979388463,0.9988304896995872,0.9999999943972036,3.059023363247549e-07,0.9999999907625504,0.9999038976078543,0.9999999468421502,0.999290329695098,0.9999999804443193,0.9770226275810572,4.1399375473943306e-08,0.9626731105140616,0.999999974890009,0.9933071487351834,0.999290329695098,4.363462233903899e-09,2.646573631904765e-09,4.363462233903899e-09
0.01798621187025419,0.9999999996418252,4.363462233903899e-09,0.9994472214475559,0.9997388096898188,0.9999982396569965,0.997527377056997,0.2689414213699951,0.0011695103004128338,0.00015843623599953396,2.7535687821746045e-05,7.991959892315218e-11,2.940077739198032e-11,3.775134544136581e-11,4.847368706035286e-11,0.00857748525531428,0.9999038976078543,0.11920291732853862,1.067702997323512e-06,2.5946094982091465e-11,0.004070137783849419
0.999999999996021,0.9999999999294713,0.9999999993308415,0.9999996072136592,0.9999970976880148,0.9999999973534264,0.9890130584218833,0.9999982396569965,0.9999921107355332,0.9999999677581336,1.3709578605790399e-06,0.5621765008857981,0.999999814460854,0.9999996940976636,0.03732688948593844,0.9999996940976636,0.9990889486412498,0.999290329695098,8.764248496102855e-08,0.00020342704657999323,0.9770226275810572
0.99999627336116,5.043476486929152e-07,0.9046505376715775,0.9999970976880148,0.9999996072136592,0.9770226275810572,0.9997388096898188,0.9995694429072771,0.9999038976078543,0.9999898700126424,0.9933071487351834,0.9984988180062319,2.646573631904765e-09,7.582560422162384e-10,0.9968273169307178,0.9999938558224682,0.9999869928761862,2.0611536181902033e-09,7.582560422162384e-10,0.00857748525531428,0.9859363735766059
0.9999999999934397,0.9999999998506905,0.9999991684720715,0.99999998813888,0.9999999847700205,0.9999997617630333,0.9999999804443193,0.9999986290421394,0.9999999468421502,0.9999999317439628,0.999999814460854,0.9999952149055052,0.9999996072136592,0.9999996940976636,2.1724399346070676e-10,0.9999977396748937,0.9999982396569965,0.9525741264858409,0.9820137881297458,6.224144622520382e-11,0.9997388096898188
0.9999999999705993,0.9999785550413585,1.3007123813725571e-05,0.9999999847700205,3.9278634073828347e-07,3.059023363247549e-07,0.9820137881297458,0.9999785550413585,0.9999999586006244,0.9999546021475793,0.9999999804443193,8.764248496102855e-08,0.9999991684720715,0.9999997617630333,0.99966464996832,0.9999898700126424,0.9994472214475559,0.9980732657060567,0.9980732657060567,0.9999898700126424,0.9999546021475793
0.9999999999934397,0.999999974890009,0.9999999994094697,0.9999999586006244,0.9999999804443193,0.005220125635523486,0.00857748525531428,0.9999999586006244,0.999999814460854,0.999999855501979,9.736200303530205e-10,0.9999921107355332,0.00015843623599953396,3.535625493426631e-05,0.9999251537370122,4.363462233903899e-09,9.736200303530205e-10,1.0129987357628251e-05,0.9999417087274893,1.4449802095675026e-07,3.581747929000289e-10
0.9999999999377585,0.9999999999572222,0.9999999943972036,6.825603724121505e-08,0.9999999123575151,0.9999996072136592,0.9241418267688302,0.9999999677581336,0.9999989322970027,0.9999869928761862,0.9999724643121783,0.3208213073183839,2.0611536181902033e-09,0.9990889486412498,0.9999546021475793,0.005220125635523486,0.9999251537370122,0.9999546021475793,0.001926734293943221,0.9999989322970027,0.9959298622161507
0.9999999995941349,0.8175744850834648,0.06008665038439803,0.9999997617630333,0.9999999987498471,0.9990889486412498,0.999999974890009,0.9999999123575151,0.9999999317439628,0.9890130584218833,0.99999627336116,0.9999999943972036,3.535625493426631e-05,0.9999999317439628,0.5,3.535625493426631e-05,0.9997965729534201,0.9999999677581336,0.4378234991142018,0.9999999317439628,0.9947798743644766
0.9999724643121783,4.847368706035286e-11,0.6224593312018546,0.997527377056997,0.9859363735766059,0.01798621187025419,1.7832472907828393e-11,0.8807970826714614,9.54503492274952e-12,0.0009110513587503459,0.22270013882530884,0.1824255149165352,8.764248496102855e-08,6.825603724121505e-08,0.4378234991142018,0.7772998611746911,0.0003353500316799018,3.2241866333029355e-08,0.014063626423394072,0.00015843623599953396,0.1824255149165352
0.9999999999294713,0.9999999999294713,0.9999999468421502,0.03732688948593844,0.9999999992417439,0.9999991684720715,0.9999999468421502,0.999999855501979,0.9998415637640005,0.99999627336116,0.9999989322970027,0.9999832985701905,0.9999417087274893,0.99966464996832,0.99966464996832,0.9999546021475793,0.9933071487351834,0.9999998874648245,0.999290329695098,0.14804719991116141,1.3709578605790399e-06
0.9999991684720715,1.955568070542584e-08,0.99966464996832,4.599055376537186e-10,0.9995694429072771,0.99966464996832,0.14804719991116141,0.9933071487351834,6.224144622520382e-11,0.002472622943003016,9.610239214580367e-05,0.9525741264858409,0.7772998611746911,0.00043055709272278825,0.9820137881297458,0.9706877672877217,0.9770226275810572,0.8175744850834648,2.7535687821746045e-05,0.4378234991142018,0.9706877672877217
0.9999999999450722,1.4449802095675026e-07,0.9994472214475559,0.9999999956365377,0.9980732657060567,0.999290329695098,0.9947798743644766,0.9947798743644766,1.955568070542584e-08,0.997527377056997,0.4378234991142018,0.9999417087274893,5.60279640614594e-09,0.9998766053808288,0.7310585786300049,0.9994472214475559,0.9994472214475559,0.9046505376715775,0.8175744850834648,0.6791786926816161,2.646573631904765e-09
0.9999999999622486,0.9999993524054335,0.9999038976078543,0.9999038976078543,0.9994472214475559,0.9933071487351834,0.9999999586006244,0.9999997617630333,0.00015843623599953396,0.8519528000888387,6.144177531850823e-06,0.7772998611746911,0.7310585786300049,0.5,4.277787868786004e-11,3.775134544136581e-11,2.940077739198032e-11,8.315279285380714e-07,2.3823696679343503e-07,0.06008665038439803,2.0206839089813854e-11
0.99999998813888,2.1724399346070676e-10,0.9947798743644766,2.940077739198032e-11,0.7772998611746911,7.889264466933239e-06,1.3007123813725571e-05,1.7832472907828393e-11,2.9023119851992182e-06,1.0815941557168708e-11,6.560200168110742e-12,0.02297737241894287,6.825603724121505e-08,0.010986941578116867,0.0293122327122782,0.01798621187025419,0.010986941578116867,0.014063626423394072,3.5114221133641816e-12,0.010986941578116867,0.03732688948593844
0.9999999979388463,0.9999999804443193,0.9999999317439628,2.7894680920908113e-10,0.9999999956365377,2.1724399346070676e-10,0.99966464996832,2.1724399346070676e-10,0.9999921107355332,0.9999999847700205,0.9980732657060567,0.9999999468421502,0.9999251537370122,0.9999869928761862,3.581747929000289e-10,1.6918979223288786e-10,0.7772998611746911,0.4378234991142018,0.5,1.0261879630648829e-10,1.3176514268359263e-10
0.9999999677581336,0.9999986290421394,0.9999417087274893,0.9999251537370122,4.599055376537186e-10,0.9995694429072771,4.599055376537186e-10,0.9968273169307178,0.9984988180062319,7.582560422162384e-10,0.8519528000888387,7.582560422162384e-10,1.6052280526088547e-09,0.9999982396569965,0.9999982396569965,0.7310585786300049,3.581747929000289e-10,3.581747929000289e-10,0.9999952149055052,1.760343003490802e-06,0.2689414213699951
0.9999970976880148,0.9999993524054335,0.9999898700126424,0.9999999992417439,0.999999998394772,3.581747929000289e-10,0.9999982396569965,0.9995694429072771,0.9999999928058669,0.9999977396748937,0.9820137881297458,0.9999998874648245,0.9999646437450657,2.1724399346070676e-10,0.9999921107355332,0.9999997617630333,1.6918979223288786e-10,0.9999999123575151,0.06008665038439803,0.9999989322970027,0.014063626423394072
0.9999999999954912,0.9999999999200804,0.9999999979388463,0.9999999979388463,0.9999999990263799,0.999999814460854,0.9999999956365377,0.9999999956365377,0.9999993524054335,0.9999993524054335,0.00015843623599953396,7.484626298776402e-05,0.99999627336116,0.5,6.144177531850823e-06,0.9998766053808288,0.9999970976880148,0.9999038976078543,0.9999997617630333,0.9999417087274893,0.9999251537370122
0.9999999907625504,0.9999546021475793,0.99966464996832,0.9988304896995872,0.03732688948593844,6.825603724121505e-08,0.9999994956523514,0.9770226275810572,0.7310585786300049,0.3208213073183839,0.11920291732853862,0.0005527785524441057,0.002472622943003016,1.6052280526088547e-09,0.9999977396748937,0.6224593312018546,0.5,0.8175744850834648,1.6052280526088547e-09,1.6052280526088547e-09,0.3208213073183839
0.9998766053808288,0.9999999928058669,0.9999999956365377,0.9999999956365377,0.9999999994094697,0.9999724643121783,1.6052280526088547e-09,1.2501528648238603e-09,9.736200303530205e-10,0.9999996940976636,0.9968273169307178,4.599055376537186e-10,0.9999999677581336,0.9999977396748937,0.9999999847700205,0.9999982396569965,0.9999952149055052,6.224144622520382e-11,0.999999974890009,0.9999999468421502,1.0261879630648829e-10
0.9999999966017321,0.9999952149055052,0.9999986290421394,0.9999977396748937,9.610239214580367e-05,0.999999998394772,2.7535687821746045e-05,0.9999898700126424,0.9999999966017321,2.7535687821746045e-05,0.9999832985701905,0.9999999956365377,0.9999646437450657,0.9998766053808288,0.9998766053808288,2.2603251062511995e-06,0.9968273169307178,0.9984988180062319,0.9998766053808288,0.9988304896995872,8.315279285380714e-07
0.9999993524054335,0.9999999987498471,9.237449576640118e-09,0.9999724643121783,0.999290329695098,0.9998766053808288,4.363462233903899e-09,3.3982678079468468e-09,0.9241418267688302,0.9241418267688302,7.582560422162384e-10,9.736200303530205e-10,0.9999038976078543,0.3208213073183839,0.5,0.3208213073183839,7.484626298776402e-05,0.6224593312018546,0.00015843623599953396,6.144177531850823e-06,0.22270013882530884
0.00857748525531428,0.9399133496156019,0.11920291732853862,1.2501528648238603e-09,0.9999999804443193,0.9980732657060567,1.2501528648238603e-09,0.9990889486412498,5.905303995456778e-10,0.9999993524054335,0.9999989322970027,0.9984988180062319,0.9706877672877217,0.9890130584218833,0.9820137881297458,0.9999989322970027,0.9999982396569965,0.9999994956523514,0.9999977396748937,0.00043055709272278825,9.610239214580367e-05
0.9999999999942106,0.9999999997210531,0.9999999973534264,0.9997388096898188,0.9999999943972036,0.999999974890009,0.999999814460854,0.999999855501979,0.9994472214475559,0.9999999123575151,0.9999970976880148,1.6052280526088547e-09,0.9999996072136592,0.9999869928761862,0.6224593312018546,0.9999996940976636,0.22270013882530884,0.9999982396569965,3.581747929000289e-10,0.06008665038439803,0.9999921107355332
0.9999999999622486,0.9999999928058669,0.9999999847700205,3.535625493426631e-05,0.9999417087274893,0.9999952149055052,0.9999996072136592,0.9997388096898188,0.9990889486412498,0.9999938558224682,0.9999546021475793,2.2603251062511995e-06,0.9770226275810572,1.4449802095675026e-07,1.1861120010657661e-08,0.9999832985701905,0.14804719991116141,0.9999832985701905,0.9988304896995872,2.646573631904765e-09,0.9995694429072771
0.9999986290421394,8.764248496102855e-08,0.9999999943972036,0.9997388096898188,1.6052280526088547e-09,5.60279640614594e-09,0.9994472214475559,0.9999998874648245,3.3982678079468468e-09,0.9933071487351834,0.8175744850834648,7.582560422162384e-10,3.581747929000289e-10,0.8175744850834648,7.582560422162384e-10,0.004070137783849419,0.9914225147446858,0.00857748525531428,0.9770226275810572,2.1724399346070676e-10,0.37754066879814546
0.9999999999705993,0.9959298622161507,0.9999724643121783,0.9999251537370122,0.999999974890009,0.9241418267688302,0.9995694429072771,3.2241866333029355e-08,0.9994472214475559,0.999999974890009,0.9999999847700205,1.2501528648238603e-09,5.905303995456778e-10,0.9399133496156019,0.047425873514159125,0.9999998874648245,1.3176514268359263e-10,0.7310585786300049,1.3176514268359263e-10,0.9525741264858409,0.9399133496156019
0.9999999956365377,0.9999989322970027,1.6052280526088547e-09,0.5,7.582560422162384e-10,0.1824255149165352,0.07585817323116975,9.736200303530205e-10,0.9959298622161507,0.9959298622161507,0.9399133496156019,0.8519528000888387,0.0011695103004128338,0.00015843623599953396,0.6224593312018546,0.4378234991142018,0.6791786926816161,4.847368706035286e-11,0.11920291732853862,0.09534946232842245,0.047425873514159125
0.001926734293943221,0.9999999997538302,0.9999999990263799,0.9999989322970027,1.955568070542584e-08,0.9999999956365377,0.9999869928761862,0.9999724643121783,0.9999999847700205,1.955568070542584e-08,0.9997388096898188,5.60279640614594e-09,0.9999999123575151,0.99966464996832,0.9999999468421502,0.9998415637640005,4.363462233903899e-09,3.3982678079468468e-09,0.9995694429072771,0.9626731105140616,0.997527377056997
0.02297737241894287,4.785094494835719e-06,0.9999724643121783,0.9999999956365377,0.9999999907625504,0.9999999907625504,0.9998415637640005,5.3157849718487075e-08,0.9999832985701905,0.9999724643121783,0.999999855501979,0.9998766053808288,7.194132978569833e-09,0.3208213073183839,0.9998415637640005,0.9525741264858409,0.99966464996832,0.9997388096898188,0.9999994956523514,0.9984988180062319,0.010986941578116867
0.9999999999975866,0.9999989322970027,0.9999938558224682,0.9999999993308415,2.7535687821746045e-05,0.9999986290421394,0.9999952149055052,0.9999921107355332,0.9999832985701905,5.043476486929152e-07,0.99999998813888,3.059023363247549e-07,0.9999999468421502,0.9999996072136592,8.764248496102855e-08,0.997527377056997,0.9999999123575151,0.9995694429072771,0.3208213073183839,0.9980732657060567,0.9999982396569965
0.9999999999740539,0.9999999999294713,2.5109990926928157e-08,0.9999999677581336,0.9999999956365377,0.99999998813888,0.9999999468421502,0.9999996072136592,0.9999991684720715,0.9999952149055052,0.9999993524054335,0.9999993524054335,1.6918979223288786e-10,3.581747929000289e-10,0.99999627336116,0.9890130584218833,0.9706877672877217,1.3176514268359263e-10,0.9999724643121783,0.9998415637640005,0.9998766053808288
0.9999996072136592,8.315279285380714e-07,1.955568070542584e-08,0.9999991684720715,0.9999999990263799,0.9999785550413585,0.02297737241894287,0.9995694429072771,0.9988304896995872,0.99966464996832,0.99999998813888,0.9980732657060567,9.237449576640118e-09,0.9820137881297458,0.9980732657060567,0.999999974890009,0.9999999804443193,9.736200303530205e-10,0.0005527785524441057,9.610239214580367e-05,0.8807970826714614
0.999999974890009,0.9995694429072771,0.9980732657060567,2.7894680920908113e-10,1.6918979223288786e-10,1.3176514268359263e-10,0.7772998611746911,4.5397852420729034e-05,1.0129987357628251e-05,0.9770226275810572,3.775134544136581e-11,1.067702997323512e-06,2.7535687821746045e-05,0.5621765008857981,1.2256067443949272e-11,9.610239214580367e-05,0.005220125635523486,0.1824255149165352,0.09534946232842245,9.54503492274952e-12,1.6701429809483402e-05
0.9999999999666846,0.999999855501979,0.9999999990263799,0.9999999966017321,0.9046505376715775,0.9999999943972036,0.9999038976078543,0.9999999847700205,0.9999785550413585,0.9999999468421502,0.9980732657060567,2.5109990926928157e-08,9.237449576640118e-09,0.9994472214475559,0.9997965729534201,1.522997951276035e-08,0.9626731105140616,0.9995694429072771,0.9399133496156019,0.9984988180062319,0.8519528000888387
0.9999999996418252,0.9999999468421502,0.9998415637640005,0.9999991684720715,0.9999986290421394,0.9999999804443193,0.9997388096898188,1.4449802095675026e-07,0.9999999468421502,0.9999986290421394,0.9914225147446858,2.5109990926928157e-08,0.9988304896995872,9.237449576640118e-09,5.60279640614594e-09,2.5109990926928157e-08,0.9999921107355332,0.9999938558224682,0.9999994956523514,0.9999997617630333,2.0611536181902033e-09
0.9999999999972653,0.00857748525531428,0.9999999987498471,6.825603724121505e-08,0.9999999966017321,0.9999998874648245,2.646573631904765e-09,0.9999996072136592,4.363462233903899e-09,0.9999998874648245,0.9999832985701905,0.9999546021475793,0.9999998874648245,0.9997965729534201,0.999999974890009,0.9999999586006244,7.582560422162384e-10,0.9999999847700205,0.999290329695098,0.9999999317439628,0.9914225147446858
0.9999898700126424,0.9999251537370122,0.9995694429072771,0.9947798743644766,1.0261879630648829e-10,0.9626731105140616,0.9994472214475559,4.847368706035286e-11,0.9959298622161507,0.7772998611746911,0.9241418267688302,0.4378234991142018,0.22270013882530884,9.54503492274952e-12,0.9914225147446858,0.9770226275810572,0.9399133496156019,8.315279285380714e-07,9.54503492274952e-12,5.043476486929152e-07,1.067702997323512e-06
0.9999999985833912,0.9999999943972036,4.1399375473943306e-08,0.999999998394772,0.9999994956523514,0.9999982396569965,0.9999999943972036,0.9999999928058669,5.60279640614594e-09,0.999999974890009,0.9999546021475793,5.905303995456778e-10,2.7894680920908113e-10,2.7894680920908113e-10,0.9999251537370122,2.7894680920908113e-10,0.999999974890009,1.3176514268359263e-10,0.999290329695098,0.9706877672877217,0.9770226275810572
0.999999974890009,0.9999999943972036,0.9999999987498471,0.9999998874648245,0.2689414213699951,0.14804719991116141,0.9999996940976636,0.9999996072136592,0.9999999804443193,0.9999938558224682,2.9023119851992182e-06,0.9999546021475793,0.014063626423394072,0.9999996072136592,0.0009110513587503459,0.005220125635523486,0.9997965729534201,0.9995694429072771,0.9999999317439628,0.9959298622161507,0.9999997617630333
0.9999785550413585,0.9999989322970027,0.99999998813888,5.905303995456778e-10,0.03732688948593844,0.014063626423394072,0.02297737241894287,0.9999646437450657,0.9999417087274893,0.9999991684720715,0.9241418267688302,0.9525741264858409,0.9046505376715775,0.9999970976880148,0.9999986290421394,0.6224593312018546,0.9890130584218833,0.1824255149165352,0.11920291732853862,0.9999785550413585,1.7832472907828393e-11
0.9999999999934397,1.3007123813725571e-05,0.9999999847700205,0.999999998394772,0.9999996940976636,0.9999999317439628,0.9999999966017321,0.9999993524054335,0.9999999966017321,1.1861120010657661e-08,0.9999977396748937,0.9999999907625504,0.9999999847700205,5.905303995456778e-10,0.9999646437450657,0.9999952149055052,0.9999724643121783,0.9999999943972036,0.9995694429072771,0.9999999468421502,0.9998415637640005
0.999999999979793,0.7772998611746911,0.9999999468421502,0.9999952149055052,0.9999038976078543,0.9999991684720715,0.9980732657060567,0.9999999928058669,6.475945666070602e-07,0.99999627336116,0.9999991684720715,0.9997965729534201,0.9990889486412498,0.1824255149165352,0.22270013882530884,0.9999417087274893,1.1861120010657661e-08,0.9999997617630333,0.9999038976078543,0.9988304896995872,3.3982678079468468e-09
1.6701429809483402e-05,0.9999999468421502,0.9241418267688302,0.99966464996832,0.37754066879814546,0.9999251537370122,0.9999977396748937,0.99999627336116,0.09534946232842245,0.047425873514159125,0.9999832985701905,0.01798621187025419,0.9999999468421502,0.9820137881297458,0.9999832985701905,0.9999417087274893,0.9999996072136592,0.9999994956523514,0.999999855501979,0.9859363735766059,2.7894680920908113e-10
0.9999999992417439,1.8553914607279396e-07,0.9999999677581336,0.004070137783849419,0.9999038976078543,3.3982678079468468e-09,5.60279640614594e-09,7.484626298776402e-05,4.599055376537186e-10,0.99999627336116,0.9999898700126424,3.7266388399128017e-06,0.5621765008857981,3.581747929000289e-10,1.8553914607279396e-07,0.5621765008857981,0.37754066879814546,0.37754066879814546,0.9999898700126424,1.3176514268359263e-10,3.775134544136581e-11
0.9999999999094393,0.9999999979388463,0.9999982396569965,4.363462233903899e-09,3.3982678079468468e-09,0.9999417087274893,0.9997965729534201,0.999290329695098,0.999999974890009,0.9999986290421394,0.999999855501979,0.9999832985701905,0.9999996940976636,0.9999994956523514,0.9626731105140616,0.9999832985701905,3.581747929000289e-10,9.736200303530205e-10,0.9999832985701905,0.01798621187025419,0.010986941578116867
0.9999999999515263,0.9999999992417439,0.999999999868235,0.9999999847700205,0.9999999956365377,0.9999724643121783,6.825603724121505e-08,0.9999546021475793,0.9998766053808288,0.9999999123575151,0.9999999979388463,1.955568070542584e-08,0.9999999907625504,0.9999999943972036,0.9988304896995872,0.9999989322970027,3.3982678079468468e-09,0.9959298622161507,9.736200303530205e-10,1.6052280526088547e-09,0.9999999123575151
0.9999999998837177,1.6701429809483402e-05,4.1399375473943306e-08,0.9999417087274893,0.9998415637640005,0.9046505376715775,0.9626731105140616,0.9626731105140616,0.7772998611746911,0.09534946232842245,0.9046505376715775,0.999999855501979,0.7772998611746911,0.9999996940976636,0.047425873514159125,0.7310585786300049,0.1824255149165352,9.736200303530205e-10,9.736200303530205e-10,0.9999970976880148,0.00857748525531428
0.9999999928058669,3.775134544136581e-11,2.940077739198032e-11,1.0815941557168708e-11,0.00015843623599953396,5.8291272510566984e-05,2.7535687821746045e-05,0.9984988180062319,0.22270013882530884,0.9241418267688302,0.01798621187025419,0.014063626423394072,0.9626731105140616,0.9399133496156019,1.7832472907828393e-11,2.2897348455931243e-11,1.3887943864771146e-11,0.14804719991116141,0.002472622943003016,0.0015011819937681247,0.7310585786300049
0.999999855501979,0.9399133496156019,0.9999999468421502,0.9999251537370122,2.7894680920908113e-10,0.9999996940976636,0.9706877672877217,0.09534946232842245,0.9999986290421394,0.8807970826714614,0.9999952149055052,4.847368706035286e-11,4.847368706035286e-11,0.9999898700126424,2.940077739198032e-11,0.11920291732853862,0.3208213073183839,0.5,5.8291272510566984e-05,0.9999832985701905,0.03732688948593844
0.9999998874648245,0.999999998394772,0.9994472214475559,0.999999855501979,0.9999991684720715,7.484626298776402e-05,0.22270013882530884,4.5397852420729034e-05,1.760343003490802e-06,8.315279285380714e-07,0.9998766053808288,2.3823696679343503e-07,8.764248496102855e-08,1.3887943864771146e-11,0.9999038976078543,0.00020342704657999323,1.125351754703302e-07,0.9998415637640005,0.006692851264816553,8.423463754397692e-12,0.9990889486412498
0.9999996940976636,1.0261879630648829e-10,4.847368706035286e-11,0.0002611903101813263,0.9859363735766059,0.06008665038439803,0.00012339461917113592,0.6791786926816161,3.775134544136581e-11,0.9399133496156019,1.6701429809483402e-05,0.7772998611746911,2.5946094982091465e-11,0.14804719991116141,0.22270013882530884,2.1444958641491428e-05,0.07585817323116975,0.07585817323116975,0.4378234991142018,0.07585817323116975,0.6224593312018546
1.125351754703302e-07,0.9999251537370122,0.9999038976078543,0.9998415637640005,0.9995694429072771,0.9968273169307178,2.7894680920908113e-10,2.7894680920908113e-10,0.9980732657060567,0.9770226275810572,3.775134544136581e-11,3.535625493426631e-05,0.3208213073183839,2.0206839089813854e-11,0.5,0.1824255149165352,0.9820137881297458,2.0206839089813854e-11,0.9706877672877217,0.03732688948593844,0.06008665038439803
0.9999999677581336,1.522997951276035e-08,0.7772998611746911,0.11920291732853862,0.9999999468421502,2.0611536181902033e-09,0.9998415637640005,0.9994472214475559,0.9968273169307178,0.9999038976078543,2.646573631904765e-09,3.3982678079468468e-09,0.997527377056997,0.9997965729534201,4.599055376537186e-10,0.9914225147446858,2.7894680920908113e-10,3.581747929000289e-10,4.599055376537186e-10,0.9999952149055052,0.8175744850834648
0.9999832985701905,1.4449802095675026e-07,0.9999999992417439,0.9999999677581336,1.6052280526088547e-09,0.9999999973534264,2.0611536181902033e-09,0.9999999907625504,0.9999991684720715,0.99999998813888,1.2501528648238603e-09,1.2501528648238603e-09,5.905303995456778e-10,0.9999999586006244,0.9999898700126424,0.99999627336116,0.9999869928761862,4.599055376537186e-10,0.9997965729534201,0.9999251537370122,0.9999999468421502
0.9999999966017321,0.9999999928058669,0.999999814460854,0.010986941578116867,0.99999627336116,0.9997965729534201,0.9998415637640005,2.1724399346070676e-10,0.99966464996832,3.7266388399128017e-06,0.997527377056997,0.9947798743644766,8.764248496102855e-08,8.764248496102855e-08,0.9968273169307178,0.9947798743644766,0.999290329695098,4.1399375473943306e-08,0.9994472214475559,0.7772998611746911,1.522997951276035e-08
0.999999999868235,0.9999996072136592,0.9999999956365377,0.9999921107355332,0.9999038976078543,0.9998766053808288,0.0005527785524441057,0.002472622943003016,9.736200303530205e-10,9.736200303530205e-10,3.535625493426631e-05,5.8291272510566984e-05,0.9770226275810572,5.905303995456778e-10,1.3007123813725571e-05,7.582560422162384e-10,0.9241418267688302,0.9890130584218833,0.9947798743644766,2.9023119851992182e-06,0.9999993524054335
0.9999999999972653,0.9999999999572222,0.9999938558224682,0.999999999782756,0.9999998874648245,4.5397852420729034e-05,0.9999989322970027,0.9999989322970027,0.9990889486412498,0.99999998813888,0.999999974890009,6.144177531850823e-06,0.9626731105140616,0.9999785550413585,0.9241418267688302,0.9999898700126424,0.9999898700126424,0.2689414213699951,0.9999898700126424,0.3208213073183839,0.9999785550413585
0.9999999956365377,0.8519528000888387,0.02297737241894287,0.9999417087274893,0.9997388096898188,0.99966464996832,0.9980732657060567,0.0015011819937681247,0.0031726830692822717,0.9968273169307178,2.0206839089813854e-11,0.8519528000888387,0.6791786926816161,0.9525741264858409,0.02297737241894287,7.889264466933239e-06,9.54503492274952e-12,1.0815941557168708e-11,3.9278634073828347e-07,5.109089028037223e-12,0.005220125635523486
1.125351754703302e-07,0.9999982396569965,2.940077739198032e-11,0.9984988180062319,1.0261879630648829e-10,0.9959298622161507,3.775134544136581e-11,4.847368706035286e-11,1.8553914607279396e-07,4.5397852420729034e-05,2.5109990926928157e-08,2.2897348455931243e-11,3.3982678079468468e-09,0.1824255149165352,0.3208213073183839,2.9023119851992182e-06,1.5737102106615244e-11,1.6052280526088547e-09,0.7310585786300049,2.0611536181902033e-09,5.043476486929152e-07
0.9999977396748937,0.9999999991407833,0.9999999998308102,0.9999999994094697,0.9999999468421502,1.522997951276035e-08,0.9999994956523514,0.9999999586006244,0.9999724643121783,0.9999994956523514,7.582560422162384e-10,0.99999998813888,7.582560422162384e-10,0.9999977396748937,0.9999999586006244,5.905303995456778e-10,0.9999952149055052,0.9999999804443193,0.9859363735766059,0.9999999468421502,0.9046505376715775
0.9999999999978701,0.9999999997210531,0.7310585786300049,0.999999814460854,0.9999997617630333,0.9999999804443193,0.9999999123575151,0.9999999123575151,0.9999991684720715,0.9999994956523514,0.9999982396569965,0.9999999993308415,0.99999998813888,0.9999999988967441,0.999999998394772,0.9999417087274893,0.9999952149055052,0.00015843623599953396,0.9999999804443193,0.00012339461917113592,0.9999999468421502
0.9999546021475793,0.9999997617630333,0.9999999317439628,7.194132978569833e-09,0.6224593312018546,0.9999938558224682,0.9999251537370122,0.7772998611746911,0.9997965729534201,0.9999646437450657,0.09534946232842245,0.9999970976880148,0.99966464996832,0.9999952149055052,0.9999952149055052,0.005220125635523486,2.1724399346070676e-10,0.9999546021475793,0.001926734293943221,1.6918979223288786e-10,0.9999785550413585
0.9999921107355332,0.9999999317439628,0.9770226275810572,0.9999977396748937,3.9278634073828347e-07,0.9999999677581336,0.37754066879814546,0.99999627336116,0.9999921107355332,0.9999898700126424,0.3208213073183839,0.07585817323116975,8.764248496102855e-08,5.043476486929152e-07,0.7310585786300049,0.9999999123575151,0.7310585786300049,0.9999724643121783,0.9999417087274893,0.2689414213699951,0.002472622943003016
0.99999998813888,6.825603724121505e-08,1.6052280526088547e-09,0.9980732657060567,9.237449576640118e-09,0.9984988180062319,0.999290329695098,4.363462233903899e-09,0.9999898700126424,1.6052280526088547e-09,9.736200303530205e-10,0.002472622943003016,0.9399133496156019,2.0611536181902033e-09,0.9525741264858409,0.0002611903101813263,0.9999785550413585,1.2501528648238603e-09,0.9999546021475793,0.4378234991142018,3.581747929000289e-10
0.006692851264816553,0.999290329695098,0.9959298622161507,0.999999974890009,0.9046505376715775,0.9988304896995872,0.7772998611746911,0.6791786926816161,0.5621765008857981,5.905303995456778e-10,0.9999986290421394,0.11920291732853862,0.9999986290421394,0.047425873514159125,0.03732688948593844,0.0009110513587503459,0.0002611903101813263,1.3176514268359263e-10,9.610239214580367e-05,5.4927883506529765e-11,0.010986941578116867
0.9999986290421394,0.9999999996418252,0.9997965729534201,0.999999974890009,1.6918979223288786e-10,0.9999417087274893,0.9998766053808288,0.9980732657060567,0.9999998874648245,0.99966464996832,0.9980732657060567,0.9984988180062319,2.1724399346070676e-10,0.9947798743644766,0.0003353500316799018,0.999999855501979,0.0003353500316799018,0.9999997617630333,2.7535687821746045e-05,0.9914225147446858,0.9999982396569965
0.9999999999925664,0.9999999998082829,0.010986941578116867,0.9999999966017321,0.99999998813888,4.5397852420729034e-05,0.9988304896995872,0.9999982396569965,6.144177531850823e-06,0.9999921107355332,0.9999996940976636,0.9999996072136592,8.315279285380714e-07,0.9999970976880148,0.9999977396748937,0.09534946232842245,0.999290329695098,0.999290329695098,0.9968273169307178,0.9999785550413585,2.5109990926928157e-08
0.9999999999771028,0.9999999995941349,0.9998415637640005,0.9988304896995872,5.043476486929152e-07,0.9968273169307178,0.9999999586006244,0.9999999973534264,0.9999999317439628,0.8175744850834648,0.9999994956523514,0.9999989322970027,4.1399375473943306e-08,0.9999982396569965,6.825603724121505e-08,0.9999952149055052,0.9999999317439628,0.9999251537370122,0.014063626423394072,0.9999938558224682,9.237449576640118e-09
0.9999999998308102,9.610239214580367e-05,0.9999999677581336,0.9999993524054335,0.9980732657060567,1.4449802095675026e-07,0.9999952149055052,2.3823696679343503e-07,4.1399375473943306e-08,1.522997951276035e-08,0.5621765008857981,0.9990889486412498,0.9999993524054335,0.9999994956523514,0.4378234991142018,1.2501528648238603e-09,0.9626731105140616,0.9820137881297458,3.581747929000289e-10,3.581747929000289e-10,0.9999986290421394
0.9999999995400946,0.9999999996418252,0.9999999979388463,0.9999999123575151,0.9999999956365377,7.582560422162384e-10,0.99999998813888,0.9999999847700205,0.9999999317439628,5.905303995456778e-10,1.6918979223288786e-10,2.1724399346070676e-10,1.3176514268359263e-10,0.9999996940976636,0.9999994956523514,0.9999785550413585,0.8175744850834648,7.991959892315218e-11,3.775134544136581e-11,0.9999977396748937,0.9999977396748937
0.99999998813888,0.9999921107355332,0.9046505376715775,0.999999855501979,0.2689414213699951,0.14804719991116141,0.9999970976880148,0.9947798743644766,0.9859363735766059,6.224144622520382e-11,0.9999038976078543,0.9999646437450657,2.7535687821746045e-05,1.3007123813725571e-05,2.1444958641491428e-05,0.4378234991142018,0.9999251537370122,0.0031726830692822717,0.7310585786300049,0.1824255149165352,0.07585817323116975
0.9999999999740539,0.9968273169307178,0.9999999586006244,0.999999855501979,0.9999999317439628,3.3982678079468468e-09,0.005220125635523486,0.9999994956523514,0.9999986290421394,0.9999952149055052,7.582560422162384e-10,0.9999898700126424,1.2501528648238603e-09,0.9998415637640005,0.9999417087274893,0.9999038976078543,1.0129987357628251e-05,0.9999785550413585,0.9999646437450657,0.9999417087274893,9.736200303530205e-10
0.9999999999821676,0.9999999990263799,0.00857748525531428,0.9999999907625504,0.002472622943003016,0.0003353500316799018,0.9998415637640005,0.9999999956365377,5.8291272510566984e-05,0.00015843623599953396,0.9997965729534201,0.9999952149055052,0.9933071487351834,0.9820137881297458,0.9399133496156019,1.067702997323512e-06,0.9770226275810572,0.9890130584218833,0.9999546021475793,0.9995694429072771,0.3208213073183839
0.07585817323116975,0.14804719991116141,0.9999785550413585,7.582560422162384e-10,0.9999997617630333,0.9999991684720715,0.9998415637640005,0.9999986290421394,0.9999921107355332,0.00012339461917113592,1.3176514268359263e-10,0.9770226275810572,0.9706877672877217,1.0261879630648829e-10,0.9999832985701905,0.9914225147446858,1.0129987357628251e-05,1.6701429809483402e-05,2.1444958641491428e-05,0.4378234991142018,0.8807970826714614
0.9999999990263799,0.00857748525531428,0.9998766053808288,9.736200303530205e-10,9.610239214580367e-05,0.00012339461917113592,0.9980732657060567,0.9999898700126424,0.5,0.11920291732853862,2.1724399346070676e-10,0.9999785550413585,0.9999251537370122,1.3176514268359263e-10,0.9999898700126424,1.0261879630648829e-10,5.043476486929152e-07,0.9999724643121783,2.940077739198032e-11,0.005220125635523486,2.940077739198032e-11
0.9999999987498471,0.999999998394772,0.9999982396569965,0.999999814460854,0.9999646437450657,5.905303995456778e-10,0.9999038976078543,0.5,0.9968273169307178,0.0031726830692822717,1.3176514268359263e-10,0.9999546021475793,1.3176514268359263e-10,0.9997388096898188,0.7310585786300049,0.9933071487351834,1.3176514268359263e-10,2.1444958641491428e-05,5.8291272510566984e-05,2.7535687821746045e-05,0.07585817323116975
0.9999999999622486,4.599055376537186e-10,2.7894680920908113e-10,0.999290329695098,0.014063626423394072,0.999290329695098,0.005220125635523486,0.9859363735766059,0.8519528000888387,0.8519528000888387,0.9999546021475793,0.5621765008857981,0.9997965729534201,7.889264466933239e-06,0.9999546021475793,2.1444958641491428e-05,0.9999417087274893,0.37754066879814546,2.9023119851992182e-06,0.22270013882530884,0.11920291732853862
0.9999999999740539,0.9999999998973812,0.9999993524054335,0.9999952149055052,3.059023363247549e-07,0.9999832985701905,0.9999982396569965,0.9999785550413585,0.9999832985701905,0.9999970976880148,6.825603724121505e-08,5.043476486929152e-07,0.9999417087274893,5.043476486929152e-07,0.9999785550413585,0.9999038976078543,0.9999251537370122,0.9998766053808288,0.9999999804443193,4.1399375473943306e-08,0.9984988180062319
4.5397852420729034e-05,6.475945666070602e-07,0.9998766053808288,0.9999997617630333,0.997527377056997,0.9947798743644766,0.22270013882530884,0.9947798743644766,0.8807970826714614,0.9999646437450657,2.646573631904765e-09,0.7772998611746911,0.9999546021475793,0.0015011819937681247,0.002472622943003016,0.9999646437450657,1.6052280526088547e-09,2.0611536181902033e-09,0.9999546021475793,0.5621765008857981,1.2501528648238603e-09
0.014063626423394072,0.9999996072136592,1.2501528648238603e-09,0.9999999973534264,0.9999417087274893,0.9988304896995872,0.9770226275810572,9.237449576640118e-09,0.99999998813888,5.60279640614594e-09,0.9999999586006244,0.9399133496156019,0.9999999847700205,0.9999999804443193,7.194132978569833e-09,3.3982678079468468e-09,0.9999999804443193,0.999999974890009,0.9046505376715775,9.736200303530205e-10,0.9999999123575151
0.9999869928761862,5.905303995456778e-10,2.7894680920908113e-10,0.0005527785524441057,0.9999989322970027,0.14804719991116141,1.6701429809483402e-05,0.06008665038439803,0.005220125635523486,0.005220125635523486,0.0009110513587503459,0.9988304896995872,0.0005527785524441057,7.484626298776402e-05,0.0007096703049020563,0.0005527785524441057,0.00043055709272278825,0.9994472214475559,0.00043055709272278825,0.999290329695098,1.7832472907828393e-11
0.9999999999622486,0.9999994956523514,1.1861120010657661e-08,0.9999785550413585,0.9999994956523514,0.999999814460854,0.9999921107355332,4.599055376537186e-10,2.7894680920908113e-10,0.99966464996832,0.9998766053808288,6.224144622520382e-11,0.9999991684720715,0.9998415637640005,2.940077739198032e-11,0.9998415637640005,3.775134544136581e-11,0.9995694429072771,0.9933071487351834,2.0206839089813854e-11,0.9999952149055052
0.9999999999515263,0.9999999987498471,0.9999999999200804,0.8807970826714614,0.9999999804443193,0.02297737241894287,0.999999855501979,0.9999999988967441,0.9999996072136592,0.9999989322970027,0.010986941578116867,0.014063626423394072,0.9999999943972036,0.0002611903101813263,0.9999999317439628,0.9999646437450657,0.9999251537370122,0.00012339461917113592,0.9999998874648245,0.999999974890009,2.7535687821746045e-05
0.9999999987498471,0.9999999943972036,0.9947798743644766,0.999999974890009,0.9999996940976636,0.9999999123575151,0.5621765008857981,0.9999996940976636,0.9999993524054335,0.2689414213699951,0.9999977396748937,0.9999724643121783,7.194132978569833e-09,0.9998415637640005,0.9999038976078543,5.60279640614594e-09,0.9999646437450657,0.9999646437450657,0.9990889486412498,1.6052280526088547e-09,0.999290329695098
0.999999814460854,2.646573631904765e-09,0.6224593312018546,0.9525741264858409,0.9999998874648245,0.3208213073183839,0.9999993524054335,0.03732688948593844,0.8175744850834648,0.5,0.9999869928761862,0.8519528000888387,0.5621765008857981,2.940077739198032e-11,1.0129987357628251e-05,0.0003353500316799018,9.610239214580367e-05,0.0005527785524441057,6.560200168110742e-12,0.9997965729534201,6.560200168110742e-12
0.9997388096898188,0.14804719991116141,7.889264466933239e-06,0.03732688948593844,1.7832472907828393e-11,0.37754066879814546,0.014063626423394072,1.7832472907828393e-11,0.002472622943003016,0.37754066879814546,1.0815941557168708e-11,0.03732688948593844,1.955568070542584e-08,7.433680672296929e-12,5.789356328697135e-12,0.014063626423394072,4.363462233903899e-09,0.004070137783849419,2.0611536181902033e-09,0.004070137783849419,2.7535687821746045e-05
0.9999997617630333,0.9999999586006244,0.2689414213699951,7.582560422162384e-10,0.9999952149055052,0.004070137783849419,0.004070137783849419,0.9968273169307178,0.9968273169307178,1.0129987357628251e-05,0.997527377056997,6.224144622520382e-11,0.7772998611746911,1.3709578605790399e-06,0.9914225147446858,0.8519528000888387,0.4378234991142018,0.22270013882530884,0.5,0.5621765008857981,0.6791786926816161
0.999999974890009,0.9999038976078543,4.5397852420729034e-05,0.999290329695098,8.315279285380714e-07,0.9999996940976636,1.3709578605790399e-06,0.9999999123575151,0.9999952149055052,0.8807970826714614,0.9999832985701905,0.9997388096898188,0.9997388096898188,0.9999977396748937,0.07585817323116975,2.5109990926928157e-08,0.9999038976078543,0.047425873514159125,1.1861120010657661e-08,0.9980732657060567,0.0293122327122782
0.9999999999622486,0.9999970976880148,0.9999938558224682,0.9997388096898188,0.9999785550413585,0.997527377056997,0.997527377056997,0.9997388096898188,0.9988304896995872,0.9914225147446858,0.9706877672877217,0.8175744850834648,0.9770226275810572,0.9399133496156019,0.9999038976078543,0.9984988180062319,0.9399133496156019,0.9999998874648245,0.999999855501979,0.9914225147446858,0.9999991684720715
0.9999999999094393,0.9999999999200804,0.9999999991407833,0.9999999988967441,0.9999999973534264,0.9999999317439628,0.00043055709272278825,0.9999999847700205,2.7535687821746045e-05,0.9999977396748937,0.9999417087274893,0.9997965729534201,0.9997388096898188,1.6701429809483402e-05,0.9997388096898188,0.9988304896995872,1.760343003490802e-06,0.9999986290421394,0.9999986290421394,3.059023363247549e-07,0.9933071487351834
0.9999999979388463,0.9999999995400946,0.047425873514159125,0.9999417087274893,0.999999974890009,0.9999251537370122,0.9820137881297458,7.991959892315218e-11,0.999999814460854,0.9626731105140616,0.00020342704657999323,0.00020342704657999323,2.940077739198032e-11,0.8175744850834648,0.9999997617630333,0.4378234991142018,2.1444958641491428e-05,0.9999993524054335,0.9999977396748937,0.3208213073183839,0.6791786926816161
0.9999999979388463,0.9999999586006244,0.9999417087274893,2.0611536181902033e-09,0.9999999994788586,0.9999999123575151,0.997527377056997,1.522997951276035e-08,2.5109990926928157e-08,0.9999898700126424,3.3982678079468468e-09,0.9999999586006244,0.9999999804443193,0.9999646437450657,0.9999724643121783,3.3982678079468468e-09,0.9999999907625504,0.9999999907625504,0.0011695103004128338,0.9997388096898188,0.9999998874648245
0.9626731105140616,0.9999999998506905,0.9999999987498471,0.9999999317439628,3.775134544136581e-11,0.9959298622161507,0.9999993524054335,0.9999417087274893,0.9998415637640005,0.9999998874648245,0.999999855501979,0.09534946232842245,2.940077739198032e-11,0.9999982396569965,0.9399133496156019,0.9399133496156019,0.9770226275810572,2.7535687821746045e-05,0.9997965729534201,2.1444958641491428e-05,0.9999970976880148
0.9999999123575151,0.9999724643121783,5.905303995456778e-10,0.9998415637640005,0.9999898700126424,0.999999814460854,0.9997965729534201,0.9914225147446858,0.9999251537370122,0.9933071487351834,2.1724399346070676e-10,5.905303995456778e-10,2.1724399346070676e-10,2.7894680920908113e-10,0.999290329695098,0.9990889486412498,0.9399133496156019,0.001926734293943221,0.9999785550413585,0.9999869928761862,1.0261879630648829e-10
0.999999999683912,0.9999999999622486,0.99999627336116,0.999999996149258,0.9999417087274893,0.9999996072136592,0.9984988180062319,0.9999999956365377,0.9999999317439628,0.9820137881297458,0.9241418267688302,0.9770226275810572,0.9999994956523514,0.9999986290421394,0.8807970826714614,0.9999986290421394,0.99999627336116,0.3208213073183839,0.9999999123575151,0.999999855501979,0.9999996940976636
2.2603251062511995e-06,0.5,0.9997965729534201,0.9984988180062319,0.0015011819937681247,0.9914225147446858,0.0007096703049020563,1.7832472907828393e-11,9.54503492274952e-12,0.9999832985701905,0.37754066879814546,5.789356328697135e-12,0.047425873514159125,3.059023363247549e-07,0.14804719991116141,0.9999417087274893,1.4449802095675026e-07,4.1399375473943306e-08,6.825603724121505e-08,1.125351754703302e-07,0.0009110513587503459
0.9999999907625504,0.9999998874648245,0.9914225147446858,0.9999999804443193,0.9999646437450657,0.9959298622161507,0.9990889486412498,0.9999986290421394,0.014063626423394072,0.9399133496156019,0.8175744850834648,0.9999832985701905,0.9999417087274893,0.7310585786300049,0.6791786926816161,0.9241418267688302,0.5,0.8175744850834648,0.8519528000888387,3.059023363247549e-07,0.9995694429072771
0.9994472214475559,0.9999999979388463,0.9999999804443193,0.999290329695098,0.999290329695098,0.999999814460854,0.9947798743644766,0.9999989322970027,1.3887943864771146e-11,0.9999996940976636,5.789356328697135e-12,5.789356328697135e-12,0.9999898700126424,0.9999646437450657,1.5737102106615244e-11,0.0015011819937681247,0.9999646437450657,0.0005527785524441057,0.9999989322970027,0.9999785550413585,0.00015843623599953396
0.9999999973534264,0.9999999987498471,0.999290329695098,0.9046505376715775,0.9959298622161507,0.9999999123575151,0.8175744850834648,7.582560422162384e-10,0.03732688948593844,1.6918979223288786e-10,0.0015011819937681247,4.5397852420729034e-05,0.0007096703049020563,0.0015011819937681247,1.3176514268359263e-10,0.047425873514159125,2.7535687821746045e-05,1.3176514268359263e-10,6.144177531850823e-06,4.785094494835719e-06,1.067702997323512e-06
0.9999999123575151,0.9999989322970027,0.9399133496156019,0.9988304896995872,0.00012339461917113592,4.847368706035286e-11,0.9706877672877217,0.9820137881297458,0.8175744850834648,2.2897348455931243e-11,5.043476486929152e-07,0.8519528000888387,0.37754066879814546,0.09534946232842245,1.0815941557168708e-11,0.14804719991116141,0.006692851264816553,0.047425873514159125,8.423463754397692e-12,4.508755242274496e-12,5.789356328697135e-12
0.9999999999666846,0.9999999999377585,0.9999999994788586,0.9999999123575151,0.9999997617630333,0.9999997617630333,1.125351754703302e-07,0.01798621187025419,8.315279285380714e-07,0.9999999804443193,0.9999999586006244,1.3709578605790399e-06,5.043476486929152e-07,0.999999855501979,0.001926734293943221,0.9999938558224682,6.475945666070602e-07,0.9999785550413585,0.999999974890009,0.9999038976078543,0.9998415637640005
0.9999999979388463,0.9999977396748937,7.991959892315218e-11,0.999290329695098,0.9999993524054335,0.9890130584218833,0.9626731105140616,0.9999724643121783,0.5621765008857981,1.3007123813725571e-05,1.2256067443949272e-11,1.0815941557168708e-11,1.7832472907828393e-11,1.067702997323512e-06,0.9999417087274893,9.54503492274952e-12,7.433680672296929e-12,5.043476486929152e-07,0.006692851264816553,6.825603724121505e-08,4.508755242274496e-12
0.9999999907625504,0.9999999994094697,0.9999999996418252,0.9994472214475559,0.9999999966017321,0.99999998813888,3.9278634073828347e-07,1.3709578605790399e-06,0.9999994956523514,0.9999994956523514,5.3157849718487075e-08,0.5621765008857981,0.9999832985701905,0.9999869928761862,0.9999921107355332,0.9999921107355332,0.11920291732853862,0.00857748525531428,0.01798621187025419,0.0011695103004128338,5.60279640614594e-09
0.9999999994094697,0.9999999996418252,0.9999999928058669,0.9399133496156019,0.9999251537370122,2.5109990926928157e-08,9.237449576640118e-09,0.9994472214475559,0.7310585786300049,0.9998766053808288,2.646573631904765e-09,1.6052280526088547e-09,9.736200303530205e-10,0.9999989322970027,0.99966464996832,0.999290329695098,7.582560422162384e-10,0.9933071487351834,0.9959298622161507,1.6918979223288786e-10,0.9859363735766059
0.9999999973534264,0.9999785550413585,0.9999417087274893,0.99999998813888,0.9999999990263799,0.9999999943972036,4.599055376537186e-10,0.9999998874648245,3.581747929000289e-10,0.9999982396569965,0.9999921107355332,0.9399133496156019,0.9999646437450657,0.9999996072136592,1.6918979223288786e-10,1.0261879630648829e-10,0.9999997617630333,1.0261879630648829e-10,0.06008665038439803,0.03732688948593844,0.047425873514159125
0.9999999907625504,0.9999952149055052,0.9947798743644766,0.9959298622161507,4.785094494835719e-06,0.004070137783849419,1.3007123813725571e-05,1.7832472907828393e-11,2.940077739198032e-11,0.0005527785524441057,0.3208213073183839,0.22270013882530884,5.789356328697135e-12,3.978962535821407e-12,1.1861120010657661e-08,2.1444958641491428e-05,1.0129987357628251e-05,0.0293122327122782,0.01798621187025419,5.8291272510566984e-05,0.1824255149165352
0.9999999999377585,3.3982678079468468e-09,0.9999832985701905,0.9999417087274893,3.581747929000289e-10,0.9998415637640005,0.9999991684720715,0.9997965729534201,0.9999970976880148,0.999290329695098,1.6918979223288786e-10,0.9980732657060567,0.9984988180062319,0.9820137881297458,0.9770226275810572,0.9999938558224682,0.0005527785524441057,1.6918979223288786e-10,0.9999832985701905,0.00043055709272278825,0.9914225147446858
0.9999938558224682,0.9998415637640005,0.06008665038439803,0.9999251537370122,0.22270013882530884,0.07585817323116975,2.1724399346070676e-10,0.07585817323116975,0.999290329695098,6.224144622520382e-11,0.004070137783849419,0.9947798743644766,6.224144622520382e-11,0.8807970826714614,0.9914225147446858,0.0005527785524441057,0.0005527785524441057,0.00015843623599953396,0.9947798743644766,0.8175744850834648,2.1444958641491428e-05
0.9999999994788586,0.9999982396569965,0.999999999782756,3.3982678079468468e-09,0.9999993524054335,0.999999998394772,0.9999952149055052,0.9999999956365377,0.99999998813888,0.9859363735766059,0.9995694429072771,0.9999982396569965,0.7772998611746911,0.7772998611746911,0.1824255149165352,0.06008665038439803,0.9999970976880148,0.9980732657060567,0.9999952149055052,0.9999996940976636,0.999999814460854
0.9999999995400946,0.9999977396748937,0.9999999907625504,0.9997388096898188,0.9968273169307178,0.9999970976880148,2.2603251062511995e-06,0.9999999928058669,0.9914225147446858,0.999999855501979,5.043476486929152e-07,0.9999996072136592,0.9399133496156019,3.9278634073828347e-07,0.9997388096898188,0.9997388096898188,0.9999982396569965,0.5,0.6224593312018546,1.955568070542584e-08,0.03732688948593844
0.99999998813888,0.999999855501979,2.1724399346070676e-10,0.0011695103004128338,0.001926734293943221,0.9999546021475793,0.9770226275810572,0.9999417087274893,0.9999038976078543,0.9820137881297458,0.7310585786300049,0.6224593312018546,0.4378234991142018,1.760343003490802e-06,6.144177531850823e-06,6.224144622520382e-11,3.7266388399128017e-06,0.2689414213699951,0.9990889486412498,0.2689414213699951,0.09534946232842245
0.9999989322970027,0.9933071487351834,0.9999785550413585,0.9999999994788586,0.9999999987498471,0.14804719991116141,0.09534946232842245,1.6052280526088547e-09,0.9770226275810572,0.9770226275810572,0.002472622943003016,0.4378234991142018,1.2501528648238603e-09,0.8175744850834648,0.0031726830692822717,4.363462233903899e-09,0.7310585786300049,0.002472622943003016,0.9241418267688302,5.905303995456778e-10,0.9999994956523514
0.9999417087274893,0.9999999943972036,0.9997965729534201,0.9999993524054335,5.905303995456778e-10,0.0009110513587503459,0.0005527785524441057,0.9999785550413585,0.7772998611746911,0.7310585786300049,0.9997965729534201,0.3208213073183839,2.1724399346070676e-10,0.14804719991116141,2.1724399346070676e-10,0.1824255149165352,0.1824255149165352,4.785094494835719e-06,0.6791786926816161,0.9980732657060567,0.37754066879814546
0.9999999943972036,0.9999785550413585,0.9999921107355332,0.7310585786300049,0.9999546021475793,0.1824255149165352,3.3982678079468468e-09,0.9999921107355332,0.9988304896995872,0.9999898700126424,2.646573631904765e-09,0.9959298622161507,0.9706877672877217,0.9241418267688302,0.9999832985701905,0.9999546021475793,7.582560422162384e-10,0.9999724643121783,0.7310585786300049,0.9998415637640005,0.37754066879814546
0.9999999979388463,0.9999986290421394,2.646573631904765e-09,0.9999999586006244,0.9999999847700205,0.9998415637640005,0.9999989322970027,1.3176514268359263e-10,0.9999869928761862,0.9999938558224682,3.775134544136581e-11,4.847368706035286e-11,0.9999994956523514,0.997527377056997,0.9998415637640005,0.9998766053808288,0.9999994956523514,0.9947798743644766,0.9706877672877217,0.9626731105140616,0.9947798743644766
0.9999999999515263,1.1861120010657661e-08,4.363462233903899e-09,0.9997388096898188,4.363462233903899e-09,4.363462233903899e-09,0.0005527785524441057,0.9994472214475559,0.9859363735766059,0.9820137881297458,0.9626731105140616,0.8807970826714614,0.7772998611746911,6.144177531850823e-06,3.7266388399128017e-06,7.582560422162384e-10,0.6791786926816161,0.9999724643121783,1.3709578605790399e-06,4.599055376537186e-10,4.599055376537186e-10
0.999999999989184,0.99999998813888,0.9999251537370122,0.005220125635523486,0.999290329695098,0.9990889486412498,0.9999999994094697,0.9999938558224682,0.9999999990263799,0.9999977396748937,0.9933071487351834,0.9999986290421394,0.9999785550413585,0.9999251537370122,0.999999974890009,0.9999938558224682,3.059023363247549e-07,0.7772998611746911,0.6224593312018546,0.9968273169307178,0.99999998813888
0.9999999992417439,1.125351754703302e-07,0.8519528000888387,0.9999938558224682,0.9999869928761862,0.999999974890009,0.9999646437450657,0.99999998813888,0.9999999804443193,0.9994472214475559,9.736200303530205e-10,0.997527377056997,0.9914225147446858,0.9933071487351834,1.1861120010657661e-08,0.9999999317439628,0.999999814460854,0.9626731105140616,0.999999855501979,0.8519528000888387,0.9959298622161507
0.9999999987498471,0.00020342704657999323,0.9999999966017321,0.9999999992417439,0.999999998394772,2.3823696679343503e-07,5.043476486929152e-07,0.9999999317439628,0.9997965729534201,0.999999974890009,0.999999855501979,5.3157849718487075e-08,1.1861120010657661e-08,0.9525741264858409,0.9999989322970027,0.9626731105140616,0.9999994956523514,0.9999921107355332,0.8175744850834648,0.9999999468421502,0.9999546021475793
0.9997388096898188,4.363462233903899e-09,7.582560422162384e-10,9.736200303530205e-10,0.9947798743644766,3.581747929000289e-10,0.999999814460854,0.9999999468421502,7.582560422162384e-10,0.9999989322970027,4.599055376537186e-10,0.5621765008857981,0.9999999804443193,9.736200303530205e-10,5.905303995456778e-10,0.9999999956365377,0.9999785550413585,3.581747929000289e-10,0.99966464996832,0.9999999586006244,0.0002611903101813263
1.067702997323512e-06,0.9999999123575151,0.22270013882530884,0.047425873514159125,0.01798621187025419,0.9890130584218833,4.847368706035286e-11,0.9820137881297458,0.5,3.7266388399128017e-06,5.8291272510566984e-05,7.484626298776402e-05,2.3823696679343503e-07,1.067702997323512e-06,0.0003353500316799018,3.9278634073828347e-07,0.02297737241894287,0.01798621187025419,2.3823696679343503e-07,0.06008665038439803,0.07585817323116975
0.9999251537370122,1.2501528648238603e-09,0.9706877672877217,0.99966464996832,4.363462233903899e-09,0.9890130584218833,0.9626731105140616,0.9968273169307178,0.8519528000888387,0.6791786926816161,0.06008665038439803,9.736200303530205e-10,7.889264466933239e-06,2.7894680920908113e-10,0.4378234991142018,0.5,0.3208213073183839,1.3176514268359263e-10,0.7772998611746911,0.37754066879814546,3.059023363247549e-07
0.9999998874648245,0.9999998874648245,0.9999994956523514,0.9999952149055052,0.9999921107355332,0.9999869928761862,0.9999038976078543,0.9999869928761862,1.8553914607279396e-07,0.9998415637640005,0.9999999468421502,3.2241866333029355e-08,0.9999417087274893,0.9999832985701905,0.9999999586006244,3.2241866333029355e-08,0.9980732657060567,5.60279640614594e-09,0.99966464996832,0.4378234991142018,0.9990889486412498
0.9999999973534264,0.9999999995941349,0.999999814460854,0.9999999966017321,0.9999999943972036,0.9999997617630333,0.9999999804443193,0.9999989322970027,0.00015843623599953396,0.9999938558224682,0.9999996940976636,0.9999996072136592,0.9999999123575151,0.9999417087274893,0.9999994956523514,0.9999997617630333,0.9999989322970027,0.9999646437450657,0.9998766053808288,0.9999993524054335,0.9999982396569965
0.9999999928058669,0.999999998394772,0.9999999943972036,0.9998415637640005,0.9999997617630333,0.9999999928058669,0.9968273169307178,0.9933071487351834,0.9999999317439628,0.9626731105140616,1.2501528648238603e-09,0.9959298622161507,0.9999996072136592,3.3982678079468468e-09,0.9999993524054335,0.9999993524054335,0.999999814460854,0.22270013882530884,0.997527377056997,0.9959298622161507,2.0611536181902033e-09
0.9999999996418252,0.9999999994094697,0.9999999995941349,0.9999999997210531,3.059023363247549e-07,0.9999999123575151,0.99999998813888,0.9999038976078543,6.475945666070602e-07,0.9999999123575151,1.4449802095675026e-07,8.764248496102855e-08,0.9999785550413585,0.9999785550413585,0.9770226275810572,0.9999998874648245,0.9999646437450657,0.9999546021475793,6.825603724121505e-08,0.9999999468421502,0.8807970826714614
0.9999999979388463,0.9999999999622486,0.9999993524054335,0.9999989322970027,0.9999999468421502,0.9999724643121783,0.9999869928761862,0.9999999317439628,0.9999999677581336,0.9999546021475793,0.9999993524054335,2.2603251062511995e-06,6.475945666070602e-07,1.760343003490802e-06,0.9999938558224682,0.9999989322970027,0.9999999586006244,0.9999646437450657,0.9999998874648245,0.14804719991116141,0.9999417087274893
0.9999999999821676,0.9999989322970027,0.9999999998837177,0.9999999907625504,0.0005527785524441057,0.9999999973534264,0.9999999847700205,0.9999999950555496,0.9999999979388463,0.0005527785524441057,0.9999997617630333,0.99966464996832,0.9999999804443193,0.9999977396748937,0.9999989322970027,0.9999991684720715,0.9999986290421394,0.9626731105140616,2.2603251062511995e-06,0.9999999468421502,0.9999999586006244
0.9999999988967441,0.1824255149165352,0.9999921107355332,0.010986941578116867,0.9999994956523514,0.997527377056997,2.1724399346070676e-10,0.9820137881297458,1.6918979223288786e-10,1.0261879630648829e-10,0.37754066879814546,1.760343003490802e-06,6.475945666070602e-07,4.847368706035286e-11,0.9999724643121783,0.5,0.9999646437450657,3.3315445420554206e-11,8.764248496102855e-08,0.14804719991116141,0.2689414213699951
0.9999999999925664,0.9999999928058669,0.9999999928058669,1.2501528648238603e-09,0.9999938558224682,0.9999989322970027,0.9999898700126424,3.581747929000289e-10,2.7894680920908113e-10,0.9999869928761862,0.9997388096898188,0.9999832985701905,2.940077739198032e-11,3.775134544136581e-11,0.9999999468421502,0.9241418267688302,2.2897348455931243e-11,0.9241418267688302,0.9947798743644766,0.9933071487351834,0.9999994956523514
0.9999999677581336,0.9999993524054335,1.6052280526088547e-09,0.9999546021475793,0.9999546021475793,0.9997388096898188,0.22270013882530884,0.9997965729534201,0.9999970976880148,1.6918979223288786e-10,0.9770226275810572,0.99999627336116,0.0003353500316799018,0.9820137881297458,0.9999869928761862,0.9933071487351834,0.9999832985701905,7.484626298776402e-05,0.8807970826714614,4.5397852420729034e-05,2.0206839089813854e-11
0.999999999989184,0.9999999468421502,9.736200303530205e-10,9.736200303530205e-10,0.999999814460854,0.9995694429072771,0.9999989322970027,0.99999627336116,6.224144622520382e-11,6.224144622520382e-11,0.7310585786300049,0.9999832985701905,0.8807970826714614,0.9626731105140616,2.940077739198032e-11,1.0129987357628251e-05,0.9999785550413585,0.22270013882530884,1.0815941557168708e-11,0.06008665038439803,0.047425873514159125
1.067702997323512e-06,0.9995694429072771,0.9999999677581336,3.3982678079468468e-09,0.9997965729534201,7.194132978569833e-09,0.999999814460854,0.9997388096898188,2.0611536181902033e-09,7.582560422162384e-10,5.905303995456778e-10,0.9999977396748937,0.9999938558224682,0.014063626423394072,0.9820137881297458,9.736200303530205e-10,0.9859363735766059,0.9859363735766059,5.905303995456778e-10,0.9399133496156019,0.9998766053808288
0.005220125635523486,0.9999970976880148,0.9997965729534201,3.581747929000289e-10,0.9914225147446858,0.999999855501979,0.9859363735766059,0.9999970976880148,0.9525741264858409,1.3709578605790399e-06,0.09534946232842245,0.9999921107355332,2.2603251062511995e-06,7.991959892315218e-11,1.3176514268359263e-10,0.5621765008857981,0.6791786926816161,0.6224593312018546,0.99999627336116,0.9999938558224682,0.9999832985701905
0.9999999998308102,0.9999999979388463,0.999999998394772,0.9999999943972036,0.9999999943972036,1.3709578605790399e-06,0.999999974890009,0.9999999586006244,0.9999999123575151,0.9999982396569965,0.9999977396748937,6.825603724121505e-08,0.999290329695098,1.955568070542584e-08,0.9998766053808288,0.9999038976078543,0.9933071487351834,1.1861120010657661e-08,4.363462233903899e-09,0.9999785550413585,0.999290329695098
0.9999999999294713,3.9278634073828347e-07,0.9999999928058669,0.9999869928761862,1.6052280526088547e-09,0.9525741264858409,0.9399133496156019,0.9999952149055052,0.9999869928761862,0.9706877672877217,0.9890130584218833,0.00043055709272278825,0.9999898700126424,7.991959892315218e-11,0.7772998611746911,0.4378234991142018,0.7310585786300049,0.00043055709272278825,0.6791786926816161,0.006692851264816553,0.00012339461917113592
0.9999999999666846,0.9999989322970027,0.9999999996418252,0.99966464996832,0.999999855501979,0.9999999468421502,0.999999814460854,0.9999994956523514,0.9999994956523514,0.99999627336116,0.99999627336116,0.99999627336116,0.9999999468421502,0.9820137881297458,0.9999986290421394,5.60279640614594e-09,0.9999999847700205,0.9999724643121783,0.7310585786300049,0.09534946232842245,0.9997965729534201
0.9999999987498471,0.9999999677581336,0.9999999677581336,2.1724399346070676e-10,0.9999785550413585,0.9999646437450657,0.9997965729534201,2.1724399346070676e-10,0.9990889486412498,0.9999546021475793,0.997527377056997,3.535625493426631e-05,0.9999251537370122,0.9947798743644766,7.484626298776402e-05,0.9998415637640005,2.940077739198032e-11,2.9023119851992182e-06,4.785094494835719e-06,3.3315445420554206e-11,1.3709578605790399e-06
0.999999999996021,0.99999627336116,3.7266388399128017e-06,0.9999996940976636,0.9999991684720715,0.9999977396748937,0.9999999317439628,0.9999999973534264,0.9999999943972036,2.3823696679343503e-07,1.125351754703302e-07,0.999999974890009,0.99999627336116,4.1399375473943306e-08,0.9994472214475559,9.237449576640118e-09,2.646573631904765e-09,0.004070137783849419,0.9947798743644766,0.9999993524054335,0.9999994956523514
0.0002611903101813263,0.9997388096898188,0.0293122327122782,0.9988304896995872,2.0611536181902033e-09,0.9999999956365377,0.9999417087274893,0.9968273169307178,0.02297737241894287,0.9626731105140616,3.581747929000289e-10,1.2501528648238603e-09,0.9626731105140616,0.9999999123575151,0.9999998874648245,0.9988304896995872,0.001926734293943221,0.999999814460854,2.1724399346070676e-10,9.610239214580367e-05,0.3208213073183839
0.9999996072136592,0.9999832985701905,0.005220125635523486,1.6918979223288786e-10,0.0015011819937681247,2.1724399346070676e-10,0.99999627336116,0.9820137881297458,1.3176514268359263e-10,7.991959892315218e-11,7.991959892315218e-11,1.6918979223288786e-10,1.3007123813725571e-05,0.6224593312018546,2.7535687821746045e-05,2.1444958641491428e-05,2.1444958641491428e-05,0.7772998611746911,0.14804719991116141,0.6791786926816161,7.889264466933239e-06
0.9999999999934397,0.999999814460854,0.9999999956365377,0.9999970976880148,0.9999991684720715,0.99999998813888,0.9999970976880148,7.582560422162384e-10,0.9999999123575151,7.582560422162384e-10,2.1724399346070676e-10,0.9999993524054335,1.3176514268359263e-10,0.9914225147446858,0.9997388096898188,0.9241418267688302,0.9994472214475559,0.9999977396748937,0.7310585786300049,1.0261879630648829e-10,0.9999938558224682
0.9999999999515263,0.9999999998973812,1.955568070542584e-08,0.9999999943972036,2.1724399346070676e-10,0.9999999123575151,0.999999974890009,0.9999996072136592,1.6918979223288786e-10,4.599055376537186e-10,0.997527377056997,0.999290329695098,0.9984988180062319,0.9999546021475793,0.9959298622161507,0.99966464996832,0.9997388096898188,0.9999417087274893,4.847368706035286e-11,0.9914225147446858,0.9999938558224682
0.9999999966017321,0.9999999979388463,2.0611536181902033e-09,0.9999999677581336,1.2501528648238603e-09,1.2501528648238603e-09,0.9999997617630333,0.9999997617630333,0.9859363735766059,0.9999993524054335,0.9525741264858409,5.905303995456778e-10,0.9999832985701905,0.9999251537370122,4.363462233903899e-09,0.9999977396748937,0.2689414213699951,5.905303995456778e-10,5.905303995456778e-10,0.9997388096898188,0.9999982396569965
0.9999999999377585,0.006692851264816553,0.9959298622161507,0.9990889486412498,0.4378234991142018,4.847368706035286e-11,1.0261879630648829e-10,0.5621765008857981,9.610239214580367e-05,4.847368706035286e-11,0.14804719991116141,4.277787868786004e-11,0.7772998611746911,2.940077739198032e-11,0.005220125635523486,6.475945666070602e-07,0.06008665038439803,0.9706877672877217,0.9241418267688302,0.002472622943003016,0.01798621187025419
0.9997388096898188,7.582560422162384e-10,0.00857748525531428,0.9933071487351834,0.9859363735766059,0.001926734293943221,0.9525741264858409,0.8519528000888387,2.7894680920908113e-10,0.00015843623599953396,2.7535687821746045e-05,0.047425873514159125,5.043476486929152e-07,2.2897348455931243e-11,3.775134544136581e-11,0.01798621187025419,0.014063626423394072,0.0293122327122782,0.7772998611746911,6.825603724121505e-08,0.5
0.9999999992417439,0.9999996072136592,0.9999999979388463,0.9999646437450657,0.8175744850834648,1.522997951276035e-08,0.9997388096898188,0.9999898700126424,0.6224593312018546,0.1824255149165352,4.363462233903899e-09,0.9980732657060567,0.014063626423394072,0.047425873514159125,0.9999417087274893,0.9770226275810572,3.3982678079468468e-09,1.6052280526088547e-09,0.999999855501979,0.9998766053808288,0.002472622943003016
0.9999999943972036,0.9999952149055052,0.9999999928058669,0.999999997664407,0.9999999943972036,1.3007123813725571e-05,1.0129987357628251e-05,0.9999999950555496,0.9997388096898188,0.00020342704657999323,0.9999999966017321,0.0007096703049020563,0.9999999973534264,0.9999999907625504,0.9626731105140616,0.9999999847700205,0.9999999123575151,0.9999952149055052,0.99999998813888,0.9999991684720715,0.8807970826714614
0.999999999868235,7.889264466933239e-06,1.067702997323512e-06,6.224144622520382e-11,1.067702997323512e-06,0.5,7.991959892315218e-11,2.940077739198032e-11,0.8807970826714614,2.2897348455931243e-11,1.1861120010657661e-08,0.006692851264816553,0.0031726830692822717,0.09534946232842245,0.07585817323116975,0.07585817323116975,1.7832472907828393e-11,0.004070137783849419,0.1824255149165352,0.0005527785524441057,0.22270013882530884
0.999999999868235,0.9999999992417439,0.9999994956523514,0.9999869928761862,0.999999855501979,0.014063626423394072,2.1724399346070676e-10,1.0261879630648829e-10,0.005220125635523486,0.0007096703049020563,0.9820137881297458,0.9999417087274893,0.9770226275810572,0.8519528000888387,0.9046505376715775,1.3887943864771146e-11,0.8807970826714614,0.8175744850834648,0.6224593312018546,0.4378234991142018,0.4378234991142018
0.9999999956365377,3.3982678079468468e-09,0.999999855501979,1.2501528648238603e-09,0.03732688948593844,0.997527377056997,0.9999970976880148,0.997527377056997,3.581747929000289e-10,0.9046505376715775,3.581747929000289e-10,0.9999921107355332,0.9046505376715775,1.0261879630648829e-10,0.9399133496156019,0.9914225147446858,2.7894680920908113e-10,0.0007096703049020563,0.7310585786300049,0.00015843623599953396,0.6791786926816161
0.9999999999954912,0.9999999999094393,0.9999999847700205,0.99999998813888,0.9999546021475793,0.9997965729534201,2.7535687821746045e-05,0.9997388096898188,0.9984988180062319,0.9999977396748937,2.9023119851992182e-06,0.9999938558224682,0.9999724643121783,0.9998415637640005,0.8175744850834648,0.7310585786300049,0.9999898700126424,0.9999999123575151,0.3208213073183839,0.9999997617630333,0.9999996072136592
0.9999999123575151,2.5109990926928157e-08,0.9968273169307178,4.363462233903899e-09,0.03732688948593844,1.6052280526088547e-09,2.0611536181902033e-09,0.004070137783849419,0.002472622943003016,0.00043055709272278825,0.0007096703049020563,0.09534946232842245,0.047425873514159125,0.9959298622161507,7.889264466933239e-06,0.07585817323116975,0.0015011819937681247,0.00857748525531428,0.03732688948593844,0.006692851264816553,0.0003353500316799018
0.9999998874648245,2.3823696679343503e-07,0.9999999928058669,0.9999952149055052,0.9984988180062319,0.9999999468421502,0.9999999123575151,0.9999998874648245,0.010986941578116867,0.014063626423394072,0.997527377056997,0.002472622943003016,0.9999898700126424,2.646573631904765e-09,0.9914225147446858,0.00015843623599953396,0.9999986290421394,0.9999977396748937,3.581747929000289e-10,0.9525741264858409,0.9999785550413585
0.9999952149055052,0.9999251537370122,1.6918979223288786e-10,0.9999546021475793,0.3208213073183839,0.002472622943003016,0.9859363735766059,0.004070137783849419,4.599055376537186e-10,0.9990889486412498,7.484626298776402e-05,0.0005527785524441057,0.9770226275810572,0.0002611903101813263,0.00020342704657999323,0.00020342704657999323,0.9706877672877217,1.067702997323512e-06,8.315279285380714e-07,2.1444958641491428e-05,0.8519528000888387
0.9999996940976636,0.0031726830692822717,0.9999999998308102,1.0129987357628251e-05,7.889264466933239e-06,0.99999998813888,0.999999974890009,0.9997965729534201,0.9999952149055052,0.9997388096898188,0.9999986290421394,0.99999998813888,1.067702997323512e-06,1.3709578605790399e-06,0.9968273169307178,0.9984988180062319,0.9999999907625504,0.9999999907625504,0.9914225147446858,0.9399133496156019,0.9999999677581336
0.99999627336116,1.2501528648238603e-09,0.9770226275810572,0.9999999586006244,0.9999999468421502,0.9999999586006244,0.9525741264858409,0.9999999317439628,6.144177531850823e-06,0.4378234991142018,0.03732688948593844,0.9998415637640005,0.9999997617630333,0.999999855501979,0.9998766053808288,0.9999993524054335,0.006692851264816553,0.99966464996832,0.9994472214475559,0.9994472214475559,0.9988304896995872
3.9278634073828347e-07,1.2501528648238603e-09,0.14804719991116141,2.7894680920908113e-10,0.37754066879814546,0.6791786926816161,0.9997388096898188,0.9998415637640005,0.8175744850834648,0.9997388096898188,1.3176514268359263e-10,0.999290329695098,0.9968273169307178,1.3176514268359263e-10,0.9984988180062319,0.06008665038439803,0.9933071487351834,4.847368706035286e-11,0.9914225147446858,0.9626731105140616,0.0009110513587503459
0.9999999677581336,0.9999999928058669,0.9999999468421502,0.9999999992417439,0.00015843623599953396,0.9999970976880148,0.9999989322970027,0.9999999956365377,0.9999997617630333,0.9999999907625504,0.9999938558224682,0.9999832985701905,0.9997965729534201,0.9999986290421394,0.9997388096898188,0.9998415637640005,0.9999999468421502,0.999290329695098,0.999290329695098,0.9999997617630333,0.9980732657060567
0.9999999999515263,0.9999999956365377,0.999999974890009,0.9999999468421502,0.9999996940976636,5.3157849718487075e-08,0.9999999928058669,0.9999993524054335,0.9999993524054335,0.9999993524054335,2.5109990926928157e-08,0.9999998874648245,0.9999417087274893,5.60279640614594e-09,0.09534946232842245,0.11920291732853862,0.9999938558224682,0.9999994956523514,0.9999724643121783,0.9999952149055052,0.9998766053808288
0.9999999999969011,0.9999999985833912,0.9999999979388463,0.999999974890009,0.9999999468421502,7.484626298776402e-05,0.9999998874648245,0.9999999973534264,0.9998415637640005,0.9999996072136592,0.9999999317439628,0.9999999804443193,2.2603251062511995e-06,0.9968273169307178,0.9999989322970027,0.9999986290421394,0.9999999907625504,0.9999998874648245,0.9999999586006244,0.9999832985701905,0.9999898700126424
0.9999999999842628,1.955568070542584e-08,0.9999999928058669,2.0611536181902033e-09,0.1824255149165352,0.9999251537370122,0.999999814460854,0.11920291732853862,0.8807970826714614,0.9914225147446858,0.9999970976880148,0.99999627336116,0.9241418267688302,7.991959892315218e-11,0.1824255149165352,0.4378234991142018,0.9999970976880148,0.9999977396748937,0.9241418267688302,0.9999986290421394,1.3007123813725571e-05
0.01798621187025419,0.9999996072136592,3.059023363247549e-07,5.043476486929152e-07,0.5,0.9999970976880148,8.315279285380714e-07,0.9998415637640005,0.03732688948593844,0.9999999943972036,0.997527377056997,0.0011695103004128338,0.9999251537370122,0.99999998813888,5.3157849718487075e-08,0.9770226275810572,0.99999998813888,5.60279640614594e-09,0.999999974890009,0.8519528000888387,5.60279640614594e-09
0.9999999943972036,0.99999627336116,0.9999251537370122,0.9999832985701905,0.9947798743644766,0.9859363735766059,0.9999785550413585,0.9241418267688302,4.363462233903899e-09,2.0611536181902033e-09,0.9990889486412498,3.3982678079468468e-09,0.9995694429072771,9.610239214580367e-05,0.5,1.2501528648238603e-09,0.99966464996832,0.8175744850834648,9.736200303530205e-10,0.6791786926816161,0.9933071487351834
0.9999999804443193,0.9999999991407833,0.9999986290421394,0.9999898700126424,0.9999996072136592,0.9997965729534201,0.9999977396748937,0.99999627336116,0.9999952149055052,1.4449802095675026e-07,2.3823696679343503e-07,0.9990889486412498,0.9999546021475793,0.9859363735766059,0.9770226275810572,0.9995694429072771,0.004070137783849419,0.9914225147446858,0.9988304896995872,0.8807970826714614,3.2241866333029355e-08
0.9999999999572222,0.9997965729534201,0.9999999928058669,0.999999855501979,0.9999999992417439,0.9999999966017321,0.99999998813888,0.5,0.9999982396569965,0.9999417087274893,1.6918979223288786e-10,3.581747929000289e-10,0.9995694429072771,0.9999998874648245,2.7894680920908113e-10,0.9999999123575151,0.9990889486412498,0.9914225147446858,0.9980732657060567,6.224144622520382e-11,7.991959892315218e-11
0.9999999990263799,0.999999999868235,0.9999999586006244,0.9999038976078543,0.9998766053808288,0.9999999943972036,4.599055376537186e-10,1.2501528648238603e-09,0.9999999847700205,0.9999724643121783,0.9999999468421502,4.599055376537186e-10,0.999999814460854,2.7894680920908113e-10,0.9999997617630333,0.9999997617630333,0.9999546021475793,4.599055376537186e-10,0.00857748525531428,0.999999855501979,0.0031726830692822717
0.9999999995400946,0.9999999943972036,0.06008665038439803,0.9046505376715775,4.599055376537186e-10,0.9933071487351834,0.9999952149055052,2.7894680920908113e-10,0.9859363735766059,0.9999038976078543,0.9998766053808288,0.0005527785524441057,5.8291272510566984e-05,0.6791786926816161,0.6224593312018546,3.581747929000289e-10,1.3007123813725571e-05,0.37754066879814546,0.2689414213699951,0.4378234991142018,0.22270013882530884
0.9999999997538302,1.3007123813725571e-05,0.9999999907625504,0.9999999990263799,0.9999999586006244,0.9999999987498471,0.9999869928761862,0.9999999990263799,0.9999999973534264,9.736200303530205e-10,0.99999998813888,9.736200303530205e-10,0.9959298622161507,0.9968273169307178,0.9999898700126424,0.9999999804443193,0.9999921107355332,0.9999999943972036,0.9999417087274893,0.9999999677581336,0.9999417087274893
0.999999999868235,6.475945666070602e-07,0.9999999928058669,0.9999417087274893,0.9994472214475559,0.999999974890009,0.99999627336116,0.9999970976880148,0.9999999123575151,1.125351754703302e-07,0.9999417087274893,0.9999546021475793,6.825603724121505e-08,0.9999251537370122,0.9999417087274893,8.764248496102855e-08,0.9399133496156019,0.9999999123575151,0.22270013882530884,0.9999993524054335,0.99966464996832
1.3007123813725571e-05,0.99966464996832,0.9859363735766059,0.9999996072136592,0.9999999966017321,0.9999999943972036,0.9999999928058669,0.99999998813888,0.9525741264858409,0.9999970976880148,0.9999999677581336,0.9997388096898188,4.363462233903899e-09,0.9999038976078543,0.9999999804443193,1.522997951276035e-08,0.9999999907625504,0.9999999847700205,1.2501528648238603e-09,0.047425873514159125,4.599055376537186e-10
0.9999869928761862,0.7772998611746911,0.03732688948593844,1.3007123813725571e-05,0.9959298622161507,1.3176514268359263e-10,0.9968273169307178,1.6918979223288786e-10,0.047425873514159125,1.6918979223288786e-10,0.0002611903101813263,0.9770226275810572,0.9525741264858409,0.00020342704657999323,0.0005527785524441057,0.8175744850834648,0.6224593312018546,4.847368706035286e-11,0.8807970826714614,1.6918979223288786e-10,0.6791786926816161
0.9999999999942106,4.5397852420729034e-05,0.9999999997538302,0.9999999928058669,0.9999999987498471,0.9999999847700205,0.9999999677581336,0.9999417087274893,0.9999999847700205,0.9998766053808288,1.955568070542584e-08,0.9999999317439628,1.955568070542584e-08,0.9525741264858409,0.9999938558224682,4.1399375473943306e-08,0.9999251537370122,0.9999999123575151,0.9999546021475793,5.60279640614594e-09,0.9999251537370122
0.9999996940976636,9.237449576640118e-09,4.599055376537186e-10,5.905303995456778e-10,0.07585817323116975,2.7894680920908113e-10,0.9980732657060567,0.9959298622161507,1.0261879630648829e-10,0.9959298622161507,0.9820137881297458,0.9626731105140616,0.6791786926816161,0.5,2.7535687821746045e-05,0.4378234991142018,0.9859363735766059,3.535625493426631e-05,0.9626731105140616,7.889264466933239e-06,2.940077739198032e-11
0.9999999994788586,0.9999997617630333,0.02297737241894287,0.999999855501979,0.9999832985701905,0.9999999586006244,0.999999814460854,0.0007096703049020563,0.99966464996832,0.9999994956523514,0.9980732657060567,0.9999999943972036,0.9999869928761862,0.9525741264858409,0.9999999804443193,0.9399133496156019,0.9999724643121783,0.8175744850834648,0.6791786926816161,0.9999251537370122,0.9997388096898188
0.9999999999200804,3.3982678079468468e-09,0.9820137881297458,5.905303995456778e-10,0.9980732657060567,0.6791786926816161,0.7310585786300049,0.9706877672877217,0.2689414213699951,0.8175744850834648,0.8175744850834648,0.1824255149165352,0.03732688948593844,0.37754066879814546,0.22270013882530884,7.889264466933239e-06,1.3709578605790399e-06,0.14804719991116141,0.014063626423394072,2.2897348455931243e-11,8.315279285380714e-07
0.9999999997538302,0.9999997617630333,0.9999999973534264,0.9999999995941349,0.9999898700126424,0.9999999943972036,0.9999991684720715,2.9023119851992182e-06,0.9998766053808288,2.9023119851992182e-06,0.9994472214475559,3.9278634073828347e-07,0.9999999895325983,0.9980732657060567,8.315279285380714e-07,0.9706877672877217,6.825603724121505e-08,0.9999993524054335,0.9997965729534201,0.9999986290421394,0.9999970976880148
0.999999999994891,0.9999999994094697,0.9999996072136592,0.999999974890009,0.9999999123575151,6.144177531850823e-06,0.9999999677581336,0.9999991684720715,0.9999999943972036,0.9999993524054335,0.9994472214475559,0.9999999468421502,0.999290329695098,0.9999417087274893,0.9999869928761862,0.9999938558224682,0.9994472214475559,0.9995694429072771,0.9999038976078543,0.6224593312018546,0.4378234991142018
0.0015011819937681247,0.9933071487351834,0.9999999928058669,0.9914225147446858,4.599055376537186e-10,0.9999999468421502,0.9968273169307178,0.9914225147446858,0.9820137881297458,0.9999982396569965,0.9999977396748937,0.6791786926816161,0.99999627336116,0.8807970826714614,2.7894680920908113e-10,1.3176514268359263e-10,0.9999921107355332,0.9999921107355332,7.991959892315218e-11,1.6918979223288786e-10,0.7310585786300049
0.9999999677581336,0.9999991684720715,0.9999938558224682,0.9999898700126424,0.9706877672877217,0.9999999928058669,1.125351754703302e-07,0.9999785550413585,2.3823696679343503e-07,0.9998415637640005,0.6224593312018546,2.3823696679343503e-07,6.825603724121505e-08,0.9980732657060567,0.9980732657060567,6.825603724121505e-08,3.2241866333029355e-08,0.37754066879814546,0.9990889486412498,0.9999998874648245,0.9999997617630333
0.999999998394772,0.01798621187025419,1.0261879630648829e-10,0.0003353500316799018,2.7894680920908113e-10,0.001926734293943221,7.991959892315218e-11,0.0005527785524441057,7.991959892315218e-11,1.0261879630648829e-10,0.9241418267688302,0.999290329695098,0.9997388096898188,0.8807970826714614,0.9525741264858409,0.9859363735766059,4.785094494835719e-06,0.9997388096898188,0.9859363735766059,0.9770226275810572,0.9990889486412498
9.610239214580367e-05,0.9999999317439628,0.9994472214475559,0.9998766053808288,4.847368706035286e-11,0.9914225147446858,0.9706877672877217,0.8175744850834648,0.9947798743644766,0.37754066879814546,2.2897348455931243e-11,0.9706877672877217,0.014063626423394072,0.00857748525531428,0.0031726830692822717,0.00857748525531428,0.0031726830692822717,8.315279285380714e-07,3.978962535821407e-12,2.4133627718273893e-12,0.5621765008857981
0.9980732657060567,0.999999974890009,0.2689414213699951,0.03732688948593844,0.010986941578116867,0.9998415637640005,0.9997965729534201,0.9999996072136592,0.9994472214475559,0.9990889486412498,2.7894680920908113e-10,0.9999970976880148,0.9999832985701905,0.9890130584218833,0.99999627336116,2.9023119851992182e-06,0.9999785550413585,0.9706877672877217,0.9626731105140616,0.997527377056997,3.059023363247549e-07
0.9999994956523514,3.535625493426631e-05,0.9999921107355332,0.9999251537370122,0.9999999956365377,8.315279285380714e-07,8.315279285380714e-07,0.9988304896995872,0.9994472214475559,0.9997388096898188,0.9998766053808288,1.125351754703302e-07,0.9999999317439628,0.9999999677581336,0.9706877672877217,0.9914225147446858,0.9820137881297458,0.9999999586006244,0.9525741264858409,0.9995694429072771,0.8175744850834648
0.9999999966017321,0.5621765008857981,1.6052280526088547e-09,1.2501528648238603e-09,4.599055376537186e-10,0.7772998611746911,0.9999982396569965,0.9999970976880148,0.9999869928761862,0.010986941578116867,2.1724399346070676e-10,0.01798621187025419,2.7894680920908113e-10,1.760343003490802e-06,1.760343003490802e-06,1.760343003490802e-06,0.005220125635523486,6.224144622520382e-11,0.9999898700126424,3.775134544136581e-11,0.9999832985701905
0.9999989322970027,0.9999999999094393,0.9999952149055052,0.9980732657060567,0.9968273169307178,0.9999724643121783,0.9999999956365377,0.9999785550413585,0.9999038976078543,0.9998766053808288,1.955568070542584e-08,1.4449802095675026e-07,0.9999999847700205,0.9914225147446858,0.9626731105140616,0.9997388096898188,0.9046505376715775,0.8175744850834648,0.999290329695098,0.9914225147446858,0.9820137881297458
0.9999999973534264,0.9999997617630333,0.999999999683912,0.99999627336116,0.9999999992417439,0.9999785550413585,0.9999724643121783,3.059023363247549e-07,8.764248496102855e-08,0.9995694429072771,0.9988304896995872,1.955568070542584e-08,1.1861120010657661e-08,0.9999999956365377,4.363462233903899e-09,2.0611536181902033e-09,3.3982678079468468e-09,0.9999999847700205,0.9988304896995872,0.9914225147446858,4.599055376537186e-10
0.9999999943972036,0.9999999998837177,0.9999999995400946,0.9999999994094697,0.9997388096898188,0.9968273169307178,0.9999999979388463,0.9999999123575151,0.9998415637640005,0.9999999966017321,0.9999999847700205,0.9999993524054335,0.997527377056997,0.7310585786300049,3.9278634073828347e-07,0.9999999847700205,0.9999999677581336,0.9999952149055052,5.3157849718487075e-08,0.9046505376715775,0.9999999468421502
0.9999999999954912,0.9999989322970027,0.9999999979388463,0.005220125635523486,0.999290329695098,0.9999970976880148,0.9999999956365377,0.9999952149055052,0.9959298622161507,9.610239214580367e-05,6.144177531850823e-06,0.9999724643121783,1.125351754703302e-07,0.9999832985701905,0.7772998611746911,0.7772998611746911,0.9997388096898188,0.7772998611746911,0.9998415637640005,8.764248496102855e-08,0.09534946232842245
0.9999993524054335,5.905303995456778e-10,1.6918979223288786e-10,7.991959892315218e-11,0.9998415637640005,1.6918979223288786e-10,0.9980732657060567,6.224144622520382e-11,0.9241418267688302,5.043476486929152e-07,1.7832472907828393e-11,0.22270013882530884,8.423463754397692e-12,0.09534946232842245,0.11920291732853862,0.1824255149165352,0.0293122327122782,0.006692851264816553,9.237449576640118e-09,0.0015011819937681247,0.9999546021475793
0.9999999999666846,0.9999999956365377,0.9999999804443193,0.9988304896995872,0.9999997617630333,0.9999994956523514,0.9999998874648245,0.7772998611746911,0.999999814460854,4.1399375473943306e-08,0.9999996072136592,0.9999970976880148,0.0293122327122782,0.9999952149055052,0.9999989322970027,0.02297737241894287,0.9999977396748937,0.9999977396748937,0.9999724643121783,0.9997965729534201,0.99966464996832
0.9999999999572222,0.3208213073183839,0.0015011819937681247,0.9999991684720715,0.99966464996832,1.0129987357628251e-05,0.99999627336116,0.9999982396569965,0.9999970976880148,0.9999646437450657,1.067702997323512e-06,0.9947798743644766,0.9770226275810572,0.9999986290421394,1.125351754703302e-07,0.9999251537370122,0.9994472214475559,0.997527377056997,0.6224593312018546,0.5621765008857981,1.955568070542584e-08
8.764248496102855e-08,0.03732688948593844,1.0261879630648829e-10,1.3176514268359263e-10,0.9999038976078543,0.9999982396569965,0.9998766053808288,7.991959892315218e-11,0.9999038976078543,0.9999898700126424,2.7535687821746045e-05,4.847368706035286e-11,0.9820137881297458,1.067702997323512e-06,2.2603251062511995e-06,4.785094494835719e-06,0.6791786926816161,0.9999646437450657,1.760343003490802e-06,0.6224593312018546,0.9999646437450657
0.999999974890009,0.9999898700126424,0.9999999991407833,0.9999996940976636,1.3007123813725571e-05,0.9999986290421394,1.125351754703302e-07,0.9999989322970027,0.9999999586006244,0.9999998874648245,0.9999999317439628,0.999999855501979,0.9995694429072771,0.997527377056997,0.99966464996832,0.9997965729534201,0.01798621187025419,0.014063626423394072,0.9999977396748937,0.9999938558224682,0.9890130584218833
0.9999999999771028,0.9999999956365377,0.9999999677581336,0.9999646437450657,0.9999998874648245,0.9999646437450657,0.9999997617630333,0.9999996072136592,0.9999999979388463,0.9998415637640005,0.004070137783849419,0.99966464996832,0.9999921107355332,0.00043055709272278825,0.0007096703049020563,0.00020342704657999323,0.00015843623599953396,9.610239214580367e-05,2.7535687821746045e-05,0.9999977396748937,0.9999999907625504
0.8807970826714614,0.9999999987498471,0.9999999995400946,0.9999997617630333,0.9241418267688302,0.999999855501979,0.9999785550413585,3.581747929000289e-10,0.99999627336116,0.006692851264816553,0.9999251537370122,0.002472622943003016,0.001926734293943221,0.9990889486412498,0.9999998874648245,7.991959892315218e-11,0.9890130584218833,7.991959892315218e-11,7.484626298776402e-05,4.785094494835719e-06,0.9999986290421394
5.3157849718487075e-08,0.9859363735766059,2.2603251062511995e-06,0.8807970826714614,0.22270013882530884,0.047425873514159125,5.789356328697135e-12,0.3208213073183839,3.059023363247549e-07,0.01798621187025419,0.004070137783849419,0.004070137783849419,0.02297737241894287,0.014063626423394072,5.789356328697135e-12,0.047425873514159125,3.978962535821407e-12,0.0011695103004128338,2.0611536181902033e-09,0.00043055709272278825,0.0005527785524441057
0.999999999996021,0.9999999956365377,0.002472622943003016,0.00015843623599953396,7.889264466933239e-06,0.9999999123575151,0.9999996072136592,0.9999999928058669,3.9278634073828347e-07,0.9999898700126424,0.999999855501979,0.9990889486412498,3.2241866333029355e-08,0.07585817323116975,0.9988304896995872,0.999290329695098,0.9933071487351834,0.03732688948593844,9.237449576640118e-09,0.9999977396748937,0.99999627336116
0.9999999999771028,0.9999999847700205,0.9990889486412498,0.9820137881297458,0.9999785550413585,0.0002611903101813263,9.610239214580367e-05,1.2501528648238603e-09,0.9859363735766059,5.905303995456778e-10,7.889264466933239e-06,1.3709578605790399e-06,0.010986941578116867,0.5,0.6224593312018546,7.991959892315218e-11,1.067702997323512e-06,5.043476486929152e-07,0.047425873514159125,0.01798621187025419,0.0031726830692822717
1.522997951276035e-08,0.0003353500316799018,0.9959298622161507,6.560200168110742e-12,2.2603251062511995e-06,1.3709578605790399e-06,5.109089028037223e-12,2.3823696679343503e-07,0.8519528000888387,6.475945666070602e-07,0.00043055709272278825,0.0007096703049020563,1.955568070542584e-08,3.978962535821407e-12,2.5109990926928157e-08,0.0002611903101813263,0.6224593312018546,0.37754066879814546,2.4133627718273893e-12,0.02297737241894287,5.60279640614594e-09
0.999999855501979,0.9984988180062319,7.194132978569833e-09,0.99999627336116,7.194132978569833e-09,0.9999999987498471,0.999999998394772,0.9999999956365377,0.99966464996832,0.9999999956365377,0.9241418267688302,0.9997965729534201,0.9997965729534201,0.99999998813888,0.9999999907625504,1.125351754703302e-07,0.9990889486412498,0.9999251537370122,0.9525741264858409,0.9968273169307178,0.9984988180062319
0.9999999973534264,0.9999999996418252,0.9999869928761862,9.237449576640118e-09,0.9999546021475793,4.363462233903899e-09,0.9999251537370122,0.99966464996832,0.9995694429072771,0.2689414213699951,0.9984988180062319,0.997527377056997,0.9999938558224682,0.9999970976880148,0.9999724643121783,0.9947798743644766,0.02297737241894287,0.9626731105140616,0.9999785550413585,4.5397852420729034e-05,1.3176514268359263e-10
0.9626731105140616,0.9525741264858409,0.9999898700126424,0.9999832985701905,0.9999251537370122,0.9999646437450657,0.9999251537370122,1.955568070542584e-08,7.194132978569833e-09,0.999290329695098,0.9999952149055052,0.9525741264858409,0.9980732657060567,0.9947798743644766,7.582560422162384e-10,0.00857748525531428,4.599055376537186e-10,0.9959298622161507,0.9999982396569965,0.8519528000888387,0.9399133496156019
0.9999999999200804,3.7266388399128017e-06,0.9999999973534264,0.9399133496156019,0.9999999907625504,0.9820137881297458,0.9999970976880148,0.9999832985701905,0.9999999804443193,0.9046505376715775,0.9999999123575151,0.9999724643121783,0.9999038976078543,0.9999038976078543,0.6791786926816161,9.237449576640118e-09,0.9998766053808288,0.3208213073183839,0.9997965729534201,1.2501528648238603e-09,2.0611536181902033e-09
0.999999999979793,0.9399133496156019,0.9999999468421502,0.999999855501979,0.9947798743644766,0.9914225147446858,0.9859363735766059,1.0129987357628251e-05,0.9999970976880148,0.9046505376715775,0.6224593312018546,0.7772998611746911,0.6791786926816161,0.9999869928761862,4.785094494835719e-06,0.6224593312018546,2.9023119851992182e-06,3.7266388399128017e-06,0.9999999123575151,2.9023119851992182e-06,8.315279285380714e-07
0.9999998874648245,0.9999999998973812,0.0002611903101813263,0.9999991684720715,0.9999417087274893,0.9999998874648245,0.9999869928761862,0.997527377056997,0.9999993524054335,0.9999999123575151,0.9999999317439628,3.2241866333029355e-08,4.1399375473943306e-08,1.1861120010657661e-08,0.9999921107355332,0.9999869928761862,0.07585817323116975,0.999290329695098,0.9999785550413585,0.9859363735766059,0.9999038976078543
0.9999999943972036,5.60279640614594e-09,3.581747929000289e-10,0.9994472214475559,0.005220125635523486,1.0261879630648829e-10,0.9890130584218833,0.9968273169307178,0.0005527785524441057,0.9959298622161507,0.8807970826714614,0.4378234991142018,0.09534946232842245,2.2897348455931243e-11,0.8807970826714614,0.8175744850834648,1.5737102106615244e-11,0.11920291732853862,0.37754066879814546,0.14804719991116141,5.109089028037223e-12
1.4449802095675026e-07,9.736200303530205e-10,0.9999251537370122,6.224144622520382e-11,0.06008665038439803,6.144177531850823e-06,3.7266388399128017e-06,0.7310585786300049,0.2689414213699951,0.07585817323116975,3.775134544136581e-11,1.6701429809483402e-05,8.764248496102855e-08,7.889264466933239e-06,0.014063626423394072,2.940077739198032e-11,1.125351754703302e-07,0.0011695103004128338,1.3007123813725571e-05,0.002472622943003016,0.005220125635523486
0.9999999973534264,0.9999977396748937,0.9999417087274893,0.9999417087274893,0.9959298622161507,3.581747929000289e-10,0.9933071487351834,0.010986941578116867,0.5,0.9914225147446858,2.7535687821746045e-05,0.8519528000888387,7.991959892315218e-11,0.00015843623599953396,7.05287985061473e-11,0.14804719991116141,0.06008665038439803,0.7310585786300049,0.4378234991142018,0.7310585786300049,0.002472622943003016
6.475945666070602e-07,0.2689414213699951,0.9999546021475793,0.0293122327122782,0.9980732657060567,1.2501528648238603e-09,0.997527377056997,0.9999999586006244,0.00857748525531428,0.00043055709272278825,1.6918979223288786e-10,0.9706877672877217,1.0129987357628251e-05,1.6918979223288786e-10,0.9999998874648245,0.999999814460854,0.9999996940976636,0.9046505376715775,0.9241418267688302,0.9999991684720715,4.847368706035286e-11
0.9999986290421394,0.999999998394772,0.9999999586006244,0.9999999586006244,0.999290329695098,0.9999997617630333,0.9980732657060567,0.0007096703049020563,0.9959298622161507,0.9999898700126424,4.5397852420729034e-05,0.9241418267688302,2.2603251062511995e-06,0.9999724643121783,4.785094494835719e-06,0.4378234991142018,0.3208213073183839,0.22270013882530884,0.1824255149165352,2.2603251062511995e-06,6.475945666070602e-07
0.9997965729534201,0.9046505376715775,0.9999038976078543,0.07585817323116975,0.9980732657060567,0.9998415637640005,0.9999977396748937,0.9859363735766059,0.9999869928761862,0.9999724643121783,0.014063626423394072,0.8807970826714614,0.9820137881297458,0.9890130584218833,5.60279640614594e-09,0.002472622943003016,0.9968273169307178,0.6791786926816161,9.736200303530205e-10,0.9997965729534201,0.9994472214475559
1.0129987357628251e-05,0.9999832985701905,0.9988304896995872,0.9820137881297458,7.582560422162384e-10,0.0011695103004128338,0.0009110513587503459,0.9994472214475559,0.9999997617630333,0.4378234991142018,0.9999993524054335,0.00012339461917113592,0.4378234991142018,0.5621765008857981,0.9999996940976636,1.3176514268359263e-10,0.6791786926816161,1.0261879630648829e-10,1.3176514268359263e-10,0.8175744850834648,0.005220125635523486
0.9999999999934397,0.999999999683912,0.9999999995400946,0.999999974890009,0.9999999317439628,0.9999999928058669,0.9999986290421394,0.9999977396748937,0.999999974890009,0.9046505376715775,0.999999855501979,0.9046505376715775,0.9997965729534201,0.999999814460854,0.14804719991116141,0.9999970976880148,0.9999977396748937,0.03732688948593844,0.9995694429072771,0.004070137783849419,0.999999814460854
2.3823696679343503e-07,0.9999999997210531,0.9999999973534264,0.99999998813888,0.999999974890009,1.6918979223288786e-10,1.0261879630648829e-10,0.9933071487351834,0.9820137881297458,0.9999999123575151,0.0015011819937681247,0.8519528000888387,0.9999997617630333,0.9241418267688302,6.224144622520382e-11,0.00020342704657999323,0.9046505376715775,0.7310585786300049,0.8519528000888387,0.9525741264858409,1.6701429809483402e-05
0.9999999999377585,0.9999999999515263,1.125351754703302e-07,0.9995694429072771,0.997527377056997,0.9988304896995872,0.997527377056997,0.9999970976880148,0.999999974890009,1.1861120010657661e-08,0.999999974890009,1.955568070542584e-08,7.194132978569833e-09,0.9999417087274893,0.9999251537370122,0.9999038976078543,0.99966464996832,0.9999996072136592,0.5621765008857981,0.5,2.0611536181902033e-09
0.9999999999572222,0.9999999994094697,0.9999999997538302,4.363462233903899e-09,0.9999999994094697,9.736200303530205e-10,0.9999996072136592,2.1724399346070676e-10,0.9997965729534201,1.3176514268359263e-10,0.9999999907625504,0.999999974890009,0.9999989322970027,0.999999974890009,0.9999989322970027,6.224144622520382e-11,0.999999974890009,0.9998415637640005,0.999290329695098,0.0293122327122782,0.999999814460854
0.9999997617630333,0.9999999943972036,0.999999974890009,0.9999999973534264,0.9999999943972036,0.99999627336116,1.4449802095675026e-07,0.9999997617630333,6.475945666070602e-07,0.9890130584218833,2.3823696679343503e-07,0.9241418267688302,0.9999970976880148,0.9999952149055052,6.825603724121505e-08,0.9999996940976636,0.047425873514159125,0.9999996072136592,0.9994472214475559,0.9999546021475793,9.237449576640118e-09
0.9999999847700205,0.999999974890009,9.237449576640118e-09,0.5621765008857981,0.9999994956523514,0.99999627336116,0.9999999123575151,0.999999814460854,0.9999251537370122,0.8807970826714614,0.9999991684720715,0.14804719991116141,0.14804719991116141,0.14804719991116141,4.363462233903899e-09,7.582560422162384e-10,0.9947798743644766,1.2501528648238603e-09,0.02297737241894287,0.9999977396748937,0.0015011819937681247
0.9999546021475793,0.9947798743644766,0.9241418267688302,0.9999546021475793,4.363462233903899e-09,0.7772998611746911,1.1861120010657661e-08,0.9999997617630333,0.9859363735766059,0.9770226275810572,9.736200303530205e-10,0.0031726830692822717,0.37754066879814546,0.7310585786300049,2.7894680920908113e-10,0.00015843623599953396,0.0002611903101813263,0.00020342704657999323,0.0002611903101813263,0.6791786926816161,0.5
0.9999999943972036,0.9890130584218833,0.9999038976078543,5.043476486929152e-07,6.560200168110742e-12,0.9914225147446858,1.4449802095675026e-07,0.11920291732853862,0.9890130584218833,8.764248496102855e-08,1.955568070542584e-08,9.237449576640118e-09,2.734698291584396e-12,7.194132978569833e-09,2.4133627718273893e-12,5.60279640614594e-09,3.3982678079468468e-09,0.7310585786300049,2.0611536181902033e-09,3.3982678079468468e-09,0.3208213073183839
0.9999999985833912,1.4449802095675026e-07,0.9999999468421502,0.9998415637640005,0.9988304896995872,0.004070137783849419,0.9999724643121783,0.9980732657060567,0.00020342704657999323,0.9046505376715775,4.599055376537186e-10,0.9399133496156019,2.7894680920908113e-10,0.9770226275810572,0.9706877672877217,0.9980732657060567,0.9988304896995872,1.067702997323512e-06,1.6918979223288786e-10,0.9525741264858409,0.3208213073183839
0.999999999979793,0.9999999999740539,0.9999982396569965,0.999999998394772,3.9278634073828347e-07,0.9999999990263799,1.8553914607279396e-07,0.999999998394772,0.9999952149055052,0.9999999966017321,0.9999996072136592,6.825603724121505e-08,0.999290329695098,0.9999999928058669,0.999999974890009,0.9999999586006244,0.9999996072136592,0.9999999317439628,0.9980732657060567,0.9626731105140616,7.582560422162384e-10
0.999999855501979,0.9999832985701905,0.9997965729534201,0.9994472214475559,0.9988304896995872,0.9995694429072771,7.194132978569833e-09,7.194132978569833e-09,0.9999993524054335,0.5621765008857981,0.9999952149055052,0.9859363735766059,0.06008665038439803,0.07585817323116975,0.9933071487351834,5.905303995456778e-10,0.01798621187025419,0.9999989322970027,9.736200303530205e-10,5.905303995456778e-10,0.8807970826714614
0.9999991684720715,4.363462233903899e-09,0.4378234991142018,7.582560422162384e-10,0.9968273169307178,5.905303995456778e-10,4.599055376537186e-10,0.9859363735766059,0.1824255149165352,0.8807970826714614,0.37754066879814546,0.0031726830692822717,0.001926734293943221,0.6791786926816161,0.0015011819937681247,0.00857748525531428,0.9525741264858409,0.06008665038439803,0.07585817323116975,0.1824255149165352,2.7894680920908113e-10
0.9990889486412498,3.775134544136581e-11,1.0815941557168708e-11,6.560200168110742e-12,5.109089028037223e-12,0.8519528000888387,1.125351754703302e-07,0.8807970826714614,1.4637785141237664e-12,2.3823696679343503e-07,5.3157849718487075e-08,0.0005527785524441057,0.001926734293943221,0.0007096703049020563,9.237449576640118e-09,0.0002611903101813263,1.1861120010657661e-08,7.83504178505825e-13,0.0003353500316799018,4.1937956583777856e-13,4.1937956583777856e-13
0.9999999943972036,0.9999999677581336,0.9999977396748937,0.9999938558224682,0.9999997617630333,0.9999998874648245,0.9999982396569965,0.9998415637640005,0.9999996940976636,0.9990889486412498,0.9959298622161507,0.99999627336116,0.9999970976880148,3.581747929000289e-10,0.9046505376715775,0.9999938558224682,0.9399133496156019,1.6918979223288786e-10,0.8519528000888387,1.0261879630648829e-10,0.9998415637640005
2.1444958641491428e-05,9.237449576640118e-09,0.8519528000888387,0.8175744850834648,0.9999251537370122,0.9399133496156019,0.9994472214475559,0.9999993524054335,0.9999546021475793,0.2689414213699951,2.7894680920908113e-10,9.736200303530205e-10,0.9988304896995872,1.6918979223288786e-10,0.004070137783849419,0.9914225147446858,4.847368706035286e-11,1.3176514268359263e-10,0.0011695103004128338,0.00043055709272278825,0.9770226275810572
0.9999999966017321,0.9999999956365377,0.9999999123575151,0.999290329695098,0.9968273169307178,0.00012339461917113592,2.7535687821746045e-05,0.9999970976880148,0.8519528000888387,0.9999898700126424,3.059023363247549e-07,0.9999646437450657,0.07585817323116975,1.5737102106615244e-11,0.9999417087274893,0.014063626423394072,0.9999646437450657,0.01798621187025419,7.194132978569833e-09,0.0009110513587503459,1.522997951276035e-08
0.002472622943003016,0.9859363735766059,0.9999999677581336,0.5,0.9999997617630333,0.0293122327122782,0.004070137783849419,5.905303995456778e-10,0.00857748525531428,0.9999832985701905,0.00015843623599953396,0.06008665038439803,1.3176514268359263e-10,0.9999546021475793,1.6918979223288786e-10,0.0293122327122782,0.00020342704657999323,0.0293122327122782,0.9999832985701905,9.610239214580367e-05,0.9999417087274893
0.999999998394772,0.9999991684720715,0.9999724643121783,0.9999832985701905,2.646573631904765e-09,0.0015011819937681247,4.363462233903899e-09,0.9984988180062319,0.99966464996832,0.9890130584218833,2.1444958641491428e-05,9.736200303530205e-10,7.582560422162384e-10,3.7266388399128017e-06,2.0611536181902033e-09,0.7772998611746911,0.9999986290421394,1.6918979223288786e-10,0.3208213073183839,1.067702997323512e-06,0.9820137881297458
0.999290329695098,0.9998766053808288,0.9859363735766059,0.9399133496156019,2.7535687821746045e-05,0.7310585786300049,0.7772998611746911,2.2897348455931243e-11,0.2689414213699951,0.37754066879814546,1.2256067443949272e-11,0.07585817323116975,0.07585817323116975,0.004070137783849419,1.0815941557168708e-11,0.0293122327122782,0.010986941578116867,5.109089028037223e-12,0.010986941578116867,7.433680672296929e-12,5.109089028037223e-12
0.9999999999705993,0.0007096703049020563,1.0129987357628251e-05,0.9999999995941349,6.475945666070602e-07,0.9525741264858409,1.125351754703302e-07,0.9999999943972036,0.9999999586006244,0.7772998611746911,0.999999855501979,0.5,7.194132978569833e-09,0.02297737241894287,7.194132978569833e-09,9.237449576640118e-09,0.9999989322970027,7.194132978569833e-09,0.9999646437450657,0.9999989322970027,0.9999724643121783
0.9999999468421502,0.9990889486412498,0.9770226275810572,3.775134544136581e-11,1.8553914607279396e-07,2.2897348455931243e-11,0.6791786926816161,0.2689414213699951,2.2897348455931243e-11,0.5,0.010986941578116867,0.010986941578116867,0.0031726830692822717,0.005220125635523486,0.006692851264816553,0.014063626423394072,1.7832472907828393e-11,0.014063626423394072,0.010986941578116867,0.001926734293943221,0.001926734293943221
0.9999999956365377,0.9999999990263799,0.9999999907625504,0.9990889486412498,0.9980732657060567,0.9999999317439628,0.9770226275810572,1.1861120010657661e-08,0.9999991684720715,0.9241418267688302,7.194132978569833e-09,0.9999982396569965,0.0031726830692822717,0.2689414213699951,0.8175744850834648,1.522997951276035e-08,0.02297737241894287,0.7772998611746911,0.0293122327122782,0.9999724643121783,0.00012339461917113592
0.9999999943972036,0.999290329695098,1.6052280526088547e-09,0.9999999847700205,0.9959298622161507,0.9999999943972036,0.9859363735766059,4.599055376537186e-10,0.9626731105140616,0.9999938558224682,0.9999869928761862,0.9999997617630333,0.9999251537370122,0.9999989322970027,1.6918979223288786e-10,2.7894680920908113e-10,0.9997965729534201,0.9995694429072771,0.005220125635523486,0.9998766053808288,1.6918979223288786e-10
0.9999999999821676,0.9999996072136592,0.9999999995400946,0.9999999966017321,0.99999998813888,0.9999999907625504,1.6052280526088547e-09,0.9999417087274893,0.999999814460854,0.9999998874648245,0.9995694429072771,0.9999996940976636,0.999999814460854,0.999999814460854,0.9999938558224682,0.9999996940976636,0.9999996940976636,0.9999251537370122,0.9998766053808288,0.9999832985701905,1.0261879630648829e-10
0.9999999999771028,0.9999785550413585,0.9999999847700205,0.9997388096898188,0.9999996940976636,2.1724399346070676e-10,0.9999999804443193,0.9999921107355332,0.9999921107355332,0.9046505376715775,0.9997965729534201,1.3176514268359263e-10,1.6918979223288786e-10,0.9999999123575151,0.9994472214475559,0.99966464996832,0.9995694429072771,0.3208213073183839,0.09534946232842245,0.22270013882530884,0.2689414213699951
0.9999999966017321,0.9999989322970027,0.9999869928761862,0.999999974890009,0.9999999985833912,0.9999997617630333,0.9999999943972036,3.7266388399128017e-06,0.9914225147446858,0.9999646437450657,3.059023363247549e-07,0.9241418267688302,0.9999997617630333,0.9999996072136592,0.9999038976078543,0.5,5.3157849718487075e-08,0.999999855501979,0.99966464996832,0.9999977396748937,0.3208213073183839
0.9999646437450657,0.9999938558224682,0.999290329695098,0.00043055709272278825,2.7894680920908113e-10,0.0003353500316799018,0.00043055709272278825,0.8519528000888387,0.7772998611746911,7.889264466933239e-06,0.8175744850834648,0.7310585786300049,2.2603251062511995e-06,0.07585817323116975,6.475945666070602e-07,1.067702997323512e-06,0.1824255149165352,0.37754066879814546,0.7310585786300049,0.4378234991142018,0.03732688948593844
0.9999999995400946,0.9999999999572222,6.825603724121505e-08,0.9999999943972036,0.99999627336116,0.9999999677581336,5.60279640614594e-09,4.363462233903899e-09,0.9998766053808288,0.9999996940976636,0.9999993524054335,0.9999998874648245,0.9999986290421394,0.9859363735766059,4.599055376537186e-10,0.9999646437450657,0.9999546021475793,0.9999998874648245,0.999999855501979,0.9999646437450657,0.9999869928761862
0.9999999847700205,0.6224593312018546,0.9999999966017321,0.0009110513587503459,0.9999999847700205,0.9997388096898188,0.99966464996832,0.9999994956523514,0.9999999992417439,0.0003353500316799018,0.9999986290421394,0.9984988180062319,0.9999999956365377,0.99999627336116,0.9999999943972036,0.9999970976880148,0.997527377056997,0.9999977396748937,0.9999999973534264,0.9525741264858409,0.9999417087274893
0.9999999998308102,0.9999999991407833,0.0009110513587503459,0.9999996940976636,1.760343003490802e-06,0.9999646437450657,0.9999999468421502,0.999999814460854,0.9999999123575151,6.825603724121505e-08,1.4449802095675026e-07,0.9999997617630333,0.9999986290421394,0.9999993524054335,0.9999970976880148,0.9994472214475559,5.60279640614594e-09,0.9984988180062319,0.9999869928761862,0.5,0.9890130584218833
0.999999999990455,0.9999999999200804,0.9999999994094697,0.999999855501979,0.9999993524054335,0.9999991684720715,0.9999994956523514,1.522997951276035e-08,0.9933071487351834,0.9999989322970027,0.7772998611746911,5.60279640614594e-09,0.99999627336116,0.9999952149055052,0.9999417087274893,0.3208213073183839,0.2689414213699951,0.9999546021475793,0.9999785550413585,0.9999417087274893,0.999290329695098
0.999999999782756,0.9997965729534201,4.1399375473943306e-08,0.8519528000888387,0.9997965729534201,2.5109990926928157e-08,4.1399375473943306e-08,0.99966464996832,0.047425873514159125,0.9990889486412498,0.9988304896995872,0.9999952149055052,3.3982678079468468e-09,0.9933071487351834,0.9999921107355332,0.00043055709272278825,5.905303995456778e-10,0.9706877672877217,0.9706877672877217,2.1444958641491428e-05,0.9046505376715775
0.9999999990263799,0.014063626423394072,0.9999999994788586,0.9999994956523514,0.9999999987498471,0.9999996072136592,0.99999627336116,1.522997951276035e-08,1.1861120010657661e-08,0.9999999847700205,0.9999952149055052,0.9999999586006244,0.9999038976078543,0.9999417087274893,1.2501528648238603e-09,0.9999999847700205,0.9999999907625504,0.9859363735766059,0.999999855501979,2.0611536181902033e-09,0.9999999586006244
7.194132978569833e-09,0.99999627336116,6.825603724121505e-08,0.0009110513587503459,5.109089028037223e-12,5.109089028037223e-12,3.978962535821407e-12,0.9525741264858409,0.2689414213699951,3.5114221133641816e-12,0.37754066879814546,2.1724399346070676e-10,1.6918979223288786e-10,4.5397852420729034e-05,7.484626298776402e-05,0.3208213073183839,0.3208213073183839,0.09534946232842245,2.7894680920908113e-10,0.09534946232842245,6.475945666070602e-07
0.9999999999705993,0.9999999123575151,0.9999999586006244,0.9999982396569965,0.9999999123575151,1.6701429809483402e-05,0.9999996072136592,0.9999993524054335,1.3007123813725571e-05,2.2603251062511995e-06,0.9999982396569965,0.9999989322970027,0.9999938558224682,0.9999952149055052,0.9999989322970027,0.9999996072136592,0.9999993524054335,0.9999785550413585,6.825603724121505e-08,0.9999546021475793,0.9994472214475559
0.9999999999377585,0.999999855501979,0.9999999907625504,0.9999785550413585,2.5109990926928157e-08,0.9999724643121783,3.2241866333029355e-08,4.1399375473943306e-08,0.9999417087274893,1.522997951276035e-08,5.60279640614594e-09,4.363462233903899e-09,0.9999993524054335,0.9999991684720715,0.9999952149055052,0.9999999468421502,0.99999627336116,0.9999970976880148,0.9999898700126424,0.9999977396748937,0.9999832985701905
0.999999999986112,3.2241866333029355e-08,0.999999998394772,0.9999999966017321,0.9999921107355332,0.7772998611746911,0.9999952149055052,0.9999869928761862,9.736200303530205e-10,0.9990889486412498,0.9999994956523514,0.9999993524054335,0.11920291732853862,1.3176514268359263e-10,1.6918979223288786e-10,1.6918979223288786e-10,0.99999627336116,0.9999938558224682,0.7310585786300049,0.6224593312018546,0.00012339461917113592
1.6701429809483402e-05,0.9999999995400946,0.9999986290421394,0.9984988180062319,0.9947798743644766,0.9046505376715775,5.905303995456778e-10,0.8519528000888387,0.9999251537370122,0.010986941578116867,7.991959892315218e-11,0.005220125635523486,0.6791786926816161,3.3315445420554206e-11,1.3709578605790399e-06,0.0293122327122782,3.7266388399128017e-06,0.9998415637640005,4.277787868786004e-11,6.224144622520382e-11,0.01798621187025419
0.9999999999622486,0.99999998813888,0.99999998813888,0.11920291732853862,0.9525741264858409,0.14804719991116141,0.9999251537370122,0.5,0.0005527785524441057,0.00020342704657999323,7.05287985061473e-11,1.0261879630648829e-10,0.9999724643121783,0.0011695103004128338,0.0007096703049020563,2.2603251062511995e-06,0.9999832985701905,0.8175744850834648,0.0002611903101813263,0.8807970826714614,3.7266388399128017e-06
0.9999999847700205,0.6224593312018546,0.9999999468421502,0.9999999804443193,3.535625493426631e-05,0.9999999586006244,9.610239214580367e-05,0.9999952149055052,0.999999974890009,0.9999869928761862,0.9999869928761862,0.9999724643121783,3.9278634073828347e-07,0.9999998874648245,8.315279285380714e-07,0.9999417087274893,0.9999251537370122,0.9984988180062319,0.9998415637640005,3.059023363247549e-07,0.9890130584218833
0.9999999998973812,0.5,0.9997965729534201,0.0031726830692822717,0.999999855501979,0.00020342704657999323,0.9933071487351834,0.00015843623599953396,2.7894680920908113e-10,0.9399133496156019,0.8807970826714614,0.6791786926816161,8.315279285380714e-07,0.11920291732853862,0.6224593312018546,0.9999898700126424,2.940077739198032e-11,1.8553914607279396e-07,1.7832472907828393e-11,4.1399375473943306e-08,2.5109990926928157e-08
0.9999999998082829,0.9999999998837177,2.5109990926928157e-08,0.9999994956523514,4.1399375473943306e-08,0.999999974890009,0.9999999586006244,0.9999938558224682,1.955568070542584e-08,0.9999986290421394,0.9999986290421394,0.9999982396569965,9.237449576640118e-09,0.999290329695098,0.9994472214475559,0.9968273169307178,0.9933071487351834,0.9984988180062319,1.6052280526088547e-09,3.3982678079468468e-09,3.3982678079468468e-09
0.999999998394772,0.9999999956365377,0.9999999966017321,0.004070137783849419,5.8291272510566984e-05,0.9947798743644766,0.9984988180062319,0.9999996940976636,0.997527377056997,0.99999627336116,7.484626298776402e-05,0.9999977396748937,0.99999627336116,0.9999996072136592,0.9999996072136592,0.5,0.999999814460854,2.7535687821746045e-05,0.9998766053808288,0.9999646437450657,0.09534946232842245
0.9999417087274893,0.9999970976880148,0.9997965729534201,0.9999999847700205,0.9999999804443193,4.363462233903899e-09,0.99966464996832,0.9999251537370122,9.237449576640118e-09,0.9984988180062319,0.999999814460854,0.9988304896995872,0.9914225147446858,0.9914225147446858,0.999999855501979,0.9626731105140616,0.0031726830692822717,0.9626731105140616,0.9399133496156019,0.00043055709272278825,0.7310585786300049
0.9999832985701905,0.9999999123575151,0.9999999992417439,0.9999989322970027,0.999999974890009,9.237449576640118e-09,0.9999999677581336,0.999999855501979,7.582560422162384e-10,0.9999999586006244,0.9999417087274893,0.9999982396569965,0.9999996940976636,2.7894680920908113e-10,9.736200303530205e-10,0.9999996940976636,0.9999417087274893,0.9399133496156019,1.6918979223288786e-10,0.9999989322970027,0.8175744850834648
0.9999999999821676,0.9999999999572222,0.99999627336116,0.006692851264816553,0.9999999990263799,0.0003353500316799018,0.9999999804443193,3.535625493426631e-05,0.9999999987498471,0.9999999987498471,0.9999982396569965,0.9999999973534264,0.9999998874648245,0.9998766053808288,0.9999869928761862,0.9999991684720715,1.760343003490802e-06,2.9023119851992182e-06,3.9278634073828347e-07,0.9999546021475793,1.8553914607279396e-07
0.9999999998082829,0.9999999981810384,0.9999646437450657,0.0007096703049020563,0.9999646437450657,0.9999996072136592,0.9999994956523514,0.9999417087274893,8.315279285380714e-07,0.9998766053808288,6.475945666070602e-07,0.9706877672877217,0.9999997617630333,0.9999989322970027,0.9998415637640005,1.125351754703302e-07,0.22270013882530884,0.2689414213699951,0.9999997617630333,0.9999986290421394,2.5109990926928157e-08
0.9999999966017321,9.736200303530205e-10,0.9999991684720715,0.9999989322970027,0.9933071487351834,0.9999938558224682,0.9999869928761862,0.9626731105140616,0.8519528000888387,3.535625493426631e-05,0.01798621187025419,1.3176514268359263e-10,0.999290329695098,0.9959298622161507,0.002472622943003016,0.004070137783849419,3.059023363247549e-07,0.0011695103004128338,2.3823696679343503e-07,0.9980732657060567,0.006692851264816553
0.9999999317439628,1.1861120010657661e-08,0.999999974890009,0.9999869928761862,0.9998766053808288,0.9999417087274893,0.9995694429072771,0.9820137881297458,2.1444958641491428e-05,0.997527377056997,6.144177531850823e-06,2.7894680920908113e-10,0.999290329695098,0.7772998611746911,0.9999038976078543,1.760343003490802e-06,1.067702997323512e-06,2.1724399346070676e-10,1.3176514268359263e-10,1.0261879630648829e-10,6.825603724121505e-08
0.9999999317439628,0.9999996940976636,0.9525741264858409,0.99966464996832,0.5621765008857981,0.999999855501979,1.125351754703302e-07,0.01798621187025419,0.9988304896995872,0.002472622943003016,1.522997951276035e-08,5.3157849718487075e-08,0.9626731105140616,3.2241866333029355e-08,0.9947798743644766,0.9706877672877217,0.9984988180062319,0.7310585786300049,1.0129987357628251e-05,0.6791786926816161,0.8175744850834648
0.9999999999622486,0.9999999317439628,1.8553914607279396e-07,0.9999038976078543,0.9999898700126424,0.9999999956365377,0.9770226275810572,0.999290329695098,0.4378234991142018,1.760343003490802e-06,6.475945666070602e-07,0.8175744850834648,0.9947798743644766,0.8519528000888387,0.6224593312018546,0.9999999586006244,1.522997951276035e-08,0.9999999468421502,0.9999999468421502,0.06008665038439803,0.9999997617630333
0.999999999989184,0.9999999996418252,0.9998415637640005,0.999999974890009,0.9984988180062319,1.0815941557168708e-11,0.9999999317439628,0.9999970976880148,0.9770226275810572,8.423463754397692e-12,0.9999997617630333,2.734698291584396e-12,0.9999938558224682,0.9999921107355332,0.9999546021475793,0.9999869928761862,1.0815941557168708e-11,1.5737102106615244e-11,0.0002611903101813263,0.00012339461917113592,0.9998766053808288
0.9998766053808288,0.9994472214475559,0.9706877672877217,1.0261879630648829e-10,0.6224593312018546,0.6791786926816161,7.991959892315218e-11,0.2689414213699951,3.7266388399128017e-06,8.315279285380714e-07,0.9999646437450657,0.9999417087274893,0.0002611903101813263,0.9999785550413585,2.2897348455931243e-11,0.0011695103004128338,0.00043055709272278825,0.0003353500316799018,0.9999546021475793,0.0009110513587503459,7.484626298776402e-05
0.9999999999200804,0.9999999999294713,1.1861120010657661e-08,0.9999999973534264,0.9999996072136592,0.9999993524054335,0.9999982396569965,0.9999999943972036,0.9999970976880148,0.9999999804443193,0.9999417087274893,0.9998766053808288,0.9914225147446858,0.9994472214475559,0.9626731105140616,2.1724399346070676e-10,0.997527377056997,0.6224593312018546,0.6224593312018546,0.9968273169307178,0.9947798743644766
0.9999999999842628,0.9999999998308102,0.9999999995400946,0.999999974890009,0.9999999123575151,0.9999999468421502,0.999999814460854,0.9999999956365377,0.9999970976880148,4.363462233903899e-09,0.9990889486412498,0.9999986290421394,0.9990889486412498,0.9999999317439628,0.9999999468421502,0.9890130584218833,2.0611536181902033e-09,0.9706877672877217,1.6052280526088547e-09,7.582560422162384e-10,0.9999999317439628
0.9999999991407833,0.9999999988967441,0.9999999995400946,0.9999999995941349,0.9999999468421502,0.9999999123575151,0.9999952149055052,0.0007096703049020563,0.00015843623599953396,0.9999999928058669,0.9999999943972036,0.9999952149055052,0.9999970976880148,0.99999998813888,1.0129987357628251e-05,0.9999938558224682,0.999999974890009,0.9999869928761862,0.9997388096898188,1.067702997323512e-06,0.9999998874648245
0.999999999986112,0.9999999999572222,0.99999998813888,0.010986941578116867,0.9999999847700205,0.9999546021475793,0.9997388096898188,0.9999999123575151,4.5397852420729034e-05,0.997527377056997,0.9947798743644766,0.999999855501979,0.9999997617630333,0.9999993524054335,0.9999993524054335,0.99999998813888,0.9999724643121783,0.9999999677581336,0.9999999677581336,0.22270013882530884,0.9997965729534201
0.9999999123575151,0.9968273169307178,0.9525741264858409,0.9959298622161507,0.6224593312018546,0.9241418267688302,8.315279285380714e-07,1.8553914607279396e-07,3.9278634073828347e-07,0.047425873514159125,0.0031726830692822717,1.7832472907828393e-11,1.7832472907828393e-11,1.3887943864771146e-11,0.0031726830692822717,4.847368706035286e-11,0.001926734293943221,3.775134544136581e-11,3.775134544136581e-11,3.775134544136581e-11,3.2241866333029355e-08
0.9999999317439628,0.9999999996418252,0.9999999985833912,0.9999986290421394,0.9999999943972036,0.99999998813888,0.9999785550413585,1.8553914607279396e-07,6.825603724121505e-08,0.999999814460854,0.9999999966017321,0.9999999468421502,0.9999921107355332,0.99999627336116,0.9999999847700205,0.9999997617630333,0.9999999943972036,5.60279640614594e-09,0.9999999317439628,0.9999999123575151,1.2501528648238603e-09
0.9999999999200804,0.999999999782756,0.9999977396748937,0.9999999979388463,0.9999999966017321,1.2501528648238603e-09,2.0611536181902033e-09,0.999999814460854,0.999999814460854,0.999999814460854,0.9999999123575151,0.9999991684720715,0.9999994956523514,0.9999996940976636,0.9999989322970027,0.9999991684720715,0.9999994956523514,0.9999996072136592,2.7894680920908113e-10,0.9999982396569965,0.9999832985701905
0.9999999999377585,0.9999999979388463,0.9999999998082829,0.9999999468421502,0.999999855501979,0.9999996940976636,0.9999999973534264,9.736200303530205e-10,0.9999952149055052,2.7894680920908113e-10,0.9999999677581336,0.9999999677581336,0.5621765008857981,0.9999999847700205,7.582560422162384e-10,0.9999546021475793,0.9999999847700205,0.9999999804443193,0.9999546021475793,4.599055376537186e-10,0.9998766053808288
0.999999999986112,0.9999999987498471,0.99999998813888,0.00043055709272278825,1.760343003490802e-06,0.9998766053808288,1.760343003490802e-06,0.999999855501979,0.9999989322970027,0.9999999468421502,0.9999999317439628,0.9999646437450657,0.7772998611746911,0.9999785550413585,0.9999546021475793,0.22270013882530884,0.99966464996832,0.9999417087274893,0.9947798743644766,0.9980732657060567,0.9999989322970027
0.9999999677581336,0.9990889486412498,4.5397852420729034e-05,1.3887943864771146e-11,0.8807970826714614,0.8175744850834648,6.144177531850823e-06,0.22270013882530884,8.315279285380714e-07,0.0293122327122782,0.01798621187025419,0.0293122327122782,0.0007096703049020563,0.004070137783849419,2.129785170951249e-12,1.955568070542584e-08,0.1824255149165352,0.005220125635523486,0.004070137783849419,0.0031726830692822717,0.0031726830692822717
0.9999999999964886,0.9999999997210531,0.9999999468421502,0.9999251537370122,0.9999997617630333,5.043476486929152e-07,3.9278634073828347e-07,0.9968273169307178,0.9890130584218833,2.9023119851992182e-06,0.9525741264858409,0.9399133496156019,0.9999991684720715,0.2689414213699951,0.9999982396569965,4.1399375473943306e-08,0.9999982396569965,1.522997951276035e-08,0.997527377056997,0.002472622943003016,0.9959298622161507
0.999999974890009,0.9999999999515263,0.9999999317439628,0.9525741264858409,0.9999999943972036,0.8807970826714614,0.9999999847700205,0.9999038976078543,0.999999814460854,0.2689414213699951,0.9999994956523514,0.02297737241894287,0.006692851264816553,0.9995694429072771,0.010986941578116867,4.599055376537186e-10,0.9995694429072771,0.99966464996832,0.0011695103004128338,0.9999251537370122,1.6918979223288786e-10
0.99999998813888,1.6918979223288786e-10,0.9994472214475559,0.9994472214475559,0.9914225147446858,0.005220125635523486,0.9626731105140616,2.7894680920908113e-10,0.0015011819937681247,0.8519528000888387,0.00012339461917113592,0.03732688948593844,0.11920291732853862,0.047425873514159125,0.00015843623599953396,0.07585817323116975,0.07585817323116975,1.6701429809483402e-05,0.1824255149165352,0.002472622943003016,6.144177531850823e-06
0.9999999999572222,0.9999998874648245,0.9999991684720715,4.363462233903899e-09,0.14804719991116141,0.99999627336116,0.9890130584218833,0.997527377056997,0.9999251537370122,0.0003353500316799018,1.0261879630648829e-10,0.9990889486412498,0.9990889486412498,0.5621765008857981,0.6791786926816161,0.4378234991142018,1.6918979223288786e-10,3.7266388399128017e-06,0.06008665038439803,1.760343003490802e-06,3.7266388399128017e-06
0.999999999683912,0.9999999997210531,0.9999986290421394,0.9999724643121783,0.9999251537370122,0.9997965729534201,0.9994472214475559,0.9999921107355332,0.006692851264816553,0.9999724643121783,0.00012339461917113592,0.0003353500316799018,0.9999724643121783,0.8519528000888387,1.0129987357628251e-05,1.6918979223288786e-10,0.9999038976078543,0.7310585786300049,2.9023119851992182e-06,4.847368706035286e-11,0.03732688948593844
0.999999999782756,0.9770226275810572,0.9999982396569965,0.2689414213699951,0.9998766053808288,3.3982678079468468e-09,0.11920291732853862,0.014063626423394072,2.1724399346070676e-10,2.7894680920908113e-10,0.9859363735766059,0.99966464996832,3.581747929000289e-10,0.00012339461917113592,0.9968273169307178,0.9999986290421394,0.00015843623599953396,0.9999970976880148,4.5397852420729034e-05,0.99999627336116,4.785094494835719e-06
0.9999999973534264,0.999999999989184,0.005220125635523486,0.9999999998082829,0.9999999677581336,0.9820137881297458,5.3157849718487075e-08,1.4449802095675026e-07,5.043476486929152e-07,1.4449802095675026e-07,6.825603724121505e-08,0.9999938558224682,0.7310585786300049,2.3823696679343503e-07,0.9999999677581336,0.9999724643121783,0.9999646437450657,0.9999785550413585,0.001926734293943221,0.9999998874648245,0.9999998874648245
0.9999999847700205,0.9999999123575151,0.9999982396569965,0.9999986290421394,0.9968273169307178,2.1444958641491428e-05,0.9968273169307178,0.999999998394772,0.999999998394772,0.99966464996832,0.99966464996832,0.9998415637640005,0.997527377056997,0.9990889486412498,0.997527377056997,0.999290329695098,0.9984988180062319,0.9947798743644766,0.9968273169307178,0.9859363735766059,0.9999999847700205
3.2241866333029355e-08,0.9999938558224682,0.9046505376715775,0.8807970826714614,0.9988304896995872,0.0005527785524441057,0.37754066879814546,0.0003353500316799018,0.9626731105140616,0.3208213073183839,4.847368706035286e-11,1.3007123813725571e-05,0.6791786926816161,0.2689414213699951,3.7266388399128017e-06,0.01798621187025419,0.22270013882530884,1.5737102106615244e-11,0.00043055709272278825,0.14804719991116141,0.2689414213699951
0.9999869928761862,2.646573631904765e-09,0.9999417087274893,7.991959892315218e-11,0.0011695103004128338,0.9988304896995872,0.9914225147446858,0.9968273169307178,1.7832472907828393e-11,0.9241418267688302,0.8807970826714614,1.3887943864771146e-11,0.6224593312018546,1.0815941557168708e-11,2.9023119851992182e-06,0.22270013882530884,0.7772998611746911,8.423463754397692e-12,6.560200168110742e-12,8.423463754397692e-12,3.059023363247549e-07
0.9999999123575151,0.9999952149055052,0.5,0.9959298622161507,0.03732688948593844,1.6918979223288786e-10,0.006692851264816553,0.9999921107355332,0.9999417087274893,3.775134544136581e-11,0.0003353500316799018,0.0015011819937681247,0.4378234991142018,0.0007096703049020563,0.9997388096898188,0.9998766053808288,0.0005527785524441057,0.5,7.433680672296929e-12,3.059023363247549e-07,0.047425873514159125
0.9999999999572222,0.00043055709272278825,0.9999977396748937,0.9999999990263799,0.999999998394772,0.999999998394772,0.9999999966017321,0.9999999928058669,1.6052280526088547e-09,5.60279640614594e-09,0.9968273169307178,0.9999982396569965,0.9999869928761862,0.9999999317439628,0.9820137881297458,0.9999785550413585,0.8519528000888387,0.9999546021475793,0.9997965729534201,0.7772998611746911,0.9999785550413585
0.00857748525531428,0.9999999677581336,1.2501528648238603e-09,0.9999417087274893,0.9999999907625504,0.7310585786300049,1.1861120010657661e-08,9.237449576640118e-09,1.6052280526088547e-09,9.736200303530205e-10,0.7772998611746911,0.07585817323116975,0.22270013882530884,0.9399133496156019,0.9999996072136592,0.7772998611746911,0.010986941578116867,1.2501528648238603e-09,0.9999996072136592,0.9820137881297458,0.002472622943003016
0.9999999999294713,0.9990889486412498,3.2241866333029355e-08,0.9999999123575151,0.9999999123575151,1.522997951276035e-08,9.237449576640118e-09,4.363462233903899e-09,0.9999921107355332,0.99966464996832,0.999290329695098,0.9999646437450657,0.9999251537370122,0.9820137881297458,0.7772998611746911,1.3176514268359263e-10,0.9999646437450657,0.9999869928761862,0.9999646437450657,0.9999546021475793,0.9999251537370122
0.9999999999572222,0.9999993524054335,0.9999999586006244,2.0611536181902033e-09,0.047425873514159125,0.9998766053808288,0.9947798743644766,0.9959298622161507,0.9046505376715775,1.6918979223288786e-10,0.7310585786300049,0.9999785550413585,2.9023119851992182e-06,2.9023119851992182e-06,1.067702997323512e-06,0.1824255149165352,0.8175744850834648,2.940077739198032e-11,0.9999724643121783,7.05287985061473e-11,0.9998766053808288
0.9999999999377585,0.9999998874648245,0.9990889486412498,1.4449802095675026e-07,0.3208213073183839,0.9999999804443193,0.9984988180062319,0.2689414213699951,0.22270013882530884,1.125351754703302e-07,0.9770226275810572,0.0293122327122782,0.9399133496156019,0.9999999317439628,4.1399375473943306e-08,6.825603724121505e-08,0.99966464996832,0.9999998874648245,0.01798621187025419,0.9997388096898188,0.9999993524054335
0.9999999973534264,7.582560422162384e-10,0.3208213073183839,0.9999986290421394,0.9890130584218833,0.9999977396748937,3.581747929000289e-10,0.9706877672877217,0.9997388096898188,0.2689414213699951,0.999290329695098,4.847368706035286e-11,0.997527377056997,1.6701429809483402e-05,2.940077739198032e-11,7.889264466933239e-06,0.2689414213699951,2.0206839089813854e-11,0.01798621187025419,0.9980732657060567,1.7832472907828393e-11
0.9999994956523514,0.9999999998973812,0.9999999979388463,1.2501528648238603e-09,0.6791786926816161,0.7772998611746911,1.3176514268359263e-10,0.9820137881297458,0.004070137783849419,0.9999986290421394,0.9999982396569965,0.010986941578116867,2.940077739198032e-11,2.5946094982091465e-11,0.0011695103004128338,0.4378234991142018,5.8291272510566984e-05,1.5737102106615244e-11,0.004070137783849419,0.99999627336116,0.006692851264816553
0.9999999999740539,0.9999999994788586,0.9997388096898188,0.9990889486412498,0.9999869928761862,0.9999996940976636,0.9820137881297458,0.9999999847700205,2.9023119851992182e-06,0.9999977396748937,3.7266388399128017e-06,0.9999999317439628,0.3208213073183839,0.9999993524054335,0.9968273169307178,0.0293122327122782,0.9968273169307178,8.764248496102855e-08,0.9999996940976636,0.0031726830692822717,0.0015011819937681247
0.9999999997210531,3.9278634073828347e-07,2.646573631904765e-09,0.005220125635523486,0.99966464996832,0.014063626423394072,1.2501528648238603e-09,0.9770226275810572,1.2501528648238603e-09,0.0007096703049020563,0.9859363735766059,0.8175744850834648,0.7772998611746911,0.8807970826714614,0.7772998611746911,0.6224593312018546,7.582560422162384e-10,0.9525741264858409,0.8807970826714614,0.4378234991142018,0.07585817323116975
1.3007123813725571e-05,0.9999646437450657,7.582560422162384e-10,0.9980732657060567,2.646573631904765e-09,0.3208213073183839,0.9770226275810572,0.9980732657060567,7.991959892315218e-11,0.8519528000888387,0.9999724643121783,0.004070137783849419,2.7894680920908113e-10,0.9241418267688302,2.7894680920908113e-10,0.9999938558224682,0.5621765008857981,1.6918979223288786e-10,0.9999898700126424,0.37754066879814546,2.940077739198032e-11
0.0005527785524441057,0.9999994956523514,0.99999627336116,0.999999974890009,0.09534946232842245,0.999999974890009,0.9999921107355332,0.9999785550413585,0.9999998874648245,0.9999546021475793,0.9999993524054335,0.9999994956523514,0.9994472214475559,0.0002611903101813263,0.9999996940976636,5.905303995456778e-10,0.8519528000888387,0.9994472214475559,0.00012339461917113592,0.5621765008857981,0.0003353500316799018
0.9999994956523514,0.999999974890009,0.9999982396569965,0.9999938558224682,0.9999999979388463,1.522997951276035e-08,0.9999646437450657,9.237449576640118e-09,0.999290329695098,0.9999999804443193,4.363462233903899e-09,2.5109990926928157e-08,7.194132978569833e-09,0.997527377056997,0.9984988180062319,1.6052280526088547e-09,2.646573631904765e-09,0.9990889486412498,0.9525741264858409,0.8807970826714614,0.9914225147446858
0.9999999998837177,0.9999989322970027,0.9999999990263799,0.999999855501979,0.9999999928058669,2.1724399346070676e-10,0.9999869928761862,3.581747929000289e-10,0.9999898700126424,0.9999869928761862,0.9999999468421502,0.9959298622161507,3.775134544136581e-11,7.991959892315218e-11,0.9525741264858409,0.9984988180062319,6.224144622520382e-11,0.9999998874648245,0.9995694429072771,0.9994472214475559,0.37754066879814546
0.9999999999450722,0.9999999973534264,4.363462233903899e-09,0.9999999907625504,0.9999999586006244,0.9999999990263799,1.3176514268359263e-10,0.99966464996832,0.9999999956365377,0.9984988180062319,0.9999938558224682,0.9706877672877217,0.9999938558224682,2.1724399346070676e-10,0.9999921107355332,0.9999921107355332,1.0261879630648829e-10,0.9999921107355332,0.9999999586006244,7.991959892315218e-11,0.9999724643121783
0.999999999979793,0.9999989322970027,2.1724399346070676e-10,0.004070137783849419,0.99966464996832,0.9999999123575151,0.00012339461917113592,0.5621765008857981,0.9999982396569965,0.9241418267688302,0.9999938558224682,0.1824255149165352,2.2897348455931243e-11,0.07585817323116975,0.6791786926816161,0.047425873514159125,8.315279285380714e-07,0.9999921107355332,0.9999869928761862,3.9278634073828347e-07,0.3208213073183839
0.8807970826714614,3.7266388399128017e-06,0.999999855501979,0.7772998611746911,3.2241866333029355e-08,0.999999974890009,0.11920291732853862,0.9980732657060567,0.11920291732853862,0.9999996072136592,0.9998415637640005,0.8807970826714614,0.999290329695098,0.9980732657060567,0.9999977396748937,0.1824255149165352,0.997527377056997,0.4378234991142018,7.484626298776402e-05,0.3208213073183839,2.2897348455931243e-11
0.999999999990455,0.9997965729534201,0.9999999468421502,0.9999999979388463,0.9999999123575151,0.9999999943972036,0.00857748525531428,0.9999991684720715,0.999999814460854,0.9999999468421502,0.9999999123575151,0.0007096703049020563,0.9999993524054335,0.9999038976078543,0.9999989322970027,0.9999038976078543,0.9990889486412498,0.9997388096898188,1.760343003490802e-06,0.99999627336116,0.9706877672877217
0.9859363735766059,0.999999998394772,0.9968273169307178,0.9999998874648245,0.9999999943972036,0.9999999928058669,0.9999938558224682,0.9999646437450657,0.9999832985701905,0.9999546021475793,3.775134544136581e-11,0.11920291732853862,0.9999996940976636,0.9999994956523514,0.9999996072136592,0.005220125635523486,0.999999814460854,0.9984988180062319,0.999999814460854,0.9999977396748937,0.9999982396569965
0.9999999943972036,0.9999999966017321,0.9999999966017321,0.9999999847700205,2.7894680920908113e-10,0.9999998874648245,0.9999996940976636,2.7894680920908113e-10,0.9999986290421394,0.9999999677581336,0.00043055709272278825,0.9999869928761862,0.9997965729534201,0.9999417087274893,1.3007123813725571e-05,0.9999785550413585,0.9999785550413585,0.9999546021475793,0.9999999123575151,0.9999989322970027,0.9999646437450657
0.9999999966017321,0.999999999868235,0.9980732657060567,0.9968273169307178,0.997527377056997,0.9968273169307178,0.9933071487351834,9.237449576640118e-09,4.363462233903899e-09,0.9998766053808288,0.999999814460854,0.9999998874648245,0.6791786926816161,0.999290329695098,0.6224593312018546,1.6918979223288786e-10,0.3208213073183839,0.9914225147446858,7.991959892315218e-11,0.9999989322970027,3.775134544136581e-11
0.999999999990455,0.9999999999094393,0.9999785550413585,0.9999993524054335,0.9999996072136592,0.9999952149055052,0.9999546021475793,2.0611536181902033e-09,4.363462233903899e-09,0.9999251537370122,0.9999417087274893,0.9990889486412498,0.9998766053808288,0.7310585786300049,2.7894680920908113e-10,0.9999997617630333,1.6918979223288786e-10,2.1724399346070676e-10,0.9933071487351834,1.0261879630648829e-10,4.847368706035286e-11
0.005220125635523486,1.955568070542584e-08,0.9999832985701905,0.004070137783849419,0.9999038976078543,0.9999038976078543,0.001926734293943221,0.9947798743644766,0.0003353500316799018,3.581747929000289e-10,0.9241418267688302,9.736200303530205e-10,0.7310585786300049,0.6791786926816161,0.999999814460854,2.1724399346070676e-10,0.999999814460854,0.8175744850834648,2.3823696679343503e-07,0.3208213073183839,5.043476486929152e-07
0.9999999999954912,0.9999999992417439,0.9999996072136592,0.9999999994788586,0.9999999988967441,0.9999982396569965,0.9999999956365377,0.9999999985833912,0.00020342704657999323,0.9999999586006244,0.9999999677581336,0.9999996940976636,0.00020342704657999323,7.484626298776402e-05,0.9999991684720715,4.5397852420729034e-05,0.9999999468421502,0.9999869928761862,1.760343003490802e-06,1.067702997323512e-06,0.9999999317439628
0.9999999996418252,8.315279285380714e-07,0.9999921107355332,0.9999999956365377,0.9998415637640005,0.9994472214475559,0.9046505376715775,0.9770226275810572,0.9998766053808288,0.37754066879814546,0.9859363735766059,0.07585817323116975,1.6052280526088547e-09,0.9999989322970027,3.581747929000289e-10,2.1724399346070676e-10,2.1724399346070676e-10,2.1724399346070676e-10,0.9525741264858409,0.0293122327122782,0.9999986290421394
0.9999999998837177,0.9859363735766059,1.0261879630648829e-10,0.9706877672877217,0.8175744850834648,0.9994472214475559,1.3176514268359263e-10,0.9990889486412498,0.9820137881297458,0.1824255149165352,0.06008665038439803,3.775134544136581e-11,0.06008665038439803,0.9770226275810572,2.940077739198032e-11,0.02297737241894287,0.7310585786300049,3.775134544136581e-11,0.0031726830692822717,0.8519528000888387,0.2689414213699951
0.9999999999094393,0.9999999987498471,0.99966464996832,0.9999999317439628,0.9999998874648245,0.99999998813888,0.9933071487351834,0.9999977396748937,0.9399133496156019,1.0261879630648829e-10,0.9999785550413585,0.9999989322970027,0.999999855501979,7.991959892315218e-11,0.002472622943003016,0.9999898700126424,0.9999785550413585,0.9999785550413585,0.9980732657060567,0.9999996940976636,0.999999814460854
0.999999998394772,0.07585817323116975,9.610239214580367e-05,0.9525741264858409,0.9999999677581336,0.9999999677581336,0.9999999677581336,1.6701429809483402e-05,0.999999814460854,0.999999855501979,0.9998766053808288,0.999999855501979,0.09534946232842245,5.043476486929152e-07,0.1824255149165352,0.9999991684720715,0.9999991684720715,8.315279285380714e-07,2.3823696679343503e-07,0.9995694429072771,5.043476486929152e-07
1.760343003490802e-06,0.999999814460854,0.5,0.3208213073183839,0.1824255149165352,0.9999038976078543,0.00012339461917113592,3.535625493426631e-05,6.224144622520382e-11,0.9914225147446858,3.7266388399128017e-06,0.9890130584218833,1.4449802095675026e-07,0.9241418267688302,1.125351754703302e-07,0.37754066879814546,1.2256067443949272e-11,9.610239214580367e-05,0.8807970826714614,1.2256067443949272e-11,0.8519528000888387
0.9999999468421502,0.9999999677581336,8.764248496102855e-08,0.9999999847700205,0.9998766053808288,0.6224593312018546,0.9980732657060567,0.9999785550413585,0.22270013882530884,0.9959298622161507,0.9999546021475793,5.60279640614594e-09,0.9999251537370122,0.9999938558224682,0.6224593312018546,0.9999921107355332,0.9988304896995872,0.9999785550413585,0.7310585786300049,4.599055376537186e-10,0.37754066879814546
2.9023119851992182e-06,0.9999999993308415,2.0611536181902033e-09,0.9999999586006244,2.646573631904765e-09,4.599055376537186e-10,9.736200303530205e-10,0.99966464996832,0.8519528000888387,0.9994472214475559,1.3176514268359263e-10,0.9999970976880148,0.9968273169307178,0.9999869928761862,0.005220125635523486,0.004070137783849419,2.7894680920908113e-10,0.0005527785524441057,0.0009110513587503459,0.9998766053808288,0.7772998611746911
0.9997965729534201,0.9999999979388463,0.999999998394772,0.9999999956365377,1.3176514268359263e-10,6.224144622520382e-11,6.224144622520382e-11,0.9999993524054335,0.9999869928761862,0.9999999317439628,2.0206839089813854e-11,3.775134544136581e-11,0.9999991684720715,0.9999417087274893,0.9997965729534201,0.9999038976078543,0.006692851264816553,2.2897348455931243e-11,0.9999996072136592,0.9999993524054335,0.9525741264858409
0.9999999999294713,0.9999970976880148,0.9999724643121783,0.9999999966017321,3.9278634073828347e-07,0.9988304896995872,0.9999999804443193,0.9999999123575151,0.99999998813888,0.9999999677581336,0.9999999468421502,0.9999998874648245,0.9999997617630333,0.9999989322970027,1.125351754703302e-07,0.6791786926816161,1.955568070542584e-08,0.9999999123575151,0.999999855501979,1.1861120010657661e-08,7.194132978569833e-09
0.9999999998837177,0.047425873514159125,0.9999999677581336,0.00043055709272278825,2.1444958641491428e-05,0.9999993524054335,0.9999989322970027,0.9997388096898188,0.9997965729534201,0.9999938558224682,1.4449802095675026e-07,0.9999999677581336,0.9999921107355332,0.9770226275810572,0.9999997617630333,0.9999251537370122,0.9999251537370122,0.999999814460854,0.9999998874648245,0.9984988180062319,0.9994472214475559
0.9999646437450657,7.582560422162384e-10,0.9241418267688302,0.9984988180062319,7.991959892315218e-11,0.6791786926816161,0.4378234991142018,4.847368706035286e-11,2.940077739198032e-11,0.1824255149165352,2.0206839089813854e-11,0.047425873514159125,0.1824255149165352,0.005220125635523486,0.047425873514159125,3.775134544136581e-11,0.0011695103004128338,0.010986941578116867,0.002472622943003016,0.01798621187025419,5.109089028037223e-12
6.144177531850823e-06,0.7772998611746911,0.9994472214475559,0.9999921107355332,0.9999952149055052,0.9820137881297458,3.775134544136581e-11,0.001926734293943221,0.9990889486412498,0.22270013882530884,0.00857748525531428,0.09534946232842245,1.3709578605790399e-06,1.760343003490802e-06,2.2603251062511995e-06,0.014063626423394072,5.043476486929152e-07,0.006692851264816553,7.433680672296929e-12,0.9984988180062319,0.9980732657060567
0.9999999998837177,9.237449576640118e-09,0.9999999995941349,0.999999814460854,0.9999999987498471,0.9999996072136592,5.60279640614594e-09,0.999999814460854,0.9999785550413585,7.194132978569833e-09,0.99999627336116,0.9999998874648245,0.999999855501979,3.581747929000289e-10,0.999999855501979,0.9999646437450657,0.9959298622161507,0.9995694429072771,0.03732688948593844,0.9999996072136592,0.9890130584218833
0.9999999993308415,0.9999999928058669,0.9999999907625504,0.9999999847700205,0.9999982396569965,0.9997388096898188,0.99999627336116,6.475945666070602e-07,0.9988304896995872,1.4449802095675026e-07,0.9999991684720715,0.9999999317439628,0.999999855501979,7.194132978569833e-09,0.999999814460854,0.8175744850834648,0.99966464996832,0.9999997617630333,0.9968273169307178,2.0611536181902033e-09,3.3982678079468468e-09
0.9999999677581336,0.9999999317439628,0.9999999586006244,0.99966464996832,0.9999785550413585,0.9947798743644766,0.9999251537370122,0.9890130584218833,5.905303995456778e-10,0.999290329695098,0.9980732657060567,0.0007096703049020563,0.9933071487351834,2.1724399346070676e-10,0.9998766053808288,0.9999038976078543,0.9525741264858409,0.9399133496156019,0.9997965729534201,0.99966464996832,0.37754066879814546
0.9999999992417439,0.9999999996418252,0.999999998394772,0.9999999928058669,4.1399375473943306e-08,0.9999989322970027,0.9999999317439628,9.237449576640118e-09,0.9999996940976636,0.999999855501979,0.9998766053808288,0.9999996940976636,5.905303995456778e-10,0.9995694429072771,0.999999855501979,0.9999993524054335,0.9988304896995872,0.999290329695098,0.9999546021475793,0.9994472214475559,0.997527377056997
0.9999999999515263,0.9999999999094393,0.9999999991407833,0.001926734293943221,5.8291272510566984e-05,0.9999998874648245,0.9999986290421394,0.9999993524054335,2.7535687821746045e-05,0.999999974890009,0.9984988180062319,0.9999999123575151,0.9968273169307178,0.9999724643121783,0.9997965729534201,0.9241418267688302,0.9999998874648245,0.999290329695098,0.9999999123575151,0.9988304896995872,5.3157849718487075e-08
0.9999999999294713,0.9999999998308102,0.9999999804443193,0.9999999966017321,0.9999999317439628,4.785094494835719e-06,0.9999991684720715,0.9999997617630333,0.99999998813888,0.9999970976880148,0.9999952149055052,0.9968273169307178,0.9999938558224682,0.9999898700126424,0.9999832985701905,0.9999546021475793,0.9999997617630333,0.9999646437450657,9.237449576640118e-09,0.9999977396748937,0.9999986290421394
0.9999999999450722,0.9999999928058669,0.9999997617630333,0.9999998874648245,0.9999999973534264,0.9999993524054335,0.9999977396748937,0.99999998813888,0.9999977396748937,3.3982678079468468e-09,7.582560422162384e-10,0.99999627336116,0.9999546021475793,5.905303995456778e-10,9.736200303530205e-10,0.9997388096898188,0.9999724643121783,0.999999855501979,0.999290329695098,0.9999546021475793,0.9959298622161507
0.9999999999572222,0.9999986290421394,0.9999785550413585,0.9999999847700205,2.9023119851992182e-06,0.9933071487351834,0.9999986290421394,0.9999999907625504,0.9959298622161507,0.99999627336116,1.760343003490802e-06,0.9999898700126424,0.9999832985701905,0.9999832985701905,0.9999724643121783,0.9999546021475793,0.999999855501979,0.9999998874648245,9.237449576640118e-09,0.999290329695098,1.1861120010657661e-08
0.999999999782756,1.6918979223288786e-10,0.9933071487351834,0.9820137881297458,0.9859363735766059,0.9046505376715775,0.9820137881297458,7.889264466933239e-06,2.1444958641491428e-05,0.9046505376715775,0.4378234991142018,2.2897348455931243e-11,0.02297737241894287,6.825603724121505e-08,1.3887943864771146e-11,1.7832472907828393e-11,0.2689414213699951,0.1824255149165352,0.014063626423394072,1.3887943864771146e-11,0.005220125635523486
0.9999785550413585,0.9999999999094393,0.9947798743644766,0.9999999586006244,0.11920291732853862,0.2689414213699951,0.9999999928058669,0.999999855501979,0.99999998813888,0.01798621187025419,9.736200303530205e-10,2.0611536181902033e-09,0.997527377056997,0.9999251537370122,0.9988304896995872,0.9999921107355332,0.99966464996832,0.999999855501979,0.9999999586006244,0.9999251537370122,0.9999724643121783
0.9999999998308102,3.581747929000289e-10,0.9988304896995872,0.9914225147446858,0.006692851264816553,0.9525741264858409,0.9770226275810572,0.006692851264816553,0.0003353500316799018,0.5621765008857981,4.847368706035286e-11,0.22270013882530884,1.0129987357628251e-05,4.847368706035286e-11,4.847368706035286e-11,6.144177531850823e-06,0.047425873514159125,0.06008665038439803,2.2603251062511995e-06,0.11920291732853862,0.11920291732853862
0.9999999997210531,0.9999997617630333,0.9999970976880148,0.9890130584218833,0.9626731105140616,8.764248496102855e-08,0.9999785550413585,0.9999999928058669,6.825603724121505e-08,0.9999999804443193,0.9994472214475559,0.9980732657060567,0.9995694429072771,0.9988304896995872,0.9959298622161507,0.4378234991142018,0.37754066879814546,0.37754066879814546,0.6224593312018546,1.6052280526088547e-09,2.0611536181902033e-09
0.9999997617630333,0.999999974890009,0.99999998813888,6.144177531850823e-06,0.9999999468421502,0.9999999907625504,0.9999898700126424,0.9968273169307178,0.9999724643121783,8.764248496102855e-08,3.059023363247549e-07,5.043476486929152e-07,0.99999627336116,0.9988304896995872,0.997527377056997,0.9999994956523514,0.9990889486412498,0.4378234991142018,0.22270013882530884,0.9999646437450657,0.9999986290421394
0.9999999999200804,0.9998766053808288,0.9999999956365377,0.9999999468421502,0.9999999907625504,0.9990889486412498,7.991959892315218e-11,4.847368706035286e-11,0.9999996072136592,0.9999994956523514,0.9914225147446858,0.9999996072136592,0.9999977396748937,0.9999989322970027,6.224144622520382e-11,0.09534946232842245,0.9999993524054335,0.9999952149055052,0.9999997617630333,0.01798621187025419,0.9999991684720715
0.9999999999450722,0.9999898700126424,0.9999999468421502,0.6791786926816161,0.9999996940976636,0.9999993524054335,0.8807970826714614,0.5,2.1724399346070676e-10,0.9999970976880148,0.9399133496156019,0.9999982396569965,0.9859363735766059,0.7310585786300049,7.991959892315218e-11,0.9999898700126424,0.9241418267688302,9.610239214580367e-05,0.8519528000888387,0.9046505376715775,0.9999869928761862
0.9999999991407833,0.9999999468421502,0.9999999956365377,8.764248496102855e-08,0.9999986290421394,0.9859363735766059,0.9997965729534201,1.1861120010657661e-08,0.9525741264858409,0.9859363735766059,1.1861120010657661e-08,0.9999251537370122,0.9999991684720715,0.9994472214475559,5.60279640614594e-09,0.999290329695098,1.2501528648238603e-09,0.8519528000888387,0.9399133496156019,1.6052280526088547e-09,0.9046505376715775
0.9999999943972036,0.9999999973534264,1.6918979223288786e-10,0.00043055709272278825,4.847368706035286e-11,0.9999991684720715,3.775134544136581e-11,0.9999970976880148,0.9999970976880148,0.9999785550413585,1.067702997323512e-06,2.3823696679343503e-07,0.9999417087274893,0.9998766053808288,0.0293122327122782,1.955568070542584e-08,3.978962535821407e-12,6.560200168110742e-12,0.0293122327122782,2.129785170951249e-12,0.014063626423394072
0.9999921107355332,0.9999999956365377,0.9999785550413585,0.9999999956365377,0.9999999956365377,0.9999970976880148,0.9999993524054335,0.9999999928058669,0.9999869928761862,0.9999970976880148,0.997527377056997,0.9999417087274893,0.9998766053808288,0.9999417087274893,0.9999251537370122,0.9999785550413585,3.581747929000289e-10,0.9980732657060567,0.9999646437450657,0.9994472214475559,2.7894680920908113e-10
0.9999999468421502,9.736200303530205e-10,0.37754066879814546,0.9999996940976636,0.9999996940976636,7.582560422162384e-10,0.9980732657060567,0.9997965729534201,0.0031726830692822717,0.9914225147446858,0.9241418267688302,0.9999952149055052,0.9914225147446858,9.736200303530205e-10,0.9626731105140616,0.9399133496156019,0.9399133496156019,7.991959892315218e-11,0.9999977396748937,0.7310585786300049,2.3823696679343503e-07
0.9999417087274893,0.9999996072136592,3.581747929000289e-10,0.9914225147446858,0.9959298622161507,1.0261879630648829e-10,5.8291272510566984e-05,1.3176514268359263e-10,6.224144622520382e-11,0.6791786926816161,0.0293122327122782,0.3208213073183839,6.224144622520382e-11,1.8553914607279396e-07,0.06008665038439803,6.224144622520382e-11,0.02297737241894287,0.09534946232842245,3.775134544136581e-11,0.005220125635523486,0.002472622943003016
0.9999999966017321,0.4378234991142018,0.9998766053808288,0.9999646437450657,0.9998766053808288,2.1724399346070676e-10,2.7894680920908113e-10,0.9999997617630333,1.6918979223288786e-10,0.0015011819937681247,0.00015843623599953396,0.0007096703049020563,0.9988304896995872,1.6918979223288786e-10,0.00020342704657999323,2.7894680920908113e-10,0.9820137881297458,0.9241418267688302,0.9914225147446858,0.9706877672877217,0.9999898700126424
0.9999999999985363,0.9999999928058669,0.99966464996832,1.760343003490802e-06,0.999999855501979,0.9999993524054335,8.764248496102855e-08,0.9999982396569965,1.4449802095675026e-07,0.9999977396748937,0.9999785550413585,0.9999938558224682,0.3208213073183839,0.99966464996832,0.9997388096898188,0.9999998874648245,0.9999646437450657,0.9999999317439628,0.9999417087274893,2.0611536181902033e-09,0.9999996072136592
0.9999999997210531,0.9999999997538302,0.9999999468421502,3.7266388399128017e-06,3.9278634073828347e-07,0.9999999847700205,0.9998415637640005,0.9999993524054335,0.9999038976078543,0.9999970976880148,0.9997965729534201,0.9998415637640005,0.99966464996832,0.9984988180062319,0.9999921107355332,1.1861120010657661e-08,0.9820137881297458,0.999290329695098,0.9999038976078543,0.9241418267688302,0.9241418267688302
0.999999999683912,0.9999898700126424,0.9999999907625504,0.999999974890009,0.9999999943972036,0.999999814460854,0.9999999677581336,3.581747929000289e-10,0.9706877672877217,7.582560422162384e-10,0.9999417087274893,0.9046505376715775,0.9999724643121783,0.9999994956523514,0.9999993524054335,0.9997965729534201,0.99966464996832,0.99966464996832,3.581747929000289e-10,2.7894680920908113e-10,3.581747929000289e-10
0.9999989322970027,0.9999997617630333,0.8175744850834648,7.582560422162384e-10,0.9999251537370122,0.9997388096898188,0.014063626423394072,1.6052280526088547e-09,0.9980732657060567,9.736200303530205e-10,9.736200303530205e-10,0.9914225147446858,5.905303995456778e-10,1.2501528648238603e-09,0.997527377056997,1.2501528648238603e-09,3.581747929000289e-10,0.9046505376715775,2.7535687821746045e-05,0.9820137881297458,0.02297737241894287
0.9999999988967441,2.9023119851992182e-06,0.9988304896995872,2.9023119851992182e-06,0.9984988180062319,0.9999996940976636,2.9023119851992182e-06,0.9999832985701905,0.9998415637640005,0.9999952149055052,0.9626731105140616,0.9820137881297458,0.9706877672877217,0.9998415637640005,0.9999724643121783,1.8553914607279396e-07,0.9994472214475559,0.9999998874648245,0.9999938558224682,0.9994472214475559,0.9999785550413585
0.9999998874648245,0.999999999990455,0.9999999999200804,0.9999999996418252,0.9999999847700205,0.9999998874648245,8.764248496102855e-08,0.9999999956365377,0.9999970976880148,0.9999996940976636,2.5109990926928157e-08,0.9999999123575151,7.194132978569833e-09,0.9999998874648245,0.9999989322970027,1.6052280526088547e-09,2.0611536181902033e-09,0.9999999804443193,0.99999998813888,0.9999996072136592,1.6052280526088547e-09
0.9999999973534264,0.9999999992417439,0.9999869928761862,0.9999938558224682,0.002472622943003016,0.9998415637640005,9.610239214580367e-05,0.9999993524054335,0.9968273169307178,0.9999970976880148,1.7832472907828393e-11,1.5737102106615244e-11,0.9525741264858409,1.3887943864771146e-11,0.9999977396748937,1.8553914607279396e-07,5.789356328697135e-12,0.3208213073183839,8.764248496102855e-08,0.9999898700126424,3.098819138712223e-12
0.9999999804443193,1.2501528648238603e-09,0.9999999943972036,0.9999952149055052,0.9999999677581336,0.9999999468421502,0.004070137783849419,4.847368706035286e-11,0.6224593312018546,6.224144622520382e-11,0.9706877672877217,2.1444958641491428e-05,0.9999869928761862,1.3007123813725571e-05,3.535625493426631e-05,0.9999970976880148,0.9399133496156019,2.2603251062511995e-06,0.8175744850834648,0.9999832985701905,6.475945666070602e-07
0.9999999999515263,0.9999996940976636,0.9999898700126424,0.9999646437450657,0.9999999907625504,0.9999986290421394,0.9999999468421502,2.7894680920908113e-10,1.6918979223288786e-10,0.9999977396748937,0.9046505376715775,1.0261879630648829e-10,1.3176514268359263e-10,0.37754066879814546,0.9999997617630333,0.14804719991116141,3.581747929000289e-10,1.0261879630648829e-10,0.004070137783849419,0.9914225147446858,0.9999921107355332
0.9999999999515263,1.8553914607279396e-07,3.2241866333029355e-08,0.9999417087274893,0.9999546021475793,0.9999999317439628,0.9997388096898188,0.9998766053808288,5.3157849718487075e-08,0.9999996072136592,0.9706877672877217,0.9999991684720715,0.9999997617630333,0.9859363735766059,0.9999997617630333,0.9626731105140616,0.9820137881297458,0.999999814460854,0.9999994956523514,0.9890130584218833,0.9820137881297458
0.9999999999572222,0.9999999994788586,0.9999724643121783,0.9999417087274893,0.9998415637640005,0.9997965729534201,2.646573631904765e-09,0.9984988180062319,0.5,0.014063626423394072,0.0031726830692822717,0.9999994956523514,0.9890130584218833,0.9947798743644766,3.581747929000289e-10,0.9999994956523514,0.001926734293943221,0.9399133496156019,0.9241418267688302,0.9706877672877217,0.0003353500316799018
0.9968273169307178,0.9999999999094393,0.9999417087274893,0.9999832985701905,0.9999996940976636,5.905303995456778e-10,0.9999986290421394,0.9999991684720715,0.9980732657060567,2.1724399346070676e-10,1.3176514268359263e-10,3.581747929000289e-10,0.9999646437450657,4.599055376537186e-10,0.9998766053808288,0.9999251537370122,0.5621765008857981,0.9999038976078543,1.6918979223288786e-10,1.3176514268359263e-10,0.9984988180062319
0.9999999999964886,0.9999999990263799,0.9999998874648245,0.001926734293943221,0.9999999907625504,1.6701429809483402e-05,0.9999989322970027,4.5397852420729034e-05,1.3007123813725571e-05,1.0129987357628251e-05,0.9999251537370122,4.785094494835719e-06,0.9999994956523514,0.9997965729534201,0.9998415637640005,0.9999986290421394,0.997527377056997,0.9990889486412498,0.9999982396569965,0.9999938558224682,0.9999646437450657
0.9999785550413585,0.9999989322970027,0.999999855501979,0.9999989322970027,0.9994472214475559,2.1724399346070676e-10,0.9626731105140616,0.9525741264858409,0.9968273169307178,1.0261879630648829e-10,7.991959892315218e-11,0.00020342704657999323,0.7310585786300049,0.9997388096898188,0.9241418267688302,0.4378234991142018,0.9995694429072771,0.9770226275810572,0.00015843623599953396,0.1824255149165352,0.8807970826714614
0.9998415637640005,0.9999999928058669,1.522997951276035e-08,0.9999999928058669,0.9999998874648245,3.3982678079468468e-09,2.646573631904765e-09,0.9999997617630333,0.9999970976880148,0.9999994956523514,0.9999038976078543,9.736200303530205e-10,9.736200303530205e-10,1.6052280526088547e-09,0.9999546021475793,0.03732688948593844,2.646573631904765e-09,0.03732688948593844,0.9998415637640005,0.9999251537370122,0.047425873514159125
0.9990889486412498,0.9999038976078543,0.9999982396569965,0.9994472214475559,0.9999921107355332,0.9999999468421502,0.9999724643121783,0.9998766053808288,0.9626731105140616,0.9997388096898188,0.8519528000888387,0.6224593312018546,0.9999982396569965,0.9999989322970027,0.9914225147446858,0.9999982396569965,0.9999989322970027,5.905303995456778e-10,0.09534946232842245,0.047425873514159125,0.9770226275810572
0.999999999989184,0.9980732657060567,0.9999999956365377,0.9999986290421394,0.9999999317439628,1.125351754703302e-07,0.9999994956523514,7.194132978569833e-09,0.00857748525531428,0.00043055709272278825,0.9914225147446858,0.0011695103004128338,0.9890130584218833,2.7894680920908113e-10,0.9999938558224682,0.0005527785524441057,2.7894680920908113e-10,0.9241418267688302,0.8519528000888387,0.9999546021475793,4.785094494835719e-06
0.9999999999972653,0.999999999683912,0.9525741264858409,0.9999999956365377,0.9999977396748937,0.006692851264816553,0.0015011819937681247,0.001926734293943221,0.9999999317439628,0.9999999966017321,0.999999814460854,0.0031726830692822717,0.9968273169307178,0.9999999804443193,0.0002611903101813263,0.9999977396748937,0.9999999586006244,0.9046505376715775,0.9999832985701905,0.9999417087274893,0.999999814460854
0.9999999999740539,3.7266388399128017e-06,0.9999991684720715,0.9999989322970027,0.9999938558224682,0.99999998813888,0.997527377056997,2.5109990926928157e-08,0.9999724643121783,0.9999999123575151,1.2501528648238603e-09,0.9994472214475559,0.9984988180062319,5.60279640614594e-09,0.9046505376715775,0.9046505376715775,3.3982678079468468e-09,0.9890130584218833,0.9980732657060567,0.9988304896995872,0.99999627336116
0.9999999999515263,7.582560422162384e-10,0.9988304896995872,0.0002611903101813263,3.581747929000289e-10,0.9999832985701905,0.9820137881297458,3.581747929000289e-10,3.581747929000289e-10,0.7772998611746911,2.7894680920908113e-10,1.6701429809483402e-05,1.0261879630648829e-10,2.2603251062511995e-06,1.6918979223288786e-10,2.9023119851992182e-06,7.991959892315218e-11,0.9990889486412498,0.07585817323116975,0.11920291732853862,0.06008665038439803
0.999999999987744,0.9999999999842628,0.9999991684720715,0.999999974890009,0.9999999847700205,6.144177531850823e-06,0.999999974890009,0.9999999997538302,4.5397852420729034e-05,2.1444958641491428e-05,2.2603251062511995e-06,0.9999999990263799,0.9999038976078543,0.99999627336116,0.9999417087274893,4.785094494835719e-06,0.9999546021475793,0.9994472214475559,0.9995694429072771,0.9999999943972036,0.9980732657060567
0.9999999966017321,0.9999970976880148,7.194132978569833e-09,0.9999997617630333,0.9525741264858409,0.9999646437450657,0.9999251537370122,0.9999977396748937,0.9995694429072771,0.9984988180062319,0.9999898700126424,0.9999952149055052,0.9933071487351834,0.0003353500316799018,0.9999832985701905,7.991959892315218e-11,3.775134544136581e-11,4.5397852420729034e-05,0.9999785550413585,0.22270013882530884,3.3315445420554206e-11
0.9999999999987081,1.3709578605790399e-06,0.9999999998506905,8.764248496102855e-08,0.9914225147446858,0.9999999317439628,0.9999999804443193,0.9999999943972036,0.9999999907625504,7.194132978569833e-09,0.9999952149055052,3.3982678079468468e-09,0.9999999804443193,0.9999977396748937,0.9999994956523514,4.363462233903899e-09,0.9999986290421394,0.9999982396569965,4.599055376537186e-10,0.9999999123575151,0.9999251537370122
0.9999999999964886,0.01798621187025419,1.6701429809483402e-05,0.9999999995400946,3.7266388399128017e-06,0.9999989322970027,0.999999855501979,0.9999999973534264,2.2603251062511995e-06,0.9999982396569965,0.9914225147446858,0.9994472214475559,0.9990889486412498,2.5109990926928157e-08,0.9988304896995872,1.955568070542584e-08,0.4378234991142018,0.9980732657060567,0.9933071487351834,0.9859363735766059,2.646573631904765e-09
0.999999999782756,0.9999999973534264,0.999999855501979,0.00043055709272278825,0.9999999847700205,6.475945666070602e-07,0.9999998874648245,8.315279285380714e-07,0.5,0.1824255149165352,2.3823696679343503e-07,3.059023363247549e-07,0.14804719991116141,2.5109990926928157e-08,9.237449576640118e-09,0.9999832985701905,0.006692851264816553,0.004070137783849419,0.9999993524054335,4.363462233903899e-09,0.9997965729534201
0.99999998813888,0.997527377056997,0.014063626423394072,0.7772998611746911,1.6918979223288786e-10,1.3176514268359263e-10,0.010986941578116867,0.07585817323116975,7.991959892315218e-11,0.9999869928761862,0.00015843623599953396,2.940077739198032e-11,2.0206839089813854e-11,0.3208213073183839,2.2897348455931243e-11,0.37754066879814546,4.847368706035286e-11,0.9999251537370122,3.775134544136581e-11,0.5621765008857981,6.144177531850823e-06
0.9999999997538302,0.9999977396748937,0.9999251537370122,5.905303995456778e-10,0.9999999943972036,5.905303995456778e-10,0.9999251537370122,0.9770226275810572,0.999999814460854,0.9984988180062319,0.0015011819937681247,0.9980732657060567,0.9770226275810572,0.9999982396569965,1.2256067443949272e-11,0.9626731105140616,0.01798621187025419,1.3887943864771146e-11,2.1444958641491428e-05,0.002472622943003016,0.9046505376715775
0.9999999999771028,0.9999999847700205,0.9990889486412498,0.03732688948593844,1.955568070542584e-08,3.3982678079468468e-09,0.9525741264858409,0.9999898700126424,0.37754066879814546,0.14804719991116141,0.9959298622161507,0.9999251537370122,1.6052280526088547e-09,0.0031726830692822717,0.9999038976078543,4.363462233903899e-09,0.99966464996832,0.00012339461917113592,0.3208213073183839,0.1824255149165352,0.9241418267688302
0.9999991684720715,1.6701429809483402e-05,0.9999869928761862,0.99999998813888,1.955568070542584e-08,1.4449802095675026e-07,0.999999855501979,0.999999814460854,4.1399375473943306e-08,4.1399375473943306e-08,0.9999998874648245,5.60279640614594e-09,0.9999989322970027,0.9999417087274893,1.955568070542584e-08,0.9999832985701905,0.9999785550413585,0.8807970826714614,1.6052280526088547e-09,0.9999982396569965,0.9999417087274893
0.9999999907625504,0.997527377056997,0.9770226275810572,3.3982678079468468e-09,0.4378234991142018,0.5,1.6052280526088547e-09,0.7310585786300049,2.1724399346070676e-10,0.004070137783849419,6.224144622520382e-11,0.0031726830692822717,0.014063626423394072,0.0293122327122782,0.010986941578116867,0.9999417087274893,0.002472622943003016,6.224144622520382e-11,0.01798621187025419,0.00857748525531428,0.997527377056997
0.9999999973534264,0.999999997664407,0.999999974890009,0.999999814460854,0.9999991684720715,0.9999999928058669,0.9999993524054335,3.535625493426631e-05,0.9999999677581336,0.99999627336116,0.9999724643121783,6.144177531850823e-06,3.059023363247549e-07,0.9997965729534201,0.9999998874648245,0.999999855501979,0.9990889486412498,0.9998415637640005,0.9959298622161507,0.9859363735766059,0.9820137881297458
0.9999999907625504,0.9999869928761862,0.9999898700126424,0.999999974890009,2.5109990926928157e-08,0.9820137881297458,0.9999999468421502,0.997527377056997,9.237449576640118e-09,0.4378234991142018,3.3982678079468468e-09,0.9999994956523514,0.07585817323116975,5.905303995456778e-10,5.905303995456778e-10,0.22270013882530884,0.9999993524054335,0.06008665038439803,0.2689414213699951,0.047425873514159125,2.1724399346070676e-10
0.9999898700126424,0.00012339461917113592,1.1861120010657661e-08,0.999999814460854,7.582560422162384e-10,0.999999974890009,0.9999999317439628,0.9988304896995872,0.9999970976880148,0.9984988180062319,2.1724399346070676e-10,2.1724399346070676e-10,0.9994472214475559,0.9999952149055052,0.9999938558224682,0.9999251537370122,0.8519528000888387,0.8175744850834648,0.9999999317439628,3.775134544136581e-11,0.9933071487351834
0.9999999804443193,0.9999982396569965,0.9999999677581336,0.5621765008857981,0.9999994956523514,0.22270013882530884,0.9999989322970027,0.9994472214475559,0.9990889486412498,0.9399133496156019,0.004070137783849419,0.0007096703049020563,0.9999724643121783,1.2256067443949272e-11,0.997527377056997,0.9046505376715775,0.7772998611746911,5.8291272510566984e-05,0.8175744850834648,0.9859363735766059,0.6791786926816161
0.9999038976078543,5.8291272510566984e-05,0.11920291732853862,6.560200168110742e-12,0.03732688948593844,3.9278634073828347e-07,0.006692851264816553,0.9770226275810572,0.9525741264858409,0.0031726830692822717,8.764248496102855e-08,8.764248496102855e-08,0.6224593312018546,0.6791786926816161,0.047425873514159125,9.610239214580367e-05,7.484626298776402e-05,1.0060392792823047e-12,0.11920291732853862,1.2917800047843274e-12,2.0611536181902033e-09
0.9999999998308102,0.9999999966017321,0.9999982396569965,0.9999999966017321,0.9999999586006244,0.9999999123575151,0.9997965729534201,0.9999646437450657,3.535625493426631e-05,0.99999627336116,0.9999999317439628,0.9999999468421502,0.9890130584218833,0.9399133496156019,4.785094494835719e-06,0.9999921107355332,0.9999832985701905,0.6224593312018546,0.9999898700126424,0.11920291732853862,1.3709578605790399e-06
0.9999999943972036,0.9999999123575151,0.03732688948593844,3.3982678079468468e-09,0.9947798743644766,0.997527377056997,0.9947798743644766,0.9994472214475559,0.7310585786300049,0.0002611903101813263,0.9968273169307178,3.581747929000289e-10,3.535625493426631e-05,4.599055376537186e-10,0.09534946232842245,0.9984988180062319,0.06008665038439803,4.785094494835719e-06,0.11920291732853862,0.9770226275810572,0.01798621187025419
0.9999999677581336,0.9999982396569965,0.9999977396748937,0.00857748525531428,0.9999986290421394,0.9999993524054335,0.004070137783849419,1.3176514268359263e-10,0.9998766053808288,1.3176514268359263e-10,0.9820137881297458,0.9999938558224682,4.847368706035286e-11,0.9999898700126424,7.889264466933239e-06,1.3007123813725571e-05,0.9046505376715775,3.775134544136581e-11,2.2603251062511995e-06,2.940077739198032e-11,2.2603251062511995e-06
0.9999999999515263,0.9999999979388463,0.9998415637640005,0.9999999990263799,4.1399375473943306e-08,0.9947798743644766,0.9999999943972036,0.9770226275810572,7.194132978569833e-09,0.9999938558224682,0.9999999847700205,0.9999898700126424,0.999999974890009,0.9999977396748937,0.99999627336116,2.5109990926928157e-08,9.237449576640118e-09,0.9999977396748937,5.60279640614594e-09,0.0015011819937681247,0.0015011819937681247
0.999999999868235,0.9999999973534264,0.9999999907625504,0.9999999317439628,0.999999998394772,0.00012339461917113592,0.9999993524054335,0.00012339461917113592,0.00020342704657999323,0.9999999928058669,0.9999994956523514,0.9997965729534201,0.9999999677581336,4.785094494835719e-06,0.9999999123575151,0.9914225147446858,0.9820137881297458,8.315279285380714e-07,8.764248496102855e-08,0.9999999468421502,1.125351754703302e-07
0.9999999999450722,0.9999999907625504,0.9999999847700205,0.9999999979388463,0.9999999677581336,0.9999417087274893,0.9999996072136592,5.905303995456778e-10,4.599055376537186e-10,5.905303995456778e-10,0.9890130584218833,0.9999898700126424,0.9626731105140616,2.1724399346070676e-10,0.9999417087274893,0.09534946232842245,0.9988304896995872,1.6918979223288786e-10,1.0261879630648829e-10,0.9998415637640005,1.0261879630648829e-10
0.99999998813888,1.1861120010657661e-08,4.599055376537186e-10,7.582560422162384e-10,0.5621765008857981,0.9999993524054335,0.37754066879814546,7.582560422162384e-10,3.581747929000289e-10,0.9999832985701905,0.0031726830692822717,0.0005527785524441057,1.3176514268359263e-10,0.07585817323116975,0.047425873514159125,0.00012339461917113592,0.00020342704657999323,0.06008665038439803,5.8291272510566984e-05,0.01798621187025419,0.9998766053808288
0.9999996940976636,1.3007123813725571e-05,0.4378234991142018,0.9999921107355332,0.9914225147446858,3.9278634073828347e-07,0.9999724643121783,0.9999998874648245,1.8553914607279396e-07,3.059023363247549e-07,0.9998415637640005,8.315279285380714e-07,0.999999814460854,0.9995694429072771,0.002472622943003016,0.047425873514159125,4.1399375473943306e-08,1.125351754703302e-07,3.2241866333029355e-08,0.9999996072136592,0.0031726830692822717
0.999999998394772,0.999999999782756,0.9999982396569965,0.9999952149055052,0.9999996072136592,0.9914225147446858,0.9706877672877217,0.9399133496156019,0.9999546021475793,7.582560422162384e-10,0.0015011819937681247,0.2689414213699951,2.7894680920908113e-10,1.3176514268359263e-10,0.9947798743644766,0.99999627336116,3.581747929000289e-10,0.8519528000888387,1.6918979223288786e-10,0.9859363735766059,4.5397852420729034e-05
0.9999999943972036,0.9999991684720715,0.99966464996832,0.9820137881297458,0.37754066879814546,0.9859363735766059,0.9525741264858409,9.54503492274952e-12,0.14804719991116141,0.09534946232842245,6.475945666070602e-07,0.006692851264816553,3.5114221133641816e-12,0.9399133496156019,0.9399133496156019,0.047425873514159125,0.010986941578116867,0.8519528000888387,4.363462233903899e-09,2.5109990926928157e-08,0.11920291732853862
0.9999938558224682,0.9999724643121783,0.9988304896995872,0.010986941578116867,2.7894680920908113e-10,0.0007096703049020563,1.3176514268359263e-10,0.2689414213699951,0.14804719991116141,7.991959892315218e-11,0.02297737241894287,0.00012339461917113592,0.00015843623599953396,1.760343003490802e-06,4.847368706035286e-11,0.00857748525531428,4.847368706035286e-11,8.315279285380714e-07,0.9999869928761862,3.9278634073828347e-07,2.940077739198032e-11
0.9999999999740539,0.9999999999377585,0.999999999782756,0.9999999943972036,0.9999999995400946,2.646573631904765e-09,4.363462233903899e-09,0.9999996072136592,4.363462233903899e-09,0.9999982396569965,2.0611536181902033e-09,0.6224593312018546,0.37754066879814546,0.9999999677581336,0.9999970976880148,0.9999869928761862,0.9998766053808288,0.9999646437450657,0.9999997617630333,0.9994472214475559,0.9999993524054335
0.9999999999377585,0.999999998394772,1.1861120010657661e-08,0.9997388096898188,0.9995694429072771,0.9999938558224682,1.0261879630648829e-10,0.9999998874648245,0.9999996072136592,0.8175744850834648,0.9998415637640005,0.9999986290421394,0.9990889486412498,0.9959298622161507,0.9999832985701905,0.010986941578116867,3.775134544136581e-11,0.9999996940976636,0.997527377056997,0.9626731105140616,0.9999994956523514
0.00015843623599953396,0.11920291732853862,4.599055376537186e-10,0.9997388096898188,0.9859363735766059,0.00043055709272278825,0.0003353500316799018,0.9706877672877217,0.9525741264858409,9.610239214580367e-05,0.22270013882530884,2.9023119851992182e-06,0.5621765008857981,0.6791786926816161,0.8175744850834648,0.22270013882530884,1.5737102106615244e-11,2.5946094982091465e-11,0.1824255149165352,0.03732688948593844,0.5621765008857981
0.9999999943972036,0.9999999997538302,0.9933071487351834,0.9988304896995872,0.9990889486412498,0.9999999804443193,1.4449802095675026e-07,0.9968273169307178,0.9999999586006244,0.9706877672877217,1.1861120010657661e-08,1.1861120010657661e-08,3.3982678079468468e-09,0.9999996940976636,0.999999814460854,0.9999994956523514,0.0009110513587503459,0.0002611903101813263,0.9999986290421394,0.00015843623599953396,0.2689414213699951
0.9999999998308102,0.9999999995400946,0.9999999943972036,0.9999999966017321,0.00015843623599953396,0.9999999804443193,0.9990889486412498,0.9999999586006244,0.9999938558224682,0.9980732657060567,0.9999546021475793,0.9998766053808288,0.9947798743644766,6.144177531850823e-06,2.9023119851992182e-06,0.9999993524054335,0.9933071487351834,0.9999952149055052,0.9999986290421394,0.9999970976880148,0.9999982396569965
0.9959298622161507,0.99999998813888,7.194132978569833e-09,4.599055376537186e-10,0.9999996072136592,0.9999999907625504,0.9999938558224682,0.9999546021475793,0.8519528000888387,0.7310585786300049,1.6918979223288786e-10,0.9999998874648245,0.999290329695098,0.9998415637640005,0.9968273169307178,0.9999546021475793,0.999999855501979,0.0007096703049020563,3.581747929000289e-10,0.9525741264858409,0.9999993524054335
0.9999977396748937,9.237449576640118e-09,1.6052280526088547e-09,0.9999999468421502,4.363462233903899e-09,0.9859363735766059,0.004070137783849419,0.00015843623599953396,0.99966464996832,6.144177531850823e-06,0.9999921107355332,0.9999898700126424,1.760343003490802e-06,0.7310585786300049,1.4449802095675026e-07,3.059023363247549e-07,0.9999832985701905,0.9999832985701905,0.11920291732853862,0.01798621187025419,0.9998766053808288
0.9999999999622486,0.9999996072136592,6.825603724121505e-08,0.99999627336116,0.9999999990263799,0.9914225147446858,0.99999627336116,6.475945666070602e-07,0.9046505376715775,0.9999999943972036,0.9999869928761862,0.9968273169307178,0.9999646437450657,0.999290329695098,0.9999999907625504,0.997527377056997,0.9999999847700205,0.9998766053808288,0.9999251537370122,0.9998415637640005,0.9770226275810572
0.9999999999705993,0.999999998394772,0.9999999586006244,3.581747929000289e-10,0.0015011819937681247,0.9999998874648245,0.9770226275810572,0.8175744850834648,0.8519528000888387,0.5,1.0129987357628251e-05,6.224144622520382e-11,2.940077739198032e-11,0.22270013882530884,0.9525741264858409,0.07585817323116975,0.03732688948593844,2.2897348455931243e-11,0.9046505376715775,7.433680672296929e-12,0.0031726830692822717
0.999999999987744,0.9999986290421394,0.9999999992417439,1.1861120010657661e-08,0.9999977396748937,2.0611536181902033e-09,0.9999921107355332,0.9999999956365377,7.194132978569833e-09,0.99999998813888,0.9999417087274893,0.9999986290421394,0.9999898700126424,7.582560422162384e-10,7.582560422162384e-10,0.9999546021475793,0.9999251537370122,0.9999251537370122,2.7894680920908113e-10,0.999999814460854,0.6224593312018546
0.9999999999842628,0.9999999928058669,0.9999999966017321,0.9999996072136592,0.9999999847700205,0.9999999586006244,0.999290329695098,0.9999999468421502,0.9999999468421502,0.9999994956523514,0.9999982396569965,0.9947798743644766,0.9706877672877217,0.6791786926816161,0.9997388096898188,0.9999991684720715,0.9999986290421394,0.9999970976880148,0.2689414213699951,0.06008665038439803,0.01798621187025419
0.9999991684720715,4.363462233903899e-09,9.736200303530205e-10,0.9999991684720715,0.014063626423394072,0.9995694429072771,0.9999977396748937,0.9999921107355332,0.0007096703049020563,2.5946094982091465e-11,0.9241418267688302,0.9626731105140616,7.889264466933239e-06,2.7535687821746045e-05,2.2897348455931243e-11,2.5946094982091465e-11,0.9999417087274893,1.067702997323512e-06,6.475945666070602e-07,7.433680672296929e-12,1.4449802095675026e-07
0.9999999956365377,0.9999999847700205,0.9999999317439628,7.889264466933239e-06,0.9999938558224682,0.9999785550413585,6.475945666070602e-07,1.067702997323512e-06,0.9999996072136592,0.9820137881297458,0.9525741264858409,1.125351754703302e-07,0.99999627336116,0.9914225147446858,2.5109990926928157e-08,0.9998766053808288,0.9999970976880148,7.194132978569833e-09,9.237449576640118e-09,0.010986941578116867,0.7772998611746911
0.999999999990455,0.999999814460854,0.9999999973534264,0.9997965729534201,0.9999417087274893,0.9998766053808288,0.9999996072136592,0.9999986290421394,0.014063626423394072,2.0611536181902033e-09,0.9999952149055052,0.0015011819937681247,0.0002611903101813263,0.9947798743644766,2.7894680920908113e-10,4.599055376537186e-10,4.5397852420729034e-05,0.6224593312018546,0.9820137881297458,2.7894680920908113e-10,3.581747929000289e-10
0.999999999989184,0.9999999995941349,0.9999038976078543,0.9999999966017321,0.9997388096898188,0.9999999907625504,0.9914225147446858,0.9999999468421502,1.6918979223288786e-10,0.9999998874648245,4.847368706035286e-11,0.9999999804443193,2.940077739198032e-11,4.847368706035286e-11,0.9999646437450657,0.9999999586006244,0.9999832985701905,7.991959892315218e-11,0.9984988180062319,0.9859363735766059,0.0015011819937681247
0.9999999987498471,0.9999999123575151,0.9525741264858409,0.4378234991142018,0.9999417087274893,0.09534946232842245,0.9999996940976636,0.02297737241894287,0.9999986290421394,0.9859363735766059,0.9399133496156019,0.99999627336116,5.905303995456778e-10,0.6224593312018546,0.9999982396569965,0.9999970976880148,5.8291272510566984e-05,0.9706877672877217,2.2603251062511995e-06,5.905303995456778e-10,0.9999646437450657
0.9999999999515263,0.9999999990263799,0.9999970976880148,0.9999999966017321,1.6052280526088547e-09,0.9999999804443193,0.9997965729534201,0.9999970976880148,0.9999998874648245,0.9980732657060567,0.999999855501979,0.9999921107355332,2.1724399346070676e-10,2.1724399346070676e-10,0.9820137881297458,0.9999999317439628,0.9999546021475793,0.2689414213699951,1.3176514268359263e-10,0.9999898700126424,7.991959892315218e-11
0.999999999990455,0.9999646437450657,0.99966464996832,0.9999251537370122,0.9999999928058669,0.9999999956365377,1.0129987357628251e-05,2.7535687821746045e-05,0.99999998813888,5.043476486929152e-07,0.9997965729534201,0.99999998813888,0.9994472214475559,4.1399375473943306e-08,0.9995694429072771,0.99966464996832,0.9820137881297458,0.9999999123575151,0.8175744850834648,2.5109990926928157e-08,0.9999996072136592
2.7535687821746045e-05,0.9999999943972036,0.9995694429072771,0.9999996072136592,0.9959298622161507,2.7894680920908113e-10,0.03732688948593844,1.0261879630648829e-10,0.00043055709272278825,0.9999785550413585,0.2689414213699951,0.1824255149165352,2.2897348455931243e-11,0.9999546021475793,2.2897348455931243e-11,0.03732688948593844,0.9999724643121783,0.9999785550413585,1.760343003490802e-06,4.785094494835719e-06,0.9997965729534201
0.9999999999925664,0.999999999868235,0.9999999586006244,0.9999999943972036,3.775134544136581e-11,0.9999998874648245,0.9999993524054335,0.9999991684720715,0.9046505376715775,0.9999999586006244,0.9999938558224682,0.5,0.9999724643121783,0.9999999586006244,0.9999417087274893,0.9999646437450657,0.0031726830692822717,0.9999999123575151,0.9999999317439628,0.9999997617630333,0.0009110513587503459
0.9999999999515263,0.9999999990263799,0.9999991684720715,5.3157849718487075e-08,0.9999999847700205,0.99999998813888,0.9999417087274893,3.9278634073828347e-07,0.999290329695098,0.6224593312018546,0.9994472214475559,0.14804719991116141,0.999290329695098,0.9890130584218833,2.646573631904765e-09,4.363462233903899e-09,2.646573631904765e-09,0.03732688948593844,0.9399133496156019,9.736200303530205e-10,0.9959298622161507
0.9999999999964886,0.9999999996418252,0.4378234991142018,0.9999999995941349,0.9999785550413585,0.9999999994094697,0.9999999992417439,0.00020342704657999323,0.9999996072136592,0.00012339461917113592,0.00043055709272278825,0.00043055709272278825,0.997527377056997,0.9999938558224682,0.9241418267688302,0.9999999804443193,0.8519528000888387,0.9999999317439628,4.785094494835719e-06,0.9999999317439628,0.37754066879814546
0.9999991684720715,0.999999814460854,0.9999785550413585,0.9999724643121783,0.9999646437450657,0.9999251537370122,0.9997388096898188,4.785094494835719e-06,0.9999999677581336,0.997527377056997,0.9890130584218833,0.9999997617630333,0.9999999317439628,0.9770226275810572,0.997527377056997,0.9999999123575151,0.9820137881297458,0.9525741264858409,0.9525741264858409,0.9999989322970027,0.3208213073183839
0.9999999999515263,0.9999999985833912,0.014063626423394072,0.9999999468421502,0.9994472214475559,5.8291272510566984e-05,0.9999989322970027,0.00020342704657999323,0.9999999847700205,5.8291272510566984e-05,0.9999977396748937,4.5397852420729034e-05,1.3007123813725571e-05,0.99999627336116,5.8291272510566984e-05,0.9999417087274893,0.9999417087274893,0.9998766053808288,0.9999952149055052,0.9999997617630333,0.9997965729534201
0.9999999994094697,0.9999999999705993,0.9999999966017321,0.9999898700126424,2.646573631904765e-09,0.9998415637640005,0.99999998813888,0.999999974890009,0.9999993524054335,0.9999999317439628,0.999999814460854,0.9525741264858409,0.9999997617630333,0.5,2.1724399346070676e-10,0.999999855501979,0.9999991684720715,0.9999646437450657,0.03732688948593844,4.277787868786004e-11,0.006692851264816553
0.9999417087274893,0.99966464996832,0.9984988180062319,1.7832472907828393e-11,0.9959298622161507,0.9706877672877217,0.9706877672877217,0.5,1.2256067443949272e-11,1.760343003490802e-06,0.3208213073183839,0.4378234991142018,0.6224593312018546,9.54503492274952e-12,0.00857748525531428,0.8807970826714614,0.006692851264816553,1.125351754703302e-07,2.734698291584396e-12,0.047425873514159125,5.3157849718487075e-08
0.9999999998973812,0.014063626423394072,7.484626298776402e-05,0.9859363735766059,1.0129987357628251e-05,0.8175744850834648,1.7832472907828393e-11,3.7266388399128017e-06,0.9241418267688302,3.9278634073828347e-07,0.4378234991142018,0.6791786926816161,0.5,3.2241866333029355e-08,0.11920291732853862,0.047425873514159125,0.4378234991142018,0.2689414213699951,0.02297737241894287,0.010986941578116867,0.0293122327122782
0.9999999998308102,0.010986941578116867,0.9914225147446858,3.535625493426631e-05,4.785094494835719e-06,4.847368706035286e-11,0.9999546021475793,3.775134544136581e-11,0.07585817323116975,2.0206839089813854e-11,0.00020342704657999323,4.847368706035286e-11,4.1399375473943306e-08,2.940077739198032e-11,0.002472622943003016,0.005220125635523486,5.3157849718487075e-08,0.9998415637640005,0.0002611903101813263,3.2241866333029355e-08,9.54503492274952e-12
0.9999999999094393,0.9999997617630333,0.9999999468421502,1.522997951276035e-08,0.9999977396748937,0.9999977396748937,0.9999998874648245,0.9999546021475793,5.905303995456778e-10,0.9999938558224682,0.9999646437450657,0.99999627336116,0.9999038976078543,0.999999855501979,0.9999546021475793,0.9999038976078543,0.9999999123575151,0.9998415637640005,0.6224593312018546,0.9959298622161507,0.37754066879814546
0.9999999999978701,0.9997965729534201,4.5397852420729034e-05,0.9984988180062319,0.9999999928058669,0.9999999804443193,0.999999998394772,0.9399133496156019,0.9046505376715775,0.9999996072136592,0.9999994956523514,0.9999993524054335,0.11920291732853862,1.125351754703302e-07,0.9999952149055052,0.9999952149055052,0.0293122327122782,0.9999898700126424,0.010986941578116867,9.237449576640118e-09,7.194132978569833e-09
0.9999999966017321,0.9999999999666846,0.8175744850834648,0.9999999956365377,0.99999627336116,0.9999999847700205,0.9999999995941349,0.9999999907625504,0.9999999847700205,0.9999785550413585,0.9999999468421502,0.9999999966017321,0.2689414213699951,0.9997965729534201,0.09534946232842245,0.9999997617630333,0.999290329695098,0.9999989322970027,0.9984988180062319,0.9999999804443193,0.9999977396748937
0.999999998394772,0.9999986290421394,1.6052280526088547e-09,2.1724399346070676e-10,0.9997388096898188,0.9999998874648245,0.997527377056997,0.0003353500316799018,0.9999993524054335,0.8175744850834648,0.9999994956523514,0.8519528000888387,0.8519528000888387,0.9399133496156019,1.3709578605790399e-06,1.067702997323512e-06,1.760343003490802e-06,1.067702997323512e-06,4.847368706035286e-11,6.224144622520382e-11,1.3887943864771146e-11
0.9999999993308415,0.9999785550413585,0.9998415637640005,0.99999627336116,0.9999996940976636,4.363462233903899e-09,0.9999982396569965,1.6052280526088547e-09,0.7310585786300049,1.0129987357628251e-05,6.144177531850823e-06,0.9626731105140616,0.5621765008857981,0.5,0.7310585786300049,2.2603251062511995e-06,8.315279285380714e-07,0.03732688948593844,0.14804719991116141,1.760343003490802e-06,0.11920291732853862
0.9999999997538302,0.9999999998837177,0.9999999804443193,0.9999998874648245,7.991959892315218e-11,0.9999999956365377,0.99999627336116,0.9999996940976636,0.9999996072136592,0.9999991684720715,0.9999999317439628,0.99999627336116,4.847368706035286e-11,0.9999038976078543,0.9999546021475793,1.7832472907828393e-11,0.9999785550413585,0.9999417087274893,0.9998415637640005,3.775134544136581e-11,0.99966464996832
0.9999999997538302,0.9933071487351834,0.09534946232842245,0.9998766053808288,0.999290329695098,0.999999998394772,0.9999996940976636,0.9999998874648245,0.9999997617630333,0.9999999979388463,0.9999993524054335,0.9999993524054335,0.9999982396569965,0.9999921107355332,0.4378234991142018,0.9999999804443193,0.4378234991142018,0.11920291732853862,2.7535687821746045e-05,0.9999417087274893,0.01798621187025419
0.9999417087274893,0.9999546021475793,0.9241418267688302,5.8291272510566984e-05,0.9820137881297458,0.9046505376715775,0.6791786926816161,2.7535687821746045e-05,0.9241418267688302,0.37754066879814546,1.3887943864771146e-11,0.6224593312018546,0.2689414213699951,0.11920291732853862,1.0815941557168708e-11,6.475945666070602e-07,1.3887943864771146e-11,0.02297737241894287,0.014063626423394072,0.01798621187025419,1.0815941557168708e-11
0.9999999123575151,0.9999999995400946,1.125351754703302e-07,0.9999898700126424,0.9998415637640005,0.9998766053808288,3.059023363247549e-07,0.9995694429072771,0.999290329695098,0.9959298622161507,3.2241866333029355e-08,0.9999991684720715,0.9999993524054335,0.7772998611746911,7.194132978569833e-09,0.9770226275810572,0.9999986290421394,4.363462233903899e-09,0.4378234991142018,0.9241418267688302,1.2501528648238603e-09
0.9999999973534264,0.9999999998973812,0.9999999966017321,0.9999999997210531,0.9999999993308415,5.3157849718487075e-08,1.8553914607279396e-07,0.9999999907625504,0.9999982396569965,3.2241866333029355e-08,1.522997951276035e-08,3.3982678079468468e-09,0.9999999317439628,0.9999869928761862,0.9999785550413585,0.999999814460854,0.0031726830692822717,9.736200303530205e-10,0.9999993524054335,0.9995694429072771,1.2501528648238603e-09
0.9999999999450722,0.9999999999200804,3.059023363247549e-07,0.9999999987498471,4.1399375473943306e-08,1.522997951276035e-08,0.9998766053808288,0.9999996072136592,1.4449802095675026e-07,0.9999999928058669,0.9999999847700205,0.9999986290421394,0.9999986290421394,0.9999999677581336,1.125351754703302e-07,0.9999938558224682,9.237449576640118e-09,0.9999999928058669,7.194132978569833e-09,4.363462233903899e-09,0.11920291732853862
0.99999627336116,0.9999999999622486,0.9999999990263799,0.9999999973534264,0.9999999956365377,5.905303995456778e-10,0.9999999468421502,0.9999977396748937,4.599055376537186e-10,0.9999999677581336,0.9999994956523514,0.9999996072136592,0.99966464996832,0.9999989322970027,0.9999986290421394,0.999999855501979,0.9999970976880148,0.999290329695098,0.2689414213699951,0.9980732657060567,0.9999921107355332
0.9999999468421502,9.610239214580367e-05,0.9859363735766059,0.9399133496156019,0.9999996072136592,0.2689414213699951,5.60279640614594e-09,4.1399375473943306e-08,0.999999855501979,0.9999977396748937,5.60279640614594e-09,0.9999986290421394,0.00043055709272278825,0.9997965729534201,0.9997965729534201,5.8291272510566984e-05,7.484626298776402e-05,0.9999898700126424,1.6701429809483402e-05,5.905303995456778e-10,0.9933071487351834
0.9999999999450722,0.9999999999377585,0.9999999317439628,0.9997388096898188,0.9999982396569965,0.9999999966017321,3.7266388399128017e-06,0.9999921107355332,0.9999832985701905,0.9999417087274893,0.9980732657060567,0.9999999317439628,0.9988304896995872,0.9999993524054335,0.8807970826714614,0.9984988180062319,0.9968273169307178,0.8519528000888387,0.9999997617630333,0.9626731105140616,0.9968273169307178
0.0009110513587503459,0.9999251537370122,0.9997388096898188,0.14804719991116141,0.999999974890009,0.02297737241894287,0.9241418267688302,0.5621765008857981,0.9999993524054335,0.9999977396748937,0.9999977396748937,0.0007096703049020563,0.0003353500316799018,0.9999921107355332,0.9999952149055052,0.9999938558224682,0.9999977396748937,0.006692851264816553,0.9999970976880148,0.005220125635523486,0.0031726830692822717
