0,1,2,3,4,5,6,7,8,9,10,11,12,13,14,15,16,17,18,19,20
0.014063627766405476,0.004609572875907449,0.009708478075275865,0.009708475756204796,0.012431653471559487,0.008577484178209957,0.06008665017400762,0.010986942681193006,0.009708474663824018,0.010986941456677298,0.003593603238371047,0.06754668738548217,0.07585817688736327,0.010986942681193006,0.002472623526470443,0.006692851221476155,0.002182716172021526,0.008577485184035312,0.004609572875907449,0.0019267345209466272,0.0035936023813335277
0.0059110683281407405,0.0040701382481969405,0.0019267342921522673,0.053403333754516925,0.0024726226438037285,0.0019267342905851827,0.0028009269508630975,0.0015011825280818228,0.004070138257634899,0.004609571796921952,0.001325022356672093,0.002472622936685948,0.001169510299868875,0.004609571252087787,0.004070138257634899,0.001501182349570073,0.001169510438306388,0.0017007225794407035,0.07585817949893017,0.004609571796921952,0.0017007227816401849
0.010986941456677298,0.08509904442693891,0.004609572886590475,0.003593603244206906,0.0035936028131870385,0.06754669724011829,0.007577240952708521,0.007577241842138349,0.004070136804189576,0.11920291263495983,0.13296425050508953,0.0040701377593107295,0.005220125611342273,0.1329642384799526,0.0035936028131870385,0.18242552602881168,0.14804720179063333,0.18242551491653522,0.004070138240646573,0.008577487164006827,0.005911069704492325
0.009708476938125118,0.006692849627168819,0.0040701382481969405,0.004070136804189576,0.004609571786238929,0.004070137766861096,0.003593603238371047,0.07585818837825821,0.004070136804189576,0.004070137285525308,0.004609571786238929,0.06754668926255561,0.0021827164291181728,0.0021827164291181728,0.11920292984474948,0.0035936019619854775,0.0024726235235990475,0.004609571796921952,0.004609572875907449,0.004609571786238929,0.004070137277974942
0.14804719615221756,0.02297737179171353,0.06754669630158146,0.012431653471559487,0.06754669630158146,0.005220125596833546,0.004609572875907449,0.005911069009475779,0.06754668832401889,0.07585818837825821,0.004609572875907449,0.006692850435157538,0.007577242731568279,0.005911069025893493,0.006692850435157538,0.005911067616706645,0.006692850435157538,0.007577241866650195,0.0059110683281407405,0.11920291263495983,0.006692850391817144
0.022977369324611627,0.18242552380635635,0.0040701382481969405,0.004609572886590475,0.003172683059709667,0.0031726823078921332,0.0024726232330138753,0.11920292202211755,0.0024726232330138753,0.002182716690271602,0.002800926619202455,0.0024726232330138753,0.0019267342905851827,0.006692849648839014,0.005911067633124355,0.0024726232330138753,0.0059110697209100406,0.16451646289656316,0.0040701367966392114,0.004609571241404765,0.20181321745968234
0.029312228048464204,0.13296425050508953,0.07585818106587033,0.022977369073719923,0.017986207297244074,0.01590638932096636,0.005911069025893493,0.008577487164006827,0.004070137277974942,0.01590638932096636,0.05340333243628599,0.006692850435157538,0.06754668597767712,0.005911069025893493,0.014063627676010475,0.006692851221476155,0.0040701367966392114,0.020332352637722033,0.08509904964767097,0.015906391157837624,0.008577484114850882
0.029312231758316185,0.006692851989220403,0.014063624602580737,0.006692850413487341,0.08509904442693891,0.08509903630580076,0.0028009272831740943,0.003172683059709667,0.10669058755477132,0.13296423504419935,0.012431652030882206,0.014063624602580737,0.003172682303474009,0.006692849605498625,0.012431652030882206,0.16451646494473962,0.003172682303474009,0.0059110697209100406,0.007577240924694985,0.005220125611342273,0.1824255304737224
0.006692851243146353,0.002800927287075985,0.0021827164311465485,0.0017007227830237591,0.0021827169519321567,0.029312231917309858,0.0017007223774388998,0.0013250226726256359,0.002182716690271602,0.0017007221754371201,0.0013250225142637337,0.0017007225794407035,0.0019267345209466272,0.002472622936685948,0.0019267342921522673,0.0024726226438037285,0.001501182349570073,0.0013250225142637337,0.0019267345209466272,0.0017007221754371201,0.0019267345209466272
0.11920292202211755,0.11920292984474948,0.005220125611342273,0.08509904442693891,0.005220124994721384,0.010986942681193006,0.002800927614834815,0.0059110683281407405,0.005220125611342273,0.006692851221476155,0.1192029235866439,0.005911069025893493,0.008577486158181241,0.004070136804189576,0.004609572886590475,0.004609571796921952,0.007577242731568279,0.18242552602881168,0.0059110697209100406,0.0040701367966392114,0.005220124982630778
0.022977369073719923,0.017986209369903194,0.0059110697209100406,0.014063626139295522,0.012431650510167477,0.008577484178209957,0.08509904616718289,0.09534946875514018,0.006692849648839014,0.01406362785680048,0.00970847698289483,0.014063624512185756,0.008577485184035312,0.004609572886590475,0.004070137766861096,0.012431651950844584,0.008577486189860786,0.009708476938125118,0.004609571786238929,0.006692849648839014,0.006692851199805954
0.033085979938003426,0.01590639042892043,0.00857748401189239,0.0052201255726523335,0.005220126186855169,0.06008665417142547,0.004609572854541397,0.004609571211492303,0.005911068278887608,0.008577487124407392,0.012431648989452931,0.005911068278887608,0.0059110696716568965,0.07585817218654306,0.09534946489910949,0.008577486126501697,0.014063624421790773,0.1192029235866439,0.0075772408686679135,0.11920291419948607,0.005911068973904069
0.0059110697209100406,0.004070137285525308,0.004609571232858347,0.0031726826841690548,0.0028009272831740943,0.005911067616706645,0.002472622936685948,0.0024726232301424803,0.0035936019619854775,0.11920293140927592,0.004609572341756182,0.004609572341756182,0.004609572341756182,0.004609571796921952,0.004070138257634899,0.005911067616706645,0.007577240952708521,0.13296423504419935,0.004609571252087787,0.0028009276187367063,0.11920292045759123
0.07585818106587033,0.020332355049347755,0.008577486055222723,0.025957355596589876,0.020332352155396926,0.08509903978628845,0.010986942114474974,0.00970847649042801,0.005220126830075538,0.005220125584742939,0.012431649927036312,0.01798621335072534,0.00857748512067623,0.09534946104307895,0.014063627766405476,0.0059110689930580666,0.012431650224318863,0.007577241842138349,0.11920292671569666,0.14804719615221756,0.13296422989056964
0.053403333754516925,0.002472623526470443,0.0019267345209466272,0.037326883462100995,0.0017007221754371201,0.047425870484828096,0.0019267342921522673,0.0015011825291288126,0.06008664554541885,0.001501182349570073,0.001325022199080471,0.0017007225794407035,0.06754668832401889,0.001325022199080471,0.0013250226726256359,0.0031726826841690548,0.08509904616718289,0.003172683059709667,0.002182716690271602,0.08509904442693891,0.00116951016075143
0.02033235256351817,0.02033235256351817,0.022977369199165775,0.00857748414653042,0.11920292202211755,0.11920293297380237,0.08509904616718289,0.08509904616718289,0.10669058471438037,0.005911067616706645,0.005220126225545113,0.11920293297380237,0.10669059465574898,0.005911069009475779,0.11920293297380237,0.005911068311723029,0.005911069025893493,0.007577241866650195,0.008577485184035312,0.009708478120045582,0.007577242731568279
0.006692850413487341,0.0035936019619854775,0.0019267342905851827,0.002472623526470443,0.003172683059709667,0.0013250226717013446,0.002472623526470443,0.06754669020109236,0.0035936028131870385,0.0019267345209466272,0.0021827169519321567,0.08509903630580076,0.09534946875514018,0.10669060459711842,0.0015011825280818228,0.0024726232330138753,0.1329642384799526,0.002472623526470443,0.0028009269508630975,0.002472623526470443,0.11920292045759123
0.0159063894375931,0.007577240952708521,0.07585817427579646,0.007577240087790639,0.004070136804189576,0.0035936028131870385,0.003172682303474009,0.005220126854256757,0.003172683059709667,0.003172683059709667,0.06754669724011829,0.0019267349787592978,0.001700722174053546,0.00218271616999315,0.0024726232301424803,0.004609571252087787,0.0019267342905851827,0.14804719803168945,0.13296424535145931,0.18242551491653522,0.0035936019619854775
0.06008664554541885,0.014063629496824204,0.009708476938125118,0.014063626229690516,0.005220126842166147,0.008577486189860786,0.004609571786238929,0.004609571241404765,0.008577485184035312,0.00857748723528581,0.0040701367966392114,0.042087729267329864,0.042087724160866216,0.0035936028131870385,0.05340332678672523,0.060086644703857287,0.0534033331895608,0.009708478120045582,0.008577484178209957,0.07585818106587033,0.005220125596833546
0.06008665269869255,0.006692850435157538,0.002800927614834815,0.005220125611342273,0.002182716949396686,0.04208772881675952,0.03308597791199667,0.007577240952708521,0.007577240087790639,0.04742586981164345,0.03732688734412946,0.008577485152355771,0.042087723860486016,0.006692851199805954,0.007577242731568279,0.001700722174053546,0.05340332546849447,0.006692849648839014,0.006692851199805954,0.06754669395523942,0.0028009272792722034
0.012431650510167477,0.007577240087790639,0.0031726823078921332,0.005911067633124355,0.0052201262400538425,0.009708478075275865,0.007577240952708521,0.003172682303474009,0.003172682679014576,0.08509904442693891,0.004609572341756182,0.0035936023871693855,0.003593603244206906,0.10669058755477132,0.004609572341756182,0.004070137277974942,0.004609572341756182,0.004609572341756182,0.004070138257634899,0.006692851199805954,0.003593603244206906
0.05340332753999996,0.022977371582637088,0.014063626229690516,0.1329642487872128,0.008577487195686375,0.015906393111335865,0.10669059465574898,0.13296424535145931,0.006692849627168819,0.13296423332632276,0.010986944077748277,0.012431652030882206,0.11920292202211755,0.006692849648839014,0.006692849648839014,0.006692849627168819,0.16451646289656316,0.007577240063278797,0.008577487195686375,0.008577487195686375,0.20181323186177208
0.008577486189860786,0.004070136789088848,0.03308597791199667,0.002472622936685948,0.0028009272792722034,0.04208772881675952,0.0028009272831740943,0.0028009269508630975,0.060086644703857287,0.004070138240646573,0.07585817949893017,0.0028009276187367063,0.0017007225780571295,0.0019267347481739293,0.002182716172021526,0.002182716949396686,0.003172683055291542,0.003172682679014576,0.003172683055291542,0.0024726229395573424,0.0021827169519321567
0.00857748723528581,0.008577486189860786,0.004070138257634899,0.004070137766861096,0.005911068311723029,0.003593602819022897,0.0035936023871693855,0.006692849627168819,0.005220124982630778,0.004070138257634899,0.005911067616706645,0.004609571241404765,0.005220124994721384,0.004609572886590475,0.004609571252087787,0.1329642384799526,0.0059110683281407405,0.004609571252087787,0.16451646494473962,0.005220124994721384,0.005220126854256757
0.009708476938125118,0.005220126842166147,0.007577240087790639,0.0028009269508630975,0.0017007223774388998,0.03732688761185558,0.033085981606479666,0.006692849627168819,0.005220126225545113,0.002182716949396686,0.004609571241404765,0.03732688761185558,0.002182716172021526,0.005911069737327755,0.0019267342921522673,0.08509904964767097,0.0019267342905851827,0.09534946875514017,0.07585817688736327,0.0031726823078921332,0.0052201262400538425
0.014063629587219217,0.007577240977220365,0.006692849648839014,0.007577240087790639,0.006692849648839014,0.006692849648839014,0.007577240087790639,0.002182716690271602,0.005220126225545113,0.06754668926255561,0.06754668926255561,0.008577484178209957,0.002472622936685948,0.002472622936685948,0.00857748723528581,0.09534947453918644,0.002472623526470443,0.10669059252545564,0.005911068311723029,0.0031726826841690548,0.002800926619202455
0.01590639494820756,0.010986944077748277,0.006692849627168819,0.004070136804189576,0.0040701382481969405,0.020332352823231696,0.0031726823078921332,0.0028009272831740943,0.0024726229395573424,0.0028009269508630975,0.004070136804189576,0.0035936023871693855,0.0031726834352503236,0.0019267349787592978,0.0031726823078921332,0.0035936023871693855,0.003593603244206906,0.042087729267329864,0.037326887879581695,0.0031726823078921332,0.002800927614834815
0.009708478030506148,0.009708475711435089,0.010986941456677298,0.009708478120045582,0.007577240977220365,0.007577240977220365,0.005911068295305319,0.005911067600288937,0.008577484178209957,0.08509904152653236,0.0758581784543034,0.08509903978628847,0.006692849605498625,0.007577240977220365,0.11920291263495983,0.0059110689930580666,0.14804719803168948,0.010986941456677298,0.00857748723528581,0.009708478120045582,0.13296423504419935
0.007577240063278797,0.047425870989716595,0.002800926619202455,0.0031726823078921332,0.002800927614834815,0.002800927614834815,0.042087729267329864,0.003593602819022897,0.00359360195614962,0.004070138257634899,0.0040701377593107295,0.0035936019619854775,0.0013250221983102284,0.0031726826841690548,0.0035936023813335277,0.003593603244206906,0.09534947453918644,0.0031726823078921332,0.003593602819022897,0.003593602819022897,0.07585818733363134
0.008577486189860786,0.09534945590170513,0.0035936023871693855,0.014063626229690516,0.05340332678672523,0.0028009272831740943,0.008577484178209957,0.009708478075275865,0.06754668832401889,0.015906391274464377,0.09534945590170513,0.003172682303474009,0.08509905138791503,0.008577485152355771,0.012431652030882206,0.0028009266153005653,0.003172682679014576,0.009708474663824018,0.0035936023813335277,0.009708474663824018,0.003172682679014576
0.003593603238371047,0.004070137285525308,0.029312231758316185,0.025957359929267797,0.0010322309773333046,0.0013250223559018504,0.002472622936685948,0.0017007223774388998,0.0017007225780571295,0.0019267347481739293,0.03732688761185558,0.002182716690271602,0.047425870484828096,0.0015011819927211352,0.001325022199080471,0.001169510438306388,0.0017007221754371201,0.0024726226438037285,0.0017007223760553258,0.0019267342921522673,0.0019267349769683433
0.007577241866650195,0.005220126225545113,0.005220125623432879,0.0035936023871693855,0.03308597791199667,0.002182716690271602,0.0024726226438037285,0.004609572895136895,0.0040701377762990525,0.0040701377762990525,0.002182716172021526,0.0035936019686550287,0.0035936023871693855,0.0031726830648641457,0.0019267349787592978,0.002182716949396686,0.004609571786238929,0.002182716949396686,0.06754668832401889,0.003172682679014576,0.004609571786238929
0.004609572341756182,0.0024726226438037285,0.029312228260455736,0.003593602819022897,0.0017007227816401849,0.0015011825280818228,0.0035936028131870385,0.003593602819022897,0.001700722174053546,0.0019267347499648834,0.05340332622176918,0.0019267349787592978,0.0015011821712328426,0.0015011821712328426,0.0040701382481969405,0.06754669536304464,0.002472622640932335,0.07585818106587033,0.0028009276187367063,0.003593603238371047,0.002182716690271602
0.006692852010890605,0.0035936028131870385,0.0028009266153005653,0.004609572331073157,0.0021827164291181728,0.0021827164291181728,0.04742586981164345,0.004070137277974942,0.060086643862295744,0.060086643862295744,0.006692849648839014,0.07585818628900447,0.003172683059709667,0.0040701367966392114,0.0028009269508630975,0.10669059962643358,0.0019267345193795425,0.006692849648839014,0.005220125596833546,0.0024726229338145533,0.002472623520727653
0.005911067616706645,0.005911067633124355,0.005220125611342273,0.004609571241404765,0.010986941456677298,0.09534945975773548,0.0024726232301424803,0.008577484178209957,0.007577240087790639,0.004070137766861096,0.001700722174053546,0.008577484178209957,0.09534945590170513,0.008577484178209957,0.11920292984474948,0.00218271616999315,0.009708478120045582,0.005911069009475779,0.0024726232301424803,0.003593603244206906,0.003593603244206906
0.022977371917159397,0.015906391157837624,0.0059110683281407405,0.0059110697209100406,0.09534945782972029,0.0035936019619854775,0.017986211409663194,0.0040701382481969405,0.012431651882240909,0.008577485184035312,0.012431653471559487,0.012431649069490534,0.012431651882240909,0.14804720554957732,0.006692851221476155,0.012431653402955803,0.008577486189860786,0.003172682303474009,0.012431653471559487,0.01098694018156191,0.007577240977220365
0.012431649069490534,0.008577484178209957,0.0028009269508630975,0.025957357009419556,0.002182716172021526,0.0017007223774388998,0.006692852010890605,0.002182716172021526,0.006692852010890605,0.007577242759581822,0.053403333754516925,0.0059110697209100406,0.005911069737327755,0.06008664554541885,0.005911069025893493,0.007577242784093672,0.07585817323116975,0.0024726226438037285,0.0059110697209100406,0.0021827164311465485,0.005911069042311205
0.00970847698289483,0.008577486158181241,0.0035936019619854775,0.04208772881675952,0.004609571796921952,0.005911067616706645,0.0019267347499648834,0.0021827164311465485,0.006692849627168819,0.006692852010890605,0.004609571252087787,0.05340332678672523,0.004609571786238929,0.0028009276187367063,0.0019267347499648834,0.060086644703857287,0.0019267342905851827,0.005911067616706645,0.0028009276187367063,0.13296424706933604,0.005911068311723029
0.005220125596833546,0.004070137285525308,0.08509904442693891,0.0028009266153005653,0.010986942741912796,0.07585818106587033,0.0017007223760553258,0.0019267342905851827,0.002472623526470443,0.1066906024668249,0.007577241866650195,0.0015011823485230832,0.003172682303474009,0.0028009266153005653,0.0017007225780571295,0.008577485184035312,0.14804720179063333,0.16451645470385742,0.009708475800974501,0.002472623526470443,0.008577485184035312
0.017986211278065767,0.012431651882240909,0.005220126225545113,0.02033235274902783,0.004070137277974942,0.004070136789088848,0.01406362785680048,0.004609572886590475,0.005220126830075538,0.006692849605498625,0.08509904152653236,0.014063629496824204,0.005220126830075538,0.005911069704492325,0.005220126213454505,0.012431653471559487,0.004609572320390132,0.005220124968122053,0.007577240924694985,0.005911067600288937,0.010986941456677298
0.01590638932096636,0.005911069025893493,0.07585817427579646,0.0035936028131870385,0.0031726826841690548,0.0031726830648641457,0.003172683059709667,0.06754669020109236,0.004070138257634899,0.005220126225545113,0.005220126842166147,0.004070136804189576,0.004609571241404765,0.0024726229395573424,0.13296424535145931,0.0031726823078921332,0.003593603244206906,0.0031726834352503236,0.004609571252087787,0.005220125611342273,0.004070137285525308
0.006692849605498625,0.00857748512067623,0.005220124982630778,0.003172682303474009,0.1066906024668249,0.003172683055291542,0.0028009272792722034,0.010986941456677298,0.0031726826841690548,0.003172682303474009,0.0028009269476115223,0.00359360195614962,0.004070137277974942,0.004070137277974942,0.0021827166882432258,0.0031726826841690548,0.012431653471559487,0.004609571232858347,0.16451646699291614,0.003172683055291542,0.00359360195614962
0.012431649069490534,0.010986942741912796,0.04208772881675952,0.042087723860486016,0.0035936019619854775,0.04742587452393617,0.004609571786238929,0.047425876038601794,0.037326883462100995,0.005220126854256757,0.0019267342905851827,0.047425870484828096,0.002800926619202455,0.0024726232301424803,0.06754668926255561,0.06008664554541885,0.0024726232330138753,0.005220126854256757,0.002472622936685948,0.0028009276187367063,0.0031726826841690548
0.009708475845744208,0.005911069025893493,0.002472623526470443,0.0028009276187367063,0.0024726232330138753,0.0015011821712328426,0.0015011825291288126,0.0019267342921522673,0.04208772461143651,0.002472623526470443,0.001501182349570073,0.0013250226726256359,0.002182716949396686,0.0019267349787592978,0.002472622936685948,0.07585818106587033,0.0013250225142637337,0.0015011825280818228,0.06754669020109236,0.0017007227816401849,0.06754668926255561
0.012431653402955803,0.009708475756204796,0.08509904790742692,0.0031726826841690548,0.08509903746596331,0.08509904790742692,0.009708475845744208,0.005220126854256757,0.10669059678604235,0.005911067633124355,0.005911067633124355,0.006692849627168819,0.10669059678604235,0.007577242784093672,0.004070136804189576,0.0024726226438037285,0.14804720554957732,0.009708475845744208,0.007577241894663736,0.008577485223634738,0.005220126842166147
0.015906391157837624,0.014063629496824204,0.0159063894375931,0.015906391274464377,0.010986940120842134,0.014063624602580737,0.010986944077748277,0.0035936023871693855,0.010986944017028478,0.004609572886590475,0.012431653402955803,0.009708478120045582,0.014063629587219217,0.13296422989056966,0.008577487195686375,0.16451646289656316,0.01798620742884147,0.020332355271959375,0.007577240977220365,0.005220126225545113,0.006692849648839014
0.20181322466072713,0.010986943966428646,0.02297737179171353,0.06754668785475053,0.007577241758097731,0.007577241786111269,0.014063624421790773,0.01590639077880068,0.014063624228087242,0.01798621318622854,0.004609572290477663,0.012431650224318863,0.017986211113568986,0.017986209040909668,0.014063627676010475,0.10669060317692272,0.009708477896196999,0.022977371206299495,0.020332354678328394,0.003593603238371047,0.012431651882240909
0.20181321745968234,0.03308597719693549,0.10669060459711842,0.010986942741912796,0.010986940060122357,0.009708475756204796,0.007577242731568279,0.008577486189860786,0.009708474574284616,0.022977371708082957,0.022977369073719923,0.009708478075275865,0.008577487124407392,0.1192029235866439,0.11920291732853862,0.009708476938125118,0.006692851221476155,0.009708478030506148,0.20181322706107543,0.020332352637722033,0.022977368948274072
0.010986944017028478,0.06754669395523942,0.0035936023871693855,0.006692850435157538,0.05340332678672523,0.003172682303474009,0.006692850413487341,0.002800927614834815,0.07585818628900447,0.0035936019619854775,0.005911067633124355,0.09534945590170513,0.0035936023871693855,0.11920291263495983,0.10669059962643358,0.007577240952708521,0.007577241842138349,0.13296423504419935,0.007577241842138349,0.004609571786238929,0.006692849648839014
0.017986207297244074,0.01798620920540643,0.0028009266153005653,0.005220124968122053,0.08509903804604459,0.0021827164291181728,0.010986944017028478,0.012431653402955803,0.007577240035265265,0.1066906003365314,0.002182716690271602,0.008577486189860786,0.11920293453832884,0.00857748512067623,0.009708476938125118,0.008577486189860786,0.008577486158181241,0.2227001285074597,0.20181322706107543,0.0021827166857077552,0.16451646084838673
0.04208772340991573,0.014063624512185756,0.006692851989220403,0.017986209369903194,0.005220125596833546,0.009708474663824018,0.004070137277974942,0.004609572875907449,0.007577242759581822,0.004070137277974942,0.007577240063278797,0.0059110689930580666,0.008577487195686375,0.004070136789088848,0.0035936023813335277,0.005220124968122053,0.004609572341756182,0.0059110689930580666,0.004070138240646573,0.006692851967550202,0.10669058258408719
0.004609571786238929,0.08509905138791503,0.0040701377593107295,0.005220124968122053,0.005220126830075538,0.0028009266153005653,0.006692851221476155,0.006692851989220403,0.005220125596833546,0.012431649069490534,0.005911068973904069,0.010986940120842134,0.009708476938125118,0.0028009269476115223,0.1329642436335826,0.13296424706933604,0.005220126830075538,0.003593601949480069,0.009708476938125118,0.14804719615221756,0.010986944017028478
0.0534033331895608,0.012431650510167477,0.0758581784543034,0.006692849605498625,0.007577240063278797,0.005911068311723029,0.005220125596833546,0.060086647859713196,0.005911069009475779,0.009708476848585694,0.004070136789088848,0.010986945190944631,0.005911068311723029,0.005911068311723029,0.009708474619054318,0.005911067616706645,0.010986945190944631,0.13296425050508956,0.14804719427274568,0.005220124982630778,0.004609572331073157
0.09534945975773548,0.006692851199805954,0.004609571232858347,0.0040701377593107295,0.06754668738548217,0.009708474663824018,0.005911068311723029,0.007577242703554737,0.008577485184035312,0.005220126225545113,0.0024726229338145533,0.006692849605498625,0.002800926611398676,0.008577484178209957,0.003172683055291542,0.007577240977220365,0.14804719239327382,0.16451646289656316,0.006692850413487341,0.006692850391817144,0.003172683050137062
0.0035936019619854775,0.005911067633124355,0.004070138257634899,0.0017007227816401849,0.0024726232330138753,0.0013250225142637337,0.042087729267329864,0.0052201262400538425,0.0015011819916741457,0.07585818211049714,0.06008665269869255,0.004609571252087787,0.0019267342905851827,0.06754668926255561,0.0052201262400538425,0.002182716949396686,0.0059110683281407405,0.0035936019619854775,0.0031726823078921332,0.004070137277974942,0.004609572875907449
0.0420877295677101,0.0031726826841690548,0.003593603238371047,0.0021827164311465485,0.0017007225794407035,0.002182716949396686,0.0017007225780571295,0.0017007227816401849,0.003172683055291542,0.0019267345193795425,0.0013250223559018504,0.002182716690271602,0.003172683055291542,0.0028009276187367063,0.002800927287075985,0.0017007225780571295,0.08509903688588204,0.003172682679014576,0.0024726229338145533,0.003172682679014576,0.0024726229395573424
0.015906391274464377,0.007577241866650195,0.005911067633124355,0.00970847698289483,0.06008665269869255,0.06008665269869255,0.0028009272831740943,0.08509903630580076,0.004609571796921952,0.005220126854256757,0.004609571241404765,0.0040701367966392114,0.006692850435157538,0.002800926619202455,0.0031726823078921332,0.0052201262400538425,0.0031726826841690548,0.14804719239327382,0.002182716949396686,0.006692850435157538,0.00218271616999315
0.014063629587219217,0.006692851221476155,0.008577487195686375,0.007577240977220365,0.005911069737327755,0.06008665269869255,0.05340332622176918,0.05340332622176918,0.005220125611342273,0.0035936023938389376,0.004609572886590475,0.004609572895136895,0.006692851199805954,0.0024726226438037285,0.006692852010890605,0.006692851199805954,0.0031726830648641457,0.003593602819022897,0.007577241842138349,0.004609571252087787,0.006692850413487341
0.014063629496824204,0.0059110683281407405,0.06754668926255561,0.0059110683281407405,0.005911067633124355,0.07585818106587033,0.004070136804189576,0.005220126854256757,0.004609572886590475,0.005220126854256757,0.005220124994721384,0.0040701367966392114,0.005220125611342273,0.004609572341756182,0.010986942681193006,0.009708474619054318,0.004070137285525308,0.14804720554957732,0.004609572331073157,0.006692850413487341,0.007577240035265265
0.053403333754516925,0.004070137766861096,0.0024726232330138753,0.0017007227816401849,0.0019267347499648834,0.06008664554541885,0.0024726232330138753,0.00218271616999315,0.07585818733363134,0.004070137277974942,0.0021827164311465485,0.0024726232330138753,0.0040701382481969405,0.10669059962643358,0.0024726232330138753,0.0040701382481969405,0.0028009276187367063,0.002800927614834815,0.0021827169519321567,0.002472622936685948,0.002182716172021526
0.06754669020109236,0.060086644703857287,0.0017007227816401849,0.0017007225780571295,0.037326883462100995,0.0008040859622860424,0.0017007227816401849,0.042087729267329864,0.042087724160866216,0.042087724160866216,0.001169510299868875,0.001501182349570073,0.0017007227816401849,0.0013250223559018504,0.001325022356672093,0.001325022199080471,0.10669058968506456,0.11920292671569666,0.0017007227816401849,0.0015011819927211352,0.10669059962643358
0.009708478075275865,0.0059110697209100406,0.0024726232301424803,0.002800927264314957,0.0019267345175885884,0.0013250226709311018,0.0013250225133394425,0.003172683040564458,0.07585817323116976,0.014063626139295522,0.09534946489910949,0.003593603225865634,0.0009110510323821752,0.002182716949396686,0.0031726826694419724,0.002800927614834815,0.015906389204339618,0.1480471999111614,0.0010322311001377724,0.0009110513579556181,0.0035936032317014934
0.00970847698289483,0.09534945782972029,0.004609571252087787,0.07585818211049714,0.002800926619202455,0.003593602819022897,0.0040701377762990525,0.003593602819022897,0.004609571796921952,0.004070138257634899,0.003593602819022897,0.004070136804189576,0.004609572886590475,0.003593602819022897,0.003172683440404803,0.005220126842166147,0.14804719615221756,0.007577241842138349,0.0059110697209100406,0.005220126842166147,0.004070136804189576
0.047425870484828096,0.01590639494820756,0.1192029188930649,0.09534945782972029,0.010986943966428646,0.008577487195686375,0.020332355160653567,0.07585817949893017,0.009708475756204796,0.012431651882240909,0.009708478075275865,0.09534946297109421,0.008577487195686375,0.00857748414653042,0.009708476893355406,0.10669059962643358,0.009708478075275865,0.11920291263495983,0.01590638932096636,0.01590638932096636,0.014063624421790773
0.008577487195686375,0.005220126854256757,0.003593602819022897,0.0052201262400538425,0.004609571252087787,0.047425876038601794,0.004609572895136895,0.0017007225794407035,0.004070138257634899,0.005911069025893493,0.060086651015569245,0.007577240924694985,0.060086643862295744,0.004609572875907449,0.001325022356672093,0.0019267349787592978,0.0031726823078921332,0.002182716949396686,0.0024726232330138753,0.004609571796921952,0.002182716690271602
0.03732688734412946,0.01798620920540643,0.00857748414653042,0.0534033331895608,0.005911068311723029,0.005220125596833546,0.01098694018156191,0.01098694018156191,0.005220126842166147,0.0534033331895608,0.0040701367966392114,0.004070137766861096,0.060086644703857287,0.006692851199805954,0.008577485184035312,0.005911069704492325,0.005911069009475779,0.005220125596833546,0.008577486189860786,0.005911067633124355,0.09534946489910949
0.008577486229460215,0.002800926619202455,0.0019267345209466272,0.033085981606479666,0.0028009276187367063,0.0017007223760553258,0.003172682679014576,0.0017007227802566104,0.0017007221726699723,0.002800926619202455,0.0021827166882432258,0.0028009269508630975,0.004070137270424578,0.001501182349570073,0.002182716172021526,0.002800926619202455,0.002800926619202455,0.06754669395523942,0.0031726834308321975,0.004070136789088848,0.002472623526470443
0.01590638932096636,0.006692852010890605,0.004070137766861096,0.004609572341756182,0.003172683440404803,0.003172683059709667,0.002472622936685948,0.0019267349787592978,0.05340332753999996,0.004070136804189576,0.0534033331895608,0.0024726232301424803,0.0024726232301424803,0.003593602819022897,0.0040701367966392114,0.003593602819022897,0.09534946682712482,0.0040701377762990525,0.004609571786238929,0.10669060459711842,0.0035936023813335277
0.015906393111335865,0.010986940120842134,0.004609571796921952,0.005220124994721384,0.003593603238371047,0.08509903630580076,0.0028009266153005653,0.003593603238371047,0.003172683059709667,0.003172682679014576,0.0035936023871693855,0.0019267347481739293,0.0019267347481739293,0.0031726823078921332,0.003593602819022897,0.0021827164291181728,0.0019267347481739293,0.0031726823078921332,0.18242552602881168,0.002472622640932335,0.0035936023871693855
0.017986209501500604,0.005220126225545113,0.09534946875514018,0.005220125596833546,0.004609572886590475,0.006692849648839014,0.003172682303474009,0.004609572341756182,0.004609572886590475,0.16451646699291614,0.18242551936144574,0.007577240977220365,0.005911067633124355,0.0059110697209100406,0.006692849605498625,0.004609571232858347,0.24508500761839527,0.0040701377593107295,0.004070138233096207,0.004609572320390132,0.007577240977220365
0.007577241866650195,0.0031726823078921332,0.047425870484828096,0.0021827164311465485,0.06008665185713089,0.0031726823078921332,0.05340332678672523,0.0040701367966392114,0.07585818733363134,0.003172682303474009,0.004609571232858347,0.004070137277974942,0.0031726823078921332,0.10669058755477132,0.13296424706933604,0.1192029235866439,0.002472622640932335,0.003593603244206906,0.005220125596833546,0.003593602819022897,0.1329642436335826
0.13296423676207597,0.009708474663824018,0.012431650578771145,0.0059110697209100406,0.010986944077748277,0.005220126225545113,0.08509903746596331,0.006692850435157538,0.07585817427579646,0.0035936019619854775,0.005911067633124355,0.006692849648839014,0.007577241866650195,0.006692850435157538,0.0035936023871693855,0.0040701382481969405,0.16451647108926923,0.18242552158390102,0.005911067633124355,0.006692849648839014,0.20181322466072713
0.012431653471559487,0.007577240952708521,0.06008664554541885,0.0031726834352503236,0.001700722174053546,0.0019267345193795425,0.0534033331895608,0.0015011825280818228,0.0017007227816401849,0.06008665185713089,0.0011695102991889264,0.0019267345209466272,0.0024726232301424803,0.060086644703857287,0.004070138257634899,0.08509904268669496,0.0024726232301424803,0.005220124994721384,0.09534945590170513,0.0024726226438037285,0.0024726226438037285
0.015906393111335865,0.00857748723528581,0.0035936019619854775,0.0059110697209100406,0.0040701382481969405,0.004609572341756182,0.0028009272831740943,0.007577240087790639,0.05340332678672523,0.005911068311723029,0.006692852029465064,0.004609572341756182,0.005220125596833546,0.002472622936685948,0.002182716949396686,0.0052201262400538425,0.005911068311723029,0.0024726232301424803,0.005911069737327755,0.006692851989220403,0.10669058755477132
0.012431648989452931,0.005220126842166147,0.0040701382481969405,0.05340333243628599,0.007577241866650195,0.005220125596833546,0.004609571796921952,0.005220126854256757,0.005911067616706645,0.002182716949396686,0.06754668738548217,0.08509905138791503,0.006692849648839014,0.006692851199805954,0.006692851199805954,0.006692849627168819,0.006692850413487341,0.005911068311723029,0.005911068311723029,0.007577241842138349,0.004609571796921952
0.060086647228542,0.006692852010890605,0.006692849648839014,0.004609571241404765,0.037326883863690125,0.0024726229395573424,0.047425870484828096,0.0024726229395573424,0.005220126842166147,0.0028009276187367063,0.0052201262400538425,0.0052201262400538425,0.002800927614834815,0.0019267342921522673,0.0021827169519321567,0.08509904268669496,0.0052201262400538425,0.005911067633124355,0.0028009276187367063,0.004609571252087787,0.0040701377593107295
0.004070137766861096,0.0035936023871693855,0.003593602819022897,0.004070136804189576,0.003172683059709667,0.0035936019619854775,0.0024726232330138753,0.003593602819022897,0.002800926619202455,0.047425876543490335,0.0028009276187367063,0.0035936028131870385,0.06008665269869255,0.0024726226438037285,0.0035936019619854775,0.06754668926255561,0.0028009276187367063,0.06754668926255561,0.0035936028131870385,0.0040701367966392114,0.0031726823078921332
0.007577241866650195,0.005911069025893493,0.0059110697209100406,0.004070137766861096,0.005220125611342273,0.010986941456677298,0.005220124994721384,0.10669060459711842,0.10669060459711842,0.008577486189860786,0.007577242759581822,0.0059110683281407405,0.008577484178209957,0.005220126225545113,0.004609571241404765,0.005220124994721384,0.004070138257634899,0.010986944077748277,0.014063624602580737,0.005220126842166147,0.012431653402955803
0.24508501313237172,0.01590638932096636,0.009708474663824018,0.009708474663824018,0.009708474619054318,0.029312228048464204,0.03308598136812592,0.020332352452212373,0.01798620920540643,0.14804719239327382,0.022977371080853633,0.029312229744396488,0.14804719427274568,0.025957356538476316,0.02033235456702259,0.20181321986003056,0.2018132174596823,0.02595735573787284,0.02595735945832451,0.022977371582637088,0.020332354863838074
0.014063629496824204,0.0075772418141248086,0.005911069688074612,0.004609572239199145,0.004609572260565195,0.001926734746382975,0.005911067531881816,0.00669285194588,0.005220125558143605,0.005911068295305319,0.007577239954726358,0.0028009269437096326,0.0059110697209100406,0.002800926611398676,0.0028009272792722034,0.008577487124407392,0.007577241786111269,0.010986942569873391,0.0031726826694419724,0.004609571775555906,0.14804720179063335
0.04742587502882471,0.015906394831580777,0.07585818837825821,0.00857748414653042,0.01590638932096636,0.008577486189860786,0.004609571241404765,0.07585817949893017,0.08509904268669496,0.0035936028131870385,0.006692851221476155,0.015906391157837624,0.09534947453918644,0.01406362785680048,0.01590638932096636,0.014063624421790773,0.014063626048900532,0.020332352637722033,0.014063627766405476,0.007577240063278797,0.014063629303120604
0.010986944017028478,0.07585817479810981,0.0035936023813335277,0.004609572886590475,0.002472622640932335,0.003593603244206906,0.003593603238371047,0.05340333187132989,0.005220124968122053,0.005220124968122053,0.0031726834352503236,0.0035936019619854775,0.002800926619202455,0.004070137285525308,0.0021827166882432258,0.004609572341756182,0.10669058755477132,0.005220125584742939,0.005220126815566806,0.005911067581134943,0.003593603244206906
0.02931222863144092,0.012431650578771145,0.0059110697209100406,0.004609572886590475,0.0035936023871693855,0.042087729267329864,0.0028009269508630975,0.003172683440404803,0.04742587502882471,0.0031726834352503236,0.003172682303474009,0.002800927614834815,0.0031726826841690548,0.05340332678672523,0.0035936023938389376,0.0035936023871693855,0.0035936028131870385,0.0035936019619854775,0.07585817323116975,0.08509903630580076,0.0024726232330138753
0.13296423332632276,0.006692850413487341,0.005220124982630778,0.08509905312815914,0.09534946682712482,0.007577240977220365,0.004070137285525308,0.005911067600288937,0.0024726235235990475,0.004609572341756182,0.0040701382481969405,0.005911067633124355,0.004609571241404765,0.004070137285525308,0.004070137285525308,0.007577240977220365,0.005220124982630778,0.0028009266153005653,0.0035936032317014934,0.007577240977220365,0.004070138240646573
0.005911069025893493,0.005220126854256757,0.005220126225545113,0.10669058471438037,0.09534946168575072,0.0028009272831740943,0.004609571252087787,0.10669058471438037,0.005911067616706645,0.0031726834308321975,0.004609572341756182,0.004070138257634899,0.004609572320390132,0.0031726823078921332,0.00359360195614962,0.004070137285525308,0.004070137285525308,0.0028009269476115223,0.0031726834308321975,0.22270014398423357,0.22270013366638425
0.10669060459711842,0.012431651950844584,0.009708476938125118,0.009708476938125118,0.012431652030882206,0.007577240977220365,0.009708478120045582,0.014063629587219217,0.012431651950844584,0.012431650578771145,0.004070137766861096,0.012431652030882206,0.18242551713899047,0.015906392994709095,0.010986944077748277,0.00857748723528581,0.01406362785680048,0.01798621364681958,0.014063624421790773,0.015906391274464377,0.2689414213699951
0.017986207297244074,0.009708478120045582,0.006692849648839014,0.0024726232301424803,0.047425870484828096,0.004609572341756182,0.005911069737327755,0.001700722174053546,0.005911067633124355,0.0059110683281407405,0.07585817740967664,0.006692850435157538,0.0021827166857077552,0.002182716944832839,0.004609572875907449,0.1066905832941849,0.003593603238371047,0.005220125611342273,0.005911067600288937,0.006692851221476155,0.0059110683281407405
0.015906394831580777,0.02033235226670272,0.0059110697209100406,0.02595735682104226,0.10669059962643358,0.005220124994721384,0.004609572331073157,0.1066906003365314,0.014063624318482222,0.01798621318622854,0.10669059536584677,0.01243165333435212,0.1329642316084462,0.015906394569170524,0.012431651813637232,0.014063624318482222,0.006692851181231498,0.006692850391817144,0.01406362785680048,0.004609572341756182,0.008577484114850882
0.017986207297244074,0.008577486086902267,0.007577240896681449,0.010986942337114199,0.06754668691621382,0.010986941284637912,0.010986940060122357,0.0024726226346152677,0.008577485952264206,0.0028009276076813483,0.003593603225865634,0.06754669207816587,0.003593601949480069,0.005220126830075538,0.007577242731568279,0.08509905022775231,0.0059110689930580666,0.10669060175672705,0.005220126830075538,0.004070137270424578,0.0953494668271248
0.005220126225545113,0.0031726834352503236,0.002472622936685948,0.00218271616999315,0.0019267342905851827,0.003593603244206906,0.06008665269869255,0.0028009269508630975,0.0028009269508630975,0.004609571796921952,0.0031726826841690548,0.09534946489910949,0.0017007225780571295,0.0028009269476115223,0.0028009269508630975,0.0019267345193795425,0.0028009269508630975,0.11920292045759123,0.10669058755477132,0.003172683059709667,0.0028009269508630975
0.1329642487872128,0.007577241866650195,0.007577241866650195,0.010986942681193006,0.004609571775555906,0.004070136789088848,0.009708478075275865,0.005911068295305319,0.0052201255726523335,0.010986942569873391,0.005911069704492325,0.005911069704492325,0.007577241866650195,0.006692849605498625,0.007577242759581822,0.008577487195686375,0.010986942569873391,0.18242552602881168,0.010986942741912796,0.0066928511378911,0.18242551713899047
0.004070137285525308,0.007577240087790639,0.004070138257634899,0.006692849648839014,0.004609571796921952,0.006692849627168819,0.005220125596833546,0.007577240977220365,0.005220125611342273,0.002800927614834815,0.10669059252545564,0.005911069704492325,0.005220124994721384,0.004070137285525308,0.004070138257634899,0.003172682303474009,0.007577240035265265,0.0040701377593107295,0.005220125611342273,0.004609572875907449,0.005911069025893493
0.006692851199805954,0.005220125596833546,0.008577484178209957,0.009708474663824018,0.0059110683281407405,0.042087723860486016,0.04208772340991573,0.05340333563770401,0.006692849627168819,0.002472622640932335,0.0024726235235990475,0.006692851221476155,0.0024726232301424803,0.012431649069490534,0.006692852010890605,0.012431653471559487,0.010986941456677298,0.0028009276115832393,0.1066905832941849,0.007577242759581822,0.009708476848585694
0.13296424019782924,0.012431652030882206,0.007577242784093672,0.003172683059709667,0.004609571796921952,0.006692849648839014,0.002182716949396686,0.06754669020109236,0.005911067633124355,0.08509903746596331,0.0035936023871693855,0.001700722174053546,0.0024726232330138753,0.002800926619202455,0.004609571786238929,0.11920291576401235,0.13296425394084313,0.004609572341756182,0.0040701367966392114,0.0013250223559018504,0.0015011821689643653
0.09534945782972029,0.017986207132747328,0.006692851221476155,0.07585818106587033,0.08509904442693891,0.004609572875907449,0.009708475756204796,0.004609572875907449,0.00857748414653042,0.0035936028131870385,0.014063626229690516,0.010986940120842134,0.014063627676010475,0.012431651882240909,0.012431653471559487,0.01098694018156191,0.1480472036701053,0.004609572875907449,0.015906389058556198,0.012431653471559487,0.16451646904109268
0.025957357009419556,0.008577487195686375,0.06008665017400762,0.010986941456677298,0.06008665017400762,0.003172682303474009,0.01098694263059318,0.012431651813637232,0.012431651813637232,0.009708474663824018,0.009708476848585694,0.006692851199805954,0.009708474484745214,0.07585818367743737,0.007577242759581822,0.008577487195686375,0.01243164877220801,0.003593602800681627,0.0031726822939014063,0.014063627495220471,0.005220126842166147
0.022977369199165775,0.005220126842166147,0.020332352637722033,0.015906392994709095,0.0028009269476115223,0.00218271616999315,0.005220126213454505,0.08509905312815914,0.0017007223760553258,0.0035936019619854775,0.007577242731568279,0.0035936023871693855,0.1329642316084462,0.1066906024668249,0.006692851199805954,0.005911069704492325,0.0031726826841690548,0.006692851199805954,0.017986209369903194,0.20181323186177208,0.006692851989220403
0.06754668926255561,0.012431650441563809,0.005911067600288937,0.006692852010890605,0.00359360195614962,0.005220125611342273,0.02033235274902783,0.029312228260455736,0.0059110683281407405,0.005220126854256757,0.005220124994721384,0.003172682679014576,0.005220124994721384,0.0028009272792722034,0.0059110683281407405,0.05340332622176918,0.003172682303474009,0.004070136804189576,0.05340332622176918,0.004609571796921952,0.0035936019619854775
0.00669285194588,0.005220125596833546,0.0035936028131870385,0.005911067581134943,0.004609571786238929,0.0040701367966392114,0.0035936023871693855,0.009708478075275865,0.0850990438468576,0.004609571786238929,0.00407013677398812,0.11920291107043361,0.003593601949480069,0.004070136781538485,0.0046095728652244235,0.005220125596833546,0.16451646084838673,0.003593603238371047,0.0059110696716568965,0.005220126201363897,0.0066928503299022975
0.025957359317041524,0.010986941406077477,0.022977369073719923,0.007577242759581822,0.007577241866650195,0.010986941406077477,0.005911069025893493,0.008577487164006827,0.05340332546849447,0.007577242759581822,0.060086643862295744,0.00359360195614962,0.008577486189860786,0.007577240063278797,0.006692852010890605,0.010986940060122357,0.08509903978628847,0.09534947453918644,0.009708478030506148,0.10669058755477132,0.009708475756204796
0.07585817584273653,0.004070137285525308,0.037326888281170874,0.0021827169519321567,0.003172683059709667,0.0024726229395573424,0.033085978269527264,0.004609571786238929,0.0028009276187367063,0.003172683440404803,0.0021827169519321567,0.0015011825280818228,0.0035936019619854775,0.0019267349787592978,0.0019267349787592978,0.003172683440404803,0.0035936028131870385,0.003593603244206906,0.09534946875514018,0.003593603238371047,0.00359360195614962
0.009708474663824018,0.009708475800974501,0.0019267349787592978,0.07585817949893017,0.004609572886590475,0.0015011825280818228,0.0015011821700113548,0.0011695102991889264,0.0015011821700113548,0.0015011825268603347,0.0019267347481739293,0.0011695100209540533,0.0013250226717013446,0.0015011819916741457,0.11920291576401235,0.11920291263495983,0.001501182349570073,0.0021827164291181728,0.0013250225142637337,0.001700722174053546,0.0011695100202741048
0.06754669113962912,0.060086653540254206,0.03732688413141622,0.0420877295677101,0.037326888281170874,0.0028009276187367063,0.0024726232330138753,0.033085978269527264,0.03308597457504462,0.0011695104388503468,0.0035936023871693855,0.0011695104388503468,0.002182716172021526,0.0017007221754371201,0.0021827169519321567,0.0017007225794407035,0.07585817427579646,0.0021827166928070725,0.07585818211049714,0.0028009269508630975,0.0019267342921522673
0.008577485152355771,0.06008664554541885,0.005911069009475779,0.005911069688074612,0.005220125611342273,0.004609572886590475,0.005220125596833546,0.04742586930675497,0.005220126854256757,0.05340333563770401,0.005911067581134943,0.0019267349769683433,0.07585818211049714,0.005220124994721384,0.004609571786238929,0.0040701367966392114,0.001700722374671752,0.0066928511595613,0.004609572875907449,0.004609572875907449,0.0066928495435837855
0.020332352934537494,0.014063629587219217,0.07585818211049714,0.07585818211049714,0.07585818211049714,0.006692852010890605,0.006692852010890605,0.007577242784093672,0.006692851221476155,0.09534946489910949,0.0035936023871693855,0.11920291263495983,0.009708478075275865,0.008577485184035312,0.007577240977220365,0.0035936023871693855,0.008577485152355771,0.006692850435157538,0.00857748414653042,0.16451645675203383,0.007577240952708521
0.008577486189860786,0.10669058684467357,0.07585817584273653,0.005220125611342273,0.004070137285525308,0.007577242759581822,0.07585817584273653,0.08509904790742692,0.0059110683281407405,0.006692852029465064,0.0035936019619854775,0.004070137285525308,0.009708476938125118,0.0035936028131870385,0.004070137766861096,0.005220125623432879,0.0052201262400538425,0.004070137766861096,0.18242552825126704,0.004609571241404765,0.22270012850745968
0.007577241866650195,0.012431651950844584,0.004609572341756182,0.047425876543490335,0.053403333754516925,0.002800927287075985,0.003172683440404803,0.053403333754516925,0.0024726226438037285,0.004070136804189576,0.06754668926255561,0.004070138257634899,0.002800927287075985,0.005220126842166147,0.004609572886590475,0.004609572341756182,0.0028009269508630975,0.005220125611342273,0.003172682303474009,0.002800927614834815,0.0028009276187367063
0.005911067616706645,0.0040701382481969405,0.0040701382481969405,0.006692849648839014,0.002800927614834815,0.0019267342905851827,0.0015011819916741457,0.003593602819022897,0.0011695101600714816,0.0534033331895608,0.0013250226717013446,0.0009110512495547486,0.001325022356672093,0.0015011819927211352,0.05340332678672523,0.0017007223774388998,0.002472622936685948,0.003172683440404803,0.004070136804189576,0.1192029235866439,0.09534946489910949
0.020332354863838074,0.010986942741912796,0.007577242731568279,0.005911069009475779,0.06754669630158146,0.004609572886590475,0.0035936023813335277,0.060086644703857287,0.005220125596833546,0.0040701367966392114,0.00359360195614962,0.004609571786238929,0.0059110697209100406,0.004070137277974942,0.004609571786238929,0.005220125596833546,0.006692849648839014,0.1192029235866439,0.007577240977220365,0.005911067600288937,0.16451645675203383
0.025957360070550783,0.008577486189860786,0.0059110697209100406,0.006692851221476155,0.004609571241404765,0.07585818106587033,0.008577484178209957,0.005220126225545113,0.09534947453918644,0.005220126854256757,0.009708478120045582,0.006692852010890605,0.002800927614834815,0.005220124994721384,0.006692850413487341,0.0031726834352503236,0.16451645675203383,0.002472622936685948,0.0028009272831740943,0.008577487164006827,0.1645164608483867
0.007577240952708521,0.007577242703554737,0.06754668691621382,0.0021827164245543265,0.0028009269476115223,0.0013250223549775594,0.009708475666665384,0.05340332923486816,0.004070136749449438,0.004609571756326462,0.008577487164006827,0.0009110510319583206,0.053403334884429166,0.06008665396103505,0.06008665480259673,0.0031726826694419724,0.0008040858662747754,0.008577485152355771,0.00359360237549767,0.007577241842138349,0.002182716949396686
0.010986941456677298,0.005220125596833546,0.0040701377593107295,0.08509903688588204,0.08509905138791503,0.08509904964767097,0.005220126213454505,0.002472622640932335,0.09534946875514017,0.11920293140927592,0.002472622640932335,0.0040701382481969405,0.10669058471438037,0.004609571222175324,0.003593603244206906,0.0031726826841690548,0.004070136804189576,0.004609572341756182,0.004070136804189576,0.004070137751760364,0.004609572341756182
0.20181322226037884,0.025957356538476316,0.015906394831580777,0.009708478120045582,0.015906393111335865,0.007577240952708521,0.06754669630158146,0.008577485152355771,0.005911067616706645,0.007577241866650195,0.007577240952708521,0.007577241842138349,0.010986943966428646,0.005911067616706645,0.005911068311723029,0.007577242731568279,0.10669059252545564,0.006692851199805954,0.009708476893355406,0.009708474619054318,0.005911069009475779
0.007577242759581822,0.006692849648839014,0.004609571252087787,0.09534947132582736,0.0059110697209100406,0.08509904790742692,0.0059110683281407405,0.11920292202211755,0.11920292515117027,0.010986941406077477,0.004070137766861096,0.18242552825126704,0.005220124994721384,0.005220126854256757,0.007577240952708521,0.008577485152355771,0.005220126842166147,0.005220126225545113,0.0052201262400538425,0.006692850413487341,0.006692850413487341
0.01098694018156191,0.0040701382481969405,0.0024726226438037285,0.003593603244206906,0.0031726823078921332,0.0031726823078921332,0.0015011821712328426,0.005220126225545113,0.0019267349787592978,0.004609571786238929,0.00218271616999315,0.004070137277974942,0.0019267342905851827,0.002472623526470443,0.00218271616999315,0.0059110697209100406,0.003593603244206906,0.004609571796921952,0.005911067616706645,0.004070136804189576,0.003593603244206906
0.04208772881675952,0.02297737179171353,0.012431651950844584,0.02033235274902783,0.07585818211049714,0.07585818106587033,0.010986942741912796,0.014063629393515617,0.009708475800974501,0.005220126225545113,0.014063629393515617,0.008577485184035312,0.01798620920540643,0.005220126842166147,0.10669059252545564,0.012431650578771145,0.005911067616706645,0.015906389204339618,0.007577240977220365,0.007577240977220365,0.13296424706933604
0.01798621364681958,0.007577240977220365,0.07585818106587033,0.08509903630580076,0.006692849648839014,0.09534945590170513,0.009708474619054318,0.004609572341756182,0.007577241842138349,0.007577240977220365,0.006692850435157538,0.007577241866650195,0.14804719239327382,0.009708474619054318,0.008577484178209957,0.007577240977220365,0.004609572875907449,0.24508501864634824,0.005911069025893493,0.005220124994721384,0.005220124994721384
0.017986209369903194,0.020332352637722033,0.005220126842166147,0.0035936028131870385,0.004609572320390132,0.005220124982630778,0.004070137766861096,0.008577486189860786,0.003593602806517485,0.06754668832401889,0.004070138240646573,0.004070137285525308,0.010986942681193006,0.010986943966428646,0.004070137277974942,0.0040701367966392114,0.009708475800974501,0.008577485184035312,0.004070137766861096,0.09534946104307897,0.0028009276115832393
0.007577240952708521,0.010986940120842134,0.014063624602580737,0.10669059252545564,0.0028009276187367063,0.002182716172021526,0.0019267345209466272,0.014063629496824204,0.020332352823231696,0.020332355271959375,0.014063629496824204,0.0035936028131870385,0.004070138240646573,0.012431653471559487,0.012431648989452931,0.010986941406077477,0.010986943966428646,0.1480472036701053,0.1480471999111614,0.022977369073719923,0.004609572331073157
0.009708474663824018,0.01406362785680048,0.012431650361526197,0.005911069009475779,0.13296424019782926,0.009708476938125118,0.13296422817269313,0.008577485152355771,0.012431648852245613,0.014063629303120604,0.009708474619054318,0.005220126830075538,0.008577485152355771,0.2018132270610754,0.009708474619054318,0.014063624228087242,0.009708475666665384,0.004609571241404765,0.006692849627168819,0.24508501313237172,0.0059110697209100406
0.012431650510167477,0.004609572886590475,0.0031726834352503236,0.0024726226438037285,0.002800926619202455,0.0031726826841690548,0.002800926619202455,0.002182716949396686,0.0019267342905851827,0.003593603244206906,0.005220126213454505,0.0031726823078921332,0.00218271616999315,0.005911069704492325,0.0024726232301424803,0.0059110683281407405,0.14804720367010532,0.003172682679014576,0.007577240924694985,0.0035936019619854775,0.005220126854256757
0.006692852029465064,0.004609572886590475,0.0031726826841690548,0.001501182349570073,0.0035936019619854775,0.0021827169519321567,0.0021827169519321567,0.0019267347499648834,0.04208772836618918,0.0013250221983102284,0.0024726226438037285,0.0021827164311465485,0.0040701367966392114,0.0040701382481969405,0.0017007221754371201,0.0021827164311465485,0.0021827164311465485,0.06754669536304464,0.0017007223774388998,0.0024726229395573424,0.0019267345209466272
0.09534945975773548,0.006692851989220403,0.060086644703857287,0.014063626229690516,0.010986941456677298,0.060086651015569245,0.014063629393515617,0.004609571796921952,0.004070137277974942,0.006692851221476155,0.014063629393515617,0.010986941456677298,0.10669059962643358,0.003593603238371047,0.009708478075275865,0.007577242759581822,0.004609571775555906,0.13296423504419935,0.007577240977220365,0.005220126842166147,0.004609572875907449
0.017986209369903194,0.009708478075275865,0.010986945130224827,0.006692851989220403,0.007577240952708521,0.08509904674726422,0.007577240063278797,0.0040701367966392114,0.09534946875514017,0.02033235274902783,0.009708475711435089,0.005220124982630778,0.008577484114850882,0.008577484114850882,0.006692851199805954,0.01406362785680048,0.009708478075275865,0.009708476938125118,0.008577484114850882,0.017986207297244074,0.014063626229690516
0.01590639494820756,0.020332352637722033,0.0035936019619854775,0.0035936019619854775,0.0758581784543034,0.07585818733363134,0.006692851181231498,0.020332352637722033,0.09534946425643773,0.09534946811246839,0.0017007221726699723,0.015906389204339618,0.015906391041210867,0.0019267349751773888,0.005911067581134943,0.0035936028131870385,0.0031726826841690548,0.015906389204339618,0.0019267345157976345,0.005911068278887608,0.0015011823474760937
0.060086651015569245,0.004609571241404765,0.0028009266153005653,0.002472622640932335,0.005220125584742939,0.005911069025893493,0.005220124968122053,0.0031726826841690548,0.0040701377593107295,0.005220126854256757,0.002472622640932335,0.004070136789088848,0.08509904964767097,0.0024726235235990475,0.004609572341756182,0.005220126225545113,0.004609572886590475,0.16451646289656316,0.16451646494473965,0.004070136804189576,0.004609572886590475
0.005220124968122053,0.006692850413487341,0.004070137766861096,0.0021827161674576804,0.003593603238371047,0.060086649332446,0.0031726826694419724,0.0031726826694419724,0.0021827161674576804,0.003172683059709667,0.002472622936685948,0.09534945525903342,0.0021827166857077552,0.004070136766437756,0.0028009269508630975,0.11920292045759122,0.003593602806517485,0.0031726822887469287,0.0035936023813335277,0.0031726822939014063,0.0031726834352503236
0.020332355271959375,0.08509904616718289,0.05340332753999996,0.01098694018156191,0.012431652030882206,0.005220125611342273,0.05340332678672523,0.003172683059709667,0.0035936019619854775,0.0028009272831740943,0.0031726834352503236,0.00970847698289483,0.006692851989220403,0.004070137285525308,0.13296423504419935,0.004609572341756182,0.005911069009475779,0.1192029235866439,0.005911069009475779,0.005911069009475779,0.0040701382481969405
0.025957359929267797,0.007577240924694985,0.010986940120842134,0.003593602806517485,0.00857748512067623,0.005911069009475779,0.003172683055291542,0.007577240087790639,0.006692849627168819,0.007577242731568279,0.008577487164006827,0.006692850413487341,0.007577240952708521,0.14804720554957732,0.005911067616706645,0.00857748723528581,0.00218271616999315,0.00857748723528581,0.007577240063278797,0.00857748723528581,0.18242551491653522
0.033085981606479666,0.020332354975143883,0.009708476938125118,0.009708478075275865,0.009708475800974501,0.010986940120842134,0.008577485184035312,0.006692852010890605,0.015906394831580777,0.008577485152355771,0.009708475800974501,0.13296424191570594,0.053403333754516925,0.006692850435157538,0.042087725062006816,0.008577486189860786,0.05340332810495603,0.020332352452212373,0.022977371457191226,0.05340332810495603,0.010986942681193006
0.012431653471559487,0.06008664554541885,0.053403333754516925,0.004609571252087787,0.004070138257634899,0.004070138257634899,0.006692851221476155,0.007577241842138349,0.003172683440404803,0.002800926619202455,0.0035936019619854775,0.004070136804189576,0.003593603244206906,0.007577240952708521,0.006692849627168819,0.0031726823078921332,0.003593603244206906,0.005911068311723029,0.005220126842166147,0.006692849605498625,0.005911067600288937
0.01590638932096636,0.006692851221476155,0.003593602819022897,0.005911067633124355,0.0040701382481969405,0.0028009269508630975,0.003593603244206906,0.004609571796921952,0.003593603244206906,0.004070137285525308,0.003172683440404803,0.0035936028131870385,0.0035936028131870385,0.11920292671569666,0.009708478030506148,0.003172683059709667,0.005220125611342273,0.004070136804189576,0.16451646289656316,0.004070136804189576,0.004070137285525308
0.020332352823231696,0.08509904616718289,0.012431650578771145,0.0035936023871693855,0.004609571241404765,0.007577240977220365,0.0028009272831740943,0.0059110697209100406,0.0059110697209100406,0.00970847698289483,0.002472622936685948,0.006692849627168819,0.00857748723528581,0.09534945590170513,0.0059110697209100406,0.005911069025893493,0.006692851199805954,0.0028009269476115223,0.007577242731568279,0.007577240087790639,0.0035936023813335277
0.06754669724011829,0.014063624512185756,0.07585818837825821,0.00857748414653042,0.007577242759581822,0.007577240063278797,0.020332355049347755,0.006692852010890605,0.008577486158181241,0.009708478030506148,0.0035936028131870385,0.0059110683281407405,0.02033235274902783,0.010986943966428646,0.01243165333435212,0.012431648920849272,0.009708478030506148,0.004070137277974942,0.005911069025893493,0.007577242759581822,0.1329642316084462
0.0059110697209100406,0.00857748414653042,0.004070137766861096,0.003593602819022897,0.003172683440404803,0.0024726232330138753,0.13296422989056966,0.002800927614834815,0.004070138257634899,0.005220126854256757,0.1192029188930649,0.005220125596833546,0.006692851221476155,0.0024726232330138753,0.0024726232330138753,0.0024726235235990475,0.0031726826841690548,0.003593603244206906,0.20181322466072713,0.0028009276187367063,0.0040701382481969405
0.01098694018156191,0.006692850435157538,0.005220124994721384,0.06754669020109236,0.0031726830648641457,0.06754669817865513,0.003593602819022897,0.002182716690271602,0.002472622936685948,0.004070138257634899,0.004070138257634899,0.10669059465574898,0.09534947132582736,0.004609571241404765,0.0040701382481969405,0.13296424535145931,0.0040701377762990525,0.004609572895136895,0.004609571786238929,0.0040701382481969405,0.003593602819022897
0.1480471999111614,0.005911067633124355,0.0040701382481969405,0.004609571796921952,0.005220124994721384,0.002800927614834815,0.003172682303474009,0.08509903746596331,0.0028009266153005653,0.003593603238371047,0.0019267342905851827,0.002182716172021526,0.0019267345193795425,0.0035936028131870385,0.003593602819022897,0.0024726232330138753,0.00359360195614962,0.002800927614834815,0.16451646699291614,0.18242552825126704,0.0024726232330138753
0.020332352637722033,0.006692850435157538,0.042087724160866216,0.007577240087790639,0.004609572886590475,0.004609571252087787,0.003172682303474009,0.003172683440404803,0.04742586981164345,0.003593603238371047,0.004070137285525308,0.0028009266153005653,0.003593602819022897,0.004070137285525308,0.0028009276187367063,0.003172682679014576,0.0031726834352503236,0.004609572886590475,0.0035936023871693855,0.0024726232330138753,0.0024726229338145533
0.017986211409663194,0.01590638932096636,0.09534945782972029,0.08509905312815914,0.08509905312815914,0.009708478075275865,0.008577487195686375,0.014063624512185756,0.014063629496824204,0.09534946682712482,0.006692850413487341,0.006692851199805954,0.006692849605498625,0.13296424191570594,0.14804720367010532,0.008577485152355771,0.012431650510167477,0.14804720179063333,0.007577240952708521,0.14804720367010532,0.006692851967550202
0.009708474619054318,0.004609572320390132,0.0021827166882432258,0.03732689136002138,0.0028009272753703133,0.004070136781538485,0.04208772716466829,0.0017007225794407035,0.05340332433858241,0.003172682674596451,0.002182716949396686,0.0021827164311465485,0.060086649332446,0.07585818367743737,0.0035936032317014934,0.0031726822983195306,0.003593602800681627,0.004070137285525308,0.0035936032317014934,0.0035936019619854775,0.0019267349787592978
0.014063629496824204,0.006692850413487341,0.012431653471559487,0.005220126213454505,0.008577484178209957,0.0059110697209100406,0.09534947261117098,0.10669059749614017,0.004609572875907449,0.01098694018156191,0.004609572875907449,0.009708478120045582,0.004609571232858347,0.007577240087790639,0.1480471999111614,0.007577240977220365,0.1824255304737224,0.005220126225545113,0.1824255304737224,0.009708478030506148,0.005220126842166147
0.020332354975143883,0.017986211409663194,0.008577487195686375,0.09534947453918644,0.010986940120842134,0.014063626229690516,0.009708476893355406,0.007577242759581822,0.014063629496824204,0.007577241866650195,0.007577241866650195,0.003593603238371047,0.014063627766405476,0.1192029235866439,0.012431649069490534,0.14804720554957732,0.012431653471559487,0.004609572320390132,0.0035936023813335277,0.006692852010890605,0.012431650361526197
0.010986942741912796,0.004609572886590475,0.004070137277974942,0.0019267342905851827,0.003172682303474009,0.042087723860486016,0.001700722174053546,0.005911067633124355,0.002800926619202455,0.060086651015569245,0.0035936023813335277,0.0015011823485230832,0.0011695102991889264,0.004609571796921952,0.003172682679014576,0.00359360195614962,0.001169510438306388,0.005220126854256757,0.09534946104307897,0.0013250226709311018,0.0035936023871693855
0.006692851989220403,0.004070138240646573,0.0035936032317014934,0.08509903804604459,0.0021827169473683096,0.006692849627168819,0.005220126201363897,0.006692849583828431,0.0021827161674576804,0.008577485049397265,0.0017007221712863985,0.00857748512067623,0.006692849521913592,0.006692849500243398,0.0021827161654293047,0.008577487124407392,0.009708474574284616,0.009708476893355406,0.007577242651029344,0.00757724084415607,0.0021827169473683096
0.009708476938125118,0.06754669817865513,0.005220124982630778,0.004609571241404765,0.0059110697209100406,0.004609572886590475,0.004609572341756182,0.008577485152355771,0.006692850413487341,0.004070137277974942,0.005911069025893493,0.0059110683281407405,0.006692850435157538,0.005220124994721384,0.005220126842166147,0.11920292671569666,0.006692851221476155,0.006692850435157538,0.007577241866650195,0.005911068311723029,0.11920292671569666
0.012431650441563809,0.01098694263059318,0.005220124982630778,0.008577487164006827,0.006692851989220403,0.08509904268669496,0.006692850413487341,0.012431653471559487,0.012431652030882206,0.09534947453918644,0.003172682679014576,0.11920291107043361,0.0035936032317014934,0.003172682674596451,0.14804719615221756,0.004070136789088848,0.16451647108926923,0.006692849627168819,0.008577484178209957,0.005220124956031448,0.007577240896681449
0.012431650510167477,0.00857748401189239,0.003172683050137062,0.0028009269437096326,0.0028009276115832393,0.004609572886590475,0.06754669020109236,0.001926734746382975,0.001926734746382975,0.005911068262469897,0.006692851221476155,0.08509904500702023,0.0035936023813335277,0.005911067616706645,0.005911067616706645,0.11920292828022307,0.11920292515117027,0.006692851924209799,0.0024726235178562576,0.0024726235178562576,0.005911067531881816
0.007577241866650195,0.06754668926255561,0.042087729267329864,0.05340332753999996,0.0019267349787592978,0.004070137277974942,0.004609571786238929,0.00218271616999315,0.08509904442693891,0.0052201262400538425,0.0028009266153005653,0.0031726823078921332,0.002800927614834815,0.0031726834352503236,0.11920291576401235,0.0052201262400538425,0.11920292671569666,0.006692851989220403,0.005220126854256757,0.005220126854256757,0.004609571796921952
0.029312227942468443,0.060086648701274795,0.04208773257151254,0.012431650361526197,0.008577484114850882,0.012431651813637232,0.10669059252545562,0.012431653254314489,0.11920291732853862,0.11920293140927592,0.1066905932355534,0.1066905932355534,0.11920293140927593,0.015906392732298873,0.017986207132747328,0.11920291107043361,0.014063627585615473,0.01798620683665319,0.008577487195686375,0.022977368948274072,0.017986207132747328
0.02033235274902783,0.01406362785680048,0.008577486158181241,0.009708474663824018,0.004609572341756182,0.06008665185713089,0.060086643862295744,0.060086643862295744,0.004070137285525308,0.006692849648839014,0.005220125611342273,0.07585817949893017,0.0017007227816401849,0.006692850435157538,0.00857748414653042,0.0021827166882432258,0.11920291732853862,0.009708478030506148,0.0021827164291181728,0.004070136804189576,0.009708476893355406
0.008577485184035312,0.015906391274464377,0.004609571241404765,0.00970847698289483,0.012431652030882206,0.09534947132582736,0.0031726826841690548,0.10669059465574898,0.005911069737327755,0.007577240087790639,0.004070137766861096,0.004609572886590475,0.0024726229395573424,0.0035936019619854775,0.006692852029465064,0.0040701382481969405,0.002182716949396686,0.002472622936685948,0.0028009276187367063,0.002182716949396686,0.0019267342905851827
0.025957357150702527,0.007577241842138349,0.004609571241404765,0.009708474663824018,0.003593603244206906,0.004609571786238929,0.09534947453918644,0.005220125611342273,0.010986942681193006,0.012431650441563809,0.005911069009475779,0.005220124982630778,0.004070136804189576,0.14804719427274568,0.012431653471559487,0.005220124994721384,0.005911069009475779,0.017986207297244074,0.004609572341756182,0.005220124994721384,0.010986942741912796
0.004070137766861096,0.0059110683281407405,0.004609571241404765,0.0015011821700113548,0.05340333243628599,0.06008665017400762,0.005911069025893493,0.004609572875907449,0.0021827166882432258,0.005220125584742939,0.004609572341756182,0.07585817949893017,0.0035936019619854775,0.003172683440404803,0.005220125596833546,0.004609571796921952,0.07585818733363134,0.005911069025893493,0.07585818628900447,0.0028009266153005653,0.004609571796921952
0.03308597791199667,0.10669059962643358,0.014063627766405476,0.007577240977220365,0.01798621348232278,0.08509904964767097,0.005911068311723029,0.03308597767364294,0.03732688734412946,0.014063626048900532,0.10669058258408719,0.009708475800974501,0.11920293140927592,0.015906389204339618,0.008577486189860786,0.042087723860486016,0.008577485184035312,0.007577242731568279,0.007577240952708521,0.008577484178209957,0.008577486189860786
0.006692852029465064,0.09534945975773548,0.06754669020109236,0.0017007223774388998,0.0017007223774388998,0.0017007227816401849,0.0013250226717013446,0.0015011825280818228,0.06008665269869255,0.0015011821712328426,0.07585817323116975,0.0011695102991889264,0.0015011819916741457,0.0019267347499648834,0.0017007223774388998,0.0017007225780571295,0.0019267342905851827,0.0013250223559018504,0.10669059962643358,0.1066906024668249,0.0017007225794407035
0.012431650510167477,0.007577240063278797,0.005911068311723029,0.006692849627168819,0.008577486158181241,0.008577486158181241,0.022977371708082957,0.004609572886590475,0.02595735682104226,0.004609572341756182,0.003593603244206906,0.08509904152653236,0.004070137285525308,0.020332355049347755,0.020332355049347755,0.02033235274902783,0.1329642384799526,0.017986211574159975,0.02297737179171353,0.18242551936144574,0.02297737179171353
0.0035936028131870385,0.06754669724011829,0.037326883863690125,0.0028009276187367063,0.001700722174053546,0.0021827169519321567,0.0024726226438037285,0.0019267347499648834,0.002182716690271602,0.003172683440404803,0.0035936023813335277,0.08509904442693891,0.0017007225780571295,0.0024726235235990475,0.003172683055291542,0.0031726826841690548,0.0028009269508630975,0.0024726235235990475,0.004070136789088848,0.0040701377593107295,0.14804719239327382
0.020332355271959375,0.017986211574159975,0.060086651015569245,0.0035936023871693855,0.07585818733363134,0.07585817949893017,0.012431651950844584,0.08509904268669496,0.004070137766861096,0.015906391041210867,0.006692851989220403,0.004070137766861096,0.005911069009475779,0.012431651882240909,0.14804719615221756,0.012431650441563809,0.13296423847995262,0.015906389204339618,0.004609571241404765,0.005220126225545113,0.01590638932096636
0.07585818106587033,0.08509905138791503,0.002472623526470443,0.0028009269508630975,0.0024726232330138753,0.00218271616999315,0.004609572875907449,0.06754669630158146,0.004070137285525308,0.0031726826841690548,0.0031726826841690548,0.004609571232858347,0.0031726826841690548,0.09534945590170513,0.004070137277974942,0.1192029235866439,0.13296425050508953,0.0035936019619854775,0.002800926619202455,0.0035936023813335277,0.005220125596833546
0.010986944017028478,0.006692852010890605,0.007577241866650195,0.008577485152355771,0.007577240952708521,0.07585817949893016,0.006692850413487341,0.005220124968122053,0.001700722174053546,0.006692852010890605,0.006692852010890605,0.0031726826841690548,0.0035936023871693855,0.005220126830075538,0.11920293453832884,0.0031726823078921332,0.0015011819916741457,0.0031726823078921332,0.004070137285525308,0.13296423847995262,0.11920293140927592
0.010986941456677298,0.060086649332446,0.002800927614834815,0.0015011819916741457,0.005220124994721384,0.005220124982630778,0.004070136804189576,0.0028009272831740943,0.0017007223760553258,0.0040701377593107295,0.0019267347481739293,0.0031726823078921332,0.10669060317692272,0.11920291419948607,0.10669059820623797,0.1066906003365314,0.004070136789088848,0.1192029235866439,0.004070138240646573,0.11920292671569666,0.001926734287003275
0.008577485184035312,0.06008665269869255,0.0021827164311465485,0.0028009272831740943,0.0024726229395573424,0.0019267342905851827,0.0024726232330138753,0.004609572875907449,0.004070137277974942,0.004609572875907449,0.06754669630158146,0.0019267342905851827,0.06754669630158146,0.0035936023813335277,0.0019267342905851827,0.0024726226438037285,0.0024726232330138753,0.0021827164311465485,0.002182716690271602,0.0021827166882432258,0.002472622936685948
0.10669058684467357,0.06754669020109236,0.00857748414653042,0.005220126854256757,0.037326887879581695,0.006692849627168819,0.004609571796921952,0.003593602819022897,0.00857748723528581,0.0028009272831740943,0.00970847698289483,0.0028009269508630975,0.042087724160866216,0.0028009272831740943,0.004070138257634899,0.007577241842138349,0.0028009269508630975,0.06754669536304464,0.00857748414653042,0.004070138257634899,0.007577240087790639
0.004070137766861096,0.004070137285525308,0.0028009266153005653,0.004070137270424578,0.003593603238371047,0.09534946297109421,0.0031726834352503236,0.08509905312815914,0.0019267349769683433,0.1480471942727457,0.005220124968122053,0.004609571232858347,0.003593602819022897,0.005220125584742939,0.14804720367010532,0.18242551491653522,0.20181321745968234,0.0031726826841690548,0.005911068295305319,0.0035936023871693855,0.18242551936144574
0.24508501313237172,0.03308598136812592,0.012431653402955803,0.08509905138791503,0.017986207132747328,0.014063629496824204,0.012431651950844584,0.012431653471559487,0.014063629393515617,0.00857748414653042,0.005911069009475779,0.007577242759581822,0.007577242759581822,0.006692849627168819,0.006692849627168819,0.007577240977220365,0.005911067600288937,0.017986207001149935,0.005220124994721384,0.13296422817269313,0.01798620920540643
0.060086653540254206,0.004609571241404765,0.0015011825280818228,0.037326887879581695,0.0028009276187367063,0.0017007221754371201,0.0019267349787592978,0.0010322308545288516,0.0019267342905851827,0.0013250226717013446,0.002472623526470443,0.0015011819927211352,0.0011695102991889264,0.0013250221983102284,0.0015011819916741457,0.0019267345209466272,0.07585818837825821,0.0031726826841690548,0.0021827169519321567,0.0019267342921522673,0.0017007221754371201
0.010986944017028478,0.09534946168575072,0.004609572895136895,0.07585817427579646,0.004609571252087787,0.004609571241404765,0.006692849627168819,0.005220125611342273,0.003172683059709667,0.004609571252087787,0.004070136804189576,0.004609571796921952,0.004609572341756182,0.0059110683281407405,0.16451645880021026,0.004609571252087787,0.005911069737327755,0.008577486158181241,0.18242552158390102,0.006692851199805954,0.20181321986003056
0.16451645675203386,0.015906394714953996,0.005911067616706645,0.006692852010890605,0.006692851221476155,0.008577484178209957,0.0028009272831740943,0.005911069009475779,0.008577485184035312,0.002472622936685948,0.002182716949396686,0.0059110683281407405,0.04742587502882471,0.009708475756204796,0.009708475756204796,0.007577242731568279,0.009708476893355406,0.009708474663824018,0.08509904268669496,0.007577240977220365,0.0758581784543034
0.08509904790742692,0.009708475800974501,0.0059110683281407405,0.006692852010890605,0.004609571252087787,0.005911067633124355,0.006692849648839014,0.008577486189860786,0.007577240087790639,0.005220125611342273,0.005911067633124355,0.009708474619054318,0.006692849648839014,0.006692852010890605,0.008577486189860786,0.008577486189860786,0.007577242784093672,0.005911067633124355,0.18242552158390102,0.20181322946142374,0.006692849648839014
0.047425876543490335,0.025957356538476316,0.017986211278065767,0.022977369199165775,0.01590638932096636,0.010986940120842134,0.11920293297380237,0.13296424191570594,0.012431653471559487,0.010986942741912796,0.14804720554957732,0.13296423332632276,0.14804719239327382,0.009708475800974501,0.009708476938125118,0.012431648989452931,0.009708474619054318,0.012431650441563809,0.012431648989452931,0.20181323186177208,0.16451646699291614
0.012431653402955803,0.010986942741912796,0.0059110697209100406,0.005220126830075538,0.010986944017028478,0.0059110697209100406,0.10669059252545562,0.005220126225545113,0.10669058471438037,0.005220125611342273,0.007577240035265265,0.00857748512067623,0.0059110697209100406,0.005911069704492325,0.16451645675203383,0.005911067633124355,0.18242551936144574,0.2018132270610754,0.24508501313237172,0.2689414272294874,0.002472623227271086
0.014063629496824204,0.07585818211049714,0.0024726232301424803,0.06008664554541885,0.005220125611342273,0.004070136804189576,0.004070136804189576,0.005220124994721384,0.0035936023813335277,0.0019267342905851827,0.0017007223760553258,0.0059110697209100406,0.005911069025893493,0.0035936023813335277,0.004070137285525308,0.005220124994721384,0.13296423504419935,0.11920291263495983,0.004609571796921952,0.0019267342887942286,0.0035936019619854775
0.012431653471559487,0.009708475800974501,0.005911069025893493,0.05340332622176918,0.006692852010890605,0.002182716690271602,0.004070137285525308,0.04742587502882471,0.004070137766861096,0.002472622936685948,0.0021827164291181728,0.0024726229338145533,0.000911051140783019,0.0024726235235990475,0.004609572341756182,0.06754669301670263,0.002182716949396686,0.0024726229338145533,0.004609571241404765,0.004609572886590475,0.002472622640932335
0.010986940120842134,0.0059110697209100406,0.004609571241404765,0.005220125611342273,0.005911067616706645,0.10669059678604235,0.10669058471438037,0.004609572341756182,0.005911069737327755,0.007577240952708521,0.0031726834352503236,0.005911067616706645,0.004609572341756182,0.005220126854256757,0.004609571796921952,0.006692849648839014,0.005220126854256757,0.29421498454004374,0.26894141551050293,0.005220124994721384,0.2689414272294874
0.009708476938125118,0.014063629496824204,0.007577240063278797,0.00857748414653042,0.009708474619054318,0.004609571796921952,0.05340332678672523,0.060086651015569245,0.009708478075275865,0.012431651950844584,0.060086643862295744,0.014063629393515617,0.00857748723528581,0.007577240087790639,0.009708476938125118,0.0035936023871693855,0.009708476938125118,0.11920293140927592,0.006692850435157538,0.11920292671569666,0.005911069737327755
0.0758581847220642,0.003593602819022897,0.004609572341756182,0.0028009276187367063,0.0019267349803263828,0.002800926619202455,0.002182716172021526,0.002800927287075985,0.004070137766861096,0.004070137285525308,0.0021827166928070725,0.0024726232330138753,0.0015011825280818228,0.002182716172021526,0.11920293297380237,0.0024726229395573424,0.002800927287075985,0.0024726232330138753,0.0021827169519321567,0.0024726229395573424,0.0024726229395573424
0.012431652030882206,0.01590639494820756,0.003172683059709667,0.0021827164311465485,0.00857748723528581,0.00857748723528581,0.00857748723528581,0.005220126225545113,0.0021827164311465485,0.0017007227816401849,0.060086651015569245,0.07585817949893017,0.002182716172021526,0.00970847698289483,0.07585818106587033,0.08509905312815914,0.010986942741912796,0.005911068311723029,0.10669059252545562,0.11920293140927592,0.004609571232858347
0.017986209040909668,0.015906391041210867,0.010986940120842134,0.022977369073719923,0.05340332678672523,0.008577486189860786,0.00857748414653042,0.007577242759581822,0.008577487195686375,0.007577240977220365,0.009708476938125118,0.005220125596833546,0.008577486189860786,0.006692851989220403,0.005911069704492325,0.005220126213454505,0.004609572331073157,0.010986941406077477,0.005220125596833546,0.006692851989220403,0.005911069009475779
0.06754668926255561,0.004609572886590475,0.0024726232330138753,0.005220124968122053,0.05340333187132989,0.003172683059709667,0.0021827164291181728,0.0028009269508630975,0.0019267345193795425,0.08509904964767097,0.0758581784543034,0.09534945911506375,0.0024726226438037285,0.0028009272792722034,0.09534946297109421,0.005220126213454505,0.002800926619202455,0.002800926619202455,0.0021827166882432258,0.0024726232330138753,0.1480471942727457
0.012431649138094194,0.006692852029465064,0.007577241866650195,0.007577240087790639,0.08509904616718289,0.009708476938125118,0.005220124994721384,0.010986940120842134,0.00970847698289483,0.008577487195686375,0.010986942681193006,0.006692849648839014,0.00970847698289483,0.009708476938125118,0.00970847698289483,0.00857748414653042,0.010986942681193006,0.012431648989452931,0.012431650578771145,0.014063629587219217,0.014063624602580737
0.22270013366638422,0.04208772340991573,0.022977369199165775,0.020332355160653567,0.022977371917159397,0.012431649069490534,0.008577486189860786,0.06754669020109236,0.01590639494820756,0.06754669817865513,0.009708476938125118,0.012431651950844584,0.01406362785680048,0.012431652030882206,0.012431651950844584,0.00970847698289483,0.01406362785680048,0.00970847698289483,0.10669058471438037,0.014063626139295522,0.00970847698289483
0.16451645880021026,0.005220125611342273,0.08509904442693891,0.0040701367966392114,0.0031726823078921332,0.0031726834352503236,0.0017007225780571295,0.0019267347481739293,0.08509904442693891,0.0028009266153005653,0.07585817949893017,0.0028009266153005653,0.0013250226709311018,0.09534947453918644,0.0021827164311465485,0.003172683440404803,0.004070137285525308,0.11920291263495983,0.0035936028131870385,0.16451646494473965,0.16451646084838673
0.005911067616706645,0.18242552158390102,0.0031726826841690548,0.0031726826841690548,0.11920292984474948,0.002800927614834815,0.0019267347481739293,0.0019267345193795425,0.004609572341756182,0.003172682679014576,0.1066906024668249,0.1480471999111614,0.004609571796921952,0.004070136804189576,0.003593602819022897,0.004070136804189576,0.0031726823078921332,0.003593603244206906,0.20181321986003056,0.003172682303474009,0.0028009266153005653
0.06008664638698043,0.004609571796921952,0.010986944077748277,0.003593603244206906,0.06008664638698043,0.006692852029465064,0.012431649069490534,0.06754669020109236,0.07585818211049714,0.003593602819022897,0.007577240087790639,0.09534946875514018,0.09534946875514018,0.08509904616718289,0.004609571241404765,0.004609571241404765,0.004609571241404765,0.003593602819022897,0.003593603244206906,0.008577485184035312,0.00970847698289483
0.014063626229690516,0.003172682679014576,0.0024726226438037285,0.0028009276115832393,0.005911069025893493,0.002472622936685948,0.0017007227802566104,0.0019267349769683433,0.1329642316084462,0.0059110697209100406,0.0019267349787592978,0.0017007225794407035,0.004609572341756182,0.0017007227816401849,0.005220125611342273,0.005220126225545113,0.0024726226438037285,0.002182716690271602,0.20181321745968234,0.2450850131323717,0.001501182525813345
0.009708475845744208,0.005220124994721384,0.0040701382481969405,0.033085981606479666,0.004070138257634899,0.0035936023938389376,0.003172682303474009,0.003593603238371047,0.033085981606479666,0.0052201262400538425,0.0052201262400538425,0.0040701377762990525,0.0035936019619854775,0.004609571252087787,0.004070138257634899,0.0031726823078921332,0.003593603238371047,0.004609572895136895,0.06754669395523942,0.06754669536304464,0.06754669536304464
0.029312231917309858,0.01798621364681958,0.006692850435157538,0.005220124994721384,0.0035936019619854775,0.06754668832401889,0.008577487195686375,0.014063624602580737,0.0040701367966392114,0.004609571786238929,0.0040701382481969405,0.012431650441563809,0.10669059962643358,0.10669059749614017,0.00857748723528581,0.003593603238371047,0.10669059962643358,0.007577241866650195,0.10669059749614017,0.00970847698289483,0.006692851221476155
0.01590638932096636,0.03732688761185558,0.025957360070550783,0.029312228472447265,0.0024726232330138753,0.1329642487872128,0.0031726826841690548,0.010986941456677298,0.0024726232330138753,0.14804719803168945,0.14804719803168945,0.0028009276187367063,0.16451645880021026,0.1329642487872128,0.1329642487872128,0.022977371917159397,0.0024726229395573424,0.0028009276187367063,0.017986211574159975,0.0040701367966392114,0.20181321745968234
0.014063629587219217,0.012431649069490534,0.006692849648839014,0.0021827164291181728,0.0019267347481739293,0.004609571796921952,0.0024726235235990475,0.00218271616999315,0.0015011821700113548,0.002800927614834815,0.0011695104388503468,0.029312231758316185,0.0010322311001377724,0.047425875533713246,0.0013250225142637337,0.0010322312229422547,0.0028009266153005653,0.0010322309768531308,0.0017007227816401849,0.0013250225142637337,0.0031726823078921332
0.012431650510167477,0.007577240952708521,0.0035936023871693855,0.042087729267329864,0.0028009276187367063,0.0028009269508630975,0.042087729267329864,0.0028009272831740943,0.007577241842138349,0.0031726830648641457,0.0028009276187367063,0.08509903630580076,0.004609571786238929,0.09534945975773548,0.09534947132582736,0.10669059678604235,0.006692851199805954,0.0031726834352503236,0.0031726830648641457,0.003593603244206906,0.003593603238371047
0.01098694018156191,0.004609572341756182,0.0035936023871693855,0.004609571252087787,0.004609571252087787,0.003593602819022897,0.06754669020109236,0.004609571786238929,0.005220126854256757,0.09534946875514018,0.0035936019619854775,0.1066906024668249,0.0035936023871693855,0.003593603244206906,0.004609572331073157,0.0031726823078921332,0.0040701382481969405,0.0031726826841690548,0.0031726826841690548,0.004070138257634899,0.0024726235235990475
0.004609571786238929,0.07585817949893017,0.05340333243628599,0.003172682679014576,0.003172683440404803,0.0024726226438037285,0.005220126854256757,0.0040701367966392114,0.004070137277974942,0.0028009266153005653,0.0031726823078921332,0.004070138240646573,0.003172682679014576,0.005220124968122053,0.13296423504419935,0.13296424706933604,0.0031726826841690548,0.003172683055291542,0.004070136789088848,0.002800926619202455,0.004609571232858347
0.02297737179171353,0.012431650578771145,0.008577485184035312,0.006692852010890605,0.008577485184035312,0.07585817323116975,0.007577242784093672,0.007577241866650195,0.010986942681193006,0.0035936023871693855,0.0035936023871693855,0.014063627766405476,0.008577486229460215,0.007577241866650195,0.007577241866650195,0.007577240087790639,0.009708478030506148,0.014063626048900532,0.14804720554957732,0.00970847698289483,0.007577242759581822
0.020332355160653567,0.020332352637722033,0.003593603238371047,0.006692851199805954,0.005911067616706645,0.0028009266153005653,0.004070137285525308,0.0031726823078921332,0.0035936019619854775,0.0021827164291181728,0.01590639494820756,0.0017007225780571295,0.0040701367966392114,0.10669059536584677,0.1192029235866439,0.004070137766861096,0.017986209369903194,0.0028009276115832393,0.004609571786238929,0.009708474574284616,0.008577486126501697
0.017986209501500604,0.007577240952708521,0.0028009269508630975,0.05340332753999996,0.0031726834352503236,0.0019267342905851827,0.002472622936685948,0.004070136804189576,0.0031726834352503236,0.0040701367966392114,0.005220124994721384,0.002472623526470443,0.0015011819916741457,0.002472623526470443,0.060086644703857287,0.004070137285525308,0.0035936023871693855,0.0035936023813335277,0.0031726826841690548,0.003172682303474009,0.08509904268669496
0.012431649138094194,0.005220124994721384,0.005220126225545113,0.05340332753999996,0.0035936019619854775,0.0031726826841690548,0.0035936023871693855,0.0028009272831740943,0.005911067616706645,0.0028009269508630975,0.0028009269508630975,0.007577240063278797,0.005911067616706645,0.006692850413487341,0.004070138257634899,0.004070137766861096,0.13296424191570594,0.0052201262400538425,0.005220126842166147,0.004609572895136895,0.005220126842166147
0.012431652030882206,0.005220125611342273,0.07585818367743735,0.006692849648839014,0.005911069737327755,0.004070137285525308,0.002182716690271602,0.005911067616706645,0.002182716949396686,0.00857748414653042,0.16451645880021026,0.005911069737327755,0.0052201262400538425,0.0028009272831740943,0.005220126854256757,0.007577241842138349,0.0028009272831740943,0.0019267349787592978,0.005220124994721384,0.005220125611342273,0.22270012850745968
0.017986213811316386,0.008577485184035312,0.005220125611342273,0.004070137285525308,0.007577242759581822,0.047425876543490335,0.006692852029465064,0.053403333754516925,0.05340332753999996,0.007577242784093672,0.004609571796921952,0.007577240063278797,0.006692852029465064,0.005220124994721384,0.006692852029465064,0.004609571796921952,0.004070136804189576,0.10669059962643358,0.10669059962643358,0.00359360195614962,0.09534946682712482
0.02931223133433308,0.010986940120842134,0.007577241842138349,0.015906391157837624,0.009708476893355406,0.010986940060122357,0.012431649069490534,0.007577242759581822,0.012431649069490534,0.005911069025893493,0.015906391157837624,0.0040701367966392114,0.014063626048900532,0.07585818628900447,0.015906392878082327,0.006692852010890605,0.012431651882240909,0.007577242759581822,0.0059110683281407405,0.01406362785680048,0.014063629496824204
0.012431650578771145,0.00970847698289483,0.003172683059709667,0.006692849648839014,0.007577240087790639,0.002800926619202455,0.0028009276187367063,0.0028009276187367063,0.0028009272831740943,0.007577240087790639,0.0028009276187367063,0.00970847698289483,0.0021827169519321567,0.006692849648839014,0.005911069737327755,0.006692849648839014,0.0035936023871693855,0.003172683440404803,0.006692849648839014,0.004609572886590475,0.24508501313237172
0.02931222783647268,0.012431653254314489,0.020332355049347755,0.08509904674726422,0.020332355049347755,0.010986945190944631,0.003172682679014576,0.009708478030506148,0.022977371708082957,0.012431650361526197,0.010986943855109017,0.02033235256351817,0.007577242731568279,0.003172683055291542,0.006692849627168819,0.003172683055291542,0.003593602806517485,0.1824255304737224,0.009708477985736432,0.16451646289656316,0.007577240952708521
0.017986209369903194,0.008577486189860786,0.005911067633124355,0.010986941406077477,0.09534946875514018,0.008577485184035312,0.010986941456677298,0.008577484178209957,0.014063624421790773,0.13296424706933604,0.004609572875907449,0.010986942741912796,0.009708478030506148,0.005220124982630778,0.012431653402955803,0.004609571241404765,0.18242551936144574,0.014063624421790773,0.014063624421790773,0.18242552602881168,0.009708478120045582
0.007577242759581822,0.00857748723528581,0.004609571241404765,0.004609571241404765,0.006692849648839014,0.0040701382481969405,0.005220126854256757,0.004609571232858347,0.05340333055309901,0.005911069704492325,0.005911067633124355,0.07585818211049714,0.0015011821700113548,0.004609571232858347,0.0019267345193795425,0.00218271616999315,0.005911069704492325,0.004609572886590475,0.002472622640932335,0.0028009269476115223,0.005220126854256757
0.01798621348232278,0.017986207132747328,0.005220126854256757,0.005220124994721384,0.005911069025893493,0.06754669536304464,0.004609571796921952,0.006692851199805954,0.012431651950844584,0.008577484114850882,0.06754668738548217,0.004609571775555906,0.07585817479810981,0.014063629496824204,0.0046095728652244235,0.005911069688074612,0.009708478030506148,0.004609572875907449,0.005911069025893493,0.012431649069490534,0.14804719051380197
0.007577240952708521,0.08509905138791503,0.004609571796921952,0.06008664554541885,0.003593603244206906,0.004070136804189576,0.0019267349787592978,0.004070136804189576,0.004070137285525308,0.003172683440404803,0.004609571796921952,0.005220126842166147,0.003593603244206906,0.0028009276187367063,0.003172683440404803,0.1066906024668249,0.09534945782972029,0.003593602819022897,0.09534945590170513,0.11920292984474948,0.003172683440404803
0.022977369199165775,0.11920292984474948,0.09534945782972029,0.09534945782972029,0.09534946875514018,0.007577240977220365,0.006692849627168819,0.004609572331073157,0.007577242731568279,0.008577487164006827,0.006692851199805954,0.0040701367966392114,0.18242551936144574,0.0035936023871693855,0.006692852010890605,0.009708474619054318,0.0040701377593107295,0.1645164608483867,0.005220124994721384,0.004609572331073157,0.005220125596833546
0.012431650510167477,0.006692849648839014,0.005911067633124355,0.004070137766861096,0.006692852029465064,0.005911069737327755,0.07585817427579646,0.006692851221476155,0.002800926619202455,0.08509904790742692,0.004609571252087787,0.10669058471438037,0.0028009269508630975,0.005911069025893493,0.10669059678604235,0.007577240063278797,0.004609572895136895,0.0028009269508630975,0.008577487195686375,0.00857748414653042,0.008577485152355771
0.012431650578771145,0.004070137766861096,0.003593602819022897,0.003593602819022897,0.0024726235235990475,0.0028009269508630975,0.002472622640932335,0.0028009272792722034,0.004070138257634899,0.0028009269508630975,0.0028009269476115223,0.0035936023813335277,0.0015011821700113548,0.08509903630580076,0.003172683440404803,0.0031726834308321975,0.10669058968506456,0.11920291576401235,0.003172683055291542,0.0031726834308321975,0.002472622640932335
0.009708478120045582,0.06008665185713089,0.004609571786238929,0.004609571796921952,0.0019267342905851827,0.00218271616999315,0.003593603244206906,0.004609571786238929,0.060086644703857287,0.002800927614834815,0.005911069009475779,0.06754669536304464,0.0021827164311465485,0.0017007221754371201,0.005911068311723029,0.0031726826841690548,0.0031726823078921332,0.003172682679014576,0.005911068311723029,0.003593602819022897,0.08509904442693891
0.005220124994721384,0.0059110683281407405,0.003172683440404803,0.0035936019619854775,0.0035936019619854775,0.0019267342905851827,0.004609572331073157,0.0028009269508630975,0.0019267347481739293,0.0028009276187367063,0.002800927287075985,0.003593603238371047,0.004070136789088848,0.004070138240646573,0.0024726232330138753,0.09534946682712482,0.002800926619202455,0.004609571786238929,0.003172683440404803,0.0028009276187367063,0.0024726229338145533
0.017986209501500604,0.007577240977220365,0.008577485184035312,0.005220124994721384,0.009708475800974501,0.002800926619202455,0.0031726826841690548,0.006692849648839014,0.004609571252087787,0.010986944017028478,0.005220126854256757,0.010986940120842134,0.012431651950844584,0.004609571796921952,0.004070137285525308,0.1329642316084462,0.009708475756204796,0.005220125611342273,0.005220124994721384,0.003593603244206906,0.009708475756204796
0.014063626229690516,0.004609572886590475,0.0031726826841690548,0.00359360237549767,0.004070138225545841,0.002182716163400929,0.0021827166882432258,0.13296424535145931,0.001700722373288178,0.006692849627168819,0.11920291419948609,0.0031726822939014063,0.001700722174053546,0.0017007223719046041,0.001926734287003275,0.003172683055291542,0.0017007225752899812,0.0028009272831740943,0.001926734287003275,0.007577240952708521,0.0019267345157976345
0.015906393111335865,0.007577240952708521,0.04742586981164345,0.002800927614834815,0.005911067633124355,0.05340332678672523,0.004070136804189576,0.002472622936685948,0.004070138257634899,0.0031726834352503236,0.006692850413487341,0.0035936028131870385,0.004070138257634899,0.004609571252087787,0.004070136804189576,0.0052201262400538425,0.0024726235235990475,0.005220124994721384,0.004609571796921952,0.008577486229460215,0.006692852029465064
0.029312231758316185,0.02297737179171353,0.015906394831580777,0.006692851199805954,0.004070138240646573,0.012431651733599612,0.003593603238371047,0.11920291419948607,0.009708474663824018,0.004609571232858347,0.010986942741912796,0.010986943905708849,0.006692850413487341,0.007577240977220365,0.007577240977220365,0.007577240087790639,0.006692850413487341,0.008577484178209957,0.005911068295305319,0.007577240977220365,0.008577487164006827
0.002800926619202455,0.0031726826841690548,0.0024726232330138753,0.0011695104388503468,0.0010322311006179463,0.0011695104388503468,0.002182716172021526,0.0017007223774388998,0.0008040860582973208,0.0017007221754371201,0.0017007223774388998,0.0008040860582973208,0.0019267345209466272,0.0010322311006179463,0.0010322311006179463,0.0021827169519321567,0.0017007227830237591,0.0011695100209540533,0.002182716172021526,0.08509904442693891,0.07585818106587033
0.042087724160866216,0.11920293297380237,0.012431650441563809,0.007577240977220365,0.007577242731568279,0.05340332753999996,0.008577487164006827,0.022977369199165775,0.007577242731568279,0.005220126854256757,0.06008665185713089,0.010986940120842134,0.005911069704492325,0.07585818837825821,0.006692850391817144,0.008577485184035312,0.07585817949893017,0.07585818837825821,0.006692850435157538,0.014063626139295522,0.008577486126501697
0.0059110697209100406,0.005220124994721384,0.08509903746596331,0.005220124994721384,0.006692852029465064,0.09534945975773548,0.002800927614834815,0.002472622936685948,0.004609572341756182,0.11920292202211755,0.00970847698289483,0.007577241842138349,0.003593603238371047,0.18242552825126704,0.004609571796921952,0.20181321745968234,0.00857748723528581,0.00970847698289483,0.20181322466072713,0.22270013882530884,0.005911069025893493
0.06754669395523942,0.005220126830075538,0.00359360195614962,0.060086649332446,0.002800926619202455,0.004609571232858347,0.005220126213454505,0.008577484178209957,0.0019267342905851827,0.005911067633124355,0.004070137766861096,0.0024726232301424803,0.08509905138791503,0.08509904964767097,0.006692849648839014,0.004070137285525308,0.007577240977220365,0.005911069009475779,0.005911067633124355,0.10669059252545562,0.09534946682712482
0.08509904790742692,0.06754669724011829,0.047425876038601794,0.0028009266153005653,0.002472623526470443,0.0015011819927211352,0.0024726235235990475,0.0019267345209466272,0.0015011819916741457,0.0031726834352503236,0.0028009269508630975,0.06754668926255561,0.0021827164311465485,0.0028009266153005653,0.003172682679014576,0.09534945590170513,0.0024726232330138753,0.11920293140927592,0.0035936023813335277,0.0028009269508630975,0.0028009276115832393
0.009708478120045582,0.006692851199805954,0.0031726826841690548,0.0024726232330138753,0.0024726232301424803,0.0028009266153005653,0.0017007223760553258,0.0017007223760553258,0.0024726232330138753,0.002472623526470443,0.08509905312815914,0.0035936019619854775,0.003172682303474009,0.002182716172021526,0.0017007225780571295,0.002182716172021526,0.002800926619202455,0.0028009269508630975,0.0017007225780571295,0.18242552602881168,0.0028009276187367063
0.022977371917159397,0.02033235274902783,0.07585817949893017,0.07585818733363134,0.005220126225545113,0.08509904268669496,0.005911069009475779,0.004609572886590475,0.005911069704492325,0.09534947453918644,0.0024726235235990475,0.10669059820623797,0.0024726229338145533,0.005220125596833546,0.005220126842166147,0.13296422817269313,0.009708474663824018,0.002472622640932335,0.005220126842166147,0.0059110689930580666,0.16451646289656316
0.014063624602580737,0.004070136804189576,0.005220126854256757,0.06008664554541885,0.0017007227816401849,0.002472623526470443,0.0534033331895608,0.004609571796921952,0.0013250226717013446,0.0019267342905851827,0.004609571796921952,0.0010322309773333046,0.060086644703857287,0.0011695102991889264,0.0015011819916741457,0.004609571796921952,0.004609571796921952,0.0031726823078921332,0.0013250221983102284,0.002472623526470443,0.004070137277974942
0.09534945782972029,0.00857748512067623,0.04742587502882471,0.004609572331073157,0.004609571241404765,0.010986940060122357,0.0474258704848281,0.004070137262874213,0.0052201255726523335,0.012431653402955803,0.04208772686428808,0.06008665417142547,0.0009110510319583206,0.0046095723118437125,0.004609571767009486,0.0024726226438037285,0.000911051140783019,0.003172683059709667,0.002800927614834815,0.010986942681193006,0.0010322308534484606
0.07585817949893017,0.10669058471438037,0.010986941406077477,0.029312231546324632,0.007577242731568279,0.007577241842138349,0.006692849627168819,0.06754669536304464,0.006692852010890605,0.020332355049347755,0.005220125596833546,0.020332355049347755,0.008577487195686375,0.00857748414653042,0.008577487195686375,0.015906391157837624,0.017986207297244074,0.09534946489910949,0.005911069009475779,0.015906392878082327,0.007577242703554737
0.03308597791199667,0.012431652030882206,0.009708478120045582,0.012431653402955803,0.004070137285525308,0.009708478120045582,0.015906391157837624,0.01098694018156191,0.009708474663824018,0.015906391274464377,0.015906393111335865,0.012431648989452931,0.014063626139295522,0.014063626139295522,0.012431651950844584,0.014063624512185756,0.007577240087790639,0.18242552825126704,0.0059110697209100406,0.012431651950844584,0.015906391274464377
0.060086647228542,0.060086644703857287,0.002800926619202455,0.0035936023871693855,0.042087724160866216,0.002472622936685948,0.0024726232330138753,0.0024726232330138753,0.0028009276187367063,0.004070137766861096,0.0031726823078921332,0.002182716690271602,0.002800926619202455,0.0017007227816401849,0.0035936019619854775,0.002472622936685948,0.002182716172021526,0.0035936028131870385,0.0024726232330138753,0.11920292671569666,0.002182716949396686
0.020332355160653567,0.007577241866650195,0.002800927614834815,0.002800927614834815,0.002182716949396686,0.0019267342905851827,0.005911067616706645,0.0019267347481739293,0.004609572875907449,0.11920293140927592,0.0028009272792722034,0.0028009269476115223,0.0021827169473683096,0.0035936023871693855,0.006692850391817144,0.002800926611398676,0.002800926611398676,0.003593601949480069,0.0035936028131870385,0.0040701382481969405,0.00359360237549767
0.006692849627168819,0.006692851221476155,0.002800927614834815,0.005911069025893493,0.0028009272831740943,0.005911067616706645,0.004609572341756182,0.0028009276187367063,0.09534946489910949,0.10669058968506456,0.0031726823078921332,0.11920292984474948,0.002472622936685948,0.004609571241404765,0.002800927614834815,0.14804719615221756,0.004609571786238929,0.13296424706933604,0.0028009276187367063,0.16451646494473962,0.1480472036701053
0.010986941456677298,0.003593603238371047,0.0035936028131870385,0.0035936019619854775,0.0019267342905851827,0.002182716949396686,0.003172683440404803,0.002800927614834815,0.0011695101600714816,0.002800926619202455,0.0015011825280818228,0.0040701367966392114,0.0015011825280818228,0.002800926619202455,0.0015011825280818228,0.003172683440404803,0.0015011825280818228,0.0028009276187367063,0.0035936028131870385,0.004070137277974942,0.00218271616999315
0.060086653540254206,0.005911069025893493,0.0017007223774388998,0.001325022199080471,0.0015011821712328426,0.0015011819927211352,0.004070137766861096,0.0035936019619854775,0.001501182349570073,0.0021827166928070725,0.06008665269869255,0.0019267349787592978,0.001325022199080471,0.00116951016075143,0.07585818106587033,0.07585818837825821,0.0021827169519321567,0.0024726229395573424,0.004070137766861096,0.0019267342921522673,0.0017007221754371201
0.009708475800974501,0.006692850413487341,0.002472622936685948,0.004609571786238929,0.002182716172021526,0.005220124982630778,0.0028009276187367063,0.08509904442693891,0.09534946682712482,0.005220126225545113,0.0015011819916741457,0.13296424191570594,0.10669059252545564,0.0013250226717013446,0.005220126854256757,0.003593602819022897,0.005220126854256757,0.003593603244206906,0.007577242731568279,0.003593603244206906,0.18242552158390102
0.008577487195686375,0.0474258688018665,0.0024726235235990475,0.002182716944832839,0.0015011823474760937,0.04208773227113229,0.0019267345175885884,0.04208772761523862,0.0017007221712863985,0.04742587704837889,0.0019267345175885884,0.0534033330012421,0.060086651646740485,0.0017007225794407035,0.0017007227802566104,0.0015011819916741457,0.08509903862612588,0.0011695100197301465,0.0013250225125692,0.0017007223774388998,0.0011695104376264393
0.015906393111335865,0.006692849648839014,0.07585817427579646,0.017986211574159975,0.07585817427579646,0.07585818367743735,0.025957357150702527,0.10669060459711842,0.009708478075275865,0.010986942681193006,0.005220124982630778,0.009708474619054318,0.010986942681193006,0.13296424191570594,0.005220126842166147,0.003172683440404803,0.009708474619054318,0.003593603244206906,0.14804720554957732,0.16451647108926923,0.16451646699291614
0.11920292202211755,0.005220126225545113,0.004609571786238929,0.0031726834352503236,0.010986941456677298,0.010986941456677298,0.0015011825280818228,0.0031726823078921332,0.001700722174053546,0.04742586981164345,0.006692850413487341,0.06754668832401889,0.01098694018156191,0.010986941456677298,0.004609572875907449,0.08509904442693891,0.002800926619202455,0.005911069704492325,0.0019267345175885884,0.017986209369903194,0.005911067600288937
0.015906389204339618,0.004609571211492303,0.0028009272753703133,0.053403324903538434,0.002800927614834815,0.003593603238371047,0.0021827166857077552,0.0021827164265827027,0.06754669301670263,0.007577242675541195,0.005220126186855169,0.11920293453832884,0.0019267349751773888,0.003593602800681627,0.0035936028131870385,0.14804719427274568,0.005911067564717235,0.0019267349751773888,0.005911068278887608,0.002472622930943159,0.0031726826841690548
0.05340332810495603,0.005220126225545113,0.0031726834352503236,0.0028009272831740943,0.0024726226466751226,0.029312228472447265,0.029312231758316185,0.029312231917309858,0.03308597791199667,0.0031726830648641457,0.0024726226438037285,0.0031726830648641457,0.047425875533713246,0.0024726229395573424,0.047425870989716595,0.05340332678672523,0.0011695100209540533,0.0011695101600714816,0.0031726830648641457,0.0015011819916741457,0.0024726229395573424
0.015906392994709095,0.012431653471559487,0.0046095728652244235,0.00857748512067623,0.005220126842166147,0.004070137285525308,0.0040701377593107295,0.008577487164006827,0.005220125596833546,0.08509904268669496,0.010986943905708849,0.009708478030506148,0.008577487164006827,0.004070137277974942,0.005911067616706645,0.007577242703554737,0.005220125611342273,0.14804719239327382,0.005911067616706645,0.004609571796921952,0.008577486126501697
0.007577240063278797,0.007577240543010565,0.005220126097384673,0.07585817897661677,0.004070138240646573,0.004609572835311951,0.004070137262874213,0.004070136781538485,0.09534947004048375,0.003593603220029775,0.005220126225545113,0.005220126225545113,0.00407013677398812,0.0046095728652244235,0.0046095712008092805,0.00407013677398812,0.00407013677398812,0.0052201255726523335,0.0046095712008092805,0.004070138240646573,0.004609571737097021
0.022977371708082957,0.020332354975143883,0.006692851221476155,0.020332352823231696,0.01590638932096636,0.0059110683281407405,0.01590638932096636,0.015906391157837624,0.017986211409663194,0.1329642487872128,0.015906392994709095,0.1329642487872128,0.014063629587219217,0.0024726229395573424,0.0024726229395573424,0.18242552380635635,0.007577242759581822,0.020332355271959375,0.015906392994709095,0.18242552825126704,0.18242552825126704
0.04208772340991573,0.015906394831580777,0.09534946682712482,0.007577240035265265,0.08509904442693891,0.005911067616706645,0.004609571232858347,0.009708474663824018,0.009708474663824018,0.006692850435157538,0.08509904500702023,0.004070137751760364,0.007577242731568279,0.005911067600288937,0.0850990438468576,0.006692849583828431,0.0850990438468576,0.00669285037324269,0.007577240952708521,0.005911068311723029,0.007577240952708521
0.07585818211049714,0.004609571232858347,0.007577240087790639,0.0024726232301424803,0.006692850435157538,0.005911069009475779,0.06754668926255561,0.07585817949893017,0.006692849648839014,0.007577240087790639,0.005220126842166147,0.00857748723528581,0.003172682679014576,0.005220124994721384,0.006692850435157538,0.1329642436335826,0.00359360195614962,0.007577242731568279,0.003593602806517485,0.007577240952708521,0.007577241842138349
0.01590639494820756,0.007577240087790639,0.047425876038601794,0.042087724160866216,0.006692849648839014,0.005911069737327755,0.047425876038601794,0.006692850435157538,0.005220126213454505,0.07585817688736327,0.004070137285525308,0.004609572875907449,0.0017007225794407035,0.005911069009475779,0.0017007227816401849,0.00218271616999315,0.006692851221476155,0.0028009272831740943,0.002472622936685948,0.11920293140927592,0.10669058258408719
0.012431651950844584,0.005220126842166147,0.0021827164291181728,0.04208772836618918,0.0035936028131870385,0.00359360237549767,0.04742586997993961,0.004070136781538485,0.003593602806517485,0.0017007225752899812,0.07585818628900447,0.1066905932355534,0.10669058826486906,0.005911069025893493,0.004070136781538485,0.002800927614834815,0.0059110683281407405,0.0040701367966392114,0.0040701377593107295,0.0040701377593107295,0.14804719615221756
0.015906389204339618,0.14804719615221756,0.006692849605498625,0.005220126842166147,0.0040701367966392114,0.004609572875907449,0.06754669395523942,0.004609571241404765,0.008577486189860786,0.0040701377593107295,0.008577484114850882,0.08509903804604459,0.006692851989220403,0.003593602806517485,0.008577485184035312,0.007577241866650195,0.10669059962643358,0.004609572886590475,0.004070137285525308,0.004609572341756182,0.008577487195686375
0.005220124982630778,0.006692851989220403,0.004609572341756182,0.002472622936685948,0.0015011823485230832,0.00218271616999315,0.003593603244206906,0.001169510438306388,0.06754669395523942,0.07585818628900447,0.004070137285525308,0.05340333187132989,0.06754668597767712,0.0010322311001377724,0.003593603244206906,0.08509904268669496,0.0021827164291181728,0.0035936019619854775,0.001169510438306388,0.0024726232301424803,0.0017007225794407035
0.004609572341756182,0.005911069025893493,0.004609572341756182,0.09534945975773548,0.004609571796921952,0.006692849627168819,0.0024726232301424803,0.006692851199805954,0.007577240952708521,0.0035936023871693855,0.09534947261117098,0.008577484114850882,0.0035936023871693855,0.11920291263495983,0.0019267345193795425,0.16451645675203383,0.006692850391817144,0.004609572341756182,0.16451645470385742,0.004609572341756182,0.007577240977220365
0.008577484178209957,0.006692852010890605,0.002800927287075985,0.0031726830648641457,0.0031726830648641457,0.0021827164311465485,0.0021827164311465485,0.0021827164311465485,0.0031726830648641457,0.0031726830648641457,0.0024726229395573424,0.053403333754516925,0.004070136804189576,0.004609571786238929,0.003172683440404803,0.002800927287075985,0.08509904616718289,0.0031726830648641457,0.0031726823078921332,0.09534947132582736,0.0024726229395573424
0.025957359317041524,0.09534946489910949,0.07585817479810981,0.004070138233096207,0.004609572230652725,0.07585817897661677,0.01590639066217393,0.01590639261567211,0.07585818263281055,0.005911068229634475,0.00247262292520037,0.012431653254314489,0.005220124878651577,0.002472622631743873,0.014063627585615473,0.005220125546052999,0.005220126776876857,0.004609571222175324,0.01798620683665319,0.1480471999111614,0.003593601949480069
0.025957356538476316,0.010986942741912796,0.08509905138791503,0.020332352637722033,0.0059110697209100406,0.07585818628900447,0.005220126842166147,0.012431649069490534,0.005911069704492325,0.0040701382481969405,0.005220125596833546,0.014063629496824204,0.0758581784543034,0.09534947453918644,0.004609572875907449,0.014063629393515617,0.0059110683281407405,0.015906392732298873,0.0040701377593107295,0.009708474663824018,0.0059110697209100406
0.042087723860486016,0.06008665269869255,0.022977371708082957,0.06008665185713089,0.008577484178209957,0.015906392994709095,0.060086651015569245,0.06754668832401889,0.06754668738548217,0.007577240952708521,0.005911069704492325,0.004609572331073157,0.020332354863838074,0.017986207132747328,0.06754668597767712,0.007577242759581822,0.022977369199165775,0.10669059252545562,0.005220126225545113,0.09534947261117098,0.09534946875514017
0.03308597791199667,0.029312231546324632,0.02297737179171353,0.07585817949893017,0.020332355049347755,0.09534945590170513,0.029312228472447265,0.012431650441563809,0.020332355049347755,0.1480472055495773,0.005220126213454505,0.005911069704492325,0.02595735682104226,0.010986943905708849,0.007577240063278797,0.005220126830075538,0.004609572875907449,0.022977369199165775,0.182425528251267,0.005911069009475779,0.14804719239327382
0.020332354863838074,0.04208772836618918,0.007577242731568279,0.005911069025893493,0.01406362785680048,0.01590638932096636,0.005220126842166147,0.004609572886590475,0.005911069704492325,0.007577240924694985,0.07585818733363134,0.005220125611342273,0.014063629496824204,0.10669059749614017,0.008577484114850882,0.006692852010890605,0.11920291263495983,0.004609572886590475,0.13296422817269313,0.005220125596833546,0.005911069704492325
0.007577240063278797,0.07585818733363134,0.05340333243628599,0.0015011819916741457,0.001700722174053546,0.0015011819916741457,0.002800926619202455,0.003172682303474009,0.002472623526470443,0.0019267345193795425,0.00359360195614962,0.002182716172021526,0.0015011821712328426,0.0017007221754371201,0.0019267345209466272,0.0035936028131870385,0.08509904268669496,0.0040701367966392114,0.002800927614834815,0.10669059962643358,0.000911051358379473
0.11920292515117027,0.005911069009475779,0.007577242703554737,0.004070137270424578,0.07585817584273653,0.06008665648572012,0.06754669301670263,0.003172682679014576,0.002472622640932335,0.00857748723528581,0.007577240977220365,0.005220124982630778,0.005911067600288937,0.004609571241404765,0.005911067600288937,0.13296424363358259,0.007577240087790639,0.0024726229338145533,0.005911067616706645,0.18242552380635635,0.006692850435157538
0.005220126201363897,0.0021827164291181728,0.0017007223774388998,0.0013250226717013446,0.001169510299868875,0.0015011821700113548,0.0015011823485230832,0.0017007225780571295,0.0011695100209540533,0.0024726235235990475,0.0013250225142637337,0.0013250225142637337,0.0013250226717013446,0.001325022356672093,0.0008040859626134067,0.060086644703857287,0.0024726235235990475,0.001501182349570073,0.0011695102991889264,0.003172682679014576,0.06008665185713089
0.015906393111335865,0.010986942741912796,0.0035936023871693855,0.007577240977220365,0.060086644703857287,0.060086651015569245,0.0017007227816401849,0.003593603244206906,0.0011695100209540533,0.0031726823078921332,0.005911067616706645,0.005220126842166147,0.005220126225545113,0.005220126842166147,0.0031726823078921332,0.0031726823078921332,0.003593603244206906,0.003172683440404803,0.005911067633124355,0.004070137285525308,0.0010322309773333046
0.025957359929267797,0.010986942741912796,0.06754668832401889,0.05340333243628599,0.05340332622176918,0.0040701382481969405,0.005911067633124355,0.005220124994721384,0.005220124994721384,0.017986207132747328,0.005911069025893493,0.01798621335072534,0.006692852010890605,0.006692851199805954,0.005220126225545113,0.005911069025893493,0.005911067600288937,0.029312231546324632,0.02595735978798481,0.006692851181231498,0.007577242759581822
0.029312231758316185,0.012431649069490534,0.06008665185713089,0.008577485184035312,0.009708478075275865,0.0059110683281407405,0.0040701382481969405,0.0040701382481969405,0.008577485184035312,0.017986211574159975,0.004070137277974942,0.004609571241404765,0.009708475756204796,0.017986211574159975,0.015906393111335865,0.009708478075275865,0.009708474663824018,0.012431650441563809,0.009708475800974501,0.1480471999111614,0.004609572331073157
0.10669059465574898,0.004609571775555906,0.002182716949396686,0.002800926619202455,0.0017007227802566104,0.0013250225133394425,0.05340332622176918,0.003593603244206906,0.0031726822983195306,0.003593602819022897,0.0028009272831740943,0.09534947453918644,0.0024726232243996913,0.0015011823485230832,0.1192029235866439,0.003172683440404803,0.0013250226709311018,0.16451647108926923,0.0019267345209466272,0.002800926619202455,0.0021827164265827027
0.020332355160653567,0.008577484075251461,0.029312229744396488,0.08509905254807777,0.08509905254807777,0.0066928495435837855,0.007577239954726358,0.01798621318622854,0.0031726834308321975,0.09534945718704857,0.11920292828022305,0.002472622930943159,0.13296422817269313,0.005220125596833546,0.008577486086902267,0.18242552825126704,0.0031726834308321975,0.014063627585615473,0.2227001388253088,0.20181322706107543,0.005220125596833546
0.017986207132747328,0.09534945782972029,0.005220126842166147,0.007577242731568279,0.060086644703857287,0.00857748723528581,0.003593603238371047,0.007577240035265265,0.003172682679014576,0.004609572341756182,0.003593603238371047,0.09534946682712482,0.0024726232301424803,0.007577240087790639,0.0031726834352503236,0.005220125611342273,0.0024726232301424803,0.008577484114850882,0.00970847698289483,0.007577240087790639,0.005911069704492325
0.14804719615221756,0.017986212594040072,0.010986945018905186,0.005911067600288937,0.010986941345357696,0.004609572331073157,0.005911068278887608,0.005220125596833546,0.04208772596314744,0.04742587704837889,0.0015011819906271563,0.0015011823485230832,0.003593603238371047,0.04742587149460509,0.06008664533502846,0.0075772399792382,0.009708476893355406,0.008577486086902267,0.008577484043571925,0.010986943966428646,0.0534033330012421
0.007577240063278797,0.11920293297380237,0.003593603244206906,0.0031726834352503236,0.0028009272831740943,0.06754669724011829,0.09534946875514018,0.08509904616718289,0.0024726226438037285,0.003172683059709667,0.07585817949893017,0.002182716690271602,0.002182716690271602,0.09534947453918644,0.004070136804189576,0.1480471942727457,0.0028009272831740943,0.0031726822983195306,0.004070137285525308,0.0024726226438037285,0.16451646494473962
0.0059110683281407405,0.004609571796921952,0.003172683059709667,0.004609571241404765,0.0021827169519321567,0.037326888281170874,0.0028009276187367063,0.037326883863690125,0.004609571786238929,0.004609571786238929,0.004609571786238929,0.0031726826841690548,0.002182716172021526,0.002800926619202455,0.004609571786238929,0.0024726229395573424,0.0024726229395573424,0.0028009276187367063,0.003172682679014576,0.0019267342921522673,0.0019267345209466272
0.01590638932096636,0.015906394831580777,0.014063626139295522,0.010986940060122357,0.012431653254314489,0.008577485152355771,0.09534946297109421,0.015906394569170524,0.015906392994709095,0.017986207297244074,0.010986941345357696,0.010986942681193006,0.14804719615221756,0.01590638932096636,0.014063626229690516,0.006692851989220403,0.004609572875907449,0.005911069704492325,0.006692849605498625,0.2018132270610754,0.01406362785680048
0.05340333563770401,0.007577241842138349,0.04208772686428808,0.03732688667481418,0.04208773227113229,0.0028009269476115223,0.003172682679014576,0.002472623227271086,0.04208772551257712,0.007577242651029344,0.0017007227802566104,0.003172683059709667,0.0017007221726699723,0.06008665080517885,0.0035936028131870385,0.04208773182056191,0.0019267349769683433,0.0019267347481739293,0.008577486086902267,0.010986941234038093,0.0021827166857077552
0.009708475845744208,0.005220126225545113,0.0015011821712328426,0.003593602819022897,0.0015011821712328426,0.001325022356672093,0.0015011821712328426,0.0059110697209100406,0.0035936023871693855,0.08509903630580076,0.003172683440404803,0.002472622936685948,0.06754669724011829,0.004609571786238929,0.002182716949396686,0.09534946489910949,0.0024726232301424803,0.002800927287075985,0.00218271616999315,0.002472622936685948,0.0011695104388503468
0.020332355049347755,0.008577486189860786,0.06754668926255561,0.005911069025893493,0.005220124994721384,0.004609572341756182,0.004609571796921952,0.005220126225545113,0.004070136804189576,0.004609572341756182,0.0019267345193795425,0.005220124994721384,0.09534946875514018,0.0024726232301424803,0.002472622936685948,0.005911069025893493,0.005911067616706645,0.005220124994721384,0.004070136804189576,0.005220124994721384,0.16451645675203383
0.010986941456677298,0.006692851221476155,0.05340332810495603,0.053403333754516925,0.06008664638698043,0.006692851243146353,0.005911069042311205,0.006692851243146353,0.004609571796921952,0.004609571252087787,0.002182716690271602,0.09534946682712482,0.007577241894663736,0.006692852029465064,0.0059110683281407405,0.005911067633124355,0.004070136804189576,0.13296425050508953,0.007577242784093672,0.002472622936685948,0.11920291576401235
0.014063626229690516,0.01243165333435212,0.003593603238371047,0.004609572886590475,0.1192029188930649,0.0035936019619854775,0.10669059252545564,0.0035936028131870385,0.008577487195686375,0.009708474663824018,0.11920293453832884,0.0031726834352503236,0.11920292045759123,0.005220126830075538,0.002800927614834815,0.004609572875907449,0.001926734746382975,0.009708478075275865,0.0046095728652244235,0.18242552380635635,0.0040701377593107295
0.06008665269869255,0.007577242759581822,0.007577242784093672,0.06754669020109236,0.0031726830648641457,0.003593602819022897,0.002800926619202455,0.08509903746596331,0.08509903746596331,0.10669059465574898,0.004609571252087787,0.1192029110704336,0.10669058471438037,0.0031726826841690548,0.004609572341756182,0.005220124994721384,0.13296423332632276,0.004609572886590475,0.004070137766861096,0.0035936023938389376,0.0031726830648641457
0.012431650510167477,0.006692852010890605,0.004609571796921952,0.004609571786238929,0.004070136804189576,0.004609571796921952,0.005911067633124355,0.004609572341756182,0.004070136804189576,0.005911067633124355,0.09534946875514018,0.004609571786238929,0.0031726823078921332,0.005220126854256757,0.14804720554957732,0.0028009266153005653,0.004609571796921952,0.004609572875907449,0.007577240977220365,0.005911067633124355,0.004609572886590475
0.01798621364681958,0.005220125611342273,0.004070136804189576,0.005911069737327755,0.005911067633124355,0.003593602819022897,0.008577486189860786,0.008577485184035312,0.0035936023871693855,0.008577486189860786,0.005220126854256757,0.004070137285525308,0.08509904616718289,0.003593603244206906,0.008577487195686375,0.009708478075275865,0.007577240952708521,0.004609572341756182,0.004070136804189576,0.003172683440404803,0.0040701382481969405
0.012431653471559487,0.0059110683281407405,0.03308597791199667,0.0031726823078921332,0.047425870484828096,0.047425870484828096,0.004070138257634899,0.0017007227816401849,0.005220126225545113,0.005220125611342273,0.06008664554541885,0.004609572341756182,0.002472622640932335,0.060086644703857287,0.002800926619202455,0.006692849605498625,0.00218271616999315,0.008577484114850882,0.10669060317692271,0.0075772418141248086,0.0031726834308321975
0.005911069025893493,0.00407013771967131,0.037326888548896986,0.004609572813945899,0.004070137247773484,0.0021827166857077552,0.0028009269476115223,0.0028009269476115223,0.004070137736659633,0.004609571241404765,0.0021827161674576804,0.004609571241404765,0.004070137744209999,0.05340332923486816,0.0035936023813335277,0.001926734746382975,0.0028009269476115223,0.0035936023813335277,0.004609572886590475,0.003172682303474009,0.0028009272792722034
0.014063629496824204,0.006692852010890605,0.09534945590170513,0.10669060459711842,0.004609572331073157,0.10669060459711842,0.09534945782972029,0.11920292671569666,0.006692850435157538,0.1480471999111614,0.003172682679014576,0.1480471999111614,0.005220126213454505,0.00359360195614962,0.16451646289656316,0.18242552602881168,0.18242551491653522,0.007577240087790639,0.004070138240646573,0.005911067633124355,0.005220126225545113
0.11920291419948607,0.009708475800974501,0.00970847698289483,0.006692851221476155,0.006692851221476155,0.01098694018156191,0.005220125611342273,0.004070138257634899,0.007577240063278797,0.006692849627168819,0.01098694018156191,0.007577240063278797,0.005911067633124355,0.005911067616706645,0.008577486189860786,0.005220126225545113,0.00970847698289483,0.006692851199805954,0.18242552158390102,0.0059110683281407405,0.005220124994721384
0.06754669020109236,0.014063624602580737,0.006692849648839014,0.014063626229690516,0.014063626229690516,0.004070137766861096,0.009708476938125118,0.0035936023871693855,0.0035936019619854775,0.09534946875514018,0.010986944077748277,0.010986940120842134,0.012431648989452931,0.014063629587219217,0.004070137766861096,0.012431650510167477,0.005220126854256757,0.14804720554957732,0.0159063894375931,0.004609571796921952,0.009708474619054318
0.020332355160653567,0.07585818367743735,0.047425876543490335,0.047425876038601794,0.0031726823078921332,0.004609572895136895,0.002472623526470443,0.0028009269508630975,0.0021827164311465485,0.0052201262400538425,0.006692852010890605,0.0028009269508630975,0.005220125623432879,0.002472622936685948,0.004609572895136895,0.0052201262400538425,0.006692849627168819,0.003172683059709667,0.004609571796921952,0.004609572341756182,0.004609572341756182
0.060086651015569245,0.08509903804604459,0.05340332622176918,0.01590638932096636,0.004070137285525308,0.008577486158181241,0.004070137277974942,0.04208772340991573,0.012431650441563809,0.0031726834352503236,0.012431651882240909,0.05340332546849447,0.0040701377593107295,0.004609572886590475,0.05340333187132989,0.012431650441563809,0.012431650441563809,0.020332355160653567,0.02297737179171353,0.014063629393515617,0.0046095728652244235
0.014063624602580737,0.010986944017028478,0.0024726229395573424,0.005220125611342273,0.0031726826841690548,0.0021827164311465485,0.004070138257634899,0.060086653540254206,0.002182716690271602,0.002182716690271602,0.004609572886590475,0.002182716949396686,0.08509904790742692,0.004609571786238929,0.09534947132582736,0.10669058471438037,0.002182716690271602,0.004609572886590475,0.10669058471438037,0.0024726229395573424,0.0019267342921522673
0.017986209369903194,0.009708478075275865,0.09534946682712482,0.009708478120045582,0.006692851199805954,0.008577484178209957,0.005911067633124355,0.007577241842138349,0.005911067633124355,0.11920292671569666,0.0066928503515724935,0.005220126213454505,0.004609571232858347,0.006692851181231498,0.005220124994721384,0.005220126830075538,0.006692851181231498,0.004609572875907449,0.006692851221476155,0.007577240977220365,0.004609572875907449
0.008577484772201294,0.003593602800681627,0.0028009269476115223,0.004070136756999802,0.033085980176357166,0.0017007227802566104,0.029312227465487506,0.03732688975366456,0.0028009272831740943,0.002800927614834815,0.05340333507274788,0.0031726834352503236,0.05340332923486816,0.008577487195686375,0.0017007225780571295,0.07585818367743737,0.0024726235235990475,0.009708478075275865,0.007577240952708521,0.007577240952708521,0.0035936027881762153
0.006692852010890605,0.0040701382481969405,0.0035936028131870385,0.0035936019619854775,0.004609571796921952,0.005220126854256757,0.001501182349570073,0.005220126854256757,0.004609571796921952,0.002182716172021526,0.047425870484828096,0.005220125596833546,0.047425870484828096,0.004609571786238929,0.004070137766861096,0.001700722174053546,0.004609571786238929,0.005220124982630778,0.005220124982630778,0.002182716949396686,0.0040701377593107295
0.033085981606479666,0.06008664554541885,0.01590638932096636,0.0040701377593107295,0.007577240063278797,0.03308597767364294,0.029312228260455736,0.00359360195614962,0.0028009269476115223,0.005220124994721384,0.02931223133433308,0.005220124994721384,0.0017007223760553258,0.0017007227802566104,0.002472622640932335,0.004609571232858347,0.04742586930675497,0.006692849605498625,0.004609571767009486,0.005911069025893493,0.0059110697209100406
0.022977371457191226,0.01243165333435212,0.007577242731568279,0.02931223133433308,0.005220126213454505,0.02931223133433308,0.005220125596833546,0.005220125596833546,0.003593602806517485,0.005220125596833546,0.006692850435157538,0.04742586981164345,0.029312228048464204,0.05340332622176918,0.060086651015569245,0.029312231546324632,0.029312231546324632,0.005220126830075538,0.004609572875907449,0.006692850435157538,0.02595735682104226
0.0035936019619854775,0.09534946297109421,0.0019267342905851827,0.002800926619202455,0.0035936019619854775,0.002182716949396686,0.002800927614834815,0.0019267349787592978,0.10669059252545562,0.001501182349570073,0.08509904848750825,0.003593603238371047,0.001501182349570073,0.0028009272831740943,0.0017007223760553258,0.001501182349570073,0.0017007225794407035,0.0021827169473683096,0.0021827169473683096,0.14804719427274568,0.0028009269508630975
0.020332355160653567,0.10669059749614017,0.003593603244206906,0.014063626229690516,0.0031726823078921332,0.06754669630158146,0.00218271616999315,0.005220126842166147,0.001700722174053546,0.001700722174053546,0.012431653402955803,0.014063626139295522,0.006692851989220403,0.0017007227802566104,0.1480471999111614,0.0017007223760553258,0.006692851199805954,0.0031726826841690548,0.0031726826841690548,0.007577240035265265,0.16451646494473962
0.009708474619054318,0.004609572886590475,0.004070137247773484,0.0031726830457189372,0.002182716163400929,0.0021827161608654593,0.08509904674726422,0.0024726232301424803,0.003172682303474009,0.0028009266153005653,0.007577240952708521,0.0013250221966156948,0.0013250223542073166,0.003172683425677717,0.0028009266153005653,0.0028009269437096326,0.11920291732853862,0.0017007225752899812,0.0028009266074967864,0.006692849627168819,0.006692852010890605
0.008577487195686375,0.07585817427579646,0.004070138257634899,0.06754669817865513,0.003593603244206906,0.004609571796921952,0.06008664638698043,0.07585818211049714,0.006692849648839014,0.006692850413487341,0.002800927614834815,0.004070137285525308,0.005220126854256757,0.004070136804189576,0.006692849605498625,0.007577242731568279,0.005911067633124355,0.004609572886590475,0.005911069737327755,0.004070137285525308,0.004609572341756182
0.0534033331895608,0.022977369073719923,0.006692852010890605,0.005220125611342273,0.003593602806517485,0.004070138240646573,0.008577485184035312,0.006692850435157538,0.0040701382481969405,0.0035936023813335277,0.0035936032317014934,0.004070136789088848,0.005220126842166147,0.003593602806517485,0.04742586930675497,0.0031726822983195306,0.005220126842166147,0.005220126842166147,0.06008665017400762,0.004609572320390132,0.0046095728652244235
0.020332355049347755,0.010986943966428646,0.020332355160653567,0.010986943966428646,0.01798621364681958,0.0040701382481969405,0.006692851221476155,0.012431648989452931,0.015906393111335865,0.0040701367966392114,0.017986211574159975,0.01590639494820756,0.009708476893355406,0.005911069025893493,0.1066906024668249,0.010986940120842134,0.0035936028131870385,0.13296425050508953,0.020332355160653567,0.13296424706933604,0.006692852010890605
0.042087729267329864,0.11920293297380237,0.033085981844833426,0.06754669817865513,0.012431651950844584,0.008577486189860786,0.006692852010890605,0.07585818211049714,0.08509903746596331,0.01798621364681958,0.015906389204339618,0.01798621348232278,0.009708474663824018,0.014063624602580737,0.005220126842166147,0.008577484178209957,0.01798620920540643,0.11920291576401235,0.01798621364681958,0.11920291576401235,0.14804719615221756
0.012431652030882206,0.006692849648839014,0.033085981844833426,0.0035936023938389376,0.002182716690271602,0.002182716172021526,0.002800926619202455,0.002472622936685948,0.0035936028131870385,0.0035936023938389376,0.037326883462100995,0.042087724160866216,0.0013250225142637337,0.042087724160866216,0.0019267347499648834,0.0017007227816401849,0.0035936023938389376,0.0028009269508630975,0.0017007227816401849,0.0040701377762990525,0.002800927287075985
0.009708476893355406,0.07585818106587033,0.04208772881675952,0.047425870484828096,0.0024726235235990475,0.003593602819022897,0.0035936032317014934,0.004070138257634899,0.004609571232858347,0.004609571252087787,0.004070138240646573,0.0040701377593107295,0.003172683440404803,0.0031726826841690548,0.004609572320390132,0.0031726823078921332,0.11920291263495983,0.002472622640932335,0.13296424706933604,0.18242552602881168,0.005220124968122053
0.13296423504419935,0.009708474574284616,0.005911068278887608,0.005220124956031448,0.005220124956031448,0.0066928511595613,0.004609571767009486,0.0075772408686679135,0.009708478075275865,0.11920292828022307,0.009708478075275865,0.008577484114850882,0.00669285037324269,0.008577486189860786,0.13296424019782926,0.0031726822983195306,0.005911069009475779,0.006692851199805954,0.003172683050137062,0.007577240035265265,0.0066928511378911
0.025957360070550783,0.004609572341756182,0.06754669630158146,0.005220124994721384,0.0040701382481969405,0.07585818837825821,0.004070137285525308,0.0035936019619854775,0.09534946682712482,0.0024726232301424803,0.09534947453918644,0.0021827164291181728,0.0075772418141248086,0.007577240035265265,0.00218271616999315,0.13296424706933604,0.005911069704492325,0.0040701382481969405,0.13296423504419935,0.002472623520727653,0.1480471999111614
0.020332355049347755,0.015906393111335865,0.012431653402955803,0.005220125611342273,0.004609572886590475,0.005220124994721384,0.004070137277974942,0.005220125596833546,0.005220125596833546,0.004609572341756182,0.004070136804189576,0.004609572341756182,0.004609572886590475,0.0035936019619854775,0.004070138257634899,0.005220126842166147,0.06754669536304464,0.00359360195614962,0.004609572886590475,0.005220125596833546,0.0031726823078921332
0.017986207297244074,0.015906392994709095,0.012431653402955803,0.005220124994721384,0.012431652030882206,0.004609572341756182,0.004070137285525308,0.012431650578771145,0.012431650578771145,0.012431653402955803,0.0059110697209100406,0.007577240087790639,0.00857748414653042,0.005911067633124355,0.006692851221476155,0.13296424706933604,0.1329642384799526,0.007577240063278797,0.14804720554957732,0.007577240977220365,0.14804719427274568
0.060086653540254206,0.005911069009475779,0.0035936028131870385,0.0031726823078921332,0.0035936028131870385,0.0035936023938389376,0.0015011825280818228,0.003172682679014576,0.003593603238371047,0.002472623526470443,0.004070138257634899,0.0011695101600714816,0.002800926619202455,0.002472623526470443,0.060086644703857287,0.0534033331895608,0.0028009269508630975,0.004070138257634899,0.00359360195614962,0.004609572895136895,0.0031726834352503236
0.13296425050508953,0.02033235256351817,0.03308597767364294,0.07585818837825821,0.08509904268669496,0.007577241866650195,0.005911069009475779,0.08509904848750825,0.08509903688588204,0.020332352637722033,0.012431650361526197,0.020332352637722033,0.009708474574284616,0.004609572331073157,0.1192029235866439,0.017986207297244074,0.010986940060122357,0.017986209369903194,0.017986209369903194,0.16451646699291614,0.009708478030506148
0.010986942792512623,0.004609571252087787,0.0028009272831740943,0.002182716172021526,0.0021827164311465485,0.0019267342905851827,0.047425870989716595,0.003593602819022897,0.0017007227816401849,0.07585818211049714,0.002800926619202455,0.0015011825280818228,0.003172683440404803,0.002800926619202455,0.003172683440404803,0.002182716172021526,0.11920292984474948,0.0028009272831740943,0.0028009269508630975,0.13296423504419935,0.002472622640932335
0.017986209369903194,0.005911068311723029,0.005911067616706645,0.008577487124407392,0.08509904152653236,0.004609572341756182,0.005220124994721384,0.08509904268669496,0.003172682679014576,0.009708477985736432,0.005911069025893493,0.005911067616706645,0.004070136804189576,0.16451645470385742,0.20181321745968234,0.006692849627168819,0.004609571232858347,0.007577241866650195,0.006692851181231498,0.008577484043571925,0.009708476759046273
0.020332355271959375,0.007577240952708521,0.06754669020109236,0.007577240087790639,0.005911069737327755,0.06008664554541885,0.005911068311723029,0.007577242784093672,0.08509903630580076,0.0028009269508630975,0.006692851243146353,0.007577242784093672,0.0028009272831740943,0.005220124994721384,0.006692852029465064,0.0028009269508630975,0.14804719239327382,0.004070136804189576,0.16451646289656316,0.005220126842166147,0.005911069042311205
0.007577241842138349,0.004070137766861096,0.003172683055291542,0.047425870484828096,0.05340332678672523,0.0028009272792722034,0.0028009269508630975,0.00218271616999315,0.0015011819916741457,0.06754668832401889,0.0024726226438037285,0.07585817949893017,0.07585817949893017,0.004070138240646573,0.09534945782972029,0.0019267342905851827,0.002182716172021526,0.004070137277974942,0.0017007223760553258,0.003172683440404803,0.0019267349769683433
0.004070137285525308,0.004609571232858347,0.03308597791199667,0.029312231758316185,0.0024726232301424803,0.037326883462100995,0.0028009269476115223,0.033085981606479666,0.003172682679014576,0.04742586981164345,0.0028009269476115223,0.0028009272831740943,0.0024726226438037285,0.003172683055291542,0.002182716172021526,0.002182716172021526,0.003172683059709667,0.08509905138791503,0.0021827164311465485,0.0019267347499648834,0.002472622936685948
0.09534946168575072,0.006692849627168819,0.005220126225545113,0.00359360195614962,0.09534945525903342,0.0024726232301424803,0.004609572331073157,0.08509903688588204,0.002182716949396686,0.006692849605498625,0.0031726834308321975,0.008577487195686375,0.09534946297109421,0.002472622936685948,0.002472622936685948,0.16451646289656316,0.008577484114850882,0.008577484114850882,0.008577484114850882,0.008577484114850882,0.008577485184035312
0.004609572331073157,0.0017007227816401849,0.0019267345193795425,0.0013250225142637337,0.001169510438306388,0.001325022356672093,0.0011695104388503468,0.0019267349769683433,0.0017007225780571295,0.0010322309778134787,0.0009110510323821752,0.060086651015569245,0.05340332622176918,0.0013250225133394425,0.0011695104388503468,0.0019267349769683433,0.0010322309778134787,0.0013250226709311018,0.0015011825268603347,0.000911051358379473,0.0017007225766735553
0.022977368446490672,0.10669058826486906,0.00857748414653042,0.012431650441563809,0.008577485081076806,0.08509904036636975,0.10669058684467357,0.01590639410266342,0.004070137751760364,0.015906391041210867,0.009708474574284616,0.012431651664995937,0.014063629031935568,0.017986211278065767,0.006692849583828431,0.0066928511595613,0.007577241842138349,0.00669285194588,0.015906389058556198,0.18242552158390102,0.012431651664995937
0.22270013882530884,0.14804720367010532,0.01798621348232278,0.09534945975773548,0.020332352823231696,0.020332355160653567,0.08509903630580076,0.008577484178209957,0.08509905312815914,0.008577487195686375,0.010986942681193006,0.10669058258408719,0.010986940060122357,0.1329642316084462,0.11920293140927592,0.14804719803168948,0.025957357009419556,0.014063627766405476,0.033085981606479666,0.008577486189860786,0.14804719427274568
0.010986942741912796,0.004609572341756182,0.004070137285525308,0.005220124982630778,0.004609572331073157,0.001700722174053546,0.0035936023938389376,0.0035936019619854775,0.002800926619202455,0.004609572331073157,0.0015011825280818228,0.004070137285525308,0.05340332546849447,0.05340332622176918,0.05340332622176918,0.003172683440404803,0.001700722174053546,0.0031726826841690548,0.005220124982630778,0.0021827166882432258,0.0031726826841690548
0.006692849648839014,0.006692852029465064,0.004609571252087787,0.004609571796921952,0.0021827164311465485,0.007577242759581822,0.06754668926255561,0.003593602819022897,0.0028009276187367063,0.004070136804189576,0.09534946875514018,0.006692849627168819,0.003172683440404803,0.006692852010890605,0.0031726823078921332,0.003593602819022897,0.0024726235235990475,0.003593602819022897,0.11920292671569666,0.0031726823078921332,0.004609572886590475
0.01590639494820756,0.008577484178209957,0.05340332753999996,0.0031726834352503236,0.0028009272831740943,0.0052201262400538425,0.0028009272831740943,0.004609571786238929,0.002182716949396686,0.005911068311723029,0.004609572341756182,0.005220124994721384,0.004609572886590475,0.005220125596833546,0.005220125611342273,0.004609571796921952,0.004609572341756182,0.1329642384799526,0.0059110697209100406,0.0059110697209100406,0.11920292984474948
0.006692850435157538,0.05340332810495603,0.004609572886590475,0.003172683440404803,0.0031726826841690548,0.0019267347499648834,0.0028009276187367063,0.037326888281170874,0.0021827169519321567,0.047425870989716595,0.0035936023871693855,0.0019267342921522673,0.047425876543490335,0.047425876543490335,0.0024726232330138753,0.002182716172021526,0.0019267342921522673,0.08509904616718289,0.0031726823078921332,0.0021827169519321567,0.07585817323116975
0.0031726834352503236,0.0040701367966392114,0.042087729267329864,0.001501182349570073,0.002182716172021526,0.002800927614834815,0.042087724160866216,0.047425870484828096,0.0021827164311465485,0.0021827164311465485,0.002800926619202455,0.0019267345209466272,0.0017007223774388998,0.07585817949893017,0.0019267345209466272,0.08509904152653236,0.0019267345209466272,0.0024726232330138753,0.003172682303474009,0.002472623526470443,0.09534946297109421
0.0059110697209100406,0.08509904616718289,0.0031726834352503236,0.002472622936685948,0.06008665269869255,0.0035936019619854775,0.0031726826841690548,0.004609571796921952,0.002472623526470443,0.0031726823078921332,0.003593602819022897,0.004070137766861096,0.0035936023871693855,0.0028009266153005653,0.00359360195614962,0.002800926619202455,0.004070138257634899,0.004070137766861096,0.005220126854256757,0.004070137277974942,0.003172682303474009
0.015906391274464377,0.004609572341756182,0.0035936019619854775,0.0031726823078921332,0.037326887879581695,0.0019267347499648834,0.008577486229460215,0.004070137766861096,0.042087724160866216,0.0024726226438037285,0.0028009276187367063,0.004070137766861096,0.006692852029465064,0.005220125611342273,0.004609571241404765,0.07585817949893017,0.0052201262400538425,0.0028009276187367063,0.005220126225545113,0.0028009272831740943,0.0028009266153005653
0.008577487195686375,0.004609572331073157,0.003593602819022897,0.029312231546324632,0.0031726822939014063,0.004070138225545841,0.005220126225545113,0.04742587805815601,0.002182716949396686,0.002182716690271602,0.05340332433858241,0.060086655644158424,0.0028009269508630975,0.004070136789088848,0.004609571775555906,0.06754669207816587,0.08509903688588204,0.002472623526470443,0.0028009269476115223,0.09534947261117098,0.08509904674726422
0.16451646699291617,0.01406362483502498,0.007577241758097731,0.0075772399792382,0.005911069688074612,0.0031726830354099783,0.002472623218656901,0.0035936027881762153,0.09534946811246839,0.002472623221528296,0.009708478030506148,0.09534946040040722,0.0017007227747223136,0.00192673497159548,0.004609572320390132,0.004609572320390132,0.16451645470385742,0.14804720179063335,0.0046095712008092805,0.009708475756204796,0.0015011819885331775
0.014063624602580737,0.005220126225545113,0.09534945590170513,0.08509905138791503,0.0021827169473683096,0.09534947453918644,0.002182716949396686,0.0019267349787592978,0.08509905138791503,0.004070137285525308,0.004070137766861096,0.0010322308540486778,0.08509903804604459,0.0031726826841690548,0.002800926619202455,0.11920292045759123,0.001926734746382975,0.0013250225125692,0.003172683059709667,0.2018132198600306,0.16451646904109268
0.015906391274464377,0.029312231758316185,0.18242552825126704,0.003593603244206906,0.004070136804189576,0.014063629587219217,0.0031726826841690548,0.0028009276187367063,0.003172683440404803,0.008577485184035312,0.0159063894375931,0.0035936023938389376,0.015906391274464377,0.004609571252087787,0.015906393111335865,0.18242551713899047,0.0028009272831740943,0.012431652030882206,0.005911069025893493,0.005220126225545113,0.003593603238371047
0.029312230963347865,0.025957357009419556,0.04208772340991573,0.004609572341756182,0.014063626229690516,0.004609572875907449,0.01098694018156191,0.007577240952708521,0.01098694018156191,0.003172682303474009,0.047425875533713246,0.00857748414653042,0.005220124994721384,0.009708478120045582,0.06008665017400762,0.05340332622176918,0.004609572331073157,0.008577485152355771,0.004609571796921952,0.014063626229690516,0.005220124994721384
0.009708476938125118,0.0024726226438037285,0.0028009269476115223,0.002800927614834815,0.0017007223760553258,0.0024726235235990475,0.0028009269476115223,0.003172682303474009,0.0019267347499648834,0.001700722174053546,0.0015011819916741457,0.0028009266153005653,0.0024726226438037285,0.0019267345193795425,0.004609571775555906,0.0015011821700113548,0.11920292828022305,0.004070138240646573,0.004070136789088848,0.004070136789088848,0.0035936032317014934
0.020332352823231696,0.007577242759581822,0.007577240977220365,0.009708478120045582,0.008577484178209957,0.008577485152355771,0.009708474619054318,0.00970847698289483,0.007577240087790639,0.08509904964767097,0.008577484178209957,0.0035936028131870385,0.009708478030506148,0.10669059749614017,0.007577240087790639,0.006692852029465064,0.006692849648839014,0.1480471999111614,0.007577240087790639,0.003172682303474009,0.14804720554957732
0.03732688761185558,0.03308598112977216,0.08509904616718289,0.012431653471559487,0.022977369324611627,0.010986942741912796,0.02297737179171353,0.025957360070550783,0.025957357150702527,0.025957357150702527,0.022977371917159397,0.09534945782972029,0.09534946682712482,0.1066906024668249,0.03308598136812592,0.0373268831943749,0.022977369199165775,0.007577240977220365,0.008577485184035312,0.025957357009419556,0.022977369199165775
0.005220125611342273,0.06754669536304464,0.005911069655239182,0.0059110696716568965,0.005911067581134943,0.009708478075275865,0.003172682303474009,0.009708476848585694,0.012431650361526197,0.06008665417142547,0.001501181989580167,0.005220125584742939,0.0024726232301424803,0.001501181989580167,0.0031726834352503236,0.001700722374671752,0.009708474619054318,0.005911067581134943,0.006692849562158237,0.13296424878721277,0.010986943966428646
0.009708475800974501,0.003593603244206906,0.042087729267329864,0.0028009272831740943,0.002182716949396686,0.0019267345209466272,0.042087729267329864,0.0021827164311465485,0.04208772881675952,0.002472623526470443,0.0019267345209466272,0.0024726226438037285,0.0024726232330138753,0.07585818837825821,0.0019267345209466272,0.0021827164311465485,0.003172682303474009,0.10669058471438037,0.0031726823078921332,0.0028009269508630975,0.0021827161674576804
0.01798621364681958,0.13296425394084313,0.005911069025893493,0.004609572341756182,0.0021827164291181728,0.06754668503914042,0.0035936023871693855,0.004070137766861096,0.0010322311001377724,0.06754668738548217,0.0035936023871693855,0.0013250226717013446,0.0015011819906271563,0.0017007227802566104,0.0017007227802566104,0.07585818628900447,0.0009110512487600208,0.0009110511403591642,0.0010322312224620806,0.0010322308540486778,0.0009110510319583206
0.04208772461143651,0.014063624512185756,0.09534946875514018,0.09534946168575072,0.00857748723528581,0.004070137285525308,0.022977369324611627,0.006692852029465064,0.0035936019619854775,0.0159063894375931,0.010986940120842134,0.10669059465574898,0.020332355271959375,0.009708476938125118,0.007577241866650195,0.0035936019619854775,0.014063629587219217,0.020332352934537494,0.003593603238371047,0.18242552825126704,0.0159063894375931
0.11920291419948607,0.017986211409663194,0.006692849605498625,0.08509905370824053,0.007577241866650195,0.0758581847220642,0.0758581847220642,0.006692851181231498,0.01406362785680048,0.012431652030882206,0.0028009272792722034,0.009708478120045582,0.007577240924694985,0.008577485184035312,0.003172682679014576,0.005220124982630778,0.007577240087790639,0.00857748512067623,0.18242552380635635,0.1824255304737224,0.0075772418141248086
0.07585818106587033,0.029312228260455736,0.042087729267329864,0.03308597791199667,0.012431653471559487,0.009708476938125118,0.010986940120842134,0.020332352823231696,0.16451645675203386,0.010986944017028478,0.015906391274464377,0.017986211574159975,0.14804719615221756,0.009708474619054318,0.017986207132747328,0.017986209501500604,0.009708474619054318,0.017986211574159975,0.009708475756204796,0.012431648989452931,0.010986941456677298
0.012431652030882206,0.015906393111335865,0.0028009269508630975,0.0028009269508630975,0.0028009276187367063,0.004609571786238929,0.004609572331073157,0.004609572331073157,0.01098694018156191,0.0024726232330138753,0.0021827164311465485,0.07585818837825821,0.002472623526470443,0.009708474663824018,0.002472623526470443,0.005911069009475779,0.09534946682712482,0.0013250226717013446,0.005911068311723029,0.0017007223760553258,0.0019267345209466272
0.009708475800974501,0.06008665648572012,0.0019267347481739293,0.0011695101600714816,0.042087723860486016,0.002472623526470443,0.04742586981164345,0.0028009269508630975,0.002182716949396686,0.0009110512495547486,0.0035936019619854775,0.002800926619202455,0.0009110512495547486,0.0019267345193795425,0.0024726226438037285,0.0024726226438037285,0.0009110510323821752,0.0019267347481739293,0.0017007223774388998,0.0011695102991889264,0.002182716690271602
0.012431652030882206,0.004609571241404765,0.029312231758316185,0.0019267342887942286,0.005220124994721384,0.004609571796921952,0.003593603238371047,0.0028009272831740943,0.0013250223559018504,0.04208772836618918,0.0059110683281407405,0.0017007223760553258,0.0010322311001377724,0.060086643862295744,0.0031726822983195306,0.06008665017400762,0.005220124994721384,0.003593601949480069,0.0013250225133394425,0.006692849648839014,0.0017007225766735553
0.017986211574159975,0.009708478075275865,0.006692849648839014,0.005220124994721384,0.004070137285525308,0.005220126854256757,0.004070136804189576,0.004609571796921952,0.004070137285525308,0.003172682303474009,0.002800926619202455,0.004070137277974942,0.00218271616999315,0.0031726826841690548,0.0024726235235990475,0.0028009272792722034,0.0040701377593107295,0.004070137285525308,0.002472622640932335,0.0031726826841690548,0.003593603238371047
0.060086653540254206,0.009708474269850654,0.0031726834308321975,0.002800926939807742,0.0028009269437096326,0.0534033311180551,0.004609571756326462,0.0024726235178562576,0.0017007227788730362,0.005220124994721384,0.0019267347481739293,0.07585818367743737,0.07585818628900447,0.002472623227271086,0.004070136804189576,0.0059110696716568965,0.0024726226380609407,0.002472623520727653,0.002472623227271086,0.0028009276076813483,0.005220126803476198
0.16451645470385745,0.009708476848585694,0.009708474484745214,0.008577483901014012,0.07585817218654306,0.017986209040909668,0.01798621335072534,0.017986211278065767,0.004070137751760364,0.005911069009475779,0.06754668785475053,0.08509905254807777,0.012431650224318863,0.020332354789634202,0.007577241842138349,0.007577241842138349,0.11920293297380238,0.014063625855196977,0.007577240007251732,0.1480471999111614,0.1480471999111614
0.008577486189860786,0.008577486189860786,0.0031726826841690548,0.004609571252087787,0.005911067633124355,0.002182716690271602,0.004070138257634899,0.005911069025893493,0.00218271616999315,0.0059110697209100406,0.08509904442693891,0.09534945782972029,0.006692851221476155,0.0024726232301424803,0.004070136804189576,0.11920292671569666,0.006692849627168819,0.004609571796921952,0.1480471999111614,0.14804720179063333,0.005911068311723029
0.020332352823231696,0.0031726823078921332,0.07585818106587033,0.07585818837825821,0.09534946875514018,0.012431649069490534,0.012431649069490534,0.009708478075275865,0.003172682303474009,0.003172682303474009,0.007577240952708521,0.00857748414653042,0.009708478075275865,0.0024726232301424803,0.0031726826841690548,0.002472623526470443,0.012431653471559487,0.003593603244206906,0.004070136804189576,0.02033235274902783,0.01406362785680048
0.020332354863838074,0.012431650510167477,0.06008665185713089,0.006692851221476155,0.005911069009475779,0.004609571786238929,0.006692850413487341,0.005911069009475779,0.05340333243628599,0.01098694018156191,0.005911069025893493,0.006692850391817144,0.06754669207816587,0.010986940120842134,0.006692851967550202,0.010986944017028478,0.11920293140927593,0.006692851199805954,0.13296423676207597,0.004609572320390132,0.11920292202211756
0.07585817584273653,0.006692851072880503,0.004070136781538485,0.0040701377593107295,0.060086651015569245,0.05340332546849447,0.05340332546849447,0.006692851181231498,0.00669285037324269,0.06754668832401889,0.07585817688736327,0.07585817688736327,0.0021827166882432258,0.0017007223760553258,0.007577240924694985,0.007577240035265265,0.005911067600288937,0.0028009269508630975,0.0035936019619854775,0.0019267345193795425,0.0035936032317014934
0.10669059465574898,0.01098694018156191,0.060086644703857287,0.004609572886590475,0.07585818106587033,0.07585818106587033,0.004070138257634899,0.0035936023871693855,0.08509905312815914,0.0059110683281407405,0.006692850435157538,0.0035936023871693855,0.0021827169473683096,0.005220126854256757,0.0040701367966392114,0.0040701367966392114,0.008577484075251461,0.0035936023871693855,0.18242551713899047,0.0021827164265827027,0.005220125611342273
0.020332354863838074,0.04208772836618918,0.012431650510167477,0.020332354789634202,0.07585818733363134,0.006692851199805954,0.07585818628900447,0.006692851989220403,0.005911067616706645,0.01798621335072534,0.01406362785680048,0.009708476938125118,0.010986941456677298,0.005911069009475779,0.08509904152653236,0.08509905138791503,0.08509904152653236,0.015906391041210867,0.020332354789634202,0.015906392878082327,0.012431648920849272
0.025957357150702527,0.010986941406077477,0.007577241866650195,0.07585818106587033,0.07585818211049714,0.07585818106587033,0.006692850435157538,0.07585817323116975,0.07585818106587033,0.1066906024668249,0.003172682303474009,0.010986941456677298,0.017986211574159975,0.13296424191570594,0.006692849648839014,0.01798620742884147,0.003172683059709667,0.014063627766405476,0.003172682303474009,0.010986940120842134,0.015906391274464377
0.06008664638698043,0.007577240063278797,0.037326883462100995,0.004609571252087787,0.003593603244206906,0.004609571241404765,0.006692852010890605,0.0019267347499648834,0.0019267349787592978,0.0019267349787592978,0.004609572895136895,0.003593603244206906,0.005220126842166147,0.005220126842166147,0.0040701377762990525,0.002182716690271602,0.07585818628900447,0.0019267345193795425,0.0024726235235990475,0.13296423847995262,0.005220126213454505
0.022977371206299495,0.053403324903538434,0.020332352637722033,0.02595735959960749,0.02931223133433308,0.002472623227271086,0.0024726229338145533,0.0024726229338145533,0.007577240063278797,0.02931223133433308,0.004609571211492303,0.008577487195686375,0.005911067581134943,0.004070137277974942,0.00359360195614962,0.0031726834352503236,0.006692849627168819,0.0035936023871693855,0.05340333130637379,0.002472622640932335,0.002472622930943159
0.1192029110704336,0.11920293297380237,0.09534945975773548,0.09534947004048375,0.008577487124407392,0.008577484114850882,0.007577240924694985,0.012431651733599612,0.012431648852245613,0.010986941456677298,0.003593602806517485,0.003593602806517485,0.007577240087790639,0.008577484178209957,0.006692849627168819,0.008577487124407392,0.0059110697209100406,0.008577484114850882,0.00359360237549767,0.20181322706107543,0.006692851989220403
0.0031726826841690548,0.0373268831943749,0.0013250226717013446,0.0021827164311465485,0.0019267342905851827,0.0015011825280818228,0.001700722174053546,0.0035936023871693855,0.0028009272831740943,0.04742587452393617,0.0015011823485230832,0.002182716949396686,0.0019267347499648834,0.0017007225794407035,0.003593603238371047,0.06008665017400762,0.0024726226438037285,0.060086643862295744,0.00359360195614962,0.0758581784543034,0.0021827164291181728
0.012431650578771145,0.008577484178209957,0.005911067633124355,0.008577486189860786,0.005220126854256757,0.07585817427579646,0.0031726826841690548,0.012431650510167477,0.012431653402955803,0.13296424535145931,0.0031726826841690548,0.004609571241404765,0.005220124994721384,0.009708475756204796,0.005220124994721384,0.004609572886590475,0.005220124994721384,0.18242552158390102,0.005220124994721384,0.18242552825126704,0.005220126842166147
0.015906391274464377,0.09534945782972029,0.005220124994721384,0.004609572341756182,0.0031726826841690548,0.004070138257634899,0.07585818211049714,0.002182716690271602,0.004609571796921952,0.13296423332632276,0.005220126854256757,0.13296424535145931,0.0028009269508630975,0.0059110697209100406,0.0059110683281407405,0.0028009269508630975,0.005220126854256757,0.18242552158390102,0.005220126225545113,0.006692851221476155,0.18242552158390102
0.00970847698289483,0.0059110683281407405,0.004609571252087787,0.004609572886590475,0.0035936019619854775,0.003172683440404803,0.003593602819022897,0.008577486189860786,0.005911069737327755,0.0035936028131870385,0.0040701367966392114,0.005220126854256757,0.005220126225545113,0.07585818211049714,0.09534945782972029,0.005911067633124355,0.09534946875514018,0.005220126854256757,0.005220124982630778,0.008577485152355771,0.0052201262400538425
0.009708476938125118,0.009708474619054318,0.007577240977220365,0.060086651015569245,0.010986942681193006,0.05340332678672523,0.0028009272831740943,0.014063624602580737,0.003593603238371047,0.010986941406077477,0.009708476848585694,0.00857748414653042,0.0035936023813335277,0.060086649332446,0.060086647859713196,0.0035936023813335277,0.004070138240646573,0.009708474663824018,0.009708476848585694,0.009708475711435089,0.008577486126501697
0.029312228048464204,0.033085978746234736,0.01590639007904019,0.02595735851643796,0.01590639261567211,0.012431653185710807,0.01590639066217393,0.014063625958505539,0.10669060104662922,0.0953494732538428,0.017986211113568986,0.10669060317692272,0.02033235234090658,0.008577486126501697,0.014063625958505539,0.007577242703554737,0.0075772418141248086,0.015906392732298873,0.1480472036701053,0.009708476893355406,0.009708476893355406
0.009708476938125118,0.22270013366638425,0.1824255304737224,0.004609572875907449,0.002472623526470443,0.009708478030506148,0.017986209369903194,0.01590639494820756,0.01098694263059318,0.012431648852245613,0.017986211409663194,0.0035936019619854775,0.0040701377593107295,0.010986945018905186,0.26894141551050293,0.015906392878082327,0.002800927614834815,0.3208213073183839,0.010986945018905186,0.012431651664995937,0.010986942458553774
0.07585817584273653,0.005220126854256757,0.047425876543490335,0.04208772461143651,0.04742587149460509,0.002472623526470443,0.03732688413141622,0.0028009276187367063,0.002800927287075985,0.0028009276187367063,0.06008664638698043,0.06008664638698043,0.0028009269508630975,0.07585817323116975,0.006692851199805954,0.0031726823078921332,0.09534946682712482,0.00857748414653042,0.002800927287075985,0.10669060459711842,0.003593603244206906
0.03308598053388779,0.03732688667481418,0.033085980176357166,0.08509904210661365,0.012431651664995937,0.09534945654437685,0.017986207001149935,0.007577240952708521,0.007577240952708521,0.022977368697382376,0.02033235430730904,0.006692850391817144,0.015906388825302722,0.017986208744815498,0.005911068295305319,0.017986206672156446,0.020332352452212373,0.01590639077880068,0.007577240952708521,0.015906388825302722,0.02297736857193652
0.09534946168575072,0.07585817323116975,0.0024726232330138753,0.002182716172021526,0.005220126854256757,0.005220126854256757,0.002182716172021526,0.0019267345209466272,0.004609571796921952,0.037326887879581695,0.0017007223774388998,0.05340332678672523,0.0024726226438037285,0.004070138257634899,0.0013250221983102284,0.060086644703857287,0.004609572341756182,0.002472622936685948,0.0021827164311465485,0.08509905138791503,0.00218271616999315
0.008577486189860786,0.008577487195686375,0.004609571796921952,0.004070138257634899,0.0035936019619854775,0.0028009269508630975,0.003593602819022897,0.0028009269508630975,0.06754669020109236,0.0028009269508630975,0.003172683440404803,0.0028009269508630975,0.004070137766861096,0.004070137766861096,0.004609571786238929,0.004070136804189576,0.0028009276187367063,0.0035936028131870385,0.004070137766861096,0.14804720367010532,0.003172683440404803
0.07585818367743735,0.07585817427579646,0.0059110683281407405,0.003593602819022897,0.0031726830648641457,0.003593602819022897,0.0017007225794407035,0.047425870989716595,0.05340332753999996,0.0021827169519321567,0.06008665269869255,0.06008665269869255,0.0021827169519321567,0.0021827169519321567,0.005220125611342273,0.005220124994721384,0.0019267342921522673,0.10669059252545564,0.003593602819022897,0.003593602819022897,0.002800927287075985
0.0059110683281407405,0.0059110683281407405,0.006692852029465064,0.0035936019619854775,0.004609571241404765,0.0021827164311465485,0.005220126225545113,0.00857748723528581,0.004609571786238929,0.002182716690271602,0.002800926619202455,0.006692849648839014,0.004609571786238929,0.005220126842166147,0.0019267345209466272,0.005911069737327755,0.0021827164311465485,0.002800926619202455,0.005911067633124355,0.007577242784093672,0.06754669536304464
0.05340332753999996,0.0028009269476115223,0.0017007223774388998,0.025957357009419556,0.025957360070550783,0.0010322308545288516,0.001700722174053546,0.0010322308545288516,0.033085981606479666,0.002182716172021526,0.0010322309773333046,0.0028009269508630975,0.0534033331895608,0.0019267347481739293,0.060086644703857287,0.0021827166882432258,0.0010322309773333046,0.003172683059709667,0.0019267342921522673,0.0017007221754371201,0.0017007221754371201
0.020332355049347755,0.010986942569873391,0.008577485049397265,0.014063626139295522,0.0059110689930580666,0.003593602806517485,0.0031726822983195306,0.006692851181231498,0.0031726822983195306,0.01406362785680048,0.1192029235866439,0.002800926611398676,0.13296423504419935,0.009708474663824018,0.0028009269476115223,0.182425528251267,0.005911067600288937,0.182425521583901,0.1824255149165352,0.007577242703554737,0.007577240924694985
0.006692852010890605,0.009708478120045582,0.0031726823078921332,0.0028009272831740943,0.07585817323116975,0.002800927614834815,0.004609571252087787,0.07585817323116975,0.002472622936685948,0.09534946875514018,0.08509903630580076,0.08509905138791503,0.0021827169473683096,0.09534946489910949,0.004070136804189576,0.0059110697209100406,0.003172683055291542,0.003172683055291542,0.003172683059709667,0.003172682303474009,0.0031726826841690548
0.009708475800974501,0.0031726826841690548,0.0031726826841690548,0.0534033331895608,0.05340332753999996,0.047425870484828096,0.0534033331895608,0.002472623526470443,0.0024726232301424803,0.06754668832401889,0.0021827164311465485,0.0024726226438037285,0.0017007223774388998,0.0017007223760553258,0.09534945782972029,0.003172682303474009,0.0015011819916741457,0.002182716172021526,0.002182716690271602,0.0019267345209466272,0.0017007223774388998
0.014063629587219217,0.008577486189860786,0.004070136804189576,0.004609572886590475,0.004609572341756182,0.004070137285525308,0.0035936023938389376,0.005220126225545113,0.004070136804189576,0.006692849627168819,0.004070136804189576,0.0035936023938389376,0.004070136804189576,0.0035936023871693855,0.004609571796921952,0.0035936023938389376,0.10669059252545564,0.0059110683281407405,0.005220125611342273,0.003172683440404803,0.11920291576401235
0.14804720179063333,0.006692849648839014,0.0019267345209466272,0.0021827164311465485,0.053403333754516925,0.0019267349787592978,0.06008665269869255,0.0019267349787592978,0.0015011825280818228,0.0017007227816401849,0.0015011825280818228,0.001169510438306388,0.06008665648572012,0.001501182349570073,0.0017007227802566104,0.0024726232330138753,0.0017007225794407035,0.0017007225794407035,0.001501182349570073,0.001169510299868875,0.08509904964767097
0.020332355160653567,0.012431650510167477,0.007577241866650195,0.006692851221476155,0.005220124994721384,0.06754668926255561,0.07585818106587033,0.002472622936685948,0.008577487195686375,0.10669059252545564,0.0035936028131870385,0.003593603238371047,0.004070136804189576,0.13296425050508953,0.004070138257634899,0.005911069025893493,0.13296424191570594,0.005220126854256757,0.008577485152355771,0.007577240063278797,0.004609571796921952
0.14804719615221756,0.005911069025893493,0.0040701367966392114,0.003172682679014576,0.003172682303474009,0.010986941456677298,0.0024726235235990475,0.1066906024668249,0.10669059252545564,0.0028009269508630975,0.0017007223760553258,0.10669058968506456,0.0028009272792722034,0.0028009269476115223,0.0017007227802566104,0.14804719239327382,0.0028009269508630975,0.0017007227802566104,0.0017007221726699723,0.0017007227802566104,0.0015011825268603347
0.22270013882530887,0.0035936023871693855,0.0021827166882432258,0.06754668832401889,0.0019267342887942286,0.047425870484828096,0.06754668832401889,0.003593603244206906,0.0019267345193795425,0.002182716690271602,0.06754668832401889,0.001169510159391533,0.06754669395523942,0.002472622640932335,0.002182716690271602,0.0011695100202741048,0.0021827166882432258,0.10669059252545564,0.0017007227816401849,0.0019267349787592978,0.001169510159391533
0.006692850413487341,0.010986941406077477,0.11920291419948609,0.005220126830075538,0.13296425050508956,0.009708476938125118,0.003593603238371047,0.002800926611398676,0.002472622930943159,0.13296424706933604,0.010986940120842134,0.0028009269437096326,0.13296424706933604,0.003172682303474009,0.009708476938125118,0.004070137751760364,0.004070137270424578,0.0024726226380609407,0.004070137270424578,0.010986940120842134,0.0024726232243996913
0.047425876543490335,0.005911068311723029,0.0035936028131870385,0.037326887879581695,0.047425876038601794,0.003593603238371047,0.0024726235235990475,0.0021827166882432258,0.003172682303474009,0.0015011821700113548,0.0019267342921522673,0.003593603238371047,0.05340333243628599,0.002182716172021526,0.002182716172021526,0.0019267349769683433,0.0040701367966392114,0.025957359929267797,0.0035936028131870385,0.002182716172021526,0.0024726232330138753
0.0534033331895608,0.03308597743528921,0.08509904616718289,0.010986942681193006,0.010986940120842134,0.020332355160653567,0.07585818211049714,0.015906391274464377,0.012431652030882206,0.007577240063278797,0.007577240063278797,0.01406362785680048,0.012431652030882206,0.012431653402955803,0.014063626139295522,0.008577487195686375,0.010986942741912796,0.008577485152355771,0.012431649069490534,0.010986941406077477,0.012431650441563809
0.008577487195686375,0.07585818367743735,0.06008664638698043,0.0019267349787592978,0.053403333754516925,0.0031726830648641457,0.0028009272831740943,0.06008664638698043,0.06754669724011829,0.003593603244206906,0.08509904616718289,0.09534945975773548,0.0019267349787592978,0.0017007227816401849,0.10669059465574898,0.0028009276187367063,0.002800926619202455,0.11920292984474948,0.001700722174053546,0.0031726826841690548,0.0019267345193795425
0.020332354789634202,0.010986942681193006,0.012431650361526197,0.010986940120842134,0.008577487164006827,0.005220125596833546,0.012431649069490534,0.008577487164006827,0.008577487195686375,0.006692851221476155,0.010986941345357696,0.012431649069490534,0.10669059749614017,0.007577241866650195,0.007577240063278797,0.009708476938125118,0.012431653254314489,0.010986940120842134,0.003172682679014576,0.003172682303474009,0.003172682679014576
0.006692851221476155,0.007577239898699293,0.06754668503914044,0.07585818263281055,0.005220126201363897,0.004609571241404765,0.004609571222175324,0.004070136781538485,0.004609572320390132,0.0031726822983195306,0.005911068311723029,0.004609572320390132,0.003172682674596451,0.0040701382481969405,0.005220126791385588,0.14804719615221756,0.004070137766861096,0.0066928495435837855,0.182425528251267,0.004609571767009486,0.005220125584742939
0.006692849627168819,0.005911067633124355,0.004070138257634899,0.0035936023871693855,0.1480471999111614,0.0024726226438037285,0.13296425050508953,0.0019267349787592978,0.005911067633124355,0.0024726232330138753,0.13296422989056966,0.00359360195614962,0.0019267345209466272,0.0019267345193795425,0.16451646699291614,0.0021827164311465485,0.003172682679014576,0.006692850435157538,0.003172682679014576,0.008577484178209957,0.24508502416032485
0.008577485184035312,0.08509904616718289,0.010986944077748277,0.06008665185713089,0.010986944077748277,0.0028009272831740943,0.008577486229460215,0.005911069009475779,0.08509904268669496,0.09534945590170513,0.09534946682712482,0.10669059536584677,0.00857748414653042,0.10669059962643358,0.0059110697209100406,0.01098694018156191,0.002472622640932335,0.16451647108926923,0.14804719615221756,0.010986942741912796,0.18242552380635635
0.07585818211049714,0.005220126225545113,0.0028009269508630975,0.002800926619202455,0.0024726232330138753,0.005911068311723029,0.0024726232330138753,0.06008665648572012,0.002182716172021526,0.0035936019619854775,0.0021827164291181728,0.06754669536304464,0.00218271616999315,0.0019267345193795425,0.0059110697209100406,0.0015011819927211352,0.0031726826841690548,0.0019267342921522673,0.006692851199805954,0.005911067616706645,0.0019267342921522673
0.029312228472447265,0.014063624512185756,0.012431652030882206,0.004070138257634899,0.029312228472447265,0.0028009269508630975,0.0028009276187367063,0.0019267347499648834,0.037326883863690125,0.04208772461143651,0.0059110697209100406,0.007577242759581822,0.0017007227816401849,0.0019267349787592978,0.002182716690271602,0.0019267347499648834,0.002182716690271602,0.053403333754516925,0.0021827164311465485,0.0021827164311465485,0.007577242759581822
0.00857748414653042,0.004609571241404765,0.005220126225545113,0.0031726834352503236,0.0028009269508630975,0.08509904442693891,0.0059110697209100406,0.005220126225545113,0.0021827164291181728,0.00218271616999315,0.004609571796921952,0.005911068311723029,0.004609571796921952,0.005220126854256757,0.006692850435157538,0.003172682303474009,0.006692849648839014,0.007577240977220365,0.005911067633124355,0.1480471999111614,0.0059110683281407405
0.14804719803168945,0.009708475004073756,0.003593603182513537,0.003172683416105112,0.003172683040564458,0.007577240924694985,0.003172683421259592,0.0028009272682168475,0.0024726229280717642,0.0031726822983195306,0.003593603220029775,0.09534947004048375,0.002182716163400929,0.09534945654437685,0.11920292515117027,0.1066905854244781,0.0031726834308321975,0.0031726834308321975,0.004070138225545841,0.16451646904109266,0.16451646084838673
0.0040701382481969405,0.008577485152355771,0.11920291576401235,0.0031726826841690548,0.0031726834352503236,0.08509904442693891,0.07585818106587033,0.005220126842166147,0.0024726232330138753,0.008577486189860786,0.007577240063278797,0.0021827166882432258,0.0019267349769683433,0.008577485184035312,0.002472622640932335,0.009708474663824018,0.005911068311723029,0.009708478120045582,0.0019267342887942286,0.0021827164291181728,0.0024726226438037285
0.008577486189860786,0.004609571241404765,0.002800927614834815,0.0024726235235990475,0.0028009276187367063,0.0024726235235990475,0.0019267342905851827,0.0028009272792722034,0.003593602806517485,0.0013250221983102284,0.0035936023813335277,0.0028009276187367063,0.0024726226438037285,0.0024726226438037285,0.001700722174053546,0.00359360237549767,0.0015011821700113548,0.002472622936685948,0.10669058258408719,0.0019267349769683433,0.09534946104307897
0.009708478075275865,0.006692851902539597,0.0850990444269389,0.006692849627168819,0.0031726822983195306,0.06754669817865513,0.005911069025893493,0.0035936028131870385,0.0028009272831740943,0.006692851199805954,0.0019267347481739293,0.005911069009475779,0.008577484178209957,0.006692850435157538,0.003172683059709667,0.0021827166882432258,0.0040701382481969405,0.0024726229338145533,0.008577486189860786,0.14804719991116141,0.004609571786238929
0.017986209501500604,0.0035936028131870385,0.006692849648839014,0.0019267349787592978,0.047425876038601794,0.005911067633124355,0.0024726232330138753,0.0015011825280818228,0.004609571796921952,0.003593603238371047,0.0021827164311465485,0.0059110683281407405,0.0028009269508630975,0.05340333243628599,0.07585818106587033,0.07585818106587033,0.003593602806517485,0.002800926619202455,0.003172683055291542,0.07585817949893017,0.0035936023813335277
0.03308598112977216,0.03308598089141841,0.07585818211049714,0.007577241842138349,0.06754669724011829,0.005220126842166147,0.010986940120842134,0.005220125596833546,0.014063626139295522,0.015906393111335865,0.060086644703857287,0.005911069704492325,0.07585818106587033,0.006692850435157538,0.005220125596833546,0.010986941406077477,0.005220126854256757,0.09534946682712482,0.010986941406077477,0.01098694018156191,0.012431648989452931
0.017986207297244074,0.017986207297244074,0.008577486189860786,0.010986943966428646,0.009708475756204796,0.0040701382481969405,0.07585818628900447,0.009708478120045582,0.003593603238371047,0.006692851221476155,0.006692850435157538,0.11920291576401235,0.0031726834352503236,0.009708476938125118,0.010986944077748277,0.007577242759581822,0.1480471942727457,0.16451645675203383,0.00359360195614962,0.16451646699291614,0.0059110697209100406
0.009708476938125118,0.10669059252545564,0.08509904616718289,0.01098694018156191,0.005911067633124355,0.010986941456677298,0.005911067633124355,0.004609571241404765,0.005911068311723029,0.009708474663824018,0.008577486158181241,0.005220125596833546,0.005220126842166147,0.1480471942727457,0.005911069025893493,0.16451646699291614,0.010986942681193006,0.012431653402955803,0.18242552602881168,0.009708474663824018,0.01098694018156191
0.03308598136812592,0.13296424191570594,0.005220124994721384,0.010986940120842134,0.012431650510167477,0.014063626048900532,0.014063625855196977,0.009708474619054318,0.01590639077880068,0.010986940120842134,0.0040701377593107295,0.182425528251267,0.16451646904109268,0.0035936028131870385,0.010986940120842134,0.009708476938125118,0.01406362785680048,0.004609572875907449,0.22270014398423355,0.015906392994709095,0.2227001491431584
0.0159063894375931,0.0059110683281407405,0.0035936023871693855,0.007577242784093672,0.007577242784093672,0.0052201262400538425,0.0040701382481969405,0.004609572331073157,0.005911068311723029,0.00857748723528581,0.005220124982630778,0.0019267342905851827,0.07585818837825821,0.08509904268669496,0.005220125596833546,0.005911069737327755,0.002182716949396686,0.10669059962643358,0.0028009266153005653,0.003172682679014576,0.005911067600288937
0.005911068311723029,0.008577485152355771,0.004609571786238929,0.08509904442693891,0.004070137766861096,0.009708478120045582,0.0035936019619854775,0.002800927614834815,0.008577485184035312,0.004609571786238929,0.009708474663824018,0.012431649069490534,0.004070137277974942,0.09534945590170513,0.0035936019619854775,0.004070137766861096,0.004609572875907449,0.11920291576401235,0.004609571786238929,0.16451645675203383,0.0040701367966392114
0.14804719803168945,0.007577240063278797,0.0040701382481969405,0.007577240977220365,0.06754668832401889,0.01098694018156191,0.010986941456677298,0.06754668832401889,0.06754668832401889,0.010986941456677298,0.012431653471559487,0.005220126842166147,0.0059110697209100406,0.0015011821700113548,0.005911069704492325,0.0019267345193795425,0.004609572341756182,0.006692851199805954,0.13296424706933604,0.006692851199805954,0.012431650510167477
0.004609571241404765,0.006692849648839014,0.003172683059709667,0.003172683059709667,0.007577241842138349,0.06008665269869255,0.009708474619054318,0.006692849648839014,0.003593603244206906,0.003593603238371047,0.008577485152355771,0.08509903630580076,0.004070137277974942,0.003593603238371047,0.08509903630580076,0.0031726834352503236,0.09534945590170513,0.009708475756204796,0.004070137285525308,0.008577486158181241,0.0052201262400538425
0.00857748414653042,0.008577484178209957,0.005220126225545113,0.0059110697209100406,0.006692851199805954,0.0028009269476115223,0.007577240924694985,0.0035936023871693855,0.004609571241404765,0.006692851221476155,0.0028009276115832393,0.0031726834308321975,0.14804719615221756,0.002472622640932335,0.003172683055291542,0.007577241866650195,0.004609571241404765,0.0035936032317014934,0.0075772418141248086,0.18242552380635635,0.008577486126501697
0.00857748414653042,0.007577240952708521,0.007577240977220365,0.002472623526470443,0.00218271616999315,0.006692850435157538,0.0015011823485230832,0.005220126854256757,0.0015011821700113548,0.0017007225780571295,0.0015011825280818228,0.0013250225133394425,0.07585818837825821,0.004070136804189576,0.0013250225142637337,0.003593602819022897,0.003593602819022897,0.004609572341756182,0.0015011825268603347,0.0015011823485230832,0.1192029235866439
0.007577240063278797,0.005911067633124355,0.00359360195614962,0.00359360195614962,0.06008664554541885,0.0028009266153005653,0.00218271616999315,0.003172683059709667,0.004609571775555906,0.0024726232301424803,0.003593603244206906,0.10669059749614017,0.0021827164291181728,0.005220126201363897,0.002800927614834815,0.003172682679014576,0.004070137277974942,0.003172683059709667,0.003593602819022897,0.0035936023813335277,0.1824255304737224
0.007577242759581822,0.005911069025893493,0.007577240087790639,0.004609572331073157,0.04208773136999154,0.004070137766861096,0.0035936023871693855,0.05340332433858241,0.0031726823078921332,0.0031726823078921332,0.06008665417142547,0.003172683059709667,0.06754669817865513,0.0021827166882432258,0.0021827166882432258,0.08509903688588204,0.0046095728652244235,0.0059110689930580666,0.004609572886590475,0.11920291107043361,0.006692850435157538
0.022977368697382376,0.025957357009419556,0.012431653471559487,0.010986941406077477,0.012431652030882206,0.06754668926255561,0.006692851199805954,0.007577240087790639,0.006692849648839014,0.006692849627168819,0.09534946875514018,0.007577241842138349,0.008577485184035312,0.007577241842138349,0.1066906024668249,0.010986941406077477,0.008577485152355771,0.009708476893355406,0.009708474619054318,0.007577241866650195,0.006692850435157538
0.009708474663824018,0.13296424706933604,0.0040701382481969405,0.0028009266153005653,0.09534945590170513,0.0019267342905851827,0.0031726822983195306,0.003593602806517485,0.11920291419948609,0.0028009269476115223,0.11920291732853862,0.1329642436335826,0.13296425050508956,0.003172682679014576,0.0024726226438037285,0.002472623526470443,0.0046095728652244235,0.16451646494473965,0.1480472055495773,0.00359360195614962,0.0024726229338145533
0.1066906024668249,0.08509905138791503,0.003172683059709667,0.005911068311723029,0.004070136804189576,0.005220124982630778,0.0015011819916741457,0.0015011819916741457,0.08509905312815914,0.01406362785680048,0.006692850413487341,0.005911068311723029,0.005911069009475779,0.004070137285525308,0.010986942741912796,0.0015011821700113548,0.004609572341756182,0.006692850413487341,0.0017007227802566104,0.014063629496824204,0.0015011819906271563
0.00857748723528581,0.0035936019619854775,0.037326887879581695,0.004609571796921952,0.0031726834352503236,0.033085981844833426,0.002182716949396686,0.0031726823078921332,0.003172683055291542,0.04208772340991573,0.0028009269508630975,0.003172683440404803,0.0031726826841690548,0.0028009269476115223,0.060086651015569245,0.0024726232330138753,0.06754668597767712,0.0015011821700113548,0.002800926619202455,0.0019267347481739293,0.0019267342887942286
0.01590639494820756,0.006692850435157538,0.006692849648839014,0.10669058968506456,0.1066906024668249,0.11920292671569666,0.0059110683281407405,0.004609571241404765,0.004609571241404765,0.006692849648839014,0.005220124982630778,0.005911067633124355,0.006692850435157538,0.006692851199805954,0.005911067633124355,0.007577240952708521,0.006692850391817144,0.22270013366638422,0.2227001491431584,0.20181322466072713,0.2450850186463482
0.00857748414653042,0.006692850391817144,0.004070137285525308,0.0534033331895608,0.004070137285525308,0.003593603238371047,0.06008665185713089,0.006692849648839014,0.07585817323116975,0.003172682679014576,0.004070137285525308,0.004609572875907449,0.0035936023871693855,0.004609572886590475,0.004609572886590475,0.005220124968122053,0.0040701377593107295,0.16451645675203383,0.005220126213454505,0.004070137766861096,0.004070137766861096
0.017986211574159975,0.006692852010890605,0.0035936032317014934,0.004070137270424578,0.0031726822983195306,0.003172683050137062,0.0028009269437096326,0.002472623520727653,0.004609572320390132,0.05340333187132989,0.05340333130637379,0.0035936019619854775,0.0035936019619854775,0.004609572886590475,0.004070137285525308,0.02297736882282822,0.004609571232858347,0.0024726235178562576,0.004609571241404765,0.0021827169428044624,0.0021827169428044624
0.20181323186177208,0.010986942741912796,0.010986943966428646,0.04742587502882471,0.006692851989220403,0.005220126225545113,0.005911068311723029,0.005220125611342273,0.0059110697209100406,0.03308598136812592,0.04208772881675952,0.00359360195614962,0.009708474663824018,0.007577242731568279,0.006692851221476155,0.007577242759581822,0.07585818837825821,0.0040701377593107295,0.003593603238371047,0.005220125596833546,0.10669059962643358
0.053403333754516925,0.020332355160653567,0.01798621348232278,0.017986211574159975,0.012431651950844584,0.11920291107043361,0.012431651882240909,0.014063626048900532,0.009708475800974501,0.008577487195686375,0.020332355160653567,0.017986211574159975,0.13296422817269313,0.14804720554957732,0.014063629496824204,0.007577240063278797,0.007577241842138349,0.007577240952708521,0.009708474619054318,0.01798621364681958,0.008577487164006827
0.07585818367743735,0.0035936023871693855,0.0028009276187367063,0.0015011825280818228,0.0021827169519321567,0.0024726232301424803,0.047425870989716595,0.003172683440404803,0.002800926619202455,0.002800927614834815,0.002800927287075985,0.002472622640932335,0.0024726232330138753,0.0028009269476115223,0.0028009276187367063,0.0015011819916741457,0.11920293453832884,0.003593603244206906,0.0031726826841690548,0.002472622640932335,0.0015011819916741457
0.18242552380635635,0.02931222783647268,0.022977371917159397,0.022977369199165775,0.010986941456677298,0.010986941456677298,0.014063624602580737,0.006692850413487341,0.06008664554541885,0.06754669724011829,0.005220126842166147,0.005911067616706645,0.004609571786238929,0.012431652030882206,0.01098694018156191,0.008577485184035312,0.008577487195686375,0.010986944017028478,0.09534945782972029,0.005220126842166147,0.010986942741912796
0.007577240952708521,0.006692850413487341,0.005911068311723029,0.0028009266153005653,0.005220126225545113,0.002800927614834815,0.004070137285525308,0.004609571796921952,0.001700722174053546,0.004609571252087787,0.004609571786238929,0.0040701367966392114,0.004609571786238929,0.004609572875907449,0.005220125596833546,0.004609571796921952,0.003593603244206906,0.005220126842166147,0.004070137766861096,0.0021827166882432258,0.16451646289656316
0.022977371917159397,0.012431649069490534,0.07585818211049714,0.007577240087790639,0.008577486229460215,0.07585817427579646,0.06754669817865513,0.005220126854256757,0.009708475845744208,0.0052201262400538425,0.0052201262400538425,0.010986940120842134,0.006692849648839014,0.004609571796921952,0.13296424535145931,0.11920293297380237,0.005911067633124355,0.005911067633124355,0.010986942792512623,0.009708475845744208,0.004609571796921952
0.012431649069490534,0.006692852010890605,0.005220125611342273,0.006692849605498625,0.004609571786238929,0.022977369073719923,0.0035936023813335277,0.13296425050508953,0.03308597743528921,0.009708475756204796,0.0024726235235990475,0.02297737179171353,0.004609572886590475,0.16451645880021026,0.03308598136812592,0.003172682303474009,0.20181322466072713,0.025957357009419556,0.24508501864634824,0.005911069025893493,0.008577486158181241
0.005220126842166147,0.042087724160866216,0.002182716949396686,0.002182716690271602,0.0019267349787592978,0.0015011825280818228,0.0024726229395573424,0.03308597791199667,0.001700722174053546,0.0019267342905851827,0.0040701367966392114,0.002182716690271602,0.001700722174053546,0.0031726830648641457,0.006692849627168819,0.0015011821712328426,0.00218271616999315,0.0021827169519321567,0.0015011819927211352,0.0040701367966392114,0.06008665017400762
0.004609572341756182,0.042087729267329864,0.025957357150702527,0.0019267349787592978,0.002182716949396686,0.0019267349787592978,0.0019267342905851827,0.0013250226717013446,0.0028009269476115223,0.0019267345209466272,0.0024726229395573424,0.003593603238371047,0.001700722174053546,0.0021827164311465485,0.002182716172021526,0.001700722174053546,0.0019267342905851827,0.00218271616999315,0.0015011819916741457,0.003172682303474009,0.0019267342921522673
0.053403333754516925,0.03308597719693549,0.017986207132747328,0.07585818211049714,0.08509904616718289,0.014063624602580737,0.009708476938125118,0.010986944077748277,0.07585818211049714,0.012431653471559487,0.007577242759581822,0.008577485152355771,0.00857748414653042,0.09534945975773548,0.010986941456677298,0.00857748414653042,0.010986940120842134,0.009708478075275865,0.010986941406077477,0.007577240977220365,0.14804719615221756
0.0040701382481969405,0.09534947068315557,0.0024726232301424803,0.0028009269508630975,0.002182716949396686,0.0028009269508630975,0.004070137285525308,0.0035936023871693855,0.0028009269508630975,0.0031726823078921332,0.002472622640932335,0.0035936019619854775,0.0031726826841690548,0.0028009269508630975,0.005911068311723029,0.0024726229338145533,0.006692851989220403,0.006692849605498625,0.004070137766861096,0.0035936023813335277,0.004070137766861096
0.005220124982630778,0.004070137270424578,0.002800927614834815,0.0019267345175885884,0.002472623520727653,0.0017007221726699723,0.003172683050137062,0.0028009272792722034,0.003172682679014576,0.0031726822983195306,0.003172682303474009,0.002472623520727653,0.0031726826694419724,0.0019267345175885884,0.001926734746382975,0.003593601949480069,0.003172682303474009,0.08509903688588204,0.004070136781538485,0.0040701377593107295,0.003593602800681627
0.06754669817865513,0.060086651015569245,0.003593603244206906,0.047425876038601794,0.0015011825280818228,0.0015011819916741457,0.0031726826841690548,0.0015011825280818228,0.060086643862295744,0.002182716172021526,0.0017007225780571295,0.0017007223760553258,0.060086644703857287,0.0019267345193795425,0.002800926619202455,0.0015011819916741457,0.0019267345193795425,0.0019267345193795425,0.0028009269508630975,0.005911069009475779,0.005220126213454505
0.0059110697209100406,0.0059110683281407405,0.06754669724011829,0.004609571796921952,0.07585818211049714,0.0035936023871693855,0.07585818211049714,0.004609572341756182,0.004070138257634899,0.0019267345193795425,0.002182716949396686,0.00218271616999315,0.003172683440404803,0.004609572875907449,0.004070136804189576,0.13296422989056966,0.002800927614834815,0.004070136804189576,0.0035936023938389376,0.004609572341756182,0.14804720367010532
0.020332354678328394,0.02595735912866421,0.020332355049347755,0.005220126842166147,0.006692851221476155,0.005220126842166147,0.008577486158181241,0.009708478120045582,0.007577240035265265,0.003172683059709667,0.005911069025893493,0.08509904152653236,0.008577484178209957,0.010986943966428646,0.008577484178209957,0.0040701382481969405,0.005220126854256757,0.010986940060122357,0.0035936023871693855,0.005220124994721384,0.009708475711435089
0.008577485184035312,0.010986942741912796,0.008577486229460215,0.006692852010890605,0.08509904790742692,0.10669058471438037,0.010986942741912796,0.012431652030882206,0.13296425394084313,0.005220124994721384,0.0059110683281407405,0.008577487195686375,0.004070138257634899,0.010986944017028478,0.004609571796921952,0.010986944077748277,0.00970847698289483,0.009708475800974501,0.0052201262400538425,0.24508501864634824,0.00970847698289483
0.11920292202211755,0.01406362785680048,0.006692849648839014,0.09534946682712482,0.004070137285525308,0.004609571252087787,0.005220125596833546,0.1066906024668249,0.004070137766861096,0.0031726826841690548,0.007577241842138349,0.004609572886590475,0.14804719615221756,0.0021827164291181728,0.008577486126501697,0.003172683055291542,0.20181321986003056,0.006692850435157538,0.005911067633124355,0.004070137766861096,0.18242552380635635
0.008577487195686375,0.02033235274902783,0.012431650578771145,0.004609571786238929,0.08509905138791503,0.010986944077748277,0.003172683059709667,0.0028009269508630975,0.004609572886590475,0.006692850413487341,0.012431650578771145,0.0059110697209100406,0.005911069025893493,0.0028009266153005653,0.13296425050508953,0.005911067600288937,0.004609572341756182,0.010986944077748277,0.005220124982630778,0.003172682679014576,0.005220124982630778
0.01798621364681958,0.006692852010890605,0.004609572886590475,0.007577242784093672,0.006692850435157538,0.0035936028131870385,0.007577240952708521,0.009708475756204796,0.0059110683281407405,0.08509903630580076,0.00857748414653042,0.009708478075275865,0.003172682303474009,0.009708476893355406,0.0059110683281407405,0.005911067633124355,0.005911067633124355,0.006692851221476155,0.00857748414653042,0.0040701367966392114,0.14804720367010532
0.014063626229690516,0.06754669113962912,0.0031726830648641457,0.0031726823078921332,0.0024726226466751226,0.0019267349803263828,0.060086647228542,0.005220126225545113,0.0031726823078921332,0.05340332810495603,0.0019267342921522673,0.004070137285525308,0.0035936023871693855,0.004609572875907449,0.003593603244206906,0.004609572331073157,0.0021827169519321567,0.005220126842166147,0.10669059252545564,0.10669060459711842,0.09534946682712482
0.04208772836618918,0.017986211409663194,0.010986940120842134,0.012431650441563809,0.009708476893355406,0.00857748414653042,0.11920291576401235,0.01590639494820756,0.008577484075251461,0.015906392994709095,0.015906394831580777,0.10669059820623797,0.014063625958505539,0.11920293453832884,0.010986940060122357,0.010986940060122357,0.1480471999111614,0.012431648989452931,0.017986211409663194,0.010986940120842134,0.014063624421790773
0.26894141551050293,0.042087723860486016,0.025957359929267797,0.07585817323116975,0.010986942681193006,0.010986942681193006,0.06754668832401889,0.06754669630158146,0.012431651882240909,0.008577486189860786,0.008577486189860786,0.012431648989452931,0.012431653471559487,0.08509904964767097,0.010986944017028478,0.10669059962643358,0.012431650441563809,0.01406362785680048,0.007577240035265265,0.1329642316084462,0.11920293140927592
0.0028009266153005653,0.0015011823485230832,0.0017007227816401849,0.029312231546324632,0.0010322308545288516,0.0028009272831740943,0.029312228260455736,0.0019267347499648834,0.03732688761185558,0.0019267345209466272,0.002182716690271602,0.002182716949396686,0.003172682303474009,0.0017007223774388998,0.0015011821712328426,0.0019267347499648834,0.0019267347499648834,0.0035936028131870385,0.0019267345209466272,0.0017007227816401849,0.0024726232330138753
0.07585817427579646,0.00857748723528581,0.005911069042311205,0.005911069042311205,0.006692852029465064,0.0052201262400538425,0.002800926619202455,0.0953494732538428,0.003593603244206906,0.11920292515117027,0.1192029110704336,0.005220126225545113,0.006692849648839014,0.005220126854256757,0.009708475800974501,0.005911069737327755,0.006692852029465064,0.006692849627168819,0.006692849648839014,0.007577240063278797,0.006692852010890605
0.017986211574159975,0.006692850435157538,0.004609571241404765,0.004609572886590475,0.00857748723528581,0.002182716949396686,0.07585817323116975,0.0028009276187367063,0.007577240952708521,0.01098694018156191,0.002800926619202455,0.0031726823078921332,0.006692851221476155,0.10669059252545564,0.006692851221476155,0.0013250226717013446,0.0013250221983102284,0.0015011823485230832,0.007577240924694985,0.007577240924694985,0.005911067600288937
0.08509904442693891,0.09534947453918644,0.014063626229690516,0.008577486189860786,0.006692851221476155,0.005220124994721384,0.010986943966428646,0.010986941406077477,0.006692852010890605,0.015906391274464377,0.005220125596833546,0.004609571786238929,0.11920293453832884,0.010986940060122357,0.0035936028131870385,0.015906393111335865,0.012431651882240909,0.16451645470385742,0.014063624421790773,0.020332355160653567,0.008577487164006827
0.13296424535145931,0.09534946489910949,0.00857748723528581,0.005911069025893493,0.06754668926255561,0.06008664554541885,0.0035936023871693855,0.00857748723528581,0.0028009269508630975,0.012431652030882206,0.002472623526470443,0.0028009276187367063,0.005220126842166147,0.07585818837825821,0.10669059252545564,0.10669060459711842,0.0059110697209100406,0.015906393111335865,0.003593603244206906,0.015906391274464377,0.002182716690271602
0.014063626139295522,0.09534946489910949,0.005220126225545113,0.005220126842166147,0.004609572341756182,0.009708478120045582,0.004609571241404765,0.0024726226438037285,0.003593603244206906,0.002472622936685948,0.0035936019619854775,0.01098694018156191,0.01098694018156191,0.004070137285525308,0.004070136804189576,0.002472622936685948,0.009708478120045582,0.0024726232301424803,0.006692850413487341,0.1480471999111614,0.13296424191570594
0.04742587452393617,0.010986940120842134,0.006692849627168819,0.00669285194588,0.015906394569170524,0.06008665627532969,0.007577241786111269,0.01590639089542743,0.003593601949480069,0.009708474484745214,0.020332354678328394,0.01243165333435212,0.012431650441563809,0.06754669207816587,0.007577240924694985,0.012431650441563809,0.006692851199805954,0.010986943855109017,0.007577240924694985,0.09534947004048375,0.005220124968122053
0.06754669113962912,0.004070138257634899,0.0013250225142637337,0.0013250225142637337,0.0011695100209540533,0.0017007227830237591,0.001325022356672093,0.0010322312234224288,0.0009110511411538919,0.003172682303474009,0.0009110511411538919,0.0017007227830237591,0.0010322308545288516,0.047425876038601794,0.0019267342921522673,0.06754668926255561,0.003172682679014576,0.001325022356672093,0.06754669301670263,0.07585818733363134,0.0019267345175885884
0.006692852010890605,0.010986940060122357,0.014063624602580737,0.05340333243628599,0.002182716690271602,0.006692850435157538,0.009708474619054318,0.0059110683281407405,0.0024726232301424803,0.008577487164006827,0.06754668926255561,0.005911067616706645,0.005911069688074612,0.006692851181231498,0.012431651950844584,0.007577241786111269,0.0850990519679964,0.09534947004048375,0.0028009272792722034,0.006692850413487341,0.09534945847239201
0.009708478120045582,0.0031726823078921332,0.003593603244206906,0.060086644703857287,0.0021827164311465485,0.014063626139295522,0.007577240977220365,0.0021827164311465485,0.002800926619202455,0.002472622936685948,0.10669060459711842,0.009708474619054318,0.009708478030506148,0.002472623526470443,0.002472623526470443,0.008577487195686375,0.0028009269508630975,0.0031726823078921332,0.010986944017028478,0.012431650510167477,0.002800926619202455
0.007577240087790639,0.004070136804189576,0.047425876038601794,0.0024726232330138753,0.003172683059709667,0.002182716172021526,0.06008664554541885,0.0015011821712328426,0.0017007221754371201,0.08509904616718289,0.0040701382481969405,0.0019267349787592978,0.0017007227816401849,0.002182716172021526,0.0015011825291288126,0.0015011819927211352,0.004070137766861096,0.0021827169519321567,0.09534945782972029,0.0024726226438037285,0.0017007221754371201
0.015906393111335865,0.010986941406077477,0.00857748723528581,0.005220126854256757,0.00857748414653042,0.0019267349787592978,0.047425870484828096,0.004609571796921952,0.004070136804189576,0.005220124994721384,0.002472622936685948,0.006692849648839014,0.005220126854256757,0.002182716690271602,0.006692849627168819,0.003593602819022897,0.08509903804604459,0.005220124994721384,0.00970847698289483,0.0028009266153005653,0.003172682303474009
0.060086643862295744,0.04742586981164345,0.029312228260455736,0.005911069009475779,0.005220124982630778,0.01590638932096636,0.01590638932096636,0.005911067616706645,0.060086644703857287,0.00359360195614962,0.004609572886590475,0.012431648989452931,0.0035936023813335277,0.06754668738548217,0.01406362785680048,0.005220125611342273,0.0035936023813335277,0.005220124994721384,0.09534947261117098,0.10669058471438037,0.005911069025893493
0.042087723860486016,0.015906391157837624,0.014063629303120604,0.009708475800974501,0.005220125596833546,0.008577486189860786,0.003593603238371047,0.007577240035265265,0.008577487195686375,0.06754669301670263,0.009708477985736432,0.003172683055291542,0.009708477985736432,0.007577241842138349,0.007577241842138349,0.005220126842166147,0.0031726822983195306,0.007577240952708521,0.008577486126501697,0.007577240063278797,0.10669058755477132
0.004070136804189576,0.0035936028131870385,0.003172683059709667,0.0028009272831740943,0.001325022199080471,0.0021827164311465485,0.0017007223774388998,0.004609572895136895,0.0031726830648641457,0.0035936023938389376,0.002800926954764988,0.0035936028131870385,0.0420877295677101,0.0420877295677101,0.047425876543490335,0.0035936023938389376,0.06008664554541885,0.0052201262400538425,0.002800927614834815,0.004609571786238929,0.0035936023938389376
0.047425876038601794,0.13296423504419935,0.01590638932096636,0.014063629496824204,0.015906393111335865,0.1066906024668249,0.01406362785680048,0.014063624602580737,0.012431649069490534,0.1066906024668249,0.08509905312815914,0.01590639494820756,0.015906391157837624,0.006692852010890605,0.012431649069490534,0.012431652030882206,0.014063626229690516,0.009708476938125118,0.16451645675203386,0.012431653471559487,0.012431653471559487
0.008577487195686375,0.007577242759581822,0.06754668832401889,0.006692852010890605,0.005220124982630778,0.005220124994721384,0.007577240087790639,0.004609572341756182,0.002182716690271602,0.08509904268669496,0.004609571796921952,0.00970847698289483,0.09534946489910949,0.005220125611342273,0.008577484178209957,0.11920292671569666,0.004609572341756182,0.005220124994721384,0.005911069704492325,0.14804720554957732,0.005220126213454505
0.012431652030882206,0.006692850435157538,0.004070137285525308,0.0040701367966392114,0.06754669724011829,0.003593603244206906,0.06754668926255561,0.0040701367966392114,0.004609571796921952,0.0019267345193795425,0.0035936019619854775,0.0019267347481739293,0.004070138257634899,0.004070137285525308,0.003593603238371047,0.004070137766861096,0.004070136804189576,0.005220126842166147,0.0040701367966392114,0.004070136804189576,0.004609572886590475
0.07585817323116975,0.02931222783647268,0.01406362785680048,0.010986942741912796,0.009708475800974501,0.008577486189860786,0.007577242759581822,0.13296424191570594,0.010986940120842134,0.007577242759581822,0.025957360070550783,0.006692852010890605,0.015906391157837624,0.017986211574159975,0.022977371917159397,0.01098694018156191,0.008577484178209957,0.22270014398423357,0.008577485152355771,0.22270014398423355,0.033085981606479666
0.005220124994721384,0.005911069737327755,0.029312231917309858,0.03308597791199667,0.003593602819022897,0.002182716172021526,0.0024726226438037285,0.0031726830648641457,0.002182716172021526,0.0035936023871693855,0.003172683059709667,0.0013250225142637337,0.002472623526470443,0.047425870484828096,0.001501182349570073,0.002182716172021526,0.003172682303474009,0.0013250225142637337,0.001700722174053546,0.0031726834352503236,0.002472623526470443
0.020332355049347755,0.010986942681193006,0.01406362785680048,0.004609572331073157,0.009708478120045582,0.004609572886590475,0.00218271616999315,0.0024726235235990475,0.003172682303474009,0.037326883462100995,0.006692850435157538,0.0059110683281407405,0.0035936023813335277,0.03308598136812592,0.005220126854256757,0.002472622936685948,0.005911069025893493,0.0024726235235990475,0.0035936023813335277,0.0059110697209100406,0.005220125611342273
0.18242551713899047,0.008577485152355771,0.11920293297380237,0.13296425394084313,0.003593603238371047,0.0031726826841690548,0.002472622640932335,0.00218271616999315,0.007577240977220365,0.002182716949396686,0.0028009269508630975,0.0028009269508630975,0.11920291576401235,0.0015011821700113548,0.007577240977220365,0.003172683059709667,0.0015011821700113548,0.18242552825126704,0.0028009272792722034,0.009708475800974501,0.002800926619202455
0.010986940120842134,0.008577487164006827,0.006692850435157538,0.007577240952708521,0.0059110697209100406,0.007577242731568279,0.006692850413487341,0.020332352823231696,0.010986943966428646,0.02033235256351817,0.008577485152355771,0.0059110683281407405,0.012431653402955803,0.014063626139295522,0.014063627766405476,0.1480471999111614,0.025957357150702527,0.025957357150702527,0.008577485184035312,0.007577241866650195,0.22270014398423355
0.017986207297244074,0.006692849648839014,0.005220126854256757,0.0035936023938389376,0.005220126854256757,0.07585818367743735,0.005220126854256757,0.0031726826841690548,0.003172683059709667,0.13296424535145931,0.004070137285525308,0.16451646289656316,0.010986942681193006,0.009708478075275865,0.005911067633124355,0.004609571252087787,0.0035936023871693855,0.24508501864634824,0.005911069737327755,0.006692850435157538,0.006692850413487341
0.060086644703857287,0.04742587502882471,0.010986941345357696,0.029312228048464204,0.020332355160653567,0.022977371917159397,0.0035936028131870385,0.010986940060122357,0.0040701377593107295,0.05340332622176918,0.010986941345357696,0.025957360070550783,0.03308597791199667,0.004609572341756182,0.004070136804189576,0.01098694263059318,0.07585817688736327,0.006692849605498625,0.004609572886590475,0.008577484114850882,0.009708476893355406
0.08509904964767097,0.10669059252545562,0.004070137285525308,0.0031726834352503236,0.0035936019619854775,0.0035936028131870385,0.08509903978628847,0.004070137285525308,0.0031726834352503236,0.005220126854256757,0.006692851199805954,0.003593603244206906,0.13296423504419935,0.0024726232330138753,0.003593603244206906,0.003593602819022897,0.16451646494473965,0.004070137277974942,0.16451646494473965,0.005220126225545113,0.0031726823078921332
0.03732688761185558,0.012431649069490534,0.010986940060122357,0.007577241842138349,0.006692851221476155,0.014063629496824204,0.0040701367966392114,0.006692849627168819,0.004609571786238929,0.005220125596833546,0.060086644703857287,0.008577484178209957,0.005220125611342273,0.07585818733363134,0.005911067616706645,0.005911068311723029,0.007577242759581822,0.006692851221476155,0.006692851989220403,0.1192029235866439,0.005911068311723029
0.02595735620881606,0.1066906024668249,0.004609572331073157,0.003593603238371047,0.012431651950844584,0.004070137766861096,0.008577485184035312,0.012431649069490534,0.009708475800974501,0.0028009269476115223,0.004609572341756182,0.060086643862295744,0.004609572341756182,0.0035936019619854775,0.060086644703857287,0.005220124994721384,0.0028009269476115223,0.012431651882240909,0.004070136804189576,0.003172682679014576,0.09534946875514017
0.014063624602580737,0.14804719239327382,0.004070136804189576,0.07585817323116975,0.004070137285525308,0.005220126854256757,0.003172683059709667,0.005220126854256757,0.07585818106587033,0.004609571786238929,0.0024726232330138753,0.07585818837825821,0.0024726232330138753,0.002182716172021526,0.003172683059709667,0.1066906024668249,0.0035936019619854775,0.004070137285525308,0.0017007223760553258,0.13296425050508953,0.005220124994721384
0.060086653540254206,0.047425870989716595,0.002800927614834815,0.001700722174053546,0.0019267342905851827,0.033085981844833426,0.0024726232330138753,0.0013250226717013446,0.00218271616999315,0.002472623526470443,0.0015011819916741457,0.0017007223760553258,0.0015011821700113548,0.0021827164291181728,0.0019267345209466272,0.002182716172021526,0.0031726834308321975,0.0024726226438037285,0.002800926619202455,0.08509905138791503,0.0024726226438037285
0.1192029110704336,0.11920293297380237,0.009708474663824018,0.009708474663824018,0.005220126225545113,0.00970847698289483,0.0040701382481969405,0.007577241842138349,0.009708476893355406,0.014063629587219217,0.1329642384799526,0.0035936028131870385,0.0031726834352503236,0.006692851221476155,0.00970847698289483,0.16451645880021026,0.00857748723528581,0.006692850435157538,0.002800927614834815,0.010986944077748277,0.012431652030882206
0.13296423332632276,0.007577240924694985,0.06008665185713089,0.0035936028131870385,0.0035936019619854775,0.005911067633124355,0.07585818106587033,0.004070137766861096,0.0024726232301424803,0.0024726232301424803,0.006692851989220403,0.0035936019619854775,0.007577240087790639,0.005220126842166147,0.007577240087790639,0.14804720179063333,0.006692851221476155,0.007577240007251732,0.007577241866650195,0.18242552380635635,0.006692849583828431
0.012431652030882206,0.005220124994721384,0.0024726232330138753,0.004070137285525308,0.002800926619202455,0.0019267345209466272,0.0021827164311465485,0.0035936023938389376,0.060086647228542,0.0028009276187367063,0.0028009276187367063,0.003172683440404803,0.004070137766861096,0.002800926619202455,0.005220126842166147,0.004609571252087787,0.14804719239327382,0.003172683440404803,0.004609572895136895,0.005911068311723029,0.16451646494473965
0.007577240952708521,0.005911067616706645,0.004609571786238929,0.06754669020109236,0.0035936023871693855,0.003172683059709667,0.005220126854256757,0.002800927614834815,0.003593603244206906,0.0028009269508630975,0.004070137285525308,0.002800927614834815,0.003593602819022897,0.0024726232301424803,0.004070137285525308,0.004609571252087787,0.002800927614834815,0.16451645880021026,0.005911069009475779,0.005911067633124355,0.005220126225545113
0.006692850413487341,0.006692851989220403,0.005220124994721384,0.005220125611342273,0.009708475800974501,0.0031726834352503236,0.0031726834352503236,0.09534947132582736,0.009708475800974501,0.012431653471559487,0.009708478120045582,0.0059110697209100406,0.007577240087790639,0.00857748723528581,0.005911068311723029,0.004609571796921952,0.0028009266153005653,0.1480471999111614,0.010986941456677298,0.0028009272792722034,0.004070137285525308
0.005220126225545113,0.005220126854256757,0.0059110697209100406,0.004609571241404765,0.006692849648839014,0.13296424535145931,0.002182716172021526,0.002182716690271602,0.004609571252087787,0.002182716690271602,0.0040701382481969405,0.004609571241404765,0.13296422989056966,0.0017007221754371201,0.0019267345193795425,0.0019267345193795425,0.0021827169519321567,0.0021827169519321567,0.001700722174053546,0.004070137766861096,0.22270013882530884
0.017986207297244074,0.007577240063278797,0.0534033331895608,0.00970847698289483,0.007577240087790639,0.003172683059709667,0.06754669630158146,0.005911069704492325,0.005911069025893493,0.0059110697209100406,0.0758581784543034,0.00857748723528581,0.08509905138791503,0.005911067600288937,0.0024726235235990475,0.004609572886590475,0.0021827166882432258,0.002800926611398676,0.007577241842138349,0.005220126201363897,0.14804719427274568
0.014063625958505539,0.012431651950844584,0.02595735682104226,0.06754668832401889,0.005220126213454505,0.004609572875907449,0.06008665185713089,0.005911069025893493,0.003593603238371047,0.010986941456677298,0.010986941456677298,0.004070137277974942,0.0758581784543034,0.010986941456677298,0.08509905312815914,0.005220126842166147,0.006692852010890605,0.006692852010890605,0.005911069704492325,0.004609571786238929,0.005911069025893493
0.009708475800974501,0.047425876543490335,0.0011695100209540533,0.033085981844833426,0.0009110510327530482,0.033085981844833426,0.0017007221754371201,0.0021827164311465485,0.00218271616999315,0.002800926619202455,0.0024726226438037285,0.0017007221754371201,0.0017007225780571295,0.0534033331895608,0.0021827164311465485,0.0011695100209540533,0.0028009269508630975,0.0015011821700113548,0.0013250223559018504,0.0019267347481739293,0.060086644703857287
0.16451647108926923,0.02595735945832451,0.012431649069490534,0.009708478120045582,0.008577484178209957,0.007577241866650195,0.009708475756204796,0.007577242759581822,0.006692852010890605,0.006692852010890605,0.08509904674726422,0.07585817479810981,0.012431650361526197,0.09534945525903342,0.005220126213454505,0.01098694263059318,0.01098694263059318,0.01243165333435212,0.13296422817269313,0.11920291732853862,0.005911069025893493
0.008577484178209957,0.0059110697209100406,0.0019267347499648834,0.002182716690271602,0.005911067633124355,0.0024726235235990475,0.006692850435157538,0.007577240977220365,0.0019267347499648834,0.005911068311723029,0.0017007223760553258,0.006692849648839014,0.060086649332446,0.08509904848750825,0.006692849605498625,0.005220126213454505,0.004609572331073157,0.008577485184035312,0.1480471999111614,0.010986942741912796,0.13296425050508956
0.01798621348232278,0.009708478075275865,0.012431651733599612,0.006692851199805954,0.004609572331073157,0.005911068311723029,0.008577484114850882,0.0035936028131870385,0.0059110697209100406,0.01098694263059318,0.004609571786238929,0.004070136789088848,0.009708478030506148,0.006692852010890605,0.012431651813637232,0.0040701377593107295,0.010986945130224827,0.004609571241404765,0.009708476848585694,0.005220124982630778,0.003172683050137062
0.014063626229690516,0.007577242731568279,0.0028009269476115223,0.09534947453918644,0.0031726826841690548,0.09534945718704857,0.0028009272831740943,0.0019267349787592978,0.11920292828022305,0.009708474663824018,0.0028009269508630975,0.0019267349751773888,0.0017007221712863985,0.0017007225766735553,0.006692849605498625,0.005911069704492325,0.002800926619202455,0.002800926619202455,0.001501182525813345,0.001501181989580167,0.0035936023871693855
0.01798620920540643,0.014063629393515617,0.020332355160653567,0.006692851199805954,0.015906393111335865,0.006692851199805954,0.004609572320390132,0.014063629496824204,0.009708475800974501,0.005220124968122053,0.06008665017400762,0.007577241842138349,0.007577240952708521,0.006692851181231498,0.0046095728652244235,0.005220125584742939,0.005220126830075538,0.010986942741912796,0.006692851181231498,0.0075772418141248086,0.13296424363358259
0.07585817427579646,0.0035936019619854775,0.003593603244206906,0.004609572886590475,0.0031726823078921332,0.004070136804189576,0.0031726834352503236,0.0031726823078921332,0.06008664554541885,0.005220125596833546,0.0052201262400538425,0.0035936019619854775,0.0040701367966392114,0.004609571252087787,0.004609571232858347,0.005220126830075538,0.004609572341756182,0.0028009266153005653,0.11920293453832884,0.11920292671569666,0.00359360195614962
0.009708476938125118,0.0035936019619854775,0.05340332753999996,0.0031726823078921332,0.0040701382481969405,0.0015011825280818228,0.004609571241404765,0.002472623526470443,0.0024726232330138753,0.004609571241404765,0.0021827164311465485,0.0019267342905851827,0.0015011819916741457,0.001700722174053546,0.002472623526470443,0.002472623526470443,0.09534945590170513,0.004609571241404765,0.002182716172021526,0.13296424706933604,0.10669058755477132
0.017986209501500604,0.006692849627168819,0.005220124994721384,0.007577240087790639,0.07585818106587033,0.06754669724011829,0.003172682303474009,0.003593603244206906,0.08509904442693891,0.09534946682712482,0.001700722174053546,0.005220126842166147,0.002800926619202455,0.006692849648839014,0.0021827166882432258,0.0059110683281407405,0.006692850435157538,0.002472622640932335,0.002472622640932335,0.003172683440404803,0.16451646699291614
0.06754669817865513,0.017986207297244074,0.06008665269869255,0.010986940120842134,0.008577487195686375,0.047425870989716595,0.012431652030882206,0.047425876038601794,0.010986944077748277,0.00857748414653042,0.008577487195686375,0.008577485184035312,0.014063627766405476,0.0534033331895608,0.060086651015569245,0.010986940120842134,0.06754668832401889,0.009708474663824018,0.005911068311723029,0.007577242759581822,0.010986942681193006
0.06754669817865513,0.010986940120842134,0.006692850435157538,0.005911067633124355,0.08509903746596331,0.005911067633124355,0.006692849648839014,0.004070136804189576,0.005220126854256757,0.0052201262400538425,0.008577485152355771,0.11920293297380237,0.00857748414653042,0.007577241866650195,0.008577487195686375,0.006692849648839014,0.009708478075275865,0.14804719615221756,0.009708475756204796,0.006692849648839014,0.00857748414653042
0.00857748414653042,0.012431653471559487,0.06754669724011829,0.006692851221476155,0.005911068311723029,0.004070136804189576,0.07585818106587033,0.012431652030882206,0.09534945782972029,0.11920292984474948,0.009708478120045582,0.006692850435157538,0.11920292984474948,0.0059110697209100406,0.008577486189860786,0.009708478075275865,0.16451646494473962,0.009708478120045582,0.006692849648839014,0.005911067633124355,0.18242552380635635
0.022977371457191226,0.012431653402955803,0.01590639494820756,0.010986941456677298,0.009708478120045582,0.033085981606479666,0.007577240087790639,0.008577484178209957,0.03732688761185558,0.0017007227816401849,0.029312228260455736,0.004609571796921952,0.005220125611342273,0.006692849648839014,0.006692849627168819,0.006692849648839014,0.005911067616706645,0.0019267349787592978,0.006692849627168819,0.060086651015569245,0.05340332622176918
0.014063629393515617,0.009708475800974501,0.004609571767009486,0.03732689109229525,0.004070138233096207,0.005220124982630778,0.004609572886590475,0.03732688975366456,0.05340332433858241,0.002800926939807742,0.005220126842166147,0.006692851181231498,0.002472623221528296,0.004609571241404765,0.004609571241404765,0.04208772761523862,0.004070137766861096,0.005911069704492325,0.0031726822887469287,0.005220124968122053,0.0040701367966392114
0.004609571241404765,0.004609572886590475,0.0028009269508630975,0.003172683059709667,0.005911067633124355,0.060086644703857287,0.004609571241404765,0.003172683440404803,0.006692849648839014,0.006692849648839014,0.0040701367966392114,0.007577240977220365,0.09534946682712482,0.11920293453832884,0.1192029235866439,0.1192029235866439,0.003172682303474009,0.004609571786238929,0.004070136804189576,0.004609571786238929,0.003172682303474009
0.010986941406077477,0.004070137751760364,0.0015011819916741457,0.00218271616999315,0.0019267349751773888,0.001926734746382975,0.00218271616999315,0.001926734746382975,0.0021827164311465485,0.003172683425677717,0.002472623520727653,0.0019267349787592978,0.060086649332446,0.06754668597767712,0.0024726232243996913,0.0024726232243996913,0.0013250221975399862,0.1192029235866439,0.0019267342905851827,0.0028009276076813483,0.0024726232301424803
0.01590638932096636,0.012431651950844584,0.11920292671569666,0.009708476938125118,0.010986940120842134,0.008577487164006827,0.08509904152653236,0.10669058471438037,0.0028009269476115223,0.008577487195686375,0.002472622936685948,0.002182716690271602,0.0021827161674576804,0.003593601949480069,0.1329642316084462,0.008577486189860786,0.004609571222175324,0.0046095728652244235,0.00857748414653042,0.0031726822983195306,0.1824255304737224
0.022977371917159397,0.060086644703857287,0.005220126854256757,0.015906393111335865,0.005911069025893493,0.015906392994709095,0.014063626139295522,0.014063626229690516,0.012431653471559487,0.004609571252087787,0.006692849627168819,0.0059110697209100406,0.004070138257634899,0.005220126842166147,0.012431651950844584,0.014063626139295522,0.005220126854256757,0.010986940120842134,0.005911069025893493,0.13296424706933604,0.005220126225545113
0.22270014914315833,0.01798621348232278,0.010986941406077477,0.09534947132582736,0.022977369324611627,0.005220126225545113,0.0040701382481969405,0.006692851221476155,0.08509904616718289,0.00970847698289483,0.0040701382481969405,0.00970847698289483,0.012431652030882206,0.003172683059709667,0.006692849627168819,0.00970847698289483,0.0040701382481969405,0.00970847698289483,0.13296424535145931,0.012431653471559487,0.1480471999111614
0.010986944017028478,0.0059110697209100406,0.006692849648839014,0.006692850435157538,0.0059110683281407405,0.00857748414653042,0.004609572341756182,0.007577240952708521,0.0052201262400538425,0.005220124994721384,0.13296425394084313,0.005220126842166147,0.004609572341756182,0.004070136804189576,0.004609572341756182,0.18242551936144574,0.16451645470385742,0.005220125611342273,0.0040701377593107295,0.005220124982630778,0.005220124994721384
0.06754669020109236,0.07585817949893017,0.003593603244206906,0.003172683440404803,0.0031726826841690548,0.0035936028131870385,0.06008665648572012,0.07585817688736327,0.004609571786238929,0.0028009266153005653,0.0021827164311465485,0.0024726226438037285,0.0021827164311465485,0.005220126213454505,0.0017007223774388998,0.005220126213454505,0.005220126213454505,0.0028009269476115223,0.11920291732853862,0.0028009266153005653,0.004609571232858347
0.020332354789634202,0.029312228048464204,0.02297736882282822,0.09534945718704857,0.015906394831580777,0.009708476893355406,0.0059110689930580666,0.010986944017028478,0.009708476938125118,0.010986944017028478,0.009708474574284616,0.010986941406077477,0.009708476893355406,0.007577241842138349,0.09534947068315557,0.009708474574284616,0.008577486189860786,0.11920293140927592,0.00669285037324269,0.005911068278887608,0.009708476938125118
0.022977369073719923,0.06754669395523942,0.010986941406077477,0.005911069025893493,0.012431649069490534,0.05340333243628599,0.012431648989452931,0.060086651015569245,0.0017007227816401849,0.014063626139295522,0.00970847698289483,0.0059110683281407405,0.009708478120045582,0.004609572341756182,0.002182716690271602,0.004070136804189576,0.005220125611342273,0.005911069025893493,0.009708475756204796,0.11920293453832884,0.09534947261117098
0.042087729267329864,0.029312231758316185,0.11920293297380237,0.02931222783647268,0.022977368948274072,0.02297737179171353,0.020332354863838074,0.022977369073719923,0.022977369073719923,0.02931222767747903,0.008577485152355771,0.020332352637722033,0.005911069025893493,0.008577487164006827,0.017986207297244074,0.029312231758316185,0.020332354789634202,0.20181323186177208,0.01243165333435212,0.2018132270610754,0.009708478030506148
0.015906391274464377,0.0059110697209100406,0.005220124982630778,0.007577240977220365,0.005220125611342273,0.0534033331895608,0.003172682303474009,0.004609572886590475,0.0534033331895608,0.005911069704492325,0.00218271616999315,0.005911067633124355,0.004609571252087787,0.004070138257634899,0.005220126213454505,0.005220126854256757,0.005220124994721384,0.004609572341756182,0.004609572341756182,0.11920293453832884,0.09534946489910949
0.010986942741912796,0.0040701367966392114,0.003593603244206906,0.005220124994721384,0.0035936023813335277,0.00359360195614962,0.004070138240646573,0.07585818837825821,0.002472622640932335,0.005220125596833546,0.10669058968506456,0.005911067633124355,0.005220125611342273,0.005911069025893493,0.16451645470385742,0.003172683055291542,0.0035936032317014934,0.16451645675203386,0.005220125584742939,0.004070137751760364,0.004070136789088848
0.01798620920540643,0.015906394831580777,0.008577486158181241,0.006692851989220403,0.012431653471559487,0.047425870484828096,0.004609571786238929,0.007577240087790639,0.007577240977220365,0.0534033331895608,0.047425870484828096,0.0035936023813335277,0.004609571786238929,0.04208772806580895,0.004070137277974942,0.004609571232858347,0.003593602806517485,0.004070136789088848,0.06754668597767712,0.0059110683281407405,0.0059110683281407405
0.07585818211049714,0.005911068311723029,0.07585817949893017,0.00218271616999315,0.003172682303474009,0.08509904210661365,0.003172682303474009,0.005220125584742939,0.10669060104662922,0.11920292671569666,0.004070137277974942,0.0031726834352503236,0.0031726834352503236,0.0031726834352503236,0.003172683059709667,0.006692849583828431,0.0035936023871693855,0.002472623520727653,0.005220124968122053,0.0028009276115832393,0.0024726229338145533
0.007577242784093672,0.0028009276187367063,0.004609571252087787,0.05340333187132989,0.0015011821712328426,0.047425875533713246,0.047425870484828096,0.0013250221983102284,0.001325022356672093,0.001700722174053546,0.0028009276187367063,0.037326883462100995,0.0010322308545288516,0.0010322309778134787,0.0013250225142637337,0.0010322309778134787,0.003172683440404803,0.001169510299868875,0.0010322309773333046,0.0015011825280818228,0.0009110512495547486
0.009708476938125118,0.00857748723528581,0.0035936023871693855,0.003593603244206906,0.004070137766861096,0.004609571252087787,0.003593603244206906,0.004609571252087787,0.0019267347499648834,0.004070138257634899,0.0019267349787592978,0.0024726232330138753,0.0015011825280818228,0.0017007227816401849,0.0031726830648641457,0.003593602819022897,0.0035936028131870385,0.003593603244206906,0.002800926619202455,0.1480471999111614,0.004070138257634899
0.006692849627168819,0.20181321745968234,0.006692851924209799,0.005911067564717235,0.005220126213454505,0.004609571222175324,0.003593602800681627,0.14804719427274568,0.16451645675203383,0.008577486189860786,0.005911067581134943,0.0031726822983195306,0.003593603238371047,0.0059110689930580666,0.00359360237549767,0.004609572875907449,0.003593602800681627,0.005220125596833546,0.007577240952708521,0.0040701367966392114,0.00359360195614962
0.006692851989220403,0.005220126842166147,0.07585818733363134,0.0035936028131870385,0.002472622936685948,0.0035936019619854775,0.0019267342905851827,0.0035936028131870385,0.06754669536304464,0.005911067616706645,0.01590638932096636,0.004609571786238929,0.012431653471559487,0.012431652030882206,0.0015011819916741457,0.0031726823078921332,0.13296425050508953,0.005911067616706645,0.004609571241404765,0.0019267347481739293,0.005911069704492325
0.009708478120045582,0.006692852010890605,0.0031726826841690548,0.004070137285525308,0.004609571786238929,0.003593603238371047,0.004609571796921952,0.07585817323116975,0.002182716949396686,0.005220126854256757,0.11920291576401235,0.10669058968506456,0.09534946682712482,0.002182716949396686,0.1066906024668249,0.003593603244206906,0.16451646699291614,0.0035936023871693855,0.006692849605498625,0.14804719615221756,0.005911067600288937
0.007577241866650195,0.0059110697209100406,0.0028009272831740943,0.07585818628900447,0.004609572331073157,0.005220125584742939,0.09534946104307897,0.002800926619202455,0.003593603238371047,0.004609571232858347,0.13296422817269313,0.004070137285525308,0.004070136804189576,0.0075772418141248086,0.005911067616706645,0.0031726823078921332,0.18242551936144574,0.0040701377593107295,0.18242551936144574,0.005911069009475779,0.005220124982630778
0.01798620920540643,0.16451647108926923,0.017986207297244074,0.10669059962643358,0.005911069009475779,0.09534946297109421,0.008577486189860786,0.006692849627168819,0.006692849627168819,0.004609572875907449,0.003172682679014576,0.004070137277974942,0.007577241866650195,0.006692852010890605,0.007577240924694985,0.005911069025893493,0.007577240977220365,0.005911067633124355,0.10669059962643358,0.007577240035265265,0.005220124994721384
0.11920291419948607,0.010986941406077477,0.006692851243146353,0.006692850435157538,0.06008664638698043,0.006692851243146353,0.005220126854256757,0.05340332810495603,0.05340332753999996,0.004609571796921952,0.006692851243146353,0.006692852029465064,0.002800927614834815,0.005911067633124355,0.07585818106587033,0.003172683059709667,0.006692852029465064,0.004609572341756182,0.005220125611342273,0.00359360195614962,0.00359360195614962
