0,1,2,3,4,5,6,7,8,9,10,11,12,13,14,15,16,17,18,19,20
0.9433475701129463,0.39233683016710835,0.5156199157230156,0.39233683016710835,0.25683199138751883,0.3073580295544412,0.5312093733737563,0.40733340004593027,0.8807970811069351,0.6513548511303338,0.6224593312018546,0.6076631769380229,0.4073334000459302,0.5,0.37754066879814546,0.7431680199891789,0.5926665999540698,0.6791787056691698,0.7310585786300049,0.7310585786300049,0.8807970842359877
0.880797071719777,0.651354857898194,0.7549149813536518,0.3629691917376783,0.8175744850834648,0.1824255304737224,0.5312093733737562,0.5,0.7981867849406659,0.19193277951396834,0.4073334000459302,0.8670357563664174,0.3073580232098525,0.29421497216298875,0.5312093733737563,0.5,0.3775406758018019,0.2942149659744614,0.2689414272294874,0.7431680143008301,0.28140560742914383
0.46879062662624377,0.8267117940706734,0.7310585903489892,0.5,0.5621765008857982,0.7057850154599562,0.5312093733737562,0.8872046004274975,0.4378234991142019,0.6513548511303338,0.7057850340255386,0.5926665999540698,0.5926665999540698,0.7549149758396752,0.9046505351008904,0.914900959053549,0.5926665999540698,0.5926665999540698,0.5621765008857981,0.5312093733737563,0.9099069968764882
0.2814056194821862,0.6224593312018546,0.20181322226037882,0.28140560140262283,0.6791787056691698,0.5621765008857981,0.18242552825126704,0.6513548714339145,0.6513548646660543,0.1561048954824357,0.5621765008857981,0.6076631698328916,0.3073580105206753,0.731058584489497,0.268941415510503,0.665410572017153,0.43782349911420193,0.19193279338050545,0.2120688018671865,0.20181322466072713,0.1824255326961778
0.334589441253186,0.19193277951396834,0.6224593312018546,0.7772998560157665,0.5312093733737563,0.4687906266262437,0.320821300824607,0.3486451217982255,0.22270012850745968,0.2942149783515163,0.3208213008246071,0.32082129433083023,0.23370636758849891,0.3486451217982255,0.32082130731838393,0.19193278182505782,0.21206880435710532,0.14804719051380197,0.26894141551050293,0.8267117983401363,0.23370636225126953
0.5621765008857981,0.5312093733737562,0.8933093982432729,0.23370636758849894,0.8740772335247532,0.6224593312018546,0.6791787121629466,0.6224593312018546,0.3775406617944891,0.40733340004593027,0.40733340004593027,0.4378234991142019,0.45326184801538616,0.9046505421702797,0.5621765008857981,0.622459324198198,0.6513548511303338,0.5621765008857981,0.6224593312018546,0.5926665999540698,0.679178692681616
0.7981867849406659,0.9399133523506772,0.9284088025362857,0.37754066879814546,0.37754066879814546,0.8354835289107307,0.5621765008857981,0.8670357718273068,0.7310585786300049,0.9496693645535724,0.798186775339273,0.8175744673038222,0.7310585727705127,0.7662936430859597,0.8080672112416737,0.6513548511303338,0.5621765008857981,0.904650538956921,0.9362850088593059,0.7057850154599563,0.5621765008857981
0.8670357460591569,0.3629692055196168,0.787931188173138,0.2942149721629888,0.6791787056691698,0.7981867825403177,0.2337063569140403,0.40733340004593027,0.2814055953761018,0.30735802955444114,0.26894141551050293,0.2942149659744614,0.5926665999540698,0.731058584489497,0.20181321265898589,0.8354835391516133,0.9149009561531425,0.7662936377487305,0.21206879937726764,0.2689414272294874,0.651354857898194
0.9324533149608595,0.5621765008857982,0.5926665999540698,0.6513548646660543,0.8933094110250333,0.6791787056691698,0.40733340004593027,0.5926665999540698,0.6224593382055109,0.7310585786300049,0.6224593312018545,0.5,0.5621765008857981,0.5312093733737563,0.817574471748733,0.651354857898194,0.9465966741548681,0.7772998611746912,0.651354857898194,0.880797068590724,0.5621765008857981
0.5621765008857982,0.7310585903489892,0.2689414272294874,0.5621765008857981,0.7772998663336158,0.4073334000459302,0.3073580295544412,0.8175744806385543,0.5,0.8267117983401363,0.2942149783515162,0.348645142101806,0.6224593312018546,0.3486451353339458,0.8354835371034368,0.43782349911420193,0.43782349911420193,0.7981867801399695,0.7310585727705126,0.5926665999540697,0.34864513533394575
0.8933094103149354,0.2689414272294874,0.3073580168652638,0.22270013882530884,0.12592277139559052,0.5,0.3775406687981454,0.8807970670261976,0.5,0.4073334000459302,0.7310585727705127,0.880797068590724,0.6513548714339144,0.1919327887583263,0.2942149721629888,0.9099070054272775,0.8740772400852111,0.8872045825331214,0.8175744806385542,0.36296921241058616,0.8175744695262775
0.6513548714339145,0.30735800417608683,0.5774953651858117,0.23370634623958195,0.2568319856991699,0.2814055953761018,0.17328820379459514,0.348645142101806,0.26894141551050293,0.5926665999540697,0.2689414213699951,0.5621765008857981,0.22270013882530887,0.843895106480586,0.8354835391516133,0.25683199707586785,0.19193279106941588,0.7431680029241321,0.5312093733737562,0.4073334000459302,0.4378234991142019
0.46879062662624377,0.5621765008857981,0.1561049013715009,0.2018132246607271,0.17328821446825263,0.19193277951396837,0.21206880684702423,0.5926665999540698,0.1561049013715009,0.5312093733737563,0.22270014914315836,0.1480472055495773,0.19193279106941588,0.1329642281726931,0.6224593312018546,0.17328819952513225,0.13296424019782926,0.16451646084838673,0.4378234991142019,0.6224593312018546,0.5621765008857981
0.8519527982093666,0.46879062662624377,0.7310585844894971,0.20181322946142372,0.6791787121629465,0.14804719239327382,0.21206880186718646,0.2337063515768111,0.2942149597859341,0.8354835371034369,0.2942149659744614,0.7772998508568416,0.32082131381216084,0.8740772253241802,0.17328819952513227,0.2568319970758679,0.2942149783515162,0.8872046049010911,0.3775406687981454,0.1732882016598637,0.8872045922259088
0.24508502416032488,0.6791786926816161,0.2018132246607271,0.3775406687981454,0.29421497216298875,0.2568319913875189,0.8267117983401363,0.3073580295544412,0.8080672089305841,0.7549149868676283,0.7772998663336158,0.3486451285660856,0.29421496597446145,0.8596637577007394,0.7057850278370112,0.40733340004593027,0.3073580232098525,0.320821300824607,0.4378234991142019,0.7549149868676284,0.2018132198600306
0.9099070042057363,0.43782349911420193,0.3923368230619772,0.40733340004593027,0.8596637541053281,0.5,0.3775406687981454,0.46879062662624377,0.7981867729389246,0.5621765008857982,0.7772998663336158,0.5621765008857981,0.6791786861878392,0.7772998663336157,0.5,0.7662936377487305,0.9362850013033613,0.7772998611746911,0.5312093733737563,0.9149009480320036,0.7879312031126512
0.6513548714339145,0.8175744739711883,0.5,0.33458943461801643,0.3923368230619772,0.9196425267730008,0.40733340004593027,0.6654105454764746,0.766293653760418,0.5312093733737563,0.7310585903489891,0.5926665999540698,0.9099069980980297,0.9099070072595894,0.665410558746814,0.7185943985973772,0.754914975839675,0.6926419704455588,0.5621765008857981,0.5774953651858117,0.5774953651858117
0.7310585786300049,0.6224593312018546,0.2689414330889797,0.6791787056691698,0.1732882123335211,0.256831980010821,0.24508501313237172,0.34864512179822554,0.7549149758396752,0.2689414096510109,0.18242551936144571,0.37754066879814546,0.28140560140262283,0.2942149783515162,0.3486451285660856,0.2689414330889797,0.5926665999540698,0.23370635691404026,0.665410572017153,0.5926665999540698,0.5621765008857981
0.4378234991142019,0.36296919173767833,0.21206881431678096,0.2689414330889797,0.33458945452352534,0.679178692681616,0.33458943461801643,0.4378234991142019,0.8519527982093666,0.22270012850745968,0.4378234991142019,0.36296921930155557,0.7185943865443349,0.320821300824607,0.3345894545235253,0.8991213820004279,0.26894142722948733,0.2450850021044189,0.5621765008857981,0.37754066879814546,0.3486451285660856
0.1732882059293266,0.3775406687981454,0.1403362476923775,0.1919327864472368,0.20181321986003056,0.182425528251267,0.17328820592932656,0.4378234991142019,0.11279541150208626,0.5,0.29421495978593415,0.46879062662624377,0.43782349911420193,0.6513548646660542,0.1645164628965632,0.1561048954824357,0.7057850402140659,0.6926419831347362,0.4073334000459302,0.17328820379459514,0.23370635157681108
0.6224593312018546,0.2568319970758679,0.24508500761839522,0.37754067580180184,0.29421498454004374,0.2689414272294874,0.5621765008857981,0.5,0.2942149783515162,0.7772998560157665,0.4378234991142019,0.6791787056691698,0.3208213138121609,0.3208213073183839,0.8080672227971211,0.37754067580180184,0.7057850278370112,0.8354835371034368,0.24508501313237172,0.348645142101806,0.4073334000459302
0.9149009532527358,0.3775406687981454,0.2337063515768111,0.8438951104066293,0.39233683016710835,0.8354835309589074,0.5312093733737562,0.7057850278370112,0.679178699175393,0.8267117876664789,0.7549149923816046,0.8354835309589074,0.5926665999540698,0.33458943461801643,0.5926665999540698,0.8080672158638527,0.718594386544335,0.3073580105206753,0.6791787121629466,0.3775406687981454,0.4378234991142019
0.8872045996818986,0.808067204308405,0.5,0.6224593312018545,0.5621765008857981,0.5926665999540698,0.6224593312018545,0.9196425278741989,0.7057850402140659,0.7772998560157665,0.6224593312018546,0.6224593312018546,0.731058584489497,0.6513548714339145,0.743167997235783,0.9046505267461573,0.6513548511303338,0.9284088045171237,0.4687906266262437,0.5621765008857981,0.4532618480153861
0.9465966671870766,0.89330940889474,0.5312093733737563,0.7310585844894971,0.43782349911420193,0.43782349911420193,0.8807970779778824,0.5,0.4687906266262437,0.5621765008857981,0.5312093733737563,0.5926665999540698,0.4378234991142019,0.9284087926320944,0.9046505286741726,0.7772998611746911,0.7310585669110203,0.4687906266262437,0.909907012756525,0.5312093733737563,0.8175744739711883
0.5621765008857981,0.2689414330889797,0.899121373891026,0.28140561345566495,0.2942149721629888,0.7310585727705127,0.7549149868676283,0.5312093733737563,0.787931190663057,0.7310585844894971,0.2942149783515162,0.5,0.8596637487122111,0.3486451285660856,0.4378234991142019,0.7772998663336158,0.37754066879814546,0.9149009578933864,0.6513548782017745,0.7310585669110202,0.6224593312018546
0.3486451285660856,0.3208213138121609,0.6224593312018546,0.19193278875832634,0.1919327772028789,0.7879312006227324,0.7057850340255386,0.21206880435710534,0.7057850154599562,0.7057850278370112,0.14033624409696624,0.8080672181749422,0.23370636225126956,0.19193279338050545,0.7057850278370112,0.2018132270610754,0.2568319970758679,0.6926419767901475,0.7981867825403176,0.7772998508568416,0.3629692055196168
0.9046505286741726,0.7549149813536518,0.3629692055196168,0.5621765008857982,0.5312093733737563,0.817574478416099,0.8596637577007393,0.5312093733737563,0.5,0.5621765008857981,0.4378234991142019,0.7549149978955811,0.7981867777396211,0.8519528038477825,0.8807970701552504,0.7879311881731379,0.9399133449870128,0.5926665999540698,0.7772998560157665,0.8933094003735663,0.7981867705385762
0.12592276483513232,0.5,0.1732882059293266,0.12592275991478882,0.5926665999540698,0.5,0.12592277631593438,0.17328821233352107,0.15610489940847916,0.6513548714339145,0.5312093733737562,0.5,0.08509904036636974,0.5312093733737563,0.16451645880021026,0.10087862813632466,0.4687906266262437,0.1480471999111614,0.5,0.40733340004593027,0.5312093733737563
0.8596637433190939,0.8175744850834648,0.7185943805178139,0.8740772286044095,0.33458943461801643,0.817574478416099,0.5312093733737563,0.3486451217982255,0.6791787056691698,0.29421497216298875,0.26894141551050293,0.30735802955444114,0.4687906266262437,0.5312093733737563,0.5774953651858118,0.8267117876664789,0.3775406617944891,0.8354835350552603,0.7310585903489892,0.8596637487122112,0.40733340004593027
0.5312093733737562,0.5926665999540698,0.6224593312018546,0.46879062662624377,0.5,0.5312093733737563,0.7662936484231889,0.8267117983401363,0.43782349911420193,0.743168019989179,0.5312093733737562,0.5926665999540698,0.5,0.6224593312018546,0.34864514210180597,0.37754066879814546,0.5312093733737563,0.20181321745968234,0.5312093733737563,0.19193277951396837,0.46879062662624377
0.8933094074745445,0.7549149813536518,0.4687906266262437,0.8080672135527632,0.817574471748733,0.5,0.9525741217735478,0.6224593312018546,0.817574478416099,0.7981867849406659,0.6513548714339145,0.5312093733737563,0.7981867801399695,0.5621765008857981,0.8354835432479663,0.817574471748733,0.7981867825403176,0.7981867801399695,0.798186775339273,0.6791787056691697,0.7772998714925403
0.8670357477770337,0.40733340004593027,0.5926665999540698,0.46879062662624377,0.45326184801538616,0.6224593312018546,0.30735800417608683,0.8267117876664789,0.8267117983401363,0.8740772466456689,0.37754066879814546,0.2942149721629888,0.37754066879814546,0.8175744850834649,0.9149009555730611,0.4378234991142019,0.5312093733737563,0.798186787341014,0.7431680086124811,0.4687906266262437,0.3486451285660856
0.9525741221101403,0.5621765008857981,0.5312093733737563,0.40733340004593027,0.40733340004593027,0.8991213772699436,0.9196425361331837,0.4378234991142019,0.5621765008857982,0.7981867705385762,0.8175744850834648,0.34864514210180597,0.5621765008857981,0.9046505370289057,0.6791787056691698,0.9149009584734676,0.5312093733737562,0.8933094017937621,0.5621765008857981,0.5621765008857982,0.7549149978955811
0.9046505408849362,0.37754067580180184,0.5,0.7772998560157665,0.7310585903489891,0.2689414272294874,0.4687906266262437,0.7772998663336157,0.4687906266262437,0.3208213138121609,0.7431680029241321,0.2689414272294874,0.34864514210180597,0.6513548714339145,0.8596637451167997,0.4378234991142019,0.22270012850745968,0.7549149813536518,0.320821300824607,0.7057850278370112,0.7310585669110203
0.2689414213699951,0.5312093733737563,0.24508501313237172,0.11279541150208626,0.11920291576401233,0.15610489744545739,0.11279541672127952,0.5,0.24508501864634827,0.16451645880021026,0.24508501864634824,0.6791787121629466,0.6370307944803831,0.12592277631593438,0.18242552380635635,0.651354857898194,0.3775406617944891,0.19193278413614728,0.15610489940847916,0.4687906266262437,0.17328820806405806
0.26894142722948733,0.13296423332632276,0.5,0.5,0.5621765008857981,0.5,0.18242551713899044,0.15610489940847913,0.2018132270610754,0.5312093733737563,0.5621765008857982,0.14804720179063335,0.4378234991142019,0.16451645470385745,0.4687906266262438,0.1824255304737224,0.09534945525903343,0.4378234991142019,0.13296423160844617,0.4687906266262437,0.15610489548243567
0.19193277720287893,0.5,0.5312093733737563,0.17328820806405806,0.5621765008857981,0.23370635157681105,0.22270014398423355,0.5312093733737563,0.17328819952513227,0.15610489351941398,0.6513548714339145,0.5312093733737563,0.16451646904109266,0.182425528251267,0.6513548714339144,0.5312093733737562,0.5,0.18242552380635632,0.3775406687981454,0.5926665999540698,0.19193277951396837
0.5312093733737563,0.6791787056691698,0.6513548714339144,0.2689414330889797,0.7057850216484838,0.34864514886966624,0.6224593312018546,0.6513548782017745,0.40733340004593027,0.4378234991142019,0.7549149813536518,0.731058584489497,0.7057850216484839,0.43782349911420193,0.6513548646660543,0.46879062662624377,0.5,0.4073334000459302,0.3486451285660856,0.6224593312018546,0.4687906266262437
0.20181323186177205,0.37754066879814546,0.2018132270610754,0.6224593312018546,0.32082130731838393,0.2337063569140403,0.7057850402140659,0.3486451488696663,0.20181322226037882,0.6224593312018545,0.12592276811536138,0.6224593382055109,0.22270014398423357,0.1403362440969662,0.18242553047372242,0.2814056074291439,0.7772998560157665,0.1919327772028789,0.22270014398423357,0.8438951005915208,0.7981867729389246
0.3629692055196168,0.29421498454004374,0.7549149868676284,0.2689414272294874,0.39233683016710835,0.29421496597446134,0.7981867705385762,0.29421498454004374,0.7549149758396752,0.4687906266262437,0.34864514886966624,0.3486451285660856,0.34864513533394575,0.3923368301671084,0.8596637523076224,0.7662936324115011,0.7057850278370112,0.37754066879814546,0.4073334000459302,0.5312093733737563,0.5
0.8519528076067262,0.7772998663336157,0.6224593382055109,0.5621765008857981,0.37754066879814546,0.5,0.3923368230619772,0.5621765008857981,0.651354857898194,0.25683199138751883,0.42250463481418826,0.26894141551050293,0.24508501313237172,0.5,0.46879062662624377,0.46879062662624377,0.40733340004593027,0.5621765008857981,0.5926665999540698,0.2120687968873488,0.46879062662624377
0.9046505248181418,0.4687906266262437,0.5312093733737563,0.5,0.5,0.34864514210180597,0.5621765008857981,0.6513548578981939,0.8267117983401363,0.8267117940706735,0.5621765008857982,0.3775406617944891,0.4378234991142019,0.37754066879814546,0.42250463481418826,0.9196425372343816,0.5,0.34864513533394575,0.7662936377487304,0.5,0.843895106480586
0.8740772335247532,0.731058584489497,0.16451645675203383,0.2689414272294874,0.7057850216484838,0.7310585844894971,0.22270012850745968,0.320821300824607,0.7549149758396752,0.7549149868676283,0.29421496597446145,0.34864513533394575,0.23370636225126956,0.34864514210180597,0.7310585727705126,0.7057850402140659,0.2689414330889797,0.29421497216298875,0.23370636225126956,0.32082129433083023,0.2018132246607271
0.9241418168448761,0.7549149923816048,0.743167997235783,0.9099070127565249,0.40733340004593027,0.4225046348141883,0.6926419831347362,0.3486451217982255,0.7879311981328135,0.4687906266262437,0.7981867729389246,0.5774953651858118,0.679178699175393,0.5,0.5312093733737563,0.7057850216484838,0.8267117876664789,0.5621765008857981,0.6513548714339144,0.7549149923816048,0.5621765008857982
0.9820137889851291,0.9399133439350607,0.7057850216484838,0.2814055953761019,0.37754066879814546,0.5621765008857981,0.5,0.731058584489497,0.9433475705111272,0.7310585786300049,0.5,0.32082130731838393,0.9149009573133051,0.6513548714339145,0.6224593312018545,0.40733340004593027,0.9362850044146327,0.6926419894793246,0.2814055953761018,0.7057850278370112,0.6513548782017745
0.9740426431789577,0.40733340004593027,0.4073334000459302,0.3775406687981454,0.5774953651858118,0.5156199157230157,0.46879062662624377,0.817574478416099,0.6370307944803832,0.6224593312018545,0.7185943985973772,0.7310585903489891,0.4687906266262437,0.679178692681616,0.8519528076067262,0.5,0.9399133456181842,0.9603611593390885,0.9525741300200603,0.7549149758396752,0.5312093733737563
0.40733340004593027,0.2450850021044189,0.7981867705385762,0.7549149868676284,0.851952809486198,0.36296921930155557,0.22270013366638422,0.23370636758849894,0.29421498454004374,0.7549149923816048,0.1645164608483867,0.7549149923816048,0.7057850216484838,0.2942149597859341,0.21206880435710537,0.15610489744545739,0.17328820592932656,0.817574478416099,0.7549149978955811,0.8438951104066293,0.2689414272294874
0.943347570909308,0.8354835391516133,0.46879062662624377,0.5312093733737563,0.37754066879814546,0.4378234991142019,0.9149009480320036,0.9362850088593059,0.4687906266262437,0.9284087980793998,0.4687906266262437,0.4378234991142019,0.46879062662624377,0.6791787121629466,0.5621765008857982,0.6224593312018545,0.4073334000459302,0.2942149659744614,0.6224593382055109,0.9362850110816422,0.9196425245706048
0.7057850216484837,0.46879062662624377,0.7310585669110203,0.7549149813536518,0.8519528038477824,0.6224593312018546,0.9399133552961427,0.5312093733737562,0.8596637541053281,0.9433475750902071,0.6791787056691698,0.5312093733737563,0.9648551532202364,0.8596637577007393,0.6513548511303338,0.5621765008857981,0.8354835309589073,0.6224593241981982,0.8519528019683106,0.9626731085061155,0.5312093733737563
0.6654105521116443,0.29421497216298875,0.5926665999540698,0.8267118004748678,0.679178692681616,0.20181322946142374,0.26894141551050293,0.46879062662624377,0.8872045907347108,0.4378234991142019,0.8596637451167997,0.6791787121629466,0.3629691917376783,0.914900948612085,0.3629691917376783,0.939913352771458,0.9196425328295899,0.3208212878370535,0.8807970842359877,0.4225046348141882,0.8933094053442511
0.9648551503147975,0.8991213799730775,0.18242551713899047,0.5312093733737563,0.22270014398423355,0.7772998560157663,0.9046505331728752,0.3208212943308302,0.8872045966995027,0.1919327841361473,0.9196425295259959,0.3345894279828469,0.8519527963298947,0.6513548511303336,0.281405613455665,0.6926419894793246,0.45326184801538616,0.9099070011518829,0.46879062662624377,0.7310585727705126,0.16451645880021026
0.23370635691404026,0.1403362512877889,0.1824255326961778,0.18242552602881165,0.12592276811536138,0.19193279338050542,0.679178699175393,0.6791787121629466,0.13296424878721277,0.3073580105206753,0.6791787056691698,0.6224593312018546,0.19193278413614728,0.6513548714339145,0.679178692681616,0.6513548578981939,0.18242552602881168,0.15610489744545739,0.5621765008857981,0.19193279338050542,0.14804719803168948
0.9850429112662924,0.9362850053035673,0.9241418210233833,0.8175744850834648,0.9399133561377043,0.34864513533394575,0.8670357683915537,0.8354835350552603,0.8080672066194945,0.6654105653819836,0.899121367808974,0.9496693727443053,0.7549149868676283,0.9046505408849362,0.5774953651858118,0.9399133546649715,0.32082129433083023,0.5621765008857982,0.7310585844894971,0.6224593312018545,0.6224593312018545
0.8519528000888386,0.39233683016710835,0.2337063569140403,0.3486451488696663,0.37754066879814546,0.4073334000459302,0.19193277951396837,0.8740772450055545,0.24508501313237174,0.256832002764217,0.23370634623958195,0.7057850216484838,0.34864514210180597,0.4687906266262437,0.7310585727705126,0.4532618480153861,0.33458943461801643,0.7879311856832191,0.2942149783515162,0.37754066879814546,0.32082129433083023
0.1561048974454574,0.6224593312018546,0.14804719051380197,0.20181323186177208,0.4687906266262437,0.5312093733737563,0.6224593312018546,0.6513548646660543,0.6791786861878392,0.7310585786300049,0.3775406687981454,0.5621765008857982,0.320821300824607,0.4073334000459302,0.36296921930155557,0.46879062662624377,0.3486451217982255,0.26894141551050293,0.7057850340255386,0.7057850278370112,0.40733340004593027
0.8175744673038222,0.6224593312018546,0.6513548782017745,0.9099070054272775,0.9433475790720153,0.6791787056691698,0.4073334000459302,0.4532618480153861,0.5,0.7772998663336158,0.7549149923816048,0.6791787121629466,0.7185944046238981,0.5621765008857981,0.6224593312018546,0.7549149923816048,0.7431680199891789,0.9496693634852159,0.8175744739711883,0.7879312056025699,0.21206880435710537
0.8175744828610095,0.24508500761839525,0.48438008427698437,0.42250463481418826,0.26894142136999516,0.6791787121629466,0.6370307944803832,0.7662936537604181,0.3208212943308302,0.5312093733737563,0.1561049033345227,0.1919327818250578,0.19193278182505782,0.24508502416032485,0.25683199707586785,0.6513548646660542,0.679178699175393,0.4073334000459302,0.3486451353339458,0.5926665999540698,0.2814056194821861
0.6513548646660543,0.6513548714339144,0.4378234991142019,0.7772998663336158,0.4378234991142019,0.8080672112416736,0.8354835350552603,0.8807970732843033,0.4378234991142019,0.8519527982093666,0.4687906266262437,0.679178699175393,0.8354835411997898,0.7310585669110202,0.6224593382055109,0.46879062662624377,0.8354835411997897,0.8354835391516133,0.5926665999540697,0.5621765008857981,0.5926665999540698
0.9241418272911436,0.6791786991753931,0.2689414330889797,0.22270013882530887,0.34864512179822543,0.679178699175393,0.33458944788835565,0.32082130731838393,0.8354835432479661,0.40733340004593027,0.30735800417608683,0.320821300824607,0.43782349911420193,0.7879311906630568,0.5,0.43782349911420193,0.22270013882530887,0.6513548782017745,0.25683198569916993,0.30735802320985245,0.5926665999540698
0.9046505402422645,0.8991213786215105,0.7772998560157665,0.8354835432479661,0.9149009607937928,0.6224593312018545,0.8807970842359877,0.7549149868676283,0.9241418189341296,0.546738151984614,0.4687906266262437,0.5,0.6076631698328916,0.9196425361331837,0.5312093733737563,0.9241418231126367,0.5467381519846138,0.9241418246795768,0.7879311981328135,0.6224593312018546,0.5467381519846138
0.6654105521116443,0.4687906266262437,0.8670357718273068,0.5312093733737563,0.5926665999540698,0.4532618480153861,0.42250463481418826,0.3486451285660856,0.9196425388861784,0.8872045922259088,0.8872046026642945,0.7310585844894971,0.9241418147556224,0.4687906266262437,0.45326184801538616,0.8354835391516133,0.6926419894793248,0.6791787056691698,0.7981867849406659,0.5621765008857982,0.651354857898194
0.6791787121629466,0.7549149978955811,0.4687906266262437,0.5621765008857981,0.6791787056691698,0.6224593312018546,0.7057850216484838,0.6791787056691698,0.6224593312018546,0.5926665999540698,0.7310585727705127,0.5926665999540698,0.8991213820004279,0.7981867849406659,0.5621765008857981,0.8175744695262775,0.8267117962054049,0.798186775339273,0.9241418210233833,0.8175744828610094,0.7549149758396752
0.7310585786300048,0.22270014398423357,0.1561048915563923,0.1066905911052601,0.7310585903489892,0.5926665999540698,0.5774953651858117,0.1732882144682526,0.6224593312018546,0.5926665999540698,0.24508500210441891,0.6224593241981982,0.6224593382055109,0.13296423504419935,0.5621765008857981,0.10669060530721626,0.10669058613457583,0.5621765008857981,0.14804719615221756,0.10087862746054113,0.1561048915563923
0.8991213738910259,0.7310585786300049,0.24508501313237174,0.28140561345566495,0.3775406687981454,0.8080672066194946,0.7549149923816048,0.37754066879814546,0.40733340004593027,0.37754066879814546,0.8354835391516133,0.34864512856608554,0.3775406687981454,0.7057850340255386,0.24508501313237172,0.3486451285660856,0.29421498454004374,0.8670357580842941,0.7981867753392728,0.2942149783515162,0.817574478416099
0.9284087995650285,0.7772998560157665,0.7057850402140659,0.2942149783515162,0.4532618480153861,0.8933094032139577,0.8080672112416737,0.909907004816507,0.679178692681616,0.5312093733737563,0.7772998508568416,0.6654105720171531,0.9324533102681761,0.3775406687981454,0.26894142136999516,0.5926665999540698,0.5926665999540698,0.8670357598021708,0.8267117876664789,0.45326184801538616,0.22270014398423357
0.7549149813536518,0.8519528094861981,0.7662936430859597,0.8519528076067262,0.9399133512987252,0.7310585786300048,0.7772998611746912,0.6513548782017745,0.6513548511303338,0.6513548646660543,0.9149009538328171,0.8354835411997897,0.7310585786300049,0.651354857898194,0.7981867801399695,0.9362850128595114,0.5926665999540698,0.8519528038477825,0.7549149758396752,0.7981867777396212,0.7772998611746911
0.29421496597446145,0.20181322946142374,0.5,0.3345894478883556,0.26894141551050293,0.7057850216484838,0.6370307944803831,0.6513548714339145,0.33458944125318596,0.23370635157681108,0.7057850216484838,0.26894141551050293,0.18242551936144574,0.665410558746814,0.7057850154599563,0.22270013882530884,0.16451646494473962,0.30735801052067524,0.2942149721629888,0.32082129433083023,0.2814055953761018
0.4687906266262437,0.4073334000459302,0.5926665999540698,0.6224593312018546,0.6224593382055109,0.9241418267688303,0.7549149978955811,0.7310585903489892,0.26894142722948733,0.6224593312018546,0.3629691917376783,0.6791786861878392,0.874077222043951,0.22270013882530884,0.3775406687981454,0.6224593312018546,0.5,0.37754066879814546,0.23370634623958197,0.2942149597859341,0.5926665999540697
0.5926665999540698,0.6224593312018546,0.40733340004593027,0.817574471748733,0.29421496597446145,0.26894142136999516,0.7981867681382279,0.6513548714339145,0.5621765008857982,0.5,0.32082128783705344,0.39233683016710835,0.5926665999540698,0.3073580232098525,0.3629691986286475,0.5,0.7981867729389246,0.5312093733737563,0.43782349911420193,0.43782349911420193,0.3775406758018019
0.5621765008857981,0.3486451217982255,0.2689414272294874,0.23370636225126953,0.3775406687981454,0.26894141551050293,0.7057850340255386,0.7057850402140659,0.6791786926816161,0.817574471748733,0.2942149783515162,0.8519527963298946,0.2689414213699951,0.8519528076067262,0.3486451285660856,0.5,0.8175744695262777,0.46879062662624377,0.7057850154599562,0.4687906266262437,0.8175744806385543
0.5312093733737563,0.34864513533394575,0.1480471961522176,0.14033625488320037,0.21206881182686205,0.43782349911420193,0.10669059962643358,0.17328819952513227,0.6513548782017745,0.7057850340255386,0.15610489351941398,0.1259227648351323,0.5312093733737563,0.0803574677210091,0.5,0.731058584489497,0.08509905080783368,0.7057850340255386,0.7057850154599563,0.8175744806385543,0.23370634623958197
0.5774953651858118,0.6791787056691698,0.92414182206801,0.8991213738910259,0.7981867825403177,0.7549149978955811,0.7185943985973773,0.7185943805178138,0.5,0.5,0.8872045952083047,0.6513548646660542,0.9149009491921662,0.6224593312018545,0.7431680086124811,0.9284087995650284,0.5774953651858118,0.7549149923816048,0.5312093733737563,0.4687906266262437,0.7772998611746911
0.7981867801399695,0.4378234991142019,0.3486451285660856,0.3486451285660856,0.5621765008857981,0.32082129433083023,0.348645142101806,0.7772998508568416,0.37754066879814546,0.46879062662624377,0.23370635157681108,0.651354857898194,0.7057850402140659,0.8438951084436077,0.7057850216484838,0.7549149923816048,0.8080672066194946,0.37754066879814546,0.7981867705385762,0.32082129433083023,0.24508501864634824
0.37754066879814546,0.4378234991142019,0.5,0.8872045937171068,0.3073580105206753,0.32082130731838393,0.5,0.46879062662624377,0.40733340004593027,0.8933094003735664,0.4073334000459302,0.8991213725394589,0.4687906266262437,0.9099070011518829,0.3775406687981454,0.6370307944803832,0.679178699175393,0.8933094103149354,0.8872045959539038,0.8807970889295664,0.6791787121629465
0.6791787121629466,0.679178699175393,0.4073334000459302,0.7057850216484838,0.4687906266262437,0.766293653760418,0.5,0.24508500761839527,0.7662936430859597,0.24508500761839525,0.43782349911420193,0.4073334000459302,0.23370634623958195,0.40733340004593027,0.46879062662624377,0.6791787056691698,0.20181322226037884,0.28140560742914383,0.23370635691404026,0.3208212943308302,0.5926665999540698
0.9149009497722477,0.22270013882530887,0.2942149783515162,0.30735800417608683,0.16451645470385745,0.5926665999540698,0.6791787056691698,0.24508500761839527,0.19193278413614734,0.731058584489497,0.1645164710892692,0.7879311931529758,0.348645142101806,0.5621765008857982,0.7549149923816048,0.7879311956428947,0.11279540702849221,0.5621765008857981,0.7057850154599562,0.34864514210180597,0.7431680143008301
0.9284088055075428,0.3486451488696663,0.34864514210180597,0.37754066879814546,0.651354857898194,0.8175744695262775,0.6513548782017745,0.8175744806385543,0.4073334000459302,0.5,0.5,0.8354835309589074,0.8670357598021707,0.4687906266262437,0.8175744761936437,0.5312093733737563,0.3486451285660856,0.4378234991142019,0.899121375242593,0.5312093733737563,0.46879062662624377
0.5926665999540698,0.24508501864634827,0.17328820806405806,0.7057850340255386,0.256832002764217,0.2942149597859341,0.2568319856991699,0.7310585786300049,0.7057850340255386,0.2689414272294874,0.6224593312018545,0.2942149783515162,0.679178699175393,0.1645164608483867,0.7057850340255386,0.7662936430859597,0.156104893519414,0.10669058684467357,0.19193278413614728,0.21206881182686205,0.7057850278370111
0.7549149923816048,0.22270014398423355,0.24508501864634824,0.5312093733737563,0.1919327772028789,0.23370635157681108,0.6224593312018546,0.5926665999540698,0.6224593312018546,0.19193279338050545,0.23370635157681108,0.09534945975773548,0.20181321745968234,0.21206881182686205,0.1732882016598637,0.5312093733737563,0.14804719427274568,0.5621765008857981,0.1480471961522176,0.6224593312018546,0.11920293297380237
0.46879062662624377,0.5926665999540698,0.14804719803168948,0.2120688093369431,0.2120688018671865,0.2018132198600306,0.5926665999540698,0.21206881182686202,0.22270012850745968,0.2018132150593341,0.5926665999540698,0.29421498454004374,0.2942149783515162,0.5312093733737563,0.21206881182686202,0.5926665999540697,0.48438008427698437,0.16451646494473965,0.23370635157681108,0.5,0.7057850278370111
0.5621765008857982,0.7431680029241321,0.268941415510503,0.8872045929715078,0.5,0.7310585903489891,0.679178699175393,0.7057850340255386,0.924141827813457,0.40733340004593027,0.6513548714339145,0.7431680199891789,0.4378234991142019,0.5312093733737563,0.46879062662624377,0.36296921241058616,0.33458944788835565,0.7549149978955811,0.6791786926816161,0.5312093733737562,0.6224593312018546
0.4378234991142019,0.7310585844894971,0.7310585903489891,0.43782349911420193,0.4687906266262437,0.7772998560157665,0.7549149978955811,0.3486451217982255,0.7057850216484838,0.268941415510503,0.43782349911420193,0.32082129433083023,0.4378234991142019,0.2689414096510108,0.7772998714925403,0.7981867777396212,0.29421498454004374,0.3775406687981454,0.40733340004593027,0.5,0.3775406758018019
0.952574131703022,0.2942149659744614,0.29421498454004374,0.8175744850834649,0.46879062662624377,0.7772998560157665,0.7310585786300049,0.43782349911420193,0.7549149868676283,0.46879062662624377,0.5926665999540698,0.5,0.3486451285660856,0.7310585727705127,0.5,0.46879062662624377,0.5621765008857982,0.651354857898194,0.7310585786300049,0.8354835330070838,0.6513548714339144
0.8596637469145054,0.6791787056691698,0.5621765008857981,0.2942149783515162,0.19193279106941585,0.46879062662624377,0.20181322466072713,0.1561048974454574,0.5312093733737563,0.32082130731838393,0.1919327772028789,0.18242551713899047,0.5621765008857982,0.46879062662624377,0.22270013366638422,0.5,0.6654105521116443,0.7185944046238982,0.37754066879814546,0.3629692193015555,0.7549149813536518
0.45326184801538616,0.3486451285660856,0.6791786926816161,0.22270014398423355,0.24508500761839525,0.33458945452352534,0.7310585903489892,0.5926665999540698,0.2568319970758679,0.1919327841361473,0.5312093733737563,0.5621765008857982,0.22270014398423357,0.37754066879814546,0.320821300824607,0.3486451285660856,0.5621765008857982,0.1645164628965632,0.11920293453832885,0.8670357563664175,0.6224593241981982
0.914900957313305,0.7772998611746912,0.5312093733737562,0.256832002764217,0.25683198001082097,0.5312093733737563,0.6076631627277603,0.2814056014026228,0.5774953651858118,0.8267118004748677,0.7549149923816048,0.320821300824607,0.23370635157681108,0.8438951045175643,0.37754066879814546,0.6224593241981982,0.9626731131913228,0.867035758084294,0.7310585786300049,0.7662936377487305,0.5312093733737563
0.8080672066194946,0.7057850278370112,0.2568319970758679,0.18242551936144574,0.2450850021044189,0.7057850216484838,0.24508501313237172,0.21206879688734884,0.7549149868676283,0.22270014914315836,0.21206879937726766,0.7879311956428947,0.29421497216298875,0.6224593312018545,0.6513548511303336,0.7772998611746911,0.2450850021044189,0.1824255149165352,0.14804720179063335,0.8080672066194946,0.19193279338050542
0.6513548782017746,0.5926665999540697,0.8933094017937621,0.5621765008857981,0.9099070017626537,0.7772998611746911,0.7310585727705126,0.9362850004144266,0.7549149978955811,0.8991213718636754,0.7057850216484838,0.9324533163686646,0.7772998508568416,0.5621765008857981,0.932453304167687,0.7549149868676283,0.7310585786300049,0.7057850216484838,0.8175744828610095,0.43782349911420193,0.9099070158103778
0.34864514886966624,0.19193279106941585,0.6513548714339144,0.21206879688734884,0.40733340004593016,0.5621765008857981,0.1732882059293266,0.7549149923816048,0.8354835432479661,0.6513548511303336,0.6791787056691698,0.7310585669110202,0.43782349911420193,0.3486451285660856,0.8267117876664789,0.5926665999540698,0.1192029235866439,0.34864513533394575,0.6224593312018545,0.5621765008857982,0.12592277795604903
0.22270013882530887,0.6791786861878392,0.7310585669110202,0.5312093733737562,0.23370636758849894,0.6224593312018546,0.2018132126589859,0.7310585786300049,0.5926665999540698,0.2689414330889797,0.3345894346180164,0.5621765008857982,0.18242552825126707,0.8267118004748678,0.18242552602881168,0.7981867705385763,0.679178692681616,0.1561048915563923,0.2814055953761019,0.5926665999540697,0.12592275827467436
0.924141827813457,0.8175744806385543,0.5621765008857981,0.46879062662624377,0.7057850278370112,0.5926665999540698,0.43782349911420193,0.9433475766829303,0.5621765008857982,0.6224593312018546,0.8740772269642948,0.5621765008857981,0.8354835432479663,0.6224593312018546,0.8267117940706734,0.6224593312018546,0.9525741264858409,0.6791786861878392,0.7057850216484838,0.8670357580842941,0.6224593312018546
0.9669140192277584,0.7772998663336158,0.19193279106941585,0.6224593312018545,0.7549149758396752,0.7772998560157665,0.8670357683915538,0.19193278182505782,0.5926665999540698,0.8991213705121083,0.6513548782017745,0.6791786991753929,0.8670357718273068,0.3486451285660856,0.25683199138751883,0.9149009520925732,0.40733340004593027,0.8933094060543487,0.9196425251212037,0.30735801052067535,0.6224593312018546
0.909907001151883,0.9284087941177233,0.3486451353339457,0.8596637469145054,0.8175744806385542,0.7879312006227324,0.8991213806488609,0.5926665999540698,0.7057850278370112,0.7772998714925403,0.7772998611746912,0.4073334000459302,0.9149009474519223,0.5926665999540698,0.46879062662624377,0.7772998714925403,0.8354835432479661,0.6791787121629466,0.43782349911420193,0.9284087936225136,0.798186775339273
0.7981867801399694,0.4073334000459302,0.29421497835151617,0.3208213073183839,0.43782349911420193,0.7549149868676284,0.2942149783515162,0.5,0.2942149659744614,0.8596637559030338,0.36296920551961676,0.6513548511303336,0.7057850216484838,0.3629692055196168,0.34864513533394575,0.8933094145755219,0.7057850216484838,0.23370634623958197,0.8175744695262775,0.2814056014026228,0.18242552602881168
0.7057850340255386,0.8519528000888387,0.43782349911420193,0.8933094167058151,0.679178699175393,0.5926665999540698,0.8872045929715078,0.8991213847035617,0.48438008427698437,0.7057850340255385,0.919642527874199,0.5312093733737563,0.5312093733737563,0.5926665999540698,0.8175744850834649,0.5312093733737563,0.5312093733737563,0.3486451285660856,0.5621765008857982,0.7772998560157665,0.7057850154599562
0.1824255304737224,0.7310585727705126,0.6224593312018546,0.37754066179448903,0.18242552825126704,0.15610489548243567,0.2018132198600306,0.6513548782017745,0.5,0.18242552380635635,0.1645164608483867,0.2689414272294874,0.11279541448448237,0.26894141551050293,0.2689414272294874,0.6513548714339144,0.7310585727705126,0.7549149868676283,0.679178692681616,0.2450850021044189,0.7057850216484838
0.9648551514517084,0.5621765008857982,0.5621765008857982,0.4687906266262437,0.5312093733737563,0.8175744673038222,0.348645142101806,0.8175744828610095,0.4073334000459302,0.5,0.8175744828610095,0.8519527982093666,0.7981867681382279,0.5621765008857981,0.3208212878370535,0.7981867825403177,0.37754066179448903,0.8519528000888387,0.8354835350552603,0.9046505402422644,0.8354835330070839
0.46879062662624377,0.32082129433083023,0.28140560742914383,0.3208213138121609,0.5926665999540697,0.2568319856991699,0.32082129433083023,0.5926665999540698,0.4073334000459302,0.7310585786300048,0.46879062662624377,0.34864514210180597,0.5926665999540698,0.2120688093369431,0.6791786861878392,0.24508501313237172,0.21206879937726766,0.46879062662624377,0.348645142101806,0.3073580105206753,0.6224593312018546
0.6370307944803831,0.7549149758396752,0.5621765008857981,0.6370307806984444,0.2814055953761019,0.2942149845400437,0.3775406687981454,0.3486451488696663,0.8519528057272544,0.6224593312018546,0.39233683016710835,0.4225046348141882,0.320821300824607,0.37754066879814546,0.40733340004593027,0.46879062662624377,0.43782349911420193,0.8872045877523147,0.6224593312018545,0.8596637433190939,0.5926665999540698
0.5,0.37754066879814546,0.9284087985746093,0.8872045929715078,0.3775406687981454,0.46879062662624377,0.9099070109242131,0.8438951005915208,0.3923368301671084,0.8670357701094304,0.4073334000459302,0.5312093733737563,0.9433475782756536,0.4378234991142019,0.5312093733737563,0.7772998560157665,0.6791786926816161,0.25683198569916993,0.4687906266262437,0.32082130731838393,0.5926665999540698
0.7772998560157665,0.5621765008857981,0.5,0.15610489351941398,0.20181321745968234,0.5926665999540698,0.5926665999540698,0.1919327864472368,0.5,0.7310585786300049,0.3073580295544412,0.5312093733737563,0.5621765008857981,0.8670357563664174,0.25683199707586785,0.5926665999540698,0.12592275335433115,0.18242552380635635,0.14804719803168945,0.4073334000459302,0.3775406617944891
0.7772998663336158,0.6224593312018546,0.13296424535145931,0.4378234991142019,0.5312093733737562,0.5,0.5,0.5312093733737563,0.4687906266262437,0.5621765008857981,0.1919327841361473,0.5621765008857982,0.17328819952513227,0.40733340004593027,0.6513548646660542,0.5,0.6224593241981982,0.5926665999540698,0.5926665999540697,0.5926665999540698,0.24508501313237172
0.8596637469145054,0.2942149659744614,0.33458944125318596,0.7772998508568416,0.2814056194821861,0.3208213138121609,0.5621765008857981,0.5312093733737563,0.3775406687981454,0.808067204308405,0.5,0.6513548511303338,0.4687906266262437,0.8670357512127872,0.5,0.5312093733737563,0.5312093733737563,0.3775406687981454,0.5926665999540697,0.24508501864634824,0.8438950966654774
0.9706877706265886,0.9525741300200603,0.5312093733737563,0.5926665999540698,0.6224593241981982,0.46879062662624377,0.7772998663336158,0.9579122711832405,0.808067204308405,0.7310585786300049,0.7879311981328135,0.5312093733737562,0.952574131703022,0.9149009555730612,0.7549149923816048,0.679178699175393,0.7057850216484838,0.8267117855317474,0.7879312006227323,0.8175744761936437,0.5621765008857981
0.90990700787036,0.5621765008857981,0.5621765008857981,0.5926665999540698,0.817574471748733,0.2689414213699951,0.5926665999540697,0.817574478416099,0.2689414272294874,0.26894142136999516,0.19193278413614728,0.7879312056025699,0.18242551713899047,0.15610489940847916,0.5621765008857981,0.22270014398423355,0.2018132150593341,0.18242552825126704,0.19193279569159505,0.7772998560157665,0.16451646494473965
0.8354835371034368,0.6224593312018546,0.8175744850834648,0.3208212878370535,0.2689414096510109,0.20181322946142374,0.8175744739711883,0.8807970811069351,0.4687906266262437,0.4378234991142019,0.34864514210180597,0.5,0.7772998611746911,0.32082131381216084,0.4073334000459302,0.7981867849406659,0.46879062662624377,0.46879062662624377,0.7981867753392728,0.6224593382055109,0.3775406687981454
0.32082130731838393,0.7310585727705127,0.679178699175393,0.2689414213699951,0.8080672135527631,0.3073580168652638,0.798186775339273,0.24508501313237172,0.2568319856991699,0.3486451217982255,0.29421498454004374,0.40733340004593027,0.3775406687981454,0.7772998508568417,0.18242552825126704,0.8354835391516132,0.40733340004593027,0.2568319856991699,0.843895098628499,0.4073334000459302,0.2018132150593341
0.8438951045175643,0.4687906266262437,0.3775406687981454,0.4378234991142019,0.22270013366638425,0.46879062662624377,0.2120688018671865,0.7981867873410141,0.23370636758849894,0.24508500761839525,0.22270014914315836,0.40733340004593027,0.3486451488696663,0.23370636758849891,0.8267117983401363,0.2018132270610754,0.23370635691404026,0.651354857898194,0.1919327818250578,0.7879312031126512,0.2689414096510108
0.6513548511303338,0.5926665999540697,0.43782349911420193,0.8175744739711883,0.7772998611746912,0.817574478416099,0.8519528057272543,0.5621765008857981,0.5621765008857981,0.4073334000459302,0.9324533032291502,0.5621765008857981,0.9399133523506773,0.8175744828610095,0.5926665999540698,0.7549149978955811,0.7310585727705126,0.6513548714339144,0.8354835330070839,0.9553191282962407,0.9648551517043553
0.8438951005915208,0.26894142136999516,0.18242552380635635,0.40733340004593027,0.7057850216484838,0.3486451285660856,0.29421498454004374,0.7310585669110203,0.7981867753392728,0.46879062662624377,0.24508501864634824,0.2018132246607271,0.2942149783515163,0.23370636225126956,0.5,0.23370635691404026,0.5312093733737563,0.13296424019782924,0.7057850154599562,0.24508500761839525,0.21206881431678096
0.8354835411997897,0.8740772318846386,0.48438008427698437,0.32082129433083023,0.9046505370289057,0.5926665999540697,0.1824255304737224,0.5926665999540698,0.5,0.7057850154599562,0.23370636758849891,0.4378234991142019,0.3923368230619772,0.651354857898194,0.39233683016710835,0.7310585786300049,0.19193277951396834,0.22270013366638425,0.731058584489497,0.6224593312018546,0.3923368301671084
0.5926665999540698,0.9196425284247979,0.46879062662624377,0.4378234991142019,0.5926665999540698,0.946596665680527,0.42250463481418826,0.928408801050657,0.43782349911420193,0.6791787056691698,0.5621765008857981,0.5,0.4378234991142019,0.5312093733737563,0.8080672135527631,0.5621765008857981,0.960361165011603,0.5,0.5,0.8519527963298947,0.43782349911420193
0.7981867777396212,0.5621765008857981,0.6370308013713525,0.21206880684702423,0.48438008427698437,0.7662936430859597,0.4378234991142019,0.6654105454764747,0.18242551936144574,0.24508502416032488,0.20181322946142374,0.28140561345566495,0.23370636758849891,0.24508500761839525,0.37754066179448903,0.3775406617944891,0.2689414272294874,0.2942149597859341,0.7772998714925403,0.5621765008857982,0.2689414213699951
0.8807970701552505,0.6791786926816161,0.22270013366638422,0.34864513533394575,0.32082131381216084,0.679178699175393,0.320821300824607,0.24508501313237172,0.6513548511303338,0.29421497216298875,0.2568319970758679,0.7662936430859597,0.2942149659744614,0.2689414272294874,0.7549149868676283,0.18242551936144574,0.6224593312018545,0.7981867849406659,0.731058584489497,0.23370635157681108,0.2942149659744614
0.9362850053035673,0.5926665999540698,0.24508501313237172,0.6224593312018546,0.6513548782017745,0.7057850340255386,0.5926665999540698,0.5312093733737563,0.7549149978955811,0.5312093733737563,0.3208213073183839,0.40733340004593027,0.348645142101806,0.4378234991142019,0.5,0.9099070054272775,0.37754066879814546,0.2942149783515162,0.8596637559030338,0.46879062662624377,0.8740772384450967
0.2689414272294874,0.16451645880021026,0.651354857898194,0.19193279569159502,0.24508500761839525,0.19193279106941588,0.21206881182686202,0.5926665999540697,0.2227001336663842,0.2450850186463482,0.2018132270610754,0.6076631698328917,0.40733340004593027,0.46879062662624366,0.1192029173285386,0.5312093733737563,0.23370636758849894,0.15610488959337063,0.5926665999540697,0.17328819739040088,0.28140561345566495
0.5621765008857981,0.48438008427698437,0.32082130731838393,0.2814056074291438,0.5,0.7879311881731379,0.7772998611746912,0.5926665999540698,0.7662936484231889,0.3923368301671084,0.7662936484231889,0.7662936430859597,0.9046505408849362,0.7549149813536518,0.679178699175393,0.5312093733737563,0.6370307944803831,0.5621765008857981,0.5774953651858118,0.5312093733737562,0.6513548646660543
0.9241418199787564,0.7772998714925403,0.5621765008857982,0.6513548646660542,0.8175744850834648,0.5926665999540698,0.8519528019683105,0.5621765008857982,0.7549149923816048,0.6513548511303338,0.8670357494949105,0.5,0.5312093733737563,0.9149009544128984,0.9284088025362857,0.5926665999540698,0.5926665999540698,0.3775406617944891,0.9241418252018901,0.924141814233309,0.9284087926320945
0.679178699175393,0.8267117940706734,0.5621765008857981,0.9465966717067252,0.9196425322789908,0.9196425394367774,0.9324533018213449,0.5926665999540698,0.5926665999540698,0.5926665999540698,0.9284088005554475,0.5621765008857981,0.6513548646660543,0.6224593312018546,0.5312093733737563,0.8175744761936437,0.679178699175393,0.6513548511303338,0.7772998560157665,0.679178692681616,0.6513548782017745
0.8354835309589073,0.29421497216298875,0.4073334000459302,0.5926665999540698,0.8519527963298947,0.8175744761936437,0.4687906266262438,0.8354835330070839,0.46879062662624377,0.8519528038477825,0.5926665999540698,0.320821300824607,0.7310585786300049,0.8519528019683106,0.46879062662624377,0.7981867777396212,0.5621765008857981,0.7310585786300049,0.8175744828610095,0.4073334000459302,0.8670357615200474
0.34864513533394575,0.4687906266262437,0.33458944125318596,0.4073334000459302,0.46879062662624377,0.40733340004593027,0.8354835371034368,0.43782349911420193,0.4378234991142019,0.8519527944504227,0.2942149783515162,0.6224593312018546,0.5621765008857981,0.867035758084294,0.651354857898194,0.4378234991142019,0.46879062662624377,0.7772998714925403,0.46879062662624377,0.8354835371034369,0.3486451285660856
0.8267118026095991,0.2814056194821861,0.8740772351648677,0.20181322946142374,0.8438950986284991,0.22270013366638422,0.5312093733737563,0.39233683016710835,0.5312093733737563,0.2689414096510108,0.23370635157681105,0.5,0.7185943985973772,0.36296919173767833,0.679178692681616,0.8596637577007393,0.7549149813536518,0.9099070109242131,0.8740772433654401,0.7057850340255386,0.18242552825126707
0.9579122756889437,0.6224593312018546,0.4073334000459302,0.8519527944504227,0.5621765008857981,0.5926665999540698,0.8519528057272543,0.9046505408849362,0.5926665999540698,0.43782349911420193,0.880797071719777,0.5312093733737563,0.7772998508568416,0.5621765008857982,0.9196425251212038,0.5926665999540698,0.9399133475116979,0.9241418152779358,0.40733340004593027,0.5312093733737563,0.798186775339273
0.4687906266262437,0.256831980010821,0.3629691917376783,0.32082128783705344,0.43782349911420193,0.731058584489497,0.7310585727705127,0.40733340004593027,0.37754066879814546,0.5156199157230157,0.34864512856608565,0.4378234991142019,0.6791786926816161,0.9046505408849362,0.8933094010836642,0.3208212878370535,0.37754066179448903,0.4687906266262437,0.40733340004593027,0.2689414272294874,0.22270014914315836
0.8740772253241803,0.24508500761839525,0.32082131381216084,0.16451646494473965,0.18242552158390105,0.4687906266262437,0.7310585727705126,0.1732882016598637,0.1259227615549033,0.1824255304737224,0.6791786926816161,0.16451646494473965,0.24508501864634827,0.46879062662624377,0.4378234991142019,0.2814055953761018,0.6513548714339145,0.22270013366638422,0.1732882059293266,0.2689414213699951,0.2120688018671865
0.43782349911420193,0.1919327864472368,0.6513548714339144,0.3775406687981454,0.2689414213699951,0.7057850340255386,0.4378234991142019,0.7772998560157663,0.7981867825403177,0.5621765008857982,0.2942149659744614,0.651354857898194,0.3923368301671084,0.7772998663336158,0.7879311956428947,0.37754066879814546,0.19193278413614728,0.2689414330889797,0.2942149783515162,0.3486451488696663,0.7549149813536518
0.2450850131323717,0.23370636225126956,0.4073334000459302,0.3923368372722396,0.5312093733737563,0.3629692055196168,0.7981867681382279,0.3923368372722396,0.24508500761839522,0.5926665999540698,0.6513548646660543,0.5312093733737563,0.5621765008857981,0.34864514886966624,0.8740772450055545,0.46879062662624377,0.4225046348141883,0.5621765008857981,0.32082129433083023,0.3923368301671084,0.8438951025545426
0.8175744761936437,0.29421497216298875,0.6513548782017745,0.29421498454004374,0.8175744717487329,0.24508502416032488,0.7549149868676283,0.8670357683915538,0.8519527944504227,0.7772998611746912,0.2689414272294874,0.37754066179448903,0.320821300824607,0.32082129433083023,0.3775406687981454,0.46879062662624377,0.3486451488696663,0.22270013882530884,0.8519527963298946,0.8740772335247531,0.32082129433083023
0.9362850053035674,0.7185944046238982,0.34864514210180597,0.6370307875894139,0.679178699175393,0.7662936377487304,0.8933094167058151,0.665410558746814,0.679178686187839,0.5312093733737563,0.7981867873410141,0.9196425388861785,0.6224593312018546,0.5312093733737563,0.5,0.5,0.8670357512127873,0.679178699175393,0.6513548714339145,0.7057850216484838,0.7981867849406659
0.8670357512127872,0.7431680029241321,0.5926665999540698,0.5312093733737562,0.2450850131323717,0.34864512179822543,0.6513548714339145,0.6654105521116443,0.8080672204860317,0.3486451353339457,0.39233683016710835,0.2942149659744614,0.21206879937726766,0.7662936430859597,0.5312093733737563,0.33458943461801643,0.2942149783515162,0.28140561345566495,0.37754066879814546,0.9099070005411124,0.22270013882530887
0.8519528038477824,0.43782349911420193,0.46879062662624377,0.817574478416099,0.4378234991142019,0.7310585727705126,0.43782349911420193,0.40733340004593027,0.4073334000459302,0.6513548646660543,0.8354835371034368,0.8354835391516133,0.6513548646660542,0.7772998611746911,0.5926665999540698,0.5312093733737563,0.7549149923816048,0.5,0.9046505351008906,0.8933094110250331,0.8519527963298947
0.8519528000888386,0.34864513533394575,0.3073580295544412,0.6513548714339145,0.6513548714339145,0.37754066179448903,0.5621765008857981,0.34864514210180597,0.8670357580842941,0.4378234991142019,0.4073334000459302,0.7310585727705127,0.34864513533394575,0.34864514210180597,0.348645142101806,0.46879062662624377,0.7310585727705127,0.7981867681382279,0.2942149783515162,0.8933093982432729,0.25683199138751883
0.651354857898194,0.19193278413614728,0.2450850131323717,0.4687906266262437,0.2942149597859341,0.5312093733737563,0.8175744695262775,0.5621765008857981,0.5,0.7057850340255386,0.34864513533394575,0.2942149659744614,0.2689414213699951,0.2942149783515162,0.3486451217982255,0.8519528000888387,0.817574478416099,0.5,0.5621765008857982,0.4073334000459302,0.4073334000459302
0.5312093733737563,0.43782349911420193,0.7981867801399694,0.24508501864634827,0.8670357529306639,0.7310585786300049,0.3775406617944891,0.7310585669110203,0.7057850216484838,0.4378234991142019,0.4687906266262437,0.32082128783705344,0.5,0.6513548646660542,0.40733340004593027,0.36296921930155557,0.4073334000459302,0.37754067580180184,0.7981867825403177,0.8740772351648677,0.8354835391516133
0.679178699175393,0.4687906266262437,0.08509904036636974,0.182425528251267,0.5926665999540698,0.10087863083945883,0.14033624949008322,0.1824255260288117,0.16451646289656316,0.12592275335433115,0.19193278182505782,0.6513548782017745,0.5,0.5621765008857981,0.5312093733737563,0.6224593312018546,0.1919327841361473,0.4687906266262437,0.1919327864472368,0.5312093733737563,0.5621765008857981
0.8872045862611166,0.2568319970758679,0.15610490137150093,0.8807970764133561,0.23370636758849891,0.8807970670261976,0.30735802955444114,0.256831980010821,0.8596637487122111,0.42250463481418826,0.36296920551961687,0.2689414272294874,0.8872045884979138,0.7662936484231889,0.2814056074291439,0.40733340004593027,0.7310585669110203,0.22270013366638422,0.7772998714925403,0.24508502416032488,0.16451646699291614
0.8991213847035617,0.3775406687981454,0.4687906266262437,0.37754066879814546,0.8080672112416737,0.6513548646660543,0.7431679972357831,0.5926665999540698,0.8670357494949105,0.9433475705111273,0.7981867849406659,0.8991213732152424,0.7772998611746911,0.9324533013520765,0.4378234991142019,0.817574478416099,0.5312093733737563,0.43782349911420193,0.7981867777396211,0.5926665999540698,0.893309398243273
0.5312093733737563,0.2942149597859341,0.6513548714339144,0.22270013366638425,0.7662936484231889,0.6791786926816161,0.7057850340255386,0.3073580105206753,0.754914975839675,0.7310585727705127,0.34864514210180597,0.2814056014026228,0.37754067580180184,0.29421497216298875,0.19193279569159502,0.8175744739711883,0.8596637559030338,0.7549149868676283,0.8670357546485407,0.5,0.46879062662624377
0.6224593382055109,0.22270013366638422,0.6370308082623217,0.7549149978955811,0.28140561345566495,0.7057850340255386,0.24508501864634827,0.2689414272294874,0.5926665999540698,0.32082130731838393,0.24508501864634827,0.24508500761839525,0.7772998714925403,0.6513548714339145,0.5926665999540698,0.2942149783515162,0.6513548782017745,0.7549149813536518,0.25683199707586785,0.2942149597859341,0.7549149813536518
0.5,0.8080672204860316,0.5312093733737563,0.7549149868676283,0.1919327864472368,0.7310585844894971,0.21206879937726764,0.20181322226037882,0.6224593312018545,0.7879311906630568,0.8080672181749422,0.7185943985973773,0.7879312006227324,0.8080672135527632,0.34864513533394575,0.36296919173767833,0.15610489744545739,0.18242552380635632,0.8438950947024555,0.17328821233352107,0.2120688093369431
0.5312093733737563,0.30735802320985245,0.19193279106941588,0.2942149783515162,0.34864514210180597,0.651354857898194,0.4073334000459302,0.6513548511303336,0.8872046019186954,0.5926665999540698,0.45326184801538616,0.3629691917376783,0.665410558746814,0.5,0.32082130731838393,0.3208213138121609,0.5621765008857981,0.16451645675203383,0.2814056134556649,0.40733340004593027,0.21206880684702423
0.46879062662624377,0.5312093733737563,0.14033624229926062,0.5312093733737562,0.5926665999540698,0.16451646494473965,0.14033624589467186,0.19193279106941588,0.18242552825126704,0.1561048915563923,0.16451646904109266,0.5926665999540698,0.4073334000459302,0.1561048915563923,0.665410572017153,0.10087862746054113,0.20181322946142372,0.5,0.11279541299328431,0.22270014398423355,0.6224593312018545
0.6224593312018546,0.7879311956428947,0.42250463481418826,0.6224593312018546,0.7057850216484839,0.7310585786300049,0.7981867729389246,0.8080672135527632,0.7879311931529759,0.5312093733737563,0.37754066879814546,0.6791787056691698,0.679178699175393,0.9196425355825848,0.8175744806385543,0.8807970779778824,0.4378234991142019,0.4687906266262437,0.5312093733737563,0.4378234991142019,0.9099070145888366
0.7879312031126512,0.3629692055196168,0.6224593312018546,0.6224593312018546,0.651354857898194,0.24508502416032488,0.24508502416032488,0.2337063569140403,0.6513548714339145,0.6224593312018546,0.25683199138751883,0.2120688093369431,0.6513548782017745,0.731058584489497,0.3208212878370535,0.679178686187839,0.2337063569140403,0.32082130731838393,0.22270013366638425,0.3073580105206753,0.24508502416032488
0.936285000858894,0.679178699175393,0.679178692681616,0.7772998663336157,0.7981867705385762,0.7310585727705126,0.34864514210180597,0.2018132126589859,0.7057850216484838,0.2942149659744614,0.34864513533394575,0.7310585786300049,0.23370634623958195,0.2689414096510109,0.679178692681616,0.1732882016598637,0.7057850340255386,0.19193278413614728,0.3486451285660856,0.23370636225126953,0.7981867777396212
0.5312093733737563,0.9046505299595162,0.9046505421702796,0.9099070127565249,0.6513548511303336,0.9099069999303416,0.6370307944803832,0.7662936377487304,0.6224593312018545,0.40733340004593027,0.9241418126663686,0.6224593312018546,0.9241418199787564,0.8933094039240554,0.4378234991142019,0.8933093954028816,0.9099070145888367,0.37754066879814546,0.8175744673038222,0.4073334000459302,0.9099070011518829
0.9046505440982948,0.8354835432479661,0.8175744717487329,0.37754066879814546,0.8596637451167997,0.6370308013713525,0.8807970889295663,0.7057850154599562,0.6513548646660542,0.3923368372722396,0.5926665999540698,0.4532618480153861,0.30735802320985245,0.6224593312018545,0.37754066879814546,0.46879062662624377,0.9149009474519222,0.4687906266262437,0.651354857898194,0.6224593312018545,0.4687906266262437
0.8740772335247531,0.7057850340255386,0.30735801686526387,0.4073334000459302,0.5926665999540697,0.7549149923816048,0.348645142101806,0.7057850340255386,0.6791787056691698,0.8872046034098934,0.5926665999540698,0.28140561345566495,0.9046505447409665,0.6791786926816161,0.6513548646660542,0.33458944788835565,0.5926665999540698,0.36296920551961676,0.8596637469145054,0.5621765008857982,0.8933094074745443
0.651354857898194,0.9099070042057362,0.4073334000459302,0.7431680086124811,0.7310585669110203,0.7549149923816048,0.6370307875894139,0.5312093733737562,0.5621765008857982,0.8740772466456689,0.5,0.6513548782017745,0.6791787121629466,0.5,0.6224593312018546,0.6224593312018546,0.6791786926816161,0.6791787121629466,0.7057850402140659,0.6513548782017745,0.5
0.1919327887583263,0.7310585786300048,0.18242552380635635,0.19193279106941588,0.6791787121629466,0.5,0.766293653760418,0.6926419831347361,0.7431680029241322,0.7662936377487304,0.12592275663455993,0.21206880186718646,0.28140560742914383,0.8175744673038222,0.7981867729389246,0.8080672135527631,0.11279540255489831,0.8267117876664789,0.19193279106941588,0.2018132150593341,0.7772998663336158
0.8807970701552505,0.7310585903489892,0.20181321745968234,0.22270012850745968,0.24508500761839525,0.7772998663336158,0.4073334000459302,0.37754066879814546,0.13296424019782926,0.5,0.5312093733737563,0.334589441253186,0.37754067580180184,0.3775406687981454,0.6224593312018546,0.46879062662624377,0.5312093733737563,0.3208213138121609,0.3775406617944891,0.43782349911420193,0.5926665999540698
0.5926665999540698,0.3208212878370535,0.5926665999540698,0.5926665999540698,0.7772998714925403,0.19193278644723677,0.7310585786300049,0.22270013366638422,0.6224593312018546,0.6513548782017745,0.2337063569140403,0.8175744806385542,0.2689414096510109,0.8080672112416737,0.5312093733737563,0.23370634623958197,0.1329642419157059,0.3629692055196168,0.5621765008857981,0.8519528076067261,0.3486451488696663
0.3486451285660856,0.17328819952513227,0.18242551936144574,0.24508500761839527,0.7772998611746911,0.2942149659744614,0.7310585669110202,0.6224593312018546,0.6513548578981939,0.2337063675884989,0.34864512856608565,0.7549149758396752,0.32082130731838393,0.3073580232098525,0.6224593241981982,0.2689414096510108,0.6513548646660543,0.348645142101806,0.32082130731838393,0.7981867705385762,0.37754066879814546
0.9046505434556231,0.7057850340255386,0.7549149923816046,0.34864514210180597,0.6791786926816161,0.40733340004593027,0.7310585844894971,0.6513548511303338,0.46879062662624377,0.7310585727705126,0.5621765008857981,0.4378234991142019,0.5312093733737563,0.3775406687981454,0.7981867729389246,0.2942149783515162,0.6513548511303336,0.7310585844894971,0.37754066879814546,0.5926665999540698,0.46879062662624377
0.8354835371034368,0.5926665999540698,0.23370636758849891,0.37754067580180184,0.8596637487122111,0.4378234991142019,0.43782349911420193,0.8596637451167995,0.7981867705385763,0.32082129433083023,0.40733340004593027,0.8438951104066293,0.4687906266262437,0.5621765008857982,0.3345894346180165,0.4532618480153861,0.4687906266262437,0.8519527963298947,0.46879062662624377,0.2689414213699951,0.3775406687981454
0.3486451488696663,0.7310585844894971,0.7310585786300049,0.2689414213699951,0.24508501313237172,0.22270013366638425,0.6513548714339144,0.6791787056691698,0.22270013882530884,0.20181321745968236,0.24508502416032488,0.28140561345566495,0.6791787056691698,0.5312093733737562,0.6224593312018546,0.24508501864634827,0.5926665999540698,0.7549149923816048,0.46879062662624377,0.29421497216298875,0.320821300824607
0.8267117983401363,0.5,0.34864514210180597,0.8933094131553264,0.5926665999540698,0.9046505351008904,0.8872045847699186,0.8519527982093666,0.7981867825403176,0.8933094003735664,0.6224593312018546,0.37754067580180184,0.36296921930155557,0.4073334000459302,0.9399133502467732,0.4378234991142019,0.6224593312018545,0.8175744673038222,0.7981867705385763,0.5926665999540698,0.8670357512127872
0.5774953651858118,0.5,0.7431680029241321,0.2450850186463482,0.9196425251212038,0.39233683016710835,0.924141814233309,0.9362850048591,0.37754066879814546,0.7310585903489891,0.7879311881731379,0.4532618480153861,0.7310585786300049,0.5,0.9465966651155708,0.928408799069819,0.3486451285660856,0.8267117876664789,0.949669372210127,0.9525741310298373,0.5926665999540697
0.9783846670010038,0.4225046348141882,0.6654105521116443,0.7431680029241321,0.19193279106941588,0.7057850216484838,0.7662936430859597,0.4073334000459302,0.5312093733737563,0.5467381519846138,0.9399133527714579,0.9433475742938453,0.7981867705385762,0.5156199157230156,0.7185943985973772,0.6370307875894138,0.679178699175393,0.3775406617944891,0.3486451488696663,0.6926419894793246,0.6791787056691698
0.9525741216052516,0.4073334000459302,0.3208213138121609,0.7057850340255386,0.4073334000459302,0.8519527982093666,0.5312093733737563,0.8519528019683106,0.24508502416032488,0.5,0.754914975839675,0.7310585786300049,0.8740772450055545,0.5312093733737563,0.5,0.6224593312018545,0.5,0.34864514210180597,0.9046505293168444,0.731058584489497,0.46879062662624377
0.9579122695311492,0.5621765008857981,0.39233683016710835,0.5312093733737562,0.45326184801538616,0.48438008427698437,0.3923368301671084,0.9099070048165069,0.48438008427698437,0.46879062662624377,0.45326184801538616,0.7431680029241321,0.8267117940706735,0.7057850216484838,0.6791787121629466,0.8438951005915208,0.943347570909308,0.42250463481418826,0.8807970701552505,0.6076631698328916,0.42250463481418826
0.28140561345566495,0.17328820806405806,0.2120688018671865,0.14804720179063333,0.21206879688734884,0.2120688093369431,0.16451645880021026,0.6513548714339145,0.12592277631593438,0.1732882059293266,0.14804719427274568,0.1732882037945951,0.1919327818250578,0.1561048954824357,0.6513548782017745,0.17328821019878957,0.46879062662624377,0.4378234991142019,0.11920292671569666,0.11920292984474948,0.10087861935113906
0.9724147193720649,0.7772998508568416,0.5,0.37754066879814546,0.92414182206801,0.5312093733737563,0.914900952092573,0.43782349911420193,0.7772998663336158,0.9046505376715775,0.7549149868676283,0.5,0.7549149813536518,0.4073334000459302,0.5621765008857982,0.679178699175393,0.9284087975841901,0.9196425256718028,0.6224593312018545,0.7981867801399695,0.9284088045171238
0.6926419767901475,0.40733340004593027,0.45326184801538616,0.6791786861878392,0.6370307806984444,0.8354835432479661,0.9284088035267047,0.9284087936225137,0.5621765008857981,0.5,0.9324533158993963,0.3775406687981454,0.7981867705385762,0.9284088060027523,0.8670357494949105,0.679178699175393,0.6791787121629466,0.9241418173671895,0.6370308013713525,0.8438951045175643,0.6513548646660543
0.9724147164741404,0.7057850402140659,0.5926665999540698,0.8670357477770336,0.6076631698328916,0.6513548511303338,0.5926665999540698,0.7057850340255386,0.8807970670261976,0.21206879688734884,0.334589441253186,0.6224593312018545,0.6224593312018546,0.3775406687981454,0.43782349911420193,0.7549149923816048,0.7549149813536518,0.7057850278370112,0.679178699175393,0.6224593312018546,0.6513548646660543
0.8740772417253256,0.7981867777396211,0.23370636225126956,0.7057850278370112,0.7772998611746912,0.8354835350552604,0.28140560742914383,0.7549149923816048,0.43782349911420193,0.6791786926816161,0.4073334000459302,0.40733340004593027,0.2942149721629888,0.2942149783515162,0.798186768138228,0.7981867777396212,0.4073334000459302,0.2689414096510108,0.731058584489497,0.40733340004593027,0.8175744828610095
0.7310585669110203,0.3486451488696663,0.43782349911420193,0.5621765008857982,0.7549149758396752,0.6224593312018546,0.880797071719777,0.7981867801399695,0.8933093954028816,0.8519528038477824,0.7057850154599562,0.5621765008857981,0.7549149923816048,0.7310585669110202,0.5,0.7057850216484838,0.4687906266262437,0.4687906266262437,0.7310585786300049,0.5621765008857982,0.320821300824607
0.1824255304737224,0.23370635691404026,0.7057850216484838,0.5926665999540698,0.5621765008857982,0.7185944046238981,0.4687906266262437,0.4687906266262437,0.4378234991142019,0.7185943925708561,0.679178692681616,0.16451646699291617,0.2689414213699951,0.2942149845400438,0.6513548646660542,0.20181322466072713,0.6926419831347361,0.20181322226037882,0.18242552158390102,0.2568319856991699,0.1561048974454574
0.5156199157230156,0.2450850186463482,0.4687906266262437,0.2689414330889797,0.34864513533394575,0.39233683016710835,0.5,0.3486451488696663,0.46879062662624377,0.5621765008857982,0.23370635157681108,0.5621765008857981,0.37754066879814546,0.7431680086124812,0.7981867825403177,0.36296921241058616,0.2942149597859341,0.754914975839675,0.2942149783515162,0.3486451353339458,0.3073580105206753
0.7057850278370112,0.6791786926816161,0.6926419831347362,0.18242551713899044,0.22270014914315836,0.6513548511303338,0.256832002764217,0.7310585727705126,0.22270014398423357,0.18242552158390102,0.5926665999540698,0.19193279106941588,0.5926665999540697,0.622459338205511,0.1403362566809061,0.1732882144682526,0.6076631698328916,0.2018132174596823,0.23370635157681108,0.23370635157681108,0.5926665999540697
0.9433475754883878,0.7057850278370112,0.9284087951081423,0.32082129433083023,0.2689414272294874,0.6791787121629466,0.7057850402140659,0.2814056014026228,0.8933094017937621,0.8807970889295664,0.39233683016710835,0.6791786926816161,0.7772998663336157,0.4225046348141882,0.9099069968764883,0.9046505261034854,0.7310585727705127,0.6513548714339145,0.7057850340255386,0.32082130731838393,0.3486451285660856
0.8740772384450967,0.28140561345566495,0.8354835330070839,0.34864514210180597,0.8267117898012104,0.3775406758018019,0.6513548714339145,0.37754066179448903,0.40733340004593027,0.32082128783705344,0.8933094032139576,0.34864513533394575,0.46879062662624377,0.5926665999540698,0.5621765008857981,0.6224593312018546,0.4378234991142019,0.6224593312018546,0.8267117962054049,0.8670357580842941,0.4687906266262437
0.3208212878370535,0.651354857898194,0.1919327841361473,0.3208213073183839,0.21206880186718646,0.46879062662624377,0.21206880435710532,0.6224593241981982,0.5312093733737562,0.6224593312018545,0.2568319913875189,0.2814056194821861,0.2689414213699951,0.6513548646660542,0.6224593312018546,0.2568319856991699,0.6513548646660542,0.7431680086124811,0.4378234991142019,0.21206880186718646,0.7549149813536518
0.8670357580842941,0.7549149868676283,0.2120688018671865,0.23370636225126953,0.23370636758849891,0.24508502416032488,0.817574478416099,0.26894141551050293,0.8175744828610095,0.679178699175393,0.2337063569140403,0.2942149783515162,0.32082129433083023,0.4687906266262437,0.8670357598021707,0.37754066879814546,0.2814056014026228,0.20181321986003056,0.7310585727705127,0.26894141551050293,0.5926665999540698
0.1480471923932738,0.2337063569140403,0.43782349911420193,0.3775406687981454,0.40733340004593027,0.5621765008857981,0.6224593382055109,0.1329642316084462,0.14804719991116141,0.19193279106941588,0.5621765008857982,0.5312093733737563,0.5312093733737563,0.5926665999540698,0.18242551713899047,0.07585817793199003,0.5,0.10669058684467357,0.11279541075648723,0.731058584489497,0.12592275991478885
0.7057850216484838,0.3486451488696663,0.6513548646660543,0.4378234991142019,0.2689414272294874,0.2689414272294874,0.30735800417608683,0.4687906266262437,0.320821300824607,0.4687906266262437,0.46879062662624377,0.5312093733737563,0.4687906266262437,0.3775406617944891,0.34864513533394575,0.6791786926816161,0.40733340004593027,0.40733340004593027,0.5,0.3208213073183839,0.8080672066194946
0.6224593312018546,0.679178699175393,0.5312093733737563,0.5312093733737563,0.5926665999540698,0.6513548646660543,0.880797068590724,0.9149009619539553,0.6513548782017745,0.651354857898194,0.5,0.40733340004593027,0.43782349911420193,0.651354857898194,0.7057850216484838,0.7549149923816048,0.8872045825331214,0.6513548646660542,0.6224593312018546,0.8670357580842941,0.4378234991142019
0.679178699175393,0.3208212943308302,0.8175744739711883,0.8175744761936437,0.8670357598021708,0.5,0.817574478416099,0.6224593312018545,0.8354835289107307,0.4378234991142019,0.3775406687981454,0.6224593312018546,0.5621765008857981,0.7549149868676283,0.7879312031126512,0.3486451488696663,0.4378234991142019,0.7549149923816048,0.8519527963298946,0.6224593382055109,0.43782349911420193
0.21206881182686205,0.5926665999540698,0.20181322466072713,0.24508502416032488,0.3208213073183839,0.7310585727705127,0.4687906266262437,0.3073580232098525,0.2689414213699951,0.19193279569159505,0.2942149783515162,0.37754066879814546,0.2942149597859341,0.348645142101806,0.2689414096510109,0.26894141551050293,0.37754067580180184,0.20181321986003056,0.2450850131323717,0.3208212878370535,0.5
0.9579122740368525,0.7772998663336158,0.320821300824607,0.25683199707586785,0.8354835452961425,0.6224593312018546,0.8438951045175643,0.43782349911420193,0.5312093733737563,0.787931188173138,0.7772998560157665,0.3775406687981454,0.36296920551961676,0.43782349911420193,0.40733340004593027,0.8080672135527632,0.8354835391516133,0.42250463481418826,0.8354835411997897,0.8175744761936437,0.766293653760418
0.7057850216484838,0.3486451217982255,0.22270013366638422,0.3345894279828469,0.7310585786300049,0.4073334000459302,0.2689414330889797,0.5312093733737563,0.2568319913875189,0.26894142722948733,0.1561049052975445,0.40733340004593027,0.17328820592932662,0.16451645675203383,0.4378234991142019,0.7057850340255386,0.37754066879814546,0.817574471748733,0.787931190663057,0.1732882037945951,0.5
0.6224593312018546,0.8933094152856197,0.5312093733737563,0.8596637523076225,0.2689414330889797,0.5926665999540698,0.8438951005915208,0.22270012850745968,0.19193279106941588,0.8596637433190939,0.8740772351648677,0.2018132150593341,0.2689414272294874,0.5,0.9149009625340367,0.2942149721629888,0.5621765008857981,0.24508501864634827,0.1403362512877889,0.2689414272294874,0.8740772253241802
0.8519528019683106,0.23370636225126956,0.6224593241981982,0.14033625308549463,0.15610488959337065,0.23370635157681108,0.24508500761839525,0.22270013882530884,0.6513548511303338,0.23370635157681108,0.7310585786300049,0.651354857898194,0.6791787056691698,0.23370635691404026,0.1732882059293266,0.7549149923816048,0.10087862205427303,0.2568319970758679,0.6224593241981982,0.7772998611746912,0.679178686187839
0.3486451285660856,0.1732882123335211,0.6076631698328916,0.21206879688734884,0.28140560742914383,0.7310585727705126,0.24508502416032488,0.22270013366638422,0.7981867729389246,0.26894141551050293,0.24508500761839527,0.5926665999540698,0.18242551936144571,0.2814056194821861,0.256832002764217,0.20181321265898594,0.256832002764217,0.28140561345566495,0.20181322226037884,0.21206881431678096,0.7662936484231889
0.6224593382055109,0.5312093733737563,0.7310585786300049,0.5621765008857981,0.8740772302445241,0.40733340004593027,0.8991213678089741,0.5,0.679178699175393,0.7772998663336158,0.5312093733737562,0.622459338205511,0.5,0.6513548714339145,0.9099070151996073,0.7310585844894971,0.7310585786300049,0.7057850340255386,0.7310585903489892,0.5621765008857981,0.8991213718636754
0.4378234991142019,0.1919327887583263,0.22270014914315833,0.6224593241981982,0.5926665999540698,0.2942149721629888,0.18242552825126704,0.7057850216484838,0.16451646699291614,0.14804720367010532,0.5926665999540698,0.1403362440969662,0.6513548646660542,0.1732882037945951,0.2120688018671865,0.22270014398423357,0.19193277951396834,0.16451646699291617,0.2814056014026228,0.2568319856991699,0.23370634623958195
0.3486451285660856,0.5,0.15610490333452268,0.40733340004593027,0.5621765008857981,0.5621765008857982,0.17328820592932656,0.6513548646660543,0.6224593312018545,0.6791787056691697,0.14804719239327382,0.20181323186177208,0.5,0.6791786926816161,0.17328821019878957,0.2568319856991699,0.6224593382055109,0.5621765008857981,0.5621765008857981,0.2689414272294874,0.5621765008857982
0.8175744828610095,0.5926665999540698,0.7057850278370112,0.6224593382055109,0.8991213820004279,0.6224593382055109,0.2689414272294874,0.7981867801399694,0.3208212943308302,0.7549149868676283,0.5926665999540698,0.4378234991142019,0.348645142101806,0.7057850278370112,0.3775406687981454,0.4687906266262437,0.4378234991142019,0.7772998663336158,0.2814056014026228,0.46879062662624377,0.5312093733737563
0.5312093733737563,0.7310585669110203,0.2689414213699951,0.22270014398423355,0.6224593241981982,0.2689414330889797,0.651354857898194,0.22270013366638422,0.5926665999540698,0.26894142136999516,0.6224593312018546,0.17328820806405806,0.21206881182686202,0.16451646904109266,0.24508502416032485,0.6224593312018546,0.1732882037945951,0.24508500210441886,0.2227001491431584,0.2942149659744614,0.19193278413614728
0.5926665999540698,0.40733340004593027,0.6224593312018546,0.48438008427698437,0.6513548646660543,0.5621765008857981,0.8933094074745443,0.5621765008857981,0.5,0.6791787121629466,0.6513548646660542,0.679178692681616,0.5621765008857981,0.7549149978955811,0.5621765008857981,0.6513548782017745,0.7549149813536518,0.43782349911420193,0.6224593312018546,0.43782349911420193,0.5312093733737563
0.1732881995251323,0.13296424706933604,0.6513548646660543,0.1561048974454574,0.14804719803168948,0.20181322946142377,0.6513548511303336,0.15610488959337065,0.5,0.7310585786300049,0.2568319856991699,0.21206880435710532,0.15610489351941398,0.1259227631950178,0.1192029188930649,0.12592277303570512,0.46879062662624377,0.19193277951396837,0.10669060033653141,0.5621765008857981,0.24508501313237172
0.23370635691404026,0.18242552602881168,0.3486451488696663,0.14804720179063333,0.1561048974454574,0.1732882059293266,0.16451645880021026,0.5926665999540698,0.14804720179063335,0.5621765008857981,0.5621765008857981,0.14033625488320037,0.19193279338050545,0.13296425222296632,0.7549149813536518,0.6791787121629466,0.4378234991142019,0.1561048974454574,0.1403362530854946,0.18242552825126704,0.7310585903489891
0.5926665999540698,0.2018132246607271,0.5312093733737563,0.5312093733737563,0.5312093733737563,0.5,0.17328821233352107,0.19193279106941588,0.2942149659744614,0.5312093733737563,0.2814055953761019,0.7549149813536518,0.2018132270610754,0.18242551713899044,0.14804719991116141,0.40733340004593027,0.4687906266262438,0.20181322226037882,0.10087862408162354,0.4687906266262437,0.14033624949008322
0.9284087951081423,0.7662936377487305,0.3923368301671084,0.8933094003735664,0.37754066879814546,0.7310585727705127,0.33458943461801643,0.6513548646660543,0.40733340004593027,0.3923368372722396,0.3629692055196168,0.6224593312018546,0.9241418231126367,0.34864513533394575,0.5926665999540698,0.2814055953761018,0.8872045825331214,0.8991213671331906,0.3775406687981454,0.21206879439743004,0.5621765008857982
0.5926665999540698,0.3775406687981454,0.256832002764217,0.45326184801538616,0.4687906266262437,0.7310585727705127,0.8933094010836642,0.679178699175393,0.651354857898194,0.622459338205511,0.5,0.43782349911420193,0.4073334000459302,0.4687906266262437,0.5926665999540698,0.5621765008857981,0.8267117898012104,0.32082130731838393,0.36296921930155557,0.34864514886966624,0.7772998663336158
0.7772998611746912,0.32082130731838393,0.22270014398423357,0.5,0.4687906266262437,0.22270013882530884,0.5312093733737563,0.2120688093369431,0.7057850340255386,0.3073580232098525,0.46879062662624377,0.46879062662624377,0.43782349911420193,0.16451645675203383,0.5,0.25683199138751883,0.5621765008857981,0.7185943805178139,0.665410558746814,0.25683199707586785,0.7310585903489891
0.6224593382055109,0.8175744850834649,0.651354857898194,0.7310585727705126,0.4378234991142019,0.798186775339273,0.7549149868676283,0.5926665999540698,0.7549149813536518,0.3486451285660856,0.8175744761936437,0.6224593312018546,0.5621765008857981,0.6224593312018546,0.6076631698328917,0.7185943925708561,0.5312093733737563,0.5926665999540698,0.87407724336544,0.7772998508568416,0.7057850340255386
0.7057850154599563,0.40733340004593027,0.17328821019878954,0.3775406687981454,0.10669058897496682,0.43782349911420193,0.34864513533394575,0.22270013366638422,0.2120688093369431,0.14804719615221756,0.16451645880021026,0.3486451285660856,0.07585817740967665,0.3923368301671084,0.4378234991142019,0.08035747047400407,0.09534945461636171,0.4378234991142019,0.32082131381216084,0.3629692055196168,0.43782349911420193
0.46879062662624377,0.2942149783515162,0.6791786926816161,0.7310585727705126,0.22270013882530884,0.348645142101806,0.3775406687981454,0.22270013882530887,0.7772998663336158,0.7057850216484838,0.7057850154599563,0.6224593312018546,0.2689414213699951,0.8080672158638528,0.7057850154599562,0.24508500761839525,0.24508500761839525,0.28140560742914383,0.1919327841361473,0.3073580168652638,0.8740772384450967
0.26894141551050293,0.19193279338050545,0.16451645470385742,0.679178692681616,0.10669059891633578,0.23370635157681108,0.14804719615221756,0.1561048974454574,0.46879062662624377,0.6513548782017745,0.10087862813632466,0.20181321745968234,0.6370308082623217,0.3486451217982255,0.4687906266262437,0.5312093733737563,0.6076631698328917,0.09534946554178127,0.09534947068315557,0.1329642436335826,0.09534946554178125
0.20181322946142374,0.20181322466072713,0.12592277139559052,0.34864514210180597,0.18242551491653522,0.15610489940847916,0.09534945975773548,0.14033625488320037,0.5621765008857981,0.1329642419157059,0.10087862475740704,0.17328820379459514,0.5,0.1403362512877889,0.23370635691404026,0.11920291263495983,0.09534946104307897,0.08509905312815914,0.08509904790742691,0.09534947518185827,0.08509903862612589
0.2568319913875189,0.5312093733737563,0.43782349911420193,0.2120688093369431,0.1066905854244781,0.5312093733737563,0.11920292828022307,0.15610489351941398,0.20181321745968234,0.5312093733737563,0.1645164710892692,0.6076631698328917,0.2337063569140403,0.6926419831347361,0.15610489940847913,0.22270013366638425,0.12592277139559052,0.1329642316084462,0.5,0.1919327841361473,0.43782349911420193
0.7549149923816048,0.3486451353339458,0.29421498454004374,0.3208213008246071,0.4073334000459302,0.6791787121629465,0.42250463481418826,0.2942149659744614,0.6791786861878392,0.40733340004593027,0.7981867729389246,0.5,0.3775406687981454,0.651354857898194,0.3629691986286475,0.7057850216484838,0.8807970842359877,0.6224593312018546,0.43782349911420193,0.7310585786300049,0.8519528000888387
0.6513548714339145,0.6370308082623217,0.6224593312018546,0.9099070127565249,0.8519528000888386,0.8354835452961425,0.46879062662624377,0.37754066879814546,0.7057850216484838,0.8519528000888387,0.5621765008857981,0.679178699175393,0.5926665999540698,0.7772998663336157,0.9525741303566527,0.7057850216484838,0.651354857898194,0.8519527963298947,0.7981867777396212,0.7549149868676283,0.4378234991142019
0.943347570909308,0.6791787121629465,0.7310585727705126,0.6224593312018546,0.8740772466456689,0.5621765008857981,0.8670357494949105,0.4687906266262437,0.731058584489497,0.7772998560157665,0.7772998611746912,0.43782349911420193,0.5,0.40733340004593027,0.6224593312018546,0.92414182206801,0.6224593312018545,0.8807970764133561,0.8596637451167997,0.9241418283357703,0.7310585727705127
0.7981867753392728,0.679178699175393,0.6224593312018546,0.1561048974454574,0.5621765008857981,0.26894141551050293,0.22270014914315833,0.23370635691404026,0.15610490333452268,0.18242553047372242,0.867035763237924,0.19193278875832634,0.19193279338050542,0.10087861259330445,0.28140560742914383,0.33458944788835565,0.5312093733737563,0.19193277951396837,0.30735802320985245,0.22270014398423357,0.17328821019878954
0.6224593312018546,0.5,0.4073334000459302,0.8267117876664789,0.23370635157681108,0.7879312006227324,0.8438950947024555,0.8267117962054049,0.3923368230619772,0.7310585903489891,0.9324533116759811,0.6370308013713525,0.9196425256718028,0.6076631698328917,0.30735801686526387,0.7772998663336158,0.8080672158638527,0.21206880435710534,0.7549149923816048,0.9579122686300084,0.9525741226150287
0.6224593241981982,0.7185944046238982,0.7981867753392728,0.6926419767901475,0.5621765008857982,0.8080672227971211,0.5312093733737563,0.1919327841361473,0.4378234991142019,0.3208213138121609,0.33458942798284697,0.43782349911420193,0.7981867705385762,0.3923368301671084,0.40733340004593027,0.320821300824607,0.19193279106941585,0.21206881431678098,0.7549149868676283,0.4225046348141882,0.2942149721629888
0.8354835309589074,0.6513548782017745,0.4378234991142019,0.37754066179448903,0.37754066879814546,0.8519528094861981,0.8519528057272543,0.5312093733737563,0.320821300824607,0.5312093733737562,0.8519528000888386,0.5,0.5312093733737563,0.8267117855317474,0.5312093733737563,0.4378234991142019,0.5926665999540698,0.8519528038477825,0.5621765008857981,0.7057850154599563,0.8354835432479661
0.5312093733737562,0.32082129433083023,0.18242552158390102,0.6224593312018546,0.6224593312018546,0.1561048915563923,0.20181322226037884,0.6791786991753931,0.2120688093369431,0.705785040214066,0.46879062662624377,0.5774953651858117,0.5312093733737563,0.25683200276421697,0.7057850278370112,0.5621765008857981,0.37754066879814546,0.2227001439842336,0.20181321745968234,0.7057850154599562,0.5
0.8933094167058151,0.3775406687981454,0.8354835289107307,0.651354857898194,0.8670357563664174,0.29421497216298875,0.5,0.29421497216298875,0.8175744784160989,0.7981867729389246,0.787931185683219,0.46879062662624377,0.19193277951396837,0.5926665999540698,0.6791786926816161,0.6791786926816161,0.3208213008246071,0.7057850278370112,0.8670357683915538,0.4378234991142019,0.743168019989179
0.5312093733737563,0.7310585786300049,0.6513548782017745,0.7549149978955811,0.7310585727705127,0.5,0.679178699175393,0.7981867705385763,0.5621765008857982,0.6791786861878392,0.6791787121629466,0.5,0.34864514210180597,0.7310585786300049,0.4687906266262437,0.7549149813536518,0.7057850278370112,0.7057850340255386,0.32082130731838393,0.3775406687981454,0.2689414330889797
0.10669060175672707,0.2689414272294874,0.1066906045971184,0.46879062662624377,0.1127954092652892,0.2942149783515162,0.10669058897496682,0.16451645675203383,0.37754066879814546,0.11279541373888335,0.08509904094645106,0.17328819739040088,0.5312093733737563,0.26894141551050293,0.622459338205511,0.1561048954824357,0.09009298480039278,0.6224593312018546,0.08035746937280608,0.2942149783515163,0.40733340004593027
0.5621765008857981,0.32082128783705344,0.28140560742914383,0.6791786926816161,0.32082129433083023,0.7310585786300049,0.679178692681616,0.26894141551050293,0.5,0.26894142136999516,0.5621765008857981,0.43782349911420193,0.26894141551050293,0.40733340004593027,0.32082130731838393,0.32082129433083023,0.43782349911420193,0.34864514210180597,0.37754066879814546,0.5312093733737563,0.705785040214066
0.46879062662624377,0.4073334000459302,0.3629691986286475,0.7431680143008301,0.9362849986365572,0.7662936430859597,0.7431680143008301,0.7185943925708561,0.8438951045175643,0.8933094067644466,0.4073334000459302,0.5,0.34864513533394575,0.34864513533394575,0.8740772302445241,0.3775406687981454,0.7310585786300049,0.2942149597859341,0.46879062662624377,0.8740772466456689,0.3486451488696663
0.7879311906630568,0.7057850278370112,0.6513548714339145,0.21206880684702423,0.26894141551050293,0.2689414213699951,0.5926665999540698,0.4073334000459302,0.7057850216484838,0.37754066879814546,0.40733340004593027,0.25683200276421697,0.23370636758849891,0.46879062662624377,0.5621765008857981,0.5312093733737563,0.3486451217982255,0.2689414330889797,0.2689414096510109,0.3073580295544412,0.24508500761839527
0.705785040214066,0.22270014398423357,0.6370308082623217,0.7057850154599562,0.37754066879814546,0.2814056194821861,0.4073334000459302,0.2689414330889797,0.24508501313237172,0.34864513533394575,0.37754066879814546,0.34864514210180597,0.5926665999540697,0.3208212943308303,0.5926665999540698,0.3629692055196168,0.32082129433083023,0.43782349911420193,0.7981867705385763,0.8670357598021707,0.817574478416099
0.2942149783515162,0.11920292045759123,0.5,0.1259227763159344,0.22270013366638422,0.4378234991142019,0.10669059181535787,0.14804720179063335,0.1259227631950178,0.5,0.10669059607594457,0.11920292045759123,0.5312093733737562,0.1192029235866439,0.4687906266262437,0.11279541299328431,0.5,0.0953494738965146,0.10087862813632467,0.46879062662624377,0.40733340004593027
0.651354857898194,0.7057850154599563,0.7431680199891789,0.7310585669110203,0.7310585786300049,0.7981867705385762,0.18242552602881168,0.5312093733737562,0.34864514886966624,0.23370636758849891,0.20181321986003056,0.7310585844894971,0.26894141551050293,0.2689414272294874,0.2689414330889797,0.5312093733737563,0.5312093733737563,0.17328820806405806,0.5926665999540698,0.6513548511303338,0.2942149659744614
0.8807970842359877,0.7772998611746912,0.22270014398423357,0.39233683016710835,0.3486451285660856,0.8670357718273068,0.7981867801399695,0.32082130731838393,0.8872045937171067,0.40733340004593027,0.5,0.7981867753392728,0.8519527944504227,0.3208212943308302,0.7057850154599563,0.5,0.3486451285660856,0.7772998560157665,0.24508500210441886,0.7772998508568416,0.8354835350552603
0.7772998508568416,0.6224593312018546,0.4687906266262437,0.9433475693165846,0.8519528019683105,0.867035763237924,0.8267117855317474,0.5,0.5312093733737562,0.8354835432479661,0.5926665999540698,0.5312093733737563,0.6224593312018546,0.8519528000888386,0.679178692681616,0.8354835391516133,0.9362850110816423,0.9362849995254919,0.8354835309589073,0.9688561680039369,0.731058584489497
0.6513548646660543,0.5926665999540698,0.5621765008857982,0.8354835309589074,0.6791786926816161,0.8670357494949104,0.5926665999540698,0.880797068590724,0.8596637523076225,0.4532618480153861,0.8175744717487329,0.9626731117188292,0.9626731154669947,0.679178699175393,0.5,0.7772998663336158,0.9740426410597132,0.7662936484231889,0.8354835371034368,0.731058584489497,0.9399133540338004
0.32082130731838393,0.7981867777396212,0.2450850131323717,0.5926665999540697,0.22270014914315836,0.320821300824607,0.15610489940847916,0.22270012850745968,0.16451645675203383,0.24508500761839525,0.18242552158390105,0.18242551713899047,0.20181321505933414,0.679178699175393,0.5312093733737563,0.8438951025545426,0.19193277951396834,0.1403362512877889,0.14804719615221756,0.8267118026095991,0.8596637523076225
0.5,0.651354857898194,0.13296423676207597,0.15610489351941398,0.3775406617944891,0.23370635157681108,0.4687906266262437,0.320821300824607,0.7057850278370112,0.7057850216484838,0.5312093733737563,0.1645164608483867,0.679178699175393,0.2942149659744614,0.1919327841361473,0.2942149597859341,0.24508502416032488,0.6926419958239132,0.18242551936144574,0.14804720179063335,0.1824255304737224
0.8175744828610095,0.7549149758396752,0.5312093733737563,0.7057850278370112,0.5926665999540698,0.8991213711878917,0.8872045870067157,0.6513548511303338,0.7549149868676284,0.46879062662624377,0.4687906266262437,0.5621765008857981,0.5,0.5621765008857981,0.5926665999540698,0.4378234991142019,0.3775406687981454,0.5621765008857981,0.34864514210180597,0.6791786926816161,0.8991213833519948
0.8740772236840656,0.40733340004593027,0.5926665999540698,0.3775406687981454,0.28140561345566495,0.8354835411997897,0.2942149783515162,0.5926665999540698,0.2689414213699951,0.320821300824607,0.2689414213699951,0.7981867729389246,0.4073334000459302,0.5,0.40733340004593027,0.5,0.4378234991142019,0.4378234991142019,0.7549149758396752,0.34864514210180597,0.4687906266262437
0.5621765008857982,0.7549149813536518,0.4687906266262437,0.334589441253186,0.2450850021044189,0.40733340004593027,0.5,0.33458943461801643,0.8080672204860316,0.6224593312018546,0.7981867777396212,0.8354835330070838,0.39233683016710835,0.46879062662624377,0.5,0.3775406687981454,0.5312093733737563,0.5621765008857981,0.8175744695262775,0.8080672204860316,0.8519527944504227
0.92414182206801,0.9149009607937928,0.7772998508568416,0.6791786861878392,0.7310585727705126,0.9196425256718028,0.9241418189341296,0.651354857898194,0.5926665999540698,0.679178692681616,0.9099069980980297,0.7981867705385762,0.8175744739711883,0.9284088060027523,0.6224593312018546,0.817574471748733,0.9284087941177233,0.705785040214066,0.7185943865443349,0.7310585727705126,0.40733340004593027
0.6370307875894139,0.7431680029241321,0.4073334000459302,0.3208213073183839,0.6513548714339144,0.7662936430859597,0.40733340004593027,0.5312093733737563,0.3208213008246071,0.5926665999540698,0.5,0.9149009596336302,0.9149009526726545,0.5621765008857982,0.6791787056691698,0.7310585844894971,0.9399133460389649,0.6224593241981982,0.4532618480153861,0.6654105521116443,0.5926665999540698
0.6791786861878392,0.2942149783515162,0.8872045877523147,0.6513548646660543,0.30735801686526387,0.39233683016710835,0.7310585669110203,0.8267117940706734,0.9046505402422644,0.7772998663336158,0.4378234991142019,0.5156199157230156,0.8933094159957174,0.7772998611746911,0.6513548714339145,0.7057850278370112,0.9046505447409665,0.4687906266262437,0.7057850216484838,0.4378234991142019,0.5
0.7549149813536518,0.20181321745968234,0.07159120489185762,0.6224593241981982,0.5926665999540698,0.46879062662624377,0.13296423504419935,0.16451645880021026,0.13296424706933604,0.7772998663336158,0.665410558746814,0.1403362512877889,0.5,0.19193279338050545,0.18242552380635632,0.16451646289656316,0.1561048915563923,0.6224593312018546,0.5926665999540698,0.7549149813536518,0.7549149813536518
0.8933094017937621,0.29421498454004374,0.22270013882530884,0.5,0.32082128783705344,0.5312093733737563,0.8354835452961425,0.8354835432479661,0.32082130731838393,0.3775406758018019,0.6791786926816161,0.32082130082460697,0.40733340004593027,0.8354835411997897,0.5,0.5,0.40733340004593027,0.5926665999540698,0.2689414272294874,0.4378234991142019,0.46879062662624377
0.8267117898012104,0.6224593312018546,0.14033624229926062,0.5312093733737563,0.5926665999540697,0.6513548646660542,0.14804719803168948,0.21206880435710532,0.19193278875832634,0.1645164628965632,0.16451646289656316,0.25683198569916993,0.22270012850745968,0.22270013366638422,0.6513548646660542,0.2568319856991699,0.1919327864472368,0.20181322706107543,0.6224593312018545,0.5926665999540698,0.4687906266262437
0.8175744828610095,0.743168019989179,0.16451645675203383,0.28140560742914383,0.20181322226037884,0.22270014398423355,0.5621765008857981,0.5926665999540698,0.5312093733737562,0.23370634623958197,0.7772998663336158,0.5926665999540698,0.7879312006227324,0.26894141551050293,0.8175744761936438,0.7431680143008301,0.7772998611746912,0.5,0.5926665999540698,0.22270014398423355,0.22270014398423357
0.7310585903489892,0.30735802320985245,0.17328819952513227,0.2568319913875189,0.3775406687981454,0.8175744850834648,0.7057850278370112,0.32082130731838393,0.7057850216484838,0.5,0.5926665999540698,0.8670357512127872,0.5312093733737563,0.5926665999540698,0.46879062662624377,0.8740772286044095,0.5,0.46879062662624377,0.5926665999540698,0.6224593312018546,0.5312093733737563
0.8991213691605412,0.4378234991142019,0.5926665999540698,0.5,0.5,0.43782349911420193,0.9099069987088003,0.46879062662624377,0.3775406687981454,0.33458944788835565,0.43782349911420193,0.34864514210180597,0.6224593241981982,0.6224593312018546,0.37754066179448903,0.37754066879814546,0.3486451488696663,0.32082130731838393,0.4073334000459302,0.679178692681616,0.3073580168652638
0.904650541527608,0.7981867705385763,0.21206881182686205,0.4073334000459302,0.5,0.29421496597446145,0.2942149783515162,0.5,0.25683199138751883,0.8354835411997897,0.34864514210180597,0.2942149783515162,0.6224593312018546,0.3775406687981454,0.7981867825403176,0.3345894478883556,0.2814056074291439,0.2120688093369431,0.3486451217982255,0.5926665999540698,0.34864513533394575
0.5,0.8175744695262777,0.3208212943308302,0.9099070121457543,0.3629691917376783,0.48438008427698437,0.4378234991142019,0.766293653760418,0.7981867729389246,0.7549149813536518,0.7772998611746912,0.651354857898194,0.43782349911420193,0.7549149813536518,0.43782349911420193,0.8438951025545426,0.7057850278370112,0.5,0.7549149758396752,0.5,0.7057850340255386
0.8872045855155176,0.3073580232098525,0.24508502416032488,0.3073580232098525,0.7310585786300049,0.1732882059293266,0.6791786861878392,0.8807970811069351,0.8991213833519948,0.6513548646660542,0.9362850070814366,0.29421497835151617,0.2018132150593341,0.3345894279828469,0.26894141551050293,0.6791787056691698,0.5621765008857981,0.6513548646660542,0.30735801686526387,0.40733340004593027,0.37754066879814546
0.48438008427698437,0.320821300824607,0.7879312031126511,0.5,0.817574471748733,0.5,0.5312093733737563,0.40733340004593027,0.679178686187839,0.8519528019683106,0.867035752930664,0.5621765008857981,0.5774953651858118,0.8807970826714614,0.6224593312018546,0.6791787056691698,0.5,0.8872046026642944,0.5,0.3486451488696663,0.33458943461801643
0.3486451285660856,0.3486451217982255,0.6224593312018546,0.34864514210180597,0.29421498454004374,0.8519528076067262,0.743168019989179,0.3629691986286475,0.2942149659744614,0.8596637487122111,0.8596637559030338,0.3629692055196168,0.679178699175393,0.23370636225126956,0.7057850154599562,0.2814056194821862,0.798186787341014,0.2568319856991699,0.37754066879814546,0.2942149659744614,0.8740772368049823
0.20181321986003056,0.18242552825126704,0.6791787056691697,0.6224593241981982,0.14804719051380197,0.2018132246607271,0.7772998663336158,0.34864514210180597,0.5621765008857981,0.6791786861878392,0.7772998560157665,0.2689414272294874,0.651354857898194,0.2942149659744614,0.7310585844894971,0.22270014398423355,0.5926665999540698,0.2942149783515162,0.7549149923816048,0.1561049013715009,0.817574471748733
0.968856169128002,0.3775406687981454,0.8670357666736773,0.8933094010836642,0.5926665999540698,0.8807970811069351,0.5312093733737563,0.8670357529306639,0.5,0.4378234991142019,0.4378234991142019,0.6224593312018546,0.5,0.7057850278370112,0.9046505351008904,0.5,0.7057850340255386,0.8175744695262777,0.8991213853793453,0.705785040214066,0.9046505254608136
0.5,0.817574471748733,0.5312093733737563,0.8354835432479661,0.5926665999540697,0.7549149923816048,0.4378234991142019,0.6224593312018546,0.37754066879814546,0.8670357529306639,0.4378234991142019,0.29421498454004374,0.2689414096510108,0.5926665999540698,0.37754066879814546,0.6513548646660543,0.8670357701094303,0.4687906266262437,0.40733340004593027,0.4073334000459302,0.651354857898194
0.909907001151883,0.7549149868676284,0.7057850340255386,0.5926665999540698,0.43782349911420193,0.7057850278370112,0.5,0.7772998663336157,0.5621765008857982,0.9149009538328171,0.5312093733737563,0.7981867873410141,0.4532618480153861,0.6513548646660543,0.40733340004593027,0.9284088064979618,0.919642532278991,0.9284087995650284,0.5621765008857982,0.7057850402140659,0.6224593312018546
0.8596637433190939,0.5621765008857981,0.7057850340255386,0.3629692055196168,0.30735801686526387,0.6224593312018546,0.26894141551050293,0.7057850216484838,0.348645142101806,0.46879062662624377,0.7057850154599562,0.5621765008857981,0.40733340004593027,0.46879062662624377,0.5,0.4073334000459302,0.817574471748733,0.4073334000459302,0.43782349911420193,0.7310585727705126,0.5926665999540698
0.8991213853793452,0.4073334000459302,0.7549149813536518,0.40733340004593027,0.8807970748488297,0.5,0.5,0.5,0.5,0.7772998663336157,0.6370308082623217,0.9046505318875315,0.8991213813246445,0.3629692055196168,0.7772998611746911,0.5,0.5926665999540698,0.7057850402140659,0.9284087941177231,0.5621765008857981,0.4378234991142019
0.12592275991478885,0.4378234991142019,0.40733340004593027,0.08509904384685758,0.10087863286680951,0.43782349911420193,0.3775406687981454,0.0637150004745081,0.5621765008857981,0.1480471999111614,0.12592275499444552,0.10087862070270605,0.6224593312018546,0.09534946104307895,0.1259227615549033,0.43782349911420193,0.0803574715752021,0.0758581847220642,0.3775406687981454,0.06371500003004073,0.10669058613457583
0.8354835350552604,0.32082128783705344,0.14804719803168945,0.5,0.5312093733737562,0.1403362512877889,0.6791786861878392,0.21206880186718646,0.16451646494473965,0.18242551713899044,0.24508501864634824,0.2568319856991699,0.14804720367010532,0.1645164608483867,0.5312093733737563,0.18242551713899047,0.7772998560157665,0.2942149783515162,0.14033625308549463,0.7549149923816048,0.2227001285074597
0.3486451285660856,0.867035763237924,0.29421496597446134,0.7549149978955811,0.37754066879814546,0.9046505344582187,0.6513548646660542,0.2689414213699951,0.3208213073183839,0.8933094067644466,0.2942149783515162,0.32082130731838393,0.20181321745968234,0.5621765008857981,0.8872046011730965,0.705785040214066,0.34864514210180597,0.5926665999540698,0.6224593312018546,0.5926665999540697,0.32082129433083023
0.6224593312018546,0.6076631698328917,0.5926665999540697,0.1561049013715009,0.2568319970758679,0.7662936377487305,0.4225046348141882,0.5,0.5926665999540698,0.787931188173138,0.5926665999540697,0.2689414213699951,0.3775406758018019,0.29421498454004374,0.5,0.5,0.29421495978593404,0.3208212943308302,0.5926665999540698,0.4073334000459302,0.8438950986284991
0.0900930031235117,0.5,0.4073334000459302,0.07585818472206421,0.0900929890757869,0.08509904848750825,0.11279539509890882,0.13296423160844617,0.14033624589467186,0.5312093733737562,0.4073334000459302,0.46879062662624377,0.11920291263495983,0.1066905939456512,0.5,0.1732882059293266,0.5926665999540698,0.10087862137848953,0.14804719427274568,0.6513548646660542,0.4073334000459302
0.5312093733737563,0.8175744828610095,0.3775406687981454,0.4378234991142019,0.679178692681616,0.8872045966995028,0.6513548646660542,0.5621765008857981,0.4687906266262437,0.6513548511303336,0.9046505402422645,0.32082129433083023,0.8991213698363247,0.6513548578981939,0.5,0.5312093733737563,0.5312093733737563,0.4687906266262437,0.43782349911420193,0.8872045937171068,0.5
0.40733340004593027,0.3923368372722396,0.22270013366638422,0.8933093996634686,0.24508501313237172,0.7057850278370112,0.23370635157681105,0.6513548646660543,0.5,0.28140560140262283,0.21206880186718646,0.8670357701094303,0.34864514210180597,0.39233683016710835,0.9149009625340366,0.3775406687981454,0.40733340004593027,0.6224593312018546,0.7057850278370112,0.7185944046238981,0.5621765008857981
0.7879311931529758,0.12592275335433115,0.13296425394084313,0.14804719615221756,0.4687906266262437,0.1732882059293266,0.23370635691404026,0.6513548714339144,0.6654105653819836,0.32082128783705344,0.10087863016367528,0.5621765008857981,0.5,0.1919327887583263,0.5,0.5926665999540697,0.2018132174596823,0.268941415510503,0.12592277303570512,0.2942149659744614,0.6370307806984444
0.5926665999540697,0.16451646699291614,0.5926665999540698,0.11920291263495982,0.20181322226037882,0.22270012850745968,0.6513548511303338,0.3775406758018019,0.4073334000459302,0.6926419767901475,0.5926665999540698,0.16451645880021026,0.5621765008857981,0.6513548511303336,0.14033625308549463,0.3775406617944891,0.4687906266262437,0.17328821019878954,0.15610488959337065,0.20181322946142374,0.16451646904109266
0.23370635157681108,0.18242552825126704,0.23370636225126956,0.320821300824607,0.4073334000459302,0.24508501864634824,0.7057850216484838,0.4073334000459302,0.20181321745968234,0.2689414272294874,0.2689414272294874,0.5312093733737562,0.2018132198600306,0.24508501864634824,0.32082129433083023,0.5,0.24508500761839527,0.2018132150593341,0.5312093733737563,0.5621765008857982,0.26894142136999516
0.34864513533394575,0.7549149813536518,0.40733340004593027,0.7310585786300049,0.46879062662624377,0.5621765008857981,0.5,0.3775406687981454,0.5926665999540698,0.8354835309589073,0.348645142101806,0.5,0.5312093733737563,0.7981867849406659,0.8267117876664789,0.7057850216484837,0.7981867753392728,0.5,0.4378234991142019,0.5621765008857981,0.34864512179822554
0.6513548714339144,0.5312093733737562,0.5,0.6224593241981982,0.5,0.6224593312018546,0.5312093733737563,0.7549149923816048,0.5926665999540698,0.5,0.6513548714339145,0.8872045929715078,0.7057850278370112,0.6224593312018546,0.8933093961129794,0.5312093733737562,0.7549149923816048,0.6224593241981982,0.8438951045175643,0.9046505408849362,0.7981867777396212
0.2942149721629888,0.42250463481418826,0.17328821019878954,0.39233683016710835,0.320821300824607,0.7057850154599562,0.46879062662624377,0.21206880684702423,0.5926665999540697,0.6224593241981982,0.9196425229188075,0.3923368230619772,0.40733340004593027,0.6224593312018546,0.924141819456443,0.24508500761839525,0.6224593312018546,0.2018132126589859,0.6926419767901475,0.28140560140262283,0.9324533126145179
0.4378234991142019,0.5774953651858118,0.22270013882530887,0.4378234991142019,0.6513548714339144,0.7310585786300049,0.5,0.3629691917376783,0.7310585786300049,0.2814056194821861,0.43782349911420193,0.3923368301671084,0.46879062662624377,0.3629691986286475,0.34864514210180597,0.7057850216484838,0.5,0.766293653760418,0.5926665999540698,0.32082130731838393,0.8438950986284991
0.8933094074745443,0.5926665999540697,0.766293653760418,0.6224593382055109,0.5467381519846138,0.8438951064805861,0.766293653760418,0.7310585727705126,0.9399133540338004,0.4532618480153861,0.5,0.8354835391516133,0.7310585903489891,0.5621765008857981,0.5621765008857981,0.9465966703884945,0.5774953651858118,0.4378234991142019,0.7310585903489891,0.679178699175393,0.5774953651858118
0.4843800842769844,0.7772998663336158,0.6224593312018546,0.5312093733737562,0.7549149923816048,0.37754066879814546,0.9046505267461572,0.5926665999540698,0.7057850278370112,0.9241418225903234,0.7981867849406659,0.9196425333801889,0.4687906266262437,0.43782349911420193,0.731058584489497,0.9433475729002123,0.8175744806385542,0.5621765008857982,0.7549149813536518,0.9324533158993962,0.9046505383142492
0.8519528038477824,0.5312093733737563,0.7981867729389246,0.29421497835151617,0.2689414096510108,0.5621765008857982,0.17328820806405806,0.2018132270610754,0.2568319856991699,0.2942149659744614,0.23370635157681108,0.1480472055495773,0.15610489744545739,0.14804719615221756,0.11920291576401233,0.7772998560157665,0.5312093733737563,0.20181322226037882,0.1732882059293266,0.7310585727705127,0.8354835289107307
0.6513548782017745,0.4073334000459302,0.9196425344813869,0.6370307944803831,0.5774953651858118,0.9496693675805825,0.7549149813536518,0.8519527963298947,0.5,0.9399133557169235,0.817574471748733,0.8175744739711883,0.8354835411997897,0.8438951045175643,0.928408800060238,0.6513548646660542,0.7057850216484838,0.45326184801538616,0.705785040214066,0.8354835330070838,0.9324533046369554
0.6513548646660542,0.9465966660571643,0.3486451285660856,0.9241418257242034,0.8354835330070839,0.4073334000459302,0.8596637523076225,0.6224593312018546,0.46879062662624377,0.6224593312018546,0.9579122696813394,0.8519527944504227,0.6224593312018546,0.5621765008857981,0.8354835371034368,0.5621765008857981,0.5926665999540698,0.5312093733737563,0.6791786926816161,0.8933093961129794,0.7057850216484838
0.2018132126589859,0.679178692681616,0.6224593312018545,0.20181322466072713,0.24508500761839527,0.5,0.28140560742914383,0.5312093733737563,0.7772998663336158,0.5926665999540698,0.2120687968873488,0.16451645675203383,0.5621765008857981,0.17328821019878954,0.20181322466072713,0.2018132270610754,0.11920293297380237,0.17328821019878957,0.14804719803168945,0.7310585903489891,0.20181322466072713
0.40733340004593027,0.22270013366638422,0.7310585727705126,0.3486451285660856,0.20181322226037882,0.20181322946142374,0.7549149813536518,0.8175744761936437,0.37754066179448903,0.5926665999540698,0.4687906266262438,0.731058584489497,0.7057850340255386,0.6791787056691698,0.5312093733737563,0.3775406687981454,0.46879062662624377,0.29421498454004374,0.46879062662624377,0.5,0.7772998714925403
0.9196425372343816,0.7549149813536518,0.2120688093369431,0.7981867849406659,0.5621765008857981,0.4378234991142019,0.5926665999540698,0.651354857898194,0.28140560742914383,0.5,0.8267117962054049,0.817574471748733,0.6224593312018546,0.8872045862611166,0.5621765008857981,0.348645142101806,0.23370636225126956,0.3486451285660856,0.6791787056691698,0.7549149978955811,0.8740772253241802
0.8175744739711883,0.7772998611746911,0.5926665999540698,0.8933093946927837,0.32082130731838393,0.3486451285660856,0.4073334000459302,0.4225046348141882,0.5926665999540698,0.8740772417253256,0.45326184801538616,0.7310585844894971,0.8740772466456688,0.4073334000459302,0.9149009607937928,0.3629692055196168,0.7662936377487304,0.42250463481418826,0.798186768138228,0.5312093733737563,0.4687906266262437
0.9149009538328171,0.40733340004593027,0.7057850216484837,0.2450850186463482,0.6513548714339144,0.8670357477770337,0.3208213138121609,0.90990700787036,0.8354835391516132,0.7057850216484838,0.7772998508568417,0.5312093733737563,0.7549149813536518,0.8670357598021707,0.8933094046341532,0.40733340004593027,0.3775406687981454,0.7772998611746912,0.9196425361331837,0.7981867705385762,0.5312093733737562
0.8670357632379241,0.7431680029241321,0.43782349911420193,0.3486451488696663,0.43782349911420193,0.8991213840277783,0.9241418163225626,0.48438008427698437,0.5,0.808067204308405,0.8807970795424087,0.5,0.46879062662624377,0.4687906266262437,0.6513548511303338,0.6926419831347361,0.6513548714339145,0.5926665999540698,0.5,0.8670357701094303,0.2689414213699951
0.7772998663336158,0.5621765008857981,0.46879062662624377,0.5312093733737563,0.5,0.2018132150593341,0.4687906266262437,0.2018132150593341,0.17328820592932656,0.46879062662624377,0.14804719991116141,0.17328820379459514,0.15610489744545739,0.34864512856608554,0.5926665999540698,0.5467381519846138,0.48438008427698437,0.12592276483513232,0.4073334000459302,0.4378234991142019,0.4687906266262437
0.8740772253241802,0.5926665999540698,0.21206879937726764,0.14033624769237754,0.6513548782017745,0.5,0.8670357512127872,0.2568319913875189,0.2689414213699951,0.5621765008857982,0.7879311981328135,0.7772998560157665,0.3486451285660856,0.6513548578981939,0.6224593382055109,0.1824255304737224,0.1645164710892692,0.1403362440969662,0.28140561345566495,0.6224593312018545,0.2018132246607271
0.1008786328668095,0.5,0.09534945975773547,0.20181321986003056,0.3775406687981454,0.6791787056691698,0.1561048954824357,0.2689414096510108,0.14804720367010532,0.6513548714339145,0.11920291107043361,0.4378234991142019,0.6224593312018546,0.5,0.23370634623958197,0.2120688068470242,0.5621765008857981,0.46879062662624377,0.6513548646660542,0.43782349911420193,0.7057850216484838
0.7057850340255386,0.6224593241981982,0.5,0.5621765008857981,0.6224593312018546,0.16451646084838673,0.7549149813536518,0.7310585903489891,0.1480472036701053,0.24508500210441891,0.6224593382055109,0.5926665999540697,0.7057850216484838,0.1561048954824357,0.14804720179063335,0.23370634623958195,0.17328821019878957,0.14033624949008322,0.10087862475740705,0.5312093733737563,0.7310585727705126
0.6224593312018545,0.320821300824607,0.7057850340255386,0.7310585727705127,0.3486451285660856,0.5312093733737563,0.6513548511303336,0.6791787056691697,0.26894141551050293,0.7057850340255386,0.7310585786300049,0.2942149659744614,0.8080672066194946,0.3486451353339458,0.7310585727705127,0.3486451285660856,0.37754066879814546,0.32082129433083023,0.37754066879814546,0.36296920551961687,0.817574471748733
0.3208212943308302,0.16451645675203383,0.4687906266262437,0.46879062662624377,0.5,0.7431680029241321,0.14804719615221756,0.5926665999540698,0.22270012850745968,0.6224593312018546,0.24508502416032488,0.5926665999540698,0.37754066879814546,0.4378234991142019,0.651354857898194,0.15610489940847916,0.679178699175393,0.5621765008857982,0.5926665999540698,0.1645164608483867,0.13296423504419938
0.7879311981328135,0.4687906266262437,0.23370635157681105,0.5,0.13296424019782926,0.13296424706933604,0.09534946554178125,0.5926665999540698,0.17328820806405806,0.14804720179063333,0.12592275991478882,0.17328821233352107,0.16451645880021026,0.22270013882530884,0.651354857898194,0.6224593312018546,0.46879062662624377,0.11279541373888334,0.23370635157681108,0.5926665999540698,0.651354857898194
0.919642532278991,0.8872046041554922,0.8670357494949105,0.8807970670261976,0.787931188173138,0.4378234991142019,0.24508501313237172,0.7310585727705126,0.28140560140262283,0.320821300824607,0.8519527944504227,0.256831980010821,0.4843800842769843,0.2942149659744614,0.5,0.5926665999540697,0.20181322466072713,0.7981867777396212,0.9241418173671895,0.5,0.3208213073183839
0.9324533018213449,0.679178699175393,0.22270014398423357,0.5926665999540698,0.8519527982093666,0.5312093733737563,0.7981867777396212,0.731058584489497,0.7057850278370112,0.8354835371034368,0.8670357666736772,0.5621765008857981,0.2942149597859341,0.5926665999540698,0.3629692055196168,0.2814056194821861,0.23370636225126953,0.7549149758396752,0.20181322226037884,0.8596637505099168,0.8354835411997897
0.9706877708915781,0.42250463481418826,0.33458944788835565,0.9046505273888291,0.9099069962657177,0.7185943925708561,0.6370308082623217,0.9196425377849806,0.7185943985973772,0.8175744828610096,0.8933093975331752,0.8175744828610095,0.9149009578933863,0.8354835289107307,0.5621765008857982,0.798186784940666,0.5621765008857981,0.5926665999540697,0.5621765008857982,0.705785040214066,0.6926419704455589
0.4073334000459302,0.3208212878370535,0.2689414213699951,0.5621765008857982,0.5621765008857981,0.7431680086124811,0.6791786926816161,0.23370636758849891,0.26894141551050293,0.24508501864634824,0.8080672227971212,0.6513548646660542,0.6791786861878392,0.7879311881731379,0.8267117940706734,0.7772998663336158,0.8354835432479661,0.32082130731838393,0.2942149721629888,0.8519528076067262,0.7310585727705127
0.5926665999540697,0.7981867801399695,0.8175744739711883,0.23370636758849894,0.679178699175393,0.6370307944803832,0.7981867849406659,0.6513548714339144,0.4687906266262437,0.9241418241572634,0.6224593312018546,0.4687906266262437,0.43782349911420193,0.8991213820004278,0.46879062662624377,0.8354835371034368,0.43782349911420193,0.7549149758396752,0.7310585786300049,0.42250463481418826,0.6791787121629465
0.2942149659744614,0.39233683727223956,0.19193279106941588,0.5621765008857982,0.6791787056691698,0.7772998663336158,0.6513548646660542,0.3775406617944891,0.3775406758018019,0.7981867729389246,0.7310585903489891,0.46879062662624377,0.4378234991142019,0.3486451488696663,0.7310585669110202,0.5926665999540697,0.7549149868676283,0.651354857898194,0.2942149597859341,0.5312093733737562,0.7981867873410141
0.22270014398423355,0.2689414096510109,0.14804720179063335,0.2568319856991699,0.17328821019878954,0.22270013882530887,0.3486451353339458,0.1919327841361473,0.7772998560157665,0.2018132270610754,0.32082128783705344,0.5621765008857981,0.2018132270610754,0.22270013366638422,0.24508500761839527,0.20181323186177205,0.1732882144682526,0.2689414096510108,0.6513548782017745,0.24508502416032488,0.6513548646660543
0.5926665999540698,0.9099070005411123,0.7057850278370112,0.3775406687981454,0.9099070029841949,0.4378234991142019,0.8991213765941599,0.5,0.5467381519846138,0.5,0.4073334000459302,0.6224593241981982,0.3208212943308302,0.7310585844894971,0.5621765008857981,0.8175744739711883,0.46879062662624377,0.7057850278370112,0.40733340004593027,0.679178692681616,0.7772998611746912
0.6791787056691698,0.5,0.37754066879814546,0.25683199707586785,0.3208212878370535,0.8519528000888386,0.4378234991142019,0.5926665999540698,0.3486451217982255,0.2689414213699951,0.40733340004593027,0.5,0.46879062662624377,0.8354835330070839,0.348645142101806,0.4378234991142019,0.37754066879814546,0.4073334000459302,0.7310585844894971,0.5,0.8175744806385543
0.4843800842769844,0.8872045952083047,0.7057850402140659,0.3923368301671084,0.34864513533394575,0.679178692681616,0.6224593312018546,0.899121375242593,0.43782349911420193,0.9196425317283918,0.679178699175393,0.8807970873650401,0.9324533144915913,0.914900959053549,0.6370307944803831,0.9399133502467731,0.705785040214066,0.5621765008857981,0.5926665999540698,0.651354857898194,0.6791787056691698
0.7549149923816048,0.2942149721629888,0.2018132246607271,0.37754066879814546,0.5,0.2689414330889797,0.4378234991142019,0.22270013366638422,0.5,0.6791786861878392,0.34864514210180597,0.7057850340255386,0.24508501864634824,0.4073334000459302,0.5621765008857982,0.2450850021044189,0.40733340004593027,0.37754066879814546,0.20181321505933414,0.18242551936144574,0.16451645675203383
0.9433475715065793,0.5621765008857981,0.4073334000459302,0.5,0.5621765008857981,0.7057850402140659,0.46879062662624377,0.6513548782017745,0.22270014398423355,0.4378234991142019,0.679178692681616,0.7981867825403176,0.5,0.320821300824607,0.37754066879814546,0.23370636758849891,0.7549149923816048,0.24508500761839525,0.4378234991142019,0.4073334000459302,0.43782349911420193
0.7772998663336158,0.2450850131323717,0.7772998663336158,0.8175744673038222,0.7310585727705127,0.3345894478883556,0.7981867801399695,0.731058584489497,0.37754066879814546,0.4378234991142019,0.34864512856608554,0.7549149868676283,0.3486451285660856,0.6224593312018546,0.5621765008857981,0.7772998611746912,0.7772998560157665,0.7772998663336158,0.29421498454004374,0.8354835371034368,0.7310585727705126
0.7772998560157665,0.45326184801538616,0.6654105521116443,0.40733340004593027,0.679178692681616,0.3775406687981454,0.6791787056691698,0.5312093733737562,0.5,0.7057850340255386,0.6791786926816161,0.9196425267730008,0.7057850340255386,0.5312093733737563,0.679178699175393,0.7879311981328135,0.5621765008857981,0.4687906266262437,0.40733340004593027,0.6370308013713525,0.6513548646660542
0.8670357683915538,0.43782349911420193,0.43782349911420193,0.8670357580842941,0.5312093733737563,0.5926665999540697,0.46879062662624377,0.6513548714339145,0.5926665999540698,0.5312093733737563,0.5312093733737563,0.5312093733737563,0.6224593312018546,0.5312093733737563,0.5926665999540698,0.718594386544335,0.8354835371034369,0.5312093733737562,0.7057850278370112,0.5926665999540698,0.5621765008857981
0.5156199157230157,0.4378234991142019,0.8175744673038222,0.22270013882530887,0.39233683016710835,0.29421498454004374,0.6224593312018546,0.8519527963298947,0.5312093733737563,0.6224593312018546,0.4843800842769843,0.6224593312018546,0.320821300824607,0.5,0.3486451285660856,0.4378234991142019,0.2568319856991699,0.5926665999540698,0.4378234991142019,0.22270013882530887,0.754914997895581
0.880797071719777,0.3775406687981454,0.743168019989179,0.6791786926816161,0.3208213073183839,0.6224593312018545,0.28140561345566495,0.2689414330889797,0.4687906266262437,0.2689414272294874,0.22270013882530884,0.7549149813536518,0.7662936484231889,0.5,0.28140561345566495,0.43782349911420193,0.26894142136999516,0.21206879937726764,0.14804720367010532,0.5312093733737563,0.22270013366638422
0.5621765008857982,0.4073334000459302,0.7549149978955811,0.7549149978955811,0.4378234991142019,0.7310585786300049,0.28140560742914383,0.46879062662624377,0.5312093733737563,0.4073334000459302,0.7310585669110202,0.7772998611746912,0.34864512856608554,0.2942149783515162,0.34864514210180597,0.8670357529306639,0.8354835411997897,0.6513548714339145,0.6791786861878392,0.40733340004593027,0.3486451285660856
0.8354835289107309,0.7981867681382279,0.22270013882530884,0.1824255149165352,0.8519528019683105,0.30735802320985245,0.731058584489497,0.34864513533394575,0.8175744739711883,0.7981867825403177,0.731058584489497,0.40733340004593027,0.8080672135527631,0.651354857898194,0.6513548646660542,0.8872045944627057,0.7057850340255386,0.679178699175393,0.43782349911420193,0.7057850402140659,0.4073334000459302
0.2689414096510108,0.2942149659744614,0.16451646084838673,0.6513548646660543,0.1403362476923775,0.32082130082460697,0.766293653760418,0.7549149813536518,0.7549149923816048,0.8354835289107309,0.7549149923816048,0.29421498454004374,0.4687906266262437,0.7310585844894971,0.6513548714339144,0.8175744761936438,0.268941415510503,0.5,0.3775406687981454,0.7549149813536518,0.36296921930155557
0.798186768138228,0.8807970670261976,0.34864512856608554,0.30735801686526387,0.6513548646660543,0.45326184801538616,0.4378234991142019,0.39233683016710835,0.3208212943308302,0.7057850278370112,0.36296920551961687,0.4378234991142019,0.3629692055196168,0.8080672181749421,0.6513548782017745,0.7549149978955811,0.8519527963298946,0.40733340004593027,0.5621765008857981,0.3486451217982255,0.8175744850834649
0.39233683016710835,0.8354835452961425,0.24508501864634824,0.43782349911420193,0.8354835371034368,0.5621765008857982,0.32082131381216084,0.39233683016710835,0.28140560742914383,0.8807970795424088,0.8354835391516133,0.8872045832787204,0.6513548646660542,0.8519527982093666,0.334589441253186,0.4378234991142019,0.3923368301671084,0.8872045899891118,0.3208212943308302,0.6791786926816161,0.8175744739711883
0.3208213138121609,0.1403362512877889,0.1561049013715009,0.191932795691595,0.1645164710892692,0.20181322226037884,0.1732882123335211,0.74316801430083,0.5312093733737563,0.26894142136999516,0.5621765008857981,0.5,0.16451646699291614,0.7310585727705127,0.24508500761839525,0.4687906266262437,0.6224593312018546,0.2450850021044189,0.12592277467581972,0.6513548782017745,0.24508502416032488
0.7310585669110202,0.3486451217982255,0.2689414272294874,0.2450850021044189,0.7981867825403176,0.7772998508568416,0.3208213138121609,0.4073334000459302,0.5621765008857981,0.25683199138751883,0.4378234991142019,0.22270014398423355,0.24508500761839527,0.2942149783515162,0.26894141551050293,0.3775406687981454,0.7549149978955811,0.3208213138121609,0.2942149597859341,0.23370635157681108,0.5621765008857981
0.7057850278370111,0.880797076413356,0.5621765008857982,0.1561048915563923,0.5621765008857981,0.13296424019782924,0.8670357666736772,0.6513548714339145,0.8596637559030338,0.8354835391516133,0.20181322226037882,0.2337063515768111,0.8740772384450967,0.3073580232098525,0.26894141551050293,0.2814056194821862,0.7057850278370111,0.5312093733737563,0.679178699175393,0.14033624949008322,0.3208212878370535
0.46879062662624377,0.6513548714339144,0.21206880684702423,0.4378234991142019,0.7879312031126512,0.3629691986286475,0.5312093733737563,0.2689414272294874,0.8080672066194946,0.7431680029241321,0.2942149783515162,0.32082129433083023,0.5312093733737563,0.5621765008857982,0.8080672089305841,0.19193279338050545,0.11279539509890883,0.3629692193015555,0.26894141551050293,0.6513548714339145,0.2568319970758679
0.9241418184118162,0.6513548646660543,0.8354835411997898,0.6224593312018546,0.7310585786300049,0.8175744761936437,0.9196425251212038,0.9241418137109956,0.919642529525996,0.7549149868676284,0.46879062662624377,0.7549149868676283,0.8175744761936437,0.7431680029241321,0.9399133489844307,0.943347570909308,0.914900963114118,0.5312093733737562,0.9433475715065793,0.7981867801399695,0.5
0.8596637469145054,0.7549149813536518,0.32082130731838393,0.8175744673038222,0.15610489744545739,0.8596637541053281,0.3629692124105861,0.4073334000459302,0.24508502416032485,0.4073334000459302,0.8519527982093666,0.30735802320985245,0.3073580232098525,0.5,0.28140560742914383,0.3775406687981454,0.7879311956428946,0.8175744761936437,0.3345894279828469,0.5621765008857981,0.7185943805178139
0.8807970858005139,0.5,0.22270014398423357,0.7772998663336158,0.4073334000459302,0.7981867753392728,0.4378234991142019,0.2568319970758679,0.23370635691404026,0.7549149758396752,0.5621765008857981,0.5,0.7981867801399695,0.28140560742914383,0.4378234991142019,0.5926665999540698,0.4687906266262437,0.6513548782017745,0.34864514210180597,0.4687906266262437,0.5926665999540697
0.9433475685202228,0.3775406687981454,0.3775406687981454,0.8519528038477825,0.8354835289107309,0.5926665999540698,0.679178699175393,0.5926665999540698,0.320821300824607,0.43782349911420193,0.4378234991142019,0.43782349911420193,0.5312093733737563,0.7549149923816048,0.5312093733737563,0.622459338205511,0.40733340004593027,0.4687906266262437,0.4687906266262437,0.6224593312018546,0.37754066879814546
0.5621765008857981,0.7662936377487305,0.3486451285660856,0.7057850340255386,0.8596637577007394,0.8354835350552604,0.42250463481418826,0.8354835411997897,0.6926419767901475,0.5156199157230156,0.7981867873410141,0.9465966735899122,0.7772998611746912,0.9284088020410761,0.5,0.5,0.8354835391516133,0.939913354875362,0.7879311931529758,0.9324533149608596,0.7879312056025699
0.19193279106941585,0.6224593312018546,0.17328821233352107,0.5621765008857981,0.23370635157681105,0.743167997235783,0.3775406687981454,0.19193279338050545,0.7057850278370112,0.5621765008857982,0.25683199138751883,0.6513548511303338,0.37754066879814546,0.22270014398423357,0.22270013366638422,0.731058584489497,0.32082130731838393,0.29421497216298875,0.5,0.3775406617944891,0.3486451285660856
0.5621765008857982,0.4378234991142019,0.43782349911420193,0.8175744806385542,0.6224593312018546,0.3208212943308302,0.37754066179448903,0.5926665999540698,0.7431680143008301,0.24508500761839527,0.8175744761936437,0.7057850278370112,0.5312093733737563,0.4073334000459302,0.4073334000459302,0.5,0.7981867801399695,0.7981867705385762,0.6224593241981982,0.24508500761839525,0.5926665999540698
0.5926665999540698,0.3073580105206753,0.7549149758396752,0.5621765008857981,0.21206879688734884,0.2018132150593341,0.2689414272294874,0.24508500761839525,0.36296919173767833,0.2814056194821861,0.18242551936144574,0.8354835391516133,0.2942149783515162,0.28140560140262283,0.8519528057272544,0.23370636758849891,0.2450850131323717,0.8438951084436077,0.23370636758849891,0.6224593241981982,0.6224593312018546
0.46879062662624377,0.15610489351941398,0.25683199138751883,0.46879062662624377,0.21206881182686205,0.10669058329418492,0.14033624949008322,0.6224593312018546,0.16451646904109268,0.2689414272294874,0.2689414096510109,0.11920291419948607,0.2120688093369431,0.743168019989179,0.5621765008857981,0.22270014914315836,0.1824255304737224,0.5,0.5926665999540698,0.1919327864472368,0.16451645675203383
0.8175744828610095,0.7310585669110203,0.2450850021044189,0.2120688018671865,0.40733340004593027,0.320821300824607,0.6791786861878392,0.40733340004593027,0.7549149868676283,0.32082129433083023,0.2942149783515162,0.19193278413614728,0.6224593312018546,0.22270014914315836,0.7310585786300048,0.37754066879814546,0.3486451285660856,0.7310585786300049,0.7981867777396212,0.28140560742914383,0.2942149783515162
0.9496693647316319,0.8354835289107307,0.7981867849406659,0.7057850402140659,0.7772998560157665,0.5621765008857982,0.8519527963298947,0.6791787121629465,0.4687906266262437,0.6513548782017745,0.817574478416099,0.5,0.5,0.679178686187839,0.6224593312018546,0.4378234991142019,0.40733340004593027,0.7981867777396212,0.3486451217982255,0.8175744695262775,0.4378234991142019
0.24508502416032488,0.28140560742914383,0.17328820379459514,0.7310585669110202,0.1480471999111614,0.2689414272294874,0.22270014398423355,0.731058584489497,0.28140561345566495,0.7057850278370112,0.5926665999540698,0.16451646289656316,0.20181321986003056,0.18242552158390105,0.679178692681616,0.7057850278370112,0.7662936324115011,0.7549149868676283,0.5926665999540698,0.1645164628965632,0.1824255304737224
0.8991213745668094,0.334589441253186,0.45326184801538616,0.2120688093369431,0.7662936430859597,0.22270014398423357,0.37754066879814546,0.8354835350552604,0.33458944788835565,0.37754066879814546,0.3775406687981454,0.43782349911420193,0.3486451488696663,0.9241418210233833,0.7772998560157665,0.5312093733737563,0.42250463481418826,0.43782349911420193,0.4378234991142019,0.320821300824607,0.8354835289107307
0.9099070084811306,0.7772998611746912,0.1732882144682526,0.7772998611746911,0.8596637487122111,0.5621765008857981,0.6791787056691698,0.5,0.37754066879814546,0.5,0.2689414272294874,0.7310585727705126,0.36296919173767833,0.5312093733737562,0.7981867777396211,0.32082130731838393,0.30735801686526387,0.320821300824607,0.7549149868676284,0.8872045877523147,0.3775406687981454
0.9648551515780319,0.5,0.7057850278370112,0.6224593312018546,0.6224593312018546,0.9196425273236,0.817574471748733,0.7981867777396212,0.37754066879814546,0.4687906266262437,0.5926665999540698,0.46879062662624377,0.7057850278370111,0.8807970654616711,0.5621765008857981,0.8991213799730774,0.6791787056691698,0.5312093733737563,0.7772998560157665,0.6791787056691698,0.8175744739711883
0.2942149659744614,0.6791786861878392,0.18242551936144571,0.6224593241981982,0.5926665999540697,0.6224593382055109,0.21206879937726764,0.1732882037945951,0.22270013366638422,0.32082130731838393,0.18242551713899044,0.46879062662624377,0.18242552380635635,0.29421498454004374,0.2689414272294874,0.5312093733737563,0.6224593312018546,0.2689414213699951,0.1824255304737224,0.17328820806405806,0.4378234991142019
0.22270014914315836,0.1480472055495773,0.348645142101806,0.15610489351941398,0.3208212943308302,0.25683199707586785,0.22270014914315836,0.7981867777396212,0.7662936324115011,0.29421497216298875,0.16451646289656316,0.7772998508568416,0.21206881431678098,0.7310585844894971,0.7549149923816048,0.334589441253186,0.24508501313237174,0.743167997235783,0.6654105454764747,0.8354835411997897,0.22270014398423355
0.37754067580180184,0.9046505344582187,0.9149009538328171,0.679178699175393,0.3073580232098525,0.6370307944803832,0.8519528038477825,0.731058584489497,0.904650536386234,0.33458944125318596,0.3073580105206753,0.6224593312018545,0.24508501313237172,0.6791786991753931,0.4687906266262437,0.9046505318875316,0.7772998663336158,0.7185943925708561,0.3345894279828469,0.9149009468718408,0.4687906266262437
0.9890130584826029,0.9465966668104392,0.5621765008857981,0.320821300824607,0.9579122749379931,0.9706877722165252,0.9706877670227323,0.8354835411997897,0.34864514886966624,0.867035771827307,0.6513548646660542,0.6224593241981982,0.9740426436969953,0.8354835432479661,0.9724147169737825,0.6791787056691698,0.8175744761936437,0.34864514210180597,0.6370308082623217,0.9603611627425972,0.9099070109242131
0.6791786926816161,0.7879312031126511,0.37754066879814546,0.6654105521116443,0.8596637487122111,0.5926665999540698,0.5,0.8080672135527631,0.5,0.46879062662624377,0.6791786926816161,0.6791787056691698,0.5,0.7981867825403177,0.8438951025545426,0.731058584489497,0.46879062662624377,0.7057850154599562,0.5926665999540698,0.5,0.8596637523076225
0.5312093733737563,0.5621765008857981,0.25683199707586785,0.46879062662624377,0.8080672135527632,0.34864513533394575,0.1919327864472368,0.5,0.3208213073183839,0.22270014398423355,0.4378234991142019,0.43782349911420193,0.7981867777396212,0.5926665999540698,0.32082128783705344,0.5312093733737563,0.5312093733737563,0.743168019989179,0.7662936377487305,0.2942149659744614,0.7879311956428946
0.7662936430859598,0.5,0.11279541224768527,0.1329642316084462,0.6513548646660542,0.46879062662624377,0.17328819952513227,0.22270014398423357,0.12592276483513232,0.13296422989056966,0.4687906266262437,0.17328820806405806,0.16451645675203383,0.10669060033653141,0.09009298724347511,0.5,0.6224593241981982,0.22270014914315836,0.5621765008857981,0.5,0.1192029188930649
0.6224593312018546,0.7772998663336158,0.2120688018671865,0.40733340004593027,0.7981867777396212,0.20181322946142372,0.7549149923816048,0.7981867873410141,0.4073334000459302,0.5926665999540698,0.6791787056691697,0.26894142136999516,0.7310585669110202,0.3208212878370535,0.5312093733737563,0.2942149783515162,0.7057850340255386,0.2689414213699951,0.18242551936144571,0.2689414272294874,0.19193277951396837
0.8807970811069351,0.22270014398423357,0.2120688093369431,0.6224593382055109,0.5,0.15610489351941398,0.22270013882530884,0.25683199138751883,0.6224593312018546,0.6513548646660542,0.29421498454004374,0.5312093733737563,0.20181322466072713,0.5621765008857981,0.6224593312018545,0.2689414330889797,0.5,0.10669059607594455,0.4378234991142019,0.33458944788835565,0.7057850216484838
0.6224593312018546,0.3486451285660856,0.8933094025038598,0.40733340004593027,0.8354835411997897,0.8596637523076225,0.5621765008857981,0.8807970873650401,0.3775406687981454,0.5621765008857981,0.6513548714339145,0.6513548511303338,0.7057850278370112,0.4378234991142019,0.40733340004593027,0.7772998663336157,0.37754066879814546,0.7981867753392728,0.32082131381216084,0.8670357735451834,0.28140560742914383
0.4687906266262437,0.7549149868676283,0.817574478416099,0.29421495978593404,0.3073580295544412,0.7057850216484838,0.679178699175393,0.8354835330070838,0.3486451488696663,0.8596637541053281,0.3345894545235253,0.5,0.40733340004593027,0.6513548714339144,0.34864512179822554,0.24508501313237172,0.3208212878370535,0.24508501864634824,0.46879062662624377,0.6224593312018545,0.20181321745968234
0.9284087985746093,0.8080672227971211,0.7057850154599562,0.8354835432479661,0.743168019989179,0.32082129433083023,0.651354857898194,0.7549149978955811,0.5312093733737563,0.4378234991142019,0.46879062662624377,0.8354835309589073,0.6224593312018546,0.7310585903489891,0.3775406687981454,0.5,0.7310585903489891,0.5,0.6791787056691698,0.5926665999540698,0.7310585786300048
0.8670357701094303,0.19193279106941588,0.7057850216484838,0.2942149721629888,0.34864513533394575,0.7310585844894971,0.7772998663336158,0.34864514886966635,0.32082131381216084,0.2689414272294874,0.7981867825403177,0.2689414272294874,0.7549149923816048,0.22270013366638422,0.7310585669110203,0.22270013882530887,0.26894141551050293,0.5312093733737563,0.679178699175393,0.34864514210180597,0.7772998663336158
0.6224593312018546,0.23370636225126956,0.12592276975547595,0.6224593312018546,0.5,0.679178686187839,0.46879062662624377,0.24508501864634827,0.5,0.21206879937726764,0.5621765008857981,0.5621765008857981,0.5621765008857981,0.3486451217982255,0.7057850154599562,0.7310585903489891,0.21206881182686202,0.6513548646660543,0.30735802320985245,0.7981867801399695,0.21206881182686205
0.16451645675203386,0.6513548714339145,0.651354857898194,0.2689414272294874,0.2018132270610754,0.74316801430083,0.4687906266262437,0.22270013882530884,0.2689414330889797,0.2018132150593341,0.20181321986003056,0.5312093733737563,0.5,0.18242552602881168,0.24508501313237172,0.7310585727705126,0.2942149659744614,0.21206880186718646,0.6513548782017745,0.32082130731838393,0.37754066879814546
0.348645142101806,0.5312093733737562,0.5621765008857981,0.1403362422992606,0.18242552380635635,0.16451646904109268,0.17328820379459514,0.1732882016598637,0.5621765008857982,0.22270013366638422,0.19193278413614728,0.16451645675203386,0.16451645675203383,0.18242552380635635,0.5,0.24508501864634827,0.14033624409696624,0.19193279106941585,0.5312093733737563,0.2120688018671865,0.5312093733737563
0.43782349911420193,0.25683199707586785,0.6224593312018546,0.21206879937726766,0.24508500761839522,0.2568319856991699,0.5,0.2337063569140403,0.651354857898194,0.2337063515768111,0.5621765008857982,0.6926419831347362,0.22270013882530884,0.25683199707586785,0.5621765008857982,0.2568319856991699,0.18242551491653522,0.19193279106941585,0.48438008427698437,0.2942149659744614,0.22270014914315836
0.6513548646660543,0.5312093733737563,0.4073334000459302,0.34864514210180597,0.5,0.5,0.4532618480153861,0.6224593312018546,0.7981867849406659,0.8519528000888386,0.40733340004593027,0.8080672181749422,0.9465966758497363,0.43782349911420193,0.9362850106371751,0.4073334000459302,0.5312093733737563,0.8175744761936437,0.7772998663336157,0.9433475705111272,0.867035752930664
0.6370307806984444,0.23370635691404026,0.23370636225126953,0.6654105521116445,0.5774953651858117,0.5926665999540698,0.826711787666479,0.8991213698363247,0.6224593382055109,0.40733340004593027,0.33458943461801643,0.6513548646660542,0.5467381519846138,0.6370307806984444,0.4225046348141882,0.7057850216484837,0.5621765008857981,0.5312093733737562,0.6224593312018545,0.42250463481418826,0.48438008427698437
0.5621765008857981,0.36296921930155557,0.7879312031126511,0.6791786861878392,0.3923368230619772,0.7549149813536518,0.5312093733737562,0.8519528038477825,0.6224593382055109,0.7431680029241321,0.3073580232098525,0.3345894478883556,0.32082130731838393,0.42250463481418826,0.37754066179448903,0.4687906266262437,0.21206879688734884,0.8175744806385542,0.4073334000459302,0.34864512856608554,0.7981867705385762
0.5,0.679178699175393,0.2814055953761018,0.8267118004748678,0.33458944788835565,0.4687906266262437,0.7772998508568417,0.46879062662624377,0.4687906266262437,0.4073334000459302,0.6513548646660542,0.3775406687981454,0.37754066179448903,0.4687906266262437,0.8354835350552603,0.8670357615200474,0.9241418163225626,0.5621765008857981,0.9284087980793998,0.7057850340255386,0.5
0.7772998714925403,0.26894142136999516,0.5926665999540698,0.5,0.2942149659744614,0.22270013366638422,0.19193277951396834,0.28140561345566495,0.23370636758849891,0.34864513533394575,0.256832002764217,0.5926665999540698,0.7879312006227324,0.3629692055196168,0.8596637577007393,0.2689414330889797,0.3775406687981454,0.26894142136999516,0.2942149845400438,0.37754066879814546,0.32082130731838393
0.4225046348141883,0.33458942798284697,0.7431680143008301,0.21206879937726766,0.7879311906630568,0.19193279338050545,0.24508501313237174,0.20181322706107543,0.6513548511303338,0.2689414272294874,0.7772998560157665,0.6926419831347361,0.3486451353339457,0.7057850154599562,0.6791787056691698,0.6791786926816161,0.2942149783515162,0.256831980010821,0.1561048974454574,0.8519528076067262,0.25683200276421697
0.5,0.5926665999540698,0.5312093733737563,0.24508501864634827,0.20181322946142372,0.6224593382055109,0.16451645880021024,0.2568319970758679,0.6370308013713525,0.5926665999540698,0.6224593312018546,0.20181321986003056,0.22270013882530884,0.5926665999540697,0.256831980010821,0.1480471923932738,0.17328819952513227,0.2942149783515162,0.1403362512877889,0.7772998560157665,0.23370636758849891
0.8670357598021707,0.7662936430859597,0.6370307944803831,0.6076631698328916,0.26894141551050293,0.3629691917376783,0.5467381519846138,0.2337063569140403,0.34864513533394575,0.28140561345566495,0.4378234991142019,0.2942149597859341,0.33458943461801643,0.904650536386234,0.4073334000459302,0.731058584489497,0.8740772351648677,0.7549149923816048,0.7057850278370112,0.25683199138751883,0.9099070035949657
0.7549149923816048,0.8519528000888387,0.5621765008857981,0.5312093733737563,0.46879062662624377,0.7057850216484838,0.46879062662624377,0.40733340004593027,0.6224593312018545,0.46879062662624377,0.5621765008857981,0.8740772286044095,0.6224593312018546,0.7549149868676283,0.4378234991142019,0.43782349911420193,0.7549149758396752,0.40733340004593027,0.46879062662624377,0.4378234991142018,0.4378234991142019
0.5926665999540698,0.3486451285660856,0.28140560140262283,0.28140561345566495,0.7662936377487304,0.5312093733737563,0.7772998508568416,0.46879062662624377,0.3775406687981454,0.7549149923816048,0.4073334000459302,0.9149009619539553,0.37754066879814546,0.817574471748733,0.40733340004593027,0.7549149813536518,0.43782349911420193,0.32082129433083023,0.40733340004593027,0.40733340004593027,0.7772998560157665
0.9465966705768132,0.40733340004593027,0.7879311856832191,0.5467381519846138,0.8267118004748677,0.42250463481418826,0.787931190663057,0.6513548646660543,0.924141826246517,0.817574478416099,0.6926419958239132,0.6224593312018546,0.679178686187839,0.8991213806488609,0.7549149978955811,0.6513548646660542,0.8872046019186954,0.7981867777396212,0.5156199157230157,0.817574471748733,0.8175744739711883
0.5312093733737563,0.40733340004593027,0.5,0.25683199138751883,0.2568319856991699,0.4687906266262437,0.22270013366638422,0.7185943985973772,0.23370634623958197,0.40733340004593027,0.4378234991142019,0.2689414213699951,0.46879062662624377,0.40733340004593027,0.5,0.817574478416099,0.4687906266262437,0.808067204308405,0.2450850131323717,0.8080672135527632,0.5926665999540698
0.9399133489844308,0.7057850340255386,0.7431680029241321,0.7981867849406659,0.9196425366837827,0.7310585669110203,0.7549149978955811,0.9284088060027523,0.9284088060027523,0.5,0.45326184801538616,0.7549149923816048,0.37754066879814546,0.7057850216484839,0.40733340004593027,0.5,0.9099070066488189,0.651354857898194,0.45326184801538616,0.5312093733737563,0.9149009584734678
0.8596637451167995,0.5156199157230156,0.22270013882530884,0.5926665999540698,0.5,0.9099070090919013,0.5621765008857981,0.5,0.5312093733737563,0.5,0.6224593312018546,0.6224593312018546,0.6224593312018546,0.9149009532527358,0.7057850340255386,0.6224593312018546,0.679178699175393,0.8807970904940926,0.4378234991142019,0.6224593312018545,0.5926665999540697
0.9648551514517085,0.4225046348141882,0.2942149659744614,0.21206881182686202,0.8933094067644466,0.7057850278370111,0.6224593312018545,0.7057850402140659,0.6513548782017745,0.7057850278370111,0.8807970748488297,0.20181322466072713,0.2689414213699951,0.5926665999540698,0.6513548511303338,0.7057850340255386,0.40733340004593027,0.3208212943308302,0.6513548511303336,0.4073334000459302,0.3486451217982255
0.8933094145755219,0.37754066879814546,0.3923368230619772,0.5926665999540698,0.7549149868676283,0.9046505370289057,0.40733340004593027,0.5312093733737562,0.8991213725394589,0.33458942798284697,0.7549149923816048,0.5926665999540698,0.37754066879814546,0.4073334000459302,0.7981867801399695,0.7310585786300049,0.9196425377849806,0.5312093733737563,0.8872046019186954,0.5,0.7310585727705126
0.8519528076067262,0.37754066179448903,0.8267118004748677,0.5,0.8175744717487329,0.3208212878370535,0.40733340004593027,0.3775406687981454,0.7057850340255386,0.28140560140262283,0.29421497216298875,0.3775406687981454,0.2942149721629888,0.46879062662624377,0.37754067580180184,0.7310585903489891,0.34864513533394575,0.7057850340255386,0.2942149659744614,0.7981867777396212,0.37754066879814546
0.32082131381216084,0.2689414272294874,0.665410558746814,0.37754066879814546,0.1480472055495773,0.40733340004593027,0.16451645675203383,0.16451646084838673,0.13296424535145931,0.1919327841361473,0.5621765008857981,0.1561048915563923,0.16451645470385742,0.2450850131323717,0.7549149978955811,0.46879062662624377,0.4073334000459302,0.15610490137150093,0.23370635157681108,0.21206880435710537,0.13296423504419935
0.5,0.37754066879814546,0.2568319856991699,0.7057850154599563,0.6370307944803831,0.348645142101806,0.7057850216484838,0.45326184801538616,0.2814056014026228,0.34864514210180597,0.3486451217982255,0.8740772433654401,0.5312093733737563,0.7549149868676284,0.6791786926816161,0.8807970795424088,0.3486451488696663,0.7310585786300049,0.8933094003735664,0.37754067580180184,0.8872045899891118
0.9399133531922388,0.5621765008857981,0.37754066879814546,0.8933093961129794,0.9399133536130195,0.8872046011730965,0.8872045959539038,0.4073334000459302,0.8991213874066956,0.34864513533394575,0.30735801686526387,0.4378234991142019,0.30735801052067535,0.4073334000459302,0.3486451217982255,0.5,0.9099070035949657,0.7057850216484838,0.6224593312018546,0.3073580232098525,0.5621765008857982
0.7772998663336158,0.9099069993195711,0.4378234991142019,0.731058584489497,0.5312093733737563,0.9362850093037731,0.5,0.7057850340255386,0.9324533158993963,0.5926665999540697,0.6791787121629466,0.9284087931273041,0.7057850216484837,0.7549149813536518,0.9399133473013075,0.7057850278370112,0.8175744828610095,0.7310585786300049,0.6513548714339145,0.7772998560157665,0.7057850216484838
0.9465966720833627,0.8872045952083047,0.46879062662624377,0.6370307944803831,0.8933094067644466,0.7981867705385762,0.3775406687981454,0.4532618480153861,0.5621765008857981,0.348645142101806,0.45326184801538616,0.43782349911420193,0.8267118004748677,0.9362850053035673,0.4532618480153861,0.808067204308405,0.42250463481418826,0.37754066879814546,0.5926665999540698,0.9579122728353316,0.3923368372722396
0.2689414330889797,0.7057850278370112,0.7310585727705127,0.5621765008857982,0.26894142136999516,0.24508501313237172,0.3208212878370535,0.5926665999540698,0.2450850131323717,0.32082129433083023,0.5926665999540698,0.37754066179448903,0.19193279338050545,0.3208213073183839,0.2942149783515162,0.2942149783515163,0.320821300824607,0.37754067580180184,0.7772998611746912,0.3486451488696663,0.37754066879814546
0.8354835330070839,0.4378234991142019,0.8175744806385543,0.3923368230619772,0.8354835309589073,0.43782349911420193,0.46879062662624377,0.5,0.3486451217982255,0.8175744806385543,0.5621765008857982,0.3629691917376783,0.37754067580180184,0.3775406687981454,0.5,0.5,0.32082128783705344,0.4378234991142019,0.5,0.5,0.7431680029241321
0.9324533135530546,0.43782349911420193,0.5,0.8438951084436077,0.6224593312018546,0.8354835330070839,0.3775406687981454,0.7057850216484838,0.5926665999540697,0.8519528038477825,0.8175744850834648,0.7310585727705127,0.43782349911420193,0.7549149758396752,0.8519528076067262,0.7772998611746912,0.5621765008857982,0.9525741288419872,0.817574471748733,0.5621765008857981,0.5312093733737563
0.7310585903489892,0.43782349911420193,0.8438951045175643,0.7662936484231889,0.2689414213699951,0.7057850278370112,0.3775406687981454,0.24508501313237172,0.7549149978955811,0.8267117962054048,0.28140560742914383,0.43782349911420193,0.867035758084294,0.46879062662624377,0.30735801686526387,0.7772998663336157,0.40733340004593027,0.3345894279828469,0.3208212943308302,0.40733340004593027,0.40733340004593027
0.5621765008857981,0.8354835309589073,0.5621765008857982,0.19193279106941585,0.1732882016598637,0.26894141551050293,0.7310585727705126,0.6791786991753929,0.2689414272294874,0.18242552158390105,0.19193279338050545,0.7310585844894971,0.37754066879814546,0.6513548511303336,0.37754066179448903,0.7879312006227324,0.4378234991142019,0.19193277951396837,0.256832002764217,0.8267117983401363,0.34864514210180597
0.7772998663336158,0.9324533121452494,0.8175744828610095,0.6224593312018546,0.5621765008857982,0.6513548646660542,0.9324533135530546,0.7549149868676283,0.5926665999540698,0.5926665999540698,0.6791787056691698,0.8354835330070839,0.8438950986284991,0.7310585844894971,0.9399133468805266,0.7981867753392728,0.5621765008857982,0.5312093733737563,0.7549149923816048,0.7772998560157665,0.5
0.5312093733737563,0.32082130731838393,0.20181322226037882,0.19193278875832634,0.6224593312018546,0.21206880933694314,0.731058584489497,0.2689414272294874,0.16451645470385742,0.16451646289656316,0.30735801686526387,0.7310585903489892,0.7310585786300049,0.25683199138751883,0.7057850278370112,0.21206881182686205,0.26894141551050293,0.19193279338050545,0.7772998663336157,0.8267117855317474,0.7772998560157665
0.8596637451167997,0.4073334000459302,0.34864513533394575,0.6513548714339144,0.5,0.4073334000459302,0.6791786861878392,0.7310585727705126,0.22270013882530884,0.39233683016710835,0.21206879439743007,0.5621765008857981,0.9196425377849806,0.5926665999540698,0.48438008427698437,0.3486451353339458,0.3629692055196168,0.3923368301671084,0.5926665999540697,0.6513548578981939,0.5
0.7057850154599562,0.4687906266262437,0.5,0.8740772318846386,0.8933094152856197,0.6513548714339145,0.5312093733737563,0.8933094103149354,0.9099069980980297,0.7310585727705126,0.7057850216484838,0.731058584489497,0.5312093733737563,0.7057850216484838,0.7057850340255386,0.679178692681616,0.6513548511303338,0.5621765008857981,0.5621765008857982,0.9579122764398942,0.6224593241981982
0.8872045996818986,0.7772998714925403,0.7879311906630568,0.34864514210180597,0.817574471748733,0.4378234991142019,0.2942149721629888,0.40733340004593027,0.28140560742914383,0.7981867849406659,0.3775406687981454,0.6791786926816161,0.4378234991142019,0.5312093733737562,0.29421497216298875,0.2942149721629888,0.2689414330889797,0.40733340004593027,0.5926665999540698,0.8740772269642949,0.6224593312018546
0.8807970748488297,0.4843800842769843,0.8354835391516133,0.6791787056691697,0.7772998508568416,0.37754066879814546,0.22270014914315836,0.4687906266262437,0.6513548782017745,0.25683199138751883,0.34864514210180597,0.7057850216484837,0.25683198569916993,0.7981867705385762,0.43782349911420193,0.8519527982093666,0.2689414330889798,0.5621765008857982,0.5312093733737562,0.5621765008857981,0.6076631698328917
0.8175744739711883,0.7772998663336158,0.8175744806385542,0.256831980010821,0.6224593312018546,0.43782349911420193,0.679178699175393,0.37754067580180184,0.34864514210180597,0.7057850154599563,0.7981867777396212,0.7057850154599562,0.3208213073183839,0.34864512856608554,0.40733340004593027,0.8354835350552603,0.37754066879814546,0.7549149923816048,0.7310585727705127,0.6224593312018546,0.40733340004593027
0.5,0.2689414330889798,0.14804719239327382,0.23370636225126953,0.19193279106941588,0.24508501864634824,0.6791787121629465,0.20181321986003056,0.25683199707586785,0.22270013366638422,0.22270014398423355,0.6791787056691698,0.8080672181749422,0.5926665999540698,0.8175744739711883,0.6791787056691698,0.5312093733737563,0.6224593382055109,0.7310585844894971,0.30735801686526387,0.7057850402140659
0.8807970779778824,0.34864513533394575,0.18242552825126704,0.5467381519846138,0.2942149845400438,0.7310585903489891,0.7185943925708561,0.22270013366638422,0.731058584489497,0.6513548714339145,0.5312093733737563,0.9099070121457543,0.7185943985973772,0.9149009491921662,0.705785040214066,0.23370635157681108,0.6791787056691698,0.37754066879814546,0.7057850278370112,0.7549149758396752,0.5926665999540698
0.1732882059293266,0.1259227615549033,0.46879062662624377,0.23370636758849894,0.4378234991142019,0.18242551491653522,0.22270012850745968,0.11279540180929934,0.20181322226037882,0.5312093733737563,0.08035746496801421,0.21206879937726764,0.22270012850745968,0.43782349911420193,0.2942149659744614,0.2018132150593341,0.5621765008857981,0.5926665999540698,0.5926665999540698,0.18242551713899047,0.22270014398423355
0.40733340004593027,0.7057850340255386,0.24508501864634827,0.8807970811069351,0.2814056194821861,0.6791787056691698,0.268941415510503,0.7772998560157665,0.7310585786300049,0.3775406687981454,0.36296920551961676,0.5621765008857981,0.8670357718273068,0.32082130731838393,0.320821300824607,0.8670357546485407,0.9046505312448598,0.2689414096510109,0.7310585786300049,0.2942149659744614,0.9046505338155469
0.3208213073183839,0.19193278875832634,0.36296921241058616,0.22270013366638422,0.26894141551050293,0.32082130731838393,0.32082131381216084,0.7879312006227324,0.46879062662624377,0.5312093733737563,0.13296423504419935,0.22270013882530887,0.43782349911420193,0.754914975839675,0.4687906266262437,0.24508501864634827,0.1919327887583263,0.2689414330889797,0.22270013366638422,0.14033624409696624,0.2689414213699951
0.9362850110816423,0.8740772384450967,0.23370635157681105,0.15610490333452268,0.8670357563664174,0.6791787056691698,0.7310585903489891,0.9046505395995927,0.6224593312018546,0.6224593312018546,0.2689414096510108,0.9099069999303417,0.6513548646660542,0.7549149868676283,0.928408800060238,0.679178699175393,0.18242552380635632,0.651354857898194,0.1919327864472368,0.6224593312018546,0.43782349911420193
0.9241418147556223,0.766293653760418,0.21206880684702423,0.7549149923816046,0.4378234991142019,0.5312093733737563,0.7981867753392728,0.3486451285660856,0.7310585786300049,0.7772998611746912,0.5312093733737563,0.5926665999540698,0.8267117876664789,0.37754066879814546,0.5312093733737562,0.8354835391516132,0.8175744739711883,0.40733340004593027,0.4073334000459302,0.3775406687981454,0.5926665999540698
0.2689414272294874,0.7185943865443349,0.19193279106941588,0.679178699175393,0.679178699175393,0.11279540180929934,0.17328821233352107,0.6370307944803832,0.19193278182505782,0.26894141551050293,0.7549149923816048,0.6791786926816161,0.6513548782017745,0.7057850278370112,0.14804719427274568,0.7549149813536518,0.10669059962643358,0.8267117940706734,0.10087863151524239,0.1403362422992606,0.14804719803168948
0.8670357512127872,0.2689414272294874,0.6791786926816161,0.5926665999540698,0.18242552380635635,0.18242552380635632,0.26894141551050293,0.2450850021044189,0.29421495978593415,0.28140561345566495,0.7981867849406659,0.3073580168652638,0.7310585786300049,0.5926665999540698,0.26894141551050293,0.5926665999540698,0.6224593241981982,0.8175744695262777,0.7057850154599562,0.7310585786300048,0.18242553047372242
0.8354835411997897,0.46879062662624377,0.8740772269642949,0.7981867873410141,0.4687906266262437,0.8933093996634686,0.7981867729389246,0.5621765008857982,0.679178699175393,0.5156199157230156,0.6370308082623217,0.6513548714339145,0.6513548714339144,0.6513548646660543,0.665410558746814,0.651354857898194,0.8933094096048376,0.8267117962054049,0.4687906266262437,0.8267117898012105,0.8872046034098933
0.4073334000459302,0.2450850021044189,0.21206881182686205,0.5926665999540698,0.6224593312018546,0.320821300824607,0.18242552602881168,0.7549149868676283,0.7431680029241321,0.30735800417608683,0.28140561345566495,0.17328820379459514,0.2227001336663842,0.798186787341014,0.1561048974454574,0.8080672135527631,0.19193279106941588,0.4378234991142019,0.5312093733737563,0.1732882059293266,0.13296423676207597
0.29421497216298875,0.22270013882530884,0.07159120736790556,0.14033624229926062,0.348645142101806,0.37754066879814546,0.14033625488320037,0.4378234991142019,0.14033625308549463,0.5621765008857981,0.43782349911420193,0.06754669724011829,0.14033625488320034,0.4378234991142019,0.14804719615221756,0.14033625308549463,0.5,0.4073334000459302,0.46879062662624377,0.6224593312018546,0.4687906266262437
0.679178699175393,0.5312093733737563,0.4532618480153861,0.7981867705385762,0.5926665999540698,0.9362850039701653,0.936285000858894,0.679178699175393,0.7772998714925403,0.6224593382055109,0.9433475762847495,0.9362849986365572,0.9284088084787998,0.46879062662624377,0.8175744828610095,0.7772998611746912,0.9196425289753969,0.7772998663336158,0.817574478416099,0.5926665999540697,0.5312093733737563
0.6224593241981982,0.3775406687981454,0.24508501864634827,0.19193277951396837,0.19193278644723677,0.7057850216484838,0.2689414272294874,0.679178699175393,0.2689414096510108,0.21206879937726764,0.7549149923816048,0.7772998714925403,0.2942149845400438,0.5621765008857981,0.7549149758396752,0.28140560742914383,0.2689414096510109,0.37754066879814546,0.2942149783515162,0.7057850278370112,0.25683199707586785
0.8807970811069351,0.2689414272294874,0.6224593312018546,0.16451646904109266,0.4687906266262437,0.5,0.3486451217982255,0.25683198569916993,0.6654105521116443,0.5,0.24508501864634824,0.46879062662624377,0.23370635691404026,0.5312093733737562,0.22270014398423357,0.8080672066194945,0.651354857898194,0.7772998714925403,0.5621765008857981,0.46879062662624377,0.798186775339273
0.7057850154599562,0.9525741300200604,0.7549149868676283,0.826711791935942,0.9399133454077937,0.5312093733737562,0.5621765008857981,0.8519527963298947,0.817574478416099,0.43782349911420193,0.8438951064805861,0.8740772318846386,0.955319132907592,0.8438950966654774,0.9648551541045004,0.7879311981328135,0.651354857898194,0.8670357477770336,0.8807970826714614,0.46879062662624377,0.6791787056691698
0.5312093733737563,0.37754067580180184,0.651354857898194,0.651354857898194,0.817574478416099,0.43782349911420193,0.4378234991142019,0.7549149923816048,0.3486451285660856,0.4073334000459302,0.7549149813536518,0.4073334000459302,0.5312093733737563,0.8519527963298947,0.6224593312018546,0.40733340004593027,0.3486451353339457,0.3486451285660856,0.5312093733737563,0.6654105653819835,0.4073334000459302
0.5,0.7981867729389246,0.18242552158390102,0.7772998560157663,0.32082130731838393,0.4378234991142019,0.7662936377487304,0.3775406617944891,0.6513548782017745,0.7310585727705127,0.8175744806385542,0.7310585727705126,0.3208213138121609,0.37754066879814546,0.5,0.3775406687981454,0.40733340004593027,0.7057850216484838,0.2942149783515162,0.7772998560157665,0.766293653760418
0.6224593382055109,0.826711787666479,0.8175744695262777,0.5621765008857981,0.5621765008857981,0.679178699175393,0.5,0.4378234991142019,0.46879062662624377,0.5926665999540698,0.5926665999540698,0.851952809486198,0.8175744695262775,0.7549149923816048,0.5621765008857981,0.8175744828610095,0.46879062662624377,0.4687906266262437,0.8519528076067262,0.7981867777396211,0.5312093733737563
0.4073334000459302,0.42250463481418826,0.8670357718273068,0.8740772368049823,0.4073334000459302,0.5,0.6224593312018545,0.1824255304737224,0.7057850340255387,0.843895100591521,0.7310585727705126,0.42250463481418826,0.5774953651858117,0.6224593312018546,0.4687906266262437,0.40733340004593027,0.5,0.34864513533394575,0.40733340004593027,0.40733340004593027,0.5
0.19193278875832634,0.18242551936144574,0.3775406687981454,0.1919327864472368,0.34864513533394575,0.2568319856991699,0.2689414272294874,0.8519528000888386,0.7057850216484838,0.34864514210180597,0.4378234991142019,0.7549149923816048,0.2689414213699951,0.2814056194821862,0.29421498454004374,0.8267117898012105,0.34864514886966635,0.3629692124105861,0.3486451353339458,0.4073334000459302,0.2942149659744614
0.5621765008857981,0.6791786926816161,0.7057850340255386,0.39233682306197715,0.7057850340255386,0.5926665999540697,0.3486451285660856,0.8175744739711883,0.8740772302445241,0.6224593312018546,0.6224593241981982,0.3486451285660856,0.679178699175393,0.3208213138121609,0.43782349911420193,0.7057850216484838,0.4073334000459302,0.7310585727705127,0.7310585669110202,0.40733340004593027,0.6224593312018546
0.43782349911420193,0.7057850278370112,0.7549149813536518,0.5312093733737563,0.6513548714339144,0.7549149868676283,0.7772998611746911,0.6224593382055109,0.7057850278370111,0.5,0.4378234991142019,0.5,0.6224593312018546,0.5312093733737562,0.651354857898194,0.7772998560157665,0.7057850402140659,0.6224593241981982,0.7057850216484838,0.6224593312018546,0.5
0.8872046026642944,0.3629692055196168,0.8175744695262775,0.8596637523076225,0.7772998611746911,0.34864513533394575,0.24508501864634824,0.33458944125318596,0.46879062662624377,0.3629692055196168,0.5926665999540698,0.3486451285660856,0.20181323186177208,0.5,0.33458943461801643,0.3629692055196168,0.5,0.8080672066194945,0.4073334000459302,0.8080672227971211,0.2942149721629888
0.5312093733737563,0.4687906266262437,0.4687906266262437,0.7662936377487305,0.4073334000459302,0.7431680143008301,0.899121375242593,0.5,0.8080672158638528,0.9525741242979905,0.914900950352329,0.9284088025362857,0.43782349911420193,0.5621765008857981,0.9324533069832973,0.909907004816507,0.7057850278370112,0.9525741258126561,0.39233683016710835,0.6926419831347361,0.2689414096510109
0.7310585844894971,0.3775406687981454,0.3775406758018019,0.5,0.4073334000459302,0.5312093733737562,0.9284088025362857,0.8807970842359877,0.8519528076067262,0.8080672066194946,0.9324533121452494,0.8670357580842941,0.718594386544335,0.9399133485636499,0.6370308082623217,0.7662936430859597,0.9525741226150287,0.42250463481418826,0.5926665999540698,0.9648551524622959,0.7057850216484838
0.30735801686526387,0.6791787056691697,0.4073334000459302,0.6224593312018545,0.7057850216484838,0.16451646289656316,0.6791787056691698,0.7057850216484838,0.2337063622512696,0.5,0.46879062662624377,0.19193278182505782,0.1732882123335211,0.20181321265898589,0.256831980010821,0.6654105720171531,0.22270012850745968,0.1824255304737224,0.5312093733737563,0.20181322466072713,0.15610489351941398
0.4378234991142019,0.2018132126589859,0.1561049052975445,0.679178699175393,0.4687906266262437,0.46879062662624377,0.7981867777396211,0.40733340004593027,0.30735802320985245,0.34864514210180597,0.4687906266262437,0.37754067580180184,0.32082130731838393,0.3208213008246071,0.3775406687981454,0.5621765008857982,0.5,0.2018132126589859,0.33458944125318607,0.5312093733737563,0.34864513533394575
0.8807970811069351,0.2689414213699951,0.7879312031126512,0.23370634623958197,0.2814056014026228,0.4073334000459302,0.37754066879814546,0.5,0.3775406687981454,0.34864514210180597,0.5312093733737563,0.40733340004593027,0.5926665999540697,0.5,0.4532618480153861,0.2018132198600306,0.26894141551050293,0.2689414272294874,0.8596637469145054,0.43782349911420193,0.3775406687981454
0.8267117940706734,0.4687906266262437,0.8175744673038222,0.8080672112416737,0.7549149978955811,0.2689414272294874,0.3208213138121609,0.7772998508568416,0.34864513533394575,0.7772998663336158,0.4687906266262437,0.26894141551050293,0.46879062662624377,0.46879062662624377,0.43782349911420193,0.34864513533394575,0.4687906266262437,0.320821300824607,0.29421498454004374,0.32082131381216084,0.3208213138121609
0.37754066879814546,0.3775406687981454,0.5926665999540698,0.7662936484231889,0.5,0.5,0.817574471748733,0.6224593312018546,0.2814055953761018,0.2120688068470242,0.18242552380635635,0.28140560742914383,0.2689414330889798,0.46879062662624377,0.23370635157681108,0.20181321745968234,0.1919327841361473,0.2689414330889797,0.4073334000459302,0.5,0.5621765008857981
0.5621765008857981,0.4687906266262437,0.28140560742914383,0.4378234991142019,0.8991213711878918,0.7431680029241321,0.4225046348141882,0.4378234991142019,0.5312093733737563,0.936285010637175,0.4378234991142019,0.43782349911420193,0.7310585727705127,0.3775406687981455,0.5312093733737563,0.9099070121457543,0.9284088060027523,0.6224593312018546,0.7431680029241321,0.8175744695262777,0.7772998611746912
0.9149009625340367,0.909907002984195,0.7310585727705127,0.7057850278370112,0.9099070109242131,0.9099069987088003,0.6224593312018546,0.7310585727705126,0.7549149923816048,0.7772998560157665,0.5926665999540698,0.6513548714339145,0.9433475758865687,0.7310585903489891,0.5926665999540698,0.5926665999540698,0.679178692681616,0.5312093733737562,0.9099070090919013,0.679178692681616,0.9196425317283919
0.7549149758396752,0.40733340004593027,0.3923368372722396,0.5,0.7549149923816048,0.46879062662624377,0.42250463481418826,0.8438951005915208,0.8807970795424088,0.6224593312018546,0.5312093733737563,0.5312093733737563,0.5926665999540698,0.5,0.9241418184118163,0.7549149923816048,0.8354835289107309,0.8175744673038222,0.731058584489497,0.6791786926816161,0.5926665999540698
0.8991213745668095,0.40733340004593027,0.43782349911420193,0.3629692055196168,0.4687906266262437,0.9196425284247979,0.817574471748733,0.8991213820004279,0.5,0.5,0.34864514886966624,0.348645142101806,0.5621765008857981,0.5312093733737563,0.7772998611746911,0.4378234991142019,0.7879311931529758,0.3775406687981454,0.8740772318846386,0.9284087995650284,0.8740772318846386
0.9525741298517643,0.7431680029241321,0.8740772335247532,0.6224593312018546,0.7185943925708561,0.7431680029241321,0.7549149868676283,0.8933094081846421,0.8670357649558006,0.7431680029241321,0.5312093733737563,0.9099070133672954,0.7057850216484838,0.7310585727705126,0.909906997487259,0.5926665999540698,0.37754066879814546,0.4687906266262437,0.9241418252018901,0.9579122693809591,0.3208213008246071
0.3208213138121609,0.21206880435710534,0.1403362530854946,0.14804720179063333,0.18242551713899044,0.18242552158390102,0.1919327818250578,0.18242553047372242,0.26894142136999516,0.766293653760418,0.5621765008857982,0.7772998611746912,0.11279540702849221,0.7310585903489892,0.12592277139559055,0.3208212943308302,0.43782349911420193,0.8354835371034368,0.1329642436335826,0.13296424878721277,0.5926665999540698
0.43782349911420193,0.26894141551050293,0.5,0.18242553047372242,0.5,0.5,0.3775406687981454,0.5312093733737563,0.32082129433083023,0.7981867801399695,0.5926665999540698,0.2568319856991699,0.43782349911420193,0.5621765008857981,0.22270013366638422,0.8519528019683106,0.8933094088947399,0.22270013882530884,0.40733340004593027,0.2018132150593341,0.8596637469145053
0.9496693702514737,0.3629692055196168,0.7057850402140659,0.334589441253186,0.37754066879814546,0.8807970826714614,0.8596637505099167,0.37754066879814546,0.3345894346180165,0.5926665999540697,0.7981867825403176,0.34864513533394575,0.9099070084811307,0.4378234991142019,0.6224593312018546,0.46879062662624377,0.32082130731838393,0.8354835330070839,0.7310585727705126,0.651354857898194,0.40733340004593027
0.8354835330070839,0.7662936484231889,0.8519528019683106,0.20181322946142374,0.26894141551050293,0.28140561345566495,0.22270013882530887,0.21206880186718646,0.3486451285660856,0.21206880933694314,0.25683199138751883,0.29421497216298875,0.2942149783515162,0.11920291263495983,0.20181323186177208,0.3923368301671084,0.6224593382055109,0.30735801686526387,0.2120688018671865,0.13296423676207597,0.7310585669110202
0.21206879937726764,0.679178699175393,0.18242551713899044,0.24508501313237172,0.2942149659744614,0.7057850278370112,0.5621765008857981,0.24508501864634824,0.6224593312018546,0.6224593382055109,0.5926665999540698,0.5926665999540697,0.43782349911420193,0.19193278413614728,0.20181321265898594,0.5312093733737562,0.12592275171421674,0.6513548646660542,0.5621765008857982,0.5,0.6224593312018546
0.8438951084436077,0.7057850154599562,0.22270014398423357,0.5,0.334589441253186,0.2689414213699951,0.5621765008857981,0.2689414096510108,0.5621765008857981,0.798186775339273,0.679178699175393,0.2814055953761019,0.7057850340255386,0.33458943461801643,0.2120688093369431,0.7057850278370112,0.22270014914315836,0.25683199138751883,0.21206880684702423,0.22270012850745968,0.28140560140262283
0.8596637559030338,0.8354835391516133,0.7310585903489891,0.5621765008857982,0.30735801686526387,0.43782349911420193,0.5926665999540698,0.33458942798284697,0.3208213138121609,0.29421498454004374,0.46879062662624377,0.3775406687981454,0.5,0.8807970670261976,0.8267118026095991,0.34864512179822543,0.3486451217982255,0.3486451217982255,0.34864514210180597,0.40733340004593027,0.5156199157230157
0.9046505434556231,0.7549149868676283,0.8519527963298946,0.30735802320985245,0.36296921241058616,0.256831980010821,0.5,0.40733340004593027,0.8670357615200475,0.6513548782017745,0.40733340004593027,0.651354857898194,0.8596637541053281,0.6791787056691698,0.7057850154599563,0.5312093733737563,0.4687906266262437,0.23370636758849894,0.8175744806385543,0.26894141551050293,0.4687906266262437
0.7549149758396752,0.6791787056691698,0.256832002764217,0.23370635691404026,0.7057850216484838,0.17328819739040088,0.1919327864472368,0.28140561345566495,0.679178692681616,0.256832002764217,0.22270012850745968,0.18242552158390102,0.6926419704455588,0.2018132174596823,0.7549149813536518,0.6791787056691698,0.21206879688734884,0.2450850021044189,0.20181322706107538,0.6224593382055109,0.18242552158390102
0.8519527963298947,0.8596637487122111,0.4687906266262437,0.8354835350552604,0.4687906266262437,0.5,0.8354835432479661,0.320821300824607,0.9046505267461572,0.4687906266262437,0.4378234991142019,0.5926665999540698,0.4687906266262437,0.39233683016710835,0.46879062662624377,0.5,0.4378234991142019,0.622459324198198,0.5,0.5926665999540698,0.8991213826762113
0.7662936430859597,0.16451646699291617,0.182425528251267,0.46879062662624377,0.1403362494900832,0.19193279569159502,0.09009298602193394,0.5926665999540697,0.1329642264548166,0.25683199138751883,0.5621765008857982,0.46879062662624377,0.182425528251267,0.23370634623958197,0.24508501313237174,0.1403362494900832,0.5,0.19193278413614728,0.6513548714339145,0.6224593241981982,0.16451645880021024
0.5621765008857981,0.5156199157230156,0.8596637523076225,0.33458943461801643,0.4378234991142019,0.6791787056691698,0.5467381519846138,0.6513548511303338,0.5467381519846138,0.39233683016710835,0.5774953651858118,0.8872045907347108,0.34864514210180597,0.4073334000459302,0.5621765008857981,0.34864513533394575,0.40733340004593027,0.6926419894793248,0.43782349911420193,0.42250463481418826,0.32082129433083023
0.5312093733737563,0.679178699175393,0.8175744828610095,0.2942149659744614,0.28140560742914383,0.7981867825403177,0.2689414272294874,0.7981867753392728,0.7772998611746912,0.8175744739711883,0.3775406687981454,0.22270013366638422,0.2689414330889797,0.3486451488696663,0.8670357666736772,0.3208212943308302,0.4687906266262437,0.7310585669110203,0.7772998611746912,0.7981867801399695,0.2942149659744614
0.7057850278370112,0.6076631698328916,0.6224593312018546,0.6370307944803832,0.6513548511303338,0.22270013366638422,0.6224593312018545,0.40733340004593027,0.5312093733737563,0.5774953651858118,0.2450850021044189,0.37754066879814546,0.5926665999540698,0.8438950986284991,0.8740772466456689,0.8740772318846386,0.8670357529306639,0.5,0.5312093733737562,0.6076631698328917,0.43782349911420193
0.8519528038477824,0.23370635691404026,0.14804719803168948,0.22270013366638425,0.5467381519846138,0.18242551936144574,0.20181322946142374,0.6224593312018546,0.3486451353339457,0.6791787056691698,0.334589441253186,0.5,0.5621765008857981,0.22270013366638425,0.2018132150593341,0.7185944046238981,0.3073580295544412,0.5312093733737563,0.20181321265898594,0.24508500761839522,0.5926665999540698
0.8596637541053281,0.19193278182505782,0.256831980010821,0.21206879688734884,0.8438950986284991,0.5312093733737562,0.817574478416099,0.5,0.4073334000459302,0.3073580168652638,0.6513548646660542,0.40733340004593027,0.40733340004593027,0.3775406687981454,0.46879062662624377,0.4073334000459302,0.2942149597859341,0.8354835391516133,0.7981867729389246,0.32082130731838393,0.23370636225126956
0.7310585844894971,0.2568319856991699,0.6370307944803831,0.6791786926816161,0.7772998663336158,0.16451646289656316,0.1824255326961778,0.16451646289656316,0.21206881431678098,0.731058584489497,0.1403362530854946,0.5621765008857981,0.19193279106941588,0.21206880933694314,0.28140561345566495,0.16451645675203386,0.6513548782017745,0.1645164608483867,0.22270013882530884,0.7310585786300049,0.1561048974454574
0.975576908303814,0.9525741259809524,0.7549149868676283,0.9149009596336303,0.8175744673038222,0.9579122753885635,0.9324533130837862,0.9579122750881833,0.8933094003735664,0.7772998508568417,0.5621765008857981,0.8519527982093666,0.6513548646660542,0.798186787341014,0.7772998560157665,0.9046505351008906,0.8080672066194946,0.731058584489497,0.9579122686300084,0.7310585786300049,0.9099070066488189
0.9284087980793998,0.5926665999540698,0.46879062662624377,0.7549149868676283,0.8519527963298947,0.6513548646660543,0.5312093733737563,0.7057850154599563,0.5621765008857981,0.679178699175393,0.9399133519298963,0.9525741236248059,0.7310585727705127,0.9433475729002123,0.9241418147556224,0.7549149868676283,0.6513548714339145,0.9579122687801986,0.9525741241296943,0.9669140232797719,0.5
0.679178699175393,0.19193279106941585,0.26894141551050293,0.15610489548243567,0.1329642384799526,0.12592277303570512,0.1824255304737224,0.5926665999540698,0.5467381519846138,0.665410572017153,0.5926665999540698,0.14033624409696624,0.2227001336663842,0.5926665999540697,0.10669058613457583,0.08509904152653235,0.11279540479169524,0.10087861732378865,0.12592277139559052,0.12592275335433112,0.25683199138751883
0.8872046034098934,0.24508501864634824,0.320821300824607,0.25683199707586785,0.30735801686526387,0.7981867801399694,0.6224593312018545,0.8354835330070839,0.2942149659744614,0.7981867825403177,0.26894141551050293,0.30735801052067535,0.22270013366638425,0.29421497216298875,0.5926665999540697,0.24508501864634827,0.7057850278370112,0.6224593312018546,0.24508500761839525,0.34864512856608554,0.7310585844894971
0.5621765008857981,0.7549149868676283,0.5621765008857982,0.25683199138751883,0.7057850216484838,0.17328820379459514,0.6791787056691698,0.4687906266262437,0.320821300824607,0.30735801686526387,0.3923368301671084,0.20181321745968234,0.7981867729389246,0.24508500761839525,0.826711787666479,0.3073580105206753,0.22270012850745968,0.8080672135527632,0.40733340004593027,0.7879311931529758,0.8354835289107307
0.5312093733737562,0.18242551713899047,0.17328821019878954,0.4073334000459302,0.5,0.4378234991142019,0.37754066879814546,0.19193279106941588,0.2018132246607271,0.731058584489497,0.19193278875832634,0.7310585669110202,0.320821300824607,0.46879062662624377,0.320821300824607,0.2450850131323717,0.754914997895581,0.3208213138121609,0.8175744739711883,0.3208212943308302,0.7431679972357831
0.4073334000459302,0.5,0.5621765008857981,0.24508501313237172,0.233706346239582,0.16451646084838667,0.21206879937726764,0.18242552825126704,0.17328821233352107,0.3486451353339458,0.18242552825126704,0.16451646289656313,0.2814056194821861,0.1066905939456512,0.2120688093369431,0.5,0.19193278182505782,0.665410558746814,0.23370634623958195,0.6654105521116443,0.2227001285074597
0.880797071719777,0.23370636758849891,0.22270013366638422,0.46879062662624377,0.2689414096510108,0.5926665999540698,0.29421497216298875,0.78793120560257,0.2450850131323717,0.798186784940666,0.320821300824607,0.46879062662624377,0.651354857898194,0.8438951005915208,0.2942149721629888,0.2814055953761019,0.16451646494473965,0.2337063515768111,0.32082131381216084,0.23370635157681108,0.6513548782017745
0.22270013366638422,0.15610489351941398,0.1480471999111614,0.13296424535145931,0.22270014398423357,0.5312093733737562,0.20181322466072713,0.2689414213699951,0.2689414272294874,0.2018132150593341,0.3486451285660856,0.2689414213699951,0.6513548578981939,0.6791787056691698,0.5621765008857981,0.256831980010821,0.320821300824607,0.2018132270610754,0.22270013366638422,0.3486451353339457,0.21206881182686205
0.5,0.3629692055196168,0.3486451285660856,0.25683199138751883,0.256832002764217,0.32082130082460697,0.20181322466072713,0.6224593312018546,0.8080672181749422,0.679178699175393,0.2814056194821862,0.6224593312018545,0.21206879937726766,0.7981867729389246,0.23370635157681108,0.24508500761839527,0.6224593241981982,0.268941415510503,0.6791787056691698,0.679178699175393,0.6513548578981939
0.4378234991142019,0.19193277720287893,0.46879062662624377,0.5621765008857982,0.23370636225126956,0.46879062662624377,0.5621765008857981,0.29421497216298875,0.5621765008857981,0.32082131381216084,0.23370635157681105,0.6370308082623217,0.22270014398423355,0.4378234991142019,0.39233683016710835,0.7981867705385762,0.20181321505933414,0.40733340004593027,0.4073334000459302,0.5926665999540698,0.4378234991142019
0.5156199157230156,0.3923368301671084,0.3073580105206753,0.34864513533394575,0.5926665999540698,0.904650538956921,0.7057850216484838,0.6224593312018546,0.3208212943308302,0.8807970811069351,0.5926665999540698,0.5621765008857981,0.28140560742914383,0.3486451488696663,0.26894142136999516,0.5,0.8670357666736772,0.7057850278370112,0.2942149721629888,0.3486451353339457,0.3775406687981454
0.8080672089305841,0.28140560742914383,0.1919327864472368,0.12592277467581975,0.14033624229926062,0.14033624769237754,0.1329642436335826,0.11279541672127952,0.34864514886966624,0.1824255304737224,0.12592275663455993,0.21206880684702423,0.40733340004593027,0.16451645675203383,0.1824255304737224,0.14804719427274568,0.18242551936144574,0.2018132150593341,0.48438008427698437,0.16451646904109266,0.22270013882530884
0.9241418267688302,0.7981867825403176,0.46879062662624377,0.9362849995254918,0.7549149758396752,0.8354835309589073,0.5312093733737563,0.6513548646660542,0.6513548782017745,0.6791787121629466,0.5621765008857981,0.9553191251159981,0.5926665999540698,0.7310585727705126,0.8670357546485408,0.8933094032139577,0.7057850216484838,0.7549149978955811,0.5,0.8670357546485407,0.7879311981328134
0.1645164608483867,0.14804719051380194,0.46879062662624377,0.10087862678475762,0.22270013882530884,0.10669059962643358,0.10669059749614017,0.14804719051380197,0.4843800842769843,0.1480471923932738,0.15610489155639232,0.6224593312018545,0.14033624589467186,0.1192029188930649,0.15610489548243567,0.12592276811536138,0.11279539509890883,0.09534947196849916,0.14804719615221756,0.12592275991478885,0.11279540106370038
0.6513548646660542,0.8175744850834648,0.40733340004593027,0.679178699175393,0.33458944788835565,0.32082129433083023,0.8080672158638527,0.7981867729389246,0.3775406687981454,0.1824255304737224,0.37754066879814546,0.22270013366638425,0.4073334000459302,0.8807970779778825,0.8596637577007394,0.42250463481418826,0.348645142101806,0.2942149783515162,0.8080672158638527,0.22270013366638422,0.5
0.8175744695262777,0.23370636225126953,0.21206880684702423,0.32082130731838393,0.6224593382055109,0.7549149923816048,0.7057850340255386,0.29421498454004374,0.34864513533394575,0.34864514210180597,0.7549149813536518,0.7981867825403177,0.7310585903489891,0.2942149659744614,0.20181322226037882,0.2227001439842336,0.22270013882530884,0.34864514210180597,0.5926665999540698,0.24508501864634827,0.24508502416032485
0.7310585844894971,0.7549149868676283,0.25683200276421697,0.6513548782017745,0.5621765008857981,0.40733340004593027,0.3629691986286475,0.22270013366638422,0.30735800417608683,0.8080672112416736,0.6791787056691698,0.37754067580180184,0.3923368301671084,0.34864513533394575,0.20181323186177205,0.6513548646660543,0.3208213073183839,0.19193278182505782,0.32082131381216084,0.22270012850745968,0.6791787121629465
0.6370307875894139,0.46879062662624377,0.2689414096510109,0.3775406687981454,0.5926665999540698,0.8596637559030338,0.37754066879814546,0.7879312006227324,0.8670357666736772,0.3208212943308302,0.6224593312018546,0.8807970858005139,0.7772998663336158,0.6513548646660543,0.6513548782017745,0.3486451488696663,0.33458944788835565,0.679178692681616,0.37754066879814546,0.5,0.8740772417253256
0.8354835432479661,0.6224593312018545,0.5621765008857982,0.5312093733737563,0.22270014398423357,0.21206879439743007,0.256831980010821,0.25683199707586785,0.5926665999540697,0.8175744806385543,0.32082130731838393,0.40733340004593016,0.5621765008857981,0.817574478416099,0.24508500761839525,0.7662936430859597,0.25683199138751883,0.3208213073183839,0.21206881431678098,0.5,0.3486451488696663
0.46879062662624377,0.8175744695262777,0.6926419958239132,0.4378234991142019,0.4225046348141882,0.3486451285660856,0.43782349911420193,0.4378234991142019,0.8354835432479661,0.32082130082460697,0.2942149783515162,0.5312093733737562,0.8807970889295664,0.7057850154599563,0.6791787056691697,0.34864513533394575,0.34864512856608554,0.2689414096510109,0.20181321745968234,0.40733340004593027,0.22270014398423357
0.7310585727705127,0.5312093733737563,0.40733340004593027,0.5312093733737563,0.8354835330070839,0.7549149978955811,0.705785040214066,0.9149009636941993,0.7549149923816048,0.9046505299595162,0.43782349911420193,0.8175744739711883,0.7057850154599562,0.5312093733737563,0.5312093733737563,0.5621765008857982,0.8740772384450967,0.9196425278741989,0.40733340004593027,0.8519527963298947,0.6224593241981982
0.9284088055075428,0.9099070103134425,0.5467381519846138,0.9284087951081423,0.7431680086124812,0.7549149868676283,0.8933094074745445,0.9046505325302034,0.6926419767901475,0.7185943925708562,0.6791786926816161,0.7185943805178139,0.5312093733737563,0.9284087960985615,0.4225046348141882,0.9284087960985615,0.6513548646660542,0.6926419831347361,0.731058584489497,0.6370308082623217,0.8991213820004279
0.22270014914315836,0.5,0.14804720179063335,0.14804719615221756,0.0953494629710942,0.15610489548243567,0.39233683016710835,0.6370307806984444,0.5926665999540698,0.10087862881210821,0.19193279106941588,0.16451646904109266,0.14033625308549463,0.4378234991142019,0.5,0.5312093733737563,0.5467381519846138,0.17328821019878957,0.060086653750644634,0.12592275991478882,0.08509904558710156
0.5621765008857981,0.37754067580180184,0.3775406687981454,0.3775406617944891,0.7310585903489891,0.5,0.679178686187839,0.4378234991142019,0.7310585727705127,0.5621765008857981,0.7549149813536518,0.9241418252018903,0.7057850340255386,0.6513548511303338,0.5621765008857981,0.3775406687981454,0.6224593241981982,0.4687906266262437,0.4378234991142019,0.5,0.6224593382055109
0.9626731095770201,0.7310585669110202,0.29421497216298875,0.8933094152856197,0.29421495978593404,0.3345894346180164,0.8991213684847577,0.28140560140262283,0.8991213678089741,0.6224593241981982,0.5621765008857981,0.8080672135527632,0.37754066879814546,0.731058584489497,0.6224593312018546,0.3629691917376783,0.3345894478883556,0.4378234991142019,0.8933094167058151,0.6224593312018546,0.7310585669110202
0.9724147194220292,0.7549149978955811,0.6513548511303338,0.46879062662624377,0.7057850340255386,0.7310585727705127,0.7772998663336158,0.6513548714339144,0.28140561345566495,0.5926665999540697,0.5312093733737563,0.651354857898194,0.3629691917376783,0.7310585727705126,0.679178692681616,0.7057850402140659,0.40733340004593027,0.6224593312018546,0.5312093733737562,0.9284088074883808,0.5
0.7772998663336158,0.2689414096510109,0.6513548782017745,0.6224593382055109,0.2689414330889797,0.3208212878370535,0.3775406687981454,0.34864514210180597,0.32082130731838393,0.4073334000459302,0.3775406687981454,0.4073334000459302,0.5,0.3775406687981454,0.2942149845400438,0.29421495978593404,0.40733340004593027,0.7772998560157665,0.46879062662624377,0.7981867825403177,0.1919327841361473
0.32082129433083023,0.679178699175393,0.5621765008857981,0.15610489940847913,0.40733340004593027,0.6224593312018546,0.5926665999540698,0.1919327772028789,0.20181323186177208,0.6654105653819836,0.2018132150593341,0.6791786861878392,0.14804719051380194,0.5926665999540698,0.7057850154599563,0.4073334000459302,0.21206879688734884,0.5,0.0850990490675896,0.29421495978593415,0.32082128783705344
0.5621765008857982,0.9099070115349838,0.2689414213699951,0.7057850402140659,0.5926665999540698,0.7879312006227324,0.36296920551961676,0.36296921930155557,0.6926419831347361,0.9099070090919013,0.48438008427698437,0.3923368301671084,0.45326184801538616,0.7549149813536518,0.4532618480153861,0.9324533126145179,0.9284088020410761,0.5,0.45326184801538616,0.7662936377487304,0.9399133517195061
0.7981867825403176,0.8175744695262777,0.4378234991142019,0.8596637541053281,0.3775406687981454,0.46879062662624377,0.8670357494949105,0.24508501313237172,0.33458942798284697,0.6224593312018545,0.7549149813536518,0.2814055953761018,0.5926665999540698,0.7981867801399695,0.22270013882530887,0.7549149923816048,0.651354857898194,0.29421497216298875,0.2689414096510108,0.37754066879814546,0.20181322226037882
0.798186775339273,0.24508500210441886,0.7981867873410141,0.5312093733737563,0.19193278875832634,0.25683200276421697,0.2689414330889797,0.6224593312018546,0.679178699175393,0.6224593241981982,0.3486451353339458,0.23370635157681108,0.21206879688734884,0.651354857898194,0.6513548646660543,0.2018132150593341,0.8175744828610095,0.34864512179822543,0.7057850154599563,0.7310585727705126,0.20181321745968236
0.5,0.7057850216484838,0.6224593312018546,0.5,0.5312093733737563,0.4378234991142019,0.5,0.9241418257242036,0.46879062662624377,0.6791787056691698,0.9046505421702797,0.9399133531922388,0.9324533036984185,0.5,0.8933094053442511,0.9046505370289059,0.5312093733737563,0.5312093733737563,0.9046505376715775,0.8991213853793453,0.4378234991142019
0.6370307806984444,0.37754066879814546,0.4073334000459302,0.5621765008857981,0.2450850131323717,0.7662936377487304,0.3775406687981454,0.28140561345566495,0.5926665999540698,0.43782349911420193,0.679178699175393,0.30735802320985245,0.32082129433083023,0.3073580232098525,0.8175744673038222,0.8438951005915208,0.29421496597446134,0.8519527944504227,0.34864513533394575,0.798186768138228,0.8740772269642948
0.9525741263175447,0.42250463481418826,0.6224593312018546,0.8807970889295664,0.8991213820004279,0.34864514210180597,0.8933093982432729,0.37754066879814546,0.30735801686526387,0.2942149783515162,0.4073334000459302,0.7057850154599562,0.5621765008857981,0.30735801052067535,0.6224593312018546,0.3208212943308302,0.34864512856608554,0.5312093733737563,0.23370634623958195,0.46879062662624377,0.7431680029241321
0.8807970904940926,0.25683200276421697,0.25683199138751883,0.33458944125318596,0.3486451217982255,0.5,0.20181322226037884,0.21206880435710534,0.817574471748733,0.2942149783515162,0.22270013366638425,0.26894141551050293,0.7549149923816048,0.2942149783515162,0.808067208930584,0.2942149659744614,0.7981867801399694,0.34864512856608554,0.28140560140262283,0.2814056074291439,0.8175744695262775
0.5621765008857981,0.37754066879814546,0.4378234991142019,0.7772998663336158,0.6513548646660543,0.8354835391516133,0.7310585786300048,0.24508501313237172,0.8175744761936438,0.46879062662624377,0.8267117983401363,0.29421498454004374,0.5621765008857981,0.3486451217982255,0.43782349911420193,0.6513548646660543,0.3345894478883556,0.6224593312018546,0.6791786861878392,0.5312093733737563,0.4073334000459302
0.6224593312018546,0.7772998714925403,0.665410558746814,0.16451646289656316,0.5,0.2942149783515162,0.5926665999540697,0.5,0.5926665999540698,0.26894141551050293,0.24508500761839527,0.6224593312018546,0.23370635157681108,0.24508500761839525,0.7549149868676283,0.22270012850745965,0.23370636225126956,0.21206879937726766,0.7549149923816048,0.28140561345566495,0.7057850340255385
0.5312093733737563,0.5926665999540697,0.7549149923816048,0.7549149758396752,0.19193279569159505,0.7310585786300049,0.8267117898012105,0.7772998560157665,0.24508501313237172,0.22270013366638422,0.23370634623958195,0.2450850021044189,0.5621765008857981,0.46879062662624377,0.8438951045175643,0.5312093733737562,0.7662936377487305,0.46879062662624377,0.3073580105206753,0.4073334000459302,0.5926665999540698
0.7772998663336158,0.14033624949008322,0.14033625308549463,0.12592275663455996,0.10669059820623797,0.6224593312018546,0.5621765008857981,0.1919327887583263,0.5312093733737563,0.19193279338050542,0.17328820165986367,0.14804719803168945,0.46879062662624377,0.4687906266262437,0.16451646904109268,0.12592275663455996,0.1732882059293266,0.5,0.10669059465574898,0.1480471923932738,0.6513548511303338
0.5,0.3775406687981454,0.4073334000459302,0.2337063515768111,0.2942149659744614,0.5926665999540698,0.22270013366638422,0.4073334000459302,0.6224593382055109,0.22270014398423357,0.33458942798284697,0.3775406687981454,0.8872045847699186,0.5312093733737563,0.4073334000459302,0.4378234991142019,0.4073334000459302,0.8267117940706734,0.5,0.8080672227971211,0.7879312006227324
0.3486451217982255,0.4687906266262437,0.3208212878370535,0.6513548714339145,0.4073334000459302,0.8438950986284991,0.4378234991142019,0.2018132270610754,0.6513548782017745,0.4073334000459302,0.22270013366638425,0.43782349911420193,0.32082128783705344,0.40733340004593027,0.6513548646660542,0.40733340004593027,0.46879062662624377,0.43782349911420193,0.8933094060543488,0.679178699175393,0.8596637433190939
0.3208213138121609,0.5926665999540698,0.6926419767901475,0.8519527982093666,0.30735802955444114,0.7057850154599563,0.8670357718273068,0.6224593312018546,0.46879062662624377,0.8807970795424087,0.6513548782017745,0.4378234991142019,0.45326184801538616,0.8872045989362995,0.7057850278370112,0.6224593312018546,0.731058584489497,0.8991213671331905,0.40733340004593027,0.6224593312018545,0.7057850402140659
0.14033625668090613,0.5926665999540698,0.5621765008857982,0.14804719615221756,0.46879062662624377,0.3775406758018019,0.17328820592932662,0.1732882059293266,0.20181321505933414,0.09534945847239203,0.10669059039516232,0.5312093733737563,0.4843800842769843,0.08509904500702023,0.18242552602881168,0.20181321986003056,0.43782349911420193,0.10669058968506458,0.4073334000459302,0.156104893519414,0.5312093733737562
0.5312093733737563,0.6224593382055109,0.679178699175393,0.348645142101806,0.6224593312018546,0.9046505331728751,0.40733340004593027,0.843895106480586,0.4687906266262437,0.4378234991142019,0.8933094096048377,0.40733340004593027,0.9099070115349838,0.5312093733737563,0.5,0.4687906266262437,0.5621765008857981,0.3775406617944891,0.9099070115349838,0.5,0.7057850340255386
0.7662936430859597,0.36296921930155557,0.8438951025545426,0.6513548646660543,0.29421497835151617,0.3073580232098525,0.24508500761839527,0.37754066879814546,0.651354857898194,0.7772998560157665,0.30735802955444114,0.5926665999540698,0.851952809486198,0.8596637505099167,0.3073580168652638,0.7549149758396752,0.29421497216298875,0.5621765008857981,0.7310585669110203,0.8175744761936437,0.7879311981328135
0.8080672066194946,0.191932795691595,0.19193279338050545,0.5621765008857981,0.16451646904109266,0.651354857898194,0.1919327864472368,0.6926419958239133,0.1732882037945951,0.5621765008857981,0.1732881995251323,0.20181322226037882,0.22270014914315836,0.25683198001082097,0.7057850340255386,0.5926665999540698,0.22270014398423355,0.1561048974454574,0.17328821019878957,0.14033624769237754,0.6224593382055109
0.9648551510727381,0.7549149813536518,0.4073334000459302,0.7981867825403177,0.7057850340255386,0.5312093733737563,0.880797085800514,0.8807970795424088,0.46879062662624377,0.7549149923816048,0.4687906266262437,0.40733340004593027,0.9099070145888366,0.7310585727705127,0.7981867705385762,0.5621765008857982,0.7981867825403176,0.5,0.8991213691605412,0.5,0.7549149868676284
0.4378234991142019,0.3775406687981454,0.5621765008857982,0.14804719427274568,0.40733340004593027,0.3486451217982255,0.24508501864634827,0.19193279106941585,0.19193279106941588,0.37754066879814546,0.1066905854244781,0.16451645675203383,0.32082130731838393,0.7057850216484838,0.1645164628965632,0.23370636225126953,0.11279540106370038,0.22270014398423357,0.1561048954824357,0.17328821019878954,0.2450850021044189
0.40733340004593027,0.1732881995251323,0.7310585669110202,0.46879062662624377,0.1403362530854946,0.5926665999540697,0.11279541448448238,0.15610489940847913,0.3208213073183839,0.21206881182686205,0.14033624229926062,0.3629692055196168,0.6513548511303336,0.22270012850745968,0.11279539957250247,0.6791786991753931,0.43782349911420193,0.8175744761936437,0.12592275499444552,0.1480471999111614,0.24508500761839527
0.8933093961129794,0.39233682306197715,0.34864513533394575,0.851952809486198,0.5312093733737562,0.665410558746814,0.8740772253241802,0.8519527944504227,0.8872045989362997,0.8991213853793452,0.5926665999540698,0.2942149659744614,0.2814055953761018,0.6224593312018546,0.4073334000459302,0.46879062662624377,0.7057850154599562,0.3775406687981454,0.6224593312018545,0.5,0.40733340004593027
0.32082131381216095,0.23370635157681108,0.6224593312018546,0.5926665999540698,0.3486451285660856,0.20181321265898594,0.754914975839675,0.26894141551050293,0.7310585903489891,0.7310585786300049,0.2568319913875189,0.2689414096510108,0.22270014398423355,0.6513548646660543,0.7772998714925403,0.2814056074291439,0.2018132150593341,0.24508501313237172,0.5621765008857981,0.7310585844894971,0.7310585727705126
0.43782349911420193,0.23370636225126953,0.29421497216298875,0.8175744739711883,0.39233683016710835,0.5926665999540698,0.21206880435710532,0.43782349911420193,0.4378234991142019,0.1824255326961778,0.18242551936144574,0.256831980010821,0.6224593312018546,0.817574471748733,0.46879062662624377,0.7057850216484838,0.6791786926816161,0.2689414272294874,0.25683200276421697,0.28140560742914383,0.21206880435710534
0.5621765008857981,0.2942149597859341,0.7057850154599563,0.40733340004593027,0.4687906266262437,0.2942149659744614,0.5312093733737563,0.6513548511303338,0.8933093996634686,0.5926665999540698,0.5926665999540697,0.6791786926816161,0.5312093733737563,0.5926665999540698,0.5926665999540698,0.5621765008857981,0.6224593312018545,0.6224593382055109,0.5621765008857981,0.87407724336544,0.8354835411997897
0.8354835411997897,0.17328821019878954,0.5926665999540697,0.8175744739711883,0.18242551713899047,0.2689414213699951,0.24508501313237172,0.24508500761839527,0.2814056014026228,0.40733340004593027,0.7772998611746912,0.26894143308897966,0.18242552602881168,0.3208213073183839,0.2018132246607271,0.22270014398423355,0.22270012850745968,0.651354857898194,0.26894142136999516,0.3208213138121609,0.18242551936144571
0.17328819952513227,0.22270013882530884,0.21206880684702423,0.2689414213699951,0.6791787056691698,0.3208213008246071,0.2942149721629888,0.32082131381216084,0.5621765008857981,0.25683199138751883,0.4687906266262437,0.5621765008857982,0.1824255326961778,0.21206880435710534,0.25683199707586785,0.2942149659744614,0.24508500761839527,0.5312093733737562,0.5,0.2942149721629888,0.2450850131323717
0.7772998611746912,0.46879062662624377,0.5,0.5312093733737563,0.5926665999540698,0.5312093733737563,0.5312093733737563,0.13296423676207597,0.08035747212580109,0.1732882016598637,0.2450850131323717,0.5,0.17328820379459514,0.16451646904109266,0.5312093733737563,0.19193279569159502,0.18242552602881168,0.5621765008857981,0.14033624949008322,0.7057850154599563,0.7057850278370112
0.8519527963298946,0.5926665999540697,0.2689414272294874,0.22270013366638422,0.32082128783705344,0.6791787056691698,0.34864514210180597,0.5,0.4378234991142019,0.7981867825403176,0.3775406687981454,0.6224593312018545,0.18242552825126704,0.348645142101806,0.2942149721629888,0.4687906266262437,0.30735800417608683,0.5621765008857981,0.2450850021044189,0.2018132174596823,0.2942149721629888
0.8933094017937621,0.6224593312018546,0.6791786926816161,0.8438951045175642,0.7057850278370112,0.29421497216298875,0.731058584489497,0.8354835411997897,0.5926665999540698,0.8807970779778824,0.4687906266262437,0.8080672112416737,0.8740772351648676,0.5312093733737563,0.5621765008857982,0.3486451217982255,0.8807970873650401,0.2942149659744614,0.4073334000459302,0.8354835411997897,0.3486451285660856
0.8175744806385543,0.20181322226037884,0.16451646699291617,0.15610489351941398,0.6791787056691698,0.16451645675203383,0.5312093733737563,0.2689414272294874,0.22270013882530884,0.14033625308549463,0.2689414272294874,0.14804719615221756,0.651354857898194,0.6654105653819835,0.7310585844894971,0.2568319856991699,0.2814056194821861,0.14804719427274568,0.5312093733737563,0.17328821233352107,0.7057850402140659
0.4073334000459302,0.5926665999540697,0.1259227615549033,0.5926665999540698,0.4687906266262437,0.20181321986003056,0.2018132270610754,0.18242551936144574,0.20181322706107543,0.24508501864634827,0.28140561345566495,0.6513548646660542,0.20181322226037882,0.22270013882530887,0.25683199138751883,0.6791787121629466,0.20181323186177208,0.7057850402140659,0.6513548646660543,0.24508502416032485,0.7549149813536518
0.7549149868676283,0.6654105521116443,0.6370308082623217,0.651354857898194,0.23370636225126956,0.6224593312018546,0.14033624409696624,0.5621765008857981,0.2337063569140403,0.23370636758849894,0.14804719427274565,0.13296422989056964,0.21206879688734886,0.5312093733737563,0.14804719239327382,0.5312093733737563,0.2018132270610754,0.22270014914315836,0.2120688093369431,0.1732882123335211,0.22270014398423357
0.23370636225126956,0.25683199138751883,0.2018132126589859,0.5,0.22270014914315836,0.5621765008857981,0.4378234991142019,0.46879062662624377,0.14033624589467186,0.3486451353339457,0.07585817584273655,0.34864514886966624,0.18242552380635635,0.10669059749614015,0.09534946040040722,0.11920292671569666,0.1259227713955905,0.14033624589467186,0.3775406687981454,0.5,0.43782349911420193
0.7981867825403177,0.7772998663336158,0.754914997895581,0.5926665999540698,0.21206880684702423,0.25683199138751883,0.5621765008857982,0.2450850241603249,0.2689414096510108,0.7549149868676283,0.2450850021044189,0.21206879937726764,0.29421497216298875,0.2942149721629888,0.32082128783705344,0.20181322706107543,0.679178692681616,0.5312093733737563,0.5312093733737563,0.3486451488696663,0.29421497216298875
0.6513548511303338,0.1919327818250578,0.7057850216484838,0.6791786861878392,0.4073334000459302,0.23370634623958197,0.2942149659744614,0.2942149845400438,0.7310585903489892,0.6513548782017745,0.21206879688734884,0.22270012850745968,0.2018132270610754,0.1919327772028789,0.26894141551050293,0.651354857898194,0.18242552825126704,0.5926665999540698,0.5,0.29421495978593415,0.5312093733737563
0.7057850216484838,0.4687906266262437,0.8872045899891118,0.904650527388829,0.6791787121629466,0.8354835371034368,0.7549149868676283,0.8991213745668094,0.651354857898194,0.6513548714339145,0.6224593382055109,0.9362850039701653,0.6224593312018546,0.7310585903489892,0.7057850154599563,0.731058584489497,0.5621765008857982,0.6513548714339145,0.899121379297294,0.7981867777396211,0.7549149758396752
0.4378234991142019,0.5926665999540698,0.1919327864472368,0.10669058613457581,0.1329642316084462,0.5621765008857981,0.6224593382055109,0.5312093733737563,0.1329642281726931,0.22270013882530884,0.5312093733737562,0.2689414096510109,0.5926665999540698,0.2018132246607271,0.2814056194821862,0.1480471961522176,0.5621765008857982,0.1732882059293266,0.5926665999540698,0.17328820806405806,0.20181321745968234
0.8872045922259088,0.43782349911420193,0.29421497216298875,0.4687906266262437,0.4687906266262437,0.6224593312018546,0.7431680086124812,0.40733340004593027,0.34864513533394575,0.40733340004593027,0.7057850278370112,0.2689414272294874,0.40733340004593027,0.3775406687981454,0.4073334000459302,0.817574471748733,0.46879062662624377,0.32082131381216084,0.3208213138121609,0.4073334000459302,0.40733340004593027
0.7549149923816048,0.18242552602881168,0.5621765008857981,0.4378234991142019,0.13296424878721277,0.1329642453514593,0.21206880435710532,0.5621765008857981,0.5312093733737563,0.7057850278370112,0.19193279106941585,0.5,0.46879062662624377,0.1919327864472368,0.2689414330889797,0.18242551713899047,0.256831980010821,0.21206880684702423,0.21206880186718646,0.22270012850745968,0.6370307944803832
0.7772998560157663,0.43782349911420193,0.37754066879814546,0.7772998663336157,0.34864512856608554,0.2942149783515162,0.3775406687981454,0.3775406687981454,0.7772998560157665,0.40733340004593027,0.6224593312018546,0.3775406687981454,0.7981867729389245,0.4687906266262437,0.6791786861878392,0.4378234991142019,0.3486451217982255,0.6224593312018546,0.3208213073183839,0.7981867825403176,0.8354835391516133
0.4687906266262437,0.7549149923816048,0.34864514210180597,0.4073334000459302,0.679178699175393,0.3775406687981454,0.8807970670261976,0.34864513533394575,0.4378234991142019,0.7057850154599563,0.7772998560157665,0.46879062662624377,0.37754066879814546,0.43782349911420193,0.7549149923816048,0.7772998611746911,0.40733340004593027,0.46879062662624377,0.7057850154599562,0.8596637523076225,0.5926665999540698
0.5926665999540698,0.7981867753392728,0.2942149783515162,0.7057850340255386,0.8354835391516133,0.8519527963298947,0.3345894346180164,0.8596637523076225,0.4073334000459302,0.3775406687981454,0.7310585727705127,0.320821300824607,0.3775406617944891,0.7549149813536518,0.3208213138121609,0.7549149868676284,0.34864514886966624,0.4378234991142019,0.40733340004593027,0.4378234991142019,0.37754066879814546
0.22270014398423355,0.25683199707586785,0.5621765008857981,0.28140561345566495,0.24508501864634827,0.6791787056691698,0.2337063569140403,0.22270013882530884,0.37754066879814546,0.23370635157681108,0.3208213138121609,0.7549149813536518,0.22270014398423357,0.25683199138751883,0.24508501864634824,0.182425528251267,0.12592277467581975,0.24508500761839525,0.7431680143008301,0.7549149868676284,0.08509904616718289
0.8670357701094303,0.6791787121629466,0.25683199707586785,0.34864514210180597,0.3073580168652638,0.3629692193015555,0.3775406687981454,0.3073580168652638,0.6224593241981982,0.8080672066194945,0.8740772351648677,0.4687906266262437,0.32082128783705344,0.8740772335247532,0.8519527982093666,0.6513548511303338,0.8670357546485407,0.2689414213699951,0.3345894279828469,0.4378234991142019,0.8596637523076225
0.2568319913875189,0.11920293453832884,0.7057850340255386,0.17328821019878954,0.651354857898194,0.2337063569140403,0.7057850216484838,0.3208213138121609,0.2689414272294874,0.8080672158638527,0.19193279569159502,0.6513548646660543,0.14804719615221756,0.22270014398423357,0.1645164608483867,0.7431680199891789,0.1127954092652892,0.14804719239327382,0.705785040214066,0.16451647108926923,0.7549149923816048
0.4687906266262437,0.2689414272294874,0.6224593312018546,0.16451646494473965,0.15610489940847916,0.22270012850745968,0.22270014398423357,0.2018132246607271,0.6791786926816161,0.6224593312018546,0.19193279338050545,0.18242553047372242,0.5774953651858118,0.24508502416032488,0.6926419831347361,0.20181321986003056,0.18242551936144574,0.6224593312018546,0.17328820379459514,0.6513548578981939,0.13296424706933604
