0,1,2,3,4,5,6,7,8,9,10,11,12,13,14,15,16,17,18,19,20
0.8175744850834648,0.9999038976078543,0.9914225147446858,0.0011695103004128338,0.9859363735766059,0.001926734293943221,0.9525741264858409,0.0009110513587503459,0.9820137881297458,0.9997388096898188,0.9997965729534201,0.9706877672877217,0.9706877672877217,0.9770226275810572,0.0007096703049020563,0.9525741264858409,0.9998766053808288,0.9820137881297458,0.9706877672877217,0.00015843623599953396,0.9241418267688302
0.0009110513587503459,0.9933071487351834,0.8807970826714614,0.9770226275810572,0.9820137881297458,0.9968273169307178,0.00012339461917113592,0.00012339461917113592,0.9988304896995872,0.00015843623599953396,9.610239214580367e-05,0.9525741264858409,0.997527377056997,0.9626731105140616,0.4378234991142018,0.9933071487351834,3.535625493426631e-05,2.9023119851992182e-06,0.9959298622161507,3.7266388399128017e-06,0.37754066879814546
0.9994472214475559,5.043476486929152e-07,0.9706877672877217,0.9399133496156019,0.9933071487351834,0.9859363735766059,0.6791786926816161,0.8807970826714614,0.9820137881297458,0.8519528000888387,8.315279285380714e-07,0.9820137881297458,0.5,1.067702997323512e-06,8.315279285380714e-07,0.5,0.9770226275810572,7.889264466933239e-06,0.9626731105140616,1.067702997323512e-06,1.3709578605790399e-06
0.999290329695098,0.3208213073183839,0.1824255149165352,0.9999417087274893,0.11920291732853862,0.14804719991116141,0.8519528000888387,0.999975699747677,0.9999038976078543,0.9706877672877217,0.9999952149055052,0.6224593312018546,0.8175744850834648,0.99966464996832,0.0293122327122782,0.8519528000888387,0.03732688948593844,0.5621765008857981,0.010986941578116867,0.9999251537370122,0.9999724643121783
0.9999785550413585,0.006692851264816553,0.005220125635523486,0.9998766053808288,0.0015011819937681247,0.9046505376715775,0.06008665038439803,0.99966464996832,0.010986941578116867,0.14804719991116141,0.09534946232842245,0.07585817323116975,0.7310585786300049,0.006692851264816553,0.6224593312018546,0.014063626423394072,0.014063626423394072,0.00020342704657999323,0.9997965729534201,0.0031726830692822717,0.37754066879814546
0.0293122327122782,0.9988304896995872,0.11920291732853862,0.99966464996832,0.004070137783849419,0.9968273169307178,0.11920291732853862,0.9995694429072771,0.997527377056997,0.02297737241894287,0.9890130584218833,0.99966464996832,0.9914225147446858,0.09534946232842245,0.14804719991116141,0.005220125635523486,0.11920291732853862,0.09534946232842245,0.9990889486412498,0.03732688948593844,0.9995694429072771
0.9997388096898188,0.9820137881297458,0.9046505376715775,0.8519528000888387,0.1824255149165352,0.6224593312018546,0.5621765008857981,0.03732688948593844,0.06008665038439803,0.9947798743644766,0.07585817323116975,0.09534946232842245,0.9890130584218833,0.9968273169307178,0.010986941578116867,0.005220125635523486,0.9770226275810572,0.9947798743644766,0.9968273169307178,0.9988304896995872,7.484626298776402e-05
0.9994472214475559,0.002472622943003016,0.9820137881297458,0.010986941578116867,0.9626731105140616,0.9968273169307178,0.01798621187025419,0.9933071487351834,0.014063626423394072,0.9959298622161507,0.9399133496156019,0.9933071487351834,0.9959298622161507,0.0293122327122782,0.7772998611746911,0.9947798743644766,0.9914225147446858,0.9914225147446858,0.9947798743644766,0.005220125635523486,0.9947798743644766
0.9626731105140616,0.9046505376715775,0.8807970826714614,0.9706877672877217,0.00020342704657999323,0.9859363735766059,0.00020342704657999323,0.6791786926816161,0.6224593312018546,0.22270013882530884,0.004070137783849419,0.9525741264858409,7.484626298776402e-05,0.002472622943003016,0.9820137881297458,0.37754066879814546,0.2689414213699951,0.11920291732853862,1.6701429809483402e-05,0.6224593312018546,1.0129987357628251e-05
0.9933071487351834,2.2603251062511995e-06,0.6224593312018546,1.3007123813725571e-05,0.9399133496156019,7.889264466933239e-06,0.8807970826714614,3.535625493426631e-05,0.9046505376715775,0.7772998611746911,0.8519528000888387,0.9525741264858409,0.8519528000888387,0.06008665038439803,0.14804719991116141,5.8291272510566984e-05,6.144177531850823e-06,2.9023119851992182e-06,4.785094494835719e-06,4.785094494835719e-06,0.8807970826714614
0.4378234991142018,0.9984988180062319,0.9914225147446858,0.9914225147446858,0.02297737241894287,0.9995694429072771,0.5,0.9994472214475559,0.997527377056997,0.9984988180062319,0.999290329695098,0.999290329695098,0.9933071487351834,0.9626731105140616,0.9990889486412498,0.9988304896995872,0.997527377056997,0.9980732657060567,0.14804719991116141,0.3208213073183839,0.9980732657060567
0.8519528000888387,0.22270013882530884,0.9914225147446858,0.14804719991116141,0.9933071487351834,0.09534946232842245,0.9998415637640005,0.9947798743644766,0.8175744850834648,0.9959298622161507,0.9947798743644766,0.06008665038439803,0.37754066879814546,0.22270013882530884,0.3208213073183839,0.07585817323116975,0.9999646437450657,0.9999251537370122,0.0293122327122782,0.9999038976078543,0.9859363735766059
0.010986941578116867,0.00857748525531428,0.9706877672877217,0.9706877672877217,0.9988304896995872,0.9997388096898188,0.9994472214475559,0.00857748525531428,0.9241418267688302,0.9997965729534201,0.9626731105140616,0.9998415637640005,0.9998766053808288,0.01798621187025419,0.006692851264816553,0.99966464996832,0.0011695103004128338,0.5621765008857981,0.14804719991116141,0.9990889486412498,0.22270013882530884
0.9984988180062319,7.484626298776402e-05,4.785094494835719e-06,0.8807970826714614,0.7772998611746911,1.6701429809483402e-05,3.535625493426631e-05,0.6791786926816161,0.5,0.00012339461917113592,0.9914225147446858,0.00020342704657999323,4.5397852420729034e-05,0.9820137881297458,0.9859363735766059,5.8291272510566984e-05,3.535625493426631e-05,0.5,0.9770226275810572,0.22270013882530884,2.7535687821746045e-05
0.9980732657060567,0.5,0.5621765008857981,0.8519528000888387,0.5621765008857981,0.9046505376715775,0.00015843623599953396,0.9046505376715775,0.9046505376715775,0.5,0.2689414213699951,0.0007096703049020563,0.7772998611746911,0.7310585786300049,0.004070137783849419,7.484626298776402e-05,0.9626731105140616,0.001926734293943221,0.8175744850834648,0.8519528000888387,0.6791786926816161
0.6791786926816161,0.9995694429072771,0.9999417087274893,0.9959298622161507,0.9947798743644766,0.014063626423394072,0.997527377056997,0.997527377056997,0.9984988180062319,0.006692851264816553,0.997527377056997,0.00857748525531428,0.9947798743644766,0.9999977396748937,0.9980732657060567,0.9999921107355332,0.9999869928761862,0.0009110513587503459,0.997527377056997,0.9999724643121783,0.9999785550413585
0.9994472214475559,0.7772998611746911,0.9399133496156019,2.7535687821746045e-05,0.0009110513587503459,0.5621765008857981,0.00043055709272278825,0.6791786926816161,0.4378234991142018,0.9820137881297458,0.9914225147446858,0.0007096703049020563,2.7535687821746045e-05,5.8291272510566984e-05,0.37754066879814546,0.9914225147446858,0.0005527785524441057,0.11920291732853862,0.2689414213699951,0.5,1.3709578605790399e-06
0.7772998611746911,1.0129987357628251e-05,0.8519528000888387,9.610239214580367e-05,0.8807970826714614,0.9947798743644766,0.09534946232842245,9.610239214580367e-05,9.610239214580367e-05,3.535625493426631e-05,2.2603251062511995e-06,4.785094494835719e-06,1.3007123813725571e-05,1.6701429809483402e-05,0.8519528000888387,6.475945666070602e-07,0.07585817323116975,5.8291272510566984e-05,0.9959298622161507,3.059023363247549e-07,9.610239214580367e-05
0.8807970826714614,0.5,0.7772998611746911,0.0007096703049020563,0.8519528000888387,0.5621765008857981,0.00012339461917113592,2.7535687821746045e-05,0.00015843623599953396,0.0009110513587503459,2.1444958641491428e-05,0.9820137881297458,0.0007096703049020563,0.9859363735766059,0.9525741264858409,0.37754066879814546,0.8807970826714614,0.9399133496156019,0.9399133496156019,0.0011695103004128338,0.22270013882530884
0.999290329695098,0.9914225147446858,0.99966464996832,0.01798621187025419,0.006692851264816553,0.002472622943003016,0.2689414213699951,0.5,0.9995694429072771,0.9998415637640005,0.03732688948593844,0.02297737241894287,0.9998415637640005,0.03732688948593844,0.9994472214475559,0.8807970826714614,0.999290329695098,0.999290329695098,0.6791786926816161,0.9997965729534201,0.014063626423394072
0.9046505376715775,0.11920291732853862,6.144177531850823e-06,5.8291272510566984e-05,0.9626731105140616,0.9241418267688302,0.9890130584218833,0.9859363735766059,0.9820137881297458,3.7266388399128017e-06,1.760343003490802e-06,4.785094494835719e-06,1.067702997323512e-06,2.2603251062511995e-06,6.475945666070602e-07,0.9706877672877217,0.9626731105140616,0.8807970826714614,8.764248496102855e-08,3.7266388399128017e-06,0.9399133496156019
0.9241418267688302,0.0031726830692822717,0.001926734293943221,0.002472622943003016,0.0031726830692822717,0.9959298622161507,0.002472622943003016,0.9706877672877217,0.8175744850834648,0.9241418267688302,0.9984988180062319,0.9626731105140616,0.005220125635523486,0.006692851264816553,0.0015011819937681247,0.9947798743644766,0.9947798743644766,0.00857748525531428,0.6791786926816161,0.8519528000888387,0.00043055709272278825
0.9997388096898188,6.144177531850823e-06,1.3709578605790399e-06,0.9933071487351834,0.6224593312018546,1.760343003490802e-06,0.9984988180062319,0.37754066879814546,3.535625493426631e-05,0.9994472214475559,8.315279285380714e-07,0.047425873514159125,0.999290329695098,5.3157849718487075e-08,2.3823696679343503e-07,0.997527377056997,3.059023363247549e-07,1.067702997323512e-06,0.03732688948593844,0.9980732657060567,0.8519528000888387
0.9999810748540133,0.01798621187025419,0.9859363735766059,0.9997965729534201,0.0293122327122782,0.9997965729534201,0.005220125635523486,0.9241418267688302,0.001926734293943221,0.014063626423394072,0.9399133496156019,0.001926734293943221,0.002472622943003016,0.9999038976078543,0.005220125635523486,0.9998415637640005,0.9984988180062319,0.0015011819937681247,0.9994472214475559,0.5,0.00020342704657999323
0.9999785550413585,0.9980732657060567,0.999290329695098,0.9995694429072771,0.01798621187025419,0.06008665038439803,0.00857748525531428,0.9999251537370122,0.99966464996832,0.99966464996832,0.9999417087274893,0.9999251537370122,0.22270013882530884,0.11920291732853862,0.005220125635523486,0.9980732657060567,0.1824255149165352,0.9995694429072771,0.9994472214475559,0.99966464996832,0.00015843623599953396
0.9399133496156019,1.6701429809483402e-05,1.6701429809483402e-05,0.9890130584218833,0.9890130584218833,0.9820137881297458,7.889264466933239e-06,0.5621765008857981,0.5621765008857981,0.9933071487351834,0.8807970826714614,0.6791786926816161,0.9706877672877217,0.3208213073183839,0.9706877672877217,2.9023119851992182e-06,2.3823696679343503e-07,1.760343003490802e-06,1.760343003490802e-06,0.37754066879814546,0.9968273169307178
0.37754066879814546,0.9859363735766059,0.9859363735766059,0.00857748525531428,0.9820137881297458,0.0015011819937681247,0.9399133496156019,0.9770226275810572,0.0031726830692822717,0.001926734293943221,0.9859363735766059,0.0031726830692822717,0.9859363735766059,0.9890130584218833,0.00857748525531428,0.005220125635523486,0.9626731105140616,0.00857748525531428,0.0002611903101813263,0.9890130584218833,0.9399133496156019
0.999290329695098,0.00020342704657999323,0.9046505376715775,7.889264466933239e-06,0.9914225147446858,0.9770226275810572,0.8175744850834648,0.9820137881297458,0.8519528000888387,7.889264466933239e-06,0.8519528000888387,0.9859363735766059,0.9770226275810572,0.9933071487351834,0.6791786926816161,0.7310585786300049,0.6791786926816161,1.6373770576809702e-07,1.6701429809483402e-05,0.00012339461917113592,3.9278634073828347e-07
0.997527377056997,0.8519528000888387,0.0007096703049020563,9.610239214580367e-05,0.9626731105140616,0.6791786926816161,9.610239214580367e-05,0.4378234991142018,0.0009110513587503459,0.9820137881297458,1.3007123813725571e-05,0.00043055709272278825,0.4378234991142018,0.00020342704657999323,0.9525741264858409,0.8519528000888387,7.889264466933239e-06,0.03732688948593844,0.3208213073183839,3.7266388399128017e-06,0.0007096703049020563
0.11920291732853862,0.006692851264816553,0.9947798743644766,0.9914225147446858,0.9959298622161507,0.9820137881297458,0.9994472214475559,0.9626731105140616,0.9990889486412498,0.99966464996832,0.9890130584218833,0.9820137881297458,0.9820137881297458,0.9959298622161507,0.02297737241894287,0.9859363735766059,0.9770226275810572,0.9626731105140616,0.9933071487351834,0.005220125635523486,0.9770226275810572
0.1824255149165352,0.999290329695098,0.9933071487351834,0.9933071487351834,0.9980732657060567,0.14804719991116141,0.9914225147446858,0.9984988180062319,0.9859363735766059,0.02297737241894287,0.9994472214475559,0.0293122327122782,0.9988304896995872,0.9399133496156019,0.010986941578116867,0.5621765008857981,0.37754066879814546,0.6224593312018546,0.01798621187025419,0.3208213073183839,0.997527377056997
0.9994472214475559,0.9706877672877217,0.9399133496156019,3.535625493426631e-05,4.5397852420729034e-05,2.1444958641491428e-05,1.6701429809483402e-05,0.5621765008857981,0.8519528000888387,2.7535687821746045e-05,0.8175744850834648,0.6224593312018546,0.9770226275810572,0.9947798743644766,0.37754066879814546,0.9770226275810572,2.7535687821746045e-05,1.6701429809483402e-05,0.9626731105140616,7.484626298776402e-05,2.7535687821746045e-05
0.9984988180062319,0.9968273169307178,0.001926734293943221,0.9980732657060567,0.999290329695098,0.9968273169307178,0.9984988180062319,0.997527377056997,0.9980732657060567,0.9990889486412498,0.010986941578116867,0.6224593312018546,0.001926734293943221,0.2689414213699951,0.999290329695098,0.3208213073183839,0.997527377056997,0.005220125635523486,0.0009110513587503459,0.9980732657060567,0.001926734293943221
1.6701429809483402e-05,0.8807970826714614,0.8519528000888387,2.7535687821746045e-05,0.02297737241894287,0.6791786926816161,0.37754066879814546,7.484626298776402e-05,0.6791786926816161,0.01798621187025419,0.37754066879814546,0.9399133496156019,2.7535687821746045e-05,0.9399133496156019,0.00857748525531428,0.8807970826714614,0.8519528000888387,0.004070137783849419,7.889264466933239e-06,0.9525741264858409,0.9399133496156019
0.9995694429072771,0.01798621187025419,0.02297737241894287,0.010986941578116867,0.9933071487351834,0.010986941578116867,0.9914225147446858,0.01798621187025419,0.06008665038439803,0.09534946232842245,0.02297737241894287,0.9959298622161507,0.9968273169307178,0.9968273169307178,0.9914225147446858,0.0031726830692822717,0.8807970826714614,0.005220125635523486,0.005220125635523486,0.9770226275810572,0.0293122327122782
0.7772998611746911,0.7772998611746911,0.6791786926816161,0.9859363735766059,0.9626731105140616,2.9023119851992182e-06,2.9023119851992182e-06,1.3007123813725571e-05,4.785094494835719e-06,1.6701429809483402e-05,6.144177531850823e-06,4.785094494835719e-06,0.9933071487351834,0.9968273169307178,1.3709578605790399e-06,5.043476486929152e-07,1.760343003490802e-06,0.9947798743644766,6.475945666070602e-07,0.9933071487351834,8.315279285380714e-07
0.002472622943003016,0.9399133496156019,0.9626731105140616,0.9770226275810572,5.8291272510566984e-05,0.0031726830692822717,9.610239214580367e-05,0.7772998611746911,0.00020342704657999323,0.00012339461917113592,0.9914225147446858,0.00015843623599953396,0.9914225147446858,4.5397852420729034e-05,0.9995694429072771,4.5397852420729034e-05,0.4378234991142018,1.067702997323512e-06,0.2689414213699951,3.535625493426631e-05,0.9997388096898188
0.9706877672877217,0.1824255149165352,0.3208213073183839,0.9999417087274893,0.997527377056997,0.9999785550413585,0.5621765008857981,0.997527377056997,0.1824255149165352,0.997527377056997,0.9706877672877217,0.9968273169307178,0.9988304896995872,0.9890130584218833,0.2689414213699951,0.11920291732853862,0.9999646437450657,0.9968273169307178,0.0011695103004128338,0.1824255149165352,0.9997965729534201
2.7535687821746045e-05,0.9859363735766059,0.6791786926816161,2.7535687821746045e-05,0.9914225147446858,1.3007123813725571e-05,0.9959298622161507,0.9933071487351834,0.9820137881297458,5.043476486929152e-07,3.9278634073828347e-07,0.9820137881297458,0.6224593312018546,0.9706877672877217,0.9399133496156019,0.9525741264858409,3.9278634073828347e-07,3.9278634073828347e-07,1.067702997323512e-06,2.2603251062511995e-06,1.067702997323512e-06
0.9999930377420901,0.9997965729534201,0.01798621187025419,0.006692851264816553,0.014063626423394072,0.03732688948593844,0.8807970826714614,0.9994472214475559,0.010986941578116867,0.00857748525531428,0.01798621187025419,0.4378234991142018,0.5621765008857981,0.8519528000888387,0.00857748525531428,0.9859363735766059,0.9998766053808288,0.0031726830692822717,0.001926734293943221,0.6791786926816161,0.0031726830692822717
0.9859363735766059,1.0129987357628251e-05,0.7772998611746911,7.889264466933239e-06,0.997527377056997,0.9859363735766059,3.7266388399128017e-06,1.067702997323512e-06,1.067702997323512e-06,0.9933071487351834,6.144177531850823e-06,0.7772998611746911,0.7772998611746911,0.4378234991142018,0.9859363735766059,0.9706877672877217,0.9706877672877217,0.9890130584218833,0.9706877672877217,1.760343003490802e-06,0.997527377056997
0.0031726830692822717,0.9988304896995872,0.3208213073183839,0.9706877672877217,0.9933071487351834,0.09534946232842245,0.9947798743644766,0.14804719991116141,0.06008665038439803,0.3208213073183839,0.00043055709272278825,0.0002611903101813263,0.9890130584218833,0.02297737241894287,0.9947798743644766,0.00043055709272278825,0.06008665038439803,5.8291272510566984e-05,0.00012339461917113592,0.9859363735766059,0.03732688948593844
0.9770226275810572,0.9947798743644766,1.3007123813725571e-05,0.9046505376715775,0.9890130584218833,0.9914225147446858,2.2603251062511995e-06,0.9820137881297458,0.7772998611746911,0.9933071487351834,0.9947798743644766,0.9820137881297458,0.9933071487351834,0.8519528000888387,8.315279285380714e-07,1.3709578605790399e-06,5.043476486929152e-07,0.9914225147446858,0.14804719991116141,0.6224593312018546,1.8553914607279396e-07
0.005220125635523486,0.9947798743644766,0.00012339461917113592,0.00043055709272278825,0.9959298622161507,0.9820137881297458,9.610239214580367e-05,0.9890130584218833,0.9859363735766059,0.9241418267688302,2.7535687821746045e-05,0.9890130584218833,0.8175744850834648,0.9770226275810572,3.535625493426631e-05,0.5621765008857981,0.6224593312018546,5.8291272510566984e-05,5.8291272510566984e-05,0.6791786926816161,0.9859363735766059
0.004070137783849419,0.0031726830692822717,2.7535687821746045e-05,0.0031726830692822717,0.6224593312018546,0.01798621187025419,0.4378234991142018,0.5,0.1824255149165352,0.9980732657060567,0.9980732657060567,0.5621765008857981,0.9968273169307178,2.7535687821746045e-05,0.006692851264816553,7.889264466933239e-06,0.004070137783849419,0.6224593312018546,0.6791786926816161,1.067702997323512e-06,0.9959298622161507
0.9998911030646597,0.9890130584218833,7.889264466933239e-06,7.889264466933239e-06,0.8807970826714614,0.9399133496156019,0.9980732657060567,6.144177531850823e-06,0.9626731105140616,3.7266388399128017e-06,2.2603251062511995e-06,1.067702997323512e-06,3.059023363247549e-07,0.9525741264858409,0.9959298622161507,0.9626731105140616,1.8553914607279396e-07,1.6373770576809702e-07,0.2689414213699951,0.9525741264858409,0.9706877672877217
0.9999938558224682,0.9998415637640005,0.9859363735766059,0.07585817323116975,0.9770226275810572,0.9626731105140616,0.07585817323116975,0.06008665038439803,0.997527377056997,0.14804719991116141,0.6791786926816161,0.6791786926816161,0.0293122327122782,0.03732688948593844,0.07585817323116975,0.9770226275810572,0.9988304896995872,0.5621765008857981,0.9968273169307178,0.9980732657060567,0.006692851264816553
0.9399133496156019,0.9990889486412498,0.8175744850834648,0.9959298622161507,0.9994472214475559,0.37754066879814546,0.9988304896995872,0.0015011819937681247,0.0015011819937681247,0.2689414213699951,0.14804719991116141,0.999290329695098,0.9968273169307178,0.9988304896995872,0.9959298622161507,0.11920291732853862,0.047425873514159125,0.11920291732853862,0.999290329695098,0.11920291732853862,9.610239214580367e-05
0.9995694429072771,7.889264466933239e-06,2.1444958641491428e-05,0.997527377056997,0.9859363735766059,4.785094494835719e-06,0.9984988180062319,0.9959298622161507,1.6701429809483402e-05,4.785094494835719e-06,0.9959298622161507,0.9988304896995872,1.760343003490802e-06,2.2603251062511995e-06,0.9933071487351834,0.9859363735766059,0.997527377056997,6.023574193117954e-08,1.067702997323512e-06,7.889264466933239e-06,0.9959298622161507
0.9990889486412498,0.00857748525531428,0.9626731105140616,0.9820137881297458,0.9706877672877217,0.9890130584218833,0.6791786926816161,0.004070137783849419,0.0011695103004128338,0.7310585786300049,0.9947798743644766,0.9820137881297458,0.0002611903101813263,0.9933071487351834,0.0015011819937681247,0.0007096703049020563,0.9859363735766059,0.0002611903101813263,0.11920291732853862,0.002472622943003016,0.9859363735766059
0.9046505376715775,0.9947798743644766,0.9626731105140616,0.010986941578116867,0.09534946232842245,0.03732688948593844,0.014063626423394072,0.9770226275810572,0.0293122327122782,0.9859363735766059,0.6791786926816161,0.9933071487351834,0.00857748525531428,0.8807970826714614,0.9947798743644766,0.8519528000888387,0.9997388096898188,0.37754066879814546,0.9859363735766059,0.00857748525531428,0.99966464996832
0.00015843623599953396,6.144177531850823e-06,1.0129987357628251e-05,2.9023119851992182e-06,0.9947798743644766,0.9525741264858409,0.0293122327122782,0.0015011819937681247,0.1824255149165352,0.9984988180062319,8.315279285380714e-07,0.8807970826714614,0.9984988180062319,0.03732688948593844,5.8291272510566984e-05,0.9959298622161507,0.9399133496156019,0.9947798743644766,0.010986941578116867,0.02297737241894287,0.00857748525531428
0.9999417087274893,0.9988304896995872,0.006692851264816553,0.010986941578116867,0.9997388096898188,0.9997388096898188,0.9998415637640005,0.06008665038439803,0.047425873514159125,0.9998415637640005,0.9999546021475793,0.9959298622161507,0.002472622943003016,0.9999038976078543,0.9998766053808288,0.001926734293943221,0.9770226275810572,0.0007096703049020563,0.00012339461917113592,0.00043055709272278825,0.0007096703049020563
0.09534946232842245,0.9820137881297458,0.02297737241894287,0.9820137881297458,0.997527377056997,0.9770226275810572,0.0015011819937681247,0.997527377056997,0.004070137783849419,0.06008665038439803,0.9995694429072771,0.9994472214475559,0.0293122327122782,0.00857748525531428,0.014063626423394072,0.014063626423394072,0.014063626423394072,0.9980732657060567,0.9914225147446858,0.0293122327122782,0.9988304896995872
0.5,0.9706877672877217,0.001926734293943221,0.002472622943003016,0.8175744850834648,0.0007096703049020563,0.006692851264816553,0.005220125635523486,0.99966464996832,0.0005527785524441057,0.0011695103004128338,0.9770226275810572,0.01798621187025419,0.9626731105140616,0.2689414213699951,0.0011695103004128338,0.9770226275810572,0.0007096703049020563,0.047425873514159125,0.9995694429072771,0.001926734293943221
0.9968273169307178,0.9770226275810572,0.7310585786300049,0.7310585786300049,0.8175744850834648,0.9959298622161507,0.7310585786300049,0.997527377056997,0.999290329695098,0.9959298622161507,0.5,0.997527377056997,0.010986941578116867,0.0031726830692822717,0.2689414213699951,0.2689414213699951,0.001926734293943221,0.2689414213699951,0.9980732657060567,0.3208213073183839,0.22270013882530884
0.9770226275810572,0.9988304896995872,0.06008665038439803,0.9997040427936351,0.5621765008857981,0.5,0.06008665038439803,0.9998415637640005,0.9998766053808288,0.03732688948593844,0.7772998611746911,0.37754066879814546,0.9999038976078543,0.9999038976078543,0.00857748525531428,0.02297737241894287,0.00857748525531428,0.6791786926816161,0.01798621187025419,0.8807970826714614,0.9997965729534201
0.0031726830692822717,0.9890130584218833,0.00857748525531428,0.006692851264816553,0.9706877672877217,0.9626731105140616,0.010986941578116867,0.004070137783849419,0.9968273169307178,0.010986941578116867,0.0011695103004128338,0.0005527785524441057,0.5621765008857981,0.37754066879814546,0.0002611903101813263,0.0031726830692822717,0.9947798743644766,4.5397852420729034e-05,0.9890130584218833,0.4378234991142018,0.9933071487351834
0.9997965729534201,0.01798621187025419,0.9933071487351834,0.9914225147446858,0.00857748525531428,0.0031726830692822717,0.9997965729534201,0.0015011819937681247,0.001926734293943221,0.014063626423394072,0.004070137783849419,0.0293122327122782,0.047425873514159125,0.9959298622161507,0.010986941578116867,0.9968273169307178,0.006692851264816553,0.9525741264858409,0.9859363735766059,0.9770226275810572,0.9820137881297458
4.785094494835719e-06,6.144177531850823e-06,0.9626731105140616,0.9525741264858409,0.07585817323116975,6.475945666070602e-07,0.9626731105140616,1.3709578605790399e-06,0.9820137881297458,1.3007123813725571e-05,0.9241418267688302,0.9046505376715775,0.9820137881297458,0.014063626423394072,0.8807970826714614,0.02297737241894287,0.00857748525531428,1.3007123813725571e-05,0.7772998611746911,4.5397852420729034e-05,0.01798621187025419
0.997527377056997,0.004070137783849419,0.9968273169307178,0.9968273169307178,0.0002611903101813263,0.9984988180062319,0.9859363735766059,2.1444958641491428e-05,7.484626298776402e-05,0.9959298622161507,0.0002611903101813263,0.9995694429072771,0.0002611903101813263,0.9984988180062319,0.0007096703049020563,0.9890130584218833,4.5397852420729034e-05,0.9890130584218833,3.7266388399128017e-06,0.0031726830692822717,0.9933071487351834
0.6791786926816161,0.2689414213699951,0.9959298622161507,0.01798621187025419,0.9995694429072771,0.001926734293943221,0.006692851264816553,0.02297737241894287,0.9046505376715775,0.00857748525531428,0.004070137783849419,0.4378234991142018,0.99966464996832,0.006692851264816553,0.002472622943003016,0.00857748525531428,0.22270013882530884,0.9770226275810572,0.9980732657060567,0.9859363735766059,0.9990889486412498
0.9997388096898188,0.9933071487351834,0.9859363735766059,0.11920291732853862,0.9820137881297458,0.9988304896995872,0.999290329695098,0.997527377056997,0.9984988180062319,0.9980732657060567,0.03732688948593844,0.9984988180062319,0.9959298622161507,0.9525741264858409,0.9959298622161507,0.9046505376715775,0.8519528000888387,0.00857748525531428,0.9914225147446858,0.9947798743644766,0.014063626423394072
0.9984988180062319,0.00012339461917113592,0.9770226275810572,0.004070137783849419,0.004070137783849419,0.0003353500316799018,0.9890130584218833,0.00857748525531428,0.9399133496156019,0.9933071487351834,0.9525741264858409,0.9890130584218833,0.9626731105140616,0.9947798743644766,0.9820137881297458,0.9890130584218833,0.7310585786300049,6.144177531850823e-06,0.7310585786300049,0.005220125635523486,0.8175744850834648
0.9997965729534201,0.9959298622161507,0.999290329695098,0.2689414213699951,0.14804719991116141,0.9994472214475559,0.9984988180062319,0.0293122327122782,0.999290329695098,0.004070137783849419,0.9998766053808288,0.9046505376715775,0.999290329695098,0.9998766053808288,0.997527377056997,0.9980732657060567,0.9968273169307178,0.9994472214475559,0.01798621187025419,0.047425873514159125,0.00043055709272278825
0.999985261010999,0.03732688948593844,0.9994472214475559,0.06008665038439803,0.99966464996832,0.999290329695098,0.1824255149165352,0.9994472214475559,0.0293122327122782,0.03732688948593844,0.999290329695098,0.9988304896995872,0.9984988180062319,0.9998415637640005,0.1824255149165352,0.9984988180062319,0.02297737241894287,0.010986941578116867,0.9994472214475559,0.9994472214475559,0.997527377056997
5.8291272510566984e-05,3.7266388399128017e-06,1.6701429809483402e-05,0.7310585786300049,0.9933071487351834,2.2603251062511995e-06,0.9241418267688302,7.889264466933239e-06,7.889264466933239e-06,0.9984988180062319,0.9988304896995872,1.0129987357628251e-05,7.889264466933239e-06,8.315279285380714e-07,1.760343003490802e-06,0.9046505376715775,6.475945666070602e-07,1.4449802095675026e-07,1.067702997323512e-06,0.22270013882530884,6.144177531850823e-06
0.9770226275810572,0.6791786926816161,0.7310585786300049,0.9626731105140616,0.9046505376715775,0.7310585786300049,0.7772998611746911,0.8519528000888387,0.0003353500316799018,0.9914225147446858,0.0003353500316799018,0.9933071487351834,0.00020342704657999323,0.6791786926816161,0.7310585786300049,0.6791786926816161,0.9820137881297458,0.00043055709272278825,0.9820137881297458,0.22270013882530884,0.0015011819937681247
0.9999546021475793,0.7310585786300049,0.8519528000888387,0.22270013882530884,0.9990889486412498,0.9994472214475559,0.9984988180062319,0.0007096703049020563,0.3208213073183839,0.0002611903101813263,0.9994472214475559,0.5,0.6791786926816161,0.9994472214475559,0.9980732657060567,0.9984988180062319,0.14804719991116141,0.99966464996832,0.06008665038439803,0.9988304896995872,0.1824255149165352
0.0031726830692822717,0.6791786926816161,0.7310585786300049,1.6701429809483402e-05,0.9933071487351834,0.8519528000888387,0.9241418267688302,0.5621765008857981,0.5,0.9626731105140616,0.8175744850834648,0.9046505376715775,0.9914225147446858,0.9968273169307178,2.9023119851992182e-06,0.3208213073183839,0.9947798743644766,0.002472622943003016,0.9914225147446858,6.475945666070602e-07,5.043476486929152e-07
0.8519528000888387,0.9933071487351834,0.9997388096898188,0.9241418267688302,0.9990889486412498,0.02297737241894287,0.6791786926816161,0.047425873514159125,0.8175744850834648,0.9998415637640005,0.8807970826714614,0.03732688948593844,0.99966464996832,0.9997965729534201,0.9997388096898188,0.37754066879814546,0.9994472214475559,0.9999417087274893,0.9994472214475559,0.9999038976078543,0.01798621187025419
0.9997388096898188,0.9525741264858409,0.9968273169307178,9.610239214580367e-05,3.535625493426631e-05,0.9626731105140616,2.1444958641491428e-05,0.9770226275810572,4.5397852420729034e-05,0.9890130584218833,0.9859363735766059,0.9770226275810572,3.7266388399128017e-06,6.144177531850823e-06,2.2603251062511995e-06,0.999290329695098,0.9525741264858409,2.9023119851992182e-06,6.144177531850823e-06,2.7535687821746045e-05,0.9859363735766059
0.014063626423394072,0.999290329695098,0.11920291732853862,0.999290329695098,0.9399133496156019,0.997527377056997,0.9984988180062319,0.8807970826714614,0.9997965729534201,0.9626731105140616,0.9046505376715775,0.7772998611746911,0.9990889486412498,0.7310585786300049,0.9994472214475559,0.01798621187025419,0.02297737241894287,0.03732688948593844,0.9968273169307178,0.09534946232842245,0.9968273169307178
0.9999646437450657,0.9984988180062319,0.9984988180062319,0.06008665038439803,0.9999785550413585,0.9820137881297458,0.9998766053808288,0.9999251537370122,0.9999251537370122,0.0293122327122782,0.07585817323116975,0.9998766053808288,0.03732688948593844,0.03732688948593844,0.9998766053808288,0.9999646437450657,0.01798621187025419,0.9999038976078543,0.005220125635523486,0.005220125635523486,0.9988304896995872
0.9984988180062319,0.9999038976078543,0.9994472214475559,0.9997965729534201,0.02297737241894287,0.0031726830692822717,0.9995694429072771,0.00857748525531428,0.06008665038439803,0.9999038976078543,0.9999038976078543,0.9988304896995872,0.9999546021475793,0.9999038976078543,0.997527377056997,0.005220125635523486,0.002472622943003016,0.014063626423394072,0.999290329695098,0.9997388096898188,0.99966464996832
0.9995694429072771,0.00857748525531428,0.9998415637640005,0.9998766053808288,0.3208213073183839,0.3208213073183839,0.9706877672877217,0.1824255149165352,0.9999251537370122,0.9999646437450657,0.9999546021475793,0.11920291732853862,0.8519528000888387,0.6791786926816161,0.02297737241894287,0.6791786926816161,0.5621765008857981,0.9998415637640005,0.9999546021475793,0.8519528000888387,0.047425873514159125
0.9995694429072771,0.9241418267688302,0.9626731105140616,2.9023119851992182e-06,0.9989677690217064,2.1444958641491428e-05,0.9988304896995872,0.9890130584218833,4.785094494835719e-06,0.9399133496156019,1.3709578605790399e-06,1.0129987357628251e-05,1.0129987357628251e-05,0.8519528000888387,0.9980732657060567,0.9890130584218833,0.5621765008857981,6.144177531850823e-06,0.9980732657060567,0.7310585786300049,0.9859363735766059
0.9959298622161507,0.0005527785524441057,0.9820137881297458,0.9241418267688302,0.005220125635523486,0.7310585786300049,0.9770226275810572,0.0031726830692822717,0.002472622943003016,0.00857748525531428,0.01798621187025419,0.9968273169307178,0.001926734293943221,0.11920291732853862,4.5397852420729034e-05,0.9820137881297458,2.1444958641491428e-05,1.3007123813725571e-05,0.010986941578116867,0.9820137881297458,0.0015011819937681247
0.9997965729534201,0.9997388096898188,0.8175744850834648,0.0009110513587503459,0.9947798743644766,0.9241418267688302,0.0015011819937681247,0.8519528000888387,0.7310585786300049,0.9994472214475559,0.9999417087274893,0.002472622943003016,0.99966464996832,0.0015011819937681247,0.6224593312018546,0.5621765008857981,0.0015011819937681247,0.002472622943003016,0.9995694429072771,0.0005527785524441057,0.6224593312018546
0.9999546021475793,0.0031726830692822717,0.047425873514159125,0.006692851264816553,0.9947798743644766,0.06008665038439803,0.9933071487351834,0.014063626423394072,0.9859363735766059,0.9994472214475559,0.997527377056997,0.9959298622161507,0.9984988180062319,0.010986941578116867,0.005220125635523486,0.9859363735766059,0.9947798743644766,0.9914225147446858,0.9933071487351834,0.9820137881297458,0.002472622943003016
0.3208213073183839,0.9997388096898188,0.9995694429072771,0.0009110513587503459,0.9995694429072771,0.9525741264858409,0.9947798743644766,0.9995694429072771,0.9525741264858409,0.0005527785524441057,0.99966464996832,0.004070137783849419,0.9999038976078543,0.9947798743644766,0.9999038976078543,0.8519528000888387,0.0007096703049020563,0.0002611903101813263,0.9859363735766059,0.0009110513587503459,0.37754066879814546
0.9999921107355332,0.997527377056997,0.9999251537370122,0.9770226275810572,0.07585817323116975,0.047425873514159125,0.9914225147446858,0.00857748525531428,0.9890130584218833,0.00857748525531428,0.9525741264858409,0.3208213073183839,0.9820137881297458,0.9968273169307178,0.047425873514159125,0.07585817323116975,0.00857748525531428,0.9626731105140616,0.9999646437450657,0.9999417087274893,0.014063626423394072
0.9999938558224682,0.9980732657060567,0.9997388096898188,0.9998415637640005,0.9994472214475559,0.11920291732853862,0.9998415637640005,0.9997388096898188,0.9994472214475559,0.997527377056997,0.999290329695098,0.9995694429072771,0.9995694429072771,0.02297737241894287,0.001926734293943221,0.002472622943003016,0.9770226275810572,0.9984988180062319,0.004070137783849419,0.9968273169307178,0.997527377056997
0.9995694429072771,0.9999546021475793,0.9980732657060567,0.9999339478395424,0.997527377056997,0.999975699747677,0.00857748525531428,0.010986941578116867,0.9999339478395424,0.9980732657060567,0.002472622943003016,0.002472622943003016,0.9999869928761862,0.9770226275810572,0.9933071487351834,0.010986941578116867,0.9914225147446858,0.004070137783849419,0.9820137881297458,0.9947798743644766,0.999975699747677
0.9999921107355332,0.03732688948593844,0.999290329695098,0.9980732657060567,0.9990889486412498,0.9988304896995872,0.9947798743644766,0.9947798743644766,0.0011695103004128338,0.9988304896995872,0.9990889486412498,0.00043055709272278825,0.999290329695098,0.0007096703049020563,0.9933071487351834,0.9980732657060567,0.9959298622161507,0.0009110513587503459,0.9988304896995872,0.0002611903101813263,0.005220125635523486
0.9984988180062319,0.0015011819937681247,0.4378234991142018,0.9399133496156019,0.5,0.5,1.6701429809483402e-05,0.6791786926816161,0.7310585786300049,0.6791786926816161,0.5621765008857981,0.3208213073183839,0.22270013882530884,0.0009110513587503459,0.002472622943003016,0.0015011819937681247,0.9525741264858409,0.3208213073183839,0.5,0.9820137881297458,0.9525741264858409
0.00020342704657999323,0.9626731105140616,0.9770226275810572,5.043476486929152e-07,1.760343003490802e-06,1.067702997323512e-06,0.9399133496156019,1.3709578605790399e-06,1.760343003490802e-06,0.9968273169307178,0.997527377056997,5.3157849718487075e-08,3.059023363247549e-07,0.9988304896995872,1.8553914607279396e-07,0.9959298622161507,1.125351754703302e-07,8.315279285380714e-07,2.3823696679343503e-07,0.997527377056997,0.3208213073183839
0.9626731105140616,0.6224593312018546,0.3208213073183839,0.2689414213699951,4.785094494835719e-06,0.00043055709272278825,0.22270013882530884,0.0005527785524441057,2.1444958641491428e-05,0.0007096703049020563,0.37754066879814546,0.5621765008857981,0.2689414213699951,9.610239214580367e-05,0.00020342704657999323,1.0129987357628251e-05,0.00012339461917113592,2.2603251062511995e-06,0.4378234991142018,0.0005527785524441057,1.3709578605790399e-06
0.9998415637640005,0.9994472214475559,0.9988304896995872,0.9995694429072771,0.9959298622161507,0.014063626423394072,0.997527377056997,0.0007096703049020563,0.0015011819937681247,0.9997965729534201,0.014063626423394072,0.999290329695098,0.9994472214475559,0.0005527785524441057,0.0009110513587503459,0.999290329695098,0.1824255149165352,0.99966464996832,0.9984988180062319,0.004070137783849419,0.0003353500316799018
0.9241418267688302,0.9968273169307178,4.5397852420729034e-05,2.1444958641491428e-05,0.9626731105140616,0.9980732657060567,9.610239214580367e-05,0.9959298622161507,0.00020342704657999323,0.00020342704657999323,9.610239214580367e-05,0.9770226275810572,1.0129987357628251e-05,0.1824255149165352,0.9984988180062319,1.6701429809483402e-05,0.9706877672877217,0.9980732657060567,1.6701429809483402e-05,0.9859363735766059,0.14804719991116141
0.999290329695098,7.889264466933239e-06,9.610239214580367e-05,3.535625493426631e-05,0.7310585786300049,0.9046505376715775,0.7310585786300049,0.0003353500316799018,0.8807970826714614,0.2689414213699951,0.9241418267688302,5.8291272510566984e-05,0.9046505376715775,1.3007123813725571e-05,0.8807970826714614,1.6701429809483402e-05,7.484626298776402e-05,0.00012339461917113592,0.047425873514159125,0.9399133496156019,0.8807970826714614
0.7772998611746911,0.9999038976078543,0.5621765008857981,0.5,0.9933071487351834,0.999948557786326,0.1824255149165352,0.37754066879814546,0.5,0.5,0.9984988180062319,0.9999646437450657,0.4378234991142018,0.9990889486412498,0.9999869928761862,0.22270013882530884,0.9980732657060567,0.07585817323116975,0.07585817323116975,0.9525741264858409,0.06008665038439803
0.9980732657060567,0.9706877672877217,0.9626731105140616,0.9525741264858409,9.610239214580367e-05,0.0007096703049020563,0.8519528000888387,0.9859363735766059,0.8807970826714614,0.8519528000888387,9.610239214580367e-05,7.484626298776402e-05,0.8175744850834648,0.00012339461917113592,0.9859363735766059,0.7772998611746911,7.484626298776402e-05,7.484626298776402e-05,0.4378234991142018,2.2603251062511995e-06,2.2603251062511995e-06
0.9999977396748937,0.6791786926816161,0.8519528000888387,0.9968273169307178,0.997527377056997,0.9525741264858409,0.9984988180062319,0.997527377056997,0.999985261010999,0.14804719991116141,0.9999945777829692,0.9999952149055052,0.9820137881297458,0.14804719991116141,0.9241418267688302,0.9947798743644766,0.9914225147446858,0.9770226275810572,0.11920291732853862,0.047425873514159125,0.999985261010999
0.9770226275810572,0.0003353500316799018,0.9947798743644766,0.7310585786300049,0.9859363735766059,0.6791786926816161,0.5,3.7266388399128017e-06,0.9859363735766059,0.2689414213699951,0.2689414213699951,2.7535687821746045e-05,1.6701429809483402e-05,1.3007123813725571e-05,0.9820137881297458,0.9525741264858409,1.0129987357628251e-05,3.7266388399128017e-06,0.0293122327122782,0.9933071487351834,0.07585817323116975
0.9820137881297458,0.07585817323116975,0.9914225147446858,0.99966464996832,0.1824255149165352,0.11920291732853862,0.9770226275810572,0.01798621187025419,0.9988304896995872,0.9990889486412498,0.06008665038439803,0.9994472214475559,0.99966464996832,0.997527377056997,0.9525741264858409,0.9947798743644766,0.997527377056997,0.9988304896995872,0.9820137881297458,0.09534946232842245,0.005220125635523486
0.9997965729534201,0.9706877672877217,0.9820137881297458,0.9046505376715775,0.9525741264858409,0.9995694429072771,0.999290329695098,2.7535687821746045e-05,0.9241418267688302,0.9988304896995872,0.9997388096898188,0.99966464996832,0.9959298622161507,3.535625493426631e-05,0.9968273169307178,0.9994472214475559,0.9626731105140616,0.9988304896995872,0.9241418267688302,3.7266388399128017e-06,1.6701429809483402e-05
0.7310585786300049,0.9998415637640005,0.002472622943003016,0.005220125635523486,0.0031726830692822717,0.9859363735766059,0.9046505376715775,0.014063626423394072,0.010986941578116867,0.99966464996832,0.7310585786300049,0.9959298622161507,0.997527377056997,0.9947798743644766,0.0015011819937681247,0.9959298622161507,0.0009110513587503459,0.9997388096898188,0.5,0.0011695103004128338,0.5621765008857981
0.11920291732853862,0.9770226275810572,0.0009110513587503459,0.00012339461917113592,0.9947798743644766,0.0005527785524441057,0.8807970826714614,0.0005527785524441057,0.9980732657060567,0.0011695103004128338,0.9890130584218833,0.9399133496156019,0.0011695103004128338,0.0015011819937681247,0.9933071487351834,0.004070137783849419,0.9933071487351834,0.9890130584218833,0.002472622943003016,0.9859363735766059,0.006692851264816553
0.9990889486412498,0.9933071487351834,4.5397852420729034e-05,0.9859363735766059,3.535625493426631e-05,0.9706877672877217,9.610239214580367e-05,0.22270013882530884,0.37754066879814546,0.00020342704657999323,0.9984988180062319,0.9820137881297458,0.22270013882530884,2.7535687821746045e-05,0.9959298622161507,0.3208213073183839,0.14804719991116141,0.9770226275810572,2.1444958641491428e-05,0.9968273169307178,0.9626731105140616
2.1444958641491428e-05,3.535625493426631e-05,0.9399133496156019,0.9626731105140616,1.0129987357628251e-05,0.9980732657060567,0.8807970826714614,0.00020342704657999323,0.00015843623599953396,0.9914225147446858,7.484626298776402e-05,2.1444958641491428e-05,2.7535687821746045e-05,0.9988304896995872,3.7266388399128017e-06,0.8175744850834648,3.7266388399128017e-06,3.7266388399128017e-06,2.2603251062511995e-06,0.9820137881297458,0.9984988180062319
0.9706877672877217,7.889264466933239e-06,0.006692851264816553,4.5397852420729034e-05,0.014063626423394072,3.535625493426631e-05,0.00857748525531428,0.00857748525531428,5.8291272510566984e-05,0.9770226275810572,0.8519528000888387,0.9859363735766059,0.005220125635523486,0.9820137881297458,0.8175744850834648,0.006692851264816553,0.11920291732853862,0.9706877672877217,0.9626731105140616,0.9525741264858409,0.0015011819937681247
0.9999832985701905,0.001926734293943221,0.99966464996832,0.9999417087274893,0.9995694429072771,0.6224593312018546,0.99966464996832,0.5621765008857981,0.9997965729534201,0.002472622943003016,0.99966464996832,0.9997965729534201,0.9859363735766059,0.9997388096898188,0.6791786926816161,0.0015011819937681247,0.6224593312018546,0.8519528000888387,0.7310585786300049,0.9999251537370122,0.6224593312018546
0.00043055709272278825,0.0007096703049020563,0.9820137881297458,0.8807970826714614,0.9859363735766059,0.00012339461917113592,9.610239214580367e-05,2.2603251062511995e-06,1.0129987357628251e-05,6.144177531850823e-06,0.9959298622161507,0.9706877672877217,0.9933071487351834,1.760343003490802e-06,0.9933071487351834,0.9706877672877217,0.11920291732853862,0.9820137881297458,2.3823696679343503e-07,2.1024339116182101e-07,0.9914225147446858
0.9399133496156019,0.9525741264858409,0.9626731105140616,0.0015011819937681247,0.9770226275810572,0.004070137783849419,0.0007096703049020563,0.9525741264858409,0.9859363735766059,0.004070137783849419,0.0003353500316799018,0.0002611903101813263,0.0009110513587503459,0.0011695103004128338,0.0015011819937681247,0.00012339461917113592,7.484626298776402e-05,0.0015011819937681247,0.0003353500316799018,0.99966464996832,2.1444958641491428e-05
0.8519528000888387,0.9914225147446858,0.8175744850834648,0.0005527785524441057,0.9988304896995872,0.9820137881297458,0.9859363735766059,0.2689414213699951,0.9984988180062319,0.9914225147446858,0.9914225147446858,0.03732688948593844,0.9820137881297458,0.22270013882530884,0.9980732657060567,0.00020342704657999323,0.9770226275810572,2.7535687821746045e-05,5.8291272510566984e-05,0.9859363735766059,0.01798621187025419
0.9999869928761862,0.22270013882530884,0.9994472214475559,0.014063626423394072,0.9968273169307178,0.0031726830692822717,0.9914225147446858,0.005220125635523486,0.9990889486412498,0.9933071487351834,0.9988304896995872,0.9999251537370122,0.0015011819937681247,0.9968273169307178,0.9999785550413585,0.9999251537370122,0.002472622943003016,0.9820137881297458,0.00012339461917113592,0.9770226275810572,0.9706877672877217
1.6701429809483402e-05,0.8807970826714614,0.7310585786300049,7.889264466933239e-06,0.9933071487351834,0.9820137881297458,0.6224593312018546,1.0129987357628251e-05,0.9980732657060567,0.9046505376715775,0.9890130584218833,0.9706877672877217,3.9278634073828347e-07,1.3709578605790399e-06,1.0129987357628251e-05,0.9525741264858409,0.37754066879814546,7.889264466933239e-06,0.9959298622161507,3.7266388399128017e-06,6.144177531850823e-06
0.9999938558224682,0.9998415637640005,0.9980732657060567,0.07585817323116975,0.9999646437450657,0.9984988180062319,0.999290329695098,0.9990889486412498,0.01798621187025419,0.9994472214475559,0.9999646437450657,0.9999251537370122,0.00857748525531428,0.9999417087274893,0.9998766053808288,0.0007096703049020563,0.005220125635523486,0.014063626423394072,0.997527377056997,0.999290329695098,0.005220125635523486
0.8807970826714614,0.9990889486412498,0.0031726830692822717,0.9999038976078543,0.9999251537370122,0.9990889486412498,0.00043055709272278825,0.0007096703049020563,0.99966464996832,0.0003353500316799018,0.9994472214475559,0.999290329695098,0.0011695103004128338,0.9999938558224682,0.9988304896995872,0.0005527785524441057,0.00043055709272278825,0.9914225147446858,0.9988304896995872,0.00043055709272278825,0.0003353500316799018
0.9998766053808288,0.9999646437450657,0.0009110513587503459,0.997527377056997,0.9999885212318738,0.01798621187025419,0.9933071487351834,0.9999869928761862,0.09534946232842245,0.0007096703049020563,0.06008665038439803,0.047425873514159125,0.0007096703049020563,0.0005527785524441057,0.0009110513587503459,0.9999952149055052,0.0002611903101813263,0.9959298622161507,0.37754066879814546,0.5621765008857981,0.997527377056997
0.9990889486412498,0.6224593312018546,0.047425873514159125,0.9914225147446858,0.9995694429072771,0.9399133496156019,0.9399133496156019,0.06008665038439803,0.06008665038439803,0.9999417087274893,0.9890130584218833,0.14804719991116141,0.14804719991116141,0.9998766053808288,0.7310585786300049,0.2689414213699951,0.37754066879814546,0.5,0.9890130584218833,0.07585817323116975,0.9994472214475559
0.9399133496156019,0.9046505376715775,0.5621765008857981,0.5621765008857981,2.9023119851992182e-06,0.37754066879814546,7.889264466933239e-06,0.11920291732853862,5.8291272510566984e-05,1.0129987357628251e-05,2.7535687821746045e-05,1.0129987357628251e-05,2.2603251062511995e-06,1.067702997323512e-06,0.9959298622161507,1.3709578605790399e-06,0.11920291732853862,0.9947798743644766,6.144177531850823e-06,0.22270013882530884,4.785094494835719e-06
0.9999546021475793,0.06008665038439803,0.9914225147446858,0.9820137881297458,0.9399133496156019,0.09534946232842245,0.9998766053808288,0.07585817323116975,0.00857748525531428,0.9046505376715775,0.9999785550413585,0.06008665038439803,0.9999785550413585,0.014063626423394072,0.9959298622161507,0.9999646437450657,0.9914225147446858,0.0009110513587503459,0.010986941578116867,0.09534946232842245,0.11920291732853862
0.9999967112493664,0.9046505376715775,0.9998415637640005,0.9626731105140616,0.9626731105140616,0.37754066879814546,0.9399133496156019,0.9859363735766059,0.9626731105140616,0.9770226275810572,0.9999646437450657,0.8807970826714614,0.8519528000888387,0.9626731105140616,0.9999832985701905,0.9999546021475793,0.5621765008857981,0.9999646437450657,0.9859363735766059,0.8807970826714614,0.14804719991116141
0.0007096703049020563,0.5,7.889264466933239e-06,0.9241418267688302,0.9525741264858409,0.5,0.7310585786300049,0.00043055709272278825,6.144177531850823e-06,0.9820137881297458,2.9023119851992182e-06,4.5397852420729034e-05,0.014063626423394072,6.475945666070602e-07,9.610239214580367e-05,0.9241418267688302,5.043476486929152e-07,1.6701429809483402e-05,1.3007123813725571e-05,9.610239214580367e-05,0.9820137881297458
0.00043055709272278825,0.9626731105140616,0.00020342704657999323,0.0003353500316799018,0.014063626423394072,0.00020342704657999323,0.9820137881297458,0.9959298622161507,0.9959298622161507,0.9947798743644766,0.0009110513587503459,0.9968273169307178,0.9399133496156019,0.9933071487351834,0.00015843623599953396,0.9914225147446858,0.9859363735766059,0.0003353500316799018,0.4378234991142018,0.6791786926816161,1.6701429809483402e-05
0.9994472214475559,0.8807970826714614,0.8175744850834648,0.02297737241894287,0.9820137881297458,0.00012339461917113592,0.00015843623599953396,0.006692851264816553,0.9770226275810572,0.9820137881297458,0.22270013882530884,0.8519528000888387,4.5397852420729034e-05,0.9859363735766059,0.7310585786300049,0.7772998611746911,0.11920291732853862,0.9525741264858409,0.06008665038439803,0.4378234991142018,0.3208213073183839
0.9991959140370592,0.4378234991142018,0.7772998611746911,0.7310585786300049,8.315279285380714e-07,4.5397852420729034e-05,0.11920291732853862,3.535625493426631e-05,0.9241418267688302,1.0129987357628251e-05,5.8291272510566984e-05,0.4378234991142018,0.4378234991142018,1.0129987357628251e-05,0.9046505376715775,0.14804719991116141,2.3823696679343503e-07,6.144177531850823e-06,0.9980732657060567,0.997527377056997,0.9399133496156019
0.9999986290421394,0.9990889486412498,0.9959298622161507,0.006692851264816553,0.9999724643121783,0.002472622943003016,0.00012339461917113592,2.1444958641491428e-05,0.9706877672877217,0.9999038976078543,0.9999417087274893,0.02297737241894287,0.0009110513587503459,0.014063626423394072,0.00043055709272278825,0.0002611903101813263,0.0002611903101813263,0.0005527785524441057,0.9968273169307178,0.997527377056997,0.0011695103004128338
0.9995121428190179,0.9525741264858409,0.9947798743644766,0.9933071487351834,0.0015011819937681247,0.9770226275810572,0.9959298622161507,0.9241418267688302,0.01798621187025419,0.9706877672877217,0.9959298622161507,0.9241418267688302,0.9959298622161507,0.8807970826714614,0.8807970826714614,0.8175744850834648,0.00020342704657999323,0.014063626423394072,0.9890130584218833,0.37754066879814546,9.610239214580367e-05
0.9999417087274893,0.9997388096898188,0.02297737241894287,0.02297737241894287,0.02297737241894287,0.999290329695098,0.00857748525531428,0.999290329695098,0.9995694429072771,0.01798621187025419,0.9997388096898188,0.006692851264816553,0.9995694429072771,0.03732688948593844,0.014063626423394072,0.99966464996832,0.9980732657060567,0.9994472214475559,0.006692851264816553,0.00857748525531428,0.00857748525531428
0.9999724643121783,0.9994472214475559,0.3208213073183839,0.9990889486412498,0.9980732657060567,0.9980732657060567,0.5,0.9984988180062319,0.999290329695098,0.9980732657060567,0.9968273169307178,0.5,0.9995694429072771,0.6224593312018546,0.14804719991116141,0.07585817323116975,0.9959298622161507,0.997527377056997,0.9959298622161507,0.9984988180062319,0.11920291732853862
0.9914225147446858,9.610239214580367e-05,0.997527377056997,1.0129987357628251e-05,0.9991959140370592,1.0129987357628251e-05,0.9706877672877217,0.9990889486412498,1.3007123813725571e-05,8.315279285380714e-07,3.7266388399128017e-06,0.9241418267688302,0.9984988180062319,2.2603251062511995e-06,3.9278634073828347e-07,8.315279285380714e-07,2.2603251062511995e-06,0.9947798743644766,1.125351754703302e-07,0.9706877672877217,1.067702997323512e-06
0.9980732657060567,0.014063626423394072,0.9770226275810572,0.9241418267688302,0.002472622943003016,0.01798621187025419,0.00012339461917113592,0.006692851264816553,0.9914225147446858,0.3208213073183839,0.14804719991116141,0.00012339461917113592,0.002472622943003016,0.14804719991116141,0.005220125635523486,0.9241418267688302,3.535625493426631e-05,0.9046505376715775,0.02297737241894287,0.9933071487351834,0.004070137783849419
0.9995694429072771,0.9820137881297458,0.07585817323116975,0.047425873514159125,0.9933071487351834,0.14804719991116141,0.14804719991116141,0.09534946232842245,0.0031726830692822717,0.0031726830692822717,0.9706877672877217,0.9959298622161507,0.010986941578116867,0.9959298622161507,0.9626731105140616,0.9626731105140616,0.9525741264858409,0.0015011819937681247,0.6224593312018546,0.7772998611746911,0.9968273169307178
0.9999957771650452,0.9914225147446858,0.9859363735766059,0.02297737241894287,0.047425873514159125,0.00857748525531428,0.8807970826714614,0.02297737241894287,0.9947798743644766,0.02297737241894287,0.9914225147446858,0.8807970826714614,0.9914225147446858,0.9525741264858409,0.9706877672877217,0.07585817323116975,0.8807970826714614,0.014063626423394072,0.9999251537370122,0.9997965729534201,0.03732688948593844
0.0031726830692822717,0.0002611903101813263,4.5397852420729034e-05,5.8291272510566984e-05,0.00012339461917113592,4.5397852420729034e-05,2.7535687821746045e-05,2.7535687821746045e-05,0.9525741264858409,0.00012339461917113592,0.9859363735766059,0.9820137881297458,0.9997388096898188,3.535625493426631e-05,0.9995694429072771,0.9241418267688302,2.1444958641491428e-05,6.144177531850823e-06,0.9890130584218833,6.144177531850823e-06,0.9859363735766059
0.01798621187025419,0.997527377056997,0.9890130584218833,0.9820137881297458,0.0293122327122782,0.9859363735766059,0.006692851264816553,0.9984988180062319,0.002472622943003016,0.997527377056997,0.9933071487351834,0.006692851264816553,0.9947798743644766,0.9859363735766059,0.006692851264816553,0.005220125635523486,0.005220125635523486,0.9933071487351834,0.9399133496156019,0.002472622943003016,0.9933071487351834
0.9984988180062319,0.010986941578116867,0.9859363735766059,0.0031726830692822717,0.9525741264858409,0.9046505376715775,0.9820137881297458,0.9890130584218833,0.014063626423394072,0.9859363735766059,0.00857748525531428,0.9994472214475559,0.9399133496156019,0.9046505376715775,0.014063626423394072,0.9890130584218833,0.8807970826714614,0.9770226275810572,0.9959298622161507,0.9968273169307178,0.014063626423394072
0.9399133496156019,0.7310585786300049,0.997527377056997,0.22270013882530884,0.9999885212318738,0.5621765008857981,0.9999810748540133,0.9999546021475793,0.2689414213699951,0.9984988180062319,0.9988304896995872,0.37754066879814546,0.9988304896995872,0.999290329695098,0.999290329695098,0.2689414213699951,0.9914225147446858,0.9984988180062319,0.9999832985701905,0.9999910603004984,0.9999832985701905
0.9997388096898188,0.9968273169307178,0.00020342704657999323,5.8291272510566984e-05,0.9626731105140616,0.9706877672877217,0.7310585786300049,0.00012339461917113592,2.7535687821746045e-05,0.9626731105140616,0.9525741264858409,0.9995694429072771,0.9990889486412498,0.9046505376715775,1.6701429809483402e-05,0.9706877672877217,3.7266388399128017e-06,9.610239214580367e-05,0.9984988180062319,0.9989677690217064,4.785094494835719e-06
0.8519528000888387,0.9914225147446858,0.0293122327122782,0.997527377056997,0.004070137783849419,0.9999251537370122,0.00857748525531428,0.9995694429072771,0.9968273169307178,0.9999038976078543,0.004070137783849419,0.9968273169307178,0.03732688948593844,0.9999546021475793,0.9241418267688302,0.8519528000888387,0.00020342704657999323,0.0003353500316799018,0.9706877672877217,0.9994472214475559,0.0031726830692822717
0.9997965729534201,0.997527377056997,0.07585817323116975,0.0293122327122782,0.9990889486412498,0.9947798743644766,0.4378234991142018,0.997527377056997,0.9988304896995872,0.9994472214475559,0.02297737241894287,0.9820137881297458,0.01798621187025419,0.9859363735766059,0.01798621187025419,0.9914225147446858,0.9770226275810572,0.06008665038439803,0.8519528000888387,0.2689414213699951,0.14804719991116141
0.9994472214475559,0.9959298622161507,0.997527377056997,0.006692851264816553,0.0293122327122782,0.9980732657060567,0.001926734293943221,0.9947798743644766,0.9968273169307178,0.9947798743644766,0.9984988180062319,0.0031726830692822717,0.9968273169307178,0.0007096703049020563,0.9984988180062319,0.997527377056997,0.06008665038439803,0.00043055709272278825,0.9959298622161507,0.0005527785524441057,0.00015843623599953396
0.9859363735766059,0.7310585786300049,0.9706877672877217,0.9770226275810572,1.760343003490802e-06,4.785094494835719e-06,0.6791786926816161,0.9241418267688302,3.9278634073828347e-07,4.785094494835719e-06,0.9990889486412498,0.7772998611746911,0.9988304896995872,1.067702997323512e-06,5.043476486929152e-07,0.9820137881297458,0.9947798743644766,0.5,0.9859363735766059,3.9278634073828347e-07,0.9984988180062319
0.00012339461917113592,0.9890130584218833,4.785094494835719e-06,0.9859363735766059,0.9046505376715775,0.8807970826714614,1.067702997323512e-06,0.8175744850834648,2.7535687821746045e-05,0.9947798743644766,0.9914225147446858,1.067702997323512e-06,0.6224593312018546,4.785094494835719e-06,4.785094494835719e-06,0.5621765008857981,0.9914225147446858,0.6224593312018546,0.9770226275810572,0.9914225147446858,0.9820137881297458
0.9995694429072771,0.9988304896995872,0.9984988180062319,0.0293122327122782,0.07585817323116975,0.999290329695098,0.9046505376715775,0.99966464996832,0.014063626423394072,0.9998766053808288,0.8519528000888387,0.01798621187025419,0.9984988180062319,0.37754066879814546,0.9997965729534201,0.9995694429072771,0.9988304896995872,0.005220125635523486,0.3208213073183839,0.9997965729534201,0.9997965729534201
0.9999724643121783,0.3208213073183839,0.8519528000888387,0.9995694429072771,0.9980732657060567,0.9998766053808288,0.9968273169307178,0.37754066879814546,0.9914225147446858,0.4378234991142018,0.9968273169307178,0.9959298622161507,0.9968273169307178,0.22270013882530884,0.1824255149165352,0.9995694429072771,0.11920291732853862,0.047425873514159125,0.9990889486412498,0.11920291732853862,0.999290329695098
0.99966464996832,0.00043055709272278825,0.9959298622161507,0.8519528000888387,0.3208213073183839,0.0015011819937681247,0.9959298622161507,3.535625493426631e-05,0.37754066879814546,0.5,1.0129987357628251e-05,0.9046505376715775,7.484626298776402e-05,0.7310585786300049,0.9933071487351834,2.2603251062511995e-06,1.760343003490802e-06,0.047425873514159125,1.3007123813725571e-05,0.047425873514159125,0.7772998611746911
0.9933071487351834,5.8291272510566984e-05,0.9984988180062319,6.144177531850823e-06,0.9859363735766059,0.9890130584218833,1.067702997323512e-06,0.9994472214475559,0.9399133496156019,0.9859363735766059,0.9859363735766059,3.7266388399128017e-06,0.9525741264858409,1.3709578605790399e-06,0.9995694429072771,0.9770226275810572,1.8553914607279396e-07,5.043476486929152e-07,5.043476486929152e-07,0.9984988180062319,0.6791786926816161
0.9995694429072771,0.9988304896995872,0.9997965729534201,0.9820137881297458,0.9999546021475793,0.2689414213699951,0.6791786926816161,0.3208213073183839,0.9990889486412498,0.014063626423394072,0.1824255149165352,0.9995694429072771,0.9998415637640005,0.5,0.6791786926816161,0.5621765008857981,0.5,0.9999038976078543,0.014063626423394072,0.0015011819937681247,0.9999251537370122
0.9999898700126424,0.9959298622161507,0.047425873514159125,0.02297737241894287,0.22270013882530884,0.07585817323116975,0.010986941578116867,0.9914225147446858,0.9968273169307178,0.9820137881297458,0.9820137881297458,0.9947798743644766,0.11920291732853862,0.9890130584218833,0.02297737241894287,0.002472622943003016,0.9399133496156019,0.006692851264816553,0.9241418267688302,0.0015011819937681247,0.9046505376715775
0.9997388096898188,0.9980732657060567,0.9241418267688302,0.6791786926816161,0.8807970826714614,0.001926734293943221,0.2689414213699951,0.5,0.997527377056997,0.9984988180062319,0.8519528000888387,0.5621765008857981,0.9994472214475559,0.3208213073183839,0.0031726830692822717,0.9995694429072771,0.1824255149165352,0.9980732657060567,0.0003353500316799018,0.14804719991116141,0.3208213073183839
0.9999898700126424,0.9859363735766059,0.9933071487351834,0.9947798743644766,0.37754066879814546,0.9914225147446858,0.9706877672877217,0.9968273169307178,0.9947798743644766,0.9984988180062319,0.9859363735766059,0.00857748525531428,0.9984988180062319,0.9968273169307178,0.14804719991116141,0.9399133496156019,0.9914225147446858,0.9770226275810572,0.9399133496156019,0.9947798743644766,0.997527377056997
0.9890130584218833,0.9998415637640005,0.07585817323116975,0.99966464996832,0.997527377056997,0.9968273169307178,0.9984988180062319,0.02297737241894287,0.997527377056997,0.8519528000888387,0.99966464996832,0.9999251537370122,0.9999417087274893,0.9999646437450657,0.9999417087274893,0.4378234991142018,0.01798621187025419,0.9988304896995872,0.99966464996832,0.9998415637640005,0.9770226275810572
0.9914225147446858,0.99966464996832,0.5621765008857981,0.5,0.8519528000888387,0.0011695103004128338,0.11920291732853862,0.8175744850834648,0.2689414213699951,0.37754066879814546,0.9998415637640005,0.14804719991116141,0.07585817323116975,0.9994472214475559,0.06008665038439803,0.9988304896995872,0.9995694429072771,0.0005527785524441057,0.00043055709272278825,0.9990889486412498,0.99966464996832
0.9999646437450657,0.9988304896995872,0.9999646437450657,0.0293122327122782,0.997527377056997,0.03732688948593844,0.9241418267688302,0.02297737241894287,0.9988304896995872,0.2689414213699951,0.6791786926816161,0.5621765008857981,0.9984988180062319,0.5621765008857981,0.2689414213699951,0.9999785550413585,0.010986941578116867,0.047425873514159125,0.005220125635523486,0.9999251537370122,0.9999251537370122
0.9770226275810572,0.9984988180062319,0.9984988180062319,0.2689414213699951,0.37754066879814546,0.3208213073183839,0.22270013882530884,0.9984988180062319,0.5621765008857981,0.4378234991142018,0.997527377056997,0.1824255149165352,0.4378234991142018,0.9980732657060567,0.7310585786300049,0.9995694429072771,0.9990889486412498,0.03732688948593844,0.9988304896995872,0.9914225147446858,0.9933071487351834
0.4378234991142018,0.9820137881297458,0.01798621187025419,0.03732688948593844,0.01798621187025419,0.9997965729534201,0.9525741264858409,0.014063626423394072,0.8519528000888387,0.9241418267688302,0.9998415637640005,0.03732688948593844,0.9525741264858409,0.8807970826714614,0.03732688948593844,0.9998415637640005,0.6224593312018546,0.010986941578116867,0.99966464996832,0.010986941578116867,0.11920291732853862
0.9999251537370122,0.0031726830692822717,0.00043055709272278825,0.014063626423394072,0.9995694429072771,0.0003353500316799018,0.002472622943003016,0.8175744850834648,0.9988304896995872,0.005220125635523486,0.9998766053808288,0.9997965729534201,0.4378234991142018,0.001926734293943221,0.0015011819937681247,0.9990889486412498,0.2689414213699951,0.00020342704657999323,0.9990889486412498,0.9990889486412498,0.06008665038439803
0.9241418267688302,0.9990889486412498,0.0031726830692822717,0.14804719991116141,0.9706877672877217,0.2689414213699951,0.9241418267688302,0.006692851264816553,0.99966464996832,0.9999038976078543,0.8807970826714614,0.8807970826714614,0.8807970826714614,0.9995694429072771,0.8175744850834648,0.9997388096898188,0.7310585786300049,0.2689414213699951,0.9997965729534201,0.99966464996832,0.99966464996832
0.99966464996832,0.9984988180062319,0.9990889486412498,0.997527377056997,0.9820137881297458,0.8807970826714614,0.9984988180062319,0.9994472214475559,0.9399133496156019,0.9933071487351834,0.9706877672877217,0.99966464996832,0.9525741264858409,0.9994472214475559,0.9994472214475559,0.00043055709272278825,0.9984988180062319,0.0005527785524441057,0.999290329695098,0.0005527785524441057,0.9990889486412498
0.8175744850834648,0.01798621187025419,0.9999546021475793,0.014063626423394072,0.00857748525531428,0.06008665038439803,0.9998415637640005,0.9770226275810572,0.001926734293943221,0.002472622943003016,0.005220125635523486,0.0031726830692822717,0.9241418267688302,0.997527377056997,0.010986941578116867,0.9525741264858409,0.9997965729534201,0.8519528000888387,0.00043055709272278825,0.8175744850834648,0.0031726830692822717
0.9999546021475793,0.8175744850834648,0.9914225147446858,0.9770226275810572,0.9990889486412498,0.0005527785524441057,0.9997965729534201,0.9994472214475559,0.002472622943003016,0.9706877672877217,0.37754066879814546,0.7772998611746911,0.9990889486412498,0.9997965729534201,0.99966464996832,0.99966464996832,0.0009110513587503459,0.0011695103004128338,0.5,0.0003353500316799018,0.9997388096898188
0.9984988180062319,0.9820137881297458,0.999290329695098,0.0009110513587503459,0.0002611903101813263,0.5621765008857981,0.9959298622161507,0.22270013882530884,0.09534946232842245,0.9995694429072771,0.22270013882530884,0.999290329695098,0.997527377056997,0.997527377056997,0.9980732657060567,0.09534946232842245,0.1824255149165352,0.0007096703049020563,0.9914225147446858,0.11920291732853862,0.997527377056997
0.9998766053808288,0.9998766053808288,0.9959298622161507,0.9947798743644766,0.9914225147446858,0.010986941578116867,0.9998766053808288,0.00012339461917113592,0.0003353500316799018,0.03732688948593844,0.9998415637640005,0.9968273169307178,0.8175744850834648,0.9046505376715775,0.9241418267688302,0.9968273169307178,0.6224593312018546,0.0015011819937681247,0.99966464996832,0.4378234991142018,0.006692851264816553
5.8291272510566984e-05,0.6224593312018546,0.9626731105140616,8.315279285380714e-07,3.059023363247549e-07,0.5,0.9820137881297458,0.014063626423394072,1.2751905808907768e-07,6.475945666070602e-07,1.760343003490802e-06,3.9278634073828347e-07,1.067702997323512e-06,0.9890130584218833,5.043476486929152e-07,0.0293122327122782,0.010986941578116867,0.9820137881297458,0.00857748525531428,0.37754066879814546,0.14804719991116141
0.0009110513587503459,0.9399133496156019,0.9770226275810572,0.03732688948593844,1.3709578605790399e-06,0.03732688948593844,0.9706877672877217,0.00043055709272278825,0.9241418267688302,0.9859363735766059,7.484626298776402e-05,5.043476486929152e-07,0.14804719991116141,0.047425873514159125,0.0002611903101813263,0.9525741264858409,0.9626731105140616,6.023574193117954e-08,0.9046505376715775,2.3823696679343503e-07,5.043476486929152e-07
0.9994472214475559,0.999290329695098,0.9947798743644766,0.11920291732853862,0.002472622943003016,0.0031726830692822717,0.1824255149165352,0.9914225147446858,0.0009110513587503459,0.9706877672877217,0.9947798743644766,0.9770226275810572,0.0031726830692822717,0.9959298622161507,0.9947798743644766,0.9959298622161507,0.9968273169307178,0.001926734293943221,0.8519528000888387,0.0031726830692822717,0.9947798743644766
0.9999869928761862,0.6224593312018546,0.9990889486412498,0.3208213073183839,0.07585817323116975,0.03732688948593844,0.9988304896995872,0.37754066879814546,0.9995694429072771,0.9994472214475559,0.9990889486412498,0.6224593312018546,0.9999785550413585,0.2689414213699951,0.9999417087274893,0.99966464996832,0.9997388096898188,0.1824255149165352,0.9988304896995872,0.06008665038439803,0.9990889486412498
0.999290329695098,0.9770226275810572,0.9980732657060567,0.9990889486412498,0.14804719991116141,0.9984988180062319,0.9947798743644766,0.9399133496156019,0.9626731105140616,0.9947798743644766,0.9933071487351834,0.9980732657060567,0.00043055709272278825,0.047425873514159125,0.9859363735766059,0.0002611903101813263,0.5,0.047425873514159125,0.1824255149165352,0.9988304896995872,0.9933071487351834
0.9770226275810572,0.99966464996832,0.0011695103004128338,0.9988304896995872,0.9998766053808288,0.0293122327122782,0.9947798743644766,0.03732688948593844,0.9997965729534201,0.9890130584218833,0.9968273169307178,0.9998766053808288,0.9933071487351834,0.9997388096898188,0.99966464996832,0.9914225147446858,0.9997388096898188,0.999290329695098,0.0015011819937681247,0.047425873514159125,0.14804719991116141
0.00020342704657999323,0.4378234991142018,0.9890130584218833,0.6791786926816161,0.9770226275810572,1.6701429809483402e-05,1.6701429809483402e-05,0.14804719991116141,0.9947798743644766,3.7266388399128017e-06,0.9984988180062319,1.760343003490802e-06,0.9241418267688302,0.997527377056997,0.07585817323116975,1.3709578605790399e-06,0.14804719991116141,0.9525741264858409,2.9023119851992182e-06,2.2603251062511995e-06,1.3709578605790399e-06
0.9999646437450657,0.9706877672877217,0.9890130584218833,0.9399133496156019,0.9995694429072771,0.7772998611746911,0.999290329695098,0.11920291732853862,0.9990889486412498,0.3208213073183839,0.9994472214475559,0.002472622943003016,0.07585817323116975,0.9988304896995872,0.001926734293943221,0.07585817323116975,0.005220125635523486,0.2689414213699951,0.002472622943003016,0.999290329695098,0.005220125635523486
0.9997965729534201,0.9994472214475559,0.997527377056997,0.07585817323116975,0.997527377056997,0.1824255149165352,0.9959298622161507,0.09534946232842245,0.9890130584218833,0.997527377056997,0.22270013882530884,0.3208213073183839,0.0293122327122782,0.9959298622161507,0.37754066879814546,0.9241418267688302,0.3208213073183839,0.9959298622161507,0.9914225147446858,0.09534946232842245,0.0293122327122782
0.9968273169307178,0.9933071487351834,0.9046505376715775,0.0011695103004128338,0.0003353500316799018,0.9947798743644766,0.00020342704657999323,0.9706877672877217,0.0015011819937681247,0.0015011819937681247,0.9914225147446858,0.9525741264858409,0.9525741264858409,0.9770226275810572,0.999290329695098,0.9820137881297458,0.997527377056997,0.9241418267688302,0.001926734293943221,0.002472622943003016,0.9984988180062319
0.9859363735766059,0.9820137881297458,0.7310585786300049,0.6791786926816161,0.5,7.484626298776402e-05,0.4378234991142018,0.9706877672877217,0.9626731105140616,0.9890130584218833,0.14804719991116141,0.7310585786300049,0.09534946232842245,1.760343003490802e-06,0.6224593312018546,0.9820137881297458,2.9023119851992182e-06,0.9890130584218833,0.7310585786300049,1.0129987357628251e-05,2.1444958641491428e-05
0.9933071487351834,0.7772998611746911,0.9046505376715775,4.5397852420729034e-05,0.9399133496156019,0.00015843623599953396,0.00043055709272278825,0.9525741264858409,0.9770226275810572,0.9820137881297458,0.00015843623599953396,0.9947798743644766,0.0002611903101813263,0.9820137881297458,0.9859363735766059,0.9706877672877217,2.1444958641491428e-05,0.9859363735766059,0.9933071487351834,0.9046505376715775,0.9820137881297458
0.3208213073183839,0.014063626423394072,0.03732688948593844,0.9988304896995872,0.014063626423394072,0.005220125635523486,0.010986941578116867,0.5,0.22270013882530884,0.9998415637640005,0.02297737241894287,0.010986941578116867,0.9997965729534201,0.06008665038439803,0.002472622943003016,0.005220125635523486,0.9984988180062319,0.006692851264816553,0.002472622943003016,0.0015011819937681247,0.9990889486412498
0.9999646437450657,0.997527377056997,0.0015011819937681247,0.9959298622161507,0.9997388096898188,0.006692851264816553,0.0031726830692822717,0.0015011819937681247,0.00043055709272278825,0.9968273169307178,0.9995694429072771,0.999290329695098,0.9968273169307178,0.9984988180062319,0.005220125635523486,0.0011695103004128338,4.5397852420729034e-05,0.9770226275810572,0.00020342704657999323,0.0003353500316799018,0.00015843623599953396
0.9999957771650452,0.9933071487351834,0.9933071487351834,0.9988304896995872,0.9997965729534201,0.047425873514159125,0.9998766053808288,0.9999251537370122,0.999290329695098,0.6224593312018546,0.9994472214475559,0.9999251537370122,0.9999898700126424,0.9990889486412498,0.999290329695098,0.9999251537370122,0.9980732657060567,0.9890130584218833,0.9998415637640005,0.9998415637640005,0.06008665038439803
0.9947798743644766,0.9046505376715775,0.7772998611746911,7.484626298776402e-05,0.8807970826714614,5.8291272510566984e-05,0.22270013882530884,0.7310585786300049,0.00012339461917113592,0.37754066879814546,0.8807970826714614,0.9859363735766059,7.889264466933239e-06,6.144177531850823e-06,0.0007096703049020563,2.7535687821746045e-05,0.9626731105140616,0.09534946232842245,1.3007123813725571e-05,4.5397852420729034e-05,0.9626731105140616
0.9820137881297458,7.889264466933239e-06,0.9525741264858409,0.9770226275810572,0.9988304896995872,0.9859363735766059,0.9933071487351834,0.999290329695098,5.8291272510566984e-05,0.9959298622161507,0.9890130584218833,3.535625493426631e-05,0.9820137881297458,0.99966464996832,7.889264466933239e-06,0.9859363735766059,0.9947798743644766,3.7266388399128017e-06,0.9525741264858409,0.9984988180062319,0.5621765008857981
0.9999417087274893,0.5,0.09534946232842245,0.9525741264858409,0.9947798743644766,0.9999546021475793,0.9947798743644766,0.4378234991142018,0.9859363735766059,0.22270013882530884,0.9999599363078028,0.999948557786326,0.1824255149165352,0.9999646437450657,0.997527377056997,0.9959298622161507,0.999948557786326,0.9933071487351834,0.9999251537370122,0.07585817323116975,0.9999038976078543
0.02297737241894287,0.9980732657060567,0.9933071487351834,0.9820137881297458,0.9914225147446858,0.9914225147446858,0.0015011819937681247,0.006692851264816553,0.0015011819937681247,0.002472622943003016,0.0009110513587503459,0.9890130584218833,0.9890130584218833,0.9890130584218833,0.9959298622161507,0.9914225147446858,0.00043055709272278825,0.004070137783849419,0.9626731105140616,0.004070137783849419,0.6791786926816161
0.8807970826714614,0.9859363735766059,0.9890130584218833,0.9914225147446858,2.7535687821746045e-05,9.610239214580367e-05,3.535625493426631e-05,9.610239214580367e-05,0.00020342704657999323,0.9968273169307178,0.9968273169307178,0.4378234991142018,0.4378234991142018,2.2603251062511995e-06,2.7535687821746045e-05,2.9023119851992182e-06,0.9914225147446858,6.144177531850823e-06,0.06008665038439803,0.11920291732853862,0.9947798743644766
0.9997965729534201,0.9999646437450657,0.9999646437450657,0.9999832985701905,0.014063626423394072,0.03732688948593844,0.11920291732853862,0.014063626423394072,0.9990889486412498,0.9999938558224682,0.11920291732853862,0.7772998611746911,0.9980732657060567,0.9241418267688302,0.9399133496156019,0.8175744850834648,0.5621765008857981,0.6791786926816161,0.9999869928761862,0.9999869928761862,0.09534946232842245
0.11920291732853862,0.9990889486412498,0.999290329695098,0.9968273169307178,0.9988304896995872,0.9995694429072771,0.9770226275810572,0.0031726830692822717,0.22270013882530884,0.22270013882530884,0.9959298622161507,0.9998415637640005,0.11920291732853862,0.9999038976078543,0.001926734293943221,0.9770226275810572,0.9995694429072771,0.9998766053808288,0.0003353500316799018,0.9626731105140616,0.1824255149165352
0.9998766053808288,0.11920291732853862,0.8175744850834648,0.999290329695098,0.9988304896995872,0.8807970826714614,0.14804719991116141,0.6224593312018546,0.997527377056997,0.8175744850834648,0.997527377056997,0.5621765008857981,0.9980732657060567,0.14804719991116141,0.4378234991142018,0.37754066879814546,0.9820137881297458,0.9914225147446858,0.9914225147446858,0.14804719991116141,0.9980732657060567
0.9820137881297458,0.9046505376715775,0.9241418267688302,0.9820137881297458,0.0009110513587503459,0.8519528000888387,0.9770226275810572,0.010986941578116867,0.9770226275810572,0.0003353500316799018,0.014063626423394072,0.0005527785524441057,0.6791786926816161,0.0003353500316799018,0.9770226275810572,0.0002611903101813263,0.9859363735766059,0.00012339461917113592,0.9525741264858409,0.2689414213699951,0.9890130584218833
0.9914225147446858,1.067702997323512e-06,0.7772998611746911,0.0002611903101813263,0.0007096703049020563,0.8175744850834648,0.5621765008857981,0.06008665038439803,0.6224593312018546,0.7772998611746911,0.03732688948593844,0.5,1.6701429809483402e-05,0.6791786926816161,0.8807970826714614,0.8519528000888387,0.8519528000888387,2.9023119851992182e-06,0.8519528000888387,0.005220125635523486,0.004070137783849419
0.8175744850834648,0.9859363735766059,0.9046505376715775,0.5,0.00043055709272278825,0.9964063976003252,0.9959298622161507,0.6224593312018546,0.0009110513587503459,0.9241418267688302,0.00015843623599953396,0.00015843623599953396,0.9525741264858409,9.610239214580367e-05,7.484626298776402e-05,7.484626298776402e-05,0.07585817323116975,0.9947798743644766,0.00012339461917113592,7.484626298776402e-05,0.00012339461917113592
0.0015011819937681247,0.9859363735766059,4.5397852420729034e-05,0.9399133496156019,0.9525741264858409,0.9968273169307178,0.9959298622161507,3.7266388399128017e-06,0.9525741264858409,6.144177531850823e-06,3.7266388399128017e-06,0.9626731105140616,0.8519528000888387,0.9914225147446858,3.7266388399128017e-06,0.8175744850834648,0.9241418267688302,0.9933071487351834,8.315279285380714e-07,1.3709578605790399e-06,0.9947798743644766
0.9399133496156019,1.3007123813725571e-05,0.9820137881297458,0.8175744850834648,3.9278634073828347e-07,0.9890130584218833,0.7772998611746911,2.9023119851992182e-06,0.9933071487351834,1.3709578605790399e-06,0.9968273169307178,5.043476486929152e-07,0.014063626423394072,0.6224593312018546,0.9933071487351834,0.010986941578116867,6.475945666070602e-07,0.005220125635523486,2.3823696679343503e-07,2.3823696679343503e-07,8.764248496102855e-08
0.0011695103004128338,0.9859363735766059,0.9933071487351834,0.9947798743644766,0.0011695103004128338,0.9626731105140616,9.610239214580367e-05,0.8175744850834648,0.9770226275810572,0.9241418267688302,0.8807970826714614,9.610239214580367e-05,5.8291272510566984e-05,3.535625493426631e-05,0.9933071487351834,0.9914225147446858,5.8291272510566984e-05,2.9023119851992182e-06,4.5397852420729034e-05,0.5621765008857981,0.00015843623599953396
0.9525741264858409,0.5,0.22270013882530884,0.1824255149165352,0.9999251537370122,0.9999724643121783,0.9999599363078028,0.9933071487351834,0.9999785550413585,0.9980732657060567,0.9999724643121783,0.9999910603004984,0.999985261010999,0.9999869928761862,0.9706877672877217,0.9999251537370122,0.9399133496156019,0.8807970826714614,0.9999724643121783,0.9999724643121783,0.02297737241894287
0.0015011819937681247,0.9626731105140616,0.7310585786300049,0.9046505376715775,0.0007096703049020563,0.8807970826714614,7.484626298776402e-05,4.5397852420729034e-05,0.00043055709272278825,0.7310585786300049,0.004070137783849419,4.5397852420729034e-05,0.7310585786300049,0.0009110513587503459,0.0005527785524441057,1.6701429809483402e-05,1.3007123813725571e-05,0.1824255149165352,0.11920291732853862,5.8291272510566984e-05,0.6791786926816161
0.37754066879814546,0.2689414213699951,0.9994472214475559,0.9988304896995872,0.9984988180062319,0.9995694429072771,0.0031726830692822717,0.9959298622161507,0.0015011819937681247,0.0009110513587503459,0.9990889486412498,0.9980732657060567,0.999290329695098,0.999290329695098,0.9984988180062319,5.8291272510566984e-05,0.11920291732853862,0.0003353500316799018,0.14804719991116141,0.9947798743644766,0.997527377056997
0.9820137881297458,0.9980732657060567,0.9890130584218833,0.0011695103004128338,0.9995694429072771,0.0011695103004128338,0.9998911030646597,0.8175744850834648,0.9241418267688302,0.9999546021475793,0.9999646437450657,0.00857748525531428,0.6224593312018546,0.9999251537370122,0.9988304896995872,0.8175744850834648,0.8807970826714614,0.0009110513587503459,0.9994472214475559,0.999290329695098,0.0007096703049020563
0.002472622943003016,0.1824255149165352,7.484626298776402e-05,0.9914225147446858,2.1444958641491428e-05,0.8807970826714614,9.610239214580367e-05,0.03732688948593844,0.9968273169307178,0.9241418267688302,7.889264466933239e-06,0.00020342704657999323,0.9968273169307178,0.8175744850834648,0.00015843623599953396,0.00020342704657999323,0.02297737241894287,0.0007096703049020563,0.9046505376715775,0.0009110513587503459,0.8807970826714614
0.9999251537370122,0.03732688948593844,0.9984988180062319,0.0015011819937681247,0.001926734293943221,0.14804719991116141,0.004070137783849419,0.9968273169307178,0.005220125635523486,0.9995694429072771,0.06008665038439803,0.9997388096898188,0.9998766053808288,0.07585817323116975,0.0002611903101813263,0.9984988180062319,0.9994472214475559,0.9990889486412498,0.9984988180062319,0.0003353500316799018,0.9995694429072771
0.997527377056997,0.9968273169307178,0.9706877672877217,0.0005527785524441057,0.9933071487351834,0.07585817323116975,0.7310585786300049,0.0009110513587503459,0.02297737241894287,0.9241418267688302,0.9968273169307178,0.09534946232842245,0.0293122327122782,0.9968273169307178,0.0003353500316799018,0.047425873514159125,0.37754066879814546,0.9770226275810572,0.11920291732853862,0.047425873514159125,0.9859363735766059
0.9770226275810572,0.9947798743644766,0.8807970826714614,0.9947798743644766,0.9984988180062319,0.999290329695098,1.6701429809483402e-05,0.9990889486412498,1.0129987357628251e-05,0.99966464996832,0.9859363735766059,0.9994472214475559,3.059023363247549e-07,0.999290329695098,3.7266388399128017e-06,0.997527377056997,0.9706877672877217,2.9023119851992182e-06,0.9984988180062319,0.07585817323116975,7.889264466933239e-06
4.785094494835719e-06,0.9626731105140616,0.0009110513587503459,1.0129987357628251e-05,0.0005527785524441057,0.0007096703049020563,0.09534946232842245,0.06008665038439803,1.3709578605790399e-06,2.9023119851992182e-06,1.760343003490802e-06,0.09534946232842245,0.5621765008857981,0.00012339461917113592,1.3709578605790399e-06,0.0003353500316799018,0.0293122327122782,9.610239214580367e-05,0.014063626423394072,1.067702997323512e-06,0.00043055709272278825
0.9999724643121783,0.11920291732853862,0.9959298622161507,0.9984988180062319,0.9994472214475559,0.99966464996832,0.02297737241894287,0.997527377056997,0.9933071487351834,0.997527377056997,0.3208213073183839,0.3208213073183839,0.9914225147446858,0.2689414213699951,0.02297737241894287,0.3208213073183839,0.9980732657060567,0.9984988180062319,0.9984988180062319,0.09534946232842245,0.010986941578116867
0.9998415637640005,0.06008665038439803,0.9980732657060567,0.0293122327122782,0.9968273169307178,0.00857748525531428,0.006692851264816553,0.9988304896995872,0.9994472214475559,0.99966464996832,0.02297737241894287,0.9994472214475559,0.0031726830692822717,0.9995694429072771,0.005220125635523486,0.999290329695098,0.002472622943003016,0.0009110513587503459,0.0009110513587503459,0.997527377056997,0.9980732657060567
0.9999977396748937,0.997527377056997,0.9999417087274893,0.9980732657060567,0.9933071487351834,0.9999646437450657,0.9525741264858409,0.9999151889585819,0.9999251537370122,0.0011695103004128338,0.999948557786326,0.997527377056997,0.9999724643121783,0.9990889486412498,0.0005527785524441057,0.9984988180062319,0.9959298622161507,0.00012339461917113592,0.00012339461917113592,0.9968273169307178,0.9998766053808288
0.9999038976078543,0.9959298622161507,0.999290329695098,0.9820137881297458,0.9947798743644766,0.9988304896995872,0.06008665038439803,0.997527377056997,0.997527377056997,0.9984988180062319,0.9988304896995872,0.01798621187025419,0.22270013882530884,0.004070137783849419,0.006692851264816553,0.9984988180062319,0.02297737241894287,0.37754066879814546,0.0007096703049020563,0.7772998611746911,0.11920291732853862
0.9999546021475793,0.4378234991142018,0.9959298622161507,0.9959298622161507,0.997527377056997,0.22270013882530884,0.09534946232842245,0.9999687980960601,0.4378234991142018,0.5,0.11920291732853862,0.9999724643121783,0.09534946232842245,0.9525741264858409,0.9999646437450657,0.2689414213699951,0.2689414213699951,0.2689414213699951,0.07585817323116975,0.3208213073183839,0.9988304896995872
0.00043055709272278825,0.8519528000888387,5.8291272510566984e-05,0.8807970826714614,0.9990889486412498,6.144177531850823e-06,0.8807970826714614,2.1444958641491428e-05,0.9990889486412498,9.610239214580367e-05,2.1444958641491428e-05,0.9525741264858409,0.8175744850834648,0.9046505376715775,1.6701429809483402e-05,0.9399133496156019,0.997527377056997,0.9968273169307178,2.9023119851992182e-06,0.5,0.9399133496156019
0.00020342704657999323,4.785094494835719e-06,1.3007123813725571e-05,6.144177531850823e-06,0.9241418267688302,0.8807970826714614,0.7310585786300049,1.760343003490802e-06,3.7266388399128017e-06,0.9959298622161507,1.6701429809483402e-05,1.6701429809483402e-05,1.3007123813725571e-05,0.9770226275810572,7.889264466933239e-06,0.9859363735766059,0.9626731105140616,0.9820137881297458,0.9820137881297458,1.3007123813725571e-05,0.1824255149165352
0.9988304896995872,0.7772998611746911,0.006692851264816553,0.9399133496156019,0.0003353500316799018,0.00015843623599953396,0.9626731105140616,0.7310585786300049,0.00020342704657999323,0.6791786926816161,0.00043055709272278825,0.00020342704657999323,0.0007096703049020563,0.0009110513587503459,0.001926734293943221,0.9706877672877217,0.00012339461917113592,0.8175744850834648,0.8519528000888387,0.4378234991142018,0.9525741264858409
0.002472622943003016,0.0011695103004128338,7.484626298776402e-05,0.9959298622161507,0.9890130584218833,0.0009110513587503459,0.9914225147446858,0.9968273169307178,0.9399133496156019,0.997527377056997,0.9859363735766059,4.785094494835719e-06,7.484626298776402e-05,0.9241418267688302,0.997527377056997,2.2603251062511995e-06,0.9947798743644766,5.043476486929152e-07,3.9278634073828347e-07,7.484626298776402e-05,0.9914225147446858
0.9399133496156019,0.9999038976078543,0.9968273169307178,0.997527377056997,0.014063626423394072,0.9914225147446858,0.00043055709272278825,0.9968273169307178,0.9999546021475793,0.9999785550413585,0.9984988180062319,0.014063626423394072,0.9999646437450657,0.9959298622161507,0.9997388096898188,0.9995694429072771,0.9914225147446858,0.9988304896995872,0.9947798743644766,0.9947798743644766,0.0003353500316799018
0.00043055709272278825,0.9770226275810572,0.9959298622161507,4.785094494835719e-06,0.0002611903101813263,0.997527377056997,0.9890130584218833,0.9914225147446858,0.8175744850834648,0.9968273169307178,0.9968273169307178,1.3007123813725571e-05,0.9968273169307178,0.9947798743644766,7.889264466933239e-06,0.9770226275810572,2.5109990926928157e-08,0.9820137881297458,1.955568070542584e-08,5.3157849718487075e-08,0.9914225147446858
0.9706877672877217,7.889264466933239e-06,0.9859363735766059,7.889264466933239e-06,4.785094494835719e-06,2.7535687821746045e-05,6.144177531850823e-06,0.6224593312018546,0.9525741264858409,0.9525741264858409,2.9023119851992182e-06,0.9626731105140616,2.7535687821746045e-05,0.9241418267688302,0.997527377056997,0.37754066879814546,0.14804719991116141,0.1824255149165352,0.9525741264858409,3.535625493426631e-05,2.2603251062511995e-06
0.22270013882530884,0.9999038976078543,0.9914225147446858,0.9525741264858409,0.9947798743644766,0.0007096703049020563,0.00043055709272278825,0.0005527785524441057,0.001926734293943221,0.9994472214475559,0.0002611903101813263,0.99966464996832,0.9770226275810572,0.0031726830692822717,0.001926734293943221,0.0003353500316799018,0.001926734293943221,0.7310585786300049,2.1444958641491428e-05,7.484626298776402e-05,0.0005527785524441057
0.9706877672877217,0.00043055709272278825,0.00015843623599953396,0.010986941578116867,0.9914225147446858,0.9984988180062319,0.0015011819937681247,0.9914225147446858,0.9959298622161507,0.997527377056997,0.0002611903101813263,0.004070137783849419,0.14804719991116141,0.22270013882530884,3.535625493426631e-05,0.07585817323116975,0.9933071487351834,5.8291272510566984e-05,0.9933071487351834,0.006692851264816553,0.9990889486412498
5.8291272510566984e-05,0.5621765008857981,0.9241418267688302,2.7535687821746045e-05,4.5397852420729034e-05,0.9820137881297458,7.484626298776402e-05,0.22270013882530884,1.3007123813725571e-05,0.9988304896995872,0.8519528000888387,1.6701429809483402e-05,0.5621765008857981,2.1444958641491428e-05,0.9933071487351834,0.22270013882530884,0.3208213073183839,0.22270013882530884,0.9241418267688302,2.1444958641491428e-05,7.889264466933239e-06
0.9988304896995872,0.9998204719907497,0.03732688948593844,0.9990889486412498,0.9626731105140616,0.8807970826714614,0.02297737241894287,0.9525741264858409,0.9626731105140616,0.9999038976078543,0.9998766053808288,0.9999251537370122,0.09534946232842245,0.7310585786300049,0.8175744850834648,0.7772998611746911,0.9997965729534201,0.9995694429072771,0.7772998611746911,0.02297737241894287,0.99966464996832
0.9995694429072771,0.9241418267688302,6.144177531850823e-06,0.11920291732853862,5.043476486929152e-07,0.0003353500316799018,0.9890130584218833,0.9914225147446858,1.0129987357628251e-05,0.3208213073183839,0.9959298622161507,0.00015843623599953396,1.3007123813725571e-05,0.11920291732853862,0.9859363735766059,5.043476486929152e-07,0.9947798743644766,0.9914225147446858,2.9023119851992182e-06,0.9947798743644766,0.047425873514159125
7.484626298776402e-05,3.7266388399128017e-06,0.0011695103004128338,0.9241418267688302,0.9890130584218833,0.006692851264816553,0.0015011819937681247,0.3208213073183839,0.9706877672877217,1.6701429809483402e-05,1.0129987357628251e-05,0.9525741264858409,0.9241418267688302,0.9706877672877217,0.005220125635523486,0.9399133496156019,0.09534946232842245,0.06008665038439803,0.0009110513587503459,0.09534946232842245,0.001926734293943221
0.6791786926816161,0.9947798743644766,0.5621765008857981,0.9984988180062319,0.9984988180062319,0.9959298622161507,0.01798621187025419,0.997527377056997,0.9988304896995872,0.9999910603004984,0.004070137783849419,0.014063626423394072,0.3208213073183839,0.9984988180062319,0.9890130584218833,0.004070137783849419,0.9999945777829692,0.9241418267688302,0.09534946232842245,0.22270013882530884,0.9999785550413585
0.0003353500316799018,0.9820137881297458,0.0002611903101813263,0.9706877672877217,0.9399133496156019,0.0002611903101813263,0.9890130584218833,0.0009110513587503459,3.535625493426631e-05,0.9241418267688302,0.9947798743644766,0.9399133496156019,0.9241418267688302,0.0007096703049020563,0.9399133496156019,0.9046505376715775,0.8807970826714614,0.9241418267688302,0.0003353500316799018,0.9890130584218833,0.4378234991142018
0.9999970976880148,0.0293122327122782,0.99966464996832,0.0015011819937681247,0.9706877672877217,0.0009110513587503459,0.9859363735766059,0.0015011819937681247,0.0015011819937681247,0.0009110513587503459,0.8807970826714614,0.0009110513587503459,0.9997388096898188,0.9997965729534201,0.9997965729534201,0.0009110513587503459,0.9997388096898188,0.9820137881297458,0.9706877672877217,0.9046505376715775,0.00043055709272278825
0.8175744850834648,1.3709578605790399e-06,7.484626298776402e-05,4.5397852420729034e-05,0.9890130584218833,1.067702997323512e-06,6.144177531850823e-06,0.9820137881297458,0.11920291732853862,0.9933071487351834,0.1824255149165352,8.315279285380714e-07,0.9770226275810572,0.9890130584218833,0.03732688948593844,3.059023363247549e-07,6.825603724121505e-08,0.01798621187025419,0.9770226275810572,0.9626731105140616,7.889264466933239e-06
0.9999982396569965,0.07585817323116975,0.9890130584218833,0.00857748525531428,0.9998415637640005,0.9998766053808288,0.9998415637640005,0.9997965729534201,0.01798621187025419,0.014063626423394072,0.9706877672877217,0.0293122327122782,0.9933071487351834,0.02297737241894287,0.9890130584218833,0.9525741264858409,0.9399133496156019,0.9999417087274893,0.7772998611746911,0.0293122327122782,0.8519528000888387
0.9999724643121783,0.010986941578116867,0.9988304896995872,0.9988304896995872,0.5621765008857981,0.997527377056997,0.014063626423394072,0.997527377056997,0.9984988180062319,0.00857748525531428,0.37754066879814546,0.9988304896995872,0.09534946232842245,0.014063626423394072,0.047425873514159125,0.0009110513587503459,0.004070137783849419,0.9980732657060567,0.01798621187025419,0.9984988180062319,0.9980732657060567
0.9706877672877217,0.5621765008857981,0.6224593312018546,0.9859363735766059,0.5621765008857981,1.067702997323512e-06,2.2603251062511995e-06,8.315279285380714e-07,0.9706877672877217,0.9770226275810572,0.9626731105140616,1.8553914607279396e-07,3.7266388399128017e-06,0.9399133496156019,0.9525741264858409,3.059023363247549e-07,0.9890130584218833,3.059023363247549e-07,0.9399133496156019,0.9933071487351834,0.7772998611746911
0.9859363735766059,0.9525741264858409,0.03732688948593844,0.00012339461917113592,0.047425873514159125,0.0002611903101813263,0.02297737241894287,0.02297737241894287,0.014063626423394072,0.9525741264858409,0.8175744850834648,0.006692851264816553,9.610239214580367e-05,0.7772998611746911,0.00857748525531428,0.4378234991142018,7.889264466933239e-06,2.7535687821746045e-05,0.14804719991116141,0.005220125635523486,0.004070137783849419
0.9995694429072771,0.9999417087274893,0.9933071487351834,0.9995694429072771,0.9998415637640005,0.005220125635523486,0.9984988180062319,0.006692851264816553,0.9933071487351834,0.01798621187025419,0.997527377056997,0.9997388096898188,0.9980732657060567,0.9995694429072771,0.02297737241894287,0.004070137783849419,0.9997388096898188,0.9890130584218833,0.0005527785524441057,0.004070137783849419,0.9968273169307178
0.9991959140370592,3.535625493426631e-05,0.09534946232842245,0.0005527785524441057,0.03732688948593844,0.09534946232842245,0.7772998611746911,0.0005527785524441057,0.0293122327122782,0.9984988180062319,0.9980732657060567,0.0009110513587503459,0.047425873514159125,0.06008665038439803,0.047425873514159125,0.9968273169307178,0.014063626423394072,0.9770226275810572,0.00857748525531428,0.997527377056997,2.1444958641491428e-05
7.484626298776402e-05,0.8807970826714614,0.9399133496156019,0.9706877672877217,1.6701429809483402e-05,0.9984988180062319,0.9525741264858409,4.785094494835719e-06,6.144177531850823e-06,0.9525741264858409,0.9770226275810572,0.8807970826714614,0.9996200154674056,6.144177531850823e-06,7.889264466933239e-06,0.9990889486412498,0.9980732657060567,0.9859363735766059,2.9023119851992182e-06,0.9914225147446858,0.9859363735766059
0.9770226275810572,0.5621765008857981,0.9626731105140616,0.9959298622161507,0.14804719991116141,0.2689414213699951,0.1824255149165352,0.9988304896995872,0.9990889486412498,0.9859363735766059,0.1824255149165352,0.8519528000888387,0.37754066879814546,0.9914225147446858,0.5621765008857981,0.9890130584218833,0.9820137881297458,0.9399133496156019,0.07585817323116975,0.11920291732853862,0.047425873514159125
0.9999832985701905,0.99966464996832,0.9994472214475559,0.9999038976078543,0.9990889486412498,0.99966464996832,0.0293122327122782,0.03732688948593844,0.9999599363078028,0.9999898700126424,0.9980732657060567,0.4378234991142018,0.999290329695098,0.03732688948593844,0.9890130584218833,0.9933071487351834,0.9997965729534201,0.005220125635523486,0.9999038976078543,0.9999599363078028,0.9999038976078543
0.9626731105140616,0.0003353500316799018,0.8519528000888387,0.9978172830460393,0.9986749777999953,0.9994472214475559,0.9820137881297458,0.00020342704657999323,0.9859363735766059,0.9997965729534201,0.9933071487351834,0.0005527785524441057,0.9997965729534201,0.99966464996832,0.9947798743644766,0.9959298622161507,0.0002611903101813263,0.00015843623599953396,0.6791786926816161,0.8519528000888387,4.5397852420729034e-05
0.999290329695098,0.1824255149165352,0.997527377056997,0.09534946232842245,0.0009110513587503459,0.9770226275810572,0.9988304896995872,0.11920291732853862,0.0031726830692822717,0.9990889486412498,0.9988304896995872,0.002472622943003016,0.09534946232842245,0.9859363735766059,0.9859363735766059,0.00043055709272278825,0.00020342704657999323,0.06008665038439803,0.5621765008857981,0.9959298622161507,0.997527377056997
0.9968273169307178,0.0009110513587503459,0.9046505376715775,9.610239214580367e-05,0.9706877672877217,0.00857748525531428,0.00020342704657999323,0.6791786926816161,0.7310585786300049,0.002472622943003016,0.001926734293943221,0.0007096703049020563,0.9980732657060567,9.610239214580367e-05,0.9947798743644766,0.9890130584218833,0.6791786926816161,0.9914225147446858,0.4378234991142018,0.5,1.6701429809483402e-05
0.9968273169307178,0.9997388096898188,0.999290329695098,0.9995694429072771,0.9994472214475559,0.9990889486412498,0.9988304896995872,0.9990889486412498,0.06008665038439803,0.9998766053808288,0.9997388096898188,0.22270013882530884,0.4378234991142018,0.6224593312018546,0.9988304896995872,0.9933071487351834,0.997527377056997,0.047425873514159125,0.9890130584218833,0.9980732657060567,0.9995694429072771
0.0007096703049020563,2.2603251062511995e-06,1.6701429809483402e-05,4.5397852420729034e-05,6.144177531850823e-06,0.6791786926816161,0.7310585786300049,0.8175744850834648,9.610239214580367e-05,0.9820137881297458,0.9770226275810572,0.9399133496156019,0.0003353500316799018,0.8175744850834648,0.9706877672877217,3.7266388399128017e-06,0.9706877672877217,0.9525741264858409,0.9399133496156019,0.22270013882530884,0.0005527785524441057
0.9994472214475559,0.22270013882530884,0.9998415637640005,0.00012339461917113592,0.9820137881297458,0.14804719991116141,0.9626731105140616,0.9999038976078543,0.9999417087274893,0.9984988180062319,0.9999785550413585,0.0003353500316799018,0.9968273169307178,0.9999038976078543,0.9999038976078543,0.7772998611746911,0.0293122327122782,0.01798621187025419,0.01798621187025419,0.00015843623599953396,0.9959298622161507
0.9933071487351834,0.9914225147446858,0.02297737241894287,0.9820137881297458,0.9997388096898188,0.0011695103004128338,0.09534946232842245,0.00857748525531428,0.9988304896995872,0.9933071487351834,0.07585817323116975,0.07585817323116975,0.14804719991116141,0.9947798743644766,0.9914225147446858,0.9980732657060567,0.02297737241894287,0.9914225147446858,0.9959298622161507,0.9947798743644766,0.9988304896995872
0.9997388096898188,0.9999546021475793,0.9999724643121783,0.06008665038439803,0.14804719991116141,0.03732688948593844,0.03732688948593844,0.9914225147446858,0.07585817323116975,0.9999898700126424,0.9999938558224682,0.9626731105140616,0.005220125635523486,0.06008665038439803,0.9046505376715775,0.8175744850834648,0.9999546021475793,0.00857748525531428,0.9999724643121783,0.9998415637640005,0.010986941578116867
0.99966464996832,0.9999251537370122,0.9997965729534201,0.9980732657060567,0.06008665038439803,0.03732688948593844,0.9968273169307178,0.9859363735766059,0.0011695103004128338,0.1824255149165352,0.006692851264816553,0.9995694429072771,0.9990889486412498,0.9914225147446858,0.0011695103004128338,0.999290329695098,0.997527377056997,0.03732688948593844,0.0011695103004128338,0.0293122327122782,0.9980732657060567
0.9999251537370122,0.09534946232842245,0.9995694429072771,0.9995694429072771,0.01798621187025419,0.010986941578116867,0.9980732657060567,0.004070137783849419,0.004070137783849419,0.5,0.9859363735766059,0.14804719991116141,0.2689414213699951,0.004070137783849419,0.09534946232842245,0.9980732657060567,0.9984988180062319,0.9980732657060567,0.9914225147446858,0.9968273169307178,0.006692851264816553
0.00020342704657999323,0.9770226275810572,2.1444958641491428e-05,0.0011695103004128338,0.9859363735766059,0.9820137881297458,2.7535687821746045e-05,0.9914225147446858,0.9859363735766059,7.484626298776402e-05,0.9933071487351834,3.535625493426631e-05,0.0007096703049020563,0.8519528000888387,0.0007096703049020563,6.144177531850823e-06,0.0003353500316799018,0.9706877672877217,0.9820137881297458,0.9859363735766059,1.067702997323512e-06
0.9820137881297458,0.0009110513587503459,0.00012339461917113592,0.00020342704657999323,0.9770226275810572,0.9859363735766059,0.5621765008857981,3.535625493426631e-05,0.9399133496156019,9.610239214580367e-05,0.00015843623599953396,0.9399133496156019,0.9525741264858409,3.535625493426631e-05,9.610239214580367e-05,0.9626731105140616,0.9706877672877217,0.00012339461917113592,0.00012339461917113592,0.9399133496156019,0.6224593312018546
0.9999974387187054,0.06008665038439803,0.9990889486412498,0.9999251537370122,0.06008665038439803,0.9988304896995872,0.9999417087274893,0.9820137881297458,0.010986941578116867,0.9999038976078543,0.9988304896995872,0.0031726830692822717,0.0011695103004128338,0.0002611903101813263,0.01798621187025419,0.9626731105140616,0.9241418267688302,0.00020342704657999323,5.8291272510566984e-05,0.9997965729534201,0.8175744850834648
0.9933071487351834,0.9997388096898188,0.0015011819937681247,0.9968273169307178,0.9988304896995872,0.37754066879814546,0.999290329695098,0.9999251537370122,0.5,9.610239214580367e-05,0.9820137881297458,0.9859363735766059,0.9997965729534201,0.00015843623599953396,0.9995694429072771,0.0009110513587503459,9.610239214580367e-05,0.5621765008857981,0.7772998611746911,0.00015843623599953396,0.9626731105140616
0.9998415637640005,0.005220125635523486,0.00012339461917113592,0.997527377056997,9.610239214580367e-05,0.9968273169307178,7.484626298776402e-05,2.7535687821746045e-05,0.9770226275810572,0.9890130584218833,0.997527377056997,1.760343003490802e-06,0.9933071487351834,0.9947798743644766,0.9947798743644766,0.9947798743644766,0.9947798743644766,0.9914225147446858,0.9933071487351834,0.5621765008857981,0.9959298622161507
0.9959298622161507,3.7266388399128017e-06,0.8807970826714614,0.9626731105140616,0.9820137881297458,1.0129987357628251e-05,0.8175744850834648,0.9046505376715775,0.5,3.535625493426631e-05,0.8175744850834648,0.9947798743644766,0.9947798743644766,0.9399133496156019,0.11920291732853862,0.09534946232842245,1.3709578605790399e-06,0.11920291732853862,2.7535687821746045e-05,0.00012339461917113592,5.043476486929152e-07
0.8807970826714614,0.002472622943003016,0.7772998611746911,1.0129987357628251e-05,0.02297737241894287,0.0293122327122782,0.6224593312018546,3.535625493426631e-05,0.0005527785524441057,0.02297737241894287,0.8175744850834648,0.8175744850834648,3.535625493426631e-05,0.0002611903101813263,0.9626731105140616,0.8807970826714614,0.9241418267688302,2.9023119851992182e-06,0.7772998611746911,2.9023119851992182e-06,0.5621765008857981
0.9999832985701905,0.9959298622161507,0.9947798743644766,0.1824255149165352,0.09534946232842245,0.06008665038439803,0.047425873514159125,0.06008665038439803,0.047425873514159125,0.9968273169307178,0.9914225147446858,0.9984988180062319,0.997527377056997,0.01798621187025419,0.02297737241894287,0.03732688948593844,0.9947798743644766,0.9399133496156019,0.02297737241894287,0.9914225147446858,0.9820137881297458
0.07585817323116975,0.9988304896995872,0.010986941578116867,0.999290329695098,0.997527377056997,7.484626298776402e-05,0.01798621187025419,0.03732688948593844,0.9994472214475559,0.9399133496156019,0.0002611903101813263,0.9994472214475559,0.99966464996832,0.999290329695098,0.999290329695098,0.9980732657060567,0.9984988180062319,0.997527377056997,0.999290329695098,0.9995694429072771,0.9980732657060567
0.9999980052700407,0.014063626423394072,0.9999251537370122,0.9999546021475793,0.9999869928761862,0.9959298622161507,0.9999869928761862,0.9947798743644766,0.9959298622161507,0.9999938558224682,0.6224593312018546,0.5621765008857981,0.9999038976078543,0.3208213073183839,0.9999646437450657,0.9998415637640005,0.9999038976078543,0.9820137881297458,0.9997965729534201,0.0031726830692822717,0.0003353500316799018
0.99966464996832,0.002472622943003016,0.6791786926816161,0.00015843623599953396,0.00020342704657999323,0.010986941578116867,0.9626731105140616,0.002472622943003016,0.5,0.0003353500316799018,0.9525741264858409,0.9525741264858409,0.6791786926816161,0.00015843623599953396,0.4378234991142018,0.005220125635523486,0.9525741264858409,0.9706877672877217,0.9399133496156019,0.11920291732853862,1.6701429809483402e-05
1.0129987357628251e-05,7.889264466933239e-06,0.9241418267688302,4.5397852420729034e-05,0.9525741264858409,0.4378234991142018,0.5,0.002472622943003016,0.6224593312018546,0.7310585786300049,0.9770226275810572,0.002472622943003016,0.9706877672877217,0.9859363735766059,0.9859363735766059,0.004070137783849419,2.1444958641491428e-05,0.00020342704657999323,1.3007123813725571e-05,0.004070137783849419,3.535625493426631e-05
0.9995694429072771,0.9914225147446858,0.9998415637640005,0.9999417087274893,0.22270013882530884,0.8807970826714614,0.997527377056997,0.6224593312018546,0.999290329695098,0.99966464996832,0.7772998611746911,0.0015011819937681247,0.02297737241894287,0.0005527785524441057,0.9999251537370122,0.997527377056997,0.22270013882530884,0.9980732657060567,0.01798621187025419,0.1824255149165352,0.9999417087274893
0.9998766053808288,0.005220125635523486,0.1824255149165352,0.09534946232842245,0.09534946232842245,0.9399133496156019,0.1824255149165352,0.9988304896995872,0.9999251537370122,0.9997965729534201,0.9399133496156019,0.9994472214475559,0.9399133496156019,0.8807970826714614,0.07585817323116975,0.03732688948593844,0.07585817323116975,0.9995694429072771,0.001926734293943221,0.9998415637640005,0.9998766053808288
0.9999724643121783,0.02297737241894287,0.03732688948593844,0.9999417087274893,0.0293122327122782,0.9990889486412498,0.9997388096898188,0.9990889486412498,0.06008665038439803,0.9990889486412498,0.9990889486412498,0.11920291732853862,0.9994472214475559,0.07585817323116975,0.4378234991142018,0.9980732657060567,0.9988304896995872,0.9968273169307178,0.9959298622161507,0.9820137881297458,0.9914225147446858
0.9399133496156019,4.785094494835719e-06,0.8175744850834648,1.3007123813725571e-05,0.9947798743644766,1.6701429809483402e-05,0.7772998611746911,0.8175744850834648,1.0129987357628251e-05,7.484626298776402e-05,5.8291272510566984e-05,0.9770226275810572,0.999290329695098,1.067702997323512e-06,1.3007123813725571e-05,0.9399133496156019,2.9023119851992182e-06,2.2603251062511995e-06,1.760343003490802e-06,1.760343003490802e-06,3.7266388399128017e-06
0.9999724643121783,0.005220125635523486,0.9984988180062319,0.9820137881297458,0.9770226275810572,0.047425873514159125,0.0293122327122782,0.9947798743644766,0.9859363735766059,0.9990889486412498,0.9914225147446858,0.9947798743644766,0.9890130584218833,0.1824255149165352,0.010986941578116867,0.006692851264816553,0.006692851264816553,0.004070137783849419,0.002472622943003016,0.6224593312018546,0.997527377056997
0.0293122327122782,0.9914225147446858,0.9947798743644766,0.9933071487351834,0.9988304896995872,0.9990889486412498,0.9984988180062319,0.9820137881297458,0.9980732657060567,0.9984988180062319,0.9959298622161507,0.9988304896995872,0.005220125635523486,0.9988304896995872,0.0015011819937681247,0.9525741264858409,0.8519528000888387,0.8175744850834648,0.0031726830692822717,0.005220125635523486,0.014063626423394072
0.9890130584218833,0.00857748525531428,0.4378234991142018,0.9990889486412498,0.9995694429072771,0.9046505376715775,0.9994472214475559,0.9706877672877217,0.9998415637640005,0.047425873514159125,0.9525741264858409,0.3208213073183839,0.1824255149165352,0.9997388096898188,0.9995694429072771,0.999290329695098,0.999290329695098,0.99966464996832,0.9998415637640005,0.014063626423394072,0.07585817323116975
0.9999417087274893,0.010986941578116867,0.9980732657060567,0.9984988180062319,0.02297737241894287,0.9994472214475559,0.9980732657060567,0.9933071487351834,0.9998415637640005,0.9980732657060567,0.9988304896995872,0.9984988180062319,0.9980732657060567,0.9980732657060567,0.9984988180062319,0.997527377056997,0.9980732657060567,0.9770226275810572,0.9770226275810572,0.9988304896995872,0.9947798743644766
0.999290329695098,0.09534946232842245,0.5621765008857981,0.5,0.9984988180062319,4.5397852420729034e-05,0.09534946232842245,0.07585817323116975,7.484626298776402e-05,5.8291272510566984e-05,0.4378234991142018,4.5397852420729034e-05,6.144177531850823e-06,0.9399133496156019,0.9399133496156019,0.9399133496156019,0.9399133496156019,0.047425873514159125,1.3709578605790399e-06,4.785094494835719e-06,1.6701429809483402e-05
0.9984988180062319,0.9933071487351834,0.9998415637640005,0.9997965729534201,0.9999251537370122,0.37754066879814546,0.9706877672877217,0.9525741264858409,0.6224593312018546,0.9959298622161507,0.9890130584218833,0.22270013882530884,0.9999417087274893,0.9890130584218833,0.9890130584218833,0.07585817323116975,0.07585817323116975,0.99966464996832,0.9995694429072771,0.02297737241894287,0.9995694429072771
0.9995694429072771,0.9947798743644766,4.785094494835719e-06,4.5397852420729034e-05,0.7310585786300049,0.6224593312018546,1.3709578605790399e-06,1.3007123813725571e-05,0.5,2.2603251062511995e-06,2.1444958641491428e-05,0.6224593312018546,1.0129987357628251e-05,0.5,0.9959298622161507,5.043476486929152e-07,0.06008665038439803,0.8175744850834648,0.7310585786300049,0.09534946232842245,3.059023363247549e-07
0.9999785550413585,0.9968273169307178,0.11920291732853862,0.9933071487351834,0.5,0.9998766053808288,0.7310585786300049,0.07585817323116975,0.9820137881297458,0.9959298622161507,0.9859363735766059,0.9999832985701905,0.9999938558224682,0.9999832985701905,0.11920291732853862,0.9626731105140616,0.9046505376715775,0.9914225147446858,0.7310585786300049,0.9998415637640005,0.6224593312018546
0.9999546021475793,0.01798621187025419,0.9995694429072771,0.010986941578116867,0.9770226275810572,0.010986941578116867,0.0011695103004128338,0.99966464996832,0.9997388096898188,0.004070137783849419,0.99966464996832,0.8519528000888387,0.9980732657060567,0.4378234991142018,0.14804719991116141,0.06008665038439803,0.9997388096898188,0.5,0.9988304896995872,0.00043055709272278825,0.0293122327122782
0.9997965729534201,0.1824255149165352,0.9914225147446858,0.9998415637640005,0.9998766053808288,0.9914225147446858,0.9984988180062319,0.00857748525531428,0.9998415637640005,0.999290329695098,0.005220125635523486,0.02297737241894287,0.06008665038439803,0.07585817323116975,0.9999724643121783,0.9999251537370122,0.9999038976078543,0.006692851264816553,0.9968273169307178,0.03732688948593844,0.06008665038439803
0.9999898700126424,0.06008665038439803,0.9988304896995872,0.997527377056997,0.7772998611746911,0.11920291732853862,0.9995694429072771,0.9997388096898188,0.9997965729534201,0.07585817323116975,0.9241418267688302,0.9995694429072771,0.999290329695098,0.9997388096898188,0.9988304896995872,0.9988304896995872,0.9994472214475559,0.1824255149165352,0.9968273169307178,0.997527377056997,0.9980732657060567
0.9933071487351834,0.9997965729534201,0.22270013882530884,0.9997388096898188,0.37754066879814546,0.047425873514159125,0.047425873514159125,0.37754066879814546,0.4378234991142018,0.06008665038439803,0.9626731105140616,0.9998766053808288,0.14804719991116141,0.11920291732853862,0.2689414213699951,0.9706877672877217,0.9241418267688302,0.9241418267688302,0.002472622943003016,0.8807970826714614,0.9525741264858409
0.02297737241894287,0.999290329695098,0.9997388096898188,0.9706877672877217,0.0015011819937681247,0.9998415637640005,0.002472622943003016,0.002472622943003016,0.99966464996832,0.9820137881297458,0.9995694429072771,0.9399133496156019,0.0031726830692822717,0.9998415637640005,0.9998415637640005,0.005220125635523486,0.9046505376715775,0.5,0.0015011819937681247,0.6224593312018546,0.0015011819937681247
0.8175744850834648,0.07585817323116975,0.03732688948593844,0.9994472214475559,0.047425873514159125,0.9999687980960601,0.07585817323116975,0.010986941578116867,0.9999546021475793,0.9999810748540133,0.11920291732853862,0.07585817323116975,0.9995694429072771,0.01798621187025419,0.9999339478395424,0.9046505376715775,0.9997388096898188,0.9999038976078543,0.9999038976078543,0.9997965729534201,0.0031726830692822717
0.9997388096898188,0.9980732657060567,0.11920291732853862,0.9980732657060567,0.9988304896995872,0.997527377056997,0.9990889486412498,0.06008665038439803,0.0005527785524441057,0.9998766053808288,0.9997965729534201,0.997527377056997,0.0002611903101813263,0.03732688948593844,0.9820137881297458,0.9988304896995872,3.535625493426631e-05,0.9046505376715775,0.03732688948593844,0.9994472214475559,0.999290329695098
0.1824255149165352,0.00857748525531428,0.014063626423394072,0.07585817323116975,0.9959298622161507,0.07585817323116975,0.9959298622161507,0.9914225147446858,0.9525741264858409,0.02297737241894287,0.9820137881297458,0.997527377056997,0.9980732657060567,0.9626731105140616,0.06008665038439803,0.9959298622161507,0.9399133496156019,0.0005527785524441057,0.9968273169307178,0.0003353500316799018,0.9959298622161507
0.9859363735766059,0.9933071487351834,0.9399133496156019,0.9947798743644766,0.00012339461917113592,9.610239214580367e-05,4.5397852420729034e-05,5.8291272510566984e-05,0.9525741264858409,0.9890130584218833,0.9706877672877217,4.785094494835719e-06,0.9626731105140616,0.9995694429072771,7.889264466933239e-06,3.535625493426631e-05,0.8519528000888387,4.5397852420729034e-05,0.9820137881297458,0.9995694429072771,0.9399133496156019
7.484626298776402e-05,0.9890130584218833,0.9706877672877217,0.5,0.0002611903101813263,0.00020342704657999323,0.00043055709272278825,0.00012339461917113592,0.9959298622161507,0.00015843623599953396,0.9959298622161507,0.9947798743644766,0.2689414213699951,3.535625493426631e-05,2.7535687821746045e-05,0.9820137881297458,4.5397852420729034e-05,0.07585817323116975,0.07585817323116975,0.00015843623599953396,9.610239214580367e-05
0.9947798743644766,7.889264466933239e-06,2.7535687821746045e-05,0.9626731105140616,0.9046505376715775,2.1444958641491428e-05,5.8291272510566984e-05,0.9525741264858409,3.535625493426631e-05,0.9241418267688302,0.002472622943003016,0.9046505376715775,0.7772998611746911,0.0015011819937681247,0.002472622943003016,0.9820137881297458,0.9525741264858409,0.4378234991142018,0.00015843623599953396,0.0009110513587503459,0.7772998611746911
0.9999724643121783,0.5,0.9997965729534201,0.4378234991142018,0.9998766053808288,0.9999546021475793,0.9998415637640005,0.9998766053808288,0.9995694429072771,0.37754066879814546,0.4378234991142018,0.9997965729534201,0.14804719991116141,0.11920291732853862,0.047425873514159125,0.02297737241894287,0.01798621187025419,0.06008665038439803,0.010986941578116867,0.9980732657060567,0.01798621187025419
0.9241418267688302,0.9859363735766059,0.9046505376715775,0.37754066879814546,0.9399133496156019,0.22270013882530884,0.8175744850834648,1.0129987357628251e-05,2.2603251062511995e-06,7.889264466933239e-06,1.3709578605790399e-06,0.997527377056997,1.760343003490802e-06,1.067702997323512e-06,3.7266388399128017e-06,1.760343003490802e-06,0.09534946232842245,0.047425873514159125,1.760343003490802e-06,0.8807970826714614,0.9914225147446858
0.99966464996832,0.9999546021475793,0.9998766053808288,0.001926734293943221,0.9914225147446858,0.005220125635523486,0.002472622943003016,0.9998204719907497,0.0031726830692822717,0.9890130584218833,0.6791786926816161,0.9998415637640005,0.002472622943003016,0.9999546021475793,0.8807970826714614,0.7772998611746911,0.0007096703049020563,0.6224593312018546,0.6224593312018546,0.9933071487351834,0.9947798743644766
0.9990889486412498,0.047425873514159125,0.4378234991142018,0.047425873514159125,0.047425873514159125,0.9626731105140616,0.14804719991116141,0.3208213073183839,0.9770226275810572,0.9999832985701905,0.22270013882530884,0.9933071487351834,0.14804719991116141,0.004070137783849419,0.9999546021475793,0.07585817323116975,0.14804719991116141,0.9984988180062319,0.9999785550413585,0.7772998611746911,0.14804719991116141
1.3709578605790399e-06,0.002472622943003016,0.00043055709272278825,0.14804719991116141,0.5621765008857981,0.004070137783849419,0.9046505376715775,0.8807970826714614,0.6791786926816161,0.0011695103004128338,0.6791786926816161,0.0009110513587503459,0.2689414213699951,0.9241418267688302,0.4378234991142018,0.0007096703049020563,0.8519528000888387,0.0002611903101813263,0.00043055709272278825,0.3208213073183839,0.06008665038439803
0.9999417087274893,0.9770226275810572,2.7535687821746045e-05,0.9525741264858409,0.9770226275810572,0.9706877672877217,5.8291272510566984e-05,0.6791786926816161,0.9399133496156019,0.9399133496156019,0.9399133496156019,6.144177531850823e-06,0.8519528000888387,0.9820137881297458,0.9820137881297458,6.144177531850823e-06,2.2603251062511995e-06,2.2603251062511995e-06,0.9914225147446858,0.9706877672877217,0.9933071487351834
1.3007123813725571e-05,6.144177531850823e-06,0.3208213073183839,0.9525741264858409,2.2603251062511995e-06,0.9995121428190179,2.9023119851992182e-06,3.7266388399128017e-06,0.9820137881297458,0.9770226275810572,0.4378234991142018,0.9995694429072771,0.07585817323116975,3.9278634073828347e-07,0.9046505376715775,0.9984988180062319,1.3709578605790399e-06,1.067702997323512e-06,0.09534946232842245,2.9023119851992182e-06,0.9399133496156019
0.9996200154674056,0.5621765008857981,0.5621765008857981,5.043476486929152e-07,5.043476486929152e-07,0.9959298622161507,3.535625493426631e-05,0.9399133496156019,0.7772998611746911,0.6791786926816161,7.889264466933239e-06,0.997527377056997,2.2603251062511995e-06,0.9959298622161507,6.144177531850823e-06,7.889264466933239e-06,0.9399133496156019,0.9820137881297458,0.9890130584218833,0.9525741264858409,0.9914225147446858
7.484626298776402e-05,0.9933071487351834,0.7310585786300049,0.9770226275810572,0.8175744850834648,0.9525741264858409,0.9241418267688302,1.0129987357628251e-05,0.9399133496156019,0.37754066879814546,0.9706877672877217,0.9820137881297458,0.9820137881297458,0.9399133496156019,0.03732688948593844,0.0293122327122782,0.9046505376715775,0.9914225147446858,3.7266388399128017e-06,0.9399133496156019,0.9046505376715775
0.0009110513587503459,0.9968273169307178,5.8291272510566984e-05,6.144177531850823e-06,0.9980732657060567,0.9706877672877217,0.9626731105140616,0.9890130584218833,1.3007123813725571e-05,1.3007123813725571e-05,0.7772998611746911,0.5621765008857981,0.5621765008857981,2.2603251062511995e-06,4.785094494835719e-06,1.6701429809483402e-05,0.9890130584218833,0.9984988180062319,3.7266388399128017e-06,0.9988304896995872,2.2603251062511995e-06
0.9706877672877217,0.9988304896995872,0.9933071487351834,0.9890130584218833,0.9999038976078543,0.9859363735766059,0.9997965729534201,0.9998415637640005,0.9998766053808288,0.9933071487351834,0.9046505376715775,0.047425873514159125,0.9999724643121783,0.06008665038439803,0.8807970826714614,0.8175744850834648,0.9933071487351834,0.8175744850834648,0.9947798743644766,0.01798621187025419,0.7772998611746911
0.9997388096898188,0.9933071487351834,0.014063626423394072,0.09534946232842245,0.9990889486412498,0.9988304896995872,0.03732688948593844,0.014063626423394072,0.9959298622161507,0.999290329695098,0.9995694429072771,0.9995694429072771,0.07585817323116975,0.99966464996832,0.02297737241894287,0.047425873514159125,0.9968273169307178,0.00857748525531428,0.014063626423394072,0.5621765008857981,0.9998415637640005
0.9820137881297458,2.9023119851992182e-06,0.9706877672877217,2.1444958641491428e-05,7.889264466933239e-06,0.9982992778231794,1.3007123813725571e-05,0.997527377056997,1.0129987357628251e-05,5.715002426492935e-07,0.9706877672877217,0.9859363735766059,0.9820137881297458,0.9241418267688302,0.9994472214475559,0.997527377056997,5.043476486929152e-07,0.9046505376715775,5.043476486929152e-07,0.9980732657060567,1.760343003490802e-06
0.9626731105140616,0.37754066879814546,0.9994472214475559,0.00012339461917113592,0.9933071487351834,0.9998415637640005,0.99966464996832,0.9947798743644766,0.9947798743644766,0.9999546021475793,0.9968273169307178,0.997527377056997,0.9980732657060567,0.9997388096898188,0.9959298622161507,0.00020342704657999323,0.9046505376715775,0.9997388096898188,0.9399133496156019,0.22270013882530884,0.9626731105140616
0.9990889486412498,2.7535687821746045e-05,0.9770226275810572,0.9626731105140616,0.03732688948593844,0.0002611903101813263,0.002472622943003016,3.535625493426631e-05,0.9706877672877217,0.8807970826714614,0.9770226275810572,5.8291272510566984e-05,0.9706877672877217,0.00043055709272278825,0.0003353500316799018,0.0007096703049020563,0.0005527785524441057,0.1824255149165352,0.00043055709272278825,0.09534946232842245,0.09534946232842245
0.9933071487351834,0.9859363735766059,0.9626731105140616,0.8807970826714614,0.006692851264816553,0.9399133496156019,0.001926734293943221,3.535625493426631e-05,5.8291272510566984e-05,0.0005527785524441057,0.5621765008857981,0.6791786926816161,0.2689414213699951,0.6791786926816161,5.8291272510566984e-05,0.9399133496156019,0.00012339461917113592,0.07585817323116975,2.2603251062511995e-06,0.11920291732853862,0.9706877672877217
0.9999546021475793,0.9980732657060567,0.9947798743644766,0.9999417087274893,0.9999546021475793,0.6791786926816161,0.06008665038439803,0.9984988180062319,0.11920291732853862,0.9914225147446858,0.3208213073183839,0.9399133496156019,0.9999921107355332,0.3208213073183839,0.9999938558224682,0.9990889486412498,0.09534946232842245,0.9984988180062319,0.014063626423394072,0.03732688948593844,0.03732688948593844
0.5,0.9999038976078543,0.9959298622161507,0.9933071487351834,0.9890130584218833,0.0015011819937681247,0.9998415637640005,0.9997388096898188,0.0009110513587503459,0.0005527785524441057,0.9998766053808288,0.9859363735766059,0.0031726830692822717,0.0007096703049020563,0.005220125635523486,0.9999038976078543,0.8807970826714614,0.001926734293943221,0.9998766053808288,0.9997965729534201,0.9820137881297458
0.9999038976078543,0.9997965729534201,0.9988304896995872,0.06008665038439803,0.9399133496156019,0.01798621187025419,0.9399133496156019,0.07585817323116975,0.9890130584218833,0.9998766053808288,0.9706877672877217,0.8807970826714614,0.06008665038439803,0.9999646437450657,0.06008665038439803,0.9999646437450657,0.09534946232842245,0.9988304896995872,0.014063626423394072,0.9994472214475559,0.9988304896995872
0.00043055709272278825,0.00043055709272278825,6.144177531850823e-06,1.6701429809483402e-05,1.6701429809483402e-05,0.9241418267688302,0.8519528000888387,3.535625493426631e-05,2.7535687821746045e-05,2.9023119851992182e-06,0.6791786926816161,0.9241418267688302,0.999290329695098,0.8807970826714614,6.144177531850823e-06,7.889264466933239e-06,2.9023119851992182e-06,1.760343003490802e-06,0.9980732657060567,3.535625493426631e-05,6.144177531850823e-06
0.9399133496156019,0.9999724643121783,0.9959298622161507,0.004070137783849419,0.9947798743644766,0.0293122327122782,0.03732688948593844,0.005220125635523486,0.07585817323116975,0.11920291732853862,0.09534946232842245,0.997527377056997,0.9706877672877217,0.005220125635523486,0.06008665038439803,0.010986941578116867,0.9980732657060567,0.9999546021475793,0.9980732657060567,0.9706877672877217,0.014063626423394072
7.889264466933239e-06,0.8519528000888387,0.22270013882530884,2.9023119851992182e-06,2.7535687821746045e-05,0.1824255149165352,1.6701429809483402e-05,0.11920291732853862,1.760343003490802e-06,0.22270013882530884,0.9046505376715775,2.9023119851992182e-06,0.07585817323116975,0.07585817323116975,0.03732688948593844,0.8519528000888387,5.043476486929152e-07,1.6373770576809702e-07,0.0293122327122782,5.043476486929152e-07,0.06008665038439803
0.9995694429072771,2.9023119851992182e-06,0.8519528000888387,0.6224593312018546,3.535625493426631e-05,0.9859363735766059,0.9770226275810572,1.067702997323512e-06,0.8519528000888387,6.144177531850823e-06,0.9820137881297458,6.144177531850823e-06,0.8519528000888387,0.14804719991116141,1.760343003490802e-06,0.9046505376715775,1.3007123813725571e-05,0.11920291732853862,0.047425873514159125,3.466327450774257e-07,0.09534946232842245
0.6791786926816161,0.9988304896995872,0.01798621187025419,0.9399133496156019,0.9626731105140616,0.9525741264858409,0.9998766053808288,0.06008665038439803,0.9997388096898188,0.0015011819937681247,0.2689414213699951,0.9959298622161507,0.014063626423394072,0.997527377056997,0.9990889486412498,0.9997388096898188,0.004070137783849419,0.9959298622161507,0.004070137783849419,0.99966464996832,0.010986941578116867
2.2603251062511995e-06,8.315279285380714e-07,0.6224593312018546,0.0011695103004128338,0.0015011819937681247,0.4378234991142018,0.6791786926816161,0.9525741264858409,0.4378234991142018,0.6224593312018546,0.9706877672877217,0.5621765008857981,0.9626731105140616,0.22270013882530884,1.3709578605790399e-06,0.22270013882530884,0.0005527785524441057,0.22270013882530884,6.475945666070602e-07,1.067702997323512e-06,0.07585817323116975
0.001926734293943221,0.9933071487351834,0.001926734293943221,0.0009110513587503459,0.0011695103004128338,0.00857748525531428,0.00015843623599953396,0.006692851264816553,0.00015843623599953396,0.0005527785524441057,0.9890130584218833,0.0003353500316799018,0.5621765008857981,5.8291272510566984e-05,0.004070137783849419,0.0015011819937681247,0.9933071487351834,0.9820137881297458,0.22270013882530884,0.9947798743644766,0.14804719991116141
0.9980732657060567,0.9999599363078028,0.9933071487351834,0.9890130584218833,0.9998601779757171,0.9999038976078543,0.8807970826714614,0.047425873514159125,0.9947798743644766,0.9980732657060567,0.06008665038439803,0.03732688948593844,0.0293122327122782,0.9998766053808288,0.9980732657060567,0.047425873514159125,0.06008665038439803,0.9947798743644766,0.37754066879814546,0.014063626423394072,0.9947798743644766
0.9525741264858409,0.9770226275810572,0.7310585786300049,0.22270013882530884,8.315279285380714e-07,0.3208213073183839,0.4378234991142018,0.9890130584218833,1.3709578605790399e-06,5.043476486929152e-07,1.3709578605790399e-06,6.475945666070602e-07,6.475945666070602e-07,1.760343003490802e-06,0.1824255149165352,8.764248496102855e-08,0.07585817323116975,2.3823696679343503e-07,0.9706877672877217,6.475945666070602e-07,2.3823696679343503e-07
0.9999417087274893,0.99966464996832,0.9990889486412498,0.999290329695098,0.99966464996832,0.37754066879814546,0.9984988180062319,0.9968273169307178,0.9990889486412498,0.99966464996832,0.9994472214475559,0.9990889486412498,0.9990889486412498,0.9947798743644766,0.09534946232842245,0.11920291732853862,0.9626731105140616,0.11920291732853862,0.06008665038439803,0.9980732657060567,0.9859363735766059
0.9399133496156019,0.9820137881297458,0.9820137881297458,0.9241418267688302,6.144177531850823e-06,0.14804719991116141,0.9820137881297458,0.06008665038439803,0.047425873514159125,0.9914225147446858,0.9859363735766059,0.01798621187025419,0.9947798743644766,0.9947798743644766,0.06008665038439803,0.047425873514159125,0.03732688948593844,2.2603251062511995e-06,0.014063626423394072,1.3007123813725571e-05,0.047425873514159125
0.9999977396748937,0.9999546021475793,0.0003353500316799018,0.02297737241894287,0.9968273169307178,0.9959298622161507,0.09534946232842245,0.07585817323116975,0.07585817323116975,0.9999546021475793,0.9890130584218833,0.002472622943003016,0.0015011819937681247,0.06008665038439803,0.9626731105140616,0.9999251537370122,0.9998766053808288,0.9999038976078543,0.0003353500316799018,0.9859363735766059,0.99966464996832
0.9998766053808288,0.0293122327122782,0.010986941578116867,0.9890130584218833,0.0293122327122782,0.9984988180062319,0.9914225147446858,0.9890130584218833,0.9998415637640005,0.014063626423394072,0.06008665038439803,0.9990889486412498,0.03732688948593844,0.9994472214475559,0.06008665038439803,0.9980732657060567,0.999290329695098,0.0293122327122782,0.09534946232842245,0.047425873514159125,0.999290329695098
0.002472622943003016,0.5621765008857981,0.9706877672877217,1.6701429809483402e-05,0.999290329695098,0.9988304896995872,0.7772998611746911,9.610239214580367e-05,0.9859363735766059,0.00015843623599953396,7.484626298776402e-05,0.00015843623599953396,0.9914225147446858,0.7310585786300049,0.9990889486412498,0.9770226275810572,0.9890130584218833,0.9980732657060567,1.3709578605790399e-06,0.999290329695098,0.9770226275810572
0.99966464996832,0.99966464996832,0.06008665038439803,0.9994472214475559,0.999290329695098,0.09534946232842245,0.9990889486412498,0.9968273169307178,0.1824255149165352,0.9980732657060567,0.01798621187025419,0.9770226275810572,0.9999952149055052,0.9997965729534201,0.9999952149055052,0.999290329695098,0.9706877672877217,0.9990889486412498,0.8807970826714614,0.9999417087274893,0.010986941578116867
0.99999627336116,0.997527377056997,0.00857748525531428,0.001926734293943221,0.006692851264816553,0.9997965729534201,0.9890130584218833,0.9046505376715775,0.9933071487351834,0.9890130584218833,0.99966464996832,0.0009110513587503459,0.9995694429072771,0.9998766053808288,0.0009110513587503459,0.9995694429072771,0.0015011819937681247,0.9770226275810572,0.999290329695098,0.0002611903101813263,0.999290329695098
0.8807970826714614,0.8175744850834648,0.6791786926816161,0.9706877672877217,0.5621765008857981,2.9023119851992182e-06,0.11920291732853862,0.5,8.315279285380714e-07,2.1444958641491428e-05,0.9968273169307178,0.5621765008857981,0.9980732657060567,0.1824255149165352,0.9959298622161507,0.9947798743644766,5.043476486929152e-07,5.043476486929152e-07,2.9023119851992182e-06,3.7266388399128017e-06,0.11920291732853862
0.8175744850834648,0.997527377056997,0.1824255149165352,0.9947798743644766,0.9999646437450657,0.2689414213699951,0.9999646437450657,0.9947798743644766,0.5,0.9968273169307178,0.37754066879814546,0.9933071487351834,0.99999627336116,0.5,0.9770226275810572,0.9820137881297458,0.14804719991116141,0.8807970826714614,0.047425873514159125,0.9999417087274893,0.9933071487351834
0.2689414213699951,0.9980732657060567,0.9947798743644766,0.9968273169307178,0.7310585786300049,0.8175744850834648,0.9947798743644766,0.5621765008857981,0.5,0.9988304896995872,0.9859363735766059,0.02297737241894287,0.2689414213699951,0.9994472214475559,0.9914225147446858,0.997527377056997,0.9947798743644766,0.9046505376715775,0.14804719991116141,0.1824255149165352,0.8175744850834648
0.9999417087274893,0.9988304896995872,0.005220125635523486,0.9995694429072771,0.006692851264816553,0.001926734293943221,0.9994472214475559,0.9997388096898188,0.002472622943003016,0.9859363735766059,0.004070137783849419,0.004070137783849419,0.02297737241894287,0.02297737241894287,0.9770226275810572,0.9997965729534201,0.99966464996832,0.9525741264858409,0.0005527785524441057,0.99966464996832,0.0011695103004128338
0.9997965729534201,0.9933071487351834,0.9959298622161507,0.9980732657060567,0.99966464996832,0.99966464996832,0.01798621187025419,0.14804719991116141,0.9525741264858409,0.9998415637640005,0.9998766053808288,0.9998766053808288,0.02297737241894287,0.047425873514159125,0.047425873514159125,0.0293122327122782,0.0293122327122782,0.9997965729534201,0.3208213073183839,0.9995694429072771,0.005220125635523486
0.004070137783849419,0.9968273169307178,0.9999417087274893,0.9999785550413585,0.9999898700126424,0.9820137881297458,0.9399133496156019,0.9626731105140616,0.9999869928761862,0.9995694429072771,0.9999785550413585,0.006692851264816553,0.7310585786300049,0.00857748525531428,0.9999417087274893,0.9999038976078543,0.999290329695098,0.9999646437450657,0.9999832985701905,0.7772998611746911,0.5621765008857981
0.5621765008857981,0.9947798743644766,0.9770226275810572,0.07585817323116975,0.09534946232842245,0.010986941578116867,0.010986941578116867,0.9999945777829692,0.9933071487351834,0.9706877672877217,0.9914225147446858,0.06008665038439803,0.9820137881297458,0.07585817323116975,0.9914225147446858,0.9914225147446858,0.9999910603004984,0.9706877672877217,0.9999952149055052,0.0007096703049020563,0.0009110513587503459
0.9995694429072771,0.9968273169307178,0.9968273169307178,0.9933071487351834,0.010986941578116867,0.9947798743644766,0.2689414213699951,9.610239214580367e-05,9.610239214580367e-05,0.9990889486412498,0.0005527785524441057,0.0031726830692822717,0.1824255149165352,0.00020342704657999323,0.9984988180062319,0.9959298622161507,0.0002611903101813263,0.9968273169307178,0.997527377056997,0.2689414213699951,0.22270013882530884
0.9999251537370122,0.9968273169307178,0.9820137881297458,0.9999724643121783,0.9999810748540133,0.9933071487351834,0.9890130584218833,0.9914225147446858,0.37754066879814546,0.9770226275810572,0.9525741264858409,0.9914225147446858,0.3208213073183839,0.9999832985701905,0.9626731105140616,0.22270013882530884,0.09534946232842245,0.8807970826714614,0.06008665038439803,0.9933071487351834,0.9999646437450657
0.5,0.03732688948593844,0.9399133496156019,0.9997965729534201,0.9959298622161507,0.010986941578116867,0.9914225147446858,0.9046505376715775,0.9999038976078543,0.004070137783849419,0.014063626423394072,0.6791786926816161,0.8807970826714614,0.9999646437450657,0.9947798743644766,0.006692851264816553,0.010986941578116867,0.1824255149165352,0.0009110513587503459,0.9994472214475559,0.99966464996832
0.9770226275810572,0.0031726830692822717,0.9998415637640005,0.9626731105140616,0.9995694429072771,0.9998415637640005,0.0003353500316799018,0.00043055709272278825,0.9999646437450657,0.9999785550413585,0.9999599363078028,0.9999546021475793,0.9399133496156019,0.9706877672877217,0.0003353500316799018,0.9241418267688302,0.9999038976078543,0.006692851264816553,0.01798621187025419,0.9997388096898188,0.0031726830692822717
0.9980732657060567,0.3208213073183839,0.9241418267688302,0.5621765008857981,0.00020342704657999323,0.7310585786300049,7.484626298776402e-05,0.0002611903101813263,0.0002611903101813263,0.9525741264858409,0.5621765008857981,0.5,0.3208213073183839,0.9626731105140616,1.6701429809483402e-05,0.5621765008857981,0.5621765008857981,0.9046505376715775,0.9241418267688302,0.0003353500316799018,0.6224593312018546
0.07585817323116975,0.0007096703049020563,0.999290329695098,0.9980732657060567,0.9859363735766059,0.09534946232842245,0.00012339461917113592,0.9626731105140616,0.00857748525531428,0.9984988180062319,0.03732688948593844,0.00020342704657999323,0.997527377056997,0.9947798743644766,0.9997388096898188,0.999290329695098,0.0031726830692822717,0.9820137881297458,0.006692851264816553,0.00857748525531428,0.005220125635523486
0.8519528000888387,0.00857748525531428,0.0293122327122782,0.9525741264858409,0.14804719991116141,0.0009110513587503459,0.010986941578116867,0.7772998611746911,0.0031726830692822717,0.010986941578116867,0.9995694429072771,0.4378234991142018,0.9998415637640005,0.9995694429072771,0.37754066879814546,0.0011695103004128338,0.0015011819937681247,0.9994472214475559,0.999290329695098,0.9988304896995872,0.002472622943003016
0.997527377056997,0.0005527785524441057,0.9980732657060567,0.9968273169307178,0.7772998611746911,0.0005527785524441057,0.0007096703049020563,0.9994472214475559,0.0009110513587503459,0.9998415637640005,0.9997965729534201,0.8807970826714614,0.37754066879814546,0.9997388096898188,0.0003353500316799018,0.9990889486412498,0.997527377056997,0.9980732657060567,0.6224593312018546,0.37754066879814546,0.9988304896995872
0.9999977396748937,0.14804719991116141,0.9999646437450657,0.00857748525531428,0.9968273169307178,0.002472622943003016,0.002472622943003016,0.9968273169307178,0.9988304896995872,0.9990889486412498,0.0005527785524441057,0.997527377056997,0.9947798743644766,0.9999785550413585,0.9999898700126424,0.9999869928761862,0.004070137783849419,0.0007096703049020563,0.00015843623599953396,0.9999869928761862,0.9770226275810572
0.8175744850834648,0.11920291732853862,0.047425873514159125,0.0015011819937681247,0.9988304896995872,0.006692851264816553,0.0005527785524441057,0.9999038976078543,0.9997388096898188,0.0005527785524441057,0.9997965729534201,0.9998766053808288,0.9998415637640005,0.00043055709272278825,0.9988304896995872,0.00020342704657999323,0.002472622943003016,7.484626298776402e-05,2.7535687821746045e-05,0.37754066879814546,9.610239214580367e-05
0.9890130584218833,4.785094494835719e-06,0.9706877672877217,0.9525741264858409,2.1444958641491428e-05,0.00020342704657999323,0.09534946232842245,0.9706877672877217,0.9820137881297458,0.9770226275810572,0.09534946232842245,0.9706877672877217,0.9626731105140616,1.3007123813725571e-05,0.9399133496156019,0.9525741264858409,0.9399133496156019,1.6701429809483402e-05,0.03732688948593844,3.535625493426631e-05,0.9399133496156019
0.06008665038439803,0.7310585786300049,0.0009110513587503459,0.2689414213699951,0.9999038976078543,0.047425873514159125,0.9984988180062319,5.8291272510566984e-05,0.00020342704657999323,0.9995694429072771,0.0003353500316799018,0.00015843623599953396,7.484626298776402e-05,0.9997965729534201,0.9994472214475559,0.9984988180062319,0.9968273169307178,0.9980732657060567,0.9947798743644766,0.1824255149165352,0.00015843623599953396
0.9994472214475559,0.999290329695098,0.997527377056997,0.047425873514159125,0.01798621187025419,0.9947798743644766,0.0293122327122782,0.997527377056997,0.9997965729534201,0.9998415637640005,0.9933071487351834,0.9999251537370122,0.9999038976078543,0.9999646437450657,0.9820137881297458,0.9968273169307178,0.997527377056997,0.9241418267688302,0.004070137783849419,0.0031726830692822717,0.9999251537370122
0.8807970826714614,0.9994472214475559,0.999290329695098,0.6791786926816161,0.4378234991142018,0.9890130584218833,0.03732688948593844,0.07585817323116975,0.9994472214475559,0.9933071487351834,0.9525741264858409,0.9399133496156019,0.5621765008857981,0.9990889486412498,0.09534946232842245,0.37754066879814546,0.03732688948593844,0.22270013882530884,0.4378234991142018,0.8519528000888387,0.6791786926816161
0.999290329695098,0.3208213073183839,0.9984988180062319,0.6791786926816161,0.0007096703049020563,0.00020342704657999323,0.047425873514159125,0.010986941578116867,0.1824255149165352,0.00012339461917113592,0.9994472214475559,0.00012339461917113592,0.999290329695098,0.9984988180062319,0.06008665038439803,0.01798621187025419,0.9959298622161507,3.535625493426631e-05,0.9980732657060567,0.03732688948593844,0.02297737241894287
0.9947798743644766,0.0015011819937681247,0.9706877672877217,0.9046505376715775,0.9933071487351834,0.9947798743644766,0.6224593312018546,0.9820137881297458,0.9770226275810572,0.5,0.6791786926816161,0.7772998611746911,0.00857748525531428,0.5,0.4378234991142018,0.9770226275810572,0.22270013882530884,7.484626298776402e-05,0.0002611903101813263,0.00043055709272278825,0.9820137881297458
0.9995694429072771,0.00020342704657999323,0.00012339461917113592,3.7266388399128017e-06,0.5,0.00012339461917113592,0.9968273169307178,7.484626298776402e-05,0.997527377056997,0.00015843623599953396,0.9626731105140616,1.3007123813725571e-05,3.535625493426631e-05,0.9626731105140616,1.3007123813725571e-05,5.8291272510566984e-05,7.889264466933239e-06,7.889264466933239e-06,1.6701429809483402e-05,0.9959298622161507,0.997527377056997
0.99966464996832,0.8807970826714614,0.8519528000888387,0.9980732657060567,0.9984988180062319,0.06008665038439803,5.8291272510566984e-05,0.03732688948593844,0.8519528000888387,0.11920291732853862,0.9997388096898188,0.9994472214475559,0.3208213073183839,0.0002611903101813263,0.9990889486412498,0.9959298622161507,0.00012339461917113592,0.9984988180062319,0.9947798743644766,1.0129987357628251e-05,0.997527377056997
0.9706877672877217,0.9859363735766059,0.9999599363078028,0.9999646437450657,0.010986941578116867,0.01798621187025419,0.9626731105140616,0.9525741264858409,0.00857748525531428,0.014063626423394072,0.02297737241894287,0.11920291732853862,0.8807970826714614,0.07585817323116975,0.03732688948593844,0.7310585786300049,0.5621765008857981,0.006692851264816553,0.004070137783849419,0.9859363735766059,0.9914225147446858
0.0002611903101813263,0.7310585786300049,0.8519528000888387,0.8807970826714614,0.0009110513587503459,4.5397852420729034e-05,0.9399133496156019,0.8807970826714614,4.5397852420729034e-05,7.484626298776402e-05,0.9399133496156019,0.7772998611746911,2.7535687821746045e-05,1.6701429809483402e-05,0.0293122327122782,0.6791786926816161,0.6224593312018546,1.0129987357628251e-05,0.7310585786300049,0.006692851264816553,6.144177531850823e-06
0.9999869928761862,0.004070137783849419,0.9770226275810572,0.9947798743644766,0.047425873514159125,0.11920291732853862,0.3208213073183839,0.11920291732853862,0.9706877672877217,0.00043055709272278825,0.9859363735766059,0.3208213073183839,0.37754066879814546,0.9859363735766059,0.9947798743644766,0.0005527785524441057,0.6791786926816161,9.610239214580367e-05,0.2689414213699951,0.2689414213699951,0.9890130584218833
0.37754066879814546,0.9968273169307178,0.99966464996832,0.03732688948593844,0.9959298622161507,0.9933071487351834,0.9859363735766059,0.9820137881297458,0.0031726830692822717,0.9988304896995872,0.9994472214475559,0.9947798743644766,0.9968273169307178,0.9959298622161507,0.9933071487351834,0.0293122327122782,0.004070137783849419,0.00857748525531428,0.9947798743644766,0.9959298622161507,0.09534946232842245
0.9990889486412498,0.9706877672877217,4.785094494835719e-06,0.9241418267688302,0.004070137783849419,0.8175744850834648,0.9706877672877217,0.3208213073183839,4.5397852420729034e-05,0.8175744850834648,0.5,0.0009110513587503459,4.5397852420729034e-05,0.9626731105140616,0.5621765008857981,0.9525741264858409,0.0011695103004128338,0.9241418267688302,0.8519528000888387,0.5,0.2689414213699951
0.22270013882530884,0.9994472214475559,0.9990889486412498,0.0011695103004128338,0.37754066879814546,0.5621765008857981,0.002472622943003016,0.5621765008857981,0.8519528000888387,0.9990889486412498,0.37754066879814546,0.9046505376715775,0.9984988180062319,0.37754066879814546,0.2689414213699951,0.047425873514159125,0.9995694429072771,0.9994472214475559,0.9995694429072771,0.9995694429072771,0.02297737241894287
0.9859363735766059,3.535625493426631e-05,0.9706877672877217,7.484626298776402e-05,0.9890130584218833,0.9770226275810572,3.535625493426631e-05,0.9947798743644766,0.9933071487351834,0.9770226275810572,0.9525741264858409,0.9980732657060567,6.144177531850823e-06,0.997527377056997,2.1444958641491428e-05,0.8807970826714614,2.7535687821746045e-05,0.9914225147446858,0.5621765008857981,3.535625493426631e-05,0.9968273169307178
0.9990889486412498,0.2689414213699951,0.9999938558224682,0.9999832985701905,0.14804719991116141,0.9959298622161507,0.1824255149165352,0.1824255149165352,0.9959298622161507,0.3208213073183839,0.9999938558224682,0.9914225147446858,0.1824255149165352,0.9968273169307178,0.9820137881297458,0.9890130584218833,0.9999785550413585,0.9820137881297458,0.06008665038439803,0.07585817323116975,0.9999646437450657
0.9241418267688302,0.997527377056997,1.8553914607279396e-07,0.9241418267688302,7.889264466933239e-06,0.999290329695098,1.2751905808907768e-07,6.825603724121505e-08,4.5397852420729034e-05,5.8291272510566984e-05,0.99966464996832,4.5397852420729034e-05,1.1861120010657661e-08,0.6791786926816161,0.9988304896995872,0.8175744850834648,2.3823696679343503e-07,0.9399133496156019,5.3157849718487075e-08,0.9994472214475559,6.144177531850823e-06
0.9999898700126424,0.9947798743644766,0.9968273169307178,0.9959298622161507,0.9947798743644766,0.014063626423394072,0.01798621187025419,0.00857748525531428,0.010986941578116867,0.9980732657060567,0.02297737241894287,0.00857748525531428,0.9914225147446858,0.005220125635523486,0.9984988180062319,0.9980732657060567,0.0031726830692822717,0.0011695103004128338,0.005220125635523486,0.00857748525531428,0.005220125635523486
0.0005527785524441057,0.6224593312018546,2.1444958641491428e-05,0.6791786926816161,0.00015843623599953396,0.00012339461917113592,0.9399133496156019,0.0007096703049020563,0.9525741264858409,0.9706877672877217,4.5397852420729034e-05,0.0011695103004128338,2.1444958641491428e-05,0.0009110513587503459,0.5621765008857981,2.1444958641491428e-05,0.8519528000888387,0.014063626423394072,1.3007123813725571e-05,5.8291272510566984e-05,0.02297737241894287
0.9995694429072771,0.9988304896995872,0.03732688948593844,0.9999724643121783,0.999975699747677,0.999975699747677,0.0031726830692822717,0.9914225147446858,0.03732688948593844,0.9968273169307178,0.0009110513587503459,0.0015011819937681247,0.9820137881297458,0.9999977396748937,0.0011695103004128338,0.9959298622161507,0.9046505376715775,0.9399133496156019,0.999985261010999,0.8807970826714614,0.0009110513587503459
0.2689414213699951,0.5621765008857981,0.0015011819937681247,0.9998415637640005,0.9999785550413585,0.22270013882530884,0.0005527785524441057,0.047425873514159125,0.9984988180062319,0.9999251537370122,0.22270013882530884,0.047425873514159125,0.9999724643121783,0.9999646437450657,0.02297737241894287,0.9999251537370122,0.9998415637640005,0.047425873514159125,0.004070137783849419,0.01798621187025419,0.9968273169307178
0.9399133496156019,0.9820137881297458,0.37754066879814546,1.0129987357628251e-05,0.2689414213699951,0.00043055709272278825,7.484626298776402e-05,1.6701429809483402e-05,2.1444958641491428e-05,0.9241418267688302,0.9241418267688302,4.785094494835719e-06,0.3208213073183839,7.484626298776402e-05,0.1824255149165352,2.2603251062511995e-06,1.3709578605790399e-06,0.11920291732853862,0.9820137881297458,0.9933071487351834,6.144177531850823e-06
0.047425873514159125,0.001926734293943221,0.9988304896995872,0.5,0.9959298622161507,0.0015011819937681247,0.11920291732853862,0.00020342704657999323,0.1824255149165352,0.9997388096898188,0.9997388096898188,0.004070137783849419,0.0009110513587503459,0.9984988180062319,0.0005527785524441057,0.9984988180062319,0.07585817323116975,0.002472622943003016,0.0293122327122782,0.06008665038439803,0.047425873514159125
0.9999869928761862,0.005220125635523486,0.02297737241894287,0.9990889486412498,0.9995694429072771,0.004070137783849419,0.4378234991142018,0.010986941578116867,0.01798621187025419,0.9770226275810572,0.9999417087274893,0.9999251537370122,0.9980732657060567,0.5,0.7772998611746911,0.7772998611746911,0.002472622943003016,0.999290329695098,0.9994472214475559,0.37754066879814546,0.9988304896995872
0.9998601779757171,0.9399133496156019,0.9706877672877217,0.9770226275810572,0.9933071487351834,0.9947798743644766,0.0011695103004128338,0.22270013882530884,0.9947798743644766,0.9968273169307178,0.9947798743644766,0.9959298622161507,0.9933071487351834,1.3007123813725571e-05,0.9980732657060567,1.6701429809483402e-05,0.00020342704657999323,7.484626298776402e-05,0.9933071487351834,9.610239214580367e-05,0.9933071487351834
0.7772998611746911,0.14804719991116141,0.9999785550413585,0.22270013882530884,0.9859363735766059,0.9968273169307178,0.9968273169307178,0.9999417087274893,0.9820137881297458,0.997527377056997,0.3208213073183839,0.9399133496156019,0.8519528000888387,0.9046505376715775,0.8807970826714614,0.11920291732853862,0.9999938558224682,0.3208213073183839,0.9980732657060567,0.1824255149165352,0.9399133496156019
0.11920291732853862,0.6791786926816161,0.9980732657060567,0.9999251537370122,0.9998766053808288,0.9999151889585819,0.22270013882530884,0.9933071487351834,0.9999724643121783,0.9999921107355332,0.9988304896995872,0.9999785550413585,0.9999724643121783,0.9999724643121783,0.0007096703049020563,0.9999251537370122,0.0007096703049020563,0.9999038976078543,0.9770226275810572,0.9999417087274893,0.09534946232842245
0.9998415637640005,0.9947798743644766,0.9933071487351834,0.9914225147446858,0.5,0.9770226275810572,0.9990889486412498,0.03732688948593844,0.005220125635523486,0.09534946232842245,0.9988304896995872,0.9968273169307178,0.004070137783849419,0.9980732657060567,0.9914225147446858,0.07585817323116975,0.9914225147446858,0.0011695103004128338,0.9933071487351834,0.00857748525531428,0.6224593312018546
0.9626731105140616,1.0129987357628251e-05,0.9046505376715775,4.5397852420729034e-05,0.9933071487351834,0.7772998611746911,0.6224593312018546,0.9914225147446858,0.9968273169307178,1.3709578605790399e-06,1.6701429809483402e-05,0.9959298622161507,0.9947798743644766,8.764248496102855e-08,0.9914225147446858,1.8553914607279396e-07,0.5621765008857981,0.9241418267688302,1.0129987357628251e-05,0.9947798743644766,0.9947798743644766
0.0009110513587503459,0.004070137783849419,9.610239214580367e-05,0.9859363735766059,0.0005527785524441057,0.9770226275810572,0.9890130584218833,0.9968273169307178,3.535625493426631e-05,0.9046505376715775,0.9947798743644766,1.3709578605790399e-06,2.9023119851992182e-06,0.9933071487351834,7.484626298776402e-05,1.760343003490802e-06,0.09534946232842245,3.9278634073828347e-07,0.9968273169307178,6.144177531850823e-06,6.144177531850823e-06
2.2603251062511995e-06,1.067702997323512e-06,0.7772998611746911,0.5621765008857981,0.6791786926816161,0.9959298622161507,1.0129987357628251e-05,0.3208213073183839,0.9933071487351834,0.8807970826714614,6.144177531850823e-06,0.997527377056997,0.9968273169307178,0.8175744850834648,0.997527377056997,0.2689414213699951,0.5621765008857981,0.4378234991142018,1.760343003490802e-06,0.7310585786300049,0.9968273169307178
0.9990889486412498,0.004070137783849419,0.00857748525531428,0.9947798743644766,0.9933071487351834,0.9999038976078543,0.0003353500316799018,0.999290329695098,0.0005527785524441057,0.997527377056997,0.9820137881297458,0.9984988180062319,0.0011695103004128338,0.9997388096898188,0.0293122327122782,0.01798621187025419,0.9968273169307178,0.9994472214475559,0.9959298622161507,0.09534946232842245,0.9968273169307178
0.9525741264858409,0.6791786926816161,0.9706877672877217,0.8175744850834648,0.00015843623599953396,0.005220125635523486,0.005220125635523486,0.005220125635523486,2.7535687821746045e-05,0.8807970826714614,0.9947798743644766,2.1444958641491428e-05,0.5621765008857981,0.7772998611746911,0.0015011819937681247,3.7266388399128017e-06,2.2603251062511995e-06,0.0015011819937681247,2.2603251062511995e-06,0.37754066879814546,2.9023119851992182e-06
0.9995694429072771,0.9046505376715775,0.9770226275810572,0.00043055709272278825,0.9959298622161507,0.8519528000888387,0.8519528000888387,0.1824255149165352,0.9770226275810572,0.9968273169307178,0.9990889486412498,0.9994472214475559,0.9820137881297458,0.9980732657060567,0.9988304896995872,7.484626298776402e-05,0.0002611903101813263,0.9994472214475559,0.9046505376715775,0.9399133496156019,0.9995694429072771
0.99999627336116,0.9994472214475559,0.010986941578116867,0.9626731105140616,0.9706877672877217,0.0015011819937681247,0.001926734293943221,0.02297737241894287,0.9820137881297458,0.00043055709272278825,0.9241418267688302,0.4378234991142018,0.7772998611746911,0.9820137881297458,0.9890130584218833,0.9999546021475793,0.0003353500316799018,0.9914225147446858,0.00857748525531428,0.5621765008857981,0.9890130584218833
0.9998766053808288,0.99966464996832,0.0009110513587503459,0.99966464996832,0.9859363735766059,0.9994472214475559,0.06008665038439803,0.9997965729534201,0.9995694429072771,5.8291272510566984e-05,0.00012339461917113592,0.9241418267688302,0.9994472214475559,0.9706877672877217,0.9998766053808288,0.00015843623599953396,2.1444958641491428e-05,0.9998415637640005,0.9998766053808288,0.7772998611746911,0.9998766053808288
0.9241418267688302,0.06008665038439803,0.9399133496156019,0.06008665038439803,0.9999832985701905,0.9890130584218833,0.9859363735766059,0.9859363735766059,0.11920291732853862,0.047425873514159125,0.047425873514159125,0.0293122327122782,0.9999921107355332,0.09534946232842245,0.9890130584218833,0.9999869928761862,0.03732688948593844,0.01798621187025419,0.010986941578116867,0.8807970826714614,0.02297737241894287
0.0005527785524441057,0.9626731105140616,0.9626731105140616,2.1444958641491428e-05,0.4378234991142018,3.535625493426631e-05,0.9770226275810572,2.2603251062511995e-06,0.8175744850834648,7.889264466933239e-06,1.0129987357628251e-05,1.6701429809483402e-05,0.9770226275810572,3.059023363247549e-07,3.466327450774257e-07,2.3823696679343503e-07,9.93119450976052e-08,2.9023119851992182e-06,0.03732688948593844,0.9706877672877217,3.2241866333029355e-08
0.9241418267688302,0.9999417087274893,0.9999921107355332,0.02297737241894287,0.997527377056997,0.9980732657060567,0.9999785550413585,0.9959298622161507,0.9968273169307178,0.9999810748540133,0.014063626423394072,0.9980732657060567,0.9859363735766059,0.09534946232842245,0.9999957771650452,0.9988304896995872,0.9999898700126424,0.9999724643121783,0.9999646437450657,0.02297737241894287,0.9988304896995872
0.8807970826714614,0.22270013882530884,0.9890130584218833,0.07585817323116975,0.9999251537370122,0.9890130584218833,0.9998415637640005,0.03732688948593844,0.9626731105140616,0.9399133496156019,0.9999546021475793,0.8519528000888387,0.03732688948593844,0.9999417087274893,0.997527377056997,0.047425873514159125,0.02297737241894287,0.02297737241894287,0.9933071487351834,0.00857748525531428,0.9997965729534201
0.9999785550413585,0.999290329695098,0.0293122327122782,0.00857748525531428,0.9980732657060567,0.9968273169307178,0.9933071487351834,0.11920291732853862,0.9820137881297458,0.014063626423394072,0.9999417087274893,0.9859363735766059,0.09534946232842245,0.9914225147446858,0.99966464996832,0.22270013882530884,0.9525741264858409,0.9399133496156019,0.06008665038439803,0.0293122327122782,0.9990889486412498
0.9988304896995872,0.4378234991142018,0.9947798743644766,0.9820137881297458,0.3208213073183839,0.4378234991142018,0.9890130584218833,0.9999251537370122,0.9999724643121783,0.9399133496156019,0.7310585786300049,0.9914225147446858,0.9626731105140616,0.3208213073183839,0.11920291732853862,0.9890130584218833,0.9999417087274893,0.9820137881297458,0.9999038976078543,0.9914225147446858,0.11920291732853862
0.8519528000888387,0.9984988180062319,0.9999646437450657,0.0293122327122782,0.9994472214475559,0.9525741264858409,0.0031726830692822717,0.9999251537370122,0.999290329695098,0.9399133496156019,0.0009110513587503459,0.9980732657060567,0.9999785550413585,0.0293122327122782,0.9999646437450657,0.09534946232842245,0.014063626423394072,0.014063626423394072,0.9968273169307178,0.3208213073183839,0.005220125635523486
0.9984988180062319,7.484626298776402e-05,0.0007096703049020563,0.9914225147446858,0.9770226275810572,0.9770226275810572,0.9399133496156019,0.9968273169307178,0.9770226275810572,0.006692851264816553,0.9984988180062319,0.02297737241894287,0.9980732657060567,0.9959298622161507,0.9820137881297458,0.9706877672877217,0.014063626423394072,0.010986941578116867,0.0031726830692822717,0.00020342704657999323,0.00043055709272278825
0.9999417087274893,0.014063626423394072,0.9998415637640005,0.9968273169307178,0.9998415637640005,0.00857748525531428,0.07585817323116975,0.9959298622161507,0.9968273169307178,0.9997388096898188,0.9959298622161507,0.09534946232842245,0.9997965729534201,0.010986941578116867,0.03732688948593844,0.9859363735766059,0.002472622943003016,0.02297737241894287,0.9980732657060567,0.9968273169307178,0.9968273169307178
0.9399133496156019,0.9046505376715775,6.144177531850823e-06,1.760343003490802e-06,4.785094494835719e-06,0.9626731105140616,0.9626731105140616,0.9706877672877217,0.9968273169307178,0.4378234991142018,6.475945666070602e-07,0.9980732657060567,6.825603724121505e-08,0.9968273169307178,0.9046505376715775,0.11920291732853862,6.475945666070602e-07,6.475945666070602e-07,3.059023363247549e-07,0.9968273169307178,3.059023363247549e-07
0.99966464996832,0.9241418267688302,0.9980732657060567,0.9947798743644766,0.09534946232842245,0.09534946232842245,0.9997388096898188,0.9997965729534201,0.0002611903101813263,0.9998766053808288,0.9999417087274893,0.9980732657060567,0.5,0.4378234991142018,0.0009110513587503459,0.3208213073183839,0.1824255149165352,0.01798621187025419,0.99966464996832,0.1824255149165352,0.9994472214475559
0.2689414213699951,0.99966464996832,0.22270013882530884,0.2689414213699951,0.22270013882530884,0.0031726830692822717,0.9988304896995872,0.002472622943003016,0.9980732657060567,0.9959298622161507,0.004070137783849419,0.9980732657060567,0.9968273169307178,0.9998415637640005,0.0007096703049020563,0.14804719991116141,0.03732688948593844,0.9525741264858409,0.9968273169307178,0.9706877672877217,0.03732688948593844
0.02297737241894287,0.9933071487351834,0.09534946232842245,0.0007096703049020563,0.0009110513587503459,0.9399133496156019,7.484626298776402e-05,0.9399133496156019,0.9706877672877217,0.9914225147446858,0.0293122327122782,0.99966464996832,0.006692851264816553,0.99966464996832,0.9997388096898188,7.484626298776402e-05,0.9980732657060567,1.6701429809483402e-05,0.9959298622161507,0.6224593312018546,0.014063626423394072
0.9998766053808288,0.997527377056997,0.9999251537370122,0.005220125635523486,0.9999546021475793,0.8807970826714614,0.0011695103004128338,0.9706877672877217,0.9770226275810572,0.9999417087274893,0.010986941578116867,0.9999251537370122,0.006692851264816553,0.9999546021475793,0.9999038976078543,0.9046505376715775,0.0011695103004128338,0.9997965729534201,0.9999417087274893,0.9998766053808288,0.9999417087274893
0.9998766053808288,0.9626731105140616,1.6701429809483402e-05,0.6791786926816161,7.484626298776402e-05,3.7266388399128017e-06,0.9770226275810572,1.3007123813725571e-05,1.3007123813725571e-05,0.9890130584218833,0.37754066879814546,1.0129987357628251e-05,2.7535687821746045e-05,7.889264466933239e-06,6.144177531850823e-06,0.9241418267688302,0.9399133496156019,6.475945666070602e-07,0.9626731105140616,0.0293122327122782,5.8291272510566984e-05
0.9999921107355332,0.09534946232842245,0.9980732657060567,0.06008665038439803,0.14804719991116141,0.010986941578116867,0.9997965729534201,0.06008665038439803,0.9990889486412498,0.22270013882530884,0.9997388096898188,0.047425873514159125,0.09534946232842245,0.9990889486412498,0.9998415637640005,0.997527377056997,0.9995694429072771,0.9959298622161507,0.004070137783849419,0.02297737241894287,0.00857748525531428
0.0002611903101813263,0.9241418267688302,0.004070137783849419,0.0005527785524441057,0.0011695103004128338,0.0003353500316799018,0.7310585786300049,0.9859363735766059,0.00015843623599953396,0.9914225147446858,0.9890130584218833,0.001926734293943221,0.0009110513587503459,0.9914225147446858,0.0009110513587503459,0.00020342704657999323,0.9626731105140616,0.9706877672877217,0.9626731105140616,0.0015011819937681247,0.9525741264858409
0.9968273169307178,0.9241418267688302,0.8175744850834648,0.001926734293943221,0.0007096703049020563,0.9998766053808288,0.9990889486412498,0.9988304896995872,0.9241418267688302,0.99966464996832,0.37754066879814546,0.9999417087274893,0.2689414213699951,0.9999417087274893,0.9999417087274893,0.22270013882530884,0.9988304896995872,0.0005527785524441057,0.9999546021475793,0.9999898700126424,0.0005527785524441057
3.535625493426631e-05,0.5,2.1444958641491428e-05,0.6791786926816161,0.14804719991116141,0.00043055709272278825,0.0005527785524441057,0.9525741264858409,0.09534946232842245,0.9525741264858409,0.00020342704657999323,0.5,0.0293122327122782,0.0009110513587503459,0.047425873514159125,0.0009110513587503459,0.0009110513587503459,0.014063626423394072,2.9023119851992182e-06,0.001926734293943221,2.1444958641491428e-05
0.9399133496156019,7.889264466933239e-06,0.8807970826714614,0.9859363735766059,1.3709578605790399e-06,0.997527377056997,0.7310585786300049,0.9959298622161507,0.9859363735766059,0.9890130584218833,4.785094494835719e-06,6.023574193117954e-08,0.8175744850834648,0.9859363735766059,0.9859363735766059,5.043476486929152e-07,0.9770226275810572,0.9947798743644766,0.6791786926816161,3.9278634073828347e-07,1.067702997323512e-06
0.9980732657060567,0.9933071487351834,0.9820137881297458,0.9933071487351834,0.9399133496156019,0.7310585786300049,0.9933071487351834,0.002472622943003016,0.8175744850834648,0.0015011819937681247,0.0015011819937681247,0.0007096703049020563,0.4378234991142018,0.9959298622161507,0.0011695103004128338,0.00020342704657999323,0.9706877672877217,4.5397852420729034e-05,0.9859363735766059,0.0015011819937681247,0.9890130584218833
0.9998766053808288,0.1824255149165352,0.0011695103004128338,0.9968273169307178,0.9968273169307178,0.9968273169307178,0.03732688948593844,0.9999417087274893,0.0007096703049020563,0.09534946232842245,0.11920291732853862,0.9980732657060567,0.9999251537370122,0.9890130584218833,0.9947798743644766,0.9995694429072771,0.9890130584218833,0.999290329695098,3.535625493426631e-05,0.06008665038439803,0.9999646437450657
0.9999251537370122,4.785094494835719e-06,0.9770226275810572,0.9241418267688302,0.01798621187025419,0.7772998611746911,4.5397852420729034e-05,0.5621765008857981,0.6791786926816161,0.5621765008857981,0.3208213073183839,0.37754066879814546,0.3208213073183839,0.5,0.6224593312018546,0.5,0.5621765008857981,0.0031726830692822717,0.6224593312018546,0.06008665038439803,4.785094494835719e-06
0.9998601779757171,0.9046505376715775,0.9980732657060567,5.8291272510566984e-05,0.0003353500316799018,0.0009110513587503459,0.8807970826714614,0.9995694429072771,0.9997965729534201,4.5397852420729034e-05,4.5397852420729034e-05,0.9998415637640005,0.9820137881297458,7.889264466933239e-06,0.0003353500316799018,0.9994472214475559,0.9890130584218833,0.9990889486412498,0.9994472214475559,4.5397852420729034e-05,4.5397852420729034e-05
0.999290329695098,0.00012339461917113592,0.9890130584218833,0.9959298622161507,0.9933071487351834,0.9968273169307178,0.9890130584218833,5.8291272510566984e-05,3.535625493426631e-05,0.9933071487351834,0.9770226275810572,0.9859363735766059,4.5397852420729034e-05,0.9914225147446858,0.9968273169307178,0.9241418267688302,6.144177531850823e-06,0.9046505376715775,0.9914225147446858,0.9890130584218833,3.535625493426631e-05
0.9980732657060567,0.03732688948593844,0.01798621187025419,0.005220125635523486,0.997527377056997,0.014063626423394072,0.0003353500316799018,0.9770226275810572,0.5621765008857981,0.9914225147446858,0.9820137881297458,0.001926734293943221,0.0005527785524441057,0.22270013882530884,0.9820137881297458,0.9933071487351834,0.11920291732853862,0.09534946232842245,0.9046505376715775,0.001926734293943221,7.484626298776402e-05
0.9994472214475559,0.9914225147446858,0.0009110513587503459,0.9706877672877217,0.6791786926816161,0.9859363735766059,0.9859363735766059,3.535625493426631e-05,2.1444958641491428e-05,2.1444958641491428e-05,0.9890130584218833,0.0011695103004128338,0.0015011819937681247,3.535625493426631e-05,0.5,0.9770226275810572,0.01798621187025419,0.06008665038439803,0.002472622943003016,0.14804719991116141,2.1444958641491428e-05
0.9999038976078543,0.9994472214475559,0.9968273169307178,0.14804719991116141,0.9994472214475559,0.3208213073183839,0.9984988180062319,0.07585817323116975,0.9933071487351834,0.997527377056997,0.9820137881297458,0.03732688948593844,0.4378234991142018,0.047425873514159125,0.9947798743644766,0.9947798743644766,0.01798621187025419,0.2689414213699951,0.9933071487351834,0.8807970826714614,0.03732688948593844
0.9994472214475559,0.06008665038439803,0.9820137881297458,0.06008665038439803,0.9968273169307178,0.07585817323116975,0.03732688948593844,0.999975699747677,0.9947798743644766,0.9980732657060567,0.09534946232842245,0.9999952149055052,0.9947798743644766,0.06008665038439803,0.9999938558224682,0.9959298622161507,0.9859363735766059,0.9706877672877217,0.9999832985701905,0.14804719991116141,0.9999646437450657
0.9999977396748937,0.004070137783849419,0.999985261010999,0.0003353500316799018,0.997527377056997,0.0005527785524441057,0.0009110513587503459,0.999948557786326,0.9990889486412498,0.03732688948593844,0.014063626423394072,0.006692851264816553,0.9988304896995872,0.9988304896995872,0.9999724643121783,0.9959298622161507,0.9988304896995872,0.9968273169307178,0.9998415637640005,0.9980732657060567,0.001926734293943221
0.0015011819937681247,0.9820137881297458,0.9980732657060567,0.9770226275810572,0.9968273169307178,1.3007123813725571e-05,0.9525741264858409,1.3007123813725571e-05,2.9023119851992182e-06,3.7266388399128017e-06,6.144177531850823e-06,1.760343003490802e-06,0.9968273169307178,1.3709578605790399e-06,1.3709578605790399e-06,0.7772998611746911,0.9947798743644766,0.9968273169307178,0.9959298622161507,1.8553914607279396e-07,6.475945666070602e-07
0.9999938558224682,0.06008665038439803,0.06008665038439803,0.9988304896995872,0.14804719991116141,0.9994472214475559,0.9968273169307178,0.03732688948593844,0.9990889486412498,0.997527377056997,0.9959298622161507,0.997527377056997,0.9984988180062319,0.9988304896995872,0.9988304896995872,0.03732688948593844,0.02297737241894287,0.9980732657060567,0.9990889486412498,0.014063626423394072,0.047425873514159125
0.9999251537370122,0.9947798743644766,0.9997965729534201,0.9968273169307178,0.03732688948593844,0.9997388096898188,0.9046505376715775,0.9990889486412498,0.9994472214475559,0.002472622943003016,0.0031726830692822717,0.006692851264816553,0.0007096703049020563,0.5621765008857981,0.0003353500316799018,0.9959298622161507,0.00012339461917113592,0.11920291732853862,4.5397852420729034e-05,0.0015011819937681247,0.9968273169307178
0.9859363735766059,7.484626298776402e-05,0.9820137881297458,0.9706877672877217,0.9706877672877217,9.610239214580367e-05,0.8175744850834648,0.9770226275810572,0.8807970826714614,9.610239214580367e-05,0.37754066879814546,0.0011695103004128338,2.1444958641491428e-05,2.1444958641491428e-05,0.4378234991142018,1.0129987357628251e-05,0.9706877672877217,0.0011695103004128338,0.0005527785524441057,0.7310585786300049,0.9890130584218833
0.03732688948593844,0.09534946232842245,0.02297737241894287,0.9988304896995872,0.00043055709272278825,0.8519528000888387,0.7772998611746911,0.0005527785524441057,0.9994472214475559,0.9997965729534201,0.9990889486412498,0.0011695103004128338,0.9241418267688302,0.014063626423394072,0.9995694429072771,0.999290329695098,0.9994472214475559,0.03732688948593844,0.3208213073183839,0.999290329695098,0.7772998611746911
0.9999251537370122,0.9997388096898188,0.999290329695098,0.14804719991116141,0.99966464996832,0.999290329695098,0.09534946232842245,0.14804719991116141,0.9980732657060567,0.1824255149165352,0.1824255149165352,0.3208213073183839,0.3208213073183839,0.99966464996832,0.9994472214475559,0.997527377056997,0.22270013882530884,0.9914225147446858,0.9947798743644766,0.9959298622161507,0.09534946232842245
0.9626731105140616,0.1824255149165352,0.03732688948593844,0.14804719991116141,0.9933071487351834,0.7772998611746911,0.999290329695098,0.9997965729534201,0.9046505376715775,0.997527377056997,0.02297737241894287,0.07585817323116975,0.010986941578116867,0.6224593312018546,0.9980732657060567,0.0003353500316799018,0.014063626423394072,9.610239214580367e-05,0.9998766053808288,0.5621765008857981,0.997527377056997
0.9706877672877217,0.9820137881297458,0.8807970826714614,0.0015011819937681247,0.6224593312018546,0.5,0.3208213073183839,0.997527377056997,0.9990889486412498,0.9995694429072771,0.9990889486412498,0.9980732657060567,0.9997388096898188,0.9995694429072771,0.047425873514159125,0.9890130584218833,0.0293122327122782,0.2689414213699951,0.9980732657060567,0.9990889486412498,0.9994472214475559
0.9995694429072771,0.9999646437450657,0.00857748525531428,0.9997965729534201,0.9997965729534201,0.0015011819937681247,0.9890130584218833,0.9933071487351834,0.006692851264816553,0.001926734293943221,0.0007096703049020563,0.0015011819937681247,0.9933071487351834,0.005220125635523486,0.9947798743644766,0.006692851264816553,0.9046505376715775,0.8807970826714614,0.9995694429072771,0.9933071487351834,0.9995694429072771
0.99966464996832,0.9959298622161507,0.005220125635523486,0.9999417087274893,0.9859363735766059,0.3208213073183839,0.11920291732853862,0.9990889486412498,0.01798621187025419,0.07585817323116975,0.9999869928761862,0.06008665038439803,0.22270013882530884,0.9980732657060567,0.9999724643121783,0.9999251537370122,0.9890130584218833,0.9999646437450657,0.9046505376715775,0.010986941578116867,0.9820137881297458
0.9998415637640005,0.00043055709272278825,0.11920291732853862,0.0005527785524441057,0.9914225147446858,0.1824255149165352,0.9988304896995872,0.9984988180062319,0.9959298622161507,0.6791786926816161,0.0005527785524441057,0.9994472214475559,0.0005527785524441057,0.1824255149165352,0.9988304896995872,0.005220125635523486,0.14804719991116141,0.11920291732853862,0.014063626423394072,9.610239214580367e-05,0.047425873514159125
0.4378234991142018,0.03732688948593844,0.005220125635523486,0.002472622943003016,0.0011695103004128338,0.0015011819937681247,0.00012339461917113592,0.002472622943003016,0.004070137783849419,0.0015011819937681247,0.9706877672877217,0.9770226275810572,0.9770226275810572,0.9706877672877217,0.5,0.9770226275810572,0.0007096703049020563,0.9820137881297458,0.06008665038439803,0.9626731105140616,0.00020342704657999323
0.9997388096898188,0.9990889486412498,0.9995694429072771,0.9997388096898188,0.9914225147446858,0.9947798743644766,0.9947798743644766,0.00015843623599953396,0.9997388096898188,0.9988304896995872,0.9997388096898188,0.0005527785524441057,0.999290329695098,0.9241418267688302,0.005220125635523486,9.610239214580367e-05,0.7772998611746911,9.610239214580367e-05,7.484626298776402e-05,0.00015843623599953396,0.9997388096898188
0.9980732657060567,2.7535687821746045e-05,0.9241418267688302,0.8807970826714614,0.9525741264858409,0.9525741264858409,0.9399133496156019,0.9820137881297458,7.484626298776402e-05,7.484626298776402e-05,5.8291272510566984e-05,0.9525741264858409,2.1444958641491428e-05,7.889264466933239e-06,0.37754066879814546,0.2689414213699951,0.9046505376715775,0.9706877672877217,0.9525741264858409,0.6791786926816161,2.9023119851992182e-06
0.9998415637640005,0.9990889486412498,0.014063626423394072,0.9968273169307178,0.9984988180062319,0.9984988180062319,0.9988304896995872,0.0293122327122782,0.01798621187025419,0.001926734293943221,0.9988304896995872,0.9959298622161507,0.03732688948593844,0.9968273169307178,0.9933071487351834,0.001926734293943221,0.9988304896995872,0.9988304896995872,0.9988304896995872,0.006692851264816553,0.9984988180062319
0.9994472214475559,0.9241418267688302,0.9626731105140616,0.0005527785524441057,0.9626731105140616,0.9914225147446858,7.484626298776402e-05,0.9525741264858409,2.1444958641491428e-05,0.6224593312018546,0.9947798743644766,7.484626298776402e-05,0.9890130584218833,2.7535687821746045e-05,0.3208213073183839,0.9914225147446858,2.1444958641491428e-05,0.11920291732853862,2.2603251062511995e-06,0.07585817323116975,0.0005527785524441057
0.9706877672877217,4.5397852420729034e-05,0.9933071487351834,0.9046505376715775,0.8175744850834648,0.9947798743644766,3.7266388399128017e-06,0.9626731105140616,0.9241418267688302,0.9770226275810572,0.9241418267688302,1.0129987357628251e-05,2.9023119851992182e-06,2.2603251062511995e-06,3.7266388399128017e-06,0.9947798743644766,2.3823696679343503e-07,6.825603724121505e-08,5.043476486929152e-07,0.6791786926816161,1.067702997323512e-06
0.9859363735766059,0.8519528000888387,0.9525741264858409,0.9706877672877217,0.9859363735766059,0.9933071487351834,0.9241418267688302,0.9626731105140616,0.004070137783849419,0.006692851264816553,0.9706877672877217,0.9933071487351834,0.0015011819937681247,0.5621765008857981,0.004070137783849419,0.0003353500316799018,0.5,0.0031726830692822717,0.001926734293943221,0.0003353500316799018,0.1824255149165352
0.9933071487351834,0.9820137881297458,0.9770226275810572,0.9525741264858409,0.9933071487351834,0.010986941578116867,0.002472622943003016,0.8807970826714614,0.02297737241894287,0.9626731105140616,0.997527377056997,0.9980732657060567,0.9914225147446858,0.9984988180062319,0.005220125635523486,0.002472622943003016,0.0007096703049020563,0.9914225147446858,0.00012339461917113592,0.9959298622161507,0.0002611903101813263
0.999290329695098,0.9959298622161507,0.5,0.997527377056997,0.9968273169307178,0.9988304896995872,0.1824255149165352,0.14804719991116141,0.9980732657060567,0.9933071487351834,0.99966464996832,0.9980732657060567,0.9994472214475559,0.9770226275810572,0.997527377056997,0.2689414213699951,0.9980732657060567,0.9046505376715775,0.9968273169307178,0.09534946232842245,0.997527377056997
0.9980732657060567,0.7772998611746911,0.2689414213699951,0.9999785550413585,0.9999785550413585,0.9980732657060567,0.047425873514159125,0.997527377056997,0.9947798743644766,0.3208213073183839,0.14804719991116141,0.9999832985701905,0.9706877672877217,0.9859363735766059,0.4378234991142018,0.9241418267688302,0.22270013882530884,0.9706877672877217,0.8175744850834648,0.14804719991116141,0.0293122327122782
0.9399133496156019,0.9980732657060567,0.7772998611746911,0.014063626423394072,0.00857748525531428,0.0015011819937681247,0.001926734293943221,0.5,0.0031726830692822717,0.02297737241894287,0.00857748525531428,0.006692851264816553,0.99966464996832,0.9995694429072771,0.0031726830692822717,0.9980732657060567,0.001926734293943221,0.001926734293943221,0.03732688948593844,0.014063626423394072,0.006692851264816553
0.9859363735766059,0.9399133496156019,0.999290329695098,0.9959298622161507,0.9997388096898188,0.06008665038439803,0.997527377056997,0.001926734293943221,0.02297737241894287,0.004070137783849419,0.0015011819937681247,0.06008665038439803,0.9980732657060567,0.37754066879814546,0.1824255149165352,0.37754066879814546,0.9933071487351834,0.0293122327122782,0.999290329695098,0.06008665038439803,0.03732688948593844
0.9980732657060567,0.6791786926816161,5.8291272510566984e-05,0.09534946232842245,0.37754066879814546,9.610239214580367e-05,0.14804719991116141,0.14804719991116141,0.9988304896995872,0.9984988180062319,0.1824255149165352,0.9984988180062319,0.9990889486412498,0.9990889486412498,0.9990889486412498,0.9984988180062319,0.9980732657060567,0.07585817323116975,0.014063626423394072,0.9988304896995872,7.484626298776402e-05
0.9999930377420901,0.9968273169307178,0.9706877672877217,0.9770226275810572,0.09534946232842245,0.9933071487351834,0.9706877672877217,0.00857748525531428,0.8807970826714614,0.9399133496156019,0.8807970826714614,0.8175744850834648,0.9959298622161507,0.9959298622161507,0.9999970976880148,0.9914225147446858,0.002472622943003016,0.005220125635523486,0.014063626423394072,0.999975699747677,0.005220125635523486
0.9706877672877217,0.8519528000888387,0.9820137881297458,0.0031726830692822717,0.002472622943003016,0.0015011819937681247,0.9995694429072771,0.9995694429072771,0.9997965729534201,0.9995694429072771,0.9626731105140616,0.5621765008857981,0.9626731105140616,0.9997388096898188,0.99966464996832,0.8519528000888387,0.8175744850834648,0.0015011819937681247,0.999290329695098,0.0005527785524441057,0.9999038976078543
0.00043055709272278825,5.8291272510566984e-05,0.0005527785524441057,0.9706877672877217,0.9990889486412498,0.00012339461917113592,1.3007123813725571e-05,0.9859363735766059,0.9859363735766059,0.9994472214475559,1.6701429809483402e-05,0.9914225147446858,0.999290329695098,0.9995694429072771,0.9959298622161507,0.9947798743644766,0.6791786926816161,4.5397852420729034e-05,1.067702997323512e-06,0.9046505376715775,2.2603251062511995e-06
0.9399133496156019,0.14804719991116141,0.9933071487351834,0.9947798743644766,0.9914225147446858,0.9933071487351834,0.1824255149165352,0.06008665038439803,0.0293122327122782,0.9933071487351834,0.14804719991116141,0.047425873514159125,0.9706877672877217,0.9859363735766059,0.14804719991116141,0.014063626423394072,0.9999898700126424,0.03732688948593844,0.8519528000888387,0.8519528000888387,0.6791786926816161
0.9999986290421394,0.9999546021475793,0.005220125635523486,0.9959298622161507,0.004070137783849419,0.9999417087274893,0.9933071487351834,0.9959298622161507,0.00857748525531428,0.9988304896995872,0.9959298622161507,0.010986941578116867,0.9947798743644766,0.997527377056997,0.9980732657060567,0.9999832985701905,0.01798621187025419,0.0011695103004128338,0.9999646437450657,0.9999417087274893,0.0031726830692822717
0.9859363735766059,0.9990889486412498,0.9994472214475559,0.1824255149165352,0.9968273169307178,0.997527377056997,0.9959298622161507,0.00857748525531428,0.9984988180062319,0.9988304896995872,0.9859363735766059,0.005220125635523486,0.99966464996832,0.01798621187025419,0.004070137783849419,0.005220125635523486,0.9959298622161507,0.9933071487351834,0.9968273169307178,0.9990889486412498,0.01798621187025419
0.9999646437450657,0.0293122327122782,0.047425873514159125,0.047425873514159125,0.22270013882530884,0.03732688948593844,0.9997388096898188,0.9947798743644766,0.9933071487351834,0.9046505376715775,0.03732688948593844,0.9890130584218833,0.9890130584218833,0.9890130584218833,0.9998766053808288,0.07585817323116975,0.0293122327122782,0.03732688948593844,0.0031726830692822717,0.0293122327122782,0.010986941578116867
0.03732688948593844,0.9947798743644766,0.9933071487351834,0.9626731105140616,0.9399133496156019,0.0002611903101813263,0.9914225147446858,0.9947798743644766,0.00012339461917113592,0.9859363735766059,0.9706877672877217,5.8291272510566984e-05,0.9706877672877217,0.9959298622161507,0.9820137881297458,1.6701429809483402e-05,0.6791786926816161,7.484626298776402e-05,1.760343003490802e-06,0.9706877672877217,0.9046505376715775
0.00015843623599953396,0.9046505376715775,4.5397852420729034e-05,0.9241418267688302,1.3709578605790399e-06,1.067702997323512e-06,8.315279285380714e-07,0.7310585786300049,4.785094494835719e-06,7.889264466933239e-06,0.9968273169307178,0.997527377056997,0.9890130584218833,0.7772998611746911,5.043476486929152e-07,3.059023363247549e-07,2.3823696679343503e-07,0.9859363735766059,2.3823696679343503e-07,0.9859363735766059,0.9947798743644766
0.9959298622161507,6.144177531850823e-06,0.9890130584218833,0.9525741264858409,0.9914225147446858,6.144177531850823e-06,3.7266388399128017e-06,3.535625493426631e-05,0.9914225147446858,5.043476486929152e-07,0.9706877672877217,1.3007123813725571e-05,0.9968273169307178,3.059023363247549e-07,0.9706877672877217,0.9933071487351834,0.9933071487351834,3.9278634073828347e-07,0.9706877672877217,2.9023119851992182e-06,2.1444958641491428e-05
0.9984988180062319,0.002472622943003016,0.9988304896995872,0.0015011819937681247,0.0031726830692822717,0.9980732657060567,0.9994472214475559,0.0011695103004128338,0.9994472214475559,0.1824255149165352,0.3208213073183839,0.9525741264858409,0.005220125635523486,0.7772998611746911,0.03732688948593844,0.9984988180062319,0.9988304896995872,0.37754066879814546,0.9997388096898188,0.99966464996832,0.2689414213699951
0.997527377056997,4.785094494835719e-06,4.785094494835719e-06,0.6224593312018546,0.9859363735766059,0.9859363735766059,0.9706877672877217,0.9770226275810572,0.0293122327122782,1.0129987357628251e-05,3.7266388399128017e-06,0.4378234991142018,0.00020342704657999323,1.0129987357628251e-05,0.9770226275810572,9.610239214580367e-05,0.0293122327122782,3.059023363247549e-07,0.5,0.9820137881297458,7.484626298776402e-05
0.6224593312018546,0.9990889486412498,0.005220125635523486,0.14804719991116141,0.002472622943003016,0.09534946232842245,0.997527377056997,0.9914225147446858,0.9820137881297458,0.9820137881297458,0.001926734293943221,0.9706877672877217,0.0015011819937681247,0.9995694429072771,0.9984988180062319,0.6224593312018546,0.00012339461917113592,0.0003353500316799018,0.997527377056997,0.00043055709272278825,0.9988304896995872
0.9999992661791944,0.9999785550413585,0.0015011819937681247,0.7310585786300049,0.9859363735766059,0.9999417087274893,0.6224593312018546,0.9914225147446858,0.0003353500316799018,0.0009110513587503459,5.8291272510566984e-05,0.14804719991116141,0.9859363735766059,0.9999832985701905,0.5621765008857981,0.001926734293943221,0.0005527785524441057,0.9933071487351834,0.00015843623599953396,0.0009110513587503459,0.9999546021475793
0.9999038976078543,0.9990889486412498,0.9990889486412498,0.1824255149165352,0.999290329695098,0.9968273169307178,0.1824255149165352,0.9968273169307178,0.3208213073183839,0.6224593312018546,0.22270013882530884,0.9994472214475559,0.37754066879814546,0.9984988180062319,0.9984988180062319,0.997527377056997,0.5621765008857981,0.14804719991116141,0.6224593312018546,0.8175744850834648,0.07585817323116975
0.9999546021475793,0.0293122327122782,0.06008665038439803,0.06008665038439803,0.01798621187025419,0.9984988180062319,0.02297737241894287,0.03732688948593844,0.010986941578116867,0.9980732657060567,0.004070137783849419,0.22270013882530884,0.03732688948593844,0.9988304896995872,0.010986941578116867,0.9706877672877217,0.9968273169307178,0.006692851264816553,0.9980732657060567,0.9820137881297458,0.002472622943003016
0.9998601779757171,5.8291272510566984e-05,0.9820137881297458,2.1444958641491428e-05,0.9984988180062319,0.0002611903101813263,0.9988304896995872,2.1444958641491428e-05,8.315279285380714e-07,0.9995694429072771,1.0129987357628251e-05,0.9820137881297458,0.9859363735766059,2.9023119851992182e-06,0.9914225147446858,0.9933071487351834,6.475945666070602e-07,0.9947798743644766,2.9023119851992182e-06,3.9278634073828347e-07,0.9914225147446858
0.8519528000888387,0.997527377056997,0.9706877672877217,0.02297737241894287,0.0293122327122782,0.8807970826714614,0.997527377056997,0.9968273169307178,0.01798621187025419,0.004070137783849419,0.9999038976078543,0.5,0.9959298622161507,0.005220125635523486,0.8519528000888387,0.7772998611746911,0.9998415637640005,0.014063626423394072,0.9947798743644766,0.5621765008857981,0.00857748525531428
0.9997388096898188,0.22270013882530884,0.9933071487351834,0.5,0.9859363735766059,0.37754066879814546,1.3007123813725571e-05,0.9933071487351834,7.889264466933239e-06,3.7266388399128017e-06,0.2689414213699951,0.9990889486412498,0.22270013882530884,1.760343003490802e-06,2.9023119851992182e-06,0.9770226275810572,0.997527377056997,0.06008665038439803,0.9980732657060567,0.997527377056997,0.9980732657060567
0.9525741264858409,1.0129987357628251e-05,0.9933071487351834,0.9820137881297458,0.9770226275810572,0.8519528000888387,0.00043055709272278825,0.9859363735766059,0.6224593312018546,0.00012339461917113592,0.9241418267688302,0.8807970826714614,0.9959298622161507,0.9959298622161507,0.9859363735766059,0.5621765008857981,0.9820137881297458,3.535625493426631e-05,3.535625493426631e-05,0.9859363735766059,2.2603251062511995e-06
2.7535687821746045e-05,0.9890130584218833,0.3208213073183839,7.889264466933239e-06,6.475945666070602e-07,0.37754066879814546,6.475945666070602e-07,0.997527377056997,1.3709578605790399e-06,0.6224593312018546,4.785094494835719e-06,8.315279285380714e-07,0.9980732657060567,0.047425873514159125,0.03732688948593844,1.067702997323512e-06,0.9980732657060567,1.760343003490802e-06,0.997527377056997,0.9959298622161507,1.067702997323512e-06
0.7772998611746911,0.9914225147446858,0.999290329695098,0.07585817323116975,0.9995694429072771,0.9914225147446858,0.9980732657060567,0.9984988180062319,0.9947798743644766,0.999290329695098,0.9914225147446858,0.999290329695098,0.9990889486412498,0.9859363735766059,0.9988304896995872,0.9990889486412498,0.9947798743644766,0.00020342704657999323,0.37754066879814546,0.0009110513587503459,0.9770226275810572
0.1824255149165352,0.001926734293943221,0.0007096703049020563,0.5621765008857981,0.9980732657060567,9.610239214580367e-05,0.9994472214475559,0.9994472214475559,0.9994472214475559,0.9999038976078543,0.9998766053808288,0.9998415637640005,0.0002611903101813263,0.1824255149165352,0.9990889486412498,0.9994472214475559,0.0003353500316799018,0.9995694429072771,9.610239214580367e-05,0.11920291732853862,0.9990889486412498
0.0293122327122782,0.99966464996832,0.09534946232842245,0.9914225147446858,0.8519528000888387,0.8519528000888387,0.9770226275810572,0.8175744850834648,0.7310585786300049,0.8175744850834648,0.11920291732853862,0.9999038976078543,0.9999038976078543,0.014063626423394072,0.999290329695098,0.3208213073183839,0.22270013882530884,0.7310585786300049,0.9994472214475559,0.0031726830692822717,0.004070137783849419
0.9994472214475559,0.9980732657060567,0.99966464996832,0.9997965729534201,0.997527377056997,0.9998766053808288,0.03732688948593844,0.9990889486412498,0.6791786926816161,0.9046505376715775,0.07585817323116975,0.11920291732853862,0.37754066879814546,0.047425873514159125,0.4378234991142018,0.9980732657060567,0.00857748525531428,0.99966464996832,0.99966464996832,0.1824255149165352,0.0011695103004128338
2.2603251062511995e-06,0.9933071487351834,7.889264466933239e-06,1.3007123813725571e-05,1.6701429809483402e-05,6.144177531850823e-06,2.1444958641491428e-05,1.067702997323512e-06,0.9959298622161507,0.9046505376715775,0.4378234991142018,0.9988304896995872,1.3709578605790399e-06,0.8519528000888387,8.315279285380714e-07,1.760343003490802e-06,3.9278634073828347e-07,0.9947798743644766,3.9278634073828347e-07,0.3208213073183839,1.6701429809483402e-05
0.8175744850834648,0.9820137881297458,0.9914225147446858,0.9947798743644766,0.014063626423394072,0.9626731105140616,0.9241418267688302,0.01798621187025419,0.06008665038439803,0.09534946232842245,0.9947798743644766,0.997527377056997,0.9914225147446858,0.9980732657060567,0.047425873514159125,0.9525741264858409,0.02297737241894287,0.9968273169307178,0.8519528000888387,0.9241418267688302,0.004070137783849419
0.9988304896995872,0.9820137881297458,0.0011695103004128338,0.9947798743644766,0.9914225147446858,0.9947798743644766,0.00012339461917113592,0.9933071487351834,0.0007096703049020563,0.0031726830692822717,0.8175744850834648,0.002472622943003016,0.9933071487351834,0.9947798743644766,0.9947798743644766,9.610239214580367e-05,0.9859363735766059,4.5397852420729034e-05,0.9770226275810572,9.610239214580367e-05,0.9820137881297458
0.002472622943003016,0.9820137881297458,0.9626731105140616,0.9914225147446858,0.0007096703049020563,0.9626731105140616,0.8519528000888387,0.00012339461917113592,0.9914225147446858,0.9980732657060567,5.8291272510566984e-05,0.9959298622161507,4.5397852420729034e-05,0.9959298622161507,0.6791786926816161,0.9968273169307178,0.9914225147446858,0.9914225147446858,4.785094494835719e-06,0.00012339461917113592,0.9933071487351834
0.0003353500316799018,0.9820137881297458,0.9770226275810572,2.7535687821746045e-05,0.9706877672877217,3.535625493426631e-05,0.8175744850834648,0.8519528000888387,0.001926734293943221,0.8807970826714614,0.9947798743644766,0.6224593312018546,0.9959298622161507,0.0015011819937681247,0.9914225147446858,5.8291272510566984e-05,0.9890130584218833,0.5,1.0129987357628251e-05,0.9959298622161507,0.9914225147446858
0.9997965729534201,0.09534946232842245,0.01798621187025419,0.01798621187025419,0.0293122327122782,0.9988304896995872,0.9820137881297458,0.00857748525531428,0.014063626423394072,0.9990889486412498,0.03732688948593844,0.9933071487351834,0.9914225147446858,0.014063626423394072,0.02297737241894287,0.005220125635523486,0.9525741264858409,0.005220125635523486,0.8519528000888387,0.8175744850834648,0.010986941578116867
0.00857748525531428,0.014063626423394072,0.9933071487351834,0.9046505376715775,0.9241418267688302,0.0002611903101813263,0.00012339461917113592,0.006692851264816553,7.484626298776402e-05,0.9626731105140616,3.535625493426631e-05,0.9241418267688302,0.9959298622161507,0.9770226275810572,0.9959298622161507,0.9933071487351834,0.7772998611746911,0.005220125635523486,0.9820137881297458,0.9626731105140616,0.0015011819937681247
0.8519528000888387,4.5397852420729034e-05,0.9914225147446858,0.5,9.610239214580367e-05,5.8291272510566984e-05,7.889264466933239e-06,0.9980732657060567,0.8519528000888387,0.0002611903101813263,7.889264466933239e-06,0.7772998611746911,7.484626298776402e-05,2.9023119851992182e-06,0.22270013882530884,6.144177531850823e-06,2.2603251062511995e-06,4.785094494835719e-06,0.7310585786300049,0.8807970826714614,0.9988304896995872
0.9525741264858409,0.9914225147446858,0.9984988180062319,0.5,0.9890130584218833,0.9706877672877217,0.14804719991116141,0.9914225147446858,0.2689414213699951,0.14804719991116141,0.9890130584218833,0.9046505376715775,0.8175744850834648,0.9999646437450657,0.9999546021475793,0.14804719991116141,0.6224593312018546,0.9859363735766059,0.9770226275810572,0.5,0.09534946232842245
0.00020342704657999323,0.6224593312018546,0.0002611903101813263,0.9982992778231794,0.9706877672877217,0.99937366589013,7.484626298776402e-05,0.9859363735766059,0.00043055709272278825,0.9525741264858409,0.0003353500316799018,0.9914225147446858,0.6224593312018546,0.8175744850834648,0.9770226275810572,0.9859363735766059,8.315279285380714e-07,2.6995784182201246e-07,0.9859363735766059,3.059023363247549e-07,0.9820137881297458
0.9999251537370122,0.9994472214475559,0.9706877672877217,0.9820137881297458,0.09534946232842245,0.01798621187025419,0.06008665038439803,0.9525741264858409,0.09534946232842245,0.22270013882530884,0.9706877672877217,0.9399133496156019,0.9046505376715775,0.9997965729534201,0.9999038976078543,0.6791786926816161,0.01798621187025419,0.02297737241894287,0.047425873514159125,0.8175744850834648,0.02297737241894287
1.0129987357628251e-05,0.9933071487351834,0.0005527785524441057,0.00043055709272278825,0.9399133496156019,0.14804719991116141,9.610239214580367e-05,0.9626731105140616,4.5397852420729034e-05,0.22270013882530884,2.2603251062511995e-06,4.5397852420729034e-05,4.785094494835719e-06,2.7535687821746045e-05,0.9947798743644766,0.8519528000888387,0.8519528000888387,3.535625493426631e-05,1.3007123813725571e-05,0.9959298622161507,0.010986941578116867
0.9999970976880148,0.9947798743644766,0.047425873514159125,0.01798621187025419,0.9999038976078543,0.9914225147446858,0.004070137783849419,0.9947798743644766,0.9999339478395424,0.0293122327122782,0.9999417087274893,0.11920291732853862,0.9914225147446858,0.9999785550413585,0.9626731105140616,0.9770226275810572,0.02297737241894287,0.9999832985701905,0.9046505376715775,0.9999832985701905,0.9999832985701905
1.6701429809483402e-05,1.6701429809483402e-05,2.2603251062511995e-06,0.9525741264858409,0.7772998611746911,0.7772998611746911,1.067702997323512e-06,9.422445939067077e-07,0.1824255149165352,0.9968273169307178,1.0129987357628251e-05,0.9399133496156019,0.7772998611746911,4.1399375473943306e-08,8.315279285380714e-07,0.9914225147446858,0.8807970826714614,0.9859363735766059,1.2751905808907768e-07,2.9023119851992182e-06,0.9933071487351834
0.5,0.9933071487351834,0.9770226275810572,0.010986941578116867,0.01798621187025419,0.9399133496156019,0.02297737241894287,0.00857748525531428,0.9820137881297458,0.014063626423394072,0.014063626423394072,0.005220125635523486,0.005220125635523486,0.014063626423394072,0.010986941578116867,0.9997388096898188,0.9525741264858409,0.9994472214475559,0.0011695103004128338,0.0007096703049020563,0.9990889486412498
0.9994472214475559,0.9914225147446858,0.9984988180062319,0.999290329695098,0.99966464996832,0.3208213073183839,0.9990889486412498,0.99966464996832,0.99966464996832,0.9820137881297458,0.006692851264816553,0.22270013882530884,0.9997965729534201,0.8807970826714614,0.999290329695098,0.8175744850834648,0.14804719991116141,0.9994472214475559,0.9990889486412498,0.9997388096898188,0.999290329695098
5.8291272510566984e-05,0.37754066879814546,0.9959298622161507,0.9947798743644766,0.9984988180062319,0.5621765008857981,0.9046505376715775,0.9525741264858409,1.0129987357628251e-05,0.9770226275810572,0.9706877672877217,0.9997388096898188,0.5,0.999290329695098,0.6791786926816161,0.00015843623599953396,1.3709578605790399e-06,0.999290329695098,6.475945666070602e-07,0.3208213073183839,0.00012339461917113592
0.8175744850834648,2.1444958641491428e-05,0.9770226275810572,0.9859363735766059,0.9626731105140616,2.7535687821746045e-05,0.9706877672877217,0.9399133496156019,1.0129987357628251e-05,5.8291272510566984e-05,0.22270013882530884,0.9890130584218833,4.785094494835719e-06,0.11920291732853862,0.9525741264858409,0.047425873514159125,0.014063626423394072,0.9706877672877217,1.6701429809483402e-05,0.9820137881297458,0.0293122327122782
0.9525741264858409,0.0003353500316799018,0.9890130584218833,0.9859363735766059,0.9770226275810572,9.610239214580367e-05,0.6791786926816161,0.9968273169307178,0.5,5.8291272510566984e-05,0.9990889486412498,0.9241418267688302,0.9626731105140616,0.9984988180062319,0.7310585786300049,0.9820137881297458,1.760343003490802e-06,5.8291272510566984e-05,0.9947798743644766,1.0129987357628251e-05,0.4378234991142018
0.9988304896995872,0.00043055709272278825,0.0002611903101813263,0.0009110513587503459,0.0003353500316799018,0.9241418267688302,0.9626731105140616,0.9525741264858409,0.9046505376715775,0.9859363735766059,0.9706877672877217,0.004070137783849419,0.9626731105140616,0.9626731105140616,0.9706877672877217,0.9525741264858409,0.9890130584218833,0.9241418267688302,0.9399133496156019,0.9770226275810572,0.9933071487351834
0.9525741264858409,0.9890130584218833,0.014063626423394072,0.9914225147446858,0.001926734293943221,0.9947798743644766,0.9997965729534201,0.9997965729534201,0.001926734293943221,0.9999038976078543,0.006692851264816553,0.9997965729534201,0.0003353500316799018,0.002472622943003016,0.001926734293943221,0.005220125635523486,0.0007096703049020563,0.9959298622161507,0.9968273169307178,0.997527377056997,0.9959298622161507
0.0031726830692822717,0.9999038976078543,0.047425873514159125,0.2689414213699951,0.9933071487351834,0.9995694429072771,0.3208213073183839,0.37754066879814546,0.3208213073183839,0.11920291732853862,0.03732688948593844,0.9997965729534201,0.9994472214475559,0.9706877672877217,0.2689414213699951,0.9241418267688302,0.99966464996832,0.9525741264858409,0.9997965729534201,0.9399133496156019,0.2689414213699951
0.010986941578116867,0.9820137881297458,0.6791786926816161,0.006692851264816553,0.8175744850834648,0.005220125635523486,0.9241418267688302,0.5621765008857981,0.6791786926816161,0.005220125635523486,0.6791786926816161,0.5621765008857981,0.9626731105140616,2.9023119851992182e-06,3.7266388399128017e-06,0.002472622943003016,1.067702997323512e-06,5.043476486929152e-07,0.014063626423394072,0.03732688948593844,0.0011695103004128338
0.997527377056997,0.9820137881297458,0.002472622943003016,5.8291272510566984e-05,0.9399133496156019,0.9706877672877217,2.1444958641491428e-05,0.8519528000888387,0.0011695103004128338,0.9859363735766059,0.0009110513587503459,3.535625493426631e-05,0.5,1.3007123813725571e-05,0.00015843623599953396,0.1824255149165352,2.9023119851992182e-06,0.5621765008857981,0.07585817323116975,0.4378234991142018,0.00015843623599953396
0.9890130584218833,0.9968273169307178,2.1444958641491428e-05,0.9241418267688302,5.8291272510566984e-05,0.9914225147446858,0.9988304896995872,1.0129987357628251e-05,2.9023119851992182e-06,4.785094494835719e-06,2.2603251062511995e-06,7.484626298776402e-05,1.3709578605790399e-06,2.1444958641491428e-05,0.99966464996832,6.475945666070602e-07,3.9278634073828347e-07,0.14804719991116141,2.2603251062511995e-06,0.6224593312018546,4.785094494835719e-06
4.785094494835719e-06,2.1444958641491428e-05,1.6701429809483402e-05,0.4378234991142018,0.37754066879814546,0.9933071487351834,0.9626731105140616,0.09534946232842245,0.9890130584218833,2.9023119851992182e-06,0.9947798743644766,3.7266388399128017e-06,0.03732688948593844,2.9023119851992182e-06,0.07585817323116975,0.9399133496156019,0.01798621187025419,0.9914225147446858,6.475945666070602e-07,0.9525741264858409,0.9525741264858409
0.9706877672877217,0.00020342704657999323,0.8175744850834648,0.9914225147446858,0.9933071487351834,0.9399133496156019,0.0007096703049020563,5.8291272510566984e-05,0.00020342704657999323,9.610239214580367e-05,0.9770226275810572,0.9990889486412498,0.9399133496156019,0.9990889486412498,0.9980732657060567,0.6791786926816161,0.9988304896995872,0.999290329695098,4.5397852420729034e-05,0.7772998611746911,1.760343003490802e-06
0.9999974387187054,0.5621765008857981,0.99966464996832,0.9990889486412498,0.9994472214475559,0.9994472214475559,0.0031726830692822717,0.5,0.6224593312018546,0.9984988180062319,0.6224593312018546,0.1824255149165352,0.9997388096898188,0.9999038976078543,0.9997965729534201,0.047425873514159125,0.9994472214475559,0.047425873514159125,0.22270013882530884,0.9947798743644766,0.9997388096898188
0.9999038976078543,0.9525741264858409,0.9990889486412498,0.9988304896995872,0.9525741264858409,0.14804719991116141,0.0003353500316799018,0.9990889486412498,0.9990889486412498,0.9046505376715775,0.0031726830692822717,0.99966464996832,0.00857748525531428,0.9990889486412498,0.9990889486412498,0.00857748525531428,0.0002611903101813263,0.07585817323116975,0.9997965729534201,0.01798621187025419,0.9990889486412498
0.00012339461917113592,0.0003353500316799018,0.00020342704657999323,0.9706877672877217,7.889264466933239e-06,0.0005527785524441057,3.7266388399128017e-06,2.9023119851992182e-06,0.9046505376715775,0.9959298622161507,0.997527377056997,0.8175744850834648,0.9241418267688302,0.22270013882530884,0.9968273169307178,0.2689414213699951,0.06008665038439803,0.00012339461917113592,5.8291272510566984e-05,0.9241418267688302,0.9933071487351834
0.9820137881297458,0.9999687980960601,0.9988304896995872,0.9947798743644766,0.9999038976078543,0.06008665038439803,0.9998415637640005,0.9998766053808288,0.0293122327122782,0.9994472214475559,0.9995694429072771,0.9995694429072771,0.01798621187025419,0.00015843623599953396,0.0015011819937681247,0.0003353500316799018,0.00012339461917113592,0.9999417087274893,0.00020342704657999323,0.07585817323116975,0.9999251537370122
0.9999251537370122,0.37754066879814546,0.8807970826714614,0.5621765008857981,0.37754066879814546,0.00012339461917113592,7.484626298776402e-05,0.14804719991116141,0.9959298622161507,0.09534946232842245,0.9933071487351834,0.2689414213699951,0.3208213073183839,0.4378234991142018,0.4378234991142018,0.00012339461917113592,0.9959298622161507,0.06008665038439803,0.9984988180062319,0.010986941578116867,0.06008665038439803
0.9999251537370122,0.00015843623599953396,0.9770226275810572,0.9241418267688302,0.9859363735766059,4.785094494835719e-06,0.9890130584218833,7.484626298776402e-05,0.00015843623599953396,0.0003353500316799018,0.6791786926816161,4.5397852420729034e-05,2.7535687821746045e-05,0.9820137881297458,0.9959298622161507,4.5397852420729034e-05,1.3709578605790399e-06,6.475945666070602e-07,0.9770226275810572,0.11920291732853862,5.715002426492935e-07
0.9820137881297458,0.9959298622161507,1.0129987357628251e-05,0.9890130584218833,0.997527377056997,0.9914225147446858,0.997527377056997,0.7772998611746911,2.9023119851992182e-06,0.9990889486412498,0.9947798743644766,0.9959298622161507,0.7772998611746911,1.3709578605790399e-06,8.315279285380714e-07,2.3823696679343503e-07,0.9968273169307178,0.1824255149165352,0.9890130584218833,0.9706877672877217,0.997527377056997
0.0007096703049020563,0.9046505376715775,0.00015843623599953396,0.9859363735766059,7.484626298776402e-05,0.9525741264858409,9.610239214580367e-05,7.484626298776402e-05,3.535625493426631e-05,4.5397852420729034e-05,3.535625493426631e-05,0.997527377056997,6.144177531850823e-06,0.047425873514159125,0.07585817323116975,3.7266388399128017e-06,0.01798621187025419,0.9626731105140616,2.7535687821746045e-05,3.7266388399128017e-06,4.5397852420729034e-05
0.001926734293943221,0.9959298622161507,0.9984988180062319,0.9820137881297458,0.9890130584218833,0.9968273169307178,0.9525741264858409,0.0007096703049020563,0.9959298622161507,0.997527377056997,0.9706877672877217,0.9988304896995872,0.9990889486412498,0.005220125635523486,0.010986941578116867,0.999290329695098,0.01798621187025419,0.06008665038439803,0.9984988180062319,0.00857748525531428,0.8519528000888387
3.535625493426631e-05,0.7772998611746911,0.8519528000888387,0.9820137881297458,0.004070137783849419,0.9890130584218833,0.0002611903101813263,0.0015011819937681247,0.001926734293943221,0.0002611903101813263,0.0015011819937681247,0.2689414213699951,0.1824255149165352,0.37754066879814546,0.9968273169307178,3.7266388399128017e-06,0.9770226275810572,0.5,0.1824255149165352,0.002472622943003016,3.9278634073828347e-07
0.9999974387187054,0.9933071487351834,0.9525741264858409,0.22270013882530884,0.3208213073183839,0.2689414213699951,0.4378234991142018,0.37754066879814546,0.1824255149165352,0.9859363735766059,0.5,0.6791786926816161,0.9999930377420901,0.9820137881297458,0.9959298622161507,0.14804719991116141,0.9947798743644766,0.9525741264858409,0.0293122327122782,0.0031726830692822717,0.047425873514159125
0.9994472214475559,0.9998766053808288,0.9984988180062319,0.11920291732853862,0.4378234991142018,0.9968273169307178,0.9999251537370122,0.9980732657060567,0.07585817323116975,0.9998766053808288,0.9820137881297458,0.00857748525531428,0.997527377056997,0.9999832985701905,0.997527377056997,0.09534946232842245,0.9999251537370122,0.001926734293943221,0.9999038976078543,0.014063626423394072,0.0031726830692822717
0.001926734293943221,1.0129987357628251e-05,0.6791786926816161,0.0009110513587503459,0.9241418267688302,0.9399133496156019,0.7310585786300049,7.484626298776402e-05,0.9046505376715775,0.6791786926816161,0.0007096703049020563,2.7535687821746045e-05,0.9626731105140616,4.5397852420729034e-05,0.0007096703049020563,0.9706877672877217,0.9399133496156019,0.6224593312018546,0.0003353500316799018,6.144177531850823e-06,3.7266388399128017e-06
0.9999785550413585,0.001926734293943221,0.0002611903101813263,0.1824255149165352,0.9241418267688302,5.8291272510566984e-05,0.6791786926816161,0.9994472214475559,0.0007096703049020563,0.8807970826714614,4.5397852420729034e-05,0.8519528000888387,0.06008665038439803,0.09534946232842245,0.7310585786300049,7.484626298776402e-05,0.00857748525531428,0.999290329695098,0.02297737241894287,0.6791786926816161,0.0293122327122782
0.9999546021475793,0.9998415637640005,0.047425873514159125,0.9859363735766059,0.9859363735766059,0.0003353500316799018,0.14804719991116141,0.9995694429072771,0.9770226275810572,0.999290329695098,0.004070137783849419,0.9997388096898188,0.06008665038439803,0.0007096703049020563,0.9994472214475559,0.001926734293943221,0.11920291732853862,0.9241418267688302,0.999290329695098,0.9998415637640005,0.00020342704657999323
0.9706877672877217,0.9984988180062319,0.0293122327122782,0.03732688948593844,0.9968273169307178,0.02297737241894287,0.00857748525531428,0.9890130584218833,0.999290329695098,0.9990889486412498,0.9770226275810572,0.004070137783849419,0.9399133496156019,0.9999546021475793,0.014063626423394072,0.9988304896995872,0.9999417087274893,0.004070137783849419,0.0031726830692822717,0.9399133496156019,0.8807970826714614
0.999290329695098,0.9706877672877217,0.9770226275810572,0.010986941578116867,0.9770226275810572,0.8175744850834648,0.9947798743644766,0.9820137881297458,0.7310585786300049,0.9959298622161507,0.8175744850834648,0.9968273169307178,0.6791786926816161,0.6224593312018546,0.9933071487351834,0.9914225147446858,0.9933071487351834,0.7772998611746911,0.7310585786300049,0.5621765008857981,5.8291272510566984e-05
0.6791786926816161,0.99966464996832,0.9997388096898188,0.00857748525531428,0.004070137783849419,0.9999417087274893,0.9968273169307178,0.01798621187025419,0.004070137783849419,0.00857748525531428,0.9997965729534201,0.99966464996832,0.9984988180062319,0.00857748525531428,0.9994472214475559,0.005220125635523486,0.006692851264816553,0.9988304896995872,0.0003353500316799018,0.999290329695098,0.9933071487351834
0.9984988180062319,0.6224593312018546,0.8807970826714614,6.144177531850823e-06,0.001926734293943221,1.0129987357628251e-05,0.9890130584218833,0.00015843623599953396,0.7772998611746911,0.0002611903101813263,0.9820137881297458,0.6791786926816161,0.6791786926816161,0.9770226275810572,5.8291272510566984e-05,0.9399133496156019,0.0293122327122782,0.6224593312018546,3.535625493426631e-05,0.8175744850834648,5.8291272510566984e-05
0.9990889486412498,0.9706877672877217,0.1824255149165352,0.9770226275810572,9.610239214580367e-05,0.9770226275810572,0.9706877672877217,7.889264466933239e-06,2.1444958641491428e-05,1.3007123813725571e-05,0.06008665038439803,1.0129987357628251e-05,0.047425873514159125,5.043476486929152e-07,4.785094494835719e-06,0.9626731105140616,0.01798621187025419,0.9914225147446858,0.9626731105140616,0.9947798743644766,2.1444958641491428e-05
0.9241418267688302,0.37754066879814546,0.9914225147446858,0.6791786926816161,0.6224593312018546,0.9947798743644766,0.9947798743644766,0.9990889486412498,0.0293122327122782,0.9046505376715775,0.9999990577554061,0.07585817323116975,0.9046505376715775,0.9770226275810572,0.997527377056997,0.09534946232842245,0.9999987901340281,0.9999945777829692,0.9241418267688302,0.8807970826714614,0.9999957771650452
0.00043055709272278825,0.9914225147446858,0.7772998611746911,0.00020342704657999323,0.8519528000888387,0.0015011819937681247,0.9947798743644766,0.7310585786300049,4.785094494835719e-06,0.7310585786300049,1.0129987357628251e-05,0.9968273169307178,0.9968273169307178,0.00043055709272278825,0.37754066879814546,0.9890130584218833,0.00020342704657999323,0.02297737241894287,0.00012339461917113592,8.315279285380714e-07,1.067702997323512e-06
0.9988304896995872,0.9890130584218833,1.3007123813725571e-05,0.37754066879814546,0.3208213073183839,0.9770226275810572,0.9525741264858409,0.9859363735766059,0.9820137881297458,2.2603251062511995e-06,1.3709578605790399e-06,0.11920291732853862,0.09534946232842245,0.9770226275810572,0.9947798743644766,1.067702997323512e-06,0.9241418267688302,2.2603251062511995e-06,0.01798621187025419,0.01798621187025419,1.760343003490802e-06
0.9999885212318738,0.5,0.9820137881297458,0.9399133496156019,0.9770226275810572,0.11920291732853862,0.9706877672877217,0.8807970826714614,0.9988304896995872,0.9046505376715775,0.01798621187025419,0.9770226275810572,0.999290329695098,0.9984988180062319,0.8175744850834648,0.9706877672877217,0.999290329695098,0.9820137881297458,0.9988304896995872,0.010986941578116867,0.999290329695098
4.5397852420729034e-05,0.8519528000888387,0.997527377056997,4.5397852420729034e-05,0.9820137881297458,0.9980732657060567,0.9933071487351834,0.9959298622161507,7.889264466933239e-06,0.9959298622161507,2.9023119851992182e-06,0.9984988180062319,0.9959298622161507,1.760343003490802e-06,0.9984988180062319,0.6224593312018546,1.3709578605790399e-06,0.9933071487351834,0.9947798743644766,8.315279285380714e-07,1.760343003490802e-06
0.99999627336116,0.14804719991116141,0.9990889486412498,0.0293122327122782,0.047425873514159125,0.9999038976078543,0.9998766053808288,0.999290329695098,0.03732688948593844,0.9998415637640005,0.0031726830692822717,0.8807970826714614,0.03732688948593844,0.9626731105140616,0.9525741264858409,0.07585817323116975,0.0293122327122782,0.00857748525531428,0.5621765008857981,0.9984988180062319,0.9997965729534201
0.9933071487351834,0.9994472214475559,0.9995694429072771,0.999290329695098,0.9994472214475559,0.9997965729534201,0.9995694429072771,0.9990889486412498,0.997527377056997,0.9995694429072771,0.9997965729534201,0.9998415637640005,0.9997388096898188,0.9998415637640005,0.9995694429072771,0.09534946232842245,0.0015011819937681247,0.22270013882530884,0.9988304896995872,0.0015011819937681247,0.9994472214475559
0.9999938558224682,0.997527377056997,0.9998766053808288,0.02297737241894287,0.9525741264858409,0.9947798743644766,0.9890130584218833,0.03732688948593844,0.00857748525531428,0.9890130584218833,0.07585817323116975,0.99966464996832,0.01798621187025419,0.8807970826714614,0.99966464996832,0.02297737241894287,0.7310585786300049,0.6224593312018546,0.03732688948593844,0.999290329695098,0.6224593312018546
0.00020342704657999323,2.9023119851992182e-06,4.785094494835719e-06,0.8519528000888387,4.785094494835719e-06,4.785094494835719e-06,0.999290329695098,3.059023363247549e-07,0.3208213073183839,0.7310585786300049,8.315279285380714e-07,0.3208213073183839,5.043476486929152e-07,0.9399133496156019,0.999290329695098,0.9988304896995872,0.03732688948593844,0.9525741264858409,0.9968273169307178,0.9399133496156019,0.9399133496156019
0.999998446502801,0.9988304896995872,0.9994472214475559,0.0007096703049020563,0.0007096703049020563,0.6791786926816161,0.00043055709272278825,0.999290329695098,0.9914225147446858,0.999290329695098,0.9890130584218833,0.9999038976078543,0.00043055709272278825,0.9947798743644766,0.00020342704657999323,0.8519528000888387,2.1444958641491428e-05,0.9933071487351834,4.5397852420729034e-05,0.06008665038439803,0.9947798743644766
0.14804719991116141,0.00043055709272278825,0.99966464996832,7.484626298776402e-05,0.0003353500316799018,0.00012339461917113592,0.8807970826714614,0.02297737241894287,0.047425873514159125,0.9859363735766059,0.9770226275810572,0.0002611903101813263,0.8807970826714614,9.610239214580367e-05,9.610239214580367e-05,0.7772998611746911,0.9999546021475793,0.02297737241894287,0.010986941578116867,0.00020342704657999323,5.8291272510566984e-05
0.9984988180062319,0.997527377056997,0.9980732657060567,0.047425873514159125,0.14804719991116141,4.5397852420729034e-05,4.5397852420729034e-05,0.9988304896995872,0.0005527785524441057,0.06008665038439803,0.9990889486412498,0.07585817323116975,0.9241418267688302,0.06008665038439803,0.0293122327122782,0.9990889486412498,0.9959298622161507,0.7772998611746911,0.9933071487351834,0.7772998611746911,0.8175744850834648
0.7310585786300049,0.9968273169307178,0.9995694429072771,0.0031726830692822717,0.9933071487351834,0.00857748525531428,0.9525741264858409,0.00857748525531428,0.9820137881297458,0.9770226275810572,0.9399133496156019,0.001926734293943221,0.9997965729534201,0.004070137783849419,0.8807970826714614,0.9959298622161507,0.01798621187025419,0.0005527785524441057,0.006692851264816553,0.99966464996832,0.99966464996832
0.9820137881297458,0.02297737241894287,0.014063626423394072,0.997527377056997,0.99966464996832,0.9997965729534201,0.006692851264816553,0.9980732657060567,0.047425873514159125,0.9959298622161507,0.9988304896995872,0.997527377056997,0.9997388096898188,0.0293122327122782,0.010986941578116867,0.999290329695098,0.02297737241894287,0.9984988180062319,0.9980732657060567,0.00857748525531428,0.9980732657060567
5.8291272510566984e-05,7.889264466933239e-06,0.0011695103004128338,0.9525741264858409,0.0011695103004128338,0.3208213073183839,1.6701429809483402e-05,0.09534946232842245,7.889264466933239e-06,0.2689414213699951,0.00015843623599953396,0.14804719991116141,0.7310585786300049,0.9914225147446858,1.6701429809483402e-05,0.5621765008857981,0.6791786926816161,0.8175744850834648,0.6791786926816161,1.6701429809483402e-05,0.9890130584218833
