0,1,2,3,4,5,6,7,8,9,10,11,12,13,14,15,16,17,18,19,20
0.8354835432479663,0.9241418205010699,0.8519527982093666,0.9149009567332238,0.9496693633071565,0.8807970795424088,0.9046505318875316,0.9284088025362857,0.932453310268176,0.9496693672244637,0.9324533036984185,0.9525741291785795,0.9362849986365571,0.9149009619539554,0.9579122767402743,0.9149009491921664,0.8933093996634686,0.9241418205010699,0.9149009491921664,0.9196425394367774,0.8807970764133561
0.8933094088947399,0.7981867729389246,0.7057850278370112,0.7549149978955811,0.798186775339273,0.7772998714925403,0.7981867825403177,0.7549149813536518,0.754914997895581,0.8354835391516133,0.7310585786300049,0.7549149813536518,0.7981867801399695,0.5926665999540698,0.679178699175393,0.6513548646660543,0.4378234991142019,0.6224593382055109,0.3775406687981454,0.5926665999540698,0.5926665999540698
0.9859363705677436,0.9626731162701728,0.9362849995254919,0.9284088040219143,0.9324533074525657,0.9324533107374444,0.9241418262465169,0.9399133542441908,0.8933094032139577,0.9284088015458666,0.899121373891026,0.9241418262465169,0.8740772433654401,0.8872045855155176,0.9196425262224018,0.9284087931273041,0.8872045847699186,0.8807970670261976,0.9046505293168444,0.8933094131553264,0.9046505383142494
0.9724147204712775,0.9241418225903234,0.9433475691174942,0.9399133441454511,0.9324533036984185,0.924141827813457,0.9046505318875316,0.9196425262224018,0.9324533060447606,0.9149009491921664,0.9241418189341297,0.8670357683915538,0.9149009468718409,0.8354835289107309,0.8519528019683106,0.7549149923816048,0.8670357460591569,0.7981867777396211,0.8354835452961425,0.8807970779778825,0.8175744739711883
0.919642532278991,0.8670357546485407,0.8354835411997897,0.8175744739711883,0.798186768138228,0.7981867753392728,0.8175744850834648,0.7310585727705126,0.7057850278370112,0.8519528076067262,0.7981867753392728,0.8175744761936437,0.7772998611746912,0.7549149923816048,0.7057850340255386,0.7772998663336158,0.6224593312018546,0.5926665999540698,0.7057850340255386,0.7310585669110202,0.6224593312018546
0.9770226293372993,0.9241418272911436,0.9433475764838399,0.9149009549929797,0.8670357649558007,0.9046505254608136,0.9196425344813869,0.8670357460591569,0.893309398243273,0.8933093968230773,0.9149009555730611,0.8807970889295664,0.880797071719777,0.8933094131553264,0.8354835371034368,0.8807970654616711,0.8519527963298946,0.8519528057272543,0.8354835350552603,0.8175744695262777,0.8519527944504227
0.9496693640193941,0.9324533140223229,0.9196425234694067,0.8933094159957173,0.8933093946927838,0.8740772466456689,0.8933093968230773,0.8807970732843033,0.8872045855155176,0.8670357580842941,0.8519528038477824,0.8670357563664174,0.8354835330070839,0.8872045884979137,0.9046505261034854,0.8354835350552604,0.8175744828610095,0.7549149868676283,0.8175744739711883,0.8807970795424088,0.6791787121629465
0.9944450747561165,0.9770226285428087,0.9724147192221723,0.9755769076381063,0.9626731141283642,0.9579122761395139,0.964855153093913,0.9553191306814225,0.9525741310298373,0.9553191265471074,0.9579122729855218,0.9399133483532595,0.9399133550857524,0.9465966658688457,0.9603611635934743,0.972414715924534,0.962673113860638,0.9579122689303887,0.9626731089077047,0.9525741280005064,0.9626731168056251
0.8670357546485407,0.9149009602137116,0.851952809486198,0.8354835330070838,0.8807970889295664,0.8670357494949105,0.8991213684847575,0.8933094046341532,0.904650527388829,0.8933093954028817,0.9149009625340367,0.8670357666736772,0.9099070072595894,0.8933094131553264,0.8670357512127872,0.8519528038477825,0.8354835371034368,0.8175744739711883,0.8519528000888387,0.8438951025545426,0.8596637451167997
0.9688561659806196,0.9465966702001758,0.9579122716338109,0.9433475810629194,0.9399133460389649,0.924141827813457,0.9099070133672955,0.9362850088593058,0.904650530602188,0.9284087980793997,0.9099069980980297,0.9362850021922959,0.9046505402422645,0.9099070054272775,0.9284087995650284,0.8872045952083047,0.8807970826714614,0.9362850039701653,0.9046505318875316,0.904650530602188,0.8519528038477824
0.9579122674284875,0.928408801050657,0.928408795603352,0.8991213786215105,0.914900957313305,0.9284088020410761,0.9284088020410761,0.8991213826762113,0.9324533022906133,0.9399133479324787,0.9149009474519222,0.9196425289753969,0.8354835371034368,0.9149009491921664,0.8933094174159127,0.8519528057272544,0.7549149923816048,0.7772998663336157,0.8175744673038221,0.8872046041554923,0.8175744739711883
0.9783846670797867,0.9553191303633982,0.952574122783325,0.9324533121452494,0.9284087965937711,0.9241418126663686,0.9324533126145178,0.8991213847035617,0.9284088055075428,0.9046505312448598,0.928408795603352,0.9149009602137116,0.9433475717056697,0.9046505254608136,0.9324533022906133,0.9496693622387998,0.9196425306271939,0.9046505351008906,0.9149009549929797,0.9196425317283919,0.9196425234694067
0.8991213867309121,0.8354835432479663,0.8354835411997897,0.8175744806385543,0.7772998663336158,0.7981867753392728,0.7662936377487304,0.8175744806385543,0.7057850402140659,0.817574471748733,0.7549149868676283,0.7549149813536516,0.7772998714925403,0.8519528038477824,0.7981867729389246,0.7981867681382279,0.6513548646660543,0.7310585727705127,0.6513548511303338,0.7772998714925403,0.7981867777396212
0.9669140242331868,0.9465966739665495,0.9362850039701653,0.9324533158993963,0.904650527388829,0.9241418199787564,0.867035763237924,0.8670357460591569,0.8519528076067262,0.9046505331728751,0.8354835411997897,0.8670357512127873,0.8354835452961425,0.7981867801399695,0.817574478416099,0.8519528038477824,0.8354835411997897,0.7772998560157665,0.8175744739711883,0.8670357580842941,0.731058584489497
0.9433475711083985,0.9196425267730008,0.8670357598021707,0.8872045877523147,0.9196425245706047,0.9241418173671895,0.9196425388861785,0.924141827813457,0.9324533144915912,0.9399133464597458,0.9196425361331838,0.9241418231126367,0.9241418246795768,0.8933094124452287,0.8807970701552505,0.8519527982093666,0.7981867753392728,0.8354835330070839,0.8519528000888387,0.8175744850834648,0.8175744828610094
0.9465966734015935,0.9241418121440552,0.9099069987088003,0.8354835309589074,0.8267118004748677,0.8991213874066956,0.8670357546485407,0.904650527388829,0.8519528038477824,0.8596637577007393,0.8670357512127872,0.8670357563664174,0.8354835371034368,0.8175744761936437,0.7981867705385762,0.8175744761936437,0.7549149923816048,0.8175744806385542,0.7310585669110203,0.7772998663336158,0.7772998663336158
0.9525741303566527,0.936285002192296,0.899121379297294,0.8933094032139577,0.8872045907347108,0.9149009486120849,0.8670357494949105,0.8933094081846422,0.8596637577007394,0.8740772466456689,0.8933094159957173,0.8807970748488297,0.9149009515124917,0.90990700787036,0.8670357512127872,0.8175744850834648,0.7549149813536518,0.7981867825403177,0.8354835371034368,0.7431680143008301,0.7772998560157665
0.9830850851536223,0.9496693629510377,0.9579122732859021,0.9196425234694067,0.9196425262224018,0.8991213772699435,0.9433475689184037,0.936285006192502,0.8933094081846421,0.9099070005411123,0.9149009549929797,0.8991213840277783,0.899121367808974,0.9099070005411124,0.9046505421702797,0.9324533079218341,0.904650536386234,0.924141819456443,0.8933093961129794,0.8933094088947399,0.8596637505099167
0.9669140180359898,0.9465966707651318,0.8740772351648677,0.9324533116759811,0.9046505453836383,0.9149009578933863,0.8807970779778824,0.8670357546485407,0.8670357632379241,0.8807970654616711,0.8354835350552604,0.7772998611746912,0.8354835432479663,0.7772998560157665,0.8670357494949105,0.8519528038477824,0.8175744828610096,0.8670357512127872,0.8175744828610095,0.9046505331728751,0.8354835371034368
0.8933094096048376,0.8670357546485407,0.8807970748488296,0.8175744739711883,0.843895106480586,0.8807970779778824,0.8519528076067262,0.8519527982093666,0.8596637523076225,0.8519528076067262,0.651354857898194,0.7772998663336158,0.731058584489497,0.6513548782017745,0.7981867825403177,0.6513548714339145,0.5926665999540698,0.5926665999540698,0.5312093733737563,0.6224593312018545,0.5312093733737563
0.9648551538518536,0.9241418131886822,0.9149009486120849,0.9399133540338004,0.9465966745315055,0.9284087931273041,0.9553191275011801,0.9362850088593059,0.9465966758497363,0.9496693709637113,0.9149009509324104,0.9196425377849806,0.9196425377849806,0.9399133561377043,0.9241418215456967,0.9324533116759811,0.8933094060543488,0.9241418272911436,0.9046505376715775,0.9284088064979618,0.8872045825331214
0.8670357598021707,0.8740772450055545,0.8354835391516132,0.8354835452961425,0.8670357580842941,0.8596637487122111,0.9046505402422645,0.8933094039240554,0.9284087946129328,0.9099070115349838,0.8354835371034368,0.8991213698363247,0.8519528038477825,0.8670357598021707,0.8519528019683105,0.8519527963298947,0.8670357563664174,0.8872046026642944,0.9099070005411124,0.8872045862611166,0.8596637487122111
0.9553191338616647,0.8991213698363246,0.8740772253241803,0.8354835411997897,0.8596637505099168,0.8175744828610095,0.7549149868676283,0.8596637559030338,0.7772998714925403,0.8519528057272543,0.7310585669110202,0.7549149868676283,0.6791787056691697,0.8175744739711883,0.6791786926816161,0.7057850216484838,0.6513548714339145,0.7057850216484838,0.7057850340255386,0.7057850340255385,0.679178692681616
0.974042644685976,0.9241418257242034,0.9284088015458666,0.9241418152779358,0.9099070023734243,0.9324533055754922,0.9099070133672954,0.8670357615200474,0.8933094046341533,0.8807970904940926,0.9324533013520765,0.8807970826714614,0.880797071719777,0.8807970842359877,0.8933094039240554,0.8175744806385543,0.8807970779778824,0.8670357563664174,0.8519528076067262,0.8670357494949105,0.8519528038477824
0.9496693663341665,0.8933094159957173,0.8519528038477824,0.8740772368049822,0.8438951064805861,0.8740772286044095,0.8175744739711883,0.8438951025545426,0.8519528038477825,0.8872045959539038,0.8175744828610095,0.8267117962054049,0.7981867801399695,0.7057850340255386,0.7310585844894971,0.7772998508568417,0.7057850340255386,0.7772998663336158,0.8596637433190939,0.7057850216484838,0.7772998560157665
0.9579122707326702,0.9324533046369554,0.9241418215456966,0.8933093961129794,0.8933093989533707,0.899121379297294,0.8670357649558006,0.9046505293168444,0.9149009509324104,0.9241418199787564,0.9149009532527358,0.932453310268176,0.9046505312448598,0.8670357718273068,0.8933093975331752,0.8933094145755219,0.8519528000888386,0.8354835330070839,0.8175744761936438,0.8933093982432729,0.8354835350552603
0.9783846668828295,0.9399133458285746,0.9241418262465169,0.9099070042057362,0.8991213820004279,0.8872045952083047,0.8991213820004279,0.8872046026642944,0.9046505434556232,0.9046505402422645,0.9149009509324104,0.8519527963298947,0.8807970748488297,0.880797068590724,0.8670357632379241,0.8354835289107307,0.8519528038477825,0.7772998508568416,0.7981867849406659,0.817574478416099,0.8175744695262775
0.8519527982093666,0.7549149868676283,0.5621765008857981,0.5926665999540697,0.5621765008857981,0.7057850278370112,0.651354857898194,0.6791787056691698,0.7310585727705127,0.6791786861878392,0.5621765008857981,0.5312093733737563,0.6224593312018546,0.5926665999540698,0.5926665999540698,0.3208213138121609,0.2689414272294874,0.26894142136999516,0.29421497216298875,0.34864513533394575,0.2689414272294874
0.8354835350552604,0.8519528000888387,0.7981867705385763,0.8670357701094303,0.8519528000888387,0.8519528019683105,0.8933094067644466,0.8933094081846421,0.9046505383142492,0.9196425267730008,0.867035752930664,0.8519528000888387,0.9149009555730612,0.8354835432479661,0.8670357598021707,0.9099070084811306,0.8519528057272543,0.8670357512127872,0.8175744717487329,0.8807970670261976,0.8519528057272543
0.9324533140223229,0.92414182206801,0.9149009491921662,0.8807970779778824,0.8519528019683106,0.8933094010836642,0.8519528057272543,0.880797068590724,0.8267117919359419,0.8267117983401363,0.8354835432479661,0.8991213840277783,0.8670357632379241,0.8807970873650401,0.8519528019683105,0.7981867849406659,0.8175744806385543,0.7981867729389246,0.7310585727705126,0.7981867753392728,0.817574471748733
0.9362850044146327,0.8670357615200474,0.8807970779778824,0.7981867753392728,0.7981867729389246,0.7879311931529758,0.7772998611746911,0.7549149813536518,0.7549149923816048,0.7772998508568416,0.7549149923816048,0.7310585669110202,0.7057850340255386,0.7549149923816048,0.6791787056691697,0.5926665999540697,0.46879062662624377,0.5312093733737563,0.46879062662624377,0.37754066879814546,0.32082130731838393
0.8519528019683105,0.7772998611746912,0.7772998714925403,0.8354835411997897,0.8596637523076225,0.7772998560157665,0.8807970748488297,0.8807970842359876,0.867035763237924,0.8175744739711883,0.8519528076067262,0.8807970732843033,0.8175744761936437,0.8354835391516132,0.7981867873410141,0.7772998611746911,0.7981867825403176,0.7772998560157665,0.8519528000888387,0.8175744717487329,0.7772998663336158
0.9669140193469353,0.9433475703120368,0.9553191311584589,0.9399133523506772,0.9399133447766225,0.9465966737782309,0.9324533018213449,0.9648551518306787,0.94659666812867,0.9496693714978894,0.9149009561531424,0.9465966664338018,0.9241418147556224,0.9465966745315055,0.9553191327485799,0.9196425372343817,0.9324533088603709,0.9149009625340367,0.8670357649558006,0.9196425366837827,0.9149009625340367
0.9783846649526495,0.9433475810629194,0.9706877676057091,0.9496693636632754,0.9496693714978894,0.9579122684798184,0.9553191308404346,0.9603611638771001,0.9553191289322892,0.9433475790720153,0.9525741239613982,0.964855152209649,0.9648551556203815,0.9496693622387999,0.94659667246,0.9603611637352872,0.9362850084148385,0.9525741222784363,0.9553191281372286,0.9433475746920261,0.9324533116759812
0.9149009486120849,0.867035771827307,0.8354835309589074,0.8175744695262777,0.7772998663336158,0.8354835371034368,0.8267117940706734,0.8519527982093666,0.7981867777396212,0.8354835350552604,0.7879311931529758,0.731058584489497,0.7981867777396212,0.7772998560157665,0.7772998663336158,0.7549149978955811,0.5621765008857981,0.5926665999540698,0.6224593312018545,0.6513548511303338,0.40733340004593027
0.9830850884677923,0.9688561718257581,0.9626731133251859,0.964855154862441,0.9465966686936262,0.9603611587718369,0.9688561710389126,0.9669140235181257,0.9579122695311492,0.946596667563714,0.9362849995254919,0.9706877705205929,0.9579122711832405,0.9525741295151718,0.9496693698953549,0.9525741222784363,0.9579122752383734,0.9324533130837862,0.9149009544128984,0.936285006192502,0.9046505325302034
0.9830850881270833,0.9755769093689463,0.9783846688917921,0.9783846685372694,0.9840936071219176,0.970687768612669,0.9783846696402292,0.9859363745580373,0.9724147177232457,0.9669140198236429,0.9648551503147975,0.9669140195852891,0.9820137878665509,0.9755769074605843,0.9770226284173629,0.974042641483562,0.9688561675543108,0.9830850888394749,0.9706877661217682,0.9525741295151718,0.9724147195719217
0.9706877717925422,0.9525741216052516,0.9362850084148385,0.9284088015458666,0.8872045825331215,0.914900959053549,0.9099070109242131,0.9099070133672955,0.9046505434556231,0.9099069999303417,0.8933094003735664,0.9046505299595162,0.8670357546485407,0.8519528000888387,0.8354835371034368,0.8933094025038598,0.893309411735131,0.904650527388829,0.8519528000888387,0.8670357546485408,0.8670357529306639
0.9496693620607405,0.9688561676667174,0.9284088030314952,0.9046505357435622,0.9149009642742806,0.8991213799730775,0.8670357632379241,0.8670357649558006,0.8670357683915538,0.8933093968230772,0.8175744739711883,0.880797085800514,0.8175744739711884,0.817574471748733,0.8519527982093666,0.8175744850834649,0.8807970873650401,0.8807970670261976,0.8175744695262775,0.7772998663336158,0.7772998560157665
0.9770226292536687,0.9579122768904644,0.943347580465648,0.9196425383355795,0.93991335382341,0.9284088069931713,0.8807970779778824,0.9465966709534506,0.8807970779778824,0.9241418152779358,0.9149009636941992,0.9241418231126367,0.9046505286741726,0.8991213853793452,0.9149009526726544,0.9324533018213449,0.874077222043951,0.8740772466456689,0.8354835371034368,0.9099070090919014,0.8991213874066956
0.9783846684190951,0.9465966681286702,0.9362850039701653,0.9496693636632753,0.9324533116759811,0.9284088055075428,0.943347579470196,0.9241418267688303,0.9149009515124918,0.9149009497722477,0.9362850119705769,0.924141819456443,0.8933093954028816,0.9099070035949656,0.9241418131886822,0.9626731129235967,0.8807970858005139,0.92414182206801,0.8933093954028816,0.8991213765941599,0.8670357580842941
0.9399133496156019,0.7981867801399694,0.8354835309589074,0.7772998560157665,0.7981867849406659,0.8175744761936437,0.8354835432479663,0.8519528076067261,0.7772998508568416,0.8354835411997897,0.8354835350552604,0.8175744739711883,0.7549149868676283,0.7772998560157665,0.7310585903489891,0.7549149868676283,0.7057850340255386,0.6513548714339144,0.5926665999540697,0.7057850216484838,0.6791786861878392
0.9706877693016416,0.946596671330088,0.8933094138654242,0.9433475746920262,0.9399133435142799,0.9196425251212038,0.9241418189341297,0.8933093996634686,0.9241418184118163,0.880797076413356,0.8933094003735664,0.9149009561531425,0.8933094103149354,0.914900952092573,0.8807970732843033,0.8519528038477825,0.8519528000888387,0.8519527963298947,0.8175744761936437,0.8670357683915537,0.7772998611746912
0.946596667563714,0.8354835330070839,0.651354857898194,0.6513548511303338,0.7549149868676284,0.651354857898194,0.6791786861878392,0.6791787121629465,0.5621765008857982,0.7057850154599562,0.5621765008857981,0.5926665999540697,0.5,0.4073334000459302,0.7057850340255386,0.5,0.4073334000459302,0.46879062662624377,0.22270014398423357,0.32082131381216084,0.2942149597859341
0.924141819456443,0.8438951045175643,0.8872045884979138,0.8438950966654772,0.8267118026095992,0.8438951025545426,0.8670357683915538,0.8991213820004279,0.8519528057272543,0.8519528057272543,0.8354835391516133,0.8438951025545426,0.7981867849406659,0.8670357477770337,0.7981867825403177,0.7549149923816048,0.7981867825403176,0.7549149923816048,0.6791786926816161,0.6791786926816161,0.7057850340255386
0.9433475693165846,0.8596637523076225,0.8175744828610095,0.8354835432479661,0.7981867777396211,0.880797071719777,0.7772998663336157,0.8354835371034368,0.8175744673038222,0.8519528019683106,0.7879312006227324,0.7310585844894971,0.7057850340255386,0.7981867873410141,0.7772998714925403,0.7310585727705127,0.6791787056691698,0.7310585727705126,0.7057850216484839,0.7057850154599562,0.6224593312018546
0.991422513889338,0.964855153978177,0.9465966688819449,0.9241418231126367,0.9046505421702797,0.8670357494949105,0.8670357701094303,0.9046505318875316,0.8670357529306639,0.8807970858005139,0.8354835289107309,0.8354835391516133,0.7981867801399695,0.8807970701552504,0.7772998560157663,0.8670357512127872,0.8354835309589073,0.7981867753392728,0.8670357649558007,0.8354835391516133,0.8354835330070839
0.6513548714339145,0.6224593312018546,0.651354857898194,0.5621765008857981,0.6224593382055109,0.5621765008857981,0.6224593312018546,0.7310585786300049,0.5621765008857981,0.6791787056691698,0.6791787121629465,0.6224593312018546,0.6513548646660542,0.6224593241981982,0.5312093733737563,0.5621765008857981,0.43782349911420193,0.37754066879814546,0.3775406687981454,0.5621765008857981,0.5
0.9099070115349837,0.8872045907347107,0.7310585727705126,0.7549149813536518,0.743168019989179,0.6513548782017745,0.6513548714339144,0.651354857898194,0.5926665999540698,0.651354857898194,0.5621765008857981,0.6224593241981982,0.5926665999540698,0.6224593312018546,0.6791787121629465,0.5312093733737563,0.32082130731838393,0.5,0.22270014398423357,0.5,0.34864513533394575
0.9669140201811735,0.9465966681286702,0.9669140210154116,0.9648551517043553,0.9433475754883879,0.9496693682928201,0.9525741320396143,0.952574126654137,0.9399133510883348,0.9496693700734142,0.9525741236248059,0.9324533149608596,0.9399133525610676,0.9362850053035673,0.9149009468718409,0.9241418173671895,0.9399133519298963,0.8991213833519949,0.8991213847035617,0.9046505376715775,0.8740772269642949
0.7310585844894971,0.7310585786300049,0.8267117876664789,0.8175744806385542,0.8872045870067157,0.8519528019683106,0.8354835289107307,0.8175744828610095,0.8519527963298947,0.8519527963298947,0.8354835391516133,0.8519528038477824,0.7981867825403177,0.8933093954028816,0.7981867753392728,0.880797085800514,0.8807970685907242,0.8519528019683106,0.8670357666736772,0.8354835411997897,0.8670357460591569
0.9579122744874229,0.924141819456443,0.9399133466701362,0.9149009636941992,0.9324533140223228,0.9149009462917594,0.9046505428129514,0.8807970842359877,0.9241418241572634,0.9046505312448598,0.9324533149608596,0.8354835309589074,0.8933094117351309,0.9099069987088003,0.8670357477770336,0.8354835309589073,0.8807970732843033,0.7981867825403177,0.8519528000888386,0.8807970732843033,0.8670357666736772
0.9928785725383623,0.97966764739938,0.9724147200215997,0.977022632264369,0.9796676445796328,0.970687772322521,0.9740426431789577,0.9626731142622272,0.9740426428963918,0.9755769110110248,0.9669140189894047,0.979667647881705,0.9603611569282695,0.9724147171736394,0.9706877663337597,0.9669140251866016,0.9770226301317897,0.962673109309294,0.9433475780765632,0.9553191332256162,0.9196425399873764
0.9908743645814161,0.9648551551150878,0.9603611611826557,0.9465966677520327,0.9324533027598817,0.9241418225903234,0.9433475705111272,0.9324533144915913,0.9284088055075428,0.9241418252018903,0.9362850101927077,0.9399133515091156,0.9241418210233832,0.9149009526726545,0.880797068590724,0.9324533163686646,0.9324533032291502,0.8933094039240554,0.8933094145755219,0.8670357546485408,0.867035763237924
0.5926665999540698,0.7057850278370112,0.5926665999540698,0.5312093733737563,0.679178699175393,0.651354857898194,0.5621765008857981,0.5926665999540698,0.6224593312018545,0.6513548714339145,0.46879062662624377,0.5926665999540698,0.6224593312018546,0.4378234991142019,0.5,0.43782349911420193,0.46879062662624377,0.3486451285660856,0.4378234991142019,0.37754067580180184,0.37754066879814546
0.7772998611746912,0.8807970811069351,0.880797068590724,0.9046505415276079,0.9324533116759811,0.9149009486120849,0.9324533060447606,0.9241418215456966,0.9525741229516211,0.914900963114118,0.8933094025038599,0.9324533093296393,0.8933094025038598,0.8670357529306639,0.9046505421702796,0.8670357580842941,0.8933094103149354,0.924141819456443,0.904650536386234,0.8933094067644466,0.8933094046341532
0.9783846653859554,0.9579122756889437,0.9553191255930346,0.957912271934191,0.9241418236349501,0.9433475697147655,0.8991213678089741,0.9241418267688302,0.9149009607937928,0.932453304167687,0.9196425245706047,0.9196425383355795,0.9241418252018903,0.9284088025362857,0.9149009526726545,0.9046505312448598,0.8933094017937621,0.9099070054272775,0.8933094124452287,0.924141826246517,0.8933094159957174
0.9669140213729421,0.9241418147556224,0.8933093989533708,0.904650538956921,0.8991213745668094,0.8872045966995028,0.8933094025038598,0.8670357477770336,0.9046505370289057,0.880797068590724,0.7981867801399695,0.8519528000888387,0.8807970842359877,0.8519528038477824,0.7549149923816048,0.7310585786300049,0.8354835350552603,0.817574471748733,0.7549149868676284,0.7981867825403177,0.7057850216484838
0.9362850088593059,0.8670357563664174,0.8519528000888386,0.8354835371034368,0.7549149758396752,0.7981867873410141,0.8175744761936437,0.6791787056691697,0.7549149758396752,0.7772998560157663,0.7772998611746912,0.7310585844894971,0.7057850216484838,0.7310585669110202,0.6513548714339144,0.5926665999540698,0.6224593312018546,0.40733340004593027,0.4687906266262437,0.5,0.5621765008857981
0.9669140212537652,0.8933093946927838,0.89912137659416,0.8354835371034368,0.8175744850834648,0.8519528019683105,0.7549149868676283,0.7981867801399695,0.7981867753392728,0.7981867825403177,0.7310585727705126,0.8519528038477824,0.7772998663336158,0.6513548511303338,0.7057850340255386,0.7310585727705127,0.7057850154599562,0.6791787056691698,0.7310585786300049,0.7310585786300048,0.6224593312018546
0.9688561699148476,0.92414182206801,0.9433475790720153,0.9099070121457543,0.9241418231126367,0.9362850053035673,0.9241418205010699,0.9399133437246704,0.9324533093296393,0.9284088030314952,0.8933094060543488,0.9099070048165069,0.9149009549929797,0.9149009486120849,0.932453315430128,0.9046505402422645,0.8991213806488609,0.9149009532527358,0.8991213772699435,0.8519527963298947,0.8807970701552505
0.8354835432479661,0.8670357460591569,0.8807970889295664,0.8354835411997897,0.8670357649558006,0.8807970732843033,0.7981867729389246,0.8519527982093666,0.880797071719777,0.9149009515124918,0.8670357701094304,0.8519528076067262,0.8354835432479661,0.7549149813536518,0.8354835350552603,0.8807970826714614,0.7981867873410141,0.7981867705385763,0.705785040214066,0.7310585727705126,0.7549149813536518
0.8175744806385543,0.7981867705385762,0.817574471748733,0.7981867729389246,0.8740772351648677,0.8991213732152423,0.7981867777396212,0.8807970842359877,0.893309411735131,0.914900952092573,0.8267117898012104,0.9196425361331837,0.9324533027598817,0.9149009526726544,0.9099070029841949,0.8933094017937621,0.8670357546485407,0.8519528076067262,0.8519528019683105,0.8670357494949105,0.8670357598021707
0.9740426437440897,0.9496693686489389,0.9362850048591,0.9284088055075428,0.9399133466701363,0.9433475685202228,0.936285003525698,0.9496693650877507,0.9241418189341297,0.9433475732983932,0.9362849990810246,0.9284087985746093,0.9149009578933864,0.9099070121457543,0.9241418231126367,0.9399133458285746,0.9149009561531424,0.9099070084811306,0.8175744850834648,0.9046505299595162,0.8670357512127872
0.9966233881643769,0.9944450747226761,0.9840936082881854,0.9755769092801851,0.972414718023031,0.9603611614662815,0.9626731143960903,0.9669140204195271,0.9669140206578809,0.9688561705892865,0.9525741293468758,0.9603611631680358,0.9553191303633982,0.9626731090415678,0.9648551498095037,0.9525741295151718,0.9603611637352872,0.9706877722165252,0.9706877660157724,0.966914018751051,0.9648551546097942
0.9399133546649715,0.8740772384450967,0.8872045840243196,0.8933094025038599,0.8519528019683105,0.8519527982093666,0.7981867849406659,0.7981867777396212,0.8175744761936437,0.7772998560157663,0.7772998611746911,0.754914975839675,0.7981867801399695,0.7981867801399695,0.7981867825403177,0.7310585903489891,0.7549149868676284,0.8596637469145054,0.5926665999540697,0.6791787056691697,0.7310585903489892
0.9149009474519222,0.9284088025362857,0.8933094067644466,0.9149009462917596,0.9433475705111272,0.9284088050123332,0.9149009584734676,0.9196425256718027,0.92414182206801,0.8933094010836643,0.874077230244524,0.9046505318875316,0.9324533144915912,0.9241418231126368,0.8519528019683105,0.8807970826714614,0.817574478416099,0.9046505299595162,0.9046505357435622,0.8807970764133561,0.8354835452961425
0.955319134338701,0.924141814233309,0.9046505254608136,0.8933094138654242,0.9324533144915913,0.9046505440982948,0.9046505376715775,0.8933094124452287,0.9046505395995929,0.8933093996634686,0.8933093989533708,0.9149009549929797,0.8933094081846421,0.8519528076067262,0.8354835391516132,0.8670357460591569,0.8519528057272544,0.8175744828610095,0.817574471748733,0.8354835391516133,0.8354835391516133
0.9890130585433227,0.964855152209649,0.9783846684584865,0.9724147182728522,0.9770226288355158,0.9724147192721364,0.9830850880341626,0.9740426406358642,0.974042643226052,0.9688561709265061,0.9579122687801986,0.9603611620335328,0.9820137907945936,0.9724147197218144,0.9770226293372993,0.9648551568836156,0.9626731158685838,0.9688561663178391,0.9553191306814225,0.9553191306814225,0.9465966662454831
0.9525741315347258,0.8175744695262777,0.8519528038477824,0.817574478416099,0.7981867705385762,0.7772998508568416,0.7310585727705127,0.7981867777396212,0.7549149868676283,0.7310585727705126,0.731058584489497,0.7057850340255386,0.7549149813536518,0.7981867729389245,0.7057850278370112,0.622459338205511,0.4073334000459302,0.6224593312018546,0.5621765008857981,0.6513548714339145,0.5
0.9820137933936423,0.9241418272911436,0.9433475788729249,0.9149009619539554,0.8933094060543488,0.9046505447409665,0.7981867777396212,0.9046505408849362,0.8596637433190939,0.8596637433190939,0.8519527982093666,0.8807970889295664,0.8354835432479661,0.8175744828610095,0.7772998508568416,0.7772998560157665,0.7549149813536518,0.8519527982093666,0.8807970670261976,0.8175744739711883,0.8519527963298947
0.982013790366902,0.9553191259110588,0.9603611633098487,0.9433475701129463,0.9433475738956645,0.9465966662454831,0.9324533154301279,0.9324533154301279,0.9149009596336303,0.9525741305249489,0.8596637577007393,0.9099070127565249,0.8933094039240554,0.8670357494949105,0.8991213833519949,0.9046505447409666,0.8933094032139577,0.8807970842359877,0.874077230244524,0.9046505280315008,0.880797085800514
0.949669366512226,0.8933094003735664,0.8807970670261976,0.8933094131553264,0.8670357580842941,0.8807970811069351,0.9046505408849362,0.8933093946927837,0.9241418142333089,0.9046505383142492,0.9046505351008904,0.8670357632379241,0.8519528000888387,0.880797071719777,0.8354835432479661,0.8519528019683106,0.7981867825403177,0.8354835432479663,0.8519527944504227,0.8354835289107309,0.8175744806385543
0.9755769121205375,0.9324533107374444,0.9284088045171238,0.9149009480320035,0.880797071719777,0.8933094017937621,0.8807970654616711,0.8933094060543487,0.9196425223682085,0.9196425262224018,0.8670357512127872,0.8872045907347107,0.8354835289107307,0.7981867849406659,0.8519528019683106,0.7981867753392728,0.8519528038477825,0.7981867825403177,0.7981867849406659,0.8872046019186954,0.8175744695262777
0.8670357701094303,0.8670357615200475,0.9196425344813868,0.8933094060543487,0.9149009515124917,0.8807970748488297,0.9149009607937928,0.9149009468718409,0.9399133555065331,0.9241418121440552,0.9241418147556224,0.9496693633071565,0.9362850128595115,0.9241418278134569,0.9046505370289057,0.8519528057272543,0.880797071719777,0.9046505318875316,0.914900963114118,0.9046505293168444,0.8872045981907007
0.9496693700734143,0.9324533041676869,0.9241418147556223,0.9099070060380482,0.9149009474519223,0.9149009497722477,0.9241418126663686,0.9362849986365572,0.8872045989362995,0.8670357546485407,0.8933094010836643,0.8872045892435128,0.8670357477770337,0.9149009526726544,0.7981867753392728,0.8670357666736772,0.7549149868676284,0.8438951084436077,0.7981867801399695,0.8080672135527632,0.817574478416099
0.7981867801399695,0.651354857898194,0.6513548511303336,0.651354857898194,0.6791786926816161,0.6224593312018546,0.5926665999540698,0.7549149978955811,0.6513548714339145,0.6513548782017745,0.6513548646660542,0.7772998663336158,0.5926665999540698,0.7057850216484838,0.6224593382055109,0.5,0.6513548714339145,0.6224593312018546,0.6513548714339145,0.651354857898194,0.5926665999540698
0.9579122681794381,0.9324533046369553,0.9284087941177231,0.9046505447409666,0.9099070060380482,0.904650527388829,0.8933094103149355,0.9099070097026719,0.9046505434556231,0.9046505428129514,0.8807970795424088,0.8519528019683106,0.9099070042057362,0.8670357666736772,0.8519528000888386,0.7772998611746911,0.8175744739711883,0.7981867849406659,0.8354835330070838,0.8670357649558007,0.7772998663336158
0.9740426421428826,0.9324533163686646,0.9284087951081423,0.9241418137109955,0.9196425361331837,0.9284087951081423,0.8933094081846421,0.9241418283357703,0.943347572302941,0.8933094025038598,0.9324533126145178,0.9284088055075428,0.9046505428129514,0.8933094039240554,0.9149009538328171,0.9465966662454831,0.9324533093296393,0.8933094138654242,0.914900948612085,0.9196425388861785,0.8933094060543488
0.966914019704466,0.9399133561377042,0.9362850079703712,0.936285000858894,0.8807970795424088,0.914900959053549,0.9362850101927077,0.9433475740947549,0.936285003525698,0.9553191254340224,0.9433475794701961,0.9553191333846284,0.9362850106371751,0.936285006192502,0.9362850093037731,0.924141826246517,0.880797068590724,0.8933094032139577,0.9046505421702797,0.8807970842359877,0.9046505376715775
0.9241418126663686,0.9099070035949656,0.8991213799730775,0.9149009462917594,0.9149009567332237,0.8807970654616711,0.8933094103149355,0.8807970670261975,0.8354835371034368,0.8807970732843033,0.8519528057272543,0.798186787341014,0.8175744806385542,0.7310585844894971,0.8354835432479661,0.7549149923816048,0.7310585669110203,0.7772998508568416,0.7057850216484838,0.7310585786300049,0.7057850340255386
0.9770226305917578,0.9669140210154116,0.9603611647279772,0.9579122740368525,0.9553191314764831,0.9553191278192044,0.9706877676057091,0.943347580863829,0.9496693665122261,0.9399133510883348,0.9553191332256162,0.9241418147556224,0.9579122674284875,0.9706877698316204,0.9525741288419872,0.955319127342168,0.9284088079835903,0.9324533093296393,0.8670357649558007,0.9046505280315008,0.9284087960985615
0.7772998508568416,0.8670357649558006,0.817574478416099,0.798186784940666,0.8933094159957173,0.8933094088947399,0.8670357649558007,0.8519527982093666,0.9099070054272775,0.9149009619539553,0.893309411735131,0.8933094003735664,0.8807970889295664,0.8807970826714614,0.8519527963298946,0.8175744850834649,0.798186768138228,0.8175744850834648,0.8519527963298947,0.798186775339273,0.7981867873410141
0.8670357615200474,0.8670357494949105,0.8670357615200474,0.8519528076067262,0.904650527388829,0.880797071719777,0.8933094159957173,0.9149009544128984,0.9149009509324104,0.8991213765941599,0.867035771827307,0.880797085800514,0.8933094053442511,0.8354835411997897,0.8354835371034368,0.8519528000888386,0.9149009474519223,0.8175744806385543,0.8519528076067262,0.8519527963298946,0.8354835391516133
0.9525741222784364,0.9324533018213449,0.8933094010836643,0.9046505248181417,0.8519528076067262,0.8933094074745443,0.8807970670261976,0.8670357580842941,0.8354835330070839,0.8807970889295663,0.8519528019683106,0.8670357512127872,0.7549149813536518,0.7310585844894971,0.8354835350552604,0.8670357512127872,0.7981867729389246,0.7772998611746912,0.7981867849406659,0.8519528019683106,0.8354835330070839
0.9284088060027523,0.8596637505099168,0.9196425366837827,0.8933094039240554,0.7772998560157665,0.8670357666736772,0.8354835411997897,0.7981867705385763,0.8670357615200475,0.8354835371034368,0.8175744828610095,0.8670357477770337,0.8354835330070839,0.8175744695262775,0.8519527944504227,0.8670357598021708,0.7981867825403176,0.8175744850834648,0.7549149868676283,0.7549149978955811,0.7310585727705126
0.9324533079218341,0.8991213826762113,0.909907001151883,0.8670357701094303,0.8740772236840656,0.8175744806385542,0.7981867729389246,0.8175744828610095,0.8175744806385542,0.8175744806385542,0.7981867753392728,0.7981867729389245,0.7549149978955811,0.7772998611746912,0.7772998663336158,0.6224593312018545,0.6791787056691698,0.7057850278370112,0.6791787056691698,0.6224593312018546,0.6224593312018545
0.9465966713300878,0.8740772318846387,0.8807970732843033,0.8807970748488296,0.8872045877523147,0.8519528038477825,0.880797085800514,0.8933094010836643,0.8933094032139577,0.8807970842359877,0.8991213840277783,0.8354835432479661,0.7981867681382279,0.8740772351648676,0.8519528057272543,0.8519528019683106,0.8175744806385542,0.8519528076067262,0.7310585844894971,0.7981867705385762,0.7981867849406659
0.9688561664302456,0.9324533126145178,0.9324533126145178,0.9525741224467326,0.9433475782756536,0.9553191290913013,0.9324533036984185,0.8354835371034368,0.9149009544128984,0.880797081106935,0.8933094152856197,0.8933094152856196,0.8807970795424088,0.8933094074745443,0.9324533041676869,0.8354835350552604,0.8354835391516133,0.8354835289107307,0.7310585727705126,0.705785040214066,0.6791787056691698
0.9525741268224333,0.9284087960985615,0.8933094060543487,0.914900963114118,0.899121373891026,0.9149009602137116,0.8991213799730774,0.904650536386234,0.924141819456443,0.9241418158002492,0.8740772286044095,0.8807970670261976,0.8933093954028816,0.9284087960985615,0.8354835371034368,0.8519527982093666,0.8519527963298947,0.9046505280315008,0.8807970779778824,0.8267117876664789,0.8519527963298946
0.9724147201215281,0.9626731143960902,0.9324533051062237,0.9284087941177231,0.9284088055075428,0.9496693709637113,0.9362850070814366,0.9196425361331837,0.9241418184118163,0.924141814233309,0.9399133502467732,0.904650530602188,0.9046505428129514,0.8519528076067262,0.9241418257242036,0.9284088084787998,0.8933094003735664,0.8933094124452287,0.8519528019683106,0.8933094110250331,0.8670357598021707
0.9241418257242036,0.8354835411997897,0.7549149813536516,0.7772998663336158,0.8354835350552603,0.7549149868676283,0.7549149868676284,0.731058584489497,0.7549149923816048,0.7981867729389246,0.6224593312018546,0.679178699175393,0.754914975839675,0.7549149813536518,0.7057850278370112,0.7057850278370112,0.5621765008857982,0.6224593312018546,0.6224593312018546,0.5926665999540698,0.3775406687981454
0.9553191287732771,0.9099070054272775,0.9099070023734244,0.8872045996818986,0.8740772482857833,0.8519527963298947,0.7981867777396212,0.8175744806385542,0.7431680029241322,0.7310585669110202,0.7057850402140659,0.7662936377487304,0.7772998560157665,0.8175744806385543,0.7981867753392728,0.7310585727705127,0.6224593382055109,0.6513548714339144,0.7310585786300049,0.7431680029241321,0.7057850278370111
0.8933094167058151,0.9046505453836382,0.924141814233309,0.8933094053442511,0.9525741264858408,0.9149009497722478,0.8933093996634686,0.914900945711678,0.8807970795424087,0.9324533013520765,0.904650527388829,0.8670357529306639,0.9324533069832974,0.9046505299595162,0.8807970764133561,0.8519528038477824,0.8519527963298947,0.8933094167058151,0.8519528057272544,0.9046505434556231,0.8670357632379241
0.8175744761936437,0.7981867753392728,0.7981867729389246,0.7772998560157665,0.7772998508568416,0.7981867729389246,0.7981867849406659,0.8175744739711883,0.8519528057272543,0.8519528057272543,0.7981867729389246,0.7981867729389245,0.8519527963298947,0.8519528019683106,0.8519528019683105,0.8670357718273068,0.7772998611746911,0.7981867825403177,0.817574471748733,0.7981867705385763,0.7772998663336158
0.928408800060238,0.8175744739711883,0.8670357615200475,0.798186775339273,0.8175744761936437,0.7549149923816046,0.7772998714925403,0.6513548782017745,0.7057850340255386,0.7981867729389246,0.7549149923816048,0.8596637559030338,0.7549149868676283,0.679178699175393,0.6513548646660542,0.7310585727705126,0.4378234991142019,0.651354857898194,0.5312093733737563,0.6513548646660543,0.5621765008857982
0.9553191298863619,0.8933094053442511,0.8933093968230773,0.9099070023734243,0.8670357598021707,0.8740772253241803,0.8354835432479661,0.8807970842359877,0.8933094145755218,0.893309411735131,0.8670357615200474,0.8933094039240554,0.9046505395995927,0.8175744739711883,0.880797085800514,0.8354835411997897,0.8175744850834648,0.8670357494949105,0.7981867825403176,0.851952809486198,0.7879311906630568
0.8670357477770336,0.8354835391516132,0.7772998663336157,0.8354835330070838,0.8267118026095991,0.7662936484231889,0.7549149813536518,0.7981867825403177,0.8519528019683105,0.7772998714925403,0.7549149868676284,0.8354835452961427,0.817574471748733,0.7549149758396752,0.7549149758396752,0.7981867753392728,0.6791786861878392,0.7549149868676283,0.731058584489497,0.7310585669110203,0.754914997895581
0.9626731133251858,0.9399133557169235,0.939913356558485,0.9496693702514737,0.9324533046369553,0.9579122701319096,0.9688561694652216,0.9362850070814366,0.9284088055075428,0.9465966692585823,0.9046505254608136,0.9284087951081423,0.932453310268176,0.9149009526726545,0.909906997487259,0.9241418215456967,0.8991213847035618,0.9046505395995929,0.9046505428129514,0.9099070109242131,0.89330940889474
0.9933071477414499,0.964855153978177,0.9603611567864567,0.9525741269907294,0.9399133477220882,0.9324533149608596,0.9241418184118163,0.9324533140223228,0.9046505280315009,0.9399133456181841,0.899121379297294,0.9099070145888366,0.904650541527608,0.9241418121440552,0.8519527982093666,0.8872045817875224,0.9046505447409665,0.9324533046369554,0.8670357666736772,0.880797071719777,0.8519528000888386
0.9399133540338004,0.9149009596336303,0.9241418210233833,0.8807970889295664,0.8933094039240554,0.7772998611746912,0.8438951005915208,0.8354835371034368,0.7772998508568416,0.7772998508568416,0.7310585727705127,0.7772998560157665,0.8175744761936437,0.7772998560157665,0.7772998508568416,0.7310585786300048,0.679178692681616,0.6791787121629466,0.5621765008857981,0.7310585844894971,0.6224593312018546
0.9284088064979618,0.8519528000888386,0.8933094025038598,0.8807970873650401,0.8670357718273068,0.880797071719777,0.8438951045175643,0.8670357512127872,0.7772998663336158,0.817574471748733,0.7981867753392728,0.8175744828610096,0.7310585903489891,0.7772998611746911,0.7057850340255385,0.7772998560157665,0.731058584489497,0.7549149758396752,0.5926665999540698,0.8267117940706735,0.7549149923816048
0.9724147183228163,0.9284087975841901,0.9603611611826557,0.9099069999303417,0.8991213847035618,0.9046505402422644,0.880797071719777,0.8933094039240554,0.8519527944504227,0.8991213786215104,0.8267117898012104,0.8519527982093666,0.9046505415276079,0.8519528000888387,0.8596637433190939,0.8991213745668095,0.8740772417253256,0.8519527982093668,0.8519528057272543,0.8175744761936438,0.8670357580842941
0.9820137917815741,0.9783846655829125,0.9706877689306563,0.9626731146638163,0.9579122701319097,0.9626731106479246,0.9808759635635717,0.9626731160024469,0.9626731125220075,0.9770226287937005,0.968856166093026,0.9669140239948331,0.9648551532202364,0.9603611604735914,0.9579122693809591,0.9579122726851417,0.964855156378322,0.9553191294093256,0.9525741221101403,0.9553191341796888,0.9688561728374167
0.8991213671331905,0.7981867729389246,0.8519527963298947,0.8175744806385543,0.867035763237924,0.8438951064805861,0.7549149923816048,0.8807970858005139,0.7549149868676284,0.7981867777396212,0.679178699175393,0.7057850278370112,0.7549149868676284,0.6224593312018545,0.5312093733737563,0.6224593382055109,0.43782349911420193,0.6513548714339145,0.5621765008857981,0.5312093733737563,0.5
0.8933094152856196,0.7310585903489892,0.8267117983401363,0.8175744739711883,0.7981867801399695,0.7981867681382279,0.7772998714925403,0.7549149813536518,0.7772998560157665,0.880797081106935,0.7772998611746911,0.7981867849406659,0.8933094025038598,0.8519528057272543,0.8354835411997897,0.8670357615200474,0.7057850216484838,0.7549149813536518,0.7772998560157663,0.8354835350552603,0.8175744828610095
0.9859363728147053,0.9399133464597458,0.9284088030314952,0.9099070066488187,0.9399133510883348,0.9241418278134569,0.9324533097989076,0.9149009625340367,0.9362849986365571,0.9284088025362857,0.9324533107374444,0.9149009509324104,0.8933094174159127,0.8933094110250333,0.8872045959539038,0.8991213711878918,0.8175744828610095,0.8354835309589073,0.8670357477770336,0.8354835411997897,0.8175744673038222
0.9914225142457329,0.9740426402591096,0.9496693720320677,0.9579122702820997,0.9553191338616647,0.9399133512987252,0.9362850079703712,0.9553191281372286,0.9284088035267047,0.9284088045171237,0.9433475808638289,0.9465966673753953,0.9579122708828602,0.9241418178895029,0.9688561678915304,0.9324533135530546,0.9241418257242036,0.9465966732132748,0.9433475683211323,0.9324533079218341,0.9324533013520764
0.9399133563480946,0.8670357546485407,0.8596637541053281,0.8596637523076225,0.8175744806385543,0.8438951045175643,0.817574471748733,0.8519528019683106,0.798186775339273,0.7057850340255386,0.7549149813536518,0.7310585727705126,0.7057850340255386,0.7310585903489892,0.6224593382055109,0.651354857898194,0.5926665999540698,0.5926665999540698,0.5621765008857981,0.6791786861878392,0.5312093733737563
0.9241418252018903,0.8740772433654401,0.8740772368049822,0.8519528038477825,0.8670357615200474,0.8267117983401363,0.7981867777396212,0.7772998508568416,0.7549149868676283,0.7981867849406659,0.5621765008857981,0.7310585786300049,0.7549149868676283,0.651354857898194,0.7772998560157665,0.6224593312018546,0.4687906266262437,0.6791787056691697,0.5926665999540698,0.6224593312018546,0.46879062662624377
0.9669140189894048,0.9046505421702797,0.932453304167687,0.9149009607937929,0.9284087970889806,0.8670357718273068,0.8933094039240554,0.8354835350552604,0.8354835309589073,0.8807970826714614,0.8670357649558006,0.8519527982093666,0.867035752930664,0.8354835309589073,0.8354835309589074,0.7981867849406659,0.8519527944504227,0.8175744695262777,0.798186787341014,0.8519528019683105,0.7549149813536518
0.8872045922259089,0.8596637505099168,0.8670357460591569,0.8933094124452287,0.8872046019186954,0.9196425317283919,0.9149009625340367,0.9099070035949656,0.9241418126663686,0.8933094046341532,0.8670357666736772,0.9046505280315008,0.8933094145755219,0.8670357580842941,0.8807970748488297,0.8354835309589074,0.8354835309589074,0.8807970764133561,0.8175744673038222,0.8519527963298947,0.7981867801399694
0.8991213853793452,0.8354835289107309,0.8267117983401363,0.7310585727705127,0.8354835350552604,0.7549149923816048,0.7310585669110203,0.7981867729389246,0.8438951045175643,0.8354835432479661,0.6224593312018546,0.7772998508568417,0.7057850216484837,0.7549149813536518,0.8354835371034368,0.8175744695262775,0.7772998560157663,0.7879311931529758,0.7057850154599562,0.7549149923816048,0.731058584489497
0.9241418126663686,0.8175744717487329,0.8596637469145053,0.7981867753392728,0.8175744850834648,0.8519527944504227,0.8354835350552604,0.8354835371034368,0.7549149813536518,0.7981867849406659,0.7549149813536516,0.8354835350552604,0.7310585669110202,0.7057850278370112,0.817574478416099,0.7549149813536518,0.7981867801399695,0.7549149923816048,0.6791786926816161,0.7772998714925403,0.6224593312018546
0.9867771775064302,0.9553191297273498,0.9525741298517643,0.936285000858894,0.9324533144915912,0.8933094110250333,0.8596637469145054,0.8991213806488609,0.8354835391516133,0.8991213732152423,0.8519528076067261,0.8807970842359877,0.8519528057272544,0.8740772318846386,0.8519528076067262,0.8740772253241802,0.8519528019683106,0.8807970795424087,0.8670357632379241,0.8991213833519948,0.8872045937171068
0.7310585727705126,0.8354835309589074,0.8807970795424088,0.8354835330070839,0.8175744695262775,0.8175744850834649,0.8596637469145054,0.8670357580842941,0.8354835411997896,0.8354835391516132,0.817574478416099,0.8991213806488609,0.7981867705385762,0.7310585844894971,0.7772998508568416,0.679178692681616,0.7772998560157665,0.7549149813536518,0.7772998508568416,0.6791787056691698,0.679178699175393
0.9867771801919951,0.979667646805749,0.9770226302154202,0.9770226313026176,0.9626731160024469,0.9626731153331316,0.9740426404945811,0.9553191340206767,0.966914022326357,0.9724147166739971,0.9688561729498231,0.9740426439324669,0.9525741278322102,0.9648551542308239,0.9579122716338109,0.9706877715275527,0.966914018751051,0.952574123793102,0.9465966671870766,0.9324533097989076,0.924141814233309
0.968856169802441,0.9648551568836157,0.9196425377849806,0.9284087941177233,0.9433475725020315,0.9362850057480346,0.9149009480320036,0.9324533144915913,0.9046505299595162,0.9241418241572634,0.9149009549929797,0.9399133552961427,0.9046505421702797,0.8519528038477825,0.9324533055754921,0.9099070072595894,0.9149009532527358,0.9046505370289057,0.8933094131553264,0.9149009613738741,0.880797068590724
0.8354835391516132,0.7549149813536518,0.7549149923816048,0.7772998663336157,0.7981867705385762,0.7549149868676283,0.7310585669110203,0.7772998611746911,0.7549149868676284,0.7057850216484838,0.5621765008857981,0.6513548646660542,0.5926665999540698,0.5621765008857981,0.4687906266262437,0.46879062662624377,0.37754066879814546,0.348645142101806,0.43782349911420193,0.5312093733737563,0.5
0.919642526773001,0.8670357512127872,0.8670357649558006,0.8991213691605412,0.8807970842359877,0.8519528019683106,0.8933094159957173,0.8438951084436077,0.8175744828610095,0.8670357494949105,0.8175744828610095,0.7981867873410141,0.817574471748733,0.7772998560157663,0.8354835309589073,0.7981867801399694,0.7549149923816048,0.731058584489497,0.5621765008857981,0.7772998663336157,0.6224593312018546
0.9496693720320677,0.8933094152856197,0.9241418158002492,0.8596637451167997,0.9284087995650284,0.8438950986284991,0.8872045855155176,0.8807970764133561,0.8740772482857833,0.8519527982093666,0.7549149758396752,0.8740772368049822,0.8354835391516133,0.8670357563664174,0.843895100591521,0.8267118026095991,0.705785040214066,0.7310585903489891,0.7549149923816048,0.8175744828610095,0.7185943985973772
0.9149009491921664,0.8670357632379241,0.8519528019683105,0.7772998663336158,0.8267117940706734,0.7981867753392728,0.7549149923816048,0.7549149868676284,0.7431680029241321,0.7772998663336158,0.7057850278370112,0.7981867873410141,0.7981867849406659,0.7310585669110202,0.7057850278370112,0.7310585727705126,0.5621765008857981,0.6224593312018546,0.6791786861878392,0.7549149923816048,0.6791787056691698
0.9362850017478286,0.9149009625340366,0.9099070023734244,0.8740772236840656,0.8354835350552603,0.88720460564669,0.8670357615200475,0.8175744761936438,0.7549149868676284,0.7981867705385762,0.8175744828610095,0.817574471748733,0.8175744828610096,0.7310585727705127,0.8519528019683105,0.7549149978955811,0.7549149813536518,0.7310585903489891,0.7549149758396752,0.7549149923816048,0.6224593312018546
0.9496693681147608,0.9465966707651319,0.936285003525698,0.9149009567332237,0.9099070127565249,0.9099070151996071,0.9149009625340366,0.9196425317283919,0.9099070023734244,0.8807970732843033,0.899121375242593,0.8991213705121083,0.8519527982093668,0.8519527944504227,0.9046505428129514,0.8933094131553264,0.8354835371034368,0.8807970670261976,0.8354835391516133,0.8354835371034369,0.8670357563664174
0.9796676464347296,0.9553191292503135,0.9362850017478286,0.9284088064979619,0.9099069962657176,0.9046505434556231,0.8807970904940926,0.9046505395995929,0.8933094046341533,0.8933093946927838,0.904650538956921,0.9046505383142492,0.8933094145755219,0.8519528057272543,0.9046505286741726,0.8933093968230773,0.8519528038477825,0.8519528019683105,0.7772998560157665,0.8175744695262777,0.8354835309589074
0.9496693681147608,0.9603611577791468,0.9433475750902071,0.9553191348157373,0.9362850093037731,0.928408801050657,0.9099069968764882,0.9284087960985615,0.914900948612085,0.9241418158002492,0.9149009613738741,0.9149009567332238,0.9099070005411124,0.9046505261034854,0.8596637487122111,0.8807970732843033,0.8807970685907242,0.8670357512127872,0.8670357701094303,0.8933094103149355,0.8354835411997897
0.9883127422194535,0.9648551520833256,0.9626731105140616,0.946596665680527,0.9626731157347208,0.9706877670227324,0.9706877689306563,0.9603611582045853,0.9496693681147608,0.9579122756889437,0.9579122684798184,0.9626731156008577,0.9648551565046454,0.9603611626007844,0.9399133557169235,0.9603611580627726,0.9525741278322102,0.9362850101927077,0.9149009520925732,0.9241418152779358,0.8933094003735664
0.9579122756889437,0.8933094145755219,0.9046505286741726,0.8670357512127872,0.8354835432479663,0.8933094032139576,0.8670357529306639,0.8933094103149354,0.9046505395995927,0.8519528019683105,0.8670357494949105,0.8519527963298946,0.8354835371034368,0.7772998714925403,0.6513548782017745,0.7310585727705127,0.8354835411997897,0.7772998560157663,0.7772998611746912,0.7310585786300049,0.7549149923816048
0.9867771801555394,0.9808759626551299,0.9770226286682546,0.9525741226150287,0.9770226282082864,0.9740426428963918,0.9648551538518536,0.9820137942490252,0.972414719172208,0.9648551561256752,0.977022629588191,0.9465966702001758,0.9688561666550587,0.9688561692404086,0.9740426420957883,0.9603611652952285,0.962673113592912,0.9465966715184065,0.9284088069931713,0.9465966703884945,0.9433475768820208
0.9324533088603709,0.8807970889295664,0.8933094110250333,0.8670357598021707,0.867035763237924,0.8740772351648677,0.8354835309589074,0.817574471748733,0.8354835391516133,0.7981867825403177,0.8670357512127873,0.7981867825403177,0.7981867801399695,0.7549149978955811,0.7981867777396211,0.7310585669110203,0.7549149923816048,0.6513548782017745,0.5926665999540698,0.7057850216484838,0.43782349911420193
0.8933094117351309,0.8519528038477824,0.8438950986284992,0.8872045966995027,0.9399133464597458,0.9149009619539554,0.9046505402422645,0.943347576085659,0.9362850057480346,0.9362850128595114,0.9149009538328171,0.9324533126145178,0.914900963114118,0.9284088015458667,0.9196425388861785,0.899121373891026,0.880797071719777,0.9099070072595894,0.9099070054272775,0.880797068590724,0.9046505447409666
0.932453304167687,0.8740772351648677,0.899121379297294,0.8175744695262777,0.8175744828610095,0.754914997895581,0.7772998560157665,0.7772998611746912,0.7772998663336157,0.7057850278370112,0.6791787121629466,0.7057850278370112,0.7549149978955811,0.7057850216484838,0.7310585903489891,0.6513548782017745,0.679178699175393,0.6791787121629466,0.679178699175393,0.679178692681616,0.6791787056691697
0.9241418246795768,0.7549149868676283,0.7772998663336158,0.679178686187839,0.7879312031126512,0.5926665999540698,0.6513548646660542,0.5621765008857981,0.7057850278370112,0.7057850402140659,0.6224593312018546,0.5312093733737562,0.3775406687981454,0.46879062662624377,0.43782349911420193,0.5,0.46879062662624377,0.37754066879814546,0.29421498454004374,0.37754066879814546,0.1824255304737224
0.7549149923816048,0.8354835309589073,0.8354835330070839,0.8175744828610095,0.8354835350552604,0.7981867873410141,0.817574478416099,0.8175744828610095,0.8670357512127872,0.8354835371034368,0.7981867777396212,0.8519528038477825,0.817574478416099,0.7057850340255386,0.7981867849406659,0.8354835371034368,0.7981867849406659,0.8354835309589073,0.7310585786300049,0.8354835309589073,0.7981867825403176
0.9603611640189129,0.949669370785652,0.9284088060027523,0.936285006192502,0.9099070048165069,0.9362850070814366,0.9362850110816423,0.9525741318713181,0.9324533116759811,0.9399133494052115,0.9099070029841949,0.9241418252018901,0.9496693711417706,0.9046505408849362,0.9324533112067128,0.9149009468718409,0.9241418267688303,0.8933094117351309,0.7981867705385763,0.899121375242593,0.9046505254608136
0.962673113592912,0.943347580863829,0.9465966745315055,0.9433475766829303,0.9579122729855218,0.9324533112067128,0.9362850106371751,0.9241418246795768,0.914900959053549,0.8933094138654242,0.9046505286741727,0.8807970889295663,0.9149009602137116,0.8670357701094303,0.904650536386234,0.8354835371034368,0.8670357563664174,0.8519527963298947,0.817574478416099,0.8670357563664174,0.8354835432479661
0.9603611614662815,0.9553191294093256,0.9399133473013075,0.919642532278991,0.9496693672244637,0.9196425394367774,0.904650538956921,0.8933094074745445,0.8807970779778824,0.9046505428129514,0.9196425328295899,0.924141819456443,0.8933094110250331,0.9241418215456967,0.9399133462493554,0.9046505344582187,0.8933094152856197,0.8670357598021707,0.8670357512127872,0.8670357615200474,0.8807970904940926
0.8670357615200474,0.8519528038477825,0.7772998611746911,0.8354835411997897,0.9046505286741726,0.8519527982093666,0.8933094145755219,0.9149009561531425,0.8933094174159129,0.9046505453836382,0.8807970764133561,0.9149009549929797,0.9324533097989076,0.880797085800514,0.8354835432479661,0.9149009509324104,0.8670357718273068,0.9046505395995929,0.8354835309589074,0.8519527963298946,0.8438950986284991
0.9579122764398942,0.9603611580627726,0.9553191346567252,0.9284088045171237,0.8872045966995027,0.9362850053035673,0.9046505453836383,0.924141819456443,0.9284088079835903,0.939913344566232,0.9362850004144266,0.914900959053549,0.9149009555730611,0.9149009486120849,0.9433475792711057,0.9324533027598817,0.9324533083911024,0.8933094167058151,0.8670357512127872,0.8807970701552505,0.904650533815547
0.9859363701157686,0.9603611567864566,0.9496693647316318,0.9324533074525657,0.9046505440982949,0.9046505261034854,0.9099070103134425,0.8933093982432729,0.8991213840277783,0.9284087946129328,0.8807970889295664,0.8933094010836642,0.9196425383355796,0.8933094152856196,0.9046505395995929,0.8933093954028816,0.9046505293168444,0.8807970748488297,0.7981867705385762,0.8354835330070839,0.8354835371034368
0.9859363759268756,0.9496693627729782,0.9465966683169889,0.9241418147556224,0.9284087995650284,0.9241418267688303,0.9099070042057362,0.8933094159957173,0.899121377945727,0.8933093954028816,0.8670357598021707,0.9149009561531424,0.9099069980980296,0.8807970842359877,0.8670357494949105,0.9149009619539554,0.8872045944627057,0.8670357563664174,0.8740772269642948,0.8872045974451017,0.8596637451167997
0.7057850340255386,0.7549149868676283,0.7549149868676284,0.6513548714339145,0.817574471748733,0.7310585903489891,0.679178699175393,0.705785040214066,0.6513548646660543,0.7310585669110202,0.5312093733737563,0.7057850340255386,0.6224593312018546,0.679178699175393,0.6224593241981982,0.7057850278370112,0.4378234991142019,0.5,0.4687906266262437,0.43782349911420193,0.4687906266262437
0.8991213806488609,0.8175744828610095,0.8354835350552604,0.817574471748733,0.8670357718273068,0.7772998663336158,0.8519527982093666,0.7057850154599562,0.679178692681616,0.7772998663336157,0.7772998560157665,0.7981867873410141,0.7310585786300049,0.6513548646660542,0.705785040214066,0.651354857898194,0.651354857898194,0.5312093733737563,0.5621765008857981,0.6791786926816161,0.5926665999540698
0.975576908747619,0.9553191279782165,0.9241418189341296,0.9149009584734676,0.9241418147556224,0.9046505293168444,0.9196425355825848,0.9149009561531424,0.9241418272911436,0.9046505447409665,0.9284088015458666,0.9324533060447606,0.8807970904940926,0.880797076413356,0.9241418272911436,0.9196425234694067,0.8807970873650401,0.8933093954028816,0.7772998663336158,0.8519528057272543,0.8175744695262775
0.9553191251159983,0.893309405344251,0.9046505357435622,0.8933094060543488,0.9099070048165069,0.8807970904940926,0.8740772482857833,0.8991213705121082,0.9149009486120849,0.8670357683915538,0.8519528019683106,0.8519528076067262,0.8519528038477824,0.7981867729389246,0.8670357512127872,0.7772998508568416,0.679178692681616,0.6791787121629466,0.6224593312018546,0.7549149923816046,0.705785040214066
0.9362850093037731,0.8519527982093666,0.7772998611746911,0.8175744761936437,0.8354835411997897,0.8519528019683106,0.7981867705385763,0.8175744828610095,0.7310585669110202,0.817574478416099,0.7772998560157665,0.7057850340255386,0.7310585844894971,0.7310585903489891,0.705785040214066,0.5621765008857982,0.3208213008246071,0.34864513533394575,0.5,0.4073334000459302,0.2689414096510109
0.9796676448022444,0.9433475804656482,0.9433475746920262,0.9149009497722477,0.9241418147556224,0.9149009555730611,0.9046505338155469,0.9149009596336302,0.9099070060380482,0.89912137659416,0.9149009544128984,0.9046505331728751,0.9241418121440552,0.9196425344813868,0.9284087980793997,0.9241418189341296,0.9099070109242131,0.8933094110250333,0.9149009515124917,0.9149009520925732,0.8807970842359877
0.9603611613244686,0.9433475768820208,0.9362850013033612,0.914900957313305,0.92414182206801,0.8872045981907006,0.8670357529306639,0.8991213772699435,0.9046505267461572,0.904650530602188,0.8080672204860316,0.8670357460591569,0.8991213705121083,0.8933094025038598,0.8596637505099167,0.8267118026095991,0.8872045981907006,0.7772998560157665,0.7310585669110202,0.7057850216484838,0.8175744828610095
0.8670357615200475,0.8354835309589074,0.8872045855155176,0.8175744828610095,0.8740772236840656,0.8807970701552504,0.8354835350552603,0.9099070121457543,0.8740772400852111,0.8519527944504227,0.8438951025545426,0.9046505395995929,0.9196425240200058,0.8519528000888386,0.8354835432479663,0.8519527963298947,0.7549149813536518,0.8519528057272544,0.8670357701094303,0.8519527944504227,0.7981867729389246
0.9755769109666445,0.9553191255930346,0.9046505370289059,0.9241418194564431,0.9433475730993028,0.943347578474744,0.9399133449870128,0.9099069987088003,0.924141814233309,0.880797085800514,0.9149009625340366,0.9149009607937928,0.8807970858005139,0.8175744850834648,0.9149009619539554,0.8933093975331752,0.8670357718273068,0.8670357580842941,0.8175744761936437,0.8807970795424088,0.8354835309589073
0.9883127442848733,0.9284087975841903,0.9284088040219143,0.8933094081846421,0.9196425311777929,0.8596637433190939,0.8670357615200474,0.9099070084811306,0.8740772400852111,0.8933094010836642,0.8670357683915538,0.8872046019186954,0.8670357615200475,0.8519528038477824,0.7981867753392728,0.8175744761936437,0.8519528057272543,0.8080672089305841,0.8354835330070838,0.7772998714925403,0.7981867729389245
0.9947798754381222,0.955319130045374,0.9433475746920261,0.9099070121457543,0.9046505280315009,0.8740772236840656,0.8354835330070838,0.8933093946927838,0.9046505395995929,0.8670357580842941,0.8519527963298946,0.8354835330070838,0.7057850278370112,0.7981867825403177,0.8175744761936437,0.8354835411997897,0.8519528076067262,0.817574478416099,0.8438951045175642,0.8354835289107309,0.8519528057272543
0.7981867825403176,0.8519528038477825,0.7772998560157665,0.7981867753392728,0.8670357718273068,0.7772998508568416,0.8175744828610094,0.8354835309589074,0.8933094124452287,0.880797068590724,0.8175744739711883,0.9149009636941993,0.8354835371034368,0.880797071719777,0.7772998508568416,0.7772998508568416,0.7772998560157665,0.7981867729389246,0.8175744695262777,0.7549149923816048,0.7981867801399695
0.9465966758497363,0.8354835391516132,0.7772998611746912,0.6224593312018546,0.622459324198198,0.7310585903489891,0.6513548511303336,0.4687906266262437,0.5621765008857981,0.7310585727705126,0.5621765008857981,0.46879062662624377,0.5621765008857981,0.6224593312018546,0.5926665999540697,0.43782349911420193,0.4378234991142019,0.4378234991142019,0.20181321745968234,0.3208213138121609,0.22270013882530887
0.9465966745315055,0.851952809486198,0.89330940889474,0.9046505440982948,0.9046505331728751,0.8354835391516133,0.8807970842359877,0.9149009538328171,0.9046505312448598,0.8933094060543488,0.9046505299595162,0.8670357512127872,0.9149009457116781,0.8807970811069351,0.8807970670261976,0.8670357701094303,0.7981867825403177,0.817574478416099,0.7549149923816048,0.7981867777396211,0.7549149758396752
0.9755769087919997,0.9755769084369555,0.9783846695220548,0.974042644968542,0.9706877674997134,0.9603611633098486,0.9770226280410254,0.9669140226838876,0.9706877708915781,0.9724147148253212,0.9755769122980594,0.9553191271831558,0.9579122713334306,0.9626731113172399,0.9626731130574597,0.9648551500621507,0.932453304167687,0.962673109309294,0.9465966692585823,0.949669368648939,0.9284087946129328
0.9902915226858093,0.9724147167239614,0.9867771775793416,0.9755769114104494,0.9830850883748716,0.9603611635934743,0.9603611644443515,0.9770226290027769,0.9648551503147975,0.9688561704768801,0.9755769119430154,0.9525741244662868,0.9603611644443515,0.9579122713334306,0.9553191251159981,0.975576912431201,0.9603611599063399,0.9241418131886822,0.9324533041676869,0.9046505293168444,0.9399133460389649
0.9688561662054327,0.9433475788729249,0.9465966681286702,0.9324533083911025,0.9196425267730008,0.9465966762263737,0.9196425383355796,0.9465966677520327,0.8933094017937621,0.9465966734015935,0.8807970889295664,0.9241418215456966,0.9362850093037731,0.9149009578933863,0.9149009584734676,0.9149009503523291,0.9196425361331838,0.8519528057272544,0.8807970873650401,0.880797068590724,0.8175744761936437
0.9919380084419371,0.9688561726126037,0.9688561716009451,0.9648551501884741,0.9706877712095654,0.9465966749081428,0.9362850079703712,0.9648551572625859,0.9706877710505718,0.9579122738866626,0.9362850106371751,0.9525741278322103,0.9324533079218341,0.9688561696900346,0.9465966728366374,0.9525741234565096,0.9626731154669946,0.9688561728374167,0.9324533163686646,0.9525741315347258,0.9362850084148385
0.8991213664574069,0.7310585786300049,0.7981867801399695,0.7981867705385763,0.679178686187839,0.7772998714925403,0.7549149758396752,0.679178699175393,0.6224593241981982,0.7310585786300049,0.679178692681616,0.7310585903489892,0.7057850216484839,0.6224593312018545,0.6791787056691698,0.46879062662624377,0.4378234991142019,0.43782349911420193,0.4073334000459302,0.5312093733737562,0.3775406687981454
0.943347575090207,0.8354835330070839,0.8354835309589074,0.8354835432479661,0.7981867705385762,0.7549149813536518,0.817574478416099,0.7772998663336158,0.651354857898194,0.7772998560157665,0.8175744695262777,0.6513548646660542,0.7310585727705127,0.7772998611746911,0.7057850154599562,0.5926665999540698,0.3775406758018019,0.5,0.5,0.5,0.5312093733737563
0.9796676489576609,0.970687766704745,0.9770226327661524,0.9626731130574597,0.9553191265471074,0.9626731118526922,0.9688561678915304,0.9648551576415562,0.966914018751051,0.9648551567572923,0.9603611628844101,0.9626731103801985,0.9603611617499073,0.952574131703022,0.962673111183377,0.9648551549887644,0.9626731133251858,0.9603611606154043,0.9433475703120368,0.9433475762847495,0.9046505402422645
0.9362850039701653,0.9099070060380482,0.8933094131553264,0.880797068590724,0.8519528076067262,0.817574471748733,0.7772998663336158,0.8354835452961425,0.8933094117351309,0.8807970858005139,0.7981867753392728,0.8519528057272543,0.8519527963298947,0.7549149813536518,0.8354835391516133,0.7981867825403176,0.6224593312018545,0.7057850340255386,0.6791786861878392,0.6791787056691697,0.5621765008857981
0.5312093733737563,0.7549149978955811,0.6224593312018546,0.7310585786300048,0.7310585786300049,0.5312093733737563,0.6791786861878392,0.6224593382055109,0.7981867801399695,0.7310585727705127,0.5926665999540698,0.6791786861878392,0.731058584489497,0.6224593312018546,0.679178692681616,0.7057850154599562,0.6224593241981982,0.5312093733737563,0.4687906266262438,0.5926665999540698,0.5926665999540698
0.9399133525610676,0.8519528019683105,0.8807970701552504,0.9099070060380482,0.843895106480586,0.8991213664574069,0.851952809486198,0.7981867801399695,0.7310585727705127,0.7549149868676283,0.8519527963298947,0.754914975839675,0.7310585844894971,0.7310585727705126,0.6791786926816161,0.7772998611746912,0.6224593312018546,0.5312093733737563,0.7310585786300049,0.6791787056691698,0.7549149923816048
0.8354835350552604,0.8175744761936437,0.8519528000888386,0.7981867729389246,0.8175744761936438,0.798186784940666,0.851952809486198,0.8670357494949105,0.8991213820004279,0.9046505428129514,0.8933094032139577,0.8807970873650401,0.9046505299595162,0.8807970670261976,0.8519528057272543,0.8354835432479661,0.7310585844894971,0.8354835391516133,0.8175744673038222,0.7981867729389246,0.8519528000888387
0.9783846674343094,0.9362850110816423,0.9284087951081423,0.9149009497722477,0.9433475780765632,0.9324533055754921,0.9196425284247979,0.9362850119705768,0.8933093954028816,0.8991213806488609,0.9149009642742806,0.8933094159957173,0.8933094060543488,0.8519528019683106,0.9149009526726544,0.8670357683915538,0.8519527982093668,0.8354835432479661,0.8354835309589073,0.8519528000888387,0.8354835371034368
0.9362850110816423,0.8933094131553265,0.8670357683915538,0.8933093996634686,0.9046505338155469,0.8670357701094303,0.914900948612085,0.9241418147556224,0.9046505428129514,0.9149009555730612,0.8933094046341533,0.8933093975331752,0.8933093975331752,0.8933094131553265,0.8519527963298946,0.8519528076067262,0.8354835391516133,0.8670357477770336,0.8354835452961425,0.8519528057272543,0.7549149868676283
0.731058584489497,0.7981867705385762,0.7772998663336158,0.8175744850834648,0.7772998560157663,0.7310585786300049,0.7057850278370112,0.8175744806385543,0.7549149923816048,0.867035752930664,0.7549149923816048,0.7981867849406659,0.7310585669110203,0.8175744806385542,0.7310585844894971,0.7310585786300049,0.7310585669110203,0.6513548511303336,0.6513548511303338,0.7310585786300049,0.6791787056691698
0.9908743620634314,0.9648551559993517,0.9241418152779358,0.9284087980793998,0.9099070145888367,0.8670357735451835,0.8670357735451834,0.8933094039240556,0.8991213745668094,0.880797071719777,0.8991213826762113,0.8596637433190939,0.8519528019683106,0.8740772236840656,0.817574471748733,0.8354835432479661,0.7981867849406659,0.8519528038477824,0.8740772400852111,0.8872046026642944,0.8670357735451835
0.9859363737444824,0.9525741315347258,0.9796676467315452,0.9688561712637256,0.949669372210127,0.9284088040219142,0.9241418225903234,0.9241418168448761,0.960361157495521,0.9603611589136498,0.936285006192502,0.9465966673753953,0.9241418147556224,0.9362850035256981,0.9399133479324787,0.9149009567332237,0.9196425317283919,0.9196425256718028,0.9284087980793997,0.9496693668683448,0.8991213799730774
0.7981867825403177,0.7310585786300049,0.7057850278370112,0.7772998560157665,0.7981867825403176,0.7772998663336158,0.7057850216484838,0.7057850216484838,0.7772998560157665,0.5621765008857981,0.7057850340255386,0.6513548646660543,0.5621765008857981,0.6513548511303338,0.5,0.6513548646660543,0.6224593382055109,0.7057850216484838,0.5312093733737562,0.731058584489497,0.5621765008857982
0.8670357701094303,0.817574478416099,0.7772998611746912,0.6791786926816161,0.7981867705385762,0.7981867873410141,0.7772998560157665,0.8354835350552603,0.6224593312018546,0.7772998508568416,0.7057850340255386,0.7310585727705127,0.731058584489497,0.5926665999540698,0.6224593241981982,0.46879062662624377,0.5312093733737562,0.5312093733737563,0.5621765008857982,0.5621765008857981,0.5312093733737563
0.9433475685202228,0.8933093946927837,0.9099069980980297,0.8596637505099167,0.8807970748488297,0.8872045870067158,0.8872045981907006,0.8807970670261976,0.8807970889295664,0.8670357563664174,0.9046505370289059,0.8933094067644466,0.8354835432479661,0.8807970826714614,0.8354835391516133,0.7981867825403176,0.7981867777396211,0.7981867705385762,0.7981867849406659,0.8175744761936437,0.7057850278370112
0.817574478416099,0.7981867777396211,0.7057850340255386,0.6791787056691697,0.7549149923816048,0.7057850154599563,0.6791786926816161,0.5621765008857981,0.6224593312018546,0.6791787056691697,0.5926665999540698,0.651354857898194,0.5,0.5926665999540698,0.6791787121629466,0.5926665999540698,0.6791786926816161,0.5926665999540698,0.5312093733737563,0.5,0.4378234991142019
0.8807970670261976,0.8354835432479661,0.8670357598021707,0.8080672089305841,0.8354835432479661,0.817574471748733,0.7549149868676283,0.8596637487122112,0.8175744761936437,0.8670357546485407,0.7981867825403176,0.8807970811069351,0.8354835309589074,0.8670357477770337,0.8354835411997897,0.817574478416099,0.8354835309589074,0.8175744806385543,0.8175744850834648,0.8267117855317474,0.7772998508568416
0.9324533083911025,0.8175744828610095,0.8175744806385543,0.8354835371034368,0.7549149923816048,0.7772998560157665,0.7310585786300049,0.7772998663336158,0.7981867753392728,0.8175744850834648,0.7772998560157665,0.7057850340255386,0.7772998560157665,0.7772998508568416,0.8175744828610095,0.7981867753392728,0.7549149978955811,0.6513548578981939,0.679178699175393,0.6513548714339145,0.679178692681616
0.8175744806385543,0.8807970670261976,0.9046505331728751,0.9149009596336303,0.9399133483532596,0.9149009584734676,0.8933094088947399,0.880797071719777,0.914900959053549,0.9324533041676869,0.9241418137109955,0.9046505453836383,0.9241418116217418,0.9241418147556224,0.9241418205010699,0.893309411735131,0.8933093982432729,0.8933094032139577,0.8807970795424088,0.904650536386234,0.9046505376715775
0.994445076425568,0.9603611579209597,0.9626731134590488,0.9399133470909171,0.9579122764398942,0.9324533140223229,0.9399133447766225,0.9284088055075428,0.9324533121452495,0.9362850084148385,0.9465966705768132,0.9149009491921664,0.9149009642742806,0.909907001151883,0.9362850048591,0.9324533140223229,0.928408801050657,0.9324533140223229,0.9433475730993028,0.8933094053442511,0.9362850066369693
0.9883127419505187,0.9859363729696681,0.9783846681827466,0.9669140212537652,0.974042645109825,0.9724147157746413,0.9626731122542813,0.9783846648738668,0.9648551508200913,0.9688561694652216,0.9796676466202393,0.966914021372942,0.9724147146254642,0.9755769093245656,0.9465966669987579,0.9648551510727381,0.97702263163714,0.9755769096796097,0.9648551508200913,0.9626731087738417,0.9603611587718369
0.8991213711878918,0.6791786861878392,0.7057850154599562,0.679178692681616,0.7772998663336158,0.6513548511303338,0.4687906266262437,0.4687906266262437,0.5312093733737562,0.5926665999540698,0.4378234991142019,0.43782349911420193,0.5,0.37754066879814546,0.348645142101806,0.5621765008857981,0.320821300824607,0.2018132150593341,0.22270013366638422,0.22270014398423355,0.20181322706107543
0.9324533158993963,0.7772998611746912,0.8354835391516133,0.8438951064805861,0.7772998663336158,0.7981867849406659,0.8175744828610095,0.7772998714925403,0.8267117876664789,0.7981867849406659,0.7310585786300049,0.7310585786300049,0.7310585727705127,0.7549149813536518,0.7772998714925403,0.6224593312018546,0.7057850340255386,0.7310585727705126,0.7057850278370111,0.6224593312018546,0.4378234991142019
0.9883127426067196,0.9465966720833626,0.9433475707102176,0.9284087980793998,0.914900959053549,0.9149009509324104,0.8807970873650401,0.9324533140223228,0.9399133557169235,0.9241418246795768,0.8933093946927837,0.9046505261034854,0.8933093975331751,0.8807970654616711,0.8933094145755219,0.8933094010836643,0.9046505299595162,0.8519528076067261,0.867035763237924,0.8933094046341532,0.8807970795424088
0.9740426456749568,0.9496693643755131,0.9496693652658101,0.9284088064979619,0.9496693688269985,0.9553191322715436,0.936285003525698,0.9399133557169235,0.9399133546649716,0.9433475748911165,0.9553191313174709,0.9496693641974536,0.9362850044146327,0.9553191265471073,0.9465966756614176,0.9324533107374444,0.9362849990810245,0.9433475760856591,0.8933093946927837,0.9324533032291501,0.9046505293168444
0.989013054890015,0.9496693679367013,0.9553191284552529,0.9324533065140289,0.9196425256718028,0.9149009596336302,0.9241418116217417,0.9149009520925732,0.899121375242593,0.9553191297273498,0.909907004816507,0.8991213826762113,0.9196425234694067,0.909907012756525,0.8807970826714614,0.9099070054272775,0.9362850128595115,0.9099070066488189,0.8991213833519948,0.8991213813246445,0.8175744739711883
0.8354835371034368,0.8670357683915538,0.808067204308405,0.8596637469145054,0.8933093996634686,0.9046505376715775,0.8872045944627057,0.8933093954028816,0.899121388082479,0.8807970779778824,0.8933094124452288,0.8740772417253256,0.8933094032139577,0.8519527982093666,0.8519528000888386,0.7981867705385762,0.8519528038477824,0.8354835371034368,0.8354835371034368,0.8596637451167997,0.8740772253241803
0.9770226300481591,0.9648551571362625,0.9241418225903233,0.936285006192502,0.9496693698953549,0.9465966709534505,0.9284088050123332,0.9525741261492485,0.9284087951081424,0.9284088030314953,0.9241418178895029,0.9149009567332237,0.8740772236840656,0.851952809486198,0.9196425372343816,0.9046505383142494,0.8807970858005139,0.8519527963298946,0.8354835309589074,0.8354835391516132,0.8519528019683106
0.7772998508568416,0.8354835350552604,0.8438950947024555,0.798186768138228,0.8596637451167997,0.893309411735131,0.880797076413356,0.8267117876664789,0.8354835452961425,0.8991213759183765,0.8438951005915208,0.8933093975331751,0.874077222043951,0.8933093982432729,0.8807970670261976,0.7981867801399695,0.8872046011730964,0.8080672158638527,0.7772998560157665,0.8175744761936437,0.8267118026095991
0.9465966671870767,0.9196425245706047,0.8933094060543488,0.9099070115349838,0.8670357615200474,0.8740772466456689,0.7981867729389246,0.8519528000888387,0.8354835452961425,0.9284088055075428,0.8354835371034368,0.798186768138228,0.8807970795424087,0.8933094081846422,0.8807970842359877,0.8519528038477825,0.7981867777396212,0.8670357701094303,0.7981867777396212,0.8872045825331214,0.843895106480586
0.9669140191085817,0.9553191321125315,0.939913344566232,0.9362850066369692,0.9399133561377043,0.9362850057480346,0.9196425317283919,0.9284087926320944,0.9399133557169236,0.8596637505099168,0.9241418267688303,0.9241418189341296,0.9149009636941993,0.9149009491921664,0.9046505357435622,0.9324533116759811,0.9284087956033519,0.8933094167058151,0.9241418246795768,0.8933093961129794,0.8519528057272544
0.817574471748733,0.8596637469145054,0.8670357512127872,0.7772998611746912,0.7879312031126512,0.817574471748733,0.7057850216484838,0.7772998508568417,0.7981867777396212,0.7310585844894971,0.7772998560157665,0.7772998611746911,0.8519528076067261,0.8175744695262775,0.8175744806385543,0.7772998560157665,0.8354835432479661,0.7310585903489892,0.7549149758396752,0.7772998611746912,0.731058584489497
0.7981867705385762,0.7772998663336158,0.6791787056691698,0.5621765008857981,0.6513548511303338,0.6791787121629466,0.4378234991142019,0.6791787121629466,0.5621765008857982,0.6224593312018546,0.7057850340255386,0.5926665999540698,0.5312093733737562,0.34864514210180597,0.4687906266262437,0.320821300824607,0.37754066879814546,0.2450850186463482,0.2018132150593341,0.22270014914315833,0.26894141551050293
0.8175744806385543,0.731058584489497,0.6513548511303338,0.731058584489497,0.6791786926816161,0.6513548646660542,0.7549149923816048,0.7772998611746912,0.6791787121629466,0.6791787121629465,0.8354835391516132,0.6224593312018545,0.5312093733737562,0.7057850402140659,0.6224593312018546,0.622459324198198,0.651354857898194,0.5926665999540698,0.5312093733737563,0.3775406687981454,0.6224593312018545
0.9433475758865687,0.8596637541053281,0.8596637469145054,0.8354835432479661,0.8519527963298947,0.7879311956428947,0.798186775339273,0.8080672066194945,0.7981867825403176,0.8175744850834648,0.8175744761936437,0.7549149813536518,0.7772998714925403,0.7981867729389246,0.8519528000888386,0.7310585844894971,0.7772998560157665,0.7549149868676284,0.7549149758396752,0.7772998714925403,0.7549149813536518
0.7549149813536518,0.8175744806385543,0.8519528076067261,0.8519528076067262,0.899121375242593,0.7981867705385763,0.8933094060543488,0.880797071719777,0.8519528094861981,0.9465966722716814,0.8807970811069351,0.880797071719777,0.9324533022906133,0.9399133437246703,0.8807970670261976,0.9046505286741726,0.8175744828610095,0.8354835289107309,0.9284087970889806,0.9046505299595162,0.8740772236840656
0.9740426399294492,0.9241418178895028,0.9362849995254919,0.8740772368049822,0.8991213874066956,0.8991213698363247,0.9149009491921662,0.8933094003735664,0.8807970842359877,0.9241418215456966,0.919642530076595,0.9149009584734676,0.9284087960985615,0.9324533107374444,0.9362850128595115,0.9046505280315009,0.9099069987088004,0.880797085800514,0.8807970701552505,0.8933093961129794,0.9284087941177231
0.9553191276601922,0.9046505447409665,0.8872045825331215,0.9149009509324104,0.9324533121452494,0.9099070097026719,0.8519527982093666,0.8519528000888386,0.8354835350552603,0.8354835371034368,0.8519528057272543,0.8670357580842941,0.8354835391516132,0.8519528038477825,0.8519527982093666,0.7772998508568416,0.5312093733737563,0.5621765008857981,0.731058584489497,0.6791786861878392,0.6224593312018546
0.9603611570700823,0.8519528038477824,0.8807970748488297,0.880797071719777,0.8354835452961425,0.880797085800514,0.8670357546485407,0.8354835289107307,0.7772998560157665,0.817574471748733,0.8175744695262775,0.7057850154599562,0.6791787056691698,0.7772998508568416,0.8175744761936437,0.7772998611746912,0.6791787056691698,0.7057850340255386,0.6224593382055109,0.7057850216484838,0.6791786861878392
0.972414716624033,0.9553191275011801,0.9362850119705768,0.9324533041676869,0.9579122764398942,0.9284088074883808,0.9465966732132748,0.9496693697172954,0.9465966722716814,0.9525741278322102,0.9465966668104392,0.9399133525610677,0.9241418189341296,0.9465966726483187,0.9496693706075925,0.9525741229516211,0.9362850070814366,0.8991213711878918,0.880797085800514,0.924141826246517,0.8519527944504227
0.8670357701094303,0.9149009526726545,0.9284088064979618,0.8519527944504227,0.9284088069931713,0.9465966713300878,0.8991213826762113,0.8933094174159129,0.9241418220680099,0.8872045832787204,0.9324533112067127,0.8807970670261976,0.9149009515124917,0.8933093989533707,0.8670357666736772,0.880797071719777,0.904650527388829,0.8354835330070839,0.8519528038477824,0.8991213826762113,0.8519528057272543
0.9883127409178085,0.9553191295683378,0.9648551546097941,0.9433475742938453,0.9362850048591,0.9579122675786775,0.9496693723881865,0.9496693643755131,0.9399133437246703,0.9525741248028791,0.946596667563714,0.9399133561377043,0.9362850075259039,0.9362850110816423,0.9525741217735478,0.9362850088593059,0.9399133546649716,0.9284088074883808,0.9241418210233832,0.9362849990810246,0.9399133527714579
0.9783846683009207,0.9553191325895678,0.9525741320396143,0.9399133523506772,0.9241418215456966,0.9099070097026719,0.9324533097989076,0.9046505338155469,0.8807970811069351,0.8933094074745443,0.8670357529306639,0.8519528076067261,0.8596637487122112,0.9099070139780661,0.9362850030812307,0.8807970748488297,0.8740772269642949,0.8740772450055544,0.9099070023734243,0.8807970795424088,0.8670357494949105
0.9496693650877507,0.9284088050123332,0.8872045989362995,0.8519528057272543,0.8080672181749422,0.8175744739711883,0.8175744739711883,0.874077230244524,0.8438950966654774,0.8807970764133561,0.8175744739711883,0.8519528019683105,0.867035758084294,0.7549149758396752,0.8354835330070839,0.7772998714925403,0.8175744828610095,0.7549149813536518,0.7549149923816048,0.8519527963298947,0.7772998560157665
0.7310585786300049,0.8354835391516133,0.8354835371034369,0.817574478416099,0.8175744806385542,0.8519528076067262,0.851952809486198,0.8519528057272543,0.8175744806385543,0.8354835289107307,0.8807970748488297,0.8807970732843033,0.7549149758396752,0.8175744695262775,0.8175744806385543,0.7772998611746912,0.6791786861878392,0.6513548646660543,0.7772998663336157,0.8519528057272543,0.7549149813536518
0.7772998663336158,0.8670357477770336,0.8354835432479661,0.8354835330070839,0.8807970889295663,0.8670357546485407,0.8872045974451017,0.9099070035949656,0.8991213860551287,0.8872045884979137,0.8670357598021707,0.8991213853793453,0.9196425256718028,0.9149009561531425,0.8670357683915537,0.8740772450055545,0.8991213833519948,0.8872045817875224,0.8519528057272543,0.8740772417253256,0.8807970858005139
0.9648551561256751,0.9525741242979906,0.9324533135530545,0.9196425245706047,0.9099070029841949,0.9196425377849806,0.9099070023734244,0.9284087936225136,0.8872045914803098,0.8519528038477825,0.8670357460591569,0.8933094152856197,0.9099069974872589,0.8991213691605411,0.8933094096048377,0.8519528076067262,0.8807970826714614,0.8519527963298947,0.8354835391516133,0.8519527963298947,0.8267117983401363
0.9755769121205375,0.9553191332256162,0.9669140195852891,0.9324533097989076,0.9046505267461572,0.8933093982432729,0.8933094025038598,0.8933094010836642,0.9149009596336303,0.9149009503523291,0.904650527388829,0.880797071719777,0.880797081106935,0.8175744695262777,0.8670357460591569,0.9046505453836383,0.7981867777396211,0.8519528057272544,0.7549149813536518,0.8807970701552505,0.7772998611746912
0.9496693620607405,0.9046505421702797,0.9149009578933863,0.904650533815547,0.8807970670261976,0.9099070005411124,0.9196425399873763,0.8807970811069351,0.8933094088947399,0.880797076413356,0.8933094167058151,0.8807970826714614,0.8670357701094303,0.8807970904940926,0.8519528038477824,0.8519528019683105,0.7549149813536518,0.7981867777396212,0.7981867705385763,0.7981867681382279,0.8354835411997897
0.9902915229902433,0.9465966666221205,0.9626731118526922,0.9399133557169235,0.9196425251212038,0.9324533107374444,0.9284087985746093,0.9099069993195711,0.914900963114118,0.9149009457116781,0.8933094145755219,0.904650536386234,0.904650530602188,0.9149009515124918,0.9196425317283918,0.9149009503523291,0.9362850088593059,0.9046505447409666,0.8807970889295664,0.8991213732152424,0.8519527944504227
0.9890130571164076,0.9603611648697901,0.9626731117188291,0.9525741303566526,0.9433475707102177,0.9433475693165846,0.9433475800674673,0.9496693620607405,0.9241418252018901,0.9362850101927077,0.9399133477220882,0.9433475794701961,0.9046505395995927,0.919642533380189,0.939913343093499,0.9284087951081423,0.9241418252018901,0.9046505421702796,0.8933094159957173,0.9433475721038506,0.9046505402422645
0.7549149758396752,0.7772998560157665,0.5621765008857982,0.6224593312018546,0.7310585727705126,0.6791786861878392,0.6513548511303338,0.7057850216484838,0.6224593312018545,0.679178692681616,0.7057850216484838,0.7549149813536518,0.679178699175393,0.6791787121629466,0.6513548714339145,0.6513548646660542,0.5,0.4378234991142019,0.4378234991142019,0.5621765008857981,0.37754067580180184
0.9724147178231742,0.9399133512987252,0.9433475792711057,0.9284088010506572,0.9099069968764882,0.9046505254608136,0.8991213826762113,0.9046505318875316,0.880797071719777,0.9149009555730611,0.8670357701094304,0.8807970654616712,0.8807970873650401,0.867035763237924,0.8519528057272544,0.880797085800514,0.8175744806385543,0.7981867705385763,0.7310585727705127,0.8175744828610095,0.817574471748733
0.7981867801399695,0.914900945711678,0.8807970904940926,0.9362850101927077,0.9149009561531424,0.8933094117351309,0.8670357477770336,0.9149009468718409,0.9324533093296392,0.9046505286741726,0.8807970732843033,0.9149009607937928,0.9046505370289057,0.8933093946927838,0.8670357580842941,0.8933093954028816,0.880797068590724,0.8933093982432729,0.8670357477770337,0.8670357477770336,0.8933094067644466
0.9724147147253926,0.9399133447766225,0.9525741222784363,0.9465966735899122,0.9553191249569861,0.9706877690366522,0.96267311131724,0.9648551532202365,0.9648551508200912,0.9579122704322899,0.9362850075259039,0.9553191330666041,0.9399133544545811,0.9433475752892975,0.9362849999699593,0.9284088055075428,0.9626731125220075,0.9399133458285746,0.9149009613738742,0.9149009468718409,0.9241418252018903
0.9796676488834571,0.9626731121204183,0.8933094046341532,0.8872045832787204,0.9399133489844307,0.9362850044146327,0.9284088045171237,0.9149009544128984,0.924141813188682,0.9324533032291501,0.92414182206801,0.9099070139780661,0.8519528019683106,0.8807970779778824,0.899121367808974,0.8807970748488297,0.8175744828610095,0.8670357598021708,0.798186768138228,0.8354835371034368,0.7772998611746912
0.9820137935910384,0.964855153093913,0.9433475734974837,0.9603611583463982,0.9648551556203815,0.9525741258126561,0.9399133540338004,0.9399133534026292,0.939913350667554,0.9433475782756536,0.9496693695392361,0.9362850079703712,0.9553191327485799,0.9324533093296392,0.9399133477220882,0.9046505376715775,0.8872045959539038,0.9149009636941993,0.8670357546485408,0.9149009613738741,0.8670357649558006
0.993710096489332,0.9579122731357119,0.9603611652952286,0.9196425240200057,0.8933094096048376,0.8670357512127872,0.8740772368049822,0.8933093968230772,0.880797068590724,0.8991213826762113,0.8596637523076225,0.8670357615200474,0.8438951005915208,0.8519528038477825,0.8670357683915538,0.8670357529306639,0.8519527963298947,0.8354835350552604,0.8354835411997897,0.8807970889295664,0.8267117940706734
0.9740426443092215,0.9496693714978894,0.946596671330088,0.9324533158993962,0.9525741242979906,0.9196425240200057,0.9553191306814225,0.9362850119705769,0.9399133557169235,0.924141819456443,0.8872045892435128,0.9324533032291501,0.8991213705121083,0.9196425240200057,0.9284087995650284,0.8933094145755219,0.8807970826714614,0.9324533097989076,0.9149009515124917,0.9496693688269985,0.8933094167058151
0.9669140225647108,0.9553191286142649,0.8933094159957173,0.9399133502467731,0.9579122708828602,0.9399133510883348,0.9324533032291501,0.9496693620607405,0.9433475703120368,0.9770226289191464,0.9046505248181417,0.9465966688819449,0.9046505415276079,0.9324533069832974,0.9579122767402743,0.9465966688819449,0.9046505338155469,0.8933094039240554,0.8519527963298946,0.9241418178895029,0.8807970748488297
0.9859363747646543,0.9706877718985379,0.9796676480672146,0.9603611589136498,0.9808759624454895,0.979667647881705,0.952574122783325,0.9688561699148476,0.9724147156747128,0.9626731125220075,0.9626731118526922,0.9553191308404346,0.9796676475848896,0.9740426456278625,0.9626731119865553,0.9820137879323497,0.9740426443092215,0.982013793755535,0.9688561716009452,0.9362849986365572,0.9433475772802016
0.9867771758780787,0.9648551552414112,0.9553191257520467,0.9284088020410761,0.9149009532527358,0.8438951005915208,0.8354835391516133,0.8807970764133561,0.9149009607937928,0.8596637469145054,0.8670357683915538,0.8596637523076224,0.7981867753392728,0.8354835289107307,0.8175744806385542,0.8670357683915538,0.8670357580842941,0.8670357598021707,0.8354835432479661,0.8354835411997897,0.8596637559030338
0.9740426454394852,0.9496693682928202,0.9465966735899121,0.9399133512987252,0.9603611635934743,0.9579122729855218,0.9648551508200912,0.9553191322715436,0.9553191292503135,0.9626731097108832,0.9324533083911025,0.9465966666221205,0.9399133435142799,0.9241418178895029,0.9362850079703712,0.9603611582045855,0.9626731134590489,0.9362850119705768,0.8519528000888387,0.9362850101927077,0.8807970826714614
0.9362850026367634,0.904650536386234,0.8670357546485407,0.8670357649558007,0.8596637487122111,0.8519528076067262,0.7981867681382279,0.8267117962054049,0.8175744761936437,0.8872046004274975,0.8175744806385543,0.8807970764133561,0.7772998714925403,0.8670357477770336,0.8519528038477825,0.798186775339273,0.7549149978955811,0.817574471748733,0.7772998560157665,0.7772998611746912,0.6224593312018546
0.7981867849406659,0.8519528019683106,0.817574478416099,0.8807970779778824,0.8175744739711883,0.817574471748733,0.843895106480586,0.8354835289107307,0.7981867753392728,0.9046505261034854,0.7981867705385762,0.817574478416099,0.7981867849406659,0.7772998508568416,0.7057850402140659,0.7981867753392728,0.7057850216484838,0.7310585903489891,0.6224593312018546,0.7057850154599562,0.7310585727705127
0.9553191279782165,0.9399133544545811,0.9324533093296393,0.9046505254608136,0.9099070133672955,0.9149009561531425,0.8872046004274975,0.8807970842359877,0.8933093975331752,0.8872045899891118,0.9099070011518829,0.8933094067644466,0.89912137659416,0.8933094060543488,0.9149009555730611,0.9046505331728751,0.8354835350552604,0.817574478416099,0.8596637433190939,0.8354835452961425,0.817574478416099
0.9859363701803365,0.9648551506937678,0.9525741232882134,0.9149009567332237,0.8807970685907242,0.9324533074525658,0.9241418278134569,0.9149009491921664,0.8991213772699435,0.9284088045171238,0.8933094067644466,0.8933094074745443,0.8872045899891118,0.9099069962657176,0.8807970873650401,0.8991213806488609,0.8933093968230773,0.9046505370289059,0.9362850128595114,0.9399133481428692,0.9241418215456967
0.9896718472903049,0.970687770997574,0.9284088000602381,0.9241418231126367,0.8991213725394589,0.8991213799730775,0.8354835411997898,0.9099070121457543,0.8991213853793453,0.8740772335247531,0.8354835391516133,0.880797068590724,0.8354835452961427,0.8267117983401363,0.7981867801399695,0.7772998663336158,0.8807970811069351,0.8354835411997897,0.8596637433190939,0.8670357666736772,0.7772998714925403
0.983085088963369,0.9496693641974536,0.9433475800674673,0.9284087931273041,0.9196425229188077,0.9046505325302034,0.9149009636941993,0.880797085800514,0.9099070090919013,0.9196425366837827,0.9099069987088003,0.8670357649558006,0.880797071719777,0.8670357598021707,0.8354835289107307,0.8807970873650401,0.8933094017937621,0.8991213711878918,0.7981867801399695,0.8670357477770336,0.7772998663336158
0.9553191289322892,0.8933094017937621,0.8354835371034368,0.8519528000888387,0.817574471748733,0.8354835411997897,0.7772998714925403,0.7981867825403177,0.8596637469145053,0.8519527944504227,0.7549149758396752,0.7772998611746911,0.7981867801399694,0.7981867825403177,0.7549149923816048,0.7549149813536518,0.7549149868676283,0.7057850340255386,0.7057850278370111,0.7057850216484838,0.6791786991753931
0.974042643649901,0.9465966750964615,0.9525741313664297,0.9399133449870128,0.9324533121452495,0.9196425295259959,0.9046505248181418,0.9284087975841903,0.9099070054272775,0.9149009596336303,0.9324533041676869,0.9241418272911436,0.9046505402422645,0.9284088035267047,0.9324533041676869,0.9362850053035674,0.9324533041676869,0.9241418236349501,0.8807970904940925,0.9284088040219143,0.9099070023734244
0.9324533097989076,0.7549149758396752,0.7310585786300049,0.7772998714925403,0.7549149868676283,0.679178699175393,0.7549149923816048,0.5926665999540698,0.7057850340255386,0.6791786926816161,0.5,0.5621765008857981,0.5621765008857981,0.6224593312018546,0.5,0.5926665999540698,0.34864512856608565,0.37754066879814546,0.4378234991142019,0.2942149597859341,0.4073334000459302
0.943347578474744,0.8933094081846421,0.8670357477770337,0.8354835309589074,0.8354835330070838,0.8807970701552505,0.8519528019683106,0.8354835350552604,0.8175744739711883,0.7981867729389245,0.7772998611746912,0.7772998560157665,0.7549149758396752,0.7772998611746912,0.7981867729389246,0.7772998714925403,0.7310585903489891,0.7981867729389246,0.7310585844894971,0.679178699175393,0.7549149868676284
0.9859363705677436,0.9579122755387537,0.9399133550857524,0.9241418246795768,0.9196425245706047,0.9196425229188077,0.9433475798683769,0.9196425229188077,0.9196425311777929,0.9399133563480947,0.9099070121457543,0.880797071719777,0.8872045899891118,0.9149009596336303,0.8807970654616711,0.9399133439350608,0.89330940889474,0.8740772417253256,0.9196425394367774,0.9099069968764882,0.8872045877523147
0.9433475790720153,0.8354835289107307,0.8175744739711883,0.8175744739711883,0.8670357666736773,0.8519528076067261,0.8354835371034368,0.8519527963298946,0.7549149758396752,0.7772998560157665,0.7772998714925403,0.7981867873410141,0.8175744761936437,0.817574478416099,0.7310585727705127,0.651354857898194,0.4378234991142019,0.7310585727705127,0.679178699175393,0.651354857898194,0.5312093733737563
0.8519527982093666,0.7549149813536518,0.7772998714925403,0.7772998508568416,0.8080672181749422,0.8354835391516133,0.7310585727705127,0.8175744828610095,0.7981867825403176,0.8175744739711883,0.7549149923816048,0.7549149813536518,0.7057850216484838,0.679178699175393,0.7549149978955811,0.7981867849406659,0.7310585844894971,0.7549149923816048,0.7057850278370112,0.7981867873410141,0.7057850216484839
0.9648551573889094,0.9046505383142494,0.9241418147556224,0.932453310268176,0.8933094145755219,0.893309405344251,0.9149009515124917,0.9046505415276079,0.8807970654616712,0.8933094010836642,0.8933094025038598,0.8933094067644466,0.8933094124452287,0.7981867753392728,0.8933094088947399,0.8807970685907242,0.9196425284247979,0.8670357683915537,0.798186787341014,0.8807970779778824,0.8670357494949105
0.984093605576613,0.9465966656805269,0.9399133546649715,0.9324533144915913,0.9196425240200057,0.8991213833519948,0.8354835330070838,0.8596637523076225,0.8991213874066956,0.8596637433190939,0.8080672181749422,0.8807970842359877,0.8175744695262775,0.8175744761936437,0.7772998611746911,0.8175744739711883,0.8519528076067262,0.8807970670261976,0.8519528094861981,0.8175744761936437,0.8175744761936437
0.9496693622387998,0.8740772433654401,0.8596637523076225,0.8740772269642949,0.8740772286044095,0.8175744695262777,0.7549149868676283,0.8670357546485407,0.8933094010836642,0.7981867777396211,0.8519528076067262,0.8175744695262775,0.8519527982093666,0.8519528057272543,0.8175744695262775,0.8354835350552603,0.7981867705385762,0.7057850216484838,0.7772998508568416,0.679178699175393,0.7057850340255386
0.9433475691174941,0.9496693617046216,0.9496693706075925,0.9399133561377043,0.9579122720843812,0.8991213684847575,0.8991213664574069,0.9099070072595895,0.8872045981907006,0.9362850070814366,0.9099070121457543,0.8933094131553265,0.8872045922259088,0.8670357632379241,0.8991213732152424,0.8807970889295664,0.867035763237924,0.9324533074525657,0.8670357666736772,0.8933093946927838,0.8740772400852111
0.904650538956921,0.7981867705385762,0.8438950986284991,0.7981867705385762,0.8175744761936437,0.8354835371034368,0.7057850278370112,0.8267117876664789,0.7549149813536518,0.8080672158638527,0.7981867801399695,0.7981867705385762,0.7772998560157665,0.7981867777396211,0.7549149923816048,0.7981867801399695,0.6791786926816161,0.7772998663336158,0.7981867753392728,0.6791787121629466,0.7310585727705127
0.9433475732983931,0.8872046019186953,0.9099070145888366,0.9241418199787564,0.8872045825331215,0.9046505261034854,0.8740772417253256,0.8991213678089741,0.9196425311777929,0.9099069980980297,0.8354835391516133,0.8807970858005139,0.8807970670261976,0.9046505338155469,0.8354835330070838,0.7981867801399695,0.7772998560157665,0.817574471748733,0.8670357529306639,0.7981867705385762,0.8354835309589074
0.9046505299595162,0.8933094167058151,0.8670357477770337,0.867035763237924,0.8354835432479661,0.8354835371034368,0.8175744806385542,0.7772998560157665,0.8354835289107309,0.880797071719777,0.731058584489497,0.7310585727705127,0.8175744761936437,0.8175744761936437,0.7772998611746912,0.5621765008857982,0.5621765008857982,0.5926665999540698,0.5621765008857982,0.6224593312018546,0.46879062662624377
0.9362850026367634,0.8933094010836642,0.8740772286044095,0.8175744695262777,0.8596637487122111,0.8175744761936437,0.798186787341014,0.8175744739711884,0.8354835411997897,0.8872045877523147,0.8438951084436077,0.8991213698363246,0.851952809486198,0.8519528000888387,0.8519527944504227,0.7057850402140659,0.817574471748733,0.6224593312018546,0.7057850278370112,0.8175744739711883,0.7310585669110203
0.7981867729389246,0.867035752930664,0.8354835411997897,0.8519527963298947,0.9046505325302034,0.9284088079835903,0.9149009578933863,0.880797068590724,0.8991213820004279,0.904650538956921,0.8670357512127873,0.880797071719777,0.8933094046341532,0.9046505428129514,0.880797076413356,0.893309405344251,0.817574471748733,0.7981867801399695,0.8519528019683106,0.9046505428129514,0.8354835371034368
0.9099070005411124,0.7981867825403177,0.7310585727705126,0.6224593312018546,0.5312093733737563,0.7549149923816048,0.5312093733737563,0.5312093733737563,0.5926665999540698,0.6224593312018546,0.5,0.6224593312018545,0.5621765008857981,0.43782349911420193,0.4687906266262437,0.40733340004593027,0.46879062662624377,0.34864514210180597,0.2450850131323717,0.26894143308897966,0.22270013366638425
0.96691402411401,0.9626731111833768,0.9496693698953548,0.9399133529818483,0.9149009462917594,0.9046505402422644,0.9046505428129514,0.9046505376715775,0.8670357494949105,0.9362850030812306,0.9099070103134425,0.8807970873650403,0.9284087980793998,0.8670357683915538,0.9149009503523291,0.8872045952083047,0.8807970904940926,0.8807970889295663,0.7981867777396212,0.8872046034098933,0.8354835309589074
0.9362850097482405,0.9465966743431868,0.9433475734974837,0.9149009462917594,0.8740772269642949,0.8740772318846386,0.8933094110250331,0.8933094088947399,0.8267117962054049,0.8933093954028816,0.8807970826714614,0.8354835452961425,0.8519528094861981,0.8740772269642949,0.9046505267461572,0.8807970779778824,0.8807970826714614,0.8670357529306639,0.8175744828610095,0.8670357666736772,0.8175744761936437
0.9770226295463756,0.9496693661561072,0.9553191327485799,0.9433475752892974,0.936285003525698,0.9465966651155708,0.9324533088603709,0.9433475802665577,0.9465966730249561,0.9465966662454831,0.949669372566246,0.955319126070071,0.9433475800674672,0.932453304167687,0.9433475740947549,0.9579122758391339,0.9362850101927077,0.9241418220680099,0.8933093946927838,0.9362850048591,0.8807970873650401
0.9433475764838399,0.7772998508568416,0.8354835452961425,0.7981867801399695,0.7549149978955811,0.7772998611746912,0.7310585669110202,0.731058584489497,0.7772998560157665,0.7310585786300049,0.7057850340255386,0.5926665999540698,0.7549149923816048,0.7981867729389245,0.5926665999540698,0.7057850340255386,0.5926665999540698,0.5312093733737563,0.40733340004593027,0.6513548511303336,0.5
0.9830850878483214,0.9241418215456967,0.936285003525698,0.9099070066488189,0.9196425284247979,0.9196425394367774,0.9149009567332237,0.9196425284247979,0.899121375242593,0.8933094131553264,0.90990700787036,0.9149009503523291,0.9046505402422645,0.8872045974451017,0.8519528019683106,0.9099070017626537,0.867035771827307,0.9046505408849362,0.8670357529306639,0.880797068590724,0.817574478416099
0.9241418252018903,0.909907001151883,0.899121386730912,0.8807970748488297,0.8807970811069351,0.8670357718273068,0.8596637451167997,0.8991213732152423,0.8596637541053281,0.8991213826762114,0.7981867801399695,0.817574478416099,0.8175744806385542,0.7981867777396212,0.7981867801399695,0.7772998508568416,0.7310585727705126,0.7549149923816048,0.7310585903489892,0.7772998663336158,0.5926665999540697
0.9896718453959248,0.9579122716338109,0.9465966664338018,0.9399133458285746,0.9399133487740403,0.9284087941177231,0.9579122708828602,0.9399133435142799,0.9284087995650284,0.9579122731357119,0.9362850039701653,0.9399133462493554,0.9465966758497362,0.9284088040219143,0.9525741310298373,0.9496693691831173,0.9553191282962408,0.9149009578933863,0.9099070066488189,0.9362849995254919,0.9149009520925732
0.9740426400707322,0.9669140213729421,0.9688561714885386,0.9525741237931021,0.9241418215456966,0.9196425350319858,0.9149009642742806,0.8740772269642949,0.9324533018213449,0.9324533097989076,0.9046505338155469,0.9046505286741726,0.9284087975841903,0.9046505428129514,0.9465966660571643,0.9284087941177233,0.9046505408849362,0.9241418246795768,0.9241418137109956,0.9149009468718409,0.8354835411997897
0.9840936099792732,0.957912274637613,0.9603611627425972,0.9553191263880952,0.9433475742938453,0.9149009578933863,0.9149009567332238,0.9496693638413347,0.9196425355825848,0.9553191332256162,0.9553191268651317,0.9399133536130196,0.9324533112067128,0.9324533107374443,0.9196425256718028,0.9284087931273041,0.9324533079218342,0.9324533079218341,0.9324533163686646,0.9284087975841903,0.9046505440982948
0.8933093975331751,0.8354835330070838,0.8596637523076225,0.8807970889295663,0.8872046019186954,0.8670357494949104,0.8175744717487329,0.7772998560157663,0.7549149978955811,0.7549149868676283,0.6513548511303338,0.6513548646660542,0.6513548511303336,0.5926665999540698,0.4378234991142019,0.4378234991142019,0.5621765008857981,0.5,0.37754066879814546,0.4378234991142019,0.4687906266262437
0.9196425240200058,0.8807970779778824,0.7981867849406659,0.8807970764133561,0.7981867777396212,0.8740772236840657,0.8596637541053281,0.8519528076067262,0.8175744806385542,0.731058584489497,0.7549149813536518,0.7310585786300048,0.7549149923816048,0.6224593312018546,0.5621765008857982,0.6224593312018546,0.5312093733737563,0.4687906266262437,0.5312093733737563,0.5621765008857981,0.5312093733737563
0.9890130576628857,0.9626731143960903,0.9433475758865687,0.9603611577791468,0.9241418168448761,0.932453310268176,0.9149009625340366,0.9284087965937711,0.8991213711878917,0.9241418231126367,0.9196425245706047,0.9324533018213449,0.9196425267730008,0.90990700787036,0.9553191294093255,0.9099070109242131,0.8807970811069351,0.9046505351008904,0.924141826246517,0.9399133458285744,0.9241418121440552
0.9362850075259039,0.8670357615200475,0.8670357701094304,0.8354835330070839,0.8670357683915538,0.8354835330070839,0.7310585669110202,0.7981867705385762,0.6791787056691698,0.8670357494949105,0.7549149758396752,0.7549149923816048,0.7772998714925402,0.7310585786300049,0.7772998508568416,0.6224593312018546,0.5621765008857981,0.6513548714339145,0.5621765008857981,0.4687906266262437,0.6513548782017745
0.9525741232882136,0.8175744850834648,0.8740772335247532,0.8519528019683106,0.8519527982093666,0.8670357718273068,0.7879312006227324,0.8175744850834648,0.8438950966654774,0.7549149868676284,0.7549149813536518,0.7981867801399695,0.798186775339273,0.798186787341014,0.7057850216484838,0.731058584489497,0.7310585903489891,0.5926665999540698,0.7310585669110203,0.5926665999540698,0.5312093733737563
0.7772998714925403,0.8519528019683105,0.8175744761936437,0.8175744673038222,0.8354835432479661,0.7310585669110203,0.8670357563664174,0.8670357494949104,0.8670357649558006,0.8807970889295664,0.851952809486198,0.8519528057272544,0.817574471748733,0.7772998560157665,0.7772998560157665,0.7981867753392728,0.7981867849406659,0.7549149923816048,0.6791787056691698,0.7057850278370111,0.8354835411997897
0.9433475782756536,0.909907001151883,0.9046505402422645,0.9046505376715775,0.880797068590724,0.8519528000888387,0.914900959053549,0.8933094131553264,0.8519528038477824,0.8519528038477825,0.8354835391516133,0.8354835350552603,0.8519527963298947,0.8519527982093666,0.7981867873410141,0.7981867801399695,0.7549149813536518,0.8175744695262775,0.7310585669110203,0.7772998560157665,0.7549149813536518
0.7057850154599562,0.7772998714925403,0.8175744739711883,0.7310585669110202,0.8438951025545426,0.8354835371034368,0.874077230244524,0.8519528000888386,0.8670357460591568,0.8670357649558006,0.8354835432479663,0.8872045929715078,0.8354835330070839,0.8519527944504227,0.8175744806385543,0.7772998560157663,0.8354835309589073,0.8519528057272543,0.7981867801399694,0.8354835391516133,0.6791786861878392
0.977022628877331,0.9626731158685838,0.9648551520833256,0.9496693714978894,0.9284087956033519,0.9496693675805826,0.9324533116759811,0.9399133437246703,0.946596667563714,0.9241418231126367,0.9196425234694067,0.936285003525698,0.9196425311777929,0.9241418215456966,0.9362849990810246,0.960361163026223,0.9525741303566527,0.8933093975331751,0.9196425284247979,0.9553191340206767,0.9465966754730989
0.8872045922259088,0.8519528038477824,0.8519527963298947,0.867035758084294,0.8740772335247532,0.8933094110250331,0.8740772253241802,0.8740772400852111,0.8933094025038599,0.880797068590724,0.8354835452961425,0.89330940889474,0.919642527874199,0.8670357666736772,0.880797071719777,0.8933094074745443,0.8354835391516132,0.8933093982432729,0.8807970889295664,0.8267118004748677,0.8740772253241803
0.9796676489576609,0.9706877706265887,0.9626731125220075,0.957912271934191,0.9579122737364724,0.9648551529675896,0.9626731146638163,0.9525741249711753,0.9603611574955211,0.9669140238756563,0.9626731125220075,0.932453315430128,0.9626731154669946,0.9626731139945012,0.9525741311981335,0.9579122723847614,0.9465966747198242,0.9553191247979739,0.9362850079703713,0.9362850075259039,0.9553191251159981
0.8354835289107307,0.8519528019683105,0.7981867849406659,0.8670357735451835,0.8740772318846386,0.8354835350552604,0.8519528076067262,0.8596637505099167,0.8670357735451835,0.8933093989533708,0.8807970764133561,0.7981867729389246,0.817574471748733,0.8354835391516133,0.7981867753392728,0.8519527982093666,0.7981867705385763,0.7772998611746911,0.7057850216484838,0.8519527982093666,0.7549149923816048
0.9579122698315294,0.9553191259110588,0.9284088005554476,0.9399133512987252,0.9399133500363828,0.9241418252018903,0.9241418210233833,0.9433475754883879,0.932453310268176,0.9399133536130195,0.9284088030314952,0.9046505383142492,0.9241418158002492,0.8807970764133561,0.9196425317283919,0.89330940889474,0.9046505286741726,0.8933094110250331,0.8519528019683106,0.8933093961129794,0.9046505428129514
0.9755769120317764,0.9241418173671895,0.9241418241572635,0.9149009474519223,0.9099070115349838,0.8933094032139577,0.9149009515124917,0.9046505376715774,0.8670357701094303,0.9324533135530545,0.8519527982093666,0.9149009549929797,0.8933094053442511,0.8519528076067262,0.8175744806385543,0.8670357580842941,0.9149009549929797,0.8354835371034368,0.8519528076067262,0.7981867777396211,0.7772998560157665
0.9770226291700381,0.9579122711832404,0.9525741283370988,0.9525741248028791,0.9465966660571643,0.960361157637334,0.9603611567864567,0.9399133468805266,0.9525741232882136,0.9724147178731385,0.9496693709637113,0.9324533140223229,0.9465966722716814,0.9553191252750104,0.9433475691174941,0.9525741259809524,0.9241418241572634,0.932453306514029,0.9324533069832973,0.9399133557169235,0.9149009486120849
0.8438951045175642,0.8740772450055545,0.8519528019683106,0.8807970826714614,0.89330940889474,0.8438951064805861,0.8872046026642944,0.8933094167058151,0.9241418241572634,0.8933094145755219,0.8670357718273068,0.880797068590724,0.9284087980793998,0.9046505357435622,0.8670357494949105,0.8519528019683106,0.8596637505099168,0.8670357546485407,0.8872045952083047,0.867035771827307,0.9149009567332238
0.9902915245929989,0.9850429165216352,0.975576907860009,0.9830850881270833,0.9706877688246606,0.9525741273273217,0.9465966685053075,0.9465966671870766,0.9688561674419044,0.9553191348157373,0.9496693679367013,0.9626731160024469,0.9603611648697901,0.9525741322079104,0.9648551548624409,0.9579122714836207,0.9433475683211324,0.9740426433202407,0.9724147169737826,0.9740426455807681,0.9553191254340224
0.932453306514029,0.7981867681382279,0.8175744673038222,0.7772998560157665,0.8354835391516133,0.7772998560157665,0.7772998508568416,0.7981867825403176,0.7549149923816048,0.7549149923816048,0.6224593312018546,0.7057850402140659,0.5312093733737563,0.6791786861878392,0.5621765008857982,0.5621765008857982,0.43782349911420193,0.5312093733737563,0.3775406687981454,0.40733340004593027,0.3775406687981454
0.9525741222784363,0.8933094145755219,0.8519527982093666,0.8933093982432729,0.8175744739711883,0.7981867705385762,0.7057850154599562,0.7981867753392728,0.7772998611746911,0.8175744695262777,0.798186784940666,0.6791786926816161,0.7772998663336158,0.7772998508568417,0.6513548646660542,0.7057850154599563,0.4378234991142019,0.6791787056691698,0.4378234991142019,0.6224593312018546,0.5621765008857982
0.7981867801399695,0.6513548646660542,0.7772998560157665,0.7772998714925403,0.7772998663336157,0.7772998663336157,0.7981867705385762,0.7549149868676283,0.8740772466456689,0.8175744695262775,0.7772998663336157,0.7549149923816048,0.8670357563664174,0.8175744761936437,0.7981867801399694,0.7772998508568417,0.7549149923816048,0.7981867849406659,0.8519528000888386,0.7057850278370112,0.7310585903489891
0.9648551554940581,0.9362850035256981,0.9496693674025232,0.9324533116759811,0.9465966705768132,0.9324533079218341,0.9046505357435622,0.9362850030812307,0.9399133519298963,0.9241418189341297,0.9149009596336303,0.8933093975331752,0.9196425311777929,0.8596637433190939,0.9362850048591,0.9046505428129514,0.8807970748488297,0.914900957313305,0.8872046049010912,0.899121377945727,0.8354835432479661
0.989013054890015,0.9399133477220883,0.9648551501884741,0.9553191317945072,0.909906997487259,0.9241418257242034,0.9196425245706047,0.9284088015458666,0.9324533036984185,0.9553191290913012,0.9046505344582187,0.9099070133672955,0.9241418173671895,0.880797076413356,0.9284087946129328,0.904650527388829,0.9149009520925732,0.9324533079218341,0.9196425372343817,0.9196425251212038,0.9099069968764882
0.9496693700734143,0.8175744739711883,0.8519528057272543,0.8519527963298946,0.8519528000888386,0.8740772450055545,0.8354835432479661,0.798186768138228,0.8740772269642949,0.8267117962054049,0.8175744806385543,0.8354835432479663,0.7981867801399695,0.8354835391516133,0.8354835330070839,0.7981867705385762,0.7057850340255386,0.7057850216484838,0.7057850278370112,0.7310585844894971,0.6791786861878392
0.9688561687907824,0.9196425251212038,0.8991213792972939,0.9196425306271939,0.8872045996818986,0.8596637505099167,0.8991213786215104,0.8872046026642944,0.9099070035949656,0.9149009602137116,0.8872046049010912,0.914900957313305,0.9362850119705768,0.9284087956033519,0.8872046056466901,0.8670357683915538,0.8740772269642948,0.8872046004274976,0.8933094103149355,0.8354835432479661,0.867035763237924
0.943347575090207,0.9241418147556224,0.9149009538328171,0.8519528038477824,0.8519528038477824,0.9099070127565249,0.8670357615200474,0.8670357494949105,0.817574471748733,0.8354835411997897,0.7772998611746912,0.8354835411997897,0.8175744761936437,0.7981867801399694,0.7549149868676283,0.7549149813536516,0.7549149813536518,0.7981867753392728,0.7310585669110202,0.8175744828610095,0.6513548714339145
0.8354835391516132,0.7772998560157665,0.7057850278370112,0.7057850154599562,0.679178699175393,0.7549149868676284,0.5621765008857981,0.7310585669110202,0.6224593382055109,0.679178699175393,0.6513548511303338,0.6224593312018546,0.5621765008857981,0.5312093733737563,0.5312093733737562,0.4687906266262437,0.3775406687981454,0.5,0.43782349911420193,0.3775406687981454,0.2689414096510109
0.8807970873650401,0.9046505254608136,0.92414182206801,0.932453310268176,0.9241418210233833,0.9149009474519222,0.9241418252018901,0.9196425234694067,0.9241418210233833,0.924141819456443,0.9046505421702797,0.9324533065140289,0.9362850119705769,0.904650536386234,0.9149009462917594,0.9362850053035673,0.8933094152856196,0.9196425339307878,0.9046505254608136,0.8933094046341532,0.8933094124452287
0.9324533135530545,0.7772998560157665,0.7772998560157665,0.798186768138228,0.7772998560157665,0.651354857898194,0.7549149868676283,0.679178699175393,0.6791787121629465,0.7057850278370112,0.6224593312018546,0.5926665999540698,0.6224593382055109,0.6513548782017745,0.5621765008857982,0.5312093733737563,0.29421498454004374,0.5621765008857981,0.34864514210180597,0.3775406687981454,0.4687906266262437
0.7772998663336158,0.8670357580842941,0.8354835371034368,0.8354835432479661,0.9099070042057362,0.8175744761936437,0.8807970748488296,0.8933093961129794,0.9241418147556223,0.9149009567332237,0.8519528057272543,0.904650533815547,0.9149009480320036,0.867035752930664,0.8519528019683106,0.8807970701552504,0.8670357598021707,0.8519528076067262,0.8354835371034368,0.8519528057272544,0.8175744761936437
0.975576912164918,0.949669361882681,0.9579122734360921,0.9149009503523291,0.9433475740947549,0.9196425366837826,0.9196425256718028,0.9284088005554475,0.9149009602137115,0.9149009532527358,0.9284088060027523,0.8807970748488297,0.9099070103134425,0.9149009555730611,0.9324533083911025,0.9046505344582187,0.8807970842359877,0.8519528076067262,0.8807970795424088,0.8933094138654242,0.8670357494949105
0.993307149979672,0.9755769102121759,0.9706877681886859,0.9755769075493453,0.9724147198217428,0.9669140212537652,0.9284088030314952,0.9626731143960903,0.9362850066369693,0.9496693723881865,0.9579122759893238,0.9362850030812307,0.9525741244662868,0.9688561681163433,0.9433475808638289,0.9525741234565096,0.9603611645861644,0.9525741227833249,0.9603611570700824,0.9465966660571643,0.9525741217735477
0.9740426403532981,0.9626731127897337,0.9579122720843812,0.9399133460389649,0.9525741251394715,0.9579122711832405,0.9553191295683378,0.9399133433038895,0.9433475742938453,0.9525741239613982,0.9399133468805266,0.9399133445662321,0.957912273285902,0.928408800060238,0.9465966666221205,0.9433475746920261,0.9525741290102834,0.924141827813457,0.9433475738956645,0.9149009526726545,0.8670357683915537
0.9433475746920262,0.8991213840277783,0.9099070048165069,0.8670357735451835,0.7662936484231889,0.8670357701094303,0.7772998560157665,0.7981867777396212,0.7772998714925403,0.7772998560157665,0.817574478416099,0.8175744695262777,0.7772998508568416,0.8354835350552604,0.7981867753392728,0.7772998714925404,0.754914975839675,0.6224593312018545,0.5926665999540698,0.7310585727705126,0.6513548714339145
0.9241418168448761,0.9099070017626537,0.817574478416099,0.7772998714925403,0.8519527963298947,0.7981867753392728,0.8175744695262777,0.8354835371034368,0.8175744761936437,0.8354835330070838,0.7772998560157665,0.7981867873410141,0.7310585844894971,0.6224593312018546,0.7057850216484838,0.6791786861878392,0.5926665999540698,0.46879062662624377,0.5621765008857982,0.6513548646660543,0.6224593241981982
0.9465966745315055,0.8807970701552505,0.8933094152856196,0.8519527963298947,0.8519528000888386,0.8519528019683105,0.817574471748733,0.8670357512127872,0.8670357718273068,0.9149009549929797,0.8670357494949105,0.8670357649558006,0.7981867729389246,0.8175744739711883,0.7981867801399695,0.8175744695262775,0.7549149813536518,0.7772998560157665,0.7549149978955811,0.8354835289107307,0.7549149868676283
0.9796676443941232,0.9241418205010699,0.9284088005554475,0.8933094159957173,0.9046505344582187,0.8991213867309121,0.9149009561531424,0.9241418252018903,0.9046505325302034,0.9149009474519223,0.8933094131553264,0.9284087980793998,0.9362850026367634,0.8670357701094303,0.8933094145755219,0.851952809486198,0.8740772286044094,0.7549149813536518,0.705785040214066,0.7981867825403177,0.7310585786300049
0.9783846679070065,0.9362850106371751,0.9579122686300084,0.9362850097482405,0.9324533093296393,0.9046505447409665,0.843895106480586,0.904650527388829,0.9149009462917594,0.9149009578933863,0.9196425383355795,0.9324533018213449,0.9149009538328171,0.9099070145888366,0.9362850044146327,0.9362850021922959,0.8807970889295663,0.8991213772699435,0.9149009491921664,0.9465966711417693,0.8807970873650401
0.9796676481785205,0.9433475719047602,0.9579122693809591,0.9603611618917199,0.9603611566446438,0.9603611567864566,0.964855153978177,0.9553191265471073,0.9433475699138558,0.9724147168738542,0.9525741320396143,0.9399133483532596,0.9399133512987252,0.9149009491921662,0.9626731107817877,0.9648551543571473,0.952574122783325,0.9324533036984185,0.9241418178895029,0.8933093954028816,0.9149009486120849
0.957912274637613,0.9525741298517643,0.9579122687801985,0.9241418215456966,0.9525741268224333,0.9465966688819448,0.9465966709534505,0.9284088060027523,0.9399133491948212,0.9362849990810246,0.9362850013033613,0.952574121941844,0.9362850128595115,0.9099070158103778,0.9284088079835904,0.9525741274956179,0.9362849995254919,0.9149009619539554,0.9046505370289059,0.9196425322789908,0.924141819456443
0.8519528000888386,0.8354835350552604,0.8872046041554922,0.899121379297294,0.9099070017626537,0.8991213847035617,0.8807970779778824,0.8519527982093666,0.8596637577007393,0.8872045832787204,0.8807970670261976,0.9046505331728751,0.8175744739711883,0.8933094053442511,0.8175744806385542,0.8519528076067262,0.817574478416099,0.8354835309589074,0.7981867753392728,0.8175744695262777,0.7772998560157663
0.9553191279782165,0.9324533097989076,0.9553191257520468,0.9196425240200057,0.9241418283357703,0.9284088025362857,0.9241418231126367,0.9399133454077937,0.9362849995254919,0.9284088035267047,0.9579122683296283,0.9241418137109955,0.9241418184118163,0.9324533055754922,0.904650541527608,0.936285003525698,0.904650527388829,0.8670357460591569,0.8670357580842941,0.9046505344582187,0.9196425262224018
0.9770226325988914,0.9433475782756536,0.9603611593390885,0.9196425317283919,0.9465966737782309,0.9284088030314952,0.9284088055075428,0.9324533097989076,0.9362850017478287,0.9149009549929797,0.9399133443558416,0.9399133477220883,0.9149009642742805,0.9433475752892975,0.9324533126145178,0.9496693688269984,0.9362850097482405,0.9399133544545811,0.8807970795424088,0.9196425383355796,0.9046505434556231
0.989013054890015,0.9465966664338018,0.952574123793102,0.9399133504571636,0.949669363129097,0.9241418168448761,0.9099070090919013,0.9362850119705769,0.9241418147556224,0.9362850013033613,0.9241418267688303,0.9099070042057362,0.9099070005411124,0.924141813188682,0.914900957313305,0.9046505415276079,0.8807970858005139,0.9149009497722477,0.9046505293168444,0.9046505370289059,0.8438951025545426
0.9324533032291502,0.8991213867309121,0.9241418267688302,0.8807970685907242,0.8596637505099168,0.8438950947024555,0.8670357718273068,0.8354835330070839,0.7549149813536518,0.826711791935942,0.7981867753392728,0.7981867801399695,0.8354835309589074,0.7549149923816048,0.6513548646660542,0.7310585727705126,0.679178699175393,0.7549149923816048,0.7057850340255386,0.6513548646660542,0.7549149923816048
0.9830850861757495,0.9496693622387998,0.9496693636632753,0.9099070060380482,0.9241418272911436,0.8991213853793452,0.8519528057272543,0.8933094138654242,0.8933094167058151,0.9241418283357703,0.8933094138654242,0.8807970764133561,0.880797071719777,0.9046505357435622,0.817574471748733,0.8670357563664174,0.817574478416099,0.8354835432479663,0.8354835330070839,0.8670357666736772,0.8354835309589074
0.7310585786300049,0.7549149813536516,0.7772998508568416,0.8175744806385542,0.8354835391516133,0.7879312056025699,0.8354835350552604,0.8519528076067262,0.8670357666736773,0.8519527982093666,0.7981867801399694,0.8354835432479661,0.8519528038477825,0.7772998663336158,0.7981867801399694,0.7549149813536518,0.6791787056691698,0.7057850154599562,0.7057850278370112,0.7772998611746912,0.651354857898194
0.9796676454700793,0.9465966664338017,0.9284088025362857,0.8933093961129794,0.874077222043951,0.8519527963298947,0.8670357718273068,0.8670357563664174,0.8267118026095991,0.8991213853793453,0.8354835350552603,0.8933094060543488,0.798186775339273,0.817574471748733,0.893309411735131,0.8933094103149355,0.7981867729389246,0.7981867729389246,0.7772998663336157,0.867035771827307,0.7981867825403176
0.9724147205212418,0.9553191271831558,0.9284088005554476,0.914900950352329,0.8933094053442511,0.8670357494949105,0.8670357666736772,0.9046505383142494,0.8933094103149355,0.8807970873650401,0.7772998663336158,0.8933094124452288,0.8807970670261976,0.8807970811069351,0.8933094017937621,0.8354835371034369,0.867035752930664,0.817574478416099,0.7772998611746912,0.7981867705385763,0.651354857898194
0.8354835411997897,0.6513548511303336,0.6224593382055109,0.6224593312018546,0.6224593312018546,0.622459338205511,0.6791787121629466,0.5312093733737563,0.679178692681616,0.7057850216484838,0.5312093733737563,0.6224593312018545,0.4073334000459302,0.4378234991142019,0.46879062662624377,0.268941415510503,0.24508500761839527,0.2689414272294874,0.18242551713899047,0.2814055953761018,0.26894141551050293
0.8670357580842941,0.851952809486198,0.8740772450055545,0.8740772450055545,0.9196425251212038,0.8933094003735664,0.8933094145755219,0.8991213759183765,0.8740772335247532,0.8596637451167997,0.8438951084436077,0.8670357477770336,0.8807970732843033,0.8933094167058151,0.8933093961129794,0.8519528038477825,0.8933094110250333,0.8519527982093666,0.7981867729389245,0.89330940889474,0.8933094145755219
0.9324533018213449,0.843895106480586,0.7057850278370112,0.7057850278370112,0.6791786861878392,0.7549149868676284,0.46879062662624377,0.7310585786300049,0.651354857898194,0.679178699175393,0.5926665999540698,0.5312093733737563,0.5621765008857981,0.5,0.5926665999540698,0.5,0.3486451217982255,0.37754066879814546,0.3486451353339458,0.3208212943308302,0.24508500761839527
0.9626731141283642,0.9241418147556224,0.9324533051062237,0.9399133544545811,0.9579122710330504,0.9496693714978894,0.9553191348157373,0.9553191263880952,0.939913351719506,0.9496693679367014,0.9324533051062237,0.9324533079218341,0.932453304167687,0.939913354875362,0.9399133481428692,0.9241418283357702,0.9433475776783824,0.9046505280315008,0.8807970779778824,0.9149009491921662,0.899121377945727
0.9688561672170912,0.9362850004144266,0.946596676038055,0.9362850097482405,0.9324533088603709,0.8740772466456689,0.9149009480320036,0.924141819456443,0.9362850004144266,0.9433475703120368,0.9046505344582187,0.9149009596336303,0.9046505440982949,0.867035752930664,0.9149009468718409,0.8933094074745445,0.8807970826714614,0.9046505344582187,0.8670357615200474,0.9324533163686646,0.8807970826714614
0.9867771798152869,0.9579122750881833,0.9553191284552528,0.9433475810629194,0.9241418278134569,0.9324533036984185,0.8872045996818986,0.92414182206801,0.89912137659416,0.8991213853793453,0.9149009480320036,0.9046505421702797,0.8933093975331752,0.9149009468718409,0.9149009509324104,0.899121377945727,0.7772998611746911,0.8933093961129794,0.9046505254608136,0.9046505383142492,0.8354835350552603
0.9867771758780787,0.9324533107374444,0.9433475723029411,0.9241418121440552,0.9241418189341297,0.8670357683915538,0.8438951104066293,0.9196425377849805,0.8872045914803098,0.8872045847699186,0.8596637559030338,0.8519528000888386,0.8354835391516133,0.8991213691605411,0.8670357598021707,0.8740772236840657,0.8670357615200475,0.9149009538328171,0.8596637451167997,0.8740772351648677,0.8267117962054049
0.9362850106371751,0.880797085800514,0.8670357580842941,0.8519527944504227,0.8807970826714614,0.8438951005915208,0.8354835371034369,0.8354835309589074,0.731058584489497,0.7981867777396211,0.7981867801399694,0.7772998560157665,0.7981867777396212,0.7981867729389246,0.8354835391516133,0.7310585844894971,0.7310585727705127,0.5926665999540698,0.7310585727705127,0.7057850216484838,0.5926665999540698
0.957912268029248,0.9284087990698189,0.9196425273236,0.9046505318875316,0.8933094032139576,0.8872045870067157,0.880797085800514,0.9046505428129514,0.9149009480320036,0.9046505428129514,0.880797068590724,0.9046505318875316,0.8933094145755219,0.867035771827307,0.9046505421702797,0.8670357563664174,0.7981867753392728,0.8807970779778824,0.8354835432479661,0.8519528076067262,0.7772998663336158
0.9362850093037731,0.9284088060027522,0.924141826246517,0.8807970779778824,0.8807970779778824,0.8740772286044095,0.9046505408849362,0.924141827813457,0.8991213853793453,0.899121386730912,0.8670357615200474,0.8933094003735664,0.8807970701552505,0.8933094025038598,0.8670357649558006,0.8740772302445241,0.8807970654616711,0.8670357598021708,0.817574471748733,0.8438950986284991,0.7772998560157665
0.9284088050123332,0.9196425229188077,0.9046505286741726,0.919642532278991,0.9196425333801889,0.8872045981907006,0.8740772269642949,0.8596637541053281,0.8670357546485408,0.8872046049010912,0.8519528019683106,0.8670357477770336,0.8354835289107309,0.798186775339273,0.8596637487122111,0.731058584489497,0.8354835411997898,0.7772998611746912,0.7310585727705127,0.7772998560157665,0.843895106480586
0.7310585786300049,0.7310585786300049,0.6791787121629466,0.7057850340255386,0.7549149868676283,0.7310585727705126,0.651354857898194,0.679178692681616,0.6513548511303338,0.7549149758396752,0.5926665999540697,0.5312093733737562,0.5926665999540698,0.6224593312018546,0.7310585727705127,0.651354857898194,0.46879062662624377,0.4378234991142019,0.34864513533394575,0.5621765008857981,0.5312093733737562
0.9626731130574597,0.9241418158002492,0.8933094152856197,0.9324533107374443,0.9324533144915912,0.9553191305224104,0.9362850124150441,0.9046505254608136,0.9324533130837862,0.9465966739665496,0.9149009503523291,0.9241418152779358,0.8933094017937621,0.8807970842359877,0.904650527388829,0.9099070017626537,0.8933093954028816,0.8933094067644466,0.8670357460591569,0.9149009607937928,0.9099070158103778
0.8175744739711883,0.8519528000888386,0.8354835330070838,0.8807970889295663,0.9046505331728751,0.8933094017937621,0.8933093968230773,0.909906999319571,0.880797085800514,0.9241418231126367,0.8933094131553265,0.8807970904940926,0.9149009497722477,0.904650530602188,0.8354835289107307,0.8670357460591569,0.8519528019683105,0.8670357563664174,0.8519527963298947,0.8519528076067262,0.7549149758396752
0.8872045922259089,0.8175744806385543,0.8175744828610095,0.7772998508568416,0.7772998663336158,0.7981867729389246,0.7549149758396752,0.7549149758396752,0.7057850154599563,0.7057850278370112,0.6224593312018546,0.5926665999540698,0.5621765008857981,0.4687906266262437,0.5621765008857981,0.5,0.3208213008246071,0.5,0.4378234991142019,0.4378234991142019,0.34864514210180597
0.9755769087919997,0.9433475798683768,0.9525741313664297,0.970687772322521,0.9626731126558705,0.9603611565028309,0.9496693661561072,0.9579122728353316,0.9579122749379931,0.9496693706075925,0.9579122716338109,0.9626731086399787,0.9740426403532981,0.9579122689303887,0.9525741305249489,0.9770226306753884,0.9465966675637141,0.9553191314764831,0.9241418225903233,0.9362850070814366,0.936285006192502
0.8933094117351309,0.7549149923816048,0.679178699175393,0.5312093733737562,0.7310585844894971,0.5926665999540698,0.7310585727705127,0.5926665999540698,0.5312093733737563,0.7310585669110202,0.6224593312018546,0.6224593312018546,0.6791787056691698,0.5621765008857982,0.5926665999540698,0.5312093733737563,0.32082130731838393,0.37754066179448914,0.3208212943308302,0.4073334000459302,0.24508500761839525
0.9648551519570021,0.9496693672244637,0.9553191254340224,0.9525741288419872,0.9399133531922388,0.9399133447766225,0.9399133456181842,0.9706877708915781,0.9284088015458666,0.9496693729223646,0.9362850008588939,0.9399133475116979,0.9399133510883347,0.9465966647389334,0.9362850017478287,0.9149009625340367,0.9241418168448761,0.9324533130837862,0.8933094081846421,0.9496693729223646,0.9046505248181418
0.8519528076067261,0.8519528019683105,0.8267117940706734,0.8933094110250331,0.9324533074525658,0.9241418257242036,0.8807970732843033,0.9241418163225626,0.9149009526726545,0.9241418267688302,0.8596637559030338,0.8872045832787204,0.9362849990810246,0.9433475727011219,0.904650530602188,0.8933094159957174,0.8807970795424087,0.9046505428129514,0.9324533097989076,0.8872045907347108,0.8872046011730965
0.9362850075259039,0.9433475719047603,0.9046505383142492,0.9284088084787998,0.9241418116217418,0.9241418267688303,0.9362850013033613,0.8933094110250333,0.9324533065140289,0.9284088030314952,0.9149009526726545,0.9241418126663686,0.924141826246517,0.9046505383142494,0.8807970779778824,0.9149009468718409,0.8519527982093666,0.8933093961129794,0.8175744806385543,0.798186768138228,0.8354835391516133
0.7549149923816048,0.7772998714925403,0.8267118004748677,0.8354835330070839,0.8933093961129794,0.8519528019683105,0.880797071719777,0.8933094096048377,0.9149009491921664,0.9149009584734676,0.8519528000888387,0.8670357598021707,0.8670357632379241,0.8519527944504227,0.8519528019683106,0.8354835330070839,0.7310585786300049,0.7772998663336158,0.7981867777396211,0.8872045855155176,0.8267117983401363
0.7549149923816048,0.7879311931529758,0.7310585903489891,0.7549149813536518,0.8080672158638527,0.7549149978955811,0.6224593312018546,0.7772998663336158,0.7772998663336158,0.622459338205511,0.7549149923816048,0.7310585727705127,0.7057850154599562,0.6791787056691698,0.5926665999540698,0.7310585727705126,0.6513548511303338,0.5926665999540698,0.5621765008857981,0.5312093733737563,0.5312093733737563
0.9947798750971671,0.975576912431201,0.9688561727250101,0.9669140182743434,0.943347569515675,0.9433475703120368,0.9324533069832973,0.9579122750881833,0.957912271934191,0.9553191338616647,0.9433475766829303,0.9433475725020315,0.9579122752383734,0.9284087936225137,0.9525741285053949,0.9525741273273217,0.957912274787803,0.9433475725020315,0.9553191309994468,0.9553191292503135,0.9399133458285746
0.8175744761936437,0.8519528019683106,0.7981867777396212,0.8354835452961425,0.7981867825403177,0.7981867705385762,0.7772998714925403,0.7772998714925403,0.8670357666736772,0.8354835432479663,0.7981867849406659,0.7549149923816048,0.8670357563664174,0.8670357701094303,0.8519527963298947,0.8175744806385542,0.8354835330070838,0.7549149868676283,0.8267117898012104,0.7772998611746911,0.7549149758396752
0.7549149868676283,0.8670357477770336,0.8670357615200474,0.7772998611746911,0.9046505447409666,0.880797071719777,0.8670357563664174,0.9046505331728751,0.8807970701552504,0.9241418189341296,0.8670357563664174,0.8807970889295664,0.9046505440982949,0.8519527963298947,0.8175744761936437,0.8175744828610095,0.7981867729389246,0.7772998663336158,0.8175744806385542,0.8354835309589074,0.8175744695262777
0.9669140239948331,0.9196425311777929,0.9399133546649715,0.952574127663914,0.9324533116759811,0.949669364375513,0.9399133512987252,0.9399133552961426,0.9648551505674444,0.9399133468805266,0.9046505344582187,0.932453304167687,0.9465966698235384,0.9525741241296944,0.9324533060447606,0.9149009462917596,0.9362849999699593,0.9149009607937928,0.8807970795424088,0.8807970795424088,0.8933094081846421
0.731058584489497,0.7310585903489891,0.6224593312018545,0.754914997895581,0.7057850216484838,0.6791787121629465,0.7772998560157665,0.7310585727705127,0.6791786926816161,0.7310585844894971,0.7310585844894971,0.7310585669110203,0.6791786861878392,0.5926665999540698,0.5621765008857981,0.5926665999540697,0.5,0.5621765008857981,0.5,0.4687906266262437,0.4687906266262437
0.7310585727705126,0.7772998663336158,0.7549149868676283,0.7981867849406659,0.8354835350552604,0.7772998663336158,0.8519527982093666,0.8267117898012104,0.7981867873410141,0.8670357598021707,0.817574478416099,0.817574471748733,0.8175744695262777,0.8175744806385543,0.8519528000888387,0.7772998714925403,0.7549149923816048,0.7057850340255386,0.754914997895581,0.7057850154599562,0.7549149923816048
0.9362850053035673,0.8596637523076225,0.8933094103149354,0.8933094124452287,0.8596637523076224,0.8519528000888386,0.8354835391516132,0.817574478416099,0.7981867777396211,0.8175744806385543,0.8354835289107307,0.731058584489497,0.6513548714339145,0.6513548646660542,0.6513548646660542,0.7549149813536518,0.5926665999540698,0.5621765008857981,0.5926665999540697,0.5926665999540698,0.6513548646660542
0.7772998611746912,0.7772998611746912,0.7772998508568416,0.893309416705815,0.9149009607937929,0.8670357580842941,0.8933093954028816,0.9149009480320036,0.9149009619539554,0.8933094067644466,0.8670357494949105,0.9046505267461572,0.8807970889295664,0.880797068590724,0.8519528019683105,0.8354835309589074,0.7981867849406659,0.8175744739711883,0.8519527982093666,0.8519528038477825,0.7981867849406659
0.9553191295683378,0.9284088055075428,0.9046505376715775,0.9241418236349501,0.8807970904940926,0.8354835330070839,0.8670357683915538,0.7549149923816048,0.7981867825403176,0.8933094010836642,0.798186784940666,0.8354835432479661,0.7549149868676284,0.8354835391516133,0.8670357718273068,0.8175744673038222,0.8519528038477824,0.8670357563664174,0.7549149923816048,0.8670357632379241,0.8175744695262777
0.7981867801399695,0.8519528038477825,0.9046505447409665,0.8670357563664174,0.8354835289107307,0.8354835391516133,0.817574471748733,0.7772998611746912,0.8670357615200474,0.8519527982093666,0.8519528000888386,0.8807970873650401,0.7310585727705126,0.7057850402140659,0.8519528038477825,0.8807970701552505,0.7310585786300049,0.7310585786300049,0.6513548714339145,0.7981867849406659,0.7549149868676283
0.9324533069832973,0.9324533088603709,0.8991213874066956,0.8933094145755219,0.8991213840277783,0.9046505428129514,0.8933094060543488,0.8872045929715078,0.9149009567332237,0.8596637523076224,0.8519528019683106,0.8080672135527632,0.8991213698363247,0.8175744739711883,0.7981867801399694,0.8354835309589073,0.8267117962054049,0.8175744828610095,0.7549149813536518,0.7879311906630568,0.7981867777396212
0.9770226300899744,0.9579122740368525,0.9626731090415679,0.9496693693611766,0.9362850115261095,0.9433475738956645,0.9433475790720153,0.9284087956033519,0.9525741315347258,0.9196425361331837,0.9324533051062238,0.9099070127565249,0.928408795603352,0.8670357512127872,0.9399133540338004,0.9149009462917594,0.9241418189341297,0.8933094067644466,0.8807970764133561,0.8670357494949105,0.8807970826714614
0.9840936057807098,0.9755769085257165,0.9669140225647107,0.9706877664397555,0.9770226321807386,0.9796676472138702,0.9770226290027769,0.9648551559993518,0.9783846686160521,0.9648551503147975,0.9669140200619966,0.9603611644443515,0.9669140250674249,0.964855156378322,0.9740426424254486,0.9724147174734247,0.9579122723847614,0.964855156378322,0.9496693725662458,0.9496693698953549,0.9648551510727382
0.9867771775064302,0.9648551535992067,0.949669372210127,0.9496693636632753,0.9241418131886822,0.8872045877523147,0.880797071719777,0.8740772236840656,0.8991213705121083,0.8872045981907007,0.8670357512127872,0.8740772335247532,0.8519528057272543,0.8354835432479661,0.8519527982093666,0.8740772433654401,0.8596637451167997,0.8519527944504227,0.904650536386234,0.8519527944504227,0.8872045877523147
0.975576907682487,0.962673116537899,0.9648551570099391,0.9579122737364724,0.9324533140223229,0.9284087980793997,0.9196425245706048,0.9688561672170913,0.9284087926320944,0.9399133502467731,0.9324533102681761,0.9324533144915913,0.9284088079835903,0.9399133557169235,0.9525741300200604,0.9284088005554475,0.9579122710330504,0.9284088060027523,0.9399133540338004,0.9496693707856518,0.9362850124150441
0.9706877665457514,0.9496693690050578,0.9399133460389649,0.932453310268176,0.9553191302043862,0.936285003525698,0.9284088064979618,0.936285000858894,0.9099070042057362,0.914900959053549,0.904650538956921,0.9241418184118163,0.914900952092573,0.9149009509324104,0.9149009468718409,0.928408800060238,0.8670357512127873,0.8933094032139577,0.8519527982093666,0.8933093989533707,0.8670357563664174
0.9362850044146327,0.8519528038477824,0.7981867825403177,0.7981867825403177,0.8354835330070838,0.7549149813536518,0.7549149868676284,0.8354835330070838,0.7310585669110203,0.7057850340255386,0.7772998663336158,0.7549149923816048,0.7310585844894971,0.6224593241981982,0.5621765008857981,0.6224593382055109,0.5621765008857981,0.5926665999540698,0.5621765008857981,0.6224593312018546,0.6224593312018545
0.8354835411997897,0.8175744695262777,0.8354835309589073,0.7981867801399695,0.8933093968230773,0.9046505312448598,0.8933094060543488,0.8933094110250331,0.9433475746920261,0.9046505318875316,0.9284088035267047,0.9362849995254919,0.8933094053442511,0.9241418189341296,0.8933094103149354,0.9046505440982949,0.8933094039240554,0.8933094167058151,0.8933094067644466,0.9046505344582187,0.8807970873650401
0.977022631511694,0.939913352771458,0.9149009567332237,0.8872045944627058,0.9284088040219143,0.89912137659416,0.8933093954028816,0.8933094096048376,0.9324533107374444,0.9099070103134425,0.8438951104066293,0.8807970732843033,0.9046505318875316,0.87407724336544,0.893309411735131,0.9149009625340367,0.8807970670261976,0.8991213820004279,0.9149009567332237,0.8807970873650401,0.8807970889295664
0.9770226299227133,0.9740426404945812,0.9579122735862822,0.9648551520833256,0.9465966669987579,0.9669140207770578,0.9626731139945011,0.9553191335436404,0.9553191284552528,0.9399133498259924,0.9648551543571473,0.9579122708828602,0.9496693659780477,0.9706877718985378,0.9626731154669946,0.9579122683296283,0.9525741303566527,0.9149009509324104,0.9324533032291501,0.943347577479292,0.9399133456181842
0.9740426457691455,0.9433475778774728,0.9362849999699593,0.8933094110250333,0.8740772286044095,0.899121375242593,0.9046505421702797,0.8991213847035617,0.9241418163225626,0.8933093946927837,0.9046505351008906,0.8670357735451834,0.8807970654616712,0.9399133502467731,0.9465966671870766,0.9149009555730612,0.9149009636941993,0.9284088005554475,0.9149009480320035,0.9046505299595162,0.9241418210233833
0.8519528076067262,0.9149009462917594,0.9324533116759811,0.8933094174159127,0.919642528975397,0.9324533107374444,0.8519527982093666,0.919642527874199,0.9196425350319858,0.8933093996634686,0.8807970779778824,0.8933094039240554,0.9324533069832973,0.9046505453836382,0.8807970873650401,0.9046505395995929,0.8670357649558006,0.880797068590724,0.8519527963298947,0.8670357701094303,0.8175744695262775
0.9940889322437428,0.9648551557467049,0.97068776908965,0.9626731091754308,0.9706877722165251,0.9496693700734142,0.9525741258126561,0.9603611606154043,0.9669140191085817,0.9626731160024469,0.9525741256443601,0.9496693727443053,0.9525741232882136,0.9525741311981335,0.9525741320396143,0.9465966732132748,0.9465966717067252,0.9465966705768132,0.9046505395995927,0.9553191251159983,0.9496693713198301
0.9688561727250101,0.9465966664338018,0.9496693657999883,0.9603611628844101,0.955319134338701,0.9399133468805266,0.9496693640193941,0.9241418236349501,0.932453304167687,0.9046505261034854,0.9324533158993963,0.9324533069832974,0.9046505428129514,0.8807970811069351,0.9241418231126367,0.8670357546485407,0.8933094010836642,0.8519528076067262,0.8175744695262775,0.8807970842359877,0.8175744761936437
0.9465966669987579,0.8354835330070839,0.8670357615200474,0.90990700787036,0.8519528076067262,0.8596637505099168,0.8670357683915538,0.8740772400852111,0.7772998714925403,0.7981867801399695,0.8354835432479661,0.7879311906630568,0.8354835452961425,0.7981867777396212,0.8519528000888387,0.7772998560157663,0.7549149923816048,0.817574478416099,0.7549149923816048,0.8596637523076225,0.7772998714925403
0.9241418283357703,0.9046505421702796,0.9046505421702797,0.8991213833519949,0.880797071719777,0.9046505370289059,0.893309405344251,0.8933094053442511,0.9046505286741727,0.8933093982432729,0.8519528000888387,0.8519527982093668,0.8670357546485407,0.8354835411997897,0.8175744828610095,0.817574478416099,0.7549149813536518,0.7310585844894971,0.7772998560157665,0.7772998663336158,0.817574478416099
0.991422513406225,0.9433475703120368,0.949669366512226,0.8807970842359877,0.9046505351008904,0.8740772286044094,0.8175744717487329,0.9196425306271939,0.8807970889295663,0.8519528019683106,0.7772998714925403,0.8519527982093666,0.7981867729389246,0.7772998560157665,0.8175744828610096,0.7981867753392728,0.8175744739711883,0.8267117898012105,0.8175744739711883,0.8175744828610095,0.7549149978955811
0.9890130583915232,0.9496693654438695,0.9362850119705769,0.9433475721038507,0.9525741278322102,0.9362850004144266,0.9603611634516616,0.9553191282962407,0.9525741241296944,0.9433475770811112,0.9046505248181418,0.9553191295683378,0.9362850075259039,0.9465966671870767,0.9399133451974033,0.9324533140223229,0.9324533018213449,0.8933093954028816,0.8807970670261976,0.9046505331728751,0.8807970904940926
0.9808759643671934,0.9648551528412662,0.975576907771248,0.9724147152749991,0.977022628291917,0.9688561712637256,0.9770226322225538,0.9648551558730283,0.9525741261492485,0.9579122705824801,0.9688561668798717,0.974042641907411,0.9669140191085817,0.9770226285009935,0.9740426399765435,0.9724147186226016,0.9669140191085817,0.9603611613244686,0.936285003525698,0.9399133525610677,0.9525741263175447
0.9883127412405304,0.9648551556203815,0.9859363745580373,0.9770226278737641,0.9755769091026633,0.9706877697256246,0.9796676447651426,0.9706877712095654,0.9626731145299533,0.9688561671046847,0.970687770997574,0.9669140251866017,0.98087596275995,0.9669140193469353,0.9603611614662815,0.9648551495568569,0.9603611635934743,0.9770226323061844,0.9553191247979739,0.9284087970889806,0.932453310268176
0.9525741242979906,0.904650538956921,0.8519528057272543,0.8991213806488609,0.9149009468718409,0.8519528000888387,0.8740772384450967,0.8670357666736772,0.8354835391516133,0.880797085800514,0.8175744806385542,0.798186784940666,0.8175744695262775,0.7981867729389246,0.8175744739711883,0.7310585727705127,0.7549149813536518,0.7310585727705127,0.7057850154599562,0.6513548511303338,0.5926665999540698
0.8354835330070839,0.731058584489497,0.7057850154599563,0.731058584489497,0.6791786861878392,0.798186775339273,0.7310585727705127,0.7981867849406659,0.7057850278370111,0.7057850216484838,0.6513548646660542,0.705785040214066,0.6224593312018546,0.5621765008857982,0.6224593312018546,0.6791787056691698,0.5,0.4378234991142019,0.40733340004593027,0.4378234991142019,0.5312093733737563
0.9669140247098943,0.8670357718273068,0.9046505254608135,0.8740772302445241,0.8670357598021707,0.7772998508568416,0.7549149813536518,0.8670357580842941,0.8519528038477825,0.8354835411997897,0.8354835371034368,0.7772998611746912,0.817574471748733,0.7772998560157663,0.8354835411997897,0.7549149923816046,0.8519527963298947,0.731058584489497,0.7549149923816048,0.8807970701552505,0.7057850154599563
0.9496693617046216,0.8354835309589073,0.8740772400852111,0.8519528094861981,0.8519528019683106,0.7662936324115011,0.7057850402140659,0.7981867849406659,0.817574471748733,0.7981867849406659,0.6926419704455589,0.7549149758396752,0.7057850154599562,0.7185943985973772,0.7549149868676283,0.7772998560157665,0.5926665999540698,0.6513548714339145,0.5926665999540698,0.7310585669110203,0.6791787056691698
0.9433475802665577,0.8354835411997897,0.8354835350552604,0.798186775339273,0.6791787056691697,0.7772998611746912,0.679178699175393,0.7057850278370112,0.6791786926816161,0.7310585786300049,0.7310585727705127,0.6513548511303338,0.6791787121629466,0.7057850278370112,0.651354857898194,0.5312093733737563,0.37754066879814546,0.4073334000459302,0.4378234991142019,0.5312093733737563,0.4378234991142019
0.9603611647279773,0.8519528000888386,0.8807970670261976,0.8740772450055545,0.817574478416099,0.7310585669110203,0.8354835371034369,0.7310585786300049,0.8354835330070839,0.7772998663336158,0.7057850278370112,0.7772998611746911,0.7772998560157663,0.7057850216484838,0.7310585844894971,0.5621765008857981,0.37754067580180184,0.5926665999540698,0.5312093733737563,0.5621765008857981,0.4378234991142019
0.9875683476489674,0.957912268029248,0.946596664927252,0.9362850004144266,0.9284088030314952,0.904650538956921,0.9099070115349837,0.8519528038477824,0.9149009578933863,0.9149009474519222,0.8872046004274975,0.8670357512127872,0.8354835330070839,0.880797068590724,0.8670357512127872,0.8519528019683105,0.8519527963298947,0.7981867681382279,0.817574478416099,0.8354835330070839,0.7981867849406659
0.8519528019683105,0.7772998663336158,0.7772998663336158,0.7772998560157665,0.8519527982093666,0.8080672135527632,0.8438950986284991,0.7981867777396212,0.8519528057272543,0.8670357615200475,0.8519528019683106,0.8519528000888387,0.8596637451167997,0.817574471748733,0.7981867825403176,0.7981867753392728,0.7772998508568416,0.7981867777396212,0.8175744739711883,0.8267117940706734,0.7549149868676283
0.9433475715065793,0.8872045944627057,0.9099070054272775,0.8933094081846421,0.8354835391516133,0.880797085800514,0.8519527982093666,0.8438951005915208,0.8438951064805861,0.8519528038477824,0.8596637559030337,0.8519527963298947,0.7981867681382279,0.817574478416099,0.8175744673038222,0.8519528057272543,0.817574478416099,0.651354857898194,0.7310585903489892,0.7549149758396752,0.5926665999540698
0.9770226290864076,0.9433475750902071,0.9399133527714579,0.9525741308615412,0.919642532278991,0.9196425295259959,0.9324533140223229,0.9324533041676869,0.9149009520925732,0.9284087931273041,0.9099069968764883,0.8933094117351309,0.8933093961129794,0.9046505363862339,0.9149009596336303,0.8807970701552505,0.8354835432479661,0.8670357563664174,0.9196425344813869,0.904650538956921,0.9149009642742805
0.7549149758396752,0.7057850278370112,0.7549149813536518,0.8354835452961425,0.7772998663336158,0.7981867825403177,0.7057850216484838,0.7431680086124811,0.7981867681382279,0.7772998560157665,0.7772998560157665,0.8354835432479663,0.7981867777396211,0.7981867825403176,0.7981867705385762,0.6791787056691698,0.5312093733737563,0.7057850340255386,0.679178699175393,0.7057850216484838,0.7057850216484838
0.9579122704322899,0.9496693641974535,0.9149009555730611,0.9362850097482404,0.9399133433038895,0.9149009625340367,0.9324533083911025,0.9241418252018903,0.9046505351008904,0.8670357598021707,0.8933094152856197,0.8933094032139577,0.9196425256718028,0.8670357683915538,0.8175744739711883,0.8596637469145054,0.8354835391516133,0.7981867705385762,0.8175744806385542,0.8596637541053281,0.8807970764133561
0.9496693625949187,0.8596637451167997,0.8596637433190939,0.7981867705385762,0.8670357580842941,0.8354835330070839,0.8519528019683105,0.8354835330070839,0.8438951005915208,0.7879311956428946,0.7772998611746911,0.8175744761936437,0.7549149813536518,0.7772998560157665,0.7981867705385762,0.7549149978955811,0.6513548782017745,0.7057850278370112,0.7310585669110202,0.6791787056691698,0.7057850340255386
0.9740426441679386,0.9796676484753359,0.9755769103009369,0.9626731151992686,0.9740426439795612,0.9648551498095038,0.9770226275392417,0.957912268029248,0.97702262871007,0.9808759623756094,0.9783846659768267,0.9724147175233889,0.9603611600481528,0.974042641624845,0.9820137898734116,0.9626731122542814,0.9465966750964615,0.9688561722753841,0.9465966662454831,0.9553191257520467,0.9553191311584589
0.9579122729855218,0.9465966662454831,0.9433475746920261,0.9196425245706047,0.9399133508779444,0.9284088060027523,0.9284087960985615,0.9046505434556232,0.9196425311777929,0.8991213847035617,0.9284087975841903,0.9362850101927077,0.880797071719777,0.9046505428129514,0.9362850013033613,0.9241418137109956,0.9149009538328171,0.8933094060543488,0.8872045996818986,0.8933094088947399,0.8933094159957173
0.8596637505099168,0.8933094003735664,0.8354835330070838,0.8519528057272543,0.8933093975331752,0.9362850128595114,0.9046505293168444,0.9324533046369553,0.9099070054272775,0.9241418257242036,0.8933094081846421,0.9149009532527357,0.9241418147556224,0.928408795603352,0.9149009596336303,0.9324533027598818,0.8438951045175643,0.9149009468718409,0.8872045825331214,0.9149009515124917,0.8740772450055545
0.904650527388829,0.8596637559030338,0.8175744806385543,0.8596637577007393,0.8354835411997897,0.8519527982093666,0.7549149868676283,0.8596637505099167,0.7549149868676283,0.7662936324115011,0.651354857898194,0.6791787056691697,0.6791787056691698,0.7310585786300049,0.6791787121629466,0.5621765008857981,0.5621765008857981,0.37754066879814546,0.3775406687981454,0.5312093733737563,0.4378234991142019
0.9669140203003503,0.8933094067644466,0.8519528000888387,0.8807970685907242,0.8807970748488297,0.8175744806385543,0.8175744828610095,0.8175744850834649,0.8519528076067262,0.8519528057272543,0.7772998663336158,0.8175744828610095,0.7772998611746911,0.7057850216484838,0.7549149813536518,0.7057850154599562,0.7057850278370112,0.679178699175393,0.5312093733737563,0.7549149758396752,0.4378234991142019
0.9706877718985379,0.9496693654438695,0.943347570909308,0.9465966664338018,0.9399133523506772,0.9362850115261097,0.9362850110816422,0.9579122767402743,0.9284087970889807,0.9046505351008904,0.9196425284247979,0.9241418252018903,0.9046505357435622,0.8807970826714614,0.9579122728353316,0.9324533093296393,0.9324533060447606,0.8933094159957173,0.9324533022906133,0.9196425317283919,0.9046505402422645
0.9859363752166294,0.9706877704145972,0.9553191268651317,0.9706877703086013,0.9579122680292479,0.9626731083722525,0.968856170252067,0.9688561671046847,0.9688561674419043,0.9706877668107408,0.9669140177976359,0.9796676487721513,0.968856169128002,0.9740426401178265,0.9553191265471074,0.9688561695776281,0.9648551535992067,0.9553191302043861,0.9399133462493554,0.9433475810629194,0.9196425361331837
0.8933094124452287,0.8354835411997898,0.7772998611746911,0.7057850340255386,0.7549149923816048,0.7549149813536518,0.7772998611746912,0.7310585727705126,0.6791786861878392,0.679178699175393,0.7310585844894971,0.679178699175393,0.5926665999540697,0.6791787121629466,0.5621765008857981,0.7057850278370111,0.46879062662624377,0.5621765008857981,0.5312093733737563,0.5,0.5
0.9755769114548299,0.9284087931273041,0.9196425399873763,0.8933094138654242,0.9046505453836383,0.8991213806488609,0.8670357512127872,0.8933094124452288,0.9046505280315008,0.8933094032139577,0.8933093968230772,0.880797085800514,0.817574471748733,0.8670357512127872,0.8933093989533708,0.8354835350552603,0.8519528019683106,0.8670357512127872,0.7549149978955811,0.8354835350552603,0.7772998611746911
0.9648551537255302,0.9324533112067127,0.9648551571362624,0.9740426439795613,0.9553191297273498,0.9525741242979905,0.9553191281372286,0.9525741320396143,0.9553191316354952,0.9579122734360922,0.9399133451974033,0.9706877688246606,0.962673113592912,0.9525741234565096,0.9626731146638163,0.9324533154301279,0.9046505376715775,0.9399133510883348,0.9324533097989076,0.924141826246517,0.9465966717067252
0.9465966660571644,0.8991213711878918,0.8670357615200474,0.9046505440982949,0.9046505357435622,0.8872045937171068,0.8740772433654401,0.904650536386234,0.9241418147556223,0.8807970826714614,0.9046505286741727,0.8807970779778824,0.880797071719777,0.8872045929715078,0.8670357563664174,0.8354835411997897,0.8872046004274975,0.8670357563664174,0.8267118004748678,0.8670357598021707,0.7981867801399695
0.817574471748733,0.8670357649558006,0.8872045892435128,0.8175744828610095,0.9241418147556224,0.8933094039240554,0.8670357563664174,0.9362850115261095,0.8933094081846421,0.9241418147556224,0.8991213772699435,0.8872045907347107,0.9046505447409665,0.8933093996634686,0.9324533079218341,0.8519528038477825,0.8519527944504227,0.8175744806385543,0.8740772417253256,0.8175744761936437,0.8740772368049822
0.9496693663341667,0.939913344566232,0.9241418116217418,0.9399133563480947,0.9149009532527357,0.904650527388829,0.8991213745668094,0.8933094074745443,0.8670357494949105,0.9099070072595894,0.9196425240200058,0.8807970826714614,0.8670357494949105,0.9284088015458666,0.8933094088947399,0.9241418241572635,0.817574471748733,0.8740772433654401,0.8670357683915538,0.7981867801399695,0.880797068590724
0.962673111584966,0.949669368648939,0.919642529525996,0.9046505440982948,0.9399133481428691,0.9099070151996073,0.8933094017937621,0.9149009520925732,0.8933093946927838,0.8807970795424087,0.8354835432479661,0.8670357649558006,0.9046505440982948,0.8354835391516132,0.8933094117351309,0.867035771827307,0.8175744828610095,0.7772998560157663,0.8175744695262775,0.7981867753392728,0.7772998560157665
0.9688561667674652,0.9399133523506772,0.9399133449870128,0.9324533107374443,0.9525741280005064,0.9399133525610676,0.9149009526726545,0.9241418121440552,0.9284088015458667,0.8872045981907007,0.9046505351008906,0.92414182363495,0.9149009602137116,0.9046505447409665,0.9046505344582187,0.880797076413356,0.8807970701552505,0.8670357718273068,0.8519528076067262,0.8670357477770336,0.8670357598021708
0.9740426403532981,0.9626731151992686,0.9603611645861643,0.9433475711083985,0.9579122765900843,0.9603611599063399,0.9603611610408428,0.9579122734360921,0.9579122764398942,0.9362849999699593,0.9496693633071565,0.9399133473013075,0.9362850021922959,0.9399133534026292,0.9496693691831173,0.9525741263175447,0.9433475808638289,0.9553191263880952,0.9284088074883808,0.9465966754730989,0.9241418189341296
0.9496693649096912,0.9099070121457543,0.8740772466456689,0.8807970685907242,0.798186787341014,0.8670357615200475,0.8596637451167997,0.8354835350552603,0.817574471748733,0.7549149868676283,0.7549149923816048,0.798186768138228,0.8175744673038222,0.7981867705385763,0.8354835391516132,0.7057850340255386,0.7310585903489891,0.679178699175393,0.7057850340255386,0.7057850340255386,0.6791786926816161
0.9553191271831558,0.9399133468805266,0.9241418262465169,0.8807970826714614,0.9046505344582186,0.8933093975331752,0.8807970826714614,0.8933094003735664,0.9149009613738741,0.9046505318875316,0.8933094032139577,0.8670357666736772,0.904650538956921,0.8354835391516133,0.7772998560157665,0.7981867777396212,0.8519528076067261,0.8670357701094303,0.7981867777396212,0.8519528019683106,0.7981867753392728
0.9783846647950838,0.9433475734974835,0.939913344566232,0.9284087985746093,0.9648551541045004,0.962673113726775,0.9324533046369553,0.9579122705824801,0.9433475788729249,0.9579122675786775,0.9465966685053074,0.9465966666221205,0.9324533051062237,0.924141814233309,0.9399133536130196,0.9324533027598817,0.939913350667554,0.9046505261034854,0.9149009607937928,0.9362850088593059,0.9149009607937929
0.9626731102463354,0.9399133531922388,0.9433475778774728,0.9241418262465169,0.9324533112067127,0.9399133550857524,0.9362850084148385,0.9399133561377043,0.9496693688269985,0.9553191275011801,0.9399133542441908,0.9149009532527358,0.9284087990698189,0.9046505447409666,0.9284088055075428,0.9284088035267046,0.9284087965937712,0.8991213820004279,0.9046505402422645,0.9046505261034854,0.9099070005411124
0.7981867825403177,0.7057850216484838,0.6513548782017745,0.6791786926816161,0.7549149868676283,0.679178692681616,0.6513548714339145,0.5621765008857981,0.6791786861878392,0.7057850278370112,0.679178686187839,0.7772998714925403,0.6513548782017745,0.731058584489497,0.6224593312018546,0.6224593312018546,0.6224593312018546,0.7057850278370112,0.6224593312018546,0.6224593312018546,0.6224593312018546
0.9626731102463354,0.817574478416099,0.867035752930664,0.7549149923816048,0.8175744695262777,0.7549149868676283,0.7772998663336157,0.7772998714925403,0.7310585786300049,0.7981867681382279,0.7549149868676283,0.679178699175393,0.7057850278370111,0.7549149813536518,0.6224593312018546,0.5312093733737563,0.29421498454004374,0.43782349911420193,0.4378234991142019,0.5312093733737563,0.3486451285660856
0.9890130592213602,0.9688561669922783,0.9808759610828266,0.9579122740368526,0.9399133529818483,0.9465966653038895,0.9603611577791468,0.9284087995650284,0.9706877673937175,0.9579122705824801,0.9324533121452495,0.9603611643025387,0.955319130045374,0.9465966660571644,0.9399133466701362,0.9399133447766225,0.9525741273273217,0.9433475760856591,0.9579122741870427,0.9399133441454511,0.9399133546649715
0.9890130576426459,0.9579122764398942,0.9433475744929357,0.9553191247979739,0.9362850079703713,0.9241418137109956,0.9196425344813869,0.9362850053035673,0.9046505434556231,0.9362849990810246,0.9399133557169235,0.9099069968764882,0.9149009503523291,0.9149009607937929,0.9149009509324104,0.8807970795424087,0.8670357477770337,0.8519528000888387,0.9046505447409666,0.8872045870067157,0.8807970748488297
0.9603611654370414,0.914900957313305,0.9241418173671894,0.8807970889295664,0.8807970732843033,0.8519528000888386,0.8354835452961425,0.8933093982432729,0.8670357494949105,0.8933094131553264,0.8807970779778824,0.8670357649558006,0.8933094124452288,0.8519527982093666,0.8933094110250331,0.8354835391516133,0.7549149758396752,0.8175744828610095,0.7310585844894971,0.7772998560157665,0.7981867873410141
0.8807970889295664,0.8175744806385542,0.7057850340255386,0.8175744739711883,0.7772998508568416,0.7772998714925403,0.7981867729389246,0.7772998611746911,0.7981867777396211,0.8354835452961425,0.7310585669110202,0.7310585669110202,0.8354835432479661,0.7310585669110203,0.7549149758396752,0.7549149813536518,0.651354857898194,0.7431680029241321,0.7310585903489891,0.7549149868676283,0.7310585727705127
0.8175744850834648,0.7549149978955811,0.7981867801399695,0.8354835371034368,0.7981867705385762,0.8354835411997897,0.7981867753392728,0.7772998714925403,0.7981867705385763,0.798186775339273,0.7772998663336158,0.798186775339273,0.7981867849406659,0.8175744850834648,0.8354835350552604,0.8354835330070839,0.7549149758396752,0.817574478416099,0.754914997895581,0.7310585844894971,0.7310585786300049
0.9850429099078615,0.9496693663341667,0.9579122737364724,0.9324533051062237,0.9046505318875316,0.9099070054272775,0.8740772400852111,0.9241418199787564,0.9324533046369553,0.899121379297294,0.8991213847035617,0.9046505312448598,0.8991213874066956,0.9362850119705769,0.9196425399873763,0.8933094060543488,0.9433475734974837,0.9099070145888366,0.909906997487259,0.8933094096048376,0.8740772236840656
0.9808759640177928,0.9525741253077676,0.9433475792711057,0.924141819456443,0.9362850013033612,0.9496693679367014,0.9496693649096912,0.924141819456443,0.9324533140223229,0.9324533144915912,0.932453304167687,0.93991335382341,0.9433475725020315,0.9241418158002492,0.9362849999699593,0.9362850075259039,0.924141814233309,0.8807970732843033,0.9241418205010699,0.9046505318875316,0.8933094067644466
0.9241418137109956,0.8933094103149354,0.8175744761936437,0.8596637577007393,0.7549149813536518,0.7981867801399695,0.8354835432479661,0.7772998508568416,0.7310585903489891,0.7772998663336158,0.6224593312018546,0.7549149868676283,0.5926665999540698,0.6513548646660543,0.6791787056691697,0.40733340004593027,0.40733340004593027,0.5,0.4378234991142019,0.5,0.29421497216298875
0.9433475736965741,0.8740772236840657,0.8354835371034368,0.754914997895581,0.8175744806385542,0.8438951005915208,0.8080672135527631,0.817574478416099,0.8354835411997897,0.8354835371034368,0.7549149868676283,0.7981867873410141,0.7549149868676283,0.7772998663336158,0.8175744739711883,0.8354835411997897,0.731058584489497,0.7057850216484838,0.679178699175393,0.6791786926816161,0.8267117898012104
0.9688561700272541,0.9046505286741726,0.9099070017626537,0.9046505286741726,0.8933094017937621,0.8807970748488297,0.8933094025038598,0.8670357615200475,0.9046505370289057,0.8933094025038598,0.9149009561531424,0.9046505331728751,0.9149009584734676,0.8670357683915538,0.9241418205010699,0.8807970670261976,0.8670357615200474,0.8438950947024556,0.8175744739711883,0.8354835350552604,0.7981867825403176
0.985936375526555,0.9603611640189129,0.9626731169394881,0.9362850044146327,0.9362850048590999,0.9241418272911436,0.867035763237924,0.9241418246795768,0.8933094039240554,0.9099069993195711,0.9046505408849362,0.9324533126145178,0.8354835350552604,0.8807970654616711,0.9149009613738742,0.9099070090919013,0.8807970904940926,0.9149009584734676,0.8354835371034368,0.8807970670261976,0.9196425262224018
0.5926665999540698,0.7057850278370112,0.7310585786300049,0.6791787056691698,0.7549149813536518,0.6224593312018546,0.5312093733737563,0.5926665999540698,0.5926665999540698,0.7549149758396752,0.6513548578981939,0.5621765008857981,0.6513548782017745,0.7057850278370112,0.6224593312018546,0.37754066879814546,0.2942149659744614,0.37754067580180184,0.4378234991142019,0.3775406617944891,0.2689414096510109
0.9603611587718369,0.9525741268224333,0.9362850128595115,0.9525741298517643,0.9362850070814366,0.952574122783325,0.9362850101927077,0.9553191337026525,0.9465966649272521,0.9284087985746093,0.9099069968764882,0.9196425372343817,0.9196425394367774,0.9324533088603709,0.9196425234694067,0.9324533046369553,0.909906997487259,0.9284087941177233,0.8519528019683105,0.9324533046369554,0.8354835309589074
0.9783846669222209,0.9465966702001758,0.9525741217735477,0.9324533074525658,0.9324533088603708,0.9046505402422645,0.90990700787036,0.919642530076595,0.8933093968230773,0.9465966696352197,0.8933094110250331,0.9324533140223229,0.8519528019683106,0.8933094046341532,0.880797085800514,0.8807970732843033,0.8670357615200475,0.904650538956921,0.8670357580842941,0.8807970764133561,0.8670357632379241
0.9706877680296923,0.9241418184118163,0.9284088030314952,0.9465966654922082,0.9648551543571473,0.9525741318713181,0.9399133544545811,0.9149009520925732,0.9324533154301279,0.9241418199787564,0.9149009497722477,0.8670357529306639,0.9046505357435622,0.904650536386234,0.9324533116759811,0.8519527963298947,0.8933094046341532,0.8670357666736773,0.8519528038477825,0.8519528076067262,0.817574471748733
0.9688561701396606,0.9553191246389617,0.9579122714836208,0.9579122767402743,0.9603611638771001,0.9648551524622959,0.9724147165241046,0.9553191249569861,0.9553191279782165,0.9706877689306563,0.972414716624033,0.9669140216112959,0.9525741249711752,0.9525741244662868,0.9669140186318741,0.9740426404945811,0.9496693634852159,0.9433475772802016,0.9362850101927077,0.9284088035267047,0.9241418147556224
0.7981867777396212,0.8670357735451835,0.8267117983401363,0.8354835350552604,0.8872046004274976,0.8175744695262777,0.8354835350552604,0.8933094159957173,0.8519528038477825,0.8519528000888386,0.8175744761936437,0.9046505447409665,0.7981867825403176,0.8175744828610095,0.7772998508568417,0.8354835391516133,0.7772998560157665,0.8175744761936437,0.7981867729389246,0.7549149923816048,0.731058584489497
0.9399133555065331,0.8670357649558006,0.8519528000888386,0.731058584489497,0.7981867825403176,0.7310585786300049,0.7057850154599563,0.8175744761936437,0.7057850278370112,0.7772998714925403,0.7549149923816048,0.7057850278370112,0.7772998714925403,0.7549149813536518,0.7057850340255386,0.7310585786300048,0.6224593382055109,0.5621765008857981,0.40733340004593027,0.6224593241981982,0.5312093733737563
0.7772998714925403,0.7981867825403177,0.8933094159957173,0.8596637451167997,0.8670357598021708,0.8354835309589073,0.851952809486198,0.8872045974451016,0.8991213806488609,0.8807970779778824,0.8519528038477824,0.8519528019683106,0.8933094039240554,0.8933094131553264,0.8670357529306639,0.851952809486198,0.8670357632379241,0.8175744739711883,0.8175744739711883,0.8354835330070839,0.7981867801399694
0.8872045907347108,0.826711791935942,0.8438950966654772,0.7549149978955811,0.8175744695262775,0.8519528038477824,0.7310585786300049,0.8267117962054049,0.8080672112416737,0.8519528057272544,0.7981867777396211,0.7772998560157665,0.8354835350552604,0.8175744739711883,0.7981867849406659,0.8080672204860316,0.8175744717487329,0.7981867849406659,0.7772998611746912,0.8354835411997897,0.7662936430859597
0.8807970826714614,0.7310585727705126,0.6224593312018546,0.7057850154599563,0.6513548646660543,0.7057850216484838,0.7057850216484838,0.705785040214066,0.5926665999540698,0.679178699175393,0.651354857898194,0.7310585669110203,0.5926665999540698,0.5621765008857981,0.4073334000459302,0.5926665999540698,0.32082131381216084,0.4687906266262437,0.182425528251267,0.5312093733737562,0.5
0.9867771776279491,0.9688561720505712,0.964855153093913,0.9433475687193132,0.9496693633071565,0.943347578474744,0.9241418283357703,0.9525741305249489,0.9553191305224104,0.9553191319535194,0.9399133521402868,0.9149009625340366,0.9553191257520468,0.9196425328295899,0.9241418215456966,0.9362849995254919,0.9553191305224104,0.9099070090919014,0.9362850030812307,0.9362850066369692,0.9399133485636499
0.9883127405950866,0.9669140247098943,0.9626731113172399,0.9648551537255301,0.9496693702514737,0.9783846688917921,0.9669140245907174,0.9525741318713182,0.9433475711083985,0.9433475776783824,0.9579122707326702,0.9579122687801985,0.9465966739665496,0.9579122756889437,0.9525741263175447,0.9496693714978894,0.9433475725020315,0.9046505299595162,0.8933094025038598,0.9241418199787564,0.899121379297294
0.731058584489497,0.7310585903489892,0.817574471748733,0.7310585727705126,0.8175744739711883,0.6791787056691698,0.7772998714925403,0.8670357494949105,0.7310585727705127,0.7772998663336158,0.8354835350552603,0.8354835432479663,0.7549149923816048,0.7981867753392728,0.7981867825403176,0.7549149813536518,0.7772998663336158,0.7981867753392728,0.7549149923816048,0.731058584489497,0.5312093733737563
0.9626731147976795,0.8596637487122112,0.8933094046341532,0.7772998714925403,0.8175744739711883,0.7879311856832191,0.7310585844894971,0.7549149923816046,0.7981867849406659,0.8175744828610095,0.7057850154599562,0.7057850340255386,0.7549149813536518,0.8670357701094303,0.7981867681382279,0.7772998560157665,0.7549149813536518,0.7057850278370112,0.7057850278370112,0.7879312006227324,0.6926419894793248
0.9603611591972756,0.9284088074883808,0.9196425234694067,0.914900957313305,0.9399133534026293,0.904650533815547,0.9099070035949656,0.9046505421702797,0.8670357494949105,0.9149009526726544,0.8933093961129794,0.880797068590724,0.8933093961129794,0.8807970811069351,0.8872045877523147,0.8354835391516133,0.8670357598021707,0.8933094145755219,0.8670357683915538,0.8740772269642949,0.8519528076067262
0.5312093733737563,0.7310585727705127,0.8175744850834648,0.7772998611746911,0.817574478416099,0.7772998663336158,0.7981867825403177,0.8175744695262777,0.7981867777396212,0.7772998663336157,0.7549149923816048,0.8354835371034368,0.7310585727705127,0.6791787121629466,0.679178699175393,0.5926665999540698,0.679178692681616,0.5926665999540698,0.5926665999540698,0.651354857898194,0.5926665999540698
0.9908743637982304,0.946596664362296,0.9362850075259039,0.936285006192502,0.8872045914803098,0.8807970670261976,0.880797071719777,0.8933094074745443,0.8807970701552505,0.8933094103149355,0.8354835330070839,0.8354835452961425,0.8519527963298947,0.8354835452961425,0.8354835391516133,0.7549149923816048,0.8175744739711883,0.8519528057272544,0.817574471748733,0.893309405344251,0.8596637523076225
0.974042641059713,0.9525741217735478,0.946596665680527,0.9496693702514737,0.9603611597645271,0.9399133458285746,0.943347578474744,0.9553191313174709,0.9324533065140289,0.9525741293468758,0.9433475764838399,0.9241418225903234,0.9149009486120849,0.9525741301883566,0.9241418272911436,0.8933094081846422,0.8670357563664174,0.8933094152856197,0.8670357649558006,0.9196425262224018,0.9241418257242036
0.990291523214092,0.9496693656219289,0.9603611606154042,0.9362850013033613,0.9284088020410762,0.8438951025545426,0.8596637523076225,0.919642528975397,0.9149009509324104,0.8596637487122111,0.8596637469145053,0.8933094032139576,0.880797071719777,0.7549149813536518,0.8519527963298947,0.8519528038477824,0.8354835432479661,0.8519528019683105,0.8596637559030338,0.8807970764133561,0.7981867825403177
0.8354835411997897,0.7772998714925403,0.679178692681616,0.7772998560157665,0.7981867777396212,0.7549149978955811,0.8354835330070839,0.8175744761936437,0.7981867681382279,0.7310585786300049,0.8354835452961425,0.7772998663336157,0.8354835289107309,0.7772998663336158,0.7772998714925403,0.7057850216484838,0.5621765008857981,0.7549149813536518,0.7057850340255386,0.7549149868676283,0.7310585786300049
0.9553191279782165,0.9099070023734243,0.9284087960985615,0.904650538956921,0.9099070115349838,0.9196425234694067,0.8670357477770336,0.8807970889295663,0.9196425262224018,0.9324533069832974,0.9099070023734244,0.9046505447409666,0.867035752930664,0.9196425372343816,0.8807970858005139,0.8670357546485407,0.8519528000888386,0.8175744739711883,0.7549149978955811,0.8354835330070839,0.8080672112416737
0.8080672112416737,0.7549149813536518,0.7549149758396752,0.7772998508568416,0.798186775339273,0.7057850278370112,0.7772998611746911,0.6791786926816161,0.7549149923816048,0.7549149868676283,0.7981867753392728,0.7981867705385763,0.817574478416099,0.8354835330070839,0.7310585786300049,0.7310585727705127,0.5621765008857981,0.6513548714339145,0.6513548646660542,0.6791786926816161,0.6224593241981982
0.9525741222784364,0.924141827813457,0.946596676038055,0.9324533135530545,0.9399133481428692,0.9196425317283919,0.9099070072595895,0.9399133510883348,0.9099069980980297,0.9149009567332237,0.9149009509324104,0.9196425284247979,0.9046505421702796,0.9149009625340366,0.8933094053442511,0.8670357718273068,0.8807970748488297,0.8519527944504227,0.7981867801399695,0.8519527963298946,0.8354835391516133
0.9433475802665576,0.817574471748733,0.8354835391516133,0.7772998714925403,0.8354835452961425,0.7549149923816048,0.7310585786300048,0.7981867729389246,0.7981867801399695,0.7310585903489891,0.7057850216484837,0.651354857898194,0.7310585844894971,0.679178699175393,0.5926665999540698,0.5621765008857981,0.5,0.6224593241981982,0.3775406617944891,0.6224593312018546,0.43782349911420193
0.9399133470909171,0.851952809486198,0.7981867729389246,0.7772998611746911,0.8596637469145054,0.7549149813536518,0.8175744828610095,0.7310585786300048,0.6791786926816161,0.8354835350552604,0.7772998663336158,0.679178699175393,0.6513548714339145,0.7310585727705127,0.7310585786300049,0.651354857898194,0.5621765008857981,0.5621765008857981,0.37754066879814546,0.4073334000459302,0.4073334000459302
0.9324533083911025,0.8670357701094303,0.8807970748488297,0.8354835391516133,0.8175744806385542,0.8354835371034368,0.8519528057272543,0.8670357615200474,0.8175744806385542,0.8933094152856197,0.7549149868676283,0.8354835432479661,0.8354835371034368,0.731058584489497,0.8175744806385543,0.7772998663336158,0.7772998560157663,0.7057850216484838,0.7772998508568416,0.7772998611746911,0.7057850278370112
0.9362850044146327,0.8596637487122111,0.8670357649558006,0.8670357666736772,0.8807970873650401,0.8354835330070839,0.8080672066194945,0.8519528076067262,0.7772998611746912,0.8519528000888386,0.8354835432479661,0.7981867825403176,0.7772998611746911,0.7310585727705126,0.7981867801399695,0.8175744673038222,0.6224593312018546,0.6513548578981939,0.7057850216484838,0.7057850216484838,0.5312093733737563
0.9783846696402292,0.946596665680527,0.93991335382341,0.9433475794701961,0.932453310268176,0.9465966645506148,0.9284088015458666,0.9465966715184065,0.9496693709637113,0.9525741253077676,0.9399133460389649,0.9553191298863619,0.9241418199787564,0.9362850021922959,0.9362850084148385,0.928408800060238,0.952574123793102,0.9553191332256162,0.9525741311981335,0.9433475707102176,0.9099070005411124
0.7772998663336157,0.7772998663336157,0.8354835289107309,0.7549149868676283,0.8175744828610095,0.8519528076067262,0.8519527963298947,0.8354835309589074,0.8354835371034368,0.8670357580842941,0.8354835371034368,0.8354835452961425,0.8670357494949105,0.7772998663336158,0.7057850154599563,0.8354835391516133,0.7772998560157665,0.7549149813536518,0.7549149923816048,0.7772998663336158,0.7549149923816048
0.9099070109242131,0.7772998714925403,0.798186784940666,0.7772998611746912,0.817574478416099,0.817574471748733,0.8354835411997897,0.7310585669110202,0.7057850340255386,0.7772998663336158,0.7981867801399695,0.6224593382055109,0.7057850278370112,0.7057850216484838,0.6224593312018545,0.7057850278370112,0.6224593312018546,0.5312093733737563,0.5,0.6513548646660543,0.5312093733737563
0.9362849999699593,0.8354835391516133,0.8670357615200475,0.8354835432479661,0.8740772417253255,0.8175744806385542,0.8670357701094303,0.8519528019683106,0.8354835411997897,0.8519528076067261,0.7772998663336158,0.8175744806385543,0.817574471748733,0.7549149978955811,0.8519528000888386,0.8354835391516133,0.7772998663336158,0.7310585786300049,0.7057850340255386,0.7549149923816048,0.6513548714339144
0.9525741268224333,0.817574478416099,0.7057850402140659,0.6791786991753929,0.7310585727705126,0.7772998663336158,0.6224593382055109,0.7310585786300048,0.7310585786300048,0.651354857898194,0.4378234991142019,0.679178699175393,0.5312093733737562,0.5926665999540698,0.46879062662624377,0.5621765008857982,0.3486451488696663,0.5,0.32082130731838393,0.5621765008857982,0.29421497216298875
0.9740426441679386,0.9553191297273498,0.9724147157746413,0.9783846672373523,0.9603611596227141,0.9706877722165252,0.9648551561256751,0.9669140208962347,0.9525741236248059,0.9525741298517643,0.9579122755387536,0.9648551518306788,0.96691402411401,0.9553191268651317,0.9579122762897041,0.9603611607572171,0.9496693659780477,0.9525741227833249,0.9362850048591,0.9433475792711057,0.952574123793102
0.9669140183935203,0.9525741221101403,0.9525741298517643,0.9496693729223648,0.9324533130837862,0.9324533083911025,0.9496693666902855,0.968856170252067,0.9433475699138558,0.9496693634852159,0.9496693640193942,0.952574129515172,0.9046505370289059,0.9046505312448598,0.9241418267688303,0.9433475689184037,0.939913350667554,0.9324533060447606,0.9149009497722477,0.9241418126663686,0.932453315430128
0.9324533069832973,0.9149009474519223,0.9046505325302034,0.8872045825331215,0.914900957313305,0.9046505376715775,0.9046505447409665,0.8991213718636754,0.9196425366837827,0.899121377945727,0.798186768138228,0.8740772318846387,0.8175744828610095,0.8519528076067261,0.7879312006227324,0.8175744761936437,0.8354835411997898,0.8596637541053281,0.6791786926816161,0.7879311881731379,0.731058584489497
0.7549149813536518,0.8354835350552604,0.8670357512127872,0.8519528076067262,0.7772998611746912,0.7981867801399695,0.8080672204860316,0.8175744739711883,0.8175744828610095,0.7549149923816048,0.7549149758396752,0.8175744739711883,0.7772998663336158,0.7549149758396752,0.8175744673038222,0.8354835309589074,0.7772998560157665,0.6791786861878392,0.754914975839675,0.679178699175393,0.7310585669110203
0.9740426409184302,0.9465966671870766,0.9433475740947549,0.9196425394367774,0.8933094053442511,0.9324533079218341,0.9196425300765949,0.893309411735131,0.9099070090919013,0.9196425366837827,0.9241418137109956,0.9046505286741726,0.8175744673038222,0.8933094046341532,0.8807970842359877,0.8670357615200475,0.8438951025545426,0.899121367808974,0.8519527963298946,0.899121379297294,0.7981867777396212
0.9740426428492975,0.9579122761395139,0.9648551500621506,0.9433475697147654,0.9399133466701362,0.9603611572118953,0.9706877678177007,0.9648551520833256,0.9706877700966099,0.9433475782756536,0.9626731169394882,0.9579122714836207,0.964855153093913,0.9648551546097942,0.9579122743372328,0.9603611638771,0.9724147171736394,0.9553191246389617,0.9433475788729249,0.9553191341796888,0.9433475770811112
0.9324533013520765,0.8175744806385543,0.7057850216484838,0.7057850216484838,0.7310585844894971,0.6791787056691698,0.5926665999540698,0.5621765008857981,0.6791786926816161,0.651354857898194,0.5926665999540698,0.5621765008857981,0.5312093733737563,0.5312093733737563,0.6224593312018546,0.5,0.40733340004593027,0.348645142101806,0.2450850021044189,0.46879062662624377,0.3208212878370535
0.9324533069832973,0.8670357580842941,0.8670357563664174,0.8670357580842941,0.8354835432479661,0.8175744761936437,0.7981867777396211,0.8354835309589073,0.7549149978955811,0.8080672089305841,0.7310585786300049,0.731058584489497,0.7310585844894971,0.7772998508568416,0.731058584489497,0.5926665999540698,0.6224593312018546,0.5312093733737563,0.6791787121629466,0.7310585669110202,0.5312093733737563
0.9399133512987252,0.817574478416099,0.7549149868676283,0.7549149813536518,0.7549149813536518,0.7549149868676284,0.7981867801399695,0.705785040214066,0.7772998508568416,0.7310585727705127,0.7549149868676283,0.7549149813536518,0.6791786926816161,0.6513548511303336,0.5926665999540698,0.5621765008857982,0.4073334000459302,0.4687906266262437,0.3208213073183839,0.4073334000459302,0.46879062662624377
0.9740426454865795,0.939913344566232,0.9324533022906133,0.9149009619539554,0.9324533154301279,0.9149009636941993,0.8933094096048376,0.8807970701552505,0.8807970748488297,0.9324533140223228,0.8807970779778824,0.9399133475116979,0.8519528076067262,0.880797076413356,0.8933094138654242,0.8933094088947399,0.8670357529306639,0.8807970748488297,0.7549149923816048,0.8807970795424088,0.817574478416099
0.9669140237564794,0.9579122758391339,0.914900959053549,0.8933094124452287,0.8933093968230773,0.8519528038477825,0.7981867801399694,0.851952809486198,0.8933094145755219,0.8872045877523147,0.8175744850834648,0.880797068590724,0.8519528000888386,0.7981867681382279,0.7981867753392728,0.8933094081846421,0.8807970701552505,0.7549149813536518,0.8354835411997897,0.8519528038477824,0.7981867753392728
0.9648551501884741,0.8991213678089741,0.8933094088947399,0.899121377945727,0.8670357546485408,0.8872045847699186,0.867035758084294,0.8670357701094304,0.8596637505099167,0.8175744828610095,0.8933094074745443,0.8933093961129794,0.7981867849406659,0.8807970826714614,0.8354835371034368,0.7981867801399695,0.7772998663336157,0.8175744717487329,0.798186787341014,0.843895106480586,0.7879312031126511
0.5,0.7772998611746911,0.6791787121629466,0.7772998663336158,0.7772998611746912,0.6513548714339145,0.7549149923816046,0.7310585786300049,0.7057850402140659,0.6513548646660543,0.6224593241981982,0.7057850216484838,0.5621765008857981,0.5,0.6224593312018546,0.5926665999540697,0.5926665999540698,0.4378234991142019,0.40733340004593027,0.5,0.3775406687981454
0.8175744850834648,0.7310585903489891,0.7981867705385762,0.8175744739711884,0.7549149813536518,0.7772998560157665,0.798186768138228,0.8354835411997897,0.7772998611746912,0.8670357701094303,0.7981867825403177,0.7981867729389246,0.7549149813536518,0.8670357666736773,0.8354835330070839,0.7772998663336158,0.6791786926816161,0.679178699175393,0.7310585903489892,0.6791787056691698,0.6791786861878392
0.9648551495568569,0.9046505408849362,0.880797085800514,0.9149009607937928,0.9196425333801889,0.8933094039240554,0.8807970873650403,0.9046505267461572,0.9046505338155469,0.8740772351648677,0.8596637469145053,0.851952809486198,0.9149009602137115,0.8807970826714614,0.8933094032139577,0.8933093975331751,0.867035763237924,0.7981867753392728,0.7981867753392728,0.7981867801399695,0.8596637505099168
0.9553191265471074,0.8807970654616712,0.8519528038477824,0.8519528038477825,0.817574471748733,0.7981867849406659,0.7772998560157665,0.8354835289107309,0.8519527982093666,0.8175744695262777,0.8175744806385543,0.8354835309589074,0.7057850216484838,0.7772998560157665,0.5312093733737563,0.6224593241981982,0.5621765008857981,0.7057850278370112,0.6224593312018546,0.6513548511303336,0.5621765008857981
0.9099070072595894,0.8438951084436077,0.6791787056691698,0.7549149868676283,0.6224593312018546,0.679178699175393,0.5621765008857981,0.5312093733737563,0.651354857898194,0.6224593312018546,0.5312093733737563,0.5621765008857981,0.5,0.46879062662624377,0.5312093733737563,0.5,0.32082129433083023,0.4073334000459302,0.26894141551050293,0.3486451285660856,0.3486451488696663
0.8933094032139577,0.8670357649558007,0.798186784940666,0.7772998663336158,0.7981867801399695,0.6224593312018546,0.8175744850834648,0.8175744739711883,0.7310585903489891,0.8175744673038222,0.7549149813536518,0.7549149758396752,0.7057850154599562,0.7057850216484838,0.7310585727705127,0.6513548714339145,0.5926665999540698,0.5926665999540698,0.5,0.6224593312018546,0.5312093733737563
0.8933094174159127,0.8670357615200474,0.8354835411997897,0.8670357512127872,0.8670357512127872,0.798186775339273,0.7549149978955811,0.8175744828610095,0.7981867801399695,0.651354857898194,0.6224593312018546,0.7057850278370112,0.7057850278370112,0.6513548714339145,0.5926665999540698,0.46879062662624377,0.37754066879814546,0.43782349911420193,0.40733340004593027,0.5,0.4073334000459302
0.955319134497713,0.9241418272911436,0.9149009613738742,0.8933093946927838,0.9149009636941993,0.8519527963298947,0.8519528057272544,0.8807970732843033,0.8670357580842941,0.9046505370289059,0.8807970779778824,0.8519528076067262,0.8670357529306639,0.7549149813536516,0.7549149923816049,0.8354835330070839,0.7772998663336158,0.7772998611746912,0.7981867777396212,0.7981867705385762,0.7549149868676283
0.957912276139514,0.8740772236840656,0.8438951104066293,0.8175744761936437,0.8519528076067262,0.7057850216484838,0.7057850278370112,0.7057850340255386,0.798186775339273,0.7772998663336158,0.7549149868676283,0.6513548782017745,0.5926665999540698,0.5312093733737563,0.7310585669110203,0.5312093733737563,0.43782349911420193,0.5312093733737563,0.32082129433083023,0.5621765008857982,0.320821300824607
0.7772998714925403,0.6791787121629465,0.7057850216484838,0.6791787056691698,0.7772998611746912,0.7057850402140659,0.7310585669110203,0.7772998663336158,0.7981867705385762,0.7549149813536518,0.7981867873410141,0.731058584489497,0.7772998714925403,0.731058584489497,0.7057850216484838,0.5621765008857981,0.5312093733737563,0.679178699175393,0.6224593382055109,0.651354857898194,0.5926665999540698
0.9919380085685496,0.962673113726775,0.9579122764398942,0.9669140193469353,0.9525741226150287,0.9496693684708796,0.9399133540338004,0.9324533079218341,0.9149009468718409,0.9241418152779358,0.9196425394367775,0.9324533130837862,0.9362850115261095,0.9465966671870766,0.9324533149608596,0.9046505331728751,0.9149009526726545,0.9284087970889806,0.9149009555730612,0.9399133515091156,0.9046505312448598
0.8175744739711883,0.8354835309589073,0.8354835350552603,0.8354835432479661,0.8354835391516133,0.817574471748733,0.8519528019683105,0.8175744695262777,0.8670357632379241,0.8933094039240554,0.8175744828610095,0.8354835330070839,0.8519527963298946,0.8175744806385543,0.7772998560157665,0.7549149923816048,0.7772998663336158,0.7057850216484838,0.7057850340255386,0.7057850154599562,0.7549149923816048
0.9553191278192044,0.8807970858005139,0.8267117855317474,0.8267117983401363,0.817574478416099,0.8519528019683106,0.7772998714925403,0.8438951045175642,0.7981867849406659,0.8175744739711883,0.7981867825403176,0.8175744695262777,0.7310585786300049,0.817574478416099,0.8080672089305841,0.7772998611746911,0.6224593312018546,0.6791787056691698,0.7310585786300049,0.7057850154599562,0.7310585786300049
0.9706877682416838,0.9099070072595895,0.8807970826714614,0.8519528000888387,0.8670357735451835,0.8438951005915208,0.7772998611746912,0.7981867849406659,0.7549149868676283,0.817574478416099,0.7057850216484838,0.679178686187839,0.6224593312018546,0.7057850216484838,0.7310585727705126,0.7057850278370111,0.5926665999540697,0.6224593312018546,0.6224593312018546,0.5926665999540698,0.5926665999540698
0.9840936112330106,0.9626731156008577,0.9284088079835903,0.9149009526726544,0.9284088050123332,0.8438951045175642,0.859663754105328,0.8991213684847577,0.9196425388861785,0.8670357683915538,0.8519528057272543,0.8596637505099168,0.8670357649558006,0.7981867873410141,0.7772998663336158,0.8519527982093668,0.8354835371034368,0.7981867873410141,0.8519528019683106,0.851952809486198,0.7981867681382279
0.9890130568735285,0.9724147200715638,0.9770226312608024,0.9465966696352196,0.9525741239613982,0.9525741253077676,0.9525741305249489,0.9688561705892865,0.9465966662454831,0.964855153093913,0.9324533018213449,0.9284088005554476,0.9241418283357703,0.9525741305249489,0.9465966649272521,0.9362850079703712,0.9669140218496496,0.9324533074525658,0.9399133548753619,0.9399133494052117,0.9324533027598817
0.9399133512987252,0.8933094124452287,0.8872046041554923,0.8872045996818986,0.8807970670261976,0.8670357683915538,0.8354835391516133,0.874077230244524,0.7981867777396212,0.9241418126663686,0.8175744695262777,0.8080672089305841,0.798186787341014,0.8519528076067262,0.7772998611746912,0.7057850278370112,0.5926665999540698,0.6513548782017746,0.6791787056691697,0.7310585786300049,0.6224593312018546
0.9579122672782973,0.9399133433038894,0.9149009462917594,0.943347580465648,0.9399133481428691,0.90990700787036,0.8807970811069351,0.9149009544128984,0.9241418178895028,0.9465966669987579,0.8438950966654774,0.9149009520925732,0.8933094096048376,0.9433475723029411,0.8933094067644466,0.8933094003735664,0.9196425372343816,0.8807970654616711,0.8740772417253256,0.8933094159957173,0.8519528057272543
0.9706877660157724,0.9433475746920261,0.943347572302941,0.9241418205010699,0.9046505318875316,0.9324533046369554,0.8670357529306639,0.9196425262224018,0.867035763237924,0.9149009480320036,0.8991213874066956,0.9046505299595162,0.8670357666736772,0.932453310268176,0.9399133451974032,0.9149009625340367,0.909906997487259,0.8933094025038598,0.9046505280315008,0.909907012756525,0.8933094032139577
0.9830850855562785,0.9241418205010699,0.9149009561531424,0.9196425256718028,0.9241418116217418,0.9149009607937928,0.9196425229188077,0.8933094053442511,0.9099070133672955,0.8991213759183765,0.9241418257242036,0.924141813188682,0.9149009544128984,0.8807970748488296,0.919642527874199,0.8670357735451834,0.8807970889295663,0.8807970842359877,0.8519528000888386,0.7981867753392728,0.8519527963298947
0.9724147149752137,0.9553191247979739,0.9362850044146327,0.9465966703884944,0.9579122696813392,0.9465966683169887,0.9149009503523291,0.9241418173671895,0.9099070017626536,0.9525741264858409,0.9046505261034854,0.9362850110816423,0.8933093954028816,0.9149009625340367,0.9433475742938453,0.9465966658688456,0.904650527388829,0.8933093954028816,0.8354835432479661,0.8807970748488297,0.8354835350552603
0.7981867777396212,0.8807970826714614,0.8933094167058151,0.8807970842359877,0.8519528057272544,0.8933093996634686,0.880797076413356,0.880797068590724,0.899121379297294,0.909907001151883,0.9149009544128984,0.8354835309589074,0.880797071719777,0.9099069993195711,0.8807970858005139,0.8519527963298946,0.7981867801399695,0.8519528076067262,0.8354835350552604,0.8354835330070839,0.8519528038477825
0.9046505421702797,0.8519528094861981,0.8354835350552604,0.7981867801399695,0.8175744739711883,0.8175744806385543,0.7549149813536518,0.7549149868676283,0.7772998714925403,0.7772998663336157,0.7310585727705127,0.7057850340255386,0.7549149813536518,0.6513548511303338,0.679178699175393,0.6513548714339145,0.6791787056691698,0.5312093733737563,0.5621765008857981,0.5,0.5926665999540697
0.7981867873410141,0.8670357494949105,0.8519528076067262,0.8354835391516132,0.8519528057272544,0.8267118026095992,0.8175744806385542,0.8519527944504227,0.8807970748488297,0.8519527963298947,0.8670357598021707,0.817574478416099,0.8670357494949105,0.8354835411997897,0.8354835350552603,0.7981867777396211,0.7549149868676283,0.7549149923816048,0.7772998560157665,0.7310585727705127,0.7772998663336157
0.893309411735131,0.9284087941177233,0.9149009515124917,0.9241418189341296,0.909906997487259,0.9046505331728751,0.9241418158002492,0.9241418267688303,0.9149009607937928,0.9241418126663686,0.9241418252018903,0.9324533126145178,0.8933094131553264,0.851952809486198,0.8933094110250333,0.9149009474519222,0.8807970779778824,0.8933094096048376,0.8807970858005139,0.8354835432479661,0.8872046004274975
0.9928785712871905,0.9362850048590999,0.8933094017937621,0.9149009509324104,0.8807970826714614,0.8175744673038222,0.7879311881731379,0.8438950966654774,0.8519528038477824,0.8933093946927837,0.8267117983401363,0.8740772368049822,0.7981867801399694,0.7772998508568417,0.7981867777396211,0.7310585669110202,0.7549149923816048,0.7772998663336158,0.8438950986284991,0.798186775339273,0.7549149758396752
0.9046505351008904,0.932453306514029,0.9324533135530546,0.9241418178895029,0.9465966671870766,0.9241418231126367,0.9046505299595162,0.9196425333801889,0.9324533055754921,0.880797068590724,0.9241418121440552,0.8807970779778825,0.9046505376715774,0.9324533097989076,0.9399133485636499,0.8519528000888387,0.8933094159957173,0.9046505325302034,0.8933093968230773,0.867035752930664,0.8670357494949105
0.9808759638780323,0.9433475768820208,0.9196425223682086,0.9399133447766225,0.9099070109242131,0.8991213684847577,0.9241418137109956,0.9046505331728751,0.9284088015458666,0.9241418168448761,0.8596637577007393,0.9149009625340367,0.904650538956921,0.8740772417253256,0.8933094067644466,0.9149009602137115,0.8519528057272544,0.8596637469145054,0.8175744828610095,0.8933094053442511,0.8354835432479661
0.851952809486198,0.8354835411997897,0.7772998714925403,0.7549149978955811,0.7549149923816048,0.7310585669110202,0.7057850154599563,0.7310585669110203,0.6224593312018546,0.679178686187839,0.7057850216484838,0.6791786926816161,0.6224593382055109,0.5621765008857982,0.4378234991142019,0.4073334000459302,0.32082130731838393,0.26894141551050293,0.29421497216298875,0.5312093733737562,0.3775406687981454
0.9525741222784363,0.8991213772699435,0.8872045996818986,0.8519528000888386,0.8670357632379241,0.8267117898012104,0.817574478416099,0.8267117962054048,0.798186784940666,0.7981867777396212,0.7310585786300049,0.8175744739711883,0.8354835371034368,0.8175744761936437,0.7310585727705127,0.731058584489497,0.7310585903489891,0.7057850216484838,0.7310585669110202,0.7549149868676283,0.5926665999540698
0.9433475685202228,0.9324533126145178,0.8872045877523147,0.9046505415276079,0.8354835309589073,0.8596637487122111,0.8354835411997897,0.8519527982093666,0.7310585903489891,0.8175744761936437,0.7772998611746911,0.8175744828610095,0.8354835411997897,0.817574471748733,0.7549149758396752,0.7772998611746912,0.6791787056691698,0.6513548646660542,0.705785040214066,0.6513548511303338,0.6791787056691698
0.962673109309294,0.9284087975841901,0.9324533149608596,0.9496693649096912,0.9433475762847495,0.9626731085061155,0.9553191327485798,0.9241418173671894,0.9324533135530546,0.9362850004144266,0.9149009596336303,0.9284087960985614,0.9284087931273041,0.9196425399873763,0.9099070090919014,0.9399133508779444,0.919642532278991,0.9196425344813869,0.8807970904940926,0.8991213718636752,0.8933094053442511
0.9724147178731384,0.9648551517043552,0.9149009538328171,0.9284088025362857,0.9496693698953548,0.9525741241296943,0.9433475734974837,0.9324533093296392,0.9241418225903234,0.9284088040219142,0.9149009497722477,0.8933093989533708,0.9465966726483187,0.8933093975331751,0.9241418199787564,0.9241418126663686,0.8933093968230773,0.8670357580842941,0.8519528057272543,0.924141819456443,0.8670357666736772
0.8933094067644466,0.7549149978955811,0.8267117962054049,0.8175744739711883,0.8354835309589073,0.7981867849406659,0.7772998560157663,0.8175744673038222,0.7981867705385762,0.8354835330070839,0.8933094145755219,0.8354835350552603,0.8807970842359877,0.8807970826714614,0.8933094067644466,0.8519528019683106,0.8354835309589073,0.7981867849406659,0.8354835391516133,0.7549149923816048,0.8354835432479661
0.9553191298863619,0.9046505261034854,0.9099070127565249,0.8596637451167997,0.880797085800514,0.899121377945727,0.8519528038477824,0.8740772236840656,0.8354835452961425,0.8933094152856196,0.8991213806488609,0.9149009497722478,0.8991213705121083,0.8354835289107307,0.8670357632379241,0.7772998611746912,0.8670357615200474,0.8519528019683106,0.8175744806385543,0.8438951005915208,0.7310585727705126
0.8354835289107307,0.6791786861878392,0.7310585903489891,0.6513548782017745,0.731058584489497,0.651354857898194,0.6513548714339144,0.7057850216484838,0.7549149923816048,0.7549149868676284,0.6224593312018546,0.7549149978955811,0.7310585727705126,0.5621765008857982,0.5312093733737563,0.6791787121629466,0.5621765008857982,0.5312093733737563,0.4687906266262437,0.6224593312018546,0.4073334000459302
0.8519528076067262,0.9196425278741989,0.8354835309589073,0.8519528019683105,0.9099070145888366,0.8933094124452287,0.8872045922259088,0.8991213691605412,0.8807970811069351,0.9241418231126367,0.9099069962657176,0.9149009567332238,0.9284087975841901,0.8933093982432729,0.8872045952083047,0.8438950966654774,0.8354835371034368,0.8872045862611166,0.8175744739711883,0.8267117940706734,0.8807970748488296
0.9324533154301279,0.8519527982093666,0.8519527982093666,0.8519528000888387,0.9149009561531424,0.8670357529306639,0.8933094124452288,0.9324533144915913,0.9241418158002492,0.9196425295259959,0.8933093954028817,0.9241418147556224,0.8872045877523148,0.8807970748488297,0.8670357666736772,0.8670357598021707,0.8807970826714614,0.8670357460591569,0.8519527963298947,0.7981867777396212,0.8872045974451016
0.9740426404945812,0.9433475697147654,0.8991213799730774,0.9284087946129328,0.8670357494949105,0.8872045989362995,0.8670357546485407,0.8175744828610095,0.8740772236840656,0.8933094003735664,0.8354835330070839,0.8872045922259088,0.7772998560157665,0.8670357546485408,0.8438950966654772,0.8175744673038222,0.8670357649558006,0.8354835432479661,0.7981867801399695,0.8519527982093668,0.7549149923816048
0.9890130594743594,0.9496693633071565,0.9579122701319096,0.9362850084148385,0.9099070097026718,0.8991213684847577,0.90990700787036,0.8740772236840656,0.9099070048165069,0.9196425306271939,0.932453315430128,0.8933094131553264,0.8933094124452287,0.8933094053442511,0.9149009549929799,0.9046505370289057,0.8740772351648677,0.9324533093296392,0.9046505402422645,0.9196425366837826,0.9099070072595895
0.817574471748733,0.8175744761936437,0.8354835432479661,0.8175744739711883,0.8354835452961425,0.8519527944504227,0.8519528000888387,0.8670357494949105,0.7981867825403177,0.8670357683915538,0.8519528019683106,0.8354835411997897,0.817574478416099,0.7772998508568416,0.7549149868676283,0.8175744739711883,0.7549149978955811,0.6791786861878392,0.5926665999540698,0.5621765008857981,0.6224593312018546
0.9796676465089335,0.9399133477220883,0.9099070121457543,0.9196425229188077,0.9046505402422645,0.8596637505099168,0.8807970701552505,0.8807970732843033,0.8670357477770336,0.9196425295259959,0.8807970826714614,0.9046505312448598,0.8670357546485408,0.8519527944504227,0.8670357580842941,0.8670357718273068,0.8354835330070839,0.7981867729389246,0.8175744761936437,0.8519528000888386,0.8670357563664174
0.9783846690887492,0.9362849986365572,0.9553191271831559,0.9241418152779358,0.9046505383142494,0.8991213840277783,0.9362850084148385,0.9241418152779358,0.9149009503523291,0.9099070017626537,0.9362850079703712,0.9099069968764882,0.8933094096048377,0.8933094074745443,0.9099070011518829,0.9241418158002492,0.9196425300765949,0.8807970670261976,0.8933094131553264,0.909906997487259,0.8740772466456689
0.979667646731545,0.9579122722345713,0.9433475770811112,0.9149009596336303,0.92414182206801,0.9241418163225626,0.9196425383355795,0.9196425245706048,0.92414182206801,0.9324533041676869,0.914900957313305,0.9284088010506572,0.9046505318875316,0.9099069968764882,0.9241418267688303,0.8933094017937621,0.9149009486120849,0.8933094010836642,0.8670357529306639,0.8933093968230772,0.8670357598021707
0.7772998560157665,0.8519527963298947,0.8519528019683105,0.7981867729389246,0.8519527963298947,0.8519528019683105,0.817574471748733,0.8354835350552604,0.8519528094861981,0.8807970732843033,0.8807970701552505,0.8872045862611166,0.8670357615200475,0.8807970873650401,0.8519528076067262,0.8519527982093666,0.7981867681382279,0.7772998611746912,0.7772998508568416,0.798186775339273,0.7772998611746912
0.7981867729389246,0.8175744739711883,0.7772998560157665,0.7981867777396211,0.8670357701094303,0.817574478416099,0.8175744806385543,0.8519528076067262,0.7981867849406659,0.8519527982093666,0.7981867849406659,0.7549149813536518,0.7772998560157665,0.8354835432479661,0.7981867873410141,0.6513548714339144,0.7549149868676283,0.7310585727705127,0.7057850216484838,0.7772998611746912,0.7549149868676283
0.957912274637613,0.8991213813246444,0.8740772466456689,0.8438951025545426,0.8354835391516132,0.7662936430859597,0.8175744806385543,0.7981867777396212,0.7981867849406659,0.817574478416099,0.7310585669110202,0.7772998508568416,0.7310585727705126,0.7981867777396211,0.7310585727705126,0.7549149978955811,0.7310585786300049,0.6370308082623217,0.5,0.7057850278370112,0.7549149813536518
0.8519527982093666,0.798186775339273,0.7981867705385762,0.8175744828610095,0.7981867825403177,0.7549149868676283,0.8175744806385543,0.8175744739711883,0.8354835411997897,0.7772998714925403,0.8807970842359876,0.8438950947024555,0.8519527982093666,0.8175744695262777,0.8175744673038222,0.7981867849406659,0.7310585903489891,0.8519528000888386,0.8438950966654772,0.754914975839675,0.6224593312018546
0.7772998560157665,0.7981867825403176,0.7549149813536518,0.679178699175393,0.7549149813536518,0.817574478416099,0.7057850340255386,0.7549149868676283,0.679178699175393,0.7772998611746911,0.7549149923816048,0.7310585669110202,0.7310585786300049,0.7057850278370112,0.6513548714339144,0.5926665999540698,0.5312093733737562,0.6513548646660543,0.5926665999540698,0.6513548646660543,0.5
0.8354835371034368,0.7057850340255386,0.6791787056691698,0.7879311906630568,0.7057850278370112,0.6791786926816161,0.7549149978955811,0.7057850402140659,0.7057850216484838,0.5926665999540698,0.5926665999540698,0.6224593312018545,0.5621765008857981,0.4687906266262437,0.5926665999540698,0.5621765008857981,0.37754066179448903,0.5,0.43782349911420193,0.46879062662624377,0.4378234991142018
0.9867771760117493,0.9433475772802017,0.9399133527714579,0.8991213813246445,0.9241418241572635,0.8991213732152423,0.8933094074745443,0.9099070109242131,0.9241418121440552,0.9149009619539554,0.9241418278134569,0.8807970873650401,0.8670357563664174,0.9149009607937929,0.8807970654616711,0.9324533093296393,0.8872045840243196,0.9241418173671895,0.9046505286741727,0.8933094145755219,0.8519528019683105
0.8519528000888386,0.8080672089305841,0.7981867849406659,0.7981867729389246,0.7981867705385762,0.8354835350552603,0.8354835371034368,0.7549149813536518,0.7549149923816048,0.7310585844894971,0.6224593312018546,0.7310585727705127,0.6513548511303336,0.5312093733737563,0.5926665999540698,0.4378234991142019,0.46879062662624377,0.5,0.34864513533394575,0.46879062662624377,0.4073334000459302
0.9840936056057696,0.9362850101927077,0.9324533079218341,0.9362850013033613,0.8933094039240554,0.9241418246795768,0.8670357477770336,0.9099070090919014,0.8807970889295664,0.9284088060027522,0.9046505312448598,0.8670357615200474,0.904650527388829,0.8933094096048377,0.8933094124452287,0.8519528019683105,0.8933093975331751,0.9284088030314952,0.817574478416099,0.8519528000888386,0.8519527963298947
0.8354835432479663,0.8519528019683105,0.8175744806385543,0.8175744850834648,0.8519527963298947,0.7549149978955811,0.8175744739711883,0.817574471748733,0.8175744806385543,0.817574478416099,0.8354835309589073,0.8354835391516133,0.8354835350552603,0.7981867801399695,0.7057850340255386,0.7057850340255386,0.7549149813536518,0.7310585727705127,0.7057850154599562,0.7310585844894971,0.7549149813536518
0.7310585786300049,0.7981867729389246,0.7981867705385762,0.8354835432479661,0.8354835432479661,0.8519528076067262,0.8807970889295663,0.7981867753392728,0.7981867777396212,0.8933094152856196,0.7981867705385763,0.8519528000888386,0.7981867729389246,0.7549149978955811,0.7981867777396212,0.731058584489497,0.7549149923816048,0.679178699175393,0.7549149868676283,0.7057850340255386,0.5926665999540698
0.9648551567572923,0.9496693682928202,0.9553191332256162,0.9399133527714579,0.9362850026367634,0.9284087926320944,0.9496693638413347,0.9603611624589715,0.9525741227833249,0.9496693659780477,0.9579122702820998,0.9465966705768132,0.9525741227833249,0.9399133456181842,0.9399133473013075,0.9433475703120368,0.9465966705768132,0.9399133443558416,0.9362850030812306,0.9362850079703712,0.9099070090919014
