0,1,2,3,4,5,6,7,8,9,10,11,12,13,14,15,16,17,18,19,20
0.7549149923816048,0.7772998663336158,0.7772998508568416,0.8175744828610095,0.817574471748733,0.7981867681382279,0.817574478416099,0.8354835309589074,0.8354835391516133,0.867035758084294,0.8519527963298947,0.8175744828610095,0.7981867825403177,0.7981867801399694,0.8354835371034368,0.8354835452961425,0.8519528019683105,0.8807970779778824,0.8807970826714614,0.8519528000888387,0.8354835309589074
0.7057850216484838,0.6513548714339145,0.5926665999540698,0.6791786861878392,0.5926665999540698,0.5312093733737563,0.5,0.5312093733737563,0.5312093733737563,0.5621765008857982,0.5312093733737563,0.4687906266262437,0.4378234991142019,0.40733340004593027,0.4378234991142019,0.4378234991142019,0.5,0.5312093733737562,0.5621765008857981,0.5926665999540698,0.5312093733737563
0.7310585727705126,0.7772998560157665,0.7772998508568417,0.8175744806385542,0.7772998611746911,0.7981867729389246,0.8175744761936437,0.8354835330070838,0.8670357546485407,0.8807970889295664,0.8519528000888386,0.8519527963298947,0.8519527963298947,0.8354835350552604,0.8519528057272543,0.8933093968230773,0.880797071719777,0.9046505318875316,0.9046505318875316,0.880797071719777,0.8933094067644466
0.6224593312018546,0.6224593312018546,0.7057850402140659,0.7310585786300049,0.7057850154599562,0.7057850216484838,0.7057850216484838,0.7310585786300049,0.7310585669110202,0.7549149813536518,0.7549149868676284,0.7057850154599562,0.7310585786300049,0.7310585786300049,0.7549149813536518,0.7549149978955811,0.7549149813536518,0.7772998714925403,0.7772998611746912,0.7772998663336157,0.7772998508568417
0.5926665999540698,0.6224593312018546,0.622459324198198,0.6791786926816161,0.7057850154599562,0.6513548714339145,0.5621765008857981,0.6224593312018546,0.6513548714339145,0.679178699175393,0.6791786926816161,0.6791787056691697,0.6513548511303338,0.5926665999540697,0.5926665999540698,0.5621765008857982,0.6513548511303338,0.651354857898194,0.7310585786300049,0.7057850216484838,0.6791787056691698
0.9399133521402868,0.9149009462917594,0.9241418205010697,0.9241418137109956,0.9324533060447605,0.914900945711678,0.9324533018213449,0.9324533140223229,0.9324533018213449,0.9465966732132748,0.9241418252018901,0.9399133435142799,0.9465966739665496,0.9399133515091156,0.924141827813457,0.9241418163225626,0.9324533130837861,0.9324533051062237,0.9241418137109956,0.9465966669987579,0.9579122734360922
0.9241418215456966,0.7772998560157665,0.7310585727705127,0.7057850402140659,0.5926665999540698,0.5312093733737563,0.5621765008857981,0.6513548511303338,0.6224593312018545,0.5312093733737563,0.5312093733737563,0.5621765008857981,0.5621765008857981,0.5312093733737563,0.5312093733737563,0.46879062662624377,0.5,0.5621765008857982,0.5621765008857981,0.5,0.5621765008857981
0.9149009503523291,0.9579122765900843,0.9579122674284875,0.9626731133251858,0.9626731095770201,0.9669140193469353,0.9669140230414183,0.9669140191085817,0.9626731089077049,0.9740426433202407,0.9669140228030646,0.9706877688776584,0.9770226285428087,0.9706877723225209,0.9706877686656669,0.9669140188702279,0.9669140225647108,0.9669140188702279,0.9706877688776584,0.9796676450248561,0.9820137928672527
0.9669140200619966,0.9399133483532596,0.9324533140223229,0.9324533079218341,0.9149009486120849,0.9046505376715775,0.9241418147556224,0.9399133534026292,0.9324533130837861,0.9241418252018903,0.914900948612085,0.9241418163225626,0.9241418278134569,0.9399133548753619,0.9241418131886822,0.9241418131886822,0.9149009468718409,0.9046505331728751,0.914900959053549,0.9241418262465169,0.9324533121452494
0.8670357632379241,0.8933093961129794,0.8933094039240554,0.9046505286741726,0.9149009520925732,0.8807970811069351,0.893309405344251,0.8933094053442511,0.8933094003735663,0.9046505325302034,0.8933094039240554,0.8933093982432729,0.8807970732843033,0.880797068590724,0.8807970842359877,0.8670357598021706,0.8933094067644466,0.8519527944504227,0.8670357546485407,0.8933093975331751,0.9046505318875316
0.6513548646660543,0.6513548714339145,0.6791786861878392,0.7057850278370111,0.6791786861878392,0.6513548646660543,0.6791787056691698,0.7057850216484838,0.7310585786300049,0.7772998663336157,0.7310585786300049,0.7310585786300049,0.7057850154599563,0.7310585727705126,0.7057850278370112,0.7549149868676283,0.7772998560157665,0.7772998508568416,0.7772998508568416,0.7772998663336158,0.798186775339273
0.9740426406829584,0.9241418278134569,0.8933094017937621,0.8519528076067262,0.8175744828610095,0.798186775339273,0.8519528057272543,0.8670357477770337,0.851952809486198,0.8354835452961425,0.8354835309589074,0.8354835309589074,0.8175744806385543,0.8354835391516133,0.8175744850834649,0.7981867729389246,0.8175744828610095,0.7772998714925403,0.7981867681382279,0.8354835309589074,0.8519528038477824
0.5312093733737563,0.5312093733737563,0.5926665999540698,0.5621765008857982,0.5,0.46879062662624377,0.5,0.5312093733737562,0.5,0.5312093733737563,0.5312093733737563,0.5,0.5,0.5,0.5312093733737563,0.5621765008857982,0.6224593241981982,0.6513548511303338,0.651354857898194,0.5926665999540698,0.6224593382055109
0.8175744695262775,0.7549149868676283,0.7549149813536518,0.8354835350552604,0.8519527944504227,0.8175744761936437,0.7981867753392728,0.8354835391516133,0.8354835309589074,0.8354835432479661,0.880797085800514,0.8670357598021707,0.8354835371034368,0.817574478416099,0.8354835289107309,0.798186768138228,0.8519528038477825,0.8670357649558006,0.8807970654616711,0.8670357598021707,0.8670357529306639
0.679178686187839,0.6791787056691698,0.6791787056691697,0.7310585727705126,0.6791787056691698,0.651354857898194,0.7057850402140659,0.7310585786300049,0.7310585786300049,0.7772998508568416,0.7310585669110202,0.7057850154599562,0.7310585786300049,0.7057850340255386,0.7057850216484838,0.7549149813536518,0.798186768138228,0.8175744828610095,0.817574478416099,0.7772998560157665,0.8175744739711883
0.9579122716338109,0.9149009619539554,0.867035771827307,0.8519528057272543,0.817574471748733,0.7772998611746912,0.8175744806385543,0.8519528038477824,0.817574471748733,0.7981867729389246,0.7772998714925403,0.7981867681382279,0.8175744673038222,0.8354835350552604,0.8354835371034368,0.798186775339273,0.8175744673038222,0.7549149868676283,0.7549149923816048,0.7981867801399695,0.8354835289107309
0.9525741301883566,0.8933094025038598,0.8807970685907242,0.8670357615200475,0.8354835350552604,0.7772998560157665,0.7772998714925403,0.8519528019683105,0.8354835309589074,0.8175744695262775,0.8354835391516133,0.8354835391516133,0.817574478416099,0.8354835371034368,0.8354835411997897,0.8354835309589074,0.8519527963298947,0.8175744828610095,0.7981867681382279,0.7981867729389245,0.8519528019683105
0.6513548511303338,0.679178699175393,0.7057850402140659,0.7549149978955811,0.7310585727705127,0.7310585727705127,0.7310585669110203,0.798186768138228,0.7981867825403177,0.7981867825403177,0.7549149868676283,0.7310585669110202,0.7549149758396752,0.7549149813536518,0.7772998663336158,0.798186768138228,0.8354835432479661,0.8354835309589074,0.8175744828610095,0.8354835289107309,0.8354835371034368
0.6513548714339145,0.6224593312018546,0.5621765008857981,0.5926665999540697,0.6224593312018546,0.5312093733737563,0.46879062662624377,0.46879062662624377,0.5,0.5312093733737563,0.5,0.5,0.4687906266262437,0.4687906266262437,0.5,0.40733340004593027,0.4687906266262437,0.5621765008857981,0.5621765008857981,0.6513548511303338,0.5926665999540697
0.7549149813536518,0.7057850402140659,0.7549149923816048,0.7981867825403177,0.7772998508568417,0.7549149923816048,0.7772998611746911,0.7981867801399695,0.8175744739711883,0.8519527963298947,0.8354835330070838,0.7981867753392728,0.7772998663336158,0.7549149868676283,0.7772998663336158,0.8175744761936437,0.8175744761936437,0.8354835391516133,0.8519527963298947,0.8175744828610095,0.8175744739711883
0.9324533079218341,0.9046505428129514,0.8933094017937621,0.8670357477770337,0.8933093989533708,0.8807970889295664,0.8807970779778824,0.8670357701094303,0.8519527982093666,0.8807970748488297,0.867035758084294,0.867035758084294,0.8807970670261976,0.8670357632379241,0.8807970748488297,0.8354835309589074,0.8519527982093668,0.8354835432479661,0.8354835309589074,0.8670357701094303,0.9046505248181418
0.9859363753974193,0.9525741239613982,0.9579122711832405,0.957912276139514,0.946596667563714,0.9241418215456966,0.9399133561377042,0.9626731126558705,0.9579122765900843,0.9465966737782309,0.9324533060447605,0.9324533046369553,0.9399133489844307,0.9465966681286702,0.9465966737782309,0.9399133561377042,0.946596667563714,0.9324533126145179,0.9241418126663686,0.9324533126145179,0.9465966745315055
0.982013792702756,0.9149009486120849,0.904650527388829,0.880797071719777,0.867035771827307,0.8354835391516133,0.9046505351008906,0.9046505261034854,0.9046505447409666,0.8933094067644466,0.8807970795424087,0.8807970654616711,0.8807970654616711,0.8807970685907242,0.8933094067644466,0.8807970826714614,0.8807970889295664,0.8519527944504227,0.867035771827307,0.8933094096048377,0.914900945711678
0.8354835371034368,0.8519528000888387,0.8519528038477824,0.8807970748488297,0.880797071719777,0.8807970811069351,0.880797071719777,0.8519528076067262,0.8670357460591569,0.8670357477770337,0.8519528057272543,0.8807970811069351,0.8670357580842941,0.817574478416099,0.8519527982093668,0.8354835452961425,0.8519527963298947,0.8807970811069351,0.8933094096048377,0.8933094067644466,0.9046505267461572
0.9149009515124917,0.952574131703022,0.9465966756614176,0.9579122735862823,0.9626731102463354,0.9579122693809591,0.9579122702820998,0.9669140204195272,0.9669140198236428,0.9626731105140616,0.9626731098447462,0.9626731142622272,0.9706877696726268,0.9706877698316204,0.96691402411401,0.9706877694606353,0.9669140235181256,0.9626731098447462,0.9740426441208443,0.979667647844603,0.9796676459153025
0.8175744761936437,0.7057850154599562,0.6791786926816161,0.731058584489497,0.7549149923816048,0.6791787056691698,0.7310585903489891,0.7772998714925403,0.7981867801399695,0.7981867849406659,0.7772998508568417,0.7549149923816048,0.7310585786300048,0.7310585727705126,0.7310585786300049,0.7549149758396752,0.7981867681382279,0.7772998611746911,0.8175744673038222,0.8175744828610095,0.7549149868676283
0.957912276139514,0.8807970764133561,0.8519527963298947,0.8175744806385542,0.7549149813536518,0.7057850154599562,0.7310585727705126,0.817574471748733,0.7981867729389246,0.7772998508568416,0.7310585844894971,0.7057850278370112,0.7310585727705126,0.7549149923816048,0.7772998714925403,0.7549149978955811,0.7310585669110202,0.7310585786300049,0.7057850216484838,0.6513548646660542,0.7549149758396752
0.7772998508568416,0.651354857898194,0.6513548782017745,0.7057850278370112,0.7057850216484838,0.651354857898194,0.6791786926816161,0.7057850154599562,0.7310585727705127,0.7549149813536518,0.7549149813536518,0.7057850154599562,0.6791786926816161,0.6791786861878392,0.6791787056691698,0.731058584489497,0.7310585727705126,0.7772998611746912,0.7057850278370112,0.7057850278370111,0.7057850154599562
0.8175744673038222,0.7772998663336157,0.8175744806385543,0.8670357666736773,0.8519528057272543,0.8519528000888387,0.8519528038477824,0.8807970764133561,0.867035771827307,0.8807970889295664,0.8807970685907242,0.8933093968230773,0.8519528057272543,0.8519528038477824,0.8354835371034368,0.8354835371034368,0.8670357632379241,0.8670357529306639,0.8807970654616711,0.8933094167058151,0.8519528000888387
0.7057850278370111,0.6791786926816161,0.6224593382055109,0.7310585669110202,0.651354857898194,0.6224593312018546,0.6224593382055109,0.6513548578981939,0.6791787056691697,0.679178699175393,0.651354857898194,0.5926665999540698,0.6224593312018546,0.5621765008857981,0.6224593312018546,0.6224593241981982,0.7057850278370112,0.7310585727705127,0.7057850340255386,0.731058584489497,0.6791787056691698
0.9770226282082864,0.9324533126145179,0.9241418137109955,0.9241418252018901,0.8933093996634686,0.8933094017937621,0.9399133538234099,0.9149009480320036,0.9046505351008906,0.914900963114118,0.9046505370289057,0.9149009578933863,0.9241418215456966,0.9149009596336303,0.8933094167058151,0.9046505447409666,0.8807970889295664,0.904650541527608,0.9241418225903233,0.9241418241572634,0.9149009613738741
0.7981867729389246,0.731058584489497,0.7057850216484838,0.7310585727705127,0.7310585727705127,0.6791786926816161,0.6791787056691698,0.7057850402140659,0.6791786991753931,0.7310585903489891,0.6791786926816161,0.6513548782017745,0.6224593312018546,0.6224593312018546,0.651354857898194,0.7057850278370112,0.7057850340255386,0.7057850154599563,0.7310585786300049,0.7310585727705127,0.7057850216484838
0.7549149868676284,0.6513548646660542,0.7057850216484838,0.7549149923816048,0.731058584489497,0.6791787056691698,0.7310585844894971,0.7310585786300049,0.7057850216484838,0.7772998611746911,0.7772998611746911,0.7310585669110202,0.7057850340255386,0.6513548646660543,0.679178699175393,0.6791786926816161,0.7310585903489892,0.7549149813536518,0.7772998508568416,0.7981867729389246,0.7057850340255386
0.731058584489497,0.7057850402140659,0.731058584489497,0.7057850216484838,0.7057850340255386,0.7057850278370112,0.7549149978955811,0.7549149758396752,0.7981867825403177,0.8175744739711883,0.754914997895581,0.7549149813536518,0.7549149923816048,0.7772998663336157,0.7772998663336158,0.8175744739711883,0.8175744850834649,0.8354835289107307,0.817574471748733,0.817574471748733,0.8354835371034368
0.9770226309262802,0.9399133552961427,0.9241418137109955,0.9241418241572635,0.914900963114118,0.9324533158993963,0.9465966707651318,0.9399133512987252,0.9241418178895029,0.9241418152779358,0.914900963114118,0.9241418252018901,0.9324533018213449,0.9241418189341296,0.9241418189341296,0.9241418163225626,0.9149009549929797,0.9046505331728752,0.8933094074745443,0.9149009549929797,0.9241418252018901
0.9046505421702797,0.9399133481428691,0.9399133481428691,0.9399133489844307,0.9465966750964615,0.9399133512987252,0.9465966686936262,0.946596670011857,0.952574131703022,0.9465966750964615,0.9465966681286702,0.939913350667554,0.9525741311981335,0.9525741254760638,0.9626731133251858,0.957912271934191,0.952574130693245,0.9465966681286702,0.9465966737782309,0.9579122674284875,0.9706877721635273
0.6224593312018545,0.5312093733737563,0.5312093733737563,0.5621765008857981,0.5,0.5,0.5926665999540698,0.5926665999540698,0.5926665999540698,0.6513548511303338,0.5312093733737563,0.5,0.5621765008857981,0.5621765008857981,0.5926665999540698,0.6224593312018545,0.6224593312018546,0.6513548714339145,0.5926665999540698,0.6513548714339145,0.6791786926816161
0.7772998663336158,0.6791787056691697,0.7310585786300049,0.7310585669110202,0.7310585786300049,0.6791786926816161,0.7057850216484838,0.7057850340255386,0.7310585786300049,0.7772998611746912,0.7057850340255386,0.7057850340255386,0.7057850340255386,0.679178692681616,0.7057850154599562,0.7057850278370112,0.7549149923816048,0.7310585903489892,0.7310585903489892,0.7310585727705127,0.7057850340255386
0.6791786861878392,0.6513548646660542,0.5926665999540697,0.6224593312018546,0.5926665999540697,0.46879062662624377,0.5,0.5312093733737563,0.5312093733737563,0.5926665999540698,0.5,0.4687906266262437,0.4687906266262437,0.4687906266262437,0.5312093733737563,0.5312093733737563,0.5312093733737563,0.5621765008857981,0.5926665999540698,0.5621765008857981,0.6224593312018546
0.9796676449506523,0.9399133561377042,0.9241418231126367,0.8933094074745443,0.8933094096048376,0.8670357683915538,0.880797085800514,0.9046505428129514,0.9241418163225626,0.914900963114118,0.9241418241572635,0.914900963114118,0.8933094124452287,0.8933093996634686,0.8933094017937621,0.9046505447409666,0.9046505312448597,0.8807970889295664,0.8670357529306639,0.8670357649558006,0.880797085800514
0.7057850340255386,0.7310585669110203,0.7549149813536518,0.7981867825403177,0.798186768138228,0.8175744739711883,0.7981867801399695,0.8354835452961425,0.8519528038477825,0.8519528038477825,0.8354835309589074,0.8519528038477825,0.8354835350552603,0.8354835371034368,0.8807970795424088,0.8933094074745443,0.9149009532527358,0.9149009549929797,0.9046505331728752,0.9149009532527358,0.9149009619539554
0.7549149923816048,0.7772998508568417,0.7310585903489891,0.7772998508568416,0.8354835391516133,0.7772998560157665,0.7772998508568416,0.7981867753392728,0.7981867753392728,0.8354835432479661,0.8354835309589074,0.8354835309589074,0.7981867729389246,0.7981867801399694,0.7772998611746911,0.7772998560157665,0.7981867825403177,0.8175744828610095,0.8519528000888386,0.8670357615200475,0.8354835432479661
0.679178692681616,0.7057850216484838,0.6224593312018546,0.7057850340255386,0.7310585727705126,0.7057850216484838,0.6791786926816161,0.651354857898194,0.7057850402140659,0.7310585786300049,0.7549149758396752,0.7772998508568416,0.7772998714925403,0.754914997895581,0.7310585727705127,0.7310585903489892,0.7310585786300049,0.7310585669110202,0.7549149758396752,0.7549149923816048,0.7981867729389246
0.7310585786300049,0.7310585903489892,0.7057850216484838,0.7772998663336158,0.7981867753392728,0.7549149813536518,0.7310585727705127,0.7057850216484838,0.7310585727705127,0.7772998611746912,0.7549149813536518,0.7772998714925403,0.7310585786300049,0.7310585669110202,0.7057850340255386,0.705785040214066,0.7549149868676283,0.7772998611746911,0.7981867681382279,0.8175744739711883,0.8175744761936437
0.946596667563714,0.8670357615200475,0.8519527944504227,0.8175744850834648,0.7549149813536518,0.7057850216484838,0.731058584489497,0.7772998714925403,0.7772998611746911,0.7310585669110202,0.7057850154599562,0.6791787056691698,0.7057850340255386,0.7310585786300049,0.7549149813536518,0.7549149923816048,0.7057850154599563,0.7057850154599563,0.6791786926816161,0.6513548646660543,0.7057850278370112
0.9669140228030646,0.9465966750964615,0.9465966707651318,0.9399133538234099,0.9241418215456966,0.9149009509324104,0.9241418137109956,0.939913350667554,0.9465966675637141,0.9399133563480947,0.9241418241572634,0.9324533149608596,0.9324533069832973,0.9324533140223229,0.9465966662454831,0.9525741295151718,0.9465966739665496,0.939913350667554,0.9399133443558416,0.9241418152779357,0.9149009625340366
0.7310585727705127,0.6513548646660543,0.6513548714339144,0.731058584489497,0.7057850278370112,0.6224593241981982,0.6513548646660543,0.6791786991753931,0.7057850340255386,0.7057850278370112,0.731058584489497,0.7310585669110202,0.6791787056691698,0.6513548714339145,0.6513548782017745,0.6224593312018546,0.6791786991753931,0.731058584489497,0.7310585669110202,0.7549149813536518,0.731058584489497
0.9046505351008904,0.9149009584734676,0.8933094152856196,0.9149009619539554,0.9046505331728752,0.9149009462917594,0.9149009549929797,0.8933093968230773,0.9046505293168445,0.904650538956921,0.9149009532527358,0.9241418252018901,0.9149009549929797,0.9046505428129514,0.9149009549929797,0.9046505408849362,0.9149009532527358,0.9324533018213449,0.9399133458285746,0.9399133540338004,0.9465966752847802
0.798186768138228,0.7772998611746911,0.798186768138228,0.8519527944504227,0.8519528076067262,0.798186768138228,0.798186768138228,0.817574471748733,0.8519527963298947,0.8519527963298947,0.8519528038477825,0.8670357683915538,0.867035771827307,0.8354835371034368,0.8354835391516133,0.798186768138228,0.7981867825403177,0.8354835371034368,0.8519528000888386,0.867035771827307,0.8670357494949105
0.9770226282919171,0.9324533046369553,0.9324533060447605,0.9241418199787564,0.9241418147556224,0.9046505325302034,0.9241418189341296,0.9399133451974032,0.9399133498259924,0.9324533032291501,0.9241418267688303,0.9324533149608596,0.9399133498259924,0.9399133443558416,0.9324533079218341,0.9241418225903233,0.9046505299595162,0.9241418225903233,0.9324533079218341,0.9399133563480947,0.9525741249711753
0.7057850216484839,0.7549149758396752,0.7310585903489892,0.7981867801399695,0.7981867801399695,0.7772998560157665,0.7549149923816048,0.7981867825403177,0.8175744695262777,0.817574478416099,0.7981867849406659,0.7772998663336158,0.7549149868676283,0.7549149813536518,0.798186775339273,0.798186768138228,0.8175744828610095,0.8519528038477824,0.8670357701094303,0.8519528057272543,0.8175744739711883
0.7057850340255386,0.5312093733737563,0.5312093733737563,0.5312093733737563,0.5,0.4073334000459302,0.4687906266262437,0.5,0.5312093733737563,0.5926665999540698,0.4687906266262437,0.4687906266262437,0.4687906266262437,0.4687906266262437,0.5,0.5312093733737563,0.5621765008857981,0.5926665999540698,0.6224593312018546,0.6224593312018546,0.5
0.8175744761936437,0.7057850278370112,0.679178699175393,0.7310585786300049,0.7772998560157665,0.7310585727705126,0.7057850402140659,0.7772998663336158,0.7772998508568416,0.7981867825403177,0.7981867801399694,0.8175744828610095,0.7772998508568416,0.7549149923816048,0.7057850340255386,0.731058584489497,0.7772998714925403,0.7772998560157665,0.7772998611746912,0.8354835452961425,0.817574471748733
0.5926665999540698,0.6513548511303338,0.651354857898194,0.6224593312018545,0.5926665999540698,0.5926665999540698,0.651354857898194,0.6513548511303338,0.6224593312018546,0.6791786861878392,0.5926665999540698,0.651354857898194,0.651354857898194,0.679178699175393,0.7057850340255386,0.7057850216484838,0.731058584489497,0.7310585669110202,0.7057850216484838,0.7772998508568416,0.7057850154599562
0.9579122723847614,0.8933094017937621,0.8807970858005139,0.8933094046341533,0.8354835350552604,0.8175744739711883,0.7981867753392728,0.7981867849406659,0.8933094096048377,0.8670357512127872,0.8519527963298946,0.8175744828610095,0.8175744850834649,0.8519528038477824,0.8354835452961425,0.8354835411997897,0.7981867681382279,0.8175744850834649,0.8175744806385543,0.7981867801399695,0.817574478416099
0.8354835452961425,0.8175744695262775,0.8175744828610095,0.8670357563664174,0.880797071719777,0.8670357494949105,0.8933094046341532,0.8933094046341532,0.9149009584734676,0.9149009503523291,0.9324533069832973,0.9241418178895029,0.9241418178895029,0.9046505408849362,0.8933094152856196,0.8807970654616711,0.9046505293168445,0.9241418163225626,0.9324533158993963,0.9399133449870128,0.9241418163225626
0.7057850278370112,0.651354857898194,0.651354857898194,0.6791786861878392,0.6791787056691698,0.6791787056691698,0.679178699175393,0.6791787056691698,0.7310585786300049,0.7549149868676283,0.7057850278370111,0.7057850278370112,0.6791787056691698,0.679178699175393,0.7057850154599563,0.7310585786300049,0.7310585669110202,0.7549149813536518,0.7549149923816048,0.7549149813536518,0.7310585727705127
0.8933093968230773,0.9399133449870128,0.9324533027598817,0.9324533060447605,0.9241418225903233,0.9324533130837861,0.9399133555065331,0.946596671330088,0.9525741280005064,0.9525741224467326,0.9465966718950439,0.9465966675637141,0.957912274787803,0.9399133555065331,0.9465966662454831,0.9525741280005064,0.946596664927252,0.9579122740368526,0.9579122744874229,0.9579122740368526,0.9669140245907174
0.6791786861878392,0.679178699175393,0.7310585727705127,0.798186768138228,0.7772998663336158,0.7549149758396752,0.7772998714925403,0.7772998714925403,0.7772998560157665,0.8354835350552604,0.8354835432479661,0.7981867825403177,0.798186768138228,0.8175744850834648,0.8519528038477825,0.8354835452961425,0.8670357649558006,0.8670357683915538,0.8670357683915538,0.8807970795424088,0.8807970764133561
0.904650538956921,0.8933094074745443,0.9046505447409666,0.9046505370289057,0.9046505370289057,0.9149009613738741,0.9149009625340366,0.9149009509324104,0.9046505338155469,0.9241418205010697,0.9149009509324104,0.9149009625340366,0.9241418252018901,0.9324533069832973,0.9241418152779357,0.9241418137109956,0.9149009526726545,0.9241418173671894,0.9465966675637141,0.9465966752847802,0.9525741254760639
0.904650527388829,0.8519528076067262,0.867035771827307,0.9046505408849362,0.9046505408849362,0.9241418231126367,0.904650527388829,0.9149009619539554,0.9324533149608595,0.9399133449870128,0.9241418252018901,0.9241418163225626,0.9241418163225626,0.9046505293168445,0.8933094074745443,0.9241418231126367,0.9241418163225626,0.9399133512987252,0.946596664362296,0.9399133521402868,0.946596669446901
0.8519528019683105,0.7981867801399694,0.817574478416099,0.867035771827307,0.9046505261034854,0.8933094145755219,0.8670357598021707,0.8933094017937621,0.9046505447409666,0.9149009561531424,0.9241418137109956,0.9149009526726545,0.904650530602188,0.8933094039240554,0.8807970811069351,0.8807970811069351,0.9046505434556231,0.9046505318875316,0.9324533088603709,0.9149009474519222,0.9046505357435622
0.6513548714339144,0.651354857898194,0.679178699175393,0.7549149813536518,0.7549149923816048,0.7057850216484838,0.7057850278370112,0.731058584489497,0.7981867801399695,0.7981867705385763,0.7981867753392728,0.7549149813536518,0.7549149978955811,0.7549149758396752,0.7981867681382279,0.7981867753392728,0.8354835289107309,0.8670357580842941,0.8519528076067261,0.8175744828610095,0.817574471748733
0.9770226310517259,0.9399133512987252,0.9046505280315008,0.9046505434556231,0.8670357666736772,0.8670357615200474,0.9046505434556231,0.9149009544128984,0.9149009555730611,0.914900950352329,0.9046505286741726,0.9046505357435622,0.8933093961129794,0.9149009544128984,0.9149009619539554,0.8933094096048376,0.9046505261034854,0.8807970670261976,0.8807970779778824,0.8933093996634686,0.9149009573133051
0.867035771827307,0.798186775339273,0.7981867729389246,0.8354835289107309,0.8354835371034368,0.7981867801399694,0.8354835350552603,0.8354835432479661,0.8519528076067262,0.8670357529306639,0.8354835371034368,0.8175744673038222,0.7981867801399694,0.8354835371034368,0.8670357529306639,0.8807970889295664,0.8807970764133561,0.8933094145755219,0.8933094017937621,0.8807970795424087,0.8670357563664174
0.5926665999540698,0.5926665999540698,0.6224593312018546,0.6224593312018546,0.6224593312018545,0.6224593312018546,0.6513548714339145,0.6513548714339145,0.7310585786300049,0.7310585903489891,0.6791786861878392,0.679178699175393,0.651354857898194,0.7057850340255386,0.705785040214066,0.7310585669110203,0.7310585903489891,0.7772998663336158,0.7549149813536518,0.7549149813536518,0.7549149978955811
0.5926665999540697,0.5312093733737563,0.5621765008857981,0.5312093733737563,0.46879062662624377,0.46879062662624377,0.5621765008857981,0.5621765008857981,0.5621765008857981,0.6513548714339145,0.5621765008857981,0.5621765008857981,0.5621765008857982,0.5621765008857981,0.5926665999540698,0.6224593312018546,0.6224593312018546,0.6513548646660543,0.6513548714339145,0.6513548646660543,0.6224593312018546
0.8354835371034368,0.7772998663336158,0.7981867729389246,0.8175744828610095,0.8175744739711883,0.7772998663336158,0.7981867681382279,0.817574471748733,0.8354835371034368,0.8354835452961425,0.7549149813536518,0.7549149923816048,0.7057850278370112,0.7549149978955811,0.7981867681382279,0.8354835309589074,0.8354835371034368,0.8354835432479661,0.8354835309589074,0.8175744828610095,0.7981867681382279
0.8933094096048376,0.904650538956921,0.9046505293168445,0.9241418178895029,0.9149009561531424,0.9149009532527358,0.9149009462917594,0.9046505293168445,0.8933094046341532,0.9149009515124917,0.8933094074745443,0.9046505293168445,0.9241418178895029,0.9046505351008906,0.914900963114118,0.9149009515124917,0.9046505293168445,0.9241418163225626,0.9241418267688303,0.9399133458285746,0.946596671330088
0.9626731126558705,0.8933094124452287,0.8807970685907242,0.8519527982093666,0.798186775339273,0.7772998508568416,0.8354835432479661,0.8519528057272543,0.8354835432479661,0.798186768138228,0.7981867825403177,0.817574471748733,0.7981867729389246,0.817574478416099,0.8354835432479661,0.7981867825403177,0.7772998663336158,0.7549149813536518,0.7981867729389246,0.8175744806385543,0.8175744695262777
0.8670357563664174,0.7981867801399694,0.798186768138228,0.8670357598021707,0.8354835432479661,0.7981867729389246,0.8354835309589074,0.8519528076067262,0.8670357494949105,0.880797085800514,0.8807970685907242,0.8670357649558006,0.8519527944504227,0.817574471748733,0.8519528038477825,0.8670357615200475,0.880797071719777,0.8933094145755219,0.9046505428129514,0.8807970826714614,0.8933094096048376
0.8933094010836642,0.9241418252018903,0.9241418252018903,0.914900963114118,0.9324533140223229,0.9324533079218341,0.9324533112067128,0.9149009636941992,0.9241418126663686,0.9241418137109955,0.9241418163225626,0.9149009532527358,0.9046505293168444,0.9149009567332237,0.904650530602188,0.9046505267461572,0.9241418215456966,0.9399133555065331,0.9465966720833626,0.9465966720833626,0.9465966664338018
0.8519528057272543,0.8354835309589074,0.8175744761936437,0.8933094138654242,0.8670357460591569,0.8670357701094303,0.8933094096048377,0.9241418225903233,0.9149009555730611,0.9149009573133051,0.9046505338155469,0.893309411735131,0.8807970826714614,0.8807970685907242,0.8933094167058151,0.9046505370289057,0.9149009497722477,0.9241418163225626,0.9241418152779357,0.9149009497722477,0.9324533107374443
0.9706877719515358,0.9046505254608136,0.8670357683915538,0.8175744739711883,0.7981867801399694,0.7772998714925403,0.8354835391516133,0.8175744828610095,0.798186768138228,0.7981867801399695,0.7981867849406659,0.7772998611746911,0.7981867681382279,0.8175744673038222,0.8175744739711883,0.7772998508568416,0.7981867801399695,0.7772998560157665,0.7772998508568416,0.7981867729389246,0.8354835411997897
0.952574131703022,0.8807970826714614,0.8519528057272543,0.817574478416099,0.7772998714925403,0.7549149923816048,0.7772998508568416,0.8519528057272543,0.8354835309589074,0.7981867825403177,0.8175744806385543,0.7981867825403177,0.7981867681382279,0.8175744673038222,0.8175744828610095,0.7981867825403177,0.7772998560157665,0.7772998611746911,0.7772998508568416,0.7549149923816048,0.8175744828610095
0.8354835309589074,0.7772998560157665,0.798186775339273,0.8354835391516133,0.798186775339273,0.7981867825403177,0.8175744806385543,0.8175744673038222,0.8354835432479661,0.8519527982093666,0.8670357666736773,0.8175744761936437,0.7981867729389246,0.7981867801399695,0.8175744828610095,0.8175744828610095,0.8354835309589074,0.8519527963298947,0.867035758084294,0.8519527963298947,0.8519528057272543
0.679178692681616,0.679178692681616,0.7310585669110202,0.7310585786300049,0.7310585786300049,0.7310585669110202,0.7549149923816048,0.7772998663336157,0.8175744739711883,0.7981867801399695,0.7549149923816048,0.7549149923816048,0.7772998508568416,0.7549149923816048,0.7981867825403177,0.7981867825403177,0.8175744828610095,0.8354835452961425,0.8354835432479661,0.7772998714925403,0.798186775339273
0.8354835432479661,0.731058584489497,0.7310585786300049,0.7310585669110202,0.7310585727705126,0.731058584489497,0.7772998663336157,0.7981867729389246,0.817574478416099,0.8175744806385543,0.7772998663336157,0.7310585903489891,0.7310585669110203,0.7057850216484838,0.7549149813536518,0.7549149923816048,0.7549149868676283,0.7772998663336158,0.7981867681382279,0.7549149923816048,0.7549149923816048
0.8807970795424088,0.9149009515124917,0.9046505293168445,0.9149009549929797,0.8933094145755219,0.8933094145755219,0.8933094017937621,0.9046505370289057,0.8933094046341533,0.8933094124452287,0.8933093996634686,0.8933093996634686,0.8933094096048376,0.9046505447409666,0.8933094145755219,0.8807970748488297,0.9046505331728752,0.9046505312448597,0.8933094046341532,0.9046505428129514,0.9241418267688303
0.9626731123881445,0.9149009584734676,0.8933094152856196,0.8807970685907242,0.817574471748733,0.7981867849406659,0.8670357546485407,0.851952809486198,0.8354835391516133,0.8354835391516133,0.8175744739711883,0.8175744806385543,0.8354835371034368,0.8354835309589074,0.8175744695262777,0.7981867729389246,0.8175744828610095,0.7772998611746911,0.8354835371034368,0.817574471748733,0.8354835309589074
0.9046505351008904,0.8933094152856196,0.8807970826714614,0.8933093996634686,0.9046505312448597,0.8933093968230773,0.9149009619539554,0.9241418241572635,0.9241418241572635,0.9241418163225626,0.9241418231126367,0.8933094096048376,0.9241418178895029,0.8933094096048376,0.8933094096048376,0.8933094174159127,0.8933094046341532,0.8933094025038598,0.9149009532527358,0.9324533158993963,0.9399133529818484
0.9241418215456966,0.7772998663336158,0.7310585903489891,0.6791787056691698,0.6224593312018546,0.5312093733737563,0.5621765008857981,0.6513548511303338,0.5926665999540698,0.5621765008857981,0.5621765008857981,0.5312093733737563,0.5926665999540698,0.5312093733737563,0.5621765008857981,0.5,0.5,0.5312093733737563,0.5312093733737563,0.5312093733737563,0.5621765008857981
0.9241418215456966,0.904650527388829,0.9046505312448597,0.9149009613738741,0.9324533036984185,0.9324533036984185,0.9399133466701362,0.946596664362296,0.946596671330088,0.946596664927252,0.9465966669987579,0.9579122693809591,0.946596671330088,0.9399133538234099,0.9399133466701362,0.9399133458285746,0.9399133512987252,0.952574121941844,0.9669140200619966,0.9669140204195272,0.9706877665457514
0.5621765008857981,0.4687906266262437,0.46879062662624377,0.5,0.43782349911420193,0.4378234991142019,0.46879062662624377,0.5,0.5312093733737563,0.5926665999540698,0.5926665999540698,0.5312093733737563,0.5,0.5621765008857982,0.5312093733737563,0.5926665999540698,0.6224593312018546,0.622459324198198,0.651354857898194,0.6791787056691698,0.5621765008857982
0.6513548646660542,0.6513548646660543,0.6791787056691698,0.7549149923816048,0.679178699175393,0.7057850278370112,0.7057850278370112,0.7057850278370112,0.7310585727705127,0.7772998508568417,0.7549149923816048,0.7310585727705127,0.7549149923816048,0.705785040214066,0.731058584489497,0.7772998663336157,0.8175744739711883,0.798186768138228,0.7772998663336158,0.798186775339273,0.7549149923816048
0.7310585727705127,0.731058584489497,0.679178699175393,0.7310585669110203,0.7772998663336158,0.7057850216484839,0.705785040214066,0.731058584489497,0.7549149758396752,0.798186775339273,0.7549149868676283,0.7772998663336158,0.7310585786300049,0.7310585727705127,0.7057850278370112,0.7057850278370112,0.7549149868676283,0.7549149758396752,0.7772998663336158,0.7981867729389246,0.7772998611746911
0.9241418215456966,0.9149009602137116,0.9046505312448597,0.9046505331728752,0.9149009462917594,0.9241418189341296,0.9241418252018901,0.914900963114118,0.9046505428129514,0.9149009549929797,0.9149009462917594,0.9241418205010697,0.9149009497722477,0.8933094067644466,0.9046505351008906,0.8933093968230773,0.9149009561531424,0.9399133546649715,0.9525741274956179,0.9399133466701362,0.9324533027598817
0.962673116537899,0.914900957313305,0.9046505370289059,0.8807970795424088,0.8670357615200475,0.8354835432479661,0.8670357649558006,0.8807970748488297,0.8933094074745443,0.8670357494949105,0.8670357683915538,0.8519528019683105,0.8807970826714614,0.8807970764133561,0.8519528038477825,0.8519528019683105,0.8175744828610095,0.8519527944504227,0.8807970748488297,0.8807970748488297,0.8933094046341533
0.9046505370289059,0.7549149868676283,0.731058584489497,0.6513548782017745,0.6224593312018546,0.5926665999540698,0.6224593312018545,0.6224593312018546,0.5621765008857982,0.5621765008857981,0.5312093733737562,0.5312093733737563,0.5621765008857981,0.5926665999540698,0.5312093733737563,0.5,0.5,0.4687906266262437,0.5,0.5621765008857981,0.5926665999540698
0.6791787056691698,0.679178699175393,0.7549149813536518,0.731058584489497,0.7057850340255386,0.7310585727705127,0.731058584489497,0.7772998508568417,0.7981867801399694,0.7549149813536518,0.7549149868676283,0.7310585727705127,0.7310585786300049,0.7549149923816048,0.7772998560157665,0.798186768138228,0.7981867801399695,0.8354835432479661,0.8175744806385542,0.798186768138228,0.817574471748733
0.9626731123881445,0.8933094003735664,0.8519528057272544,0.8354835452961425,0.798186768138228,0.7549149813536518,0.7549149923816048,0.7981867753392728,0.8519527963298947,0.8519527944504227,0.8175744806385542,0.7772998663336158,0.7981867801399695,0.7772998663336158,0.8175744828610095,0.8354835371034368,0.8354835309589074,0.8175744673038222,0.817574471748733,0.817574471748733,0.7772998663336157
0.7981867801399695,0.8175744739711883,0.7772998611746912,0.8175744673038222,0.8354835391516133,0.7772998560157665,0.7772998508568416,0.7981867729389246,0.8354835391516133,0.8519528038477825,0.8354835309589074,0.817574478416099,0.7981867825403177,0.7981867753392728,0.7772998560157665,0.7772998560157665,0.8175744806385542,0.8354835391516133,0.8807970685907242,0.8670357615200475,0.8519528038477825
0.9149009515124917,0.8670357649558006,0.9046505408849362,0.9241418178895029,0.9241418189341296,0.9241418205010697,0.9399133521402868,0.952574121941844,0.9579122740368526,0.9525741285053949,0.9324533107374443,0.9149009578933863,0.9046505447409666,0.9241418189341296,0.946596664927252,0.946596664927252,0.9525741224467326,0.9525741229516211,0.9465966669987579,0.9465966669987579,0.9465966732132748
0.8519527944504227,0.7772998508568416,0.7772998663336158,0.7981867825403177,0.7772998508568417,0.7310585727705127,0.7772998560157665,0.7549149923816048,0.7981867801399695,0.798186775339273,0.7549149978955811,0.7772998663336158,0.754914997895581,0.7310585786300049,0.7772998611746911,0.7981867849406659,0.8354835411997897,0.8354835371034368,0.8354835371034368,0.817574478416099,0.7981867729389245
0.5621765008857982,0.5621765008857981,0.6513548646660543,0.6791787056691698,0.679178699175393,0.651354857898194,0.6513548646660543,0.651354857898194,0.7057850154599562,0.731058584489497,0.7310585727705127,0.7310585727705127,0.7310585727705126,0.7310585786300049,0.7310585786300049,0.7310585786300049,0.7549149868676283,0.7981867729389246,0.8175744761936437,0.798186768138228,0.7981867801399695
0.8670357615200475,0.8175744806385542,0.7772998611746912,0.8175744828610095,0.8175744695262777,0.7772998611746912,0.8175744739711883,0.817574478416099,0.8175744806385543,0.8670357512127872,0.8175744806385543,0.7981867729389245,0.7549149923816048,0.731058584489497,0.7549149813536518,0.8175744761936437,0.8354835309589074,0.851952809486198,0.8519528000888386,0.851952809486198,0.817574478416099
0.7772998663336158,0.798186768138228,0.8354835432479661,0.8670357615200475,0.8519527963298947,0.8519528019683105,0.8807970826714614,0.9046505293168445,0.9046505312448597,0.9046505261034854,0.9046505351008906,0.9046505351008906,0.8933094017937621,0.8933094074745443,0.9241418178895029,0.9241418205010697,0.9399133538234099,0.9399133538234099,0.9241418205010697,0.9324533018213449,0.9324533097989076
0.8670357546485407,0.817574478416099,0.7981867825403177,0.8354835432479661,0.8670357632379241,0.851952809486198,0.8354835309589074,0.8354835371034368,0.8519528057272543,0.851952809486198,0.8519527963298946,0.867035758084294,0.8354835391516133,0.8175744739711883,0.7981867825403177,0.817574478416099,0.8670357632379241,0.8933094138654242,0.8933094138654242,0.8933094138654242,0.8807970842359877
0.880797071719777,0.9046505447409666,0.914900945711678,0.914900959053549,0.9046505357435622,0.9149009555730611,0.9149009555730611,0.9149009526726545,0.9046505318875316,0.9149009613738741,0.9149009625340366,0.9149009474519222,0.9046505286741726,0.8933094088947399,0.9046505338155469,0.8807970748488297,0.8807970748488297,0.9149009555730611,0.9324533079218341,0.9399133451974032,0.9324533079218341
0.7310585727705127,0.5621765008857982,0.5312093733737562,0.5926665999540698,0.5926665999540698,0.5,0.5312093733737563,0.5926665999540698,0.5621765008857981,0.6224593312018546,0.6224593312018546,0.5621765008857981,0.5621765008857981,0.5926665999540698,0.5926665999540697,0.5926665999540697,0.6513548714339145,0.651354857898194,0.6791786926816161,0.6791786926816161,0.5926665999540698
0.6791786861878392,0.5926665999540698,0.5926665999540697,0.6224593312018546,0.5312093733737563,0.5,0.5,0.5312093733737563,0.5,0.5312093733737563,0.46879062662624377,0.46879062662624377,0.43782349911420193,0.40733340004593027,0.46879062662624377,0.46879062662624377,0.5,0.5621765008857982,0.5621765008857981,0.5312093733737563,0.5312093733737563
0.8175744828610095,0.7549149923816048,0.7772998714925403,0.8519528057272543,0.8519527982093666,0.8175744673038222,0.817574471748733,0.8354835289107309,0.8519528076067262,0.8670357529306639,0.8807970826714614,0.8354835432479661,0.8354835432479661,0.798186775339273,0.8175744673038222,0.8519527944504227,0.8519528057272543,0.8670357632379241,0.8670357632379241,0.8354835452961425,0.8670357563664174
0.880797085800514,0.9241418215456966,0.9149009561531424,0.9241418121440552,0.9241418225903234,0.9149009486120849,0.9324533149608596,0.9399133540338004,0.9399133460389649,0.9399133460389649,0.9399133443558416,0.9399133451974032,0.9465966651155708,0.9324533112067128,0.9324533112067128,0.9324533121452495,0.9324533032291501,0.9324533060447606,0.957912269230769,0.9579122675786776,0.9669140181551665
0.7981867729389246,0.7772998560157665,0.7981867825403177,0.8354835391516133,0.7981867825403177,0.798186775339273,0.8354835391516133,0.8354835371034368,0.8519528057272543,0.8670357683915538,0.8670357563664174,0.8519528076067262,0.817574478416099,0.798186775339273,0.8354835432479661,0.8354835309589074,0.8670357529306639,0.8670357632379241,0.8519528076067262,0.8519528076067262,0.8519528057272543
0.7057850340255386,0.5,0.4687906266262437,0.4687906266262437,0.5,0.4073334000459302,0.43782349911420193,0.4687906266262437,0.5,0.5621765008857981,0.5312093733737563,0.5,0.5,0.4687906266262437,0.4687906266262437,0.5,0.5926665999540697,0.5621765008857981,0.6224593312018546,0.6224593312018546,0.5312093733737562
0.982013792702756,0.9241418205010699,0.9149009584734676,0.9046505254608136,0.880797085800514,0.8670357529306639,0.8519528076067262,0.9046505331728752,0.9046505331728752,0.8933094017937621,0.8933094017937621,0.8807970889295664,0.8807970889295664,0.867035771827307,0.8807970764133561,0.8807970748488297,0.8670357563664174,0.8519527982093666,0.8354835350552604,0.8519527944504227,0.8933094124452287
0.7981867705385762,0.7981867729389246,0.7772998560157665,0.8519528019683105,0.8519528076067262,0.817574471748733,0.8354835411997897,0.8670357529306639,0.8807970732843033,0.8933094124452287,0.904650538956921,0.8933094174159127,0.8807970685907242,0.867035771827307,0.8519527944504227,0.8519528076067262,0.867035771827307,0.8933094174159127,0.8933094046341532,0.904650527388829,0.9046505293168445
0.8519527982093666,0.8519528057272543,0.8670357494949105,0.8933093968230773,0.9046505408849362,0.904650538956921,0.9149009602137116,0.9149009515124917,0.9324533079218341,0.9324533079218341,0.9241418178895029,0.904650538956921,0.9149009515124917,0.8933094152856196,0.9149009602137116,0.9241418215456966,0.9324533069832973,0.9324533149608595,0.9324533069832973,0.9324533140223229,0.9324533149608595
0.8933094152856196,0.8175744761936437,0.8519527963298947,0.8807970826714614,0.880797071719777,0.8933094096048376,0.880797071719777,0.904650538956921,0.9149009532527358,0.9324533018213449,0.9046505351008906,0.9046505447409666,0.8933094096048376,0.8933093968230773,0.9046505408849362,0.9149009532527358,0.9241418163225626,0.9399133521402868,0.9399133458285746,0.9241418267688303,0.9241418278134569
0.7772998560157665,0.798186768138228,0.7981867801399694,0.851952809486198,0.8519528038477824,0.798186775339273,0.817574471748733,0.8354835309589074,0.8519528076067262,0.867035771827307,0.8519528057272543,0.8354835350552604,0.8354835452961425,0.7981867681382279,0.8354835391516133,0.8519528000888387,0.8670357563664174,0.8670357477770337,0.8933094046341533,0.880797071719777,0.8519527982093668
0.952574122951621,0.880797076413356,0.8519527963298947,0.8175744739711883,0.7772998560157665,0.7981867801399695,0.817574471748733,0.7549149868676283,0.7310585669110202,0.7310585844894971,0.7310585786300048,0.7310585669110202,0.7981867753392728,0.7772998560157665,0.7549149868676284,0.7057850278370111,0.7310585727705127,0.7549149923816048,0.7772998611746911,0.7981867873410141,0.8175744739711883
0.9241418152779358,0.9046505331728752,0.9149009561531424,0.9149009497722477,0.9241418189341296,0.9149009480320036,0.9241418189341296,0.9149009462917594,0.9046505261034854,0.9241418267688303,0.9046505428129514,0.9324533036984185,0.9399133538234099,0.9241418189341296,0.9241418189341296,0.9324533097989076,0.9324533088603709,0.9241418189341296,0.9465966662454831,0.9579122693809591,0.9465966732132748
0.5312093733737563,0.5,0.5312093733737563,0.5,0.46879062662624377,0.43782349911420193,0.5312093733737563,0.46879062662624377,0.5312093733737563,0.5312093733737563,0.4378234991142019,0.46879062662624377,0.5,0.5,0.5621765008857981,0.5621765008857981,0.5926665999540697,0.5926665999540698,0.5312093733737563,0.5926665999540698,0.5621765008857981
0.5926665999540698,0.5926665999540698,0.5926665999540698,0.679178686187839,0.679178686187839,0.6224593382055109,0.6513548714339145,0.6791786926816161,0.7057850154599562,0.7310585727705126,0.731058584489497,0.7057850216484838,0.7310585903489892,0.7057850278370111,0.7057850216484838,0.7310585786300049,0.7310585727705126,0.7549149923816048,0.7772998663336157,0.817574478416099,0.7549149758396752
0.7549149813536518,0.7772998663336158,0.7057850216484838,0.7549149758396752,0.7981867729389246,0.7549149923816048,0.731058584489497,0.7057850216484839,0.7310585727705127,0.7772998508568417,0.7772998663336158,0.7981867801399695,0.7772998663336158,0.7310585844894971,0.7310585786300049,0.7057850340255386,0.7310585727705127,0.7549149813536518,0.7772998508568417,0.7981867825403177,0.7549149758396752
0.9579122765900843,0.8933094174159127,0.8670357494949105,0.8519528019683105,0.8354835309589074,0.7549149868676284,0.8175744806385543,0.8519528019683105,0.8519528000888387,0.8175744695262777,0.7772998560157665,0.7981867729389246,0.7981867825403177,0.7981867825403177,0.8354835309589074,0.7772998508568416,0.7772998714925403,0.7549149923816048,0.7549149813536518,0.7549149813536518,0.7981867801399695
0.9241418152779358,0.880797085800514,0.880797085800514,0.9149009480320036,0.9149009462917594,0.9046505447409666,0.9241418173671894,0.924141826246517,0.932453310268176,0.9324533022906133,0.9324533158993963,0.9399133531922388,0.9324533051062238,0.9465966664338018,0.9399133525610676,0.9149009468718409,0.9241418137109955,0.9324533060447606,0.932453304167687,0.9465966734015935,0.9525741305249489
0.9149009503523291,0.9241418231126367,0.9149009584734676,0.9149009532527358,0.9241418252018901,0.9399133512987252,0.939913350667554,0.9399133443558416,0.9324533158993963,0.9399133512987252,0.946596670011857,0.9525741269907293,0.9399133515091156,0.946596669446901,0.9399133435142799,0.9399133515091156,0.9626731121204183,0.9626731117188292,0.962673116537899,0.9669140253057785,0.9626731162701729
0.9046505408849362,0.9241418267688303,0.9149009549929797,0.9324533027598817,0.9149009596336303,0.9241418215456966,0.9149009497722477,0.9241418205010697,0.9149009561531424,0.9241418178895029,0.9149009462917594,0.9324533097989076,0.9399133538234099,0.9241418137109956,0.9149009462917594,0.9241418267688303,0.9324533158993963,0.9241418163225626,0.9324533097989076,0.9324533027598817,0.9399133538234099
0.6224593312018546,0.6224593312018546,0.6513548646660542,0.731058584489497,0.705785040214066,0.7057850340255386,0.731058584489497,0.7310585727705127,0.7549149813536518,0.798186768138228,0.7549149868676283,0.7549149978955811,0.798186768138228,0.7772998508568417,0.7549149868676283,0.7981867753392728,0.7981867753392728,0.8175744695262775,0.7981867729389246,0.8175744761936437,0.817574478416099
0.731058584489497,0.7772998508568417,0.7549149813536518,0.817574478416099,0.7981867729389246,0.7772998560157665,0.7772998663336158,0.8175744695262775,0.8175744828610095,0.8354835289107309,0.8175744828610095,0.7772998508568416,0.7772998560157665,0.7549149758396752,0.7772998508568416,0.7981867729389246,0.8175744673038222,0.8354835350552604,0.8354835371034368,0.817574478416099,0.798186768138228
0.7057850340255386,0.651354857898194,0.6224593312018546,0.6791786991753931,0.679178699175393,0.6224593312018546,0.5312093733737563,0.5621765008857982,0.5926665999540698,0.6224593382055109,0.5926665999540698,0.5621765008857981,0.5,0.5312093733737562,0.5312093733737563,0.5312093733737563,0.5926665999540698,0.5926665999540698,0.651354857898194,0.6791786861878392,0.5621765008857981
0.8807970732843033,0.9525741311981335,0.9465966686936262,0.9525741214369554,0.9579122686300084,0.9626731098447462,0.9669140200619966,0.962673113726775,0.9669140232797719,0.962673113726775,0.9626731091754309,0.962673113726775,0.9706877725345124,0.9669140235181256,0.9626731091754309,0.9626731091754309,0.9626731133251858,0.9579122674284875,0.9669140191085817,0.9740426406829584,0.9770226314280634
0.679178699175393,0.5926665999540698,0.5621765008857982,0.6224593312018546,0.5926665999540698,0.5,0.5,0.5,0.5312093733737563,0.5621765008857981,0.5621765008857981,0.46879062662624377,0.46879062662624377,0.5,0.5,0.4687906266262437,0.5312093733737562,0.5621765008857981,0.5926665999540698,0.5621765008857982,0.5621765008857981
0.8354835432479661,0.8519528000888386,0.8670357683915538,0.9149009497722477,0.9149009480320036,0.9046505351008906,0.9046505331728752,0.9241418267688303,0.9324533158993963,0.9324533018213449,0.9324533121452495,0.9324533149608596,0.9149009573133051,0.9046505248181418,0.8933094067644466,0.914900945711678,0.9324533130837861,0.9465966752847802,0.9324533158993963,0.9241418225903233,0.9399133546649715
0.6513548511303338,0.6224593312018546,0.7057850216484838,0.6513548714339145,0.6791786861878392,0.7057850402140659,0.731058584489497,0.7057850278370112,0.7549149868676283,0.7549149868676283,0.7549149868676283,0.7549149978955811,0.7310585669110203,0.7310585786300049,0.7549149813536518,0.7549149813536518,0.7981867801399694,0.7981867825403177,0.7981867825403177,0.7981867729389246,0.7772998560157665
0.8519528038477824,0.7772998714925403,0.817574471748733,0.8670357512127872,0.8670357460591569,0.8519528038477824,0.8354835309589074,0.8670357666736773,0.8807970748488297,0.8807970779778824,0.8933094138654242,0.8807970842359877,0.8519528038477824,0.8519528019683105,0.8354835391516133,0.8354835391516133,0.8519527963298947,0.8670357666736773,0.8807970858005139,0.8933093989533708,0.8807970701552505
0.7310585669110203,0.7772998663336158,0.7310585903489891,0.8175744673038222,0.8175744673038222,0.7549149923816048,0.7772998560157665,0.7981867681382279,0.817574471748733,0.8354835391516133,0.8354835391516133,0.817574478416099,0.7981867825403177,0.7772998611746912,0.7772998611746912,0.7981867801399694,0.8354835432479661,0.8519528000888387,0.8519528038477824,0.8807970795424087,0.8519528000888386
0.904650527388829,0.9149009532527358,0.9046505447409666,0.9149009462917594,0.9149009462917594,0.914900963114118,0.9149009619539554,0.9046505408849362,0.914900963114118,0.914900963114118,0.9046505428129514,0.9241418178895029,0.9399133529818484,0.9241418178895029,0.9241418189341296,0.9241418241572635,0.9241418163225626,0.9399133449870128,0.9525741269907293,0.9579122686300084,0.9579122681794381
0.9241418137109955,0.7981867825403177,0.7549149813536518,0.6791786861878392,0.6224593382055109,0.5621765008857981,0.5621765008857982,0.5926665999540698,0.651354857898194,0.5621765008857982,0.5312093733737562,0.5312093733737562,0.5312093733737563,0.5926665999540698,0.5926665999540698,0.5621765008857981,0.5621765008857981,0.5312093733737563,0.5621765008857982,0.5312093733737563,0.5
0.9626731086399786,0.9324533069832973,0.9324533158993963,0.9399133458285746,0.9324533121452495,0.9149009480320036,0.9241418137109956,0.9399133546649715,0.9324533036984185,0.9241418205010697,0.9241418189341296,0.9324533107374443,0.9324533107374443,0.9399133529818484,0.9399133435142799,0.9324533069832973,0.9399133555065331,0.9241418152779357,0.914900945711678,0.9241418267688303,0.9241418199787564
0.8519527944504227,0.8354835330070838,0.8354835432479661,0.9046505344582187,0.8933094017937621,0.904650541527608,0.9149009526726545,0.9241418241572634,0.9324533051062237,0.9399133483532596,0.939913350667554,0.9324533088603709,0.9241418225903233,0.9149009526726545,0.9149009480320036,0.9149009497722477,0.9324533121452495,0.946596671330088,0.9525741239613982,0.9465966662454831,0.9324533121452495
0.8933094046341532,0.8807970764133561,0.8519528038477825,0.8807970764133561,0.8670357598021707,0.8807970748488297,0.8933094124452287,0.8807970889295664,0.8807970764133561,0.8807970889295664,0.8807970826714614,0.8933094017937621,0.880797071719777,0.8807970748488297,0.8933094067644466,0.8670357460591569,0.8807970654616711,0.8807970858005139,0.9046505267461572,0.9241418152779357,0.9241418267688303
0.9840936106790336,0.9399133561377042,0.9324533140223229,0.9149009515124917,0.8933094124452287,0.8807970795424087,0.9324533018213449,0.9241418178895029,0.9324533158993963,0.9241418189341296,0.9241418267688303,0.9149009480320036,0.9324533121452495,0.9149009578933863,0.8933094046341533,0.8933094124452287,0.8933094017937621,0.9149009497722477,0.9399133563480947,0.9324533051062237,0.9399133563480947
0.7310585727705127,0.731058584489497,0.7772998560157665,0.7772998663336158,0.7549149758396752,0.7549149813536518,0.7772998663336158,0.7981867825403177,0.8354835391516133,0.8519528076067262,0.8175744673038222,0.8354835309589074,0.8175744761936437,0.8354835391516133,0.8670357529306639,0.8670357512127872,0.8807970889295664,0.9046505312448597,0.8933094096048376,0.880797085800514,0.880797085800514
0.9770226282082864,0.9324533107374443,0.9324533116759811,0.9149009503523291,0.9046505293168445,0.904650538956921,0.9324533018213449,0.9324533018213449,0.9324533018213449,0.9149009596336303,0.9149009549929797,0.9149009549929797,0.9241418178895029,0.9241418278134569,0.9149009549929797,0.9046505312448597,0.8933094124452287,0.8933093996634686,0.9149009462917594,0.9241418252018901,0.9399133458285746
0.6791786861878392,0.6513548646660542,0.6791786926816161,0.6791786991753931,0.651354857898194,0.6224593312018546,0.6513548782017745,0.6791786926816161,0.6791787056691698,0.7057850340255386,0.6513548646660543,0.6224593312018546,0.6224593312018546,0.5926665999540698,0.6224593241981982,0.6224593312018546,0.6791786926816161,0.6791787056691698,0.7057850402140659,0.7057850216484838,0.6513548646660543
0.7057850154599563,0.7057850340255386,0.7310585903489891,0.7549149758396752,0.7549149923816048,0.6791786926816161,0.7057850402140659,0.7310585727705126,0.7772998663336158,0.7772998714925403,0.7310585786300049,0.7310585727705126,0.6791786926816161,0.6791787056691698,0.7310585786300049,0.7549149923816048,0.7549149978955811,0.7772998508568416,0.7981867825403177,0.798186775339273,0.7549149978955811
0.9324533027598817,0.9241418189341296,0.904650541527608,0.9324533079218341,0.9241418252018901,0.9241418189341296,0.9324533079218341,0.914900945711678,0.9149009573133051,0.9241418225903233,0.9149009555730611,0.9149009544128984,0.9241418252018901,0.9324533088603709,0.9046505338155469,0.9149009613738741,0.914900945711678,0.9046505299595162,0.9149009573133051,0.9324533088603709,0.9399133451974032
0.8175744828610095,0.7981867753392728,0.817574471748733,0.8670357615200475,0.8354835432479661,0.8354835350552603,0.8670357649558006,0.8519528057272544,0.8933094025038598,0.8807970685907242,0.8807970685907242,0.8519528000888386,0.8519528057272544,0.8519528057272544,0.8670357683915538,0.8933094124452287,0.9149009602137116,0.904650538956921,0.9149009515124917,0.904650527388829,0.9149009503523291
0.9241418152779358,0.9149009515124917,0.9046505293168445,0.9046505261034854,0.9046505351008906,0.9149009462917594,0.9324533158993963,0.9149009480320036,0.9046505447409666,0.914900963114118,0.9149009549929797,0.914900963114118,0.9399133538234099,0.9149009596336303,0.9149009578933863,0.9046505428129514,0.9149009532527358,0.9241418205010697,0.9324533130837861,0.9465966718950439,0.9399133491948212
0.7310585786300049,0.5926665999540698,0.5621765008857981,0.6224593241981982,0.5621765008857981,0.5,0.5312093733737563,0.5621765008857981,0.6224593312018546,0.6513548782017745,0.6224593312018546,0.6224593312018546,0.6224593241981982,0.5926665999540698,0.6224593312018546,0.6224593312018546,0.6791787056691697,0.7057850216484838,0.7310585903489892,0.7057850216484838,0.6513548646660543
0.6224593312018546,0.6224593382055109,0.6224593312018546,0.6513548782017745,0.6224593312018546,0.5926665999540698,0.6224593312018546,0.7057850278370112,0.7057850402140659,0.731058584489497,0.6513548646660543,0.6513548646660543,0.6224593312018546,0.5621765008857982,0.6513548511303338,0.6513548714339145,0.679178699175393,0.7310585844894971,0.7310585786300049,0.7057850278370112,0.679178692681616
0.6513548646660543,0.5621765008857982,0.5926665999540697,0.6224593312018546,0.5621765008857982,0.5926665999540698,0.6224593312018546,0.6224593382055109,0.6513548646660542,0.5926665999540698,0.5312093733737563,0.5926665999540697,0.5621765008857981,0.6224593241981982,0.6224593241981982,0.6513548714339145,0.6791787056691697,0.6224593241981982,0.6224593312018545,0.6791787056691698,0.6513548782017745
0.7057850402140659,0.7057850278370111,0.7772998611746912,0.8354835432479661,0.817574471748733,0.8175744761936437,0.8354835289107307,0.8354835371034368,0.8519527963298946,0.8807970701552505,0.8807970764133561,0.8807970795424088,0.8670357735451834,0.8670357580842941,0.8519527963298946,0.880797076413356,0.8933093989533708,0.904650530602188,0.914900950352329,0.914900950352329,0.9046505325302034
0.6791787056691698,0.6513548511303338,0.5926665999540698,0.651354857898194,0.6791786926816161,0.651354857898194,0.5926665999540697,0.5926665999540697,0.6513548511303338,0.6224593312018545,0.6224593312018545,0.651354857898194,0.5926665999540697,0.5926665999540698,0.5621765008857981,0.5926665999540698,0.6513548782017745,0.6224593312018546,0.6791787056691698,0.6224593241981982,0.6513548782017745
0.8670357632379241,0.8175744761936437,0.8175744739711883,0.8670357546485407,0.8519528038477825,0.8519527982093666,0.8670357701094303,0.8807970748488297,0.8807970701552505,0.8933094138654242,0.8670357615200474,0.8519528000888386,0.8354835411997897,0.8354835432479661,0.8670357460591569,0.8807970670261976,0.9046505325302034,0.904650541527608,0.904650541527608,0.8933094017937621,0.8933094167058151
0.904650527388829,0.9525741259809524,0.9465966750964615,0.9465966707651318,0.946596664927252,0.9399133475116979,0.9525741234565096,0.9579122686300084,0.9579122731357119,0.9579122740368526,0.9525741274956179,0.9626731139945011,0.9669140200619966,0.9669140237564794,0.9626731102463354,0.9626731139945011,0.9626731098447462,0.9579122731357119,0.96691402411401,0.977022631804401,0.9770226290445923
0.8933094110250333,0.9399133523506772,0.9324533112067128,0.9465966720833626,0.9465966726483187,0.939913351719506,0.9399133454077937,0.9465966720833626,0.9399133483532596,0.9399133468805266,0.9399133548753619,0.946596664362296,0.9525741269907294,0.9525741224467326,0.9525741285053949,0.9465966726483187,0.9525741224467326,0.9399133491948212,0.9399133548753619,0.9465966720833626,0.9525741244662868
0.7310585786300049,0.731058584489497,0.7772998611746911,0.817574471748733,0.7772998560157665,0.7549149923816048,0.7981867729389246,0.8175744828610095,0.8175744695262777,0.8519528019683105,0.7981867801399695,0.7981867729389246,0.7981867753392728,0.7772998508568417,0.851952809486198,0.8354835452961425,0.8670357649558006,0.8354835309589074,0.8519528094861981,0.8670357632379241,0.8519528000888386
0.9579122765900843,0.8807970654616711,0.8670357529306639,0.8519527982093666,0.7981867681382279,0.7549149923816048,0.7981867681382279,0.8519527982093668,0.8519527982093666,0.817574478416099,0.8175744673038222,0.7772998663336157,0.8175744850834649,0.8354835330070839,0.7772998663336158,0.7549149923816048,0.7772998508568417,0.7549149868676284,0.7772998560157665,0.8175744761936437,0.8519528057272543
0.962673116537899,0.8354835411997897,0.8354835432479661,0.8175744850834648,0.7549149758396752,0.7310585786300049,0.7772998663336158,0.8354835330070838,0.798186768138228,0.7549149923816048,0.7549149758396752,0.7057850278370111,0.7981867801399695,0.7772998560157665,0.798186768138228,0.7772998508568417,0.7310585727705127,0.7549149923816048,0.731058584489497,0.7057850340255386,0.7549149923816048
0.7310585727705126,0.7549149813536518,0.7549149923816048,0.8354835350552603,0.8354835452961425,0.8354835452961425,0.8354835432479661,0.8670357649558006,0.8670357649558006,0.8807970764133561,0.8807970654616711,0.8807970795424088,0.8807970795424088,0.8807970764133561,0.8933094124452287,0.9149009515124917,0.9324533069832973,0.904650538956921,0.9149009503523291,0.9241418215456966,0.9241418137109955
0.8354835350552604,0.7981867801399695,0.7981867729389246,0.8519528019683105,0.8519528057272543,0.817574471748733,0.8354835452961425,0.8354835309589074,0.8670357701094303,0.8807970889295664,0.8807970670261976,0.8519527963298947,0.8519528038477824,0.8354835309589074,0.817574471748733,0.8175744850834648,0.8670357460591569,0.8670357632379241,0.8807970732843033,0.8807970811069351,0.8670357666736772
0.8933094124452287,0.9149009602137116,0.8933094046341533,0.8807970685907242,0.8807970795424087,0.8807970764133561,0.8933094046341533,0.8933093996634686,0.8807970764133561,0.8807970764133561,0.880797085800514,0.880797085800514,0.9046505331728752,0.914900963114118,0.9046505318875316,0.8933094017937621,0.9046505370289057,0.9046505370289057,0.8933094167058151,0.893309411735131,0.9324533032291501
0.6513548646660543,0.6513548646660543,0.6791786926816161,0.7549149923816048,0.6791786926816161,0.651354857898194,0.651354857898194,0.651354857898194,0.6791786861878392,0.7310585727705127,0.7057850278370112,0.7057850340255386,0.6791787056691698,0.6791786991753931,0.679178699175393,0.651354857898194,0.7057850216484838,0.7057850278370112,0.7549149868676283,0.7549149868676283,0.7057850402140659
0.6513548511303338,0.6513548646660543,0.679178699175393,0.7057850216484838,0.6513548714339145,0.6791786926816161,0.7057850216484838,0.7057850216484838,0.7549149923816048,0.7549149813536518,0.7310585727705126,0.7310585669110203,0.7057850216484838,0.731058584489497,0.731058584489497,0.7549149813536518,0.7549149978955811,0.7772998611746911,0.7772998508568417,0.7772998508568417,0.7772998560157665
0.6791786861878392,0.6791786861878392,0.6513548646660543,0.7310585727705127,0.7057850154599562,0.6513548714339144,0.6513548646660543,0.679178699175393,0.6791787056691698,0.7057850216484837,0.705785040214066,0.679178699175393,0.6224593312018546,0.6513548714339144,0.6224593312018546,0.6224593312018546,0.6791787056691698,0.7057850278370112,0.7310585727705126,0.7310585727705126,0.705785040214066
0.8354835289107309,0.8670357632379241,0.851952809486198,0.8670357701094303,0.8670357632379241,0.851952809486198,0.8807970732843033,0.8670357701094303,0.8670357546485407,0.8519528076067262,0.8670357546485407,0.8670357666736773,0.8670357546485407,0.8670357701094303,0.8670357666736772,0.8175744739711883,0.8354835289107307,0.8519528019683105,0.8519527982093666,0.8354835371034368,0.851952809486198
0.9465966750964615,0.8807970811069351,0.817574478416099,0.8175744761936437,0.7549149868676283,0.731058584489497,0.7549149813536518,0.7981867849406659,0.8175744806385543,0.7772998611746911,0.7772998560157665,0.754914997895581,0.7549149813536518,0.798186775339273,0.7772998663336158,0.7772998663336157,0.7549149923816048,0.7772998611746911,0.7549149978955811,0.7310585786300049,0.7981867729389246
0.7057850216484838,0.7310585727705126,0.7549149923816048,0.7772998611746911,0.7549149923816048,0.7549149923816048,0.7981867825403177,0.817574471748733,0.8354835391516133,0.8354835432479661,0.7981867729389246,0.7772998611746912,0.8175744761936437,0.7981867753392728,0.8175744761936437,0.8175744828610095,0.8519527982093668,0.8519527963298947,0.8175744828610095,0.8519528057272543,0.8519528019683105
0.7310585727705126,0.6513548782017745,0.6513548511303338,0.6791787056691698,0.6224593312018546,0.5312093733737563,0.5926665999540698,0.5621765008857981,0.5621765008857981,0.5926665999540698,0.5312093733737562,0.5,0.4687906266262437,0.5,0.5,0.5312093733737563,0.5621765008857982,0.5312093733737563,0.6224593382055109,0.5926665999540698,0.5621765008857981
0.946596667563714,0.9046505254608136,0.8670357529306639,0.8670357529306639,0.8519527944504227,0.8175744695262775,0.7981867801399694,0.817574471748733,0.880797071719777,0.8807970826714614,0.8354835432479661,0.8354835350552603,0.8354835371034368,0.8354835289107309,0.8670357615200475,0.8354835350552604,0.8519528019683105,0.8354835309589074,0.817574478416099,0.7981867681382279,0.8354835309589074
0.8354835309589074,0.8354835309589074,0.8354835309589073,0.8933094025038598,0.8933093982432729,0.8933094103149354,0.904650527388829,0.9046505254608136,0.9149009532527358,0.9324533022906133,0.9324533032291502,0.9241418236349501,0.9149009578933863,0.9149009596336303,0.8933093954028816,0.8933094131553264,0.9241418210233832,0.9399133437246703,0.946596667563714,0.9399133525610676,0.9324533121452494
0.7981867705385762,0.8175744739711883,0.817574471748733,0.8807970826714614,0.9046505447409666,0.9046505312448597,0.8807970826714614,0.880797085800514,0.9046505293168445,0.9149009619539554,0.9149009619539554,0.9324533149608595,0.9324533088603709,0.9241418252018901,0.9149009532527358,0.9046505408849362,0.8807970826714614,0.9149009602137116,0.9241418241572635,0.946596670011857,0.946596664362296
0.9241418152779358,0.9046505370289059,0.9046505370289057,0.9149009596336303,0.9241418210233832,0.9324533051062237,0.9241418121440552,0.9324533149608596,0.9399133437246703,0.9399133548753619,0.9399133437246703,0.9525741214369554,0.9324533051062238,0.9324533112067128,0.9324533097989077,0.9324533018213449,0.9324533158993963,0.9324533069832973,0.9579122714836208,0.9669140179168129,0.9626731127897336
0.6513548714339145,0.6224593382055109,0.6791787056691698,0.679178699175393,0.679178699175393,0.6513548714339144,0.6791786991753929,0.7057850216484838,0.7057850216484838,0.7549149868676283,0.7310585786300049,0.7057850278370112,0.679178699175393,0.6791787056691698,0.6791786926816161,0.7057850154599562,0.731058584489497,0.7772998663336158,0.7772998663336158,0.7310585727705127,0.7310585727705126
0.7981867705385762,0.7549149868676283,0.7981867825403177,0.8519528019683105,0.867035771827307,0.8354835330070838,0.8670357649558006,0.8670357615200475,0.8933093968230773,0.9046505331728752,0.880797071719777,0.8670357494949105,0.8519528000888386,0.867035771827307,0.8807970826714614,0.8807970826714614,0.9046505447409666,0.8933093996634686,0.9046505312448597,0.904650538956921,0.8807970889295664
0.7772998508568416,0.7057850154599563,0.7057850216484838,0.7549149923816048,0.7310585669110202,0.6791787056691697,0.7310585786300049,0.731058584489497,0.7549149813536518,0.817574471748733,0.7772998560157665,0.7772998663336158,0.7772998508568416,0.7549149813536518,0.7549149923816048,0.8175744828610095,0.8175744806385543,0.8354835432479661,0.851952809486198,0.8354835309589074,0.817574471748733
0.8933094152856196,0.8670357683915538,0.8670357615200475,0.9149009619539554,0.9046505408849362,0.9149009532527358,0.9046505312448597,0.9241418163225626,0.9324533088603709,0.9324533097989076,0.9399133538234099,0.9465966707651318,0.9324533107374443,0.9149009480320036,0.9149009549929797,0.9046505408849362,0.9149009532527358,0.9324533018213449,0.952574121941844,0.9579122686300084,0.9525741224467326
0.8519528000888386,0.8933093968230773,0.8807970826714614,0.8807970795424088,0.8807970654616711,0.8670357649558006,0.8519528076067262,0.8670357529306639,0.8670357649558006,0.867035771827307,0.8519528038477825,0.8519528038477825,0.8519528038477825,0.880797085800514,0.8670357649558006,0.8519528076067262,0.8519528038477825,0.8519528057272543,0.8670357683915538,0.8519528019683105,0.8807970889295664
0.8175744695262775,0.7549149923816048,0.7772998560157665,0.8354835350552604,0.8354835432479661,0.798186768138228,0.8175744828610095,0.8175744761936437,0.8519528038477825,0.8670357649558006,0.8807970889295664,0.8670357494949105,0.8519527944504227,0.8354835289107309,0.8354835371034368,0.8519528038477825,0.8519528057272543,0.8933094096048376,0.8933093996634686,0.8807970748488297,0.8670357683915538
0.9399133561377042,0.8807970826714614,0.8519528038477825,0.8354835350552604,0.8175744806385543,0.7549149813536518,0.7772998611746912,0.8354835371034368,0.8175744828610095,0.7772998663336157,0.7772998508568416,0.7549149758396752,0.7549149868676283,0.7981867801399694,0.7772998611746912,0.7549149813536518,0.7772998611746912,0.731058584489497,0.7057850340255386,0.7549149923816048,0.7772998560157665
0.7057850340255386,0.7057850340255386,0.7310585786300049,0.7981867825403177,0.7549149923816048,0.7310585786300049,0.7310585786300049,0.7310585903489891,0.7772998663336158,0.7981867753392728,0.8175744806385543,0.7772998611746912,0.7981867681382279,0.798186775339273,0.7772998663336158,0.798186768138228,0.8175744761936437,0.8519527944504227,0.8519528076067262,0.8354835309589074,0.8354835391516133
0.8175744761936437,0.8175744828610095,0.8519528076067262,0.8807970685907242,0.880797085800514,0.880797071719777,0.8933094017937621,0.8933094017937621,0.9046505351008906,0.9241418252018901,0.9324533107374443,0.9149009578933863,0.9046505370289057,0.8933093996634686,0.880797085800514,0.9046505312448597,0.9241418189341296,0.9324533027598817,0.9399133466701362,0.9399133466701362,0.9241418267688303
0.651354857898194,0.6513548714339145,0.6791786861878392,0.7549149813536518,0.7310585786300049,0.6791787056691698,0.705785040214066,0.7310585727705127,0.7549149923816048,0.798186768138228,0.7981867825403177,0.7549149813536518,0.7772998508568416,0.7549149923816048,0.7549149923816048,0.7981867825403177,0.8175744739711883,0.8354835391516133,0.8354835432479661,0.8175744828610095,0.8175744695262775
0.7772998611746911,0.7549149758396752,0.7772998663336158,0.8519528038477825,0.8354835432479661,0.8354835391516133,0.8354835432479661,0.8354835391516133,0.8670357529306639,0.867035771827307,0.867035771827307,0.8354835309589074,0.817574471748733,0.817574478416099,0.817574471748733,0.7981867729389246,0.8354835432479661,0.8519528057272543,0.8807970654616711,0.8807970795424087,0.8670357529306639
0.6224593312018545,0.5926665999540697,0.6224593312018546,0.6513548646660542,0.5926665999540697,0.5621765008857982,0.5926665999540698,0.5926665999540698,0.6224593312018546,0.5926665999540698,0.6224593312018546,0.6224593312018545,0.5621765008857981,0.5926665999540698,0.6224593312018545,0.5926665999540698,0.6224593312018546,0.6513548511303338,0.7057850278370112,0.7310585669110203,0.651354857898194
0.8519528000888386,0.8670357649558006,0.8670357683915538,0.9241418152779358,0.9324533079218341,0.9241418241572635,0.9399133435142798,0.9465966750964615,0.9525741311981335,0.9525741259809524,0.9579122728353318,0.9626731091754309,0.9525741259809524,0.9465966686936262,0.9465966745315055,0.9465966681286702,0.9525741311981335,0.9669140191085817,0.9669140193469353,0.9669140230414183,0.9579122723847614
0.798186768138228,0.7981867753392728,0.7772998508568416,0.7981867729389246,0.798186775339273,0.7772998508568416,0.7772998663336158,0.7981867729389246,0.7981867753392728,0.8354835391516133,0.7772998714925403,0.7772998560157665,0.7549149813536518,0.7310585786300049,0.7772998560157665,0.817574478416099,0.817574478416099,0.851952809486198,0.8670357460591569,0.8354835432479661,0.8519527982093668
0.8354835432479661,0.8519527963298947,0.8670357649558006,0.8933094167058151,0.9149009561531424,0.9046505428129514,0.9046505408849362,0.9241418252018901,0.9324533088603709,0.9399133521402868,0.9525741274956179,0.9241418189341296,0.9241418267688303,0.9046505312448597,0.9241418241572635,0.9241418252018901,0.9324533088603709,0.946596671330088,0.952574121941844,0.946596670011857,0.9399133449870128
0.798186775339273,0.7310585669110202,0.7772998508568416,0.7981867729389246,0.7772998560157665,0.7549149813536518,0.7772998714925403,0.7772998663336157,0.7981867801399694,0.798186775339273,0.8175744828610095,0.7772998560157665,0.7549149758396752,0.7310585727705127,0.7310585786300049,0.7549149813536518,0.7981867729389246,0.817574478416099,0.8354835350552604,0.817574478416099,0.7772998611746912
0.817574471748733,0.817574478416099,0.817574478416099,0.8175744828610095,0.817574478416099,0.7772998508568416,0.7772998611746912,0.798186775339273,0.7981867825403177,0.7549149868676283,0.7549149978955811,0.7549149923816048,0.7549149813536518,0.7772998714925403,0.7981867729389246,0.8175744828610095,0.7981867681382279,0.7549149923816048,0.8175744695262775,0.8175744828610095,0.7772998663336157
0.754914997895581,0.7549149758396752,0.7549149923816048,0.7981867753392728,0.7549149923816048,0.7057850154599563,0.731058584489497,0.7549149868676284,0.7549149868676283,0.7549149868676284,0.7549149868676283,0.7549149813536518,0.7057850340255386,0.6791787121629465,0.6791786926816161,0.6791786861878392,0.7310585727705127,0.7549149758396752,0.7772998560157665,0.817574478416099,0.7549149923816048
0.7549149978955811,0.7772998508568416,0.7549149978955811,0.8175744761936437,0.8354835350552604,0.817574471748733,0.8175744673038222,0.8354835452961425,0.8519528076067262,0.8519527944504227,0.8519528019683105,0.8519528057272543,0.8354835452961425,0.8175744739711883,0.817574478416099,0.8354835309589074,0.8519528076067262,0.8670357563664174,0.8807970795424087,0.8933094096048377,0.8933094017937621
0.7310585727705127,0.7310585727705127,0.798186775339273,0.8354835432479661,0.8175744850834648,0.817574471748733,0.8354835432479661,0.8354835432479661,0.8519528057272544,0.8933094046341532,0.8519528076067262,0.8670357529306639,0.8519528057272544,0.8519528057272544,0.8670357683915538,0.9046505312448597,0.9046505447409666,0.8933093996634686,0.8670357563664174,0.8933093968230773,0.8933094124452287
0.7772998611746911,0.7310585669110202,0.7549149868676283,0.8175744828610095,0.8354835350552604,0.7772998560157665,0.817574478416099,0.8175744761936437,0.8354835289107309,0.8519527982093666,0.8519528076067262,0.8519528000888387,0.8354835350552604,0.8175744828610095,0.7981867825403177,0.7981867825403177,0.8519527944504227,0.8670357683915538,0.8807970764133561,0.8670357563664174,0.8519527982093666
0.8807970764133561,0.8807970889295664,0.8807970795424088,0.9046505408849362,0.8933093996634686,0.880797085800514,0.9046505428129514,0.8933094017937621,0.8670357683915538,0.880797085800514,0.9046505370289057,0.9046505261034854,0.9046505261034854,0.9046505395995927,0.8807970795424087,0.8933093996634686,0.8933093968230773,0.8807970764133561,0.9046505261034854,0.9241418189341296,0.9324533121452495
0.7981867825403177,0.731058584489497,0.7549149813536518,0.8175744739711883,0.798186775339273,0.7772998611746912,0.8175744828610095,0.8175744828610095,0.817574478416099,0.8519528038477825,0.8175744828610095,0.7772998508568416,0.7981867825403177,0.7772998663336158,0.7549149813536518,0.7549149868676283,0.7981867753392728,0.8175744695262775,0.8519527944504227,0.8670357494949105,0.8354835432479661
0.8933094003735664,0.8933094046341532,0.8807970654616711,0.8933094174159127,0.880797071719777,0.8670357632379241,0.8807970889295664,0.8670357477770337,0.8807970685907242,0.8807970764133561,0.8807970654616711,0.8933093968230773,0.9149009497722477,0.8933094046341533,0.8807970685907242,0.8807970764133561,0.8807970795424087,0.8933094067644466,0.9149009526726545,0.9241418137109956,0.9399133483532596
0.7772998663336158,0.7310585903489891,0.7310585669110203,0.7772998560157665,0.7981867801399694,0.7549149923816048,0.7310585727705126,0.7549149923816048,0.7772998611746911,0.7772998663336158,0.798186775339273,0.7772998663336158,0.7310585669110202,0.731058584489497,0.7057850340255386,0.7310585669110203,0.7772998611746911,0.7772998663336158,0.7981867729389246,0.8175744673038222,0.7981867729389246
0.5312093733737563,0.5,0.5,0.5621765008857981,0.5,0.4687906266262437,0.5,0.5312093733737563,0.5312093733737562,0.5926665999540698,0.5312093733737562,0.5,0.5,0.5312093733737562,0.5,0.5,0.5926665999540698,0.5926665999540698,0.6513548646660543,0.6513548511303338,0.6224593241981982
0.679178686187839,0.622459324198198,0.6791786861878392,0.651354857898194,0.6224593312018546,0.6224593241981982,0.7057850278370111,0.7057850278370111,0.731058584489497,0.7549149978955811,0.7057850278370112,0.6791786861878392,0.7057850278370112,0.679178699175393,0.7057850340255386,0.7310585727705127,0.7549149813536518,0.8175744761936437,0.7549149978955811,0.7549149923816048,0.7772998663336158
0.5926665999540698,0.5926665999540698,0.651354857898194,0.6513548511303338,0.5926665999540698,0.6224593382055109,0.6513548511303338,0.679178699175393,0.7057850340255386,0.731058584489497,0.6791786861878392,0.6513548511303338,0.6513548511303338,0.6791787056691698,0.6791787056691698,0.7057850278370111,0.6791786861878392,0.7549149923816048,0.7549149813536518,0.7310585727705127,0.7057850340255386
0.8175744761936437,0.7549149923816048,0.7057850278370112,0.7772998663336158,0.7549149813536518,0.731058584489497,0.7772998560157665,0.7981867825403177,0.8354835309589074,0.8519528038477824,0.8354835309589074,0.7772998663336158,0.7981867849406659,0.7772998508568417,0.7549149978955811,0.7981867849406659,0.8354835309589074,0.8519528057272543,0.8519528038477824,0.8519527963298947,0.7981867849406659
0.5621765008857981,0.5926665999540698,0.5621765008857981,0.6513548511303338,0.6513548646660543,0.5312093733737563,0.5312093733737563,0.5926665999540698,0.6513548646660542,0.6224593241981982,0.6224593312018546,0.6224593312018545,0.5926665999540698,0.5926665999540698,0.6224593312018546,0.5926665999540698,0.679178686187839,0.679178686187839,0.7549149813536518,0.7549149813536518,0.7057850154599563
0.5621765008857981,0.5621765008857981,0.5926665999540698,0.651354857898194,0.651354857898194,0.6224593312018546,0.6224593382055109,0.6224593241981982,0.6513548646660543,0.7310585786300049,0.7310585786300049,0.6791787056691698,0.651354857898194,0.679178686187839,0.6791786926816161,0.6791786926816161,0.7057850216484838,0.7310585903489892,0.7549149813536518,0.7549149758396752,0.7549149813536518
0.9465966745315055,0.8933093968230773,0.8519527944504227,0.8354835391516133,0.817574471748733,0.7549149923816048,0.8354835330070839,0.817574478416099,0.8175744695262777,0.7981867729389246,0.7981867801399695,0.7772998508568416,0.7981867729389246,0.8354835432479661,0.7981867681382279,0.7549149813536518,0.7772998508568416,0.7310585786300049,0.7310585727705127,0.7549149813536518,0.7772998663336157
0.5926665999540697,0.5312093733737563,0.5621765008857981,0.5926665999540698,0.5,0.5,0.5621765008857981,0.5621765008857981,0.5312093733737563,0.5621765008857981,0.5,0.5,0.5312093733737563,0.5312093733737562,0.5621765008857982,0.5926665999540698,0.6513548646660543,0.6513548511303338,0.5926665999540698,0.6224593382055109,0.6513548646660543
0.798186768138228,0.8175744761936437,0.8670357563664174,0.8933094046341533,0.8807970685907242,0.8933094017937621,0.9046505312448597,0.9149009497722477,0.9241418215456966,0.9241418205010697,0.9149009497722477,0.9046505351008906,0.9046505351008906,0.8933094017937621,0.880797071719777,0.9241418178895029,0.9324533088603709,0.9324533107374443,0.9324533051062237,0.9324533027598817,0.9324533088603709
0.6224593312018546,0.5926665999540698,0.5621765008857982,0.5312093733737563,0.5,0.5312093733737563,0.5621765008857982,0.5926665999540698,0.5926665999540698,0.6224593312018546,0.5621765008857981,0.5312093733737563,0.5312093733737563,0.5926665999540698,0.5621765008857981,0.6224593312018546,0.6224593312018546,0.679178692681616,0.6791787056691697,0.6224593312018546,0.6224593312018546
0.7310585903489891,0.7549149923816048,0.7772998560157665,0.798186775339273,0.7981867801399694,0.7549149923816048,0.7772998663336157,0.798186775339273,0.817574471748733,0.8354835452961425,0.7981867729389246,0.7772998508568416,0.7549149923816048,0.7549149923816048,0.817574478416099,0.7981867801399694,0.817574478416099,0.851952809486198,0.8519528019683105,0.817574478416099,0.817574471748733
0.8519527982093666,0.8519528000888387,0.8519527963298947,0.9149009625340366,0.9324533069832973,0.9241418126663686,0.9241418215456966,0.9324533051062237,0.9399133483532596,0.9525741234565096,0.9399133563480947,0.9399133491948212,0.9241418163225626,0.9149009613738741,0.9149009480320036,0.9149009497722477,0.9324533036984185,0.9399133483532596,0.9399133435142799,0.9525741285053949,0.9324533051062237
0.9465966732132747,0.8519528057272544,0.8354835330070838,0.8354835330070838,0.7981867729389246,0.7772998611746911,0.7981867753392728,0.8354835371034368,0.8354835391516133,0.7772998611746912,0.7772998508568416,0.7549149868676283,0.7772998508568416,0.798186768138228,0.7981867681382279,0.7772998663336158,0.7772998508568416,0.7549149923816048,0.7549149978955811,0.7772998611746912,0.7772998560157665
0.6791787056691698,0.6791787056691698,0.679178699175393,0.7772998663336157,0.7057850340255386,0.679178699175393,0.731058584489497,0.731058584489497,0.7772998560157665,0.7772998663336158,0.7310585669110203,0.7310585669110203,0.7310585727705127,0.7310585786300049,0.7310585727705127,0.7549149813536518,0.7981867825403177,0.8175744806385542,0.7981867825403177,0.798186775339273,0.7981867825403177
0.904650538956921,0.9149009602137116,0.9046505312448597,0.9241418189341296,0.9149009462917594,0.9241418205010697,0.9399133466701362,0.9241418215456966,0.9149009596336303,0.9324533027598817,0.9046505395995927,0.9324533130837861,0.9324533149608596,0.9241418225903233,0.9241418173671894,0.9149009526726545,0.9324533149608596,0.9399133468805266,0.946596669446901,0.9465966752847802,0.9465966702001757
0.7772998560157665,0.6791787056691698,0.651354857898194,0.7057850278370111,0.7057850154599563,0.6513548511303338,0.6224593312018546,0.6791787056691698,0.6791786926816161,0.7057850154599563,0.7057850340255386,0.6791786926816161,0.6513548511303338,0.6513548511303338,0.6513548714339145,0.6224593241981982,0.7057850154599562,0.7057850278370111,0.7549149923816048,0.7549149868676284,0.679178699175393
0.8933094152856196,0.8354835452961425,0.8354835309589074,0.9046505351008906,0.8933094096048376,0.880797085800514,0.8807970764133561,0.8807970654616711,0.9046505312448597,0.9149009549929797,0.9046505370289057,0.9046505395995927,0.8807970654616711,0.8933093996634686,0.8670357649558006,0.8670357649558006,0.9149009462917594,0.9241418278134569,0.9241418205010697,0.9241418205010697,0.9324533097989076
0.5926665999540698,0.5312093733737563,0.622459324198198,0.6513548511303338,0.6224593312018546,0.6224593312018546,0.651354857898194,0.6513548511303338,0.6791787056691698,0.7057850340255386,0.7057850340255386,0.7057850278370112,0.7057850216484838,0.7057850216484839,0.6513548646660543,0.6791787056691698,0.7549149813536518,0.7772998560157665,0.7772998663336158,0.7549149923816048,0.731058584489497
0.5621765008857981,0.5926665999540698,0.6791786861878392,0.7310585903489891,0.6513548714339145,0.6791786861878392,0.7310585786300049,0.7057850216484838,0.7772998714925403,0.7549149813536518,0.7549149978955811,0.7549149758396752,0.7310585786300049,0.7772998508568416,0.7981867729389246,0.8175744761936437,0.8354835391516133,0.8175744828610095,0.798186768138228,0.8354835350552603,0.8354835350552604
0.7772998663336158,0.7549149923816048,0.7772998611746912,0.7981867681382279,0.7981867681382279,0.7772998611746912,0.7772998663336158,0.7981867825403177,0.8175744761936437,0.8354835350552604,0.8175744739711883,0.7981867729389246,0.7549149758396752,0.7549149868676283,0.7772998560157665,0.7981867825403177,0.8175744806385542,0.8354835391516133,0.8519528057272543,0.8519528000888386,0.8175744761936437
0.7549149923816048,0.7057850216484838,0.7310585786300049,0.7057850340255386,0.6791786861878392,0.651354857898194,0.7057850402140659,0.7057850278370112,0.7057850154599562,0.7310585903489892,0.7057850154599563,0.651354857898194,0.651354857898194,0.5926665999540698,0.679178692681616,0.6513548714339145,0.679178692681616,0.7310585727705127,0.7549149868676284,0.7310585669110202,0.7310585786300049
0.7549149813536518,0.7549149813536518,0.8175744806385542,0.8519528057272544,0.8175744806385542,0.8175744761936437,0.8519528076067262,0.8519528057272544,0.8519528076067262,0.8933094046341532,0.867035771827307,0.867035771827307,0.8670357683915538,0.8807970795424088,0.8933094046341532,0.9046505293168445,0.9149009619539554,0.9149009619539554,0.9046505312448597,0.9149009515124917,0.9149009619539554
0.731058584489497,0.651354857898194,0.6224593312018545,0.651354857898194,0.651354857898194,0.6224593312018545,0.7057850216484839,0.731058584489497,0.7549149923816048,0.7549149868676283,0.7057850216484838,0.7057850402140659,0.7057850278370112,0.7310585727705126,0.7772998663336157,0.8175744806385543,0.7772998560157665,0.7549149868676284,0.7981867801399695,0.7981867729389246,0.7549149813536518
0.7549149868676283,0.7549149813536518,0.7772998663336158,0.7981867729389246,0.7772998508568416,0.7549149923816048,0.7310585727705126,0.7549149868676284,0.7772998508568416,0.817574478416099,0.7981867753392728,0.7549149923816048,0.7310585727705127,0.731058584489497,0.7310585727705127,0.7549149813536518,0.7549149868676284,0.798186775339273,0.7981867729389246,0.8175744828610095,0.7772998714925403
0.8807970764133561,0.904650527388829,0.9046505370289059,0.904650527388829,0.9149009503523291,0.9149009549929797,0.9241418278134569,0.9149009596336303,0.9149009561531424,0.9241418267688303,0.9241418189341296,0.9241418267688303,0.9241418205010697,0.9241418126663686,0.9241418178895029,0.9149009619539554,0.9149009549929797,0.9241418152779358,0.9324533158993963,0.9399133458285746,0.946596670011857
0.7981867705385762,0.7310585727705127,0.7772998508568417,0.8354835330070838,0.7981867801399695,0.798186768138228,0.8175744739711883,0.8519528057272543,0.8670357598021707,0.8807970889295664,0.8519528038477825,0.8354835309589074,0.8354835432479661,0.7981867801399694,0.8670357494949105,0.8670357563664174,0.880797085800514,0.8933094145755219,0.880797085800514,0.8933093968230773,0.8807970748488297
0.6791786926816161,0.6513548714339145,0.6224593312018546,0.6791786926816161,0.6224593312018546,0.6224593312018546,0.6224593312018546,0.6791786861878392,0.6513548714339145,0.6791787056691697,0.6513548646660542,0.6224593312018546,0.5926665999540697,0.6224593312018546,0.6224593312018546,0.622459338205511,0.679178699175393,0.7057850278370112,0.7310585669110202,0.7057850154599562,0.6513548646660542
0.8933094025038598,0.8354835330070838,0.8519528076067262,0.8933093968230773,0.9046505428129514,0.8933093968230773,0.8933094124452287,0.9149009619539554,0.9046505312448597,0.9241418178895029,0.9324533018213449,0.9324533088603709,0.9149009462917594,0.9046505331728752,0.9046505312448597,0.8933093968230773,0.9241418252018901,0.9241418252018901,0.9324533088603709,0.946596664362296,0.9399133475116979
0.6791786926816161,0.679178692681616,0.7057850278370112,0.7057850340255386,0.6791787056691698,0.6791786926816161,0.6791786926816161,0.6224593312018546,0.7057850154599563,0.679178699175393,0.6513548646660543,0.6224593312018546,0.5926665999540698,0.6513548714339144,0.6513548646660543,0.6513548646660543,0.6791787121629465,0.7057850216484838,0.731058584489497,0.6791787056691698,0.6791786926816161
0.9840936050517924,0.9399133481428691,0.9399133435142798,0.9324533126145179,0.9149009515124917,0.9046505312448597,0.914900959053549,0.939913350667554,0.9241418173671894,0.9149009625340366,0.9149009625340366,0.9149009526726545,0.9324533130837861,0.9241418173671894,0.9241418241572634,0.9046505434556231,0.9149009526726545,0.8933093968230773,0.9324533051062237,0.9324533140223229,0.9399133563480947
0.7549149813536518,0.7981867681382279,0.7549149923816048,0.8175744806385543,0.8354835371034368,0.8354835432479661,0.7981867681382279,0.8175744673038222,0.8354835350552604,0.8519528000888386,0.8519528076067262,0.8670357598021707,0.8519528057272543,0.8354835432479661,0.8354835289107309,0.817574478416099,0.817574471748733,0.8670357563664174,0.8807970764133561,0.9046505351008906,0.8933094067644466
0.9796676475477876,0.8807970889295664,0.8175744695262777,0.7772998611746911,0.7310585903489892,0.7057850340255386,0.6791787056691698,0.6513548646660542,0.7057850154599563,0.7772998663336158,0.7549149813536518,0.7057850278370112,0.7057850154599563,0.731058584489497,0.7310585727705126,0.7310585903489891,0.731058584489497,0.7310585786300048,0.7310585727705127,0.7057850154599563,0.705785040214066
0.8670357494949105,0.8807970654616711,0.8807970748488297,0.8933094124452287,0.8933094124452287,0.8933093996634686,0.8807970764133561,0.867035771827307,0.8670357563664174,0.8807970764133561,0.8670357683915538,0.8933094017937621,0.904650541527608,0.8933094017937621,0.8807970748488297,0.8807970795424087,0.8933094046341533,0.8933093968230773,0.9149009480320036,0.9241418215456966,0.9324533027598817
0.5621765008857982,0.5926665999540698,0.6224593312018545,0.5926665999540698,0.5621765008857981,0.5926665999540698,0.5926665999540698,0.5926665999540698,0.6224593241981982,0.651354857898194,0.5926665999540698,0.6224593312018546,0.5926665999540698,0.5926665999540698,0.6224593241981982,0.6513548646660543,0.7310585669110202,0.6791787056691697,0.6513548646660542,0.7057850216484838,0.7057850278370112
0.9706877719515358,0.9324533116759811,0.9324533060447605,0.939913350667554,0.9241418152779358,0.9046505331728752,0.9149009462917594,0.9241418252018901,0.9465966707651318,0.9324533088603709,0.9324533088603709,0.9324533158993963,0.9324533158993963,0.9324533097989076,0.9399133477220882,0.9324533112067128,0.9241418241572634,0.9241418189341296,0.9046505434556231,0.9241418189341296,0.9324533079218341
0.651354857898194,0.7549149813536518,0.7549149923816048,0.7772998663336157,0.7772998663336157,0.7772998663336157,0.8175744761936437,0.7981867825403176,0.8354835371034368,0.8354835411997897,0.8175744828610095,0.8175744850834648,0.8175744850834648,0.7772998663336157,0.8175744828610095,0.8354835289107309,0.8519527963298947,0.8670357563664174,0.8670357529306639,0.8519528057272544,0.8519528057272544
0.9241418267688303,0.9241418267688303,0.9241418267688303,0.9324533027598817,0.9241418126663686,0.9149009544128984,0.9241418126663686,0.9241418215456966,0.9149009573133051,0.9241418267688303,0.9324533130837861,0.9241418241572634,0.9324533069832973,0.9241418252018901,0.914900945711678,0.893309411735131,0.9149009497722477,0.9149009596336303,0.9399133491948212,0.9324533079218341,0.9399133435142799
0.8354835371034368,0.7772998663336157,0.7549149813536518,0.7772998560157665,0.7981867777396212,0.7772998611746912,0.7981867801399694,0.7981867729389246,0.7981867801399695,0.8175744806385542,0.7549149813536518,0.7549149978955811,0.7310585786300048,0.7057850216484838,0.7549149978955811,0.7772998508568416,0.8354835309589074,0.817574478416099,0.8175744739711883,0.7772998714925403,0.7772998560157665
0.6224593312018546,0.5621765008857982,0.5926665999540698,0.5312093733737562,0.5312093733737563,0.5926665999540698,0.5926665999540697,0.6224593312018546,0.6224593312018546,0.6791786861878392,0.5926665999540698,0.5621765008857982,0.6224593312018546,0.5621765008857981,0.5926665999540698,0.6513548714339145,0.6224593312018546,0.6791786861878392,0.7057850278370111,0.6791786926816161,0.6224593312018546
0.5621765008857981,0.5621765008857981,0.5312093733737563,0.5926665999540697,0.5,0.5312093733737563,0.5312093733737563,0.5621765008857982,0.5621765008857981,0.5926665999540697,0.6224593312018546,0.5926665999540697,0.6513548646660543,0.5926665999540698,0.6224593382055109,0.6513548782017745,0.679178692681616,0.7310585669110202,0.7549149813536518,0.7310585669110202,0.7057850154599562
0.7057850278370112,0.7057850402140659,0.679178699175393,0.7310585786300049,0.7057850216484838,0.6224593241981982,0.6513548511303338,0.7057850278370112,0.7310585786300049,0.7310585786300049,0.7310585786300049,0.7057850154599563,0.6513548511303338,0.6513548511303338,0.5926665999540698,0.6224593241981982,0.651354857898194,0.7772998560157665,0.7772998663336158,0.7549149868676283,0.7310585786300049
0.8933094152856196,0.946596669446901,0.9399133521402868,0.9525741280005064,0.9465966656805269,0.9399133555065331,0.9525741229516211,0.9465966726483187,0.9525741229516211,0.9626731098447462,0.9525741280005064,0.9626731102463354,0.9669140245907174,0.9626731111833768,0.9579122740368526,0.9579122689303887,0.952574121941844,0.9579122693809591,0.9669140243523637,0.9706877671287282,0.974042641624845
0.798186768138228,0.679178699175393,0.6791786861878392,0.7310585786300049,0.7057850340255386,0.6513548782017745,0.679178699175393,0.7057850402140659,0.7310585786300049,0.7549149868676284,0.7772998714925403,0.7310585903489892,0.7057850402140659,0.6791786861878392,0.7057850278370112,0.7057850216484838,0.7549149758396752,0.7772998611746912,0.798186775339273,0.7310585786300049,0.7549149978955811
0.6791787056691698,0.7549149813536518,0.7772998611746912,0.7772998663336157,0.7549149923816048,0.7772998611746912,0.7981867825403176,0.7981867825403176,0.8175744850834648,0.8354835371034368,0.798186768138228,0.8175744828610095,0.7981867801399695,0.817574471748733,0.8175744828610095,0.8519528000888386,0.8807970842359877,0.8807970842359877,0.8519528057272544,0.8807970732843033,0.8519528057272544
0.679178692681616,0.6513548646660542,0.651354857898194,0.6513548511303338,0.6224593312018545,0.651354857898194,0.6791787056691698,0.7057850278370112,0.7057850154599563,0.7549149923816048,0.7310585903489891,0.6791786926816161,0.7057850278370112,0.7310585727705126,0.7057850278370112,0.7549149923816048,0.7772998714925403,0.7981867753392728,0.7981867801399694,0.7772998560157665,0.7310585669110203
0.679178699175393,0.6791786926816161,0.7057850340255386,0.7549149868676283,0.7310585727705127,0.7057850278370111,0.7057850216484838,0.7549149813536518,0.7772998611746912,0.7772998611746912,0.7772998663336158,0.7310585786300049,0.7310585786300049,0.7057850340255386,0.6791787056691698,0.7057850340255386,0.7310585727705126,0.7772998508568416,0.817574471748733,0.7772998560157665,0.7549149813536518
0.9046505447409666,0.9046505299595162,0.880797071719777,0.9046505395995927,0.9149009613738741,0.9046505370289057,0.9149009497722477,0.9324533027598817,0.9324533107374443,0.9149009480320036,0.9149009462917594,0.9046505261034854,0.9241418126663686,0.9399133466701362,0.9241418215456966,0.9324533107374443,0.9324533036984185,0.9324533097989076,0.9241418205010697,0.9324533027598817,0.9465966669987579
0.6224593312018546,0.4378234991142019,0.4687906266262437,0.4687906266262437,0.40733340004593027,0.43782349911420193,0.46879062662624377,0.5,0.5,0.5621765008857982,0.4687906266262437,0.4687906266262437,0.43782349911420193,0.4687906266262437,0.5312093733737563,0.5312093733737563,0.5312093733737563,0.5926665999540698,0.5926665999540698,0.5621765008857981,0.5312093733737563
0.8519528038477825,0.9046505408849362,0.8519528038477825,0.8807970654616711,0.8670357563664174,0.867035771827307,0.8807970779778824,0.8933093968230773,0.8933094039240554,0.8933094067644466,0.8933093968230773,0.904650536386234,0.9046505254608136,0.9046505293168444,0.9046505357435622,0.9046505395995927,0.8933094167058151,0.9046505395995927,0.9241418278134569,0.9324533069832973,0.9324533140223229
0.7772998611746911,0.7057850340255386,0.679178699175393,0.7310585727705127,0.731058584489497,0.7772998663336158,0.7772998560157665,0.7772998663336157,0.8175744806385543,0.7981867681382279,0.7310585903489891,0.731058584489497,0.7310585669110202,0.7772998560157665,0.8175744695262775,0.7981867753392728,0.798186775339273,0.7981867729389246,0.7981867849406659,0.817574471748733,0.7310585727705127
0.6224593312018546,0.6791786861878392,0.7057850216484838,0.7981867801399694,0.7310585727705126,0.7310585727705126,0.7310585727705126,0.7549149758396752,0.7981867825403177,0.7981867825403177,0.817574478416099,0.7549149868676283,0.7772998663336158,0.7549149813536518,0.7549149923816048,0.798186768138228,0.7981867753392728,0.8519528038477825,0.8354835350552604,0.8175744761936437,0.8354835391516133
0.5621765008857981,0.6224593312018546,0.5621765008857981,0.651354857898194,0.5926665999540698,0.5621765008857981,0.5926665999540698,0.6224593312018546,0.6224593312018546,0.6224593382055109,0.6513548511303338,0.5312093733737562,0.5312093733737562,0.5621765008857981,0.5621765008857981,0.5926665999540698,0.6224593382055109,0.651354857898194,0.6791787056691698,0.651354857898194,0.6224593312018545
0.9465966707651318,0.9324533079218341,0.9324533107374443,0.9241418152779357,0.9241418173671894,0.9241418189341296,0.9149009526726545,0.9046505434556231,0.9149009526726545,0.9149009613738741,0.9149009526726545,0.9241418163225626,0.9241418241572634,0.9149009526726545,0.8933094067644466,0.8807970826714614,0.9046505447409666,0.9046505447409666,0.9399133538234099,0.9465966726483187,0.9465966662454831
0.8519527963298947,0.8354835371034368,0.8807970764133561,0.9046505312448597,0.9149009549929797,0.9046505293168445,0.9046505408849362,0.9324533069832973,0.9399133443558416,0.9324533158993963,0.9465966707651318,0.9399133449870128,0.9324533079218341,0.9241418252018901,0.9241418137109955,0.9324533069832973,0.946596669446901,0.9525741264858408,0.9579122681794381,0.9579122723847614,0.9525741274956179
0.7549149868676283,0.7310585786300049,0.7549149923816048,0.7772998663336158,0.7772998611746911,0.7772998560157665,0.7772998663336157,0.8175744739711883,0.8354835432479661,0.8670357563664174,0.8519528038477825,0.8354835452961425,0.8670357683915538,0.8519528038477825,0.8519527982093666,0.8807970873650401,0.8933094025038598,0.9046505370289059,0.904650527388829,0.8933094046341532,0.8933094124452287
0.8519528038477824,0.7981867705385763,0.8175744761936438,0.8670357632379241,0.8354835371034368,0.8354835309589074,0.8354835452961425,0.8519528000888387,0.8670357615200474,0.8807970748488297,0.8354835432479661,0.8354835432479661,0.8354835330070839,0.8175744739711883,0.817574478416099,0.8519528019683106,0.8670357701094303,0.8807970889295664,0.8933094124452287,0.8933094103149354,0.8670357546485407
0.817574478416099,0.817574471748733,0.798186775339273,0.8354835391516133,0.817574471748733,0.7981867681382279,0.7981867681382279,0.7981867681382279,0.7772998508568416,0.7981867801399694,0.7549149868676284,0.7549149868676284,0.7772998663336158,0.7549149923816048,0.7310585844894971,0.7772998508568416,0.7310585786300049,0.7549149758396752,0.7981867801399695,0.817574471748733,0.8354835391516133
0.5621765008857981,0.5621765008857982,0.5621765008857982,0.6224593241981982,0.5312093733737562,0.5312093733737562,0.5926665999540698,0.5621765008857982,0.5926665999540698,0.6224593241981982,0.5621765008857981,0.5926665999540698,0.6224593312018545,0.5312093733737562,0.6224593241981982,0.6224593241981982,0.6791786926816161,0.7057850216484838,0.6513548646660542,0.6791786861878392,0.6513548646660542
0.7549149813536518,0.7549149923816048,0.7772998663336158,0.8519528019683105,0.817574478416099,0.8354835350552603,0.8519527944504227,0.8519527963298947,0.867035771827307,0.8933094074745443,0.8933093968230773,0.8670357494949105,0.880797085800514,0.867035771827307,0.8807970795424088,0.8933093968230773,0.9241418252018901,0.9241418178895029,0.9046505331728752,0.9046505408849362,0.9046505408849362
0.5312093733737563,0.5926665999540698,0.5926665999540698,0.6224593382055109,0.5,0.5,0.5312093733737562,0.5621765008857981,0.5312093733737562,0.5621765008857981,0.5312093733737563,0.5312093733737562,0.5312093733737562,0.5621765008857981,0.5621765008857981,0.5312093733737562,0.5312093733737562,0.6224593241981982,0.5621765008857981,0.6513548714339145,0.5926665999540698
0.731058584489497,0.731058584489497,0.7310585786300049,0.7057850278370112,0.7057850216484838,0.7310585727705126,0.7310585903489892,0.7549149868676283,0.7772998560157665,0.8175744850834648,0.7772998508568417,0.7310585786300049,0.7549149758396752,0.7549149923816048,0.7981867681382279,0.7981867729389246,0.817574471748733,0.7981867801399695,0.7981867801399695,0.8354835371034368,0.7772998611746911
0.9669140186318741,0.8670357529306639,0.867035771827307,0.8807970685907242,0.8175744739711883,0.7981867753392728,0.7981867801399694,0.7981867753392728,0.8670357649558006,0.8519528038477825,0.7981867729389246,0.7772998663336158,0.7981867753392728,0.8175744695262775,0.817574478416099,0.7981867729389246,0.7772998508568416,0.7981867729389246,0.7772998508568416,0.7310585903489891,0.7981867729389246
0.9706877725345124,0.8519527944504227,0.7772998508568416,0.7310585844894971,0.6791787056691698,0.651354857898194,0.6513548646660542,0.731058584489497,0.7772998663336158,0.7057850402140659,0.7310585844894971,0.7057850278370112,0.7310585727705126,0.731058584489497,0.731058584489497,0.7310585903489891,0.7310585786300049,0.7057850278370112,0.679178699175393,0.6513548714339145,0.679178699175393
0.7772998560157665,0.705785040214066,0.731058584489497,0.7549149868676283,0.7310585727705126,0.7057850154599563,0.7310585727705127,0.7549149868676283,0.7772998560157665,0.7981867777396211,0.7549149868676284,0.7310585727705127,0.7057850216484838,0.7057850216484838,0.7057850278370112,0.7310585786300049,0.7549149868676283,0.7772998714925403,0.798186768138228,0.7772998663336158,0.7549149868676283
0.9706877688776584,0.8354835330070839,0.7981867801399695,0.7057850340255386,0.7057850278370112,0.6513548714339145,0.679178699175393,0.7772998611746911,0.7772998560157665,0.7549149978955811,0.7549149813536518,0.7549149978955811,0.7981867729389246,0.7772998663336158,0.7772998611746912,0.7549149758396752,0.7310585786300049,0.679178699175393,0.7057850278370112,0.7057850216484838,0.7549149813536516
0.9579122674284875,0.8807970826714614,0.8519528038477825,0.8519528019683105,0.8175744806385543,0.7772998560157665,0.8175744828610095,0.8354835350552604,0.8175744850834648,0.8175744761936437,0.7981867825403177,0.7981867801399695,0.7981867681382279,0.8354835452961425,0.7981867849406659,0.7772998663336157,0.7772998663336157,0.7549149923816048,0.7981867849406659,0.8354835371034368,0.8175744850834648
0.9046505254608136,0.9149009486120849,0.8933094152856196,0.904650538956921,0.9149009532527358,0.9046505261034854,0.9046505331728752,0.9241418189341296,0.9241418178895029,0.9241418252018901,0.9149009462917594,0.9149009549929797,0.9241418252018901,0.9241418252018901,0.9324533097989076,0.9149009549929797,0.9241418189341296,0.9241418241572635,0.9149009549929797,0.9324533088603709,0.9399133466701362
0.8175744761936437,0.7549149923816048,0.7772998663336158,0.798186775339273,0.7772998663336158,0.8354835432479661,0.817574478416099,0.8354835309589074,0.8519527944504227,0.8519527982093666,0.8175744673038222,0.7981867753392728,0.7981867825403177,0.7981867729389246,0.8354835350552604,0.817574478416099,0.8354835350552604,0.8519528019683105,0.8519528076067262,0.8519528000888386,0.8354835371034368
0.8519527982093666,0.7549149813536518,0.7310585727705126,0.7549149868676283,0.7549149868676283,0.7549149758396752,0.7772998663336157,0.798186768138228,0.8175744761936437,0.8354835432479661,0.8354835371034368,0.798186768138228,0.798186775339273,0.7772998611746912,0.7772998508568416,0.7981867801399695,0.8175744695262777,0.8354835371034368,0.7981867729389246,0.7772998508568416,0.7981867801399695
0.7057850278370112,0.7057850340255386,0.7057850340255386,0.7549149923816048,0.7310585727705127,0.6791786926816161,0.731058584489497,0.7310585669110202,0.7549149813536518,0.7772998663336158,0.7310585727705127,0.7057850216484838,0.7310585786300049,0.7057850216484838,0.7772998663336158,0.7549149868676283,0.7549149813536518,0.7772998560157665,0.817574478416099,0.7772998560157665,0.7772998663336158
0.7772998508568417,0.731058584489497,0.7057850216484838,0.7310585844894971,0.7549149868676284,0.7057850216484838,0.6791787056691697,0.7057850340255386,0.7310585669110202,0.7549149868676284,0.7310585727705127,0.7057850340255386,0.7057850402140659,0.6791786861878392,0.6513548714339145,0.7057850154599563,0.7549149868676284,0.7549149923816048,0.7981867729389246,0.7981867681382279,0.7549149813536518
0.5926665999540698,0.5,0.5312093733737562,0.5926665999540698,0.5621765008857981,0.5,0.5621765008857981,0.6224593312018545,0.6224593241981982,0.6513548714339144,0.6513548782017745,0.6224593312018546,0.6224593312018546,0.6513548646660543,0.6513548714339144,0.7310585786300049,0.7057850216484838,0.7549149923816048,0.7549149813536518,0.7549149813536518,0.7310585669110202
0.8175744828610095,0.7057850278370112,0.7772998714925403,0.7981867681382279,0.7310585727705126,0.7310585669110202,0.7549149868676284,0.7772998714925403,0.7549149978955811,0.8175744828610095,0.817574478416099,0.7549149758396752,0.7549149758396752,0.7310585669110202,0.7310585727705126,0.7981867801399694,0.7981867681382279,0.8354835452961425,0.7981867681382279,0.7772998714925403,0.7772998560157665
0.9149009584734676,0.939913350667554,0.9324533158993963,0.9324533088603709,0.9399133466701362,0.946596664927252,0.946596664362296,0.9399133521402868,0.9525741214369554,0.946596664362296,0.9525741269907293,0.9525741234565096,0.9465966707651318,0.946596664927252,0.9399133521402868,0.9399133449870128,0.952574121941844,0.9669140235181256,0.9706877696726268,0.9669140237564794,0.9706877694606353
0.9399133435142798,0.9241418252018901,0.9324533121452495,0.932453315430128,0.9465966715184067,0.9465966720833627,0.9525741249711753,0.9579122701319096,0.9525741217735478,0.9579122758391337,0.9465966709534505,0.9465966722716813,0.962673109309294,0.9324533041676869,0.9324533102681761,0.9324533083911025,0.9399133494052115,0.9465966677520327,0.9579122678790579,0.9669140204195271,0.9706877720575315
0.7057850216484838,0.5,0.4687906266262437,0.5,0.5312093733737563,0.43782349911420193,0.4687906266262437,0.5,0.5312093733737562,0.5621765008857981,0.5312093733737563,0.5312093733737562,0.5,0.5312093733737563,0.5312093733737563,0.46879062662624377,0.5926665999540698,0.5926665999540698,0.6224593312018546,0.6513548714339144,0.5926665999540698
0.9525741254760638,0.8807970654616711,0.8670357563664174,0.8519528038477825,0.7981867825403177,0.7772998508568416,0.7549149813536518,0.7549149923816048,0.8354835371034368,0.7981867729389246,0.7981867825403177,0.7772998663336158,0.7549149868676283,0.7772998611746912,0.7981867753392728,0.798186775339273,0.7981867729389246,0.7549149813536518,0.7549149758396752,0.7057850340255386,0.7549149813536518
0.679178699175393,0.7057850340255386,0.7981867729389246,0.7981867753392728,0.7981867801399695,0.817574471748733,0.8354835432479661,0.8519527944504227,0.8519528076067262,0.8354835350552603,0.8354835432479661,0.8175744850834648,0.8354835391516133,0.867035771827307,0.8807970685907242,0.8807970826714614,0.8807970654616711,0.8670357649558006,0.8807970654616711,0.8807970826714614,0.8670357494949105
0.8933094074745443,0.9241418163225626,0.9149009613738741,0.9324533158993963,0.9241418152779357,0.9241418252018901,0.9324533130837861,0.9241418126663686,0.9046505434556231,0.9046505395995927,0.914900945711678,0.9149009474519222,0.9149009555730611,0.9046505376715775,0.9149009613738741,0.9149009497722477,0.9149009573133051,0.9241418163225626,0.9324533149608596,0.9465966675637141,0.9399133498259924
0.9626731126558705,0.8807970654616711,0.8670357615200475,0.867035771827307,0.8354835371034368,0.798186768138228,0.798186768138228,0.8519528076067262,0.8807970748488297,0.8519528057272543,0.8354835289107309,0.8354835289107309,0.8354835391516133,0.8519528076067262,0.8519528076067262,0.867035771827307,0.8175744828610095,0.8175744739711883,0.8175744761936437,0.817574471748733,0.8670357683915538
0.9241418126663686,0.9579122716338109,0.9465966681286702,0.9579122723847614,0.9525741269907293,0.9525741214369554,0.9579122686300084,0.9669140232797719,0.962673113726775,0.9579122681794381,0.962673113726775,0.962673113726775,0.9669140195852891,0.9706877692486436,0.962673113726775,0.9626731091754309,0.9626731133251858,0.952574131703022,0.9669140232797719,0.9706877690366521,0.9770226286682547
0.6513548646660542,0.6224593312018546,0.5926665999540698,0.6224593312018546,0.6224593312018546,0.5621765008857981,0.5,0.5,0.5312093733737563,0.5621765008857981,0.5621765008857981,0.5621765008857981,0.5,0.5,0.4687906266262437,0.4687906266262437,0.5,0.5621765008857981,0.5926665999540698,0.6513548511303338,0.5621765008857981
0.9859363721431995,0.9241418241572635,0.904650541527608,0.8807970795424088,0.880797071719777,0.8807970670261976,0.9149009526726545,0.9149009613738741,0.8933094167058151,0.9046505318875316,0.8933093989533708,0.8933094138654242,0.8933094167058151,0.9046505267461572,0.8807970858005139,0.867035758084294,0.8354835432479661,0.8519528038477825,0.8807970670261976,0.8807970811069351,0.8933094138654242
0.8519528038477824,0.7981867705385762,0.8354835432479661,0.867035752930664,0.8175744828610095,0.817574478416099,0.8670357666736772,0.8807970811069351,0.8807970873650401,0.880797076413356,0.8933094138654242,0.8807970873650401,0.8670357632379241,0.8519527982093668,0.851952809486198,0.8519528000888387,0.8670357666736773,0.8670357666736773,0.8933094138654242,0.8933094138654242,0.8807970826714614
0.9840936050517924,0.9525741311981335,0.952574131703022,0.9399133512987252,0.9324533121452495,0.9241418205010697,0.9241418178895029,0.946596664927252,0.9525741264858408,0.9241418163225626,0.9324533088603709,0.9241418163225626,0.9324533079218341,0.9324533088603709,0.9324533018213449,0.9241418152779358,0.9324533158993963,0.9046505312448597,0.914900963114118,0.9241418189341296,0.9324533018213449
0.979667647362278,0.9324533060447605,0.904650538956921,0.9046505293168445,0.9046505312448597,0.880797085800514,0.8670357494949105,0.9046505331728752,0.914900963114118,0.914900963114118,0.8933094096048376,0.8933094096048377,0.8807970826714614,0.8807970779778824,0.9046505280315008,0.8670357701094303,0.8670357546485407,0.8670357512127872,0.8519528038477824,0.851952809486198,0.8933094096048377
0.5312093733737563,0.5312093733737563,0.5312093733737563,0.5621765008857981,0.4687906266262437,0.5,0.5312093733737562,0.5621765008857982,0.5926665999540698,0.5926665999540698,0.5926665999540698,0.5621765008857981,0.5621765008857982,0.5926665999540698,0.5926665999540698,0.5926665999540698,0.6513548511303338,0.6224593312018546,0.679178692681616,0.6513548714339145,0.5926665999540698
0.6224593312018545,0.5926665999540698,0.6224593312018546,0.6224593312018546,0.5621765008857982,0.5312093733737563,0.6224593312018545,0.6224593312018546,0.6513548646660542,0.6791787056691697,0.6224593312018546,0.5926665999540698,0.6224593312018546,0.6513548714339145,0.6513548646660542,0.7057850216484838,0.7057850216484838,0.7549149813536518,0.6791787056691697,0.6791787056691698,0.679178692681616
0.8807970826714614,0.8354835452961425,0.8807970826714614,0.9046505293168445,0.8933094096048376,0.9046505312448597,0.9149009532527358,0.914900963114118,0.9241418189341296,0.9399133466701362,0.9149009462917594,0.9046505428129514,0.8933094096048376,0.9046505428129514,0.9149009549929797,0.9324533158993963,0.946596664362296,0.9324533097989076,0.9324533088603709,0.9241418189341296,0.9324533158993963
0.9579122765900843,0.8670357649558006,0.8354835391516133,0.8354835432479661,0.7772998611746912,0.7310585786300049,0.7310585786300049,0.7772998508568416,0.798186775339273,0.7549149813536518,0.7772998714925403,0.7549149978955811,0.7549149978955811,0.731058584489497,0.7772998560157665,0.7981867801399694,0.7772998611746912,0.7549149813536518,0.7549149813536518,0.7057850340255386,0.7310585669110202
0.7549149868676283,0.7310585786300049,0.7057850278370111,0.7772998560157665,0.7310585786300049,0.7057850154599562,0.7310585786300049,0.7310585669110202,0.7310585727705127,0.7772998663336157,0.7549149923816048,0.7310585903489892,0.7057850402140659,0.7057850278370112,0.7310585786300049,0.7310585727705127,0.7772998611746912,0.8175744739711883,0.798186775339273,0.7981867849406659,0.7772998560157665
0.9740426400707322,0.9241418137109955,0.904650538956921,0.8933093968230773,0.8519528057272543,0.8354835289107309,0.8354835350552604,0.8807970826714614,0.8670357649558006,0.8354835391516133,0.8354835309589074,0.817574478416099,0.817574471748733,0.8354835371034368,0.8354835309589074,0.8354835309589074,0.8354835289107309,0.7981867729389246,0.7981867801399694,0.8175744739711883,0.8519528076067262
0.9579122711832405,0.8807970732843033,0.8670357683915538,0.8519528076067262,0.8175744806385542,0.7981867825403177,0.7772998663336158,0.8354835309589074,0.8354835289107309,0.7981867753392728,0.7772998560157665,0.7772998663336158,0.817574471748733,0.8354835371034368,0.8175744850834648,0.7981867825403177,0.7772998508568416,0.7772998560157665,0.754914997895581,0.7772998560157665,0.817574478416099
0.952574129515172,0.8807970873650401,0.8670357649558006,0.8519528057272544,0.7981867729389246,0.7772998663336158,0.8670357494949105,0.8670357615200475,0.8519527963298947,0.8354835371034368,0.8354835309589074,0.817574471748733,0.8519528000888386,0.880797071719777,0.8519527963298947,0.8354835432479661,0.8175744695262777,0.8175744806385543,0.851952809486198,0.8670357512127872,0.8933093968230773
0.9706877723225209,0.8519528000888386,0.7549149868676283,0.7057850154599562,0.6791786926816161,0.6224593312018546,0.6224593312018545,0.7057850340255386,0.6791786926816161,0.679178692681616,0.6513548646660543,0.6513548782017745,0.679178699175393,0.7057850340255386,0.6791787056691697,0.6513548714339145,0.6224593312018545,0.5621765008857981,0.5926665999540698,0.6224593312018545,0.679178699175393
0.7057850340255386,0.7310585669110202,0.7310585786300049,0.7981867825403177,0.7772998663336158,0.7772998663336158,0.7772998560157665,0.7981867825403177,0.7772998611746911,0.8175744828610095,0.8354835371034368,0.8519528057272543,0.817574478416099,0.7981867825403177,0.8175744828610095,0.7772998560157665,0.817574471748733,0.8670357666736772,0.8670357580842941,0.8933093989533708,0.8807970795424088
0.8519528076067262,0.8933094174159127,0.8670357563664174,0.8933094096048376,0.8933093996634686,0.8807970764133561,0.8807970889295664,0.8670357649558006,0.8807970826714614,0.8807970889295664,0.8807970826714614,0.8933094096048376,0.8933093968230773,0.8807970795424087,0.8933093996634686,0.8807970826714614,0.8933094074745443,0.880797071719777,0.8933094096048376,0.9149009480320036,0.9324533097989076
0.7772998663336157,0.7772998663336158,0.7549149923816048,0.8175744828610095,0.8354835350552604,0.7981867801399694,0.7772998508568416,0.7549149813536518,0.817574471748733,0.8354835432479661,0.7981867681382279,0.817574478416099,0.7549149813536518,0.7772998508568416,0.7310585844894971,0.7772998663336158,0.798186768138228,0.8354835432479661,0.8519527982093666,0.8519527944504227,0.8354835289107309
0.8807970826714614,0.7981867801399694,0.7981867825403177,0.817574471748733,0.8354835309589074,0.7981867729389246,0.8175744673038222,0.8519528057272543,0.8519527982093668,0.8670357683915538,0.8354835391516133,0.8175744806385542,0.7772998560157663,0.8175744761936437,0.8354835309589074,0.8519528057272543,0.8519527944504227,0.8807970764133561,0.8807970811069351,0.8519528019683105,0.8519528057272543
0.8175744784160989,0.8175744784160989,0.8175744739711883,0.8670357649558006,0.8670357683915538,0.8670357649558006,0.8807970842359877,0.9046505351008904,0.9149009486120849,0.9241418137109955,0.9149009503523291,0.9046505351008904,0.8933094003735664,0.8670357615200474,0.8807970701552505,0.9241418126663686,0.9149009584734676,0.9324533126145179,0.9399133435142798,0.9241418126663686,0.9399133489844307
0.914900957313305,0.9046505351008904,0.9149009486120849,0.9324533140223229,0.9241418152779358,0.939913350667554,0.9465966756614176,0.9399133443558416,0.9525741214369554,0.9465966656805269,0.9579122731357119,0.946596671330088,0.9525741285053949,0.9525741224467326,0.9399133466701362,0.9399133451974032,0.9465966745315055,0.9399133515091156,0.9465966745315055,0.9525741300200604,0.9579122764398942
0.9669140223263571,0.8933094074745443,0.8670357494949105,0.8175744806385542,0.7549149813536518,0.7057850216484838,0.7549149813536518,0.8354835309589074,0.7981867729389246,0.7772998663336158,0.7549149758396752,0.7549149813536518,0.798186775339273,0.7981867729389246,0.7981867681382279,0.7549149813536518,0.7310585727705127,0.7549149868676284,0.7549149923816048,0.7772998663336158,0.7981867681382279
0.9399133435142798,0.8519528000888386,0.817574471748733,0.8354835391516133,0.7981867729389246,0.7549149813536518,0.8175744695262777,0.817574471748733,0.7772998508568416,0.7772998663336157,0.7549149868676284,0.7549149813536518,0.7549149813536518,0.7772998663336158,0.7981867681382279,0.798186775339273,0.7549149813536518,0.7549149813536518,0.7310585844894971,0.7057850216484838,0.7549149868676284
0.7057850278370112,0.6791786861878392,0.7057850278370111,0.7772998714925403,0.7310585786300049,0.7549149813536518,0.7772998611746911,0.798186768138228,0.7981867825403177,0.8354835452961425,0.8354835432479661,0.8175744695262775,0.8175744806385542,0.8175744761936437,0.7981867801399695,0.8354835371034368,0.867035771827307,0.880797085800514,0.8670357494949105,0.8670357615200475,0.8670357563664174
0.731058584489497,0.7549149923816048,0.798186768138228,0.8519528057272544,0.8175744850834648,0.8175744850834648,0.8519528038477825,0.8670357494949105,0.8807970654616711,0.8933094152856196,0.8670357649558006,0.8670357529306639,0.8519527944504227,0.8519527963298947,0.8807970685907242,0.880797071719777,0.9149009532527358,0.9241418189341296,0.9149009549929797,0.8933093968230773,0.9241418163225626
0.9465966737782309,0.8670357563664174,0.817574471748733,0.8175744673038222,0.7772998508568416,0.7310585669110202,0.817574478416099,0.8354835371034368,0.8175744673038222,0.7772998508568416,0.7549149923816048,0.7549149813536518,0.7772998663336157,0.7981867825403177,0.7981867825403177,0.798186775339273,0.7549149923816048,0.7549149868676284,0.7549149978955811,0.6791786926816161,0.7772998663336158
0.5312093733737563,0.4687906266262437,0.5,0.5,0.43782349911420193,0.46879062662624377,0.5,0.5312093733737563,0.5621765008857981,0.6224593312018545,0.5312093733737563,0.5,0.5312093733737563,0.46879062662624377,0.5312093733737563,0.5621765008857982,0.5621765008857981,0.6224593312018546,0.5926665999540697,0.5926665999540697,0.6224593312018546
0.7549149813536518,0.7310585669110203,0.7549149868676283,0.8175744828610095,0.7981867801399695,0.7981867705385762,0.7981867801399695,0.8354835371034368,0.8519527963298947,0.8670357649558006,0.8807970795424088,0.8807970795424088,0.8807970764133561,0.8670357683915538,0.8670357529306639,0.8670357494949105,0.8807970732843033,0.8933094124452287,0.9149009486120849,0.9324533060447605,0.9324533069832973
0.8354835350552604,0.7549149813536518,0.7981867801399695,0.8175744761936437,0.7981867801399695,0.798186775339273,0.817574478416099,0.7981867753392728,0.8175744695262775,0.8354835391516133,0.7981867801399695,0.7772998663336157,0.7772998611746911,0.7549149813536518,0.754914997895581,0.7772998508568416,0.817574471748733,0.8354835432479661,0.8175744828610095,0.798186775339273,0.7981867681382279
0.6791786861878392,0.7057850278370112,0.7310585669110202,0.7549149813536518,0.7549149868676283,0.731058584489497,0.7772998560157665,0.7772998508568416,0.798186768138228,0.7981867681382279,0.7549149813536518,0.7549149868676283,0.7549149813536518,0.7057850216484838,0.7772998508568416,0.7772998663336158,0.7981867801399695,0.8354835391516133,0.8354835289107307,0.8175744850834648,0.7981867801399695
0.7981867825403177,0.7057850216484838,0.7772998663336158,0.7981867825403177,0.7981867753392728,0.7549149813536518,0.7772998663336158,0.8175744695262775,0.8354835432479661,0.8519528038477825,0.8175744828610095,0.7772998508568416,0.7981867825403177,0.7772998560157665,0.7772998611746911,0.8175744761936437,0.8354835371034368,0.8519528038477825,0.8670357494949105,0.8519528000888386,0.8354835391516133
0.6791787056691698,0.6224593312018546,0.6224593312018546,0.6791786861878392,0.6513548714339144,0.5312093733737563,0.5312093733737563,0.5621765008857981,0.5312093733737563,0.5926665999540698,0.4687906266262437,0.4687906266262437,0.4687906266262437,0.46879062662624377,0.5312093733737563,0.5312093733737563,0.5312093733737563,0.5621765008857981,0.5926665999540697,0.5621765008857982,0.5621765008857981
0.8933094174159127,0.9399133449870128,0.9241418252018901,0.9324533027598817,0.9241418215456966,0.9324533027598817,0.9399133475116979,0.9324533051062237,0.9399133538234099,0.9399133538234099,0.9324533036984185,0.9324533107374443,0.9465966720833626,0.9465966651155708,0.946596669446901,0.9324533097989077,0.939913350667554,0.9399133563480947,0.9465966688819449,0.9579122714836208,0.9669140253057785
0.6791786926816161,0.7057850402140659,0.6791786926816161,0.7549149758396752,0.731058584489497,0.679178699175393,0.6791786926816161,0.7057850216484838,0.7057850402140659,0.7057850340255386,0.7310585903489892,0.7310585727705127,0.6791786926816161,0.6791786926816161,0.651354857898194,0.651354857898194,0.7057850340255386,0.6791786926816161,0.7549149923816048,0.7549149758396752,0.7057850278370112
0.8354835330070838,0.8175744761936437,0.8519528076067262,0.8933094081846421,0.8807970811069351,0.8807970811069351,0.8807970889295664,0.8933093989533708,0.9149009613738741,0.9149009526726545,0.9046505357435622,0.9046505318875316,0.8807970779778824,0.8807970748488297,0.8807970826714614,0.9046505370289057,0.9046505434556231,0.9241418137109956,0.9241418241572634,0.9241418137109956,0.9149009497722477
0.7772998611746911,0.7549149923816048,0.7549149813536518,0.7981867729389246,0.7981867801399694,0.7549149813536518,0.7772998611746911,0.7981867825403177,0.8175744673038222,0.8354835309589074,0.8175744806385543,0.7981867681382279,0.7772998714925403,0.7772998714925403,0.7772998560157665,0.798186775339273,0.8175744673038222,0.8354835371034368,0.851952809486198,0.8807970764133561,0.8354835350552604
0.8175744850834648,0.7549149923816048,0.7772998560157665,0.8175744761936437,0.8175744828610095,0.7772998663336158,0.7772998560157665,0.8175744828610095,0.8519528076067262,0.8519528057272543,0.8354835309589074,0.8354835432479661,0.8175744761936437,0.7772998611746911,0.8175744806385542,0.8354835371034368,0.8670357494949105,0.8519528057272543,0.8807970779778824,0.8670357666736773,0.8670357477770337
0.7772998611746911,0.7981867729389246,0.7772998611746912,0.817574471748733,0.7981867729389246,0.7549149923816048,0.7772998663336158,0.7772998611746911,0.7981867729389246,0.798186775339273,0.7549149868676283,0.7549149758396752,0.7310585727705126,0.7549149923816048,0.7549149868676283,0.7981867753392728,0.7981867825403177,0.8175744828610095,0.8175744828610095,0.7981867801399694,0.8175744761936437
0.8670357615200474,0.8670357649558006,0.8807970732843033,0.9324533079218341,0.9324533158993963,0.9241418231126367,0.9241418163225626,0.9324533149608595,0.9399133443558416,0.9465966756614176,0.946596670011857,0.9399133458285746,0.9324533079218341,0.9324533079218341,0.9241418231126367,0.952574131703022,0.9525741264858408,0.962673113726775,0.9706877659627745,0.9669140195852891,0.9579122728353318
0.7549149923816048,0.7057850340255386,0.7057850340255386,0.7772998611746911,0.7549149868676283,0.7549149813536518,0.7772998663336158,0.7772998508568416,0.817574471748733,0.8354835309589074,0.7981867801399694,0.7772998611746912,0.798186768138228,0.7981867801399694,0.8354835432479661,0.8807970764133561,0.8670357598021707,0.8670357563664174,0.8519528019683105,0.8519528000888387,0.8519528057272543
0.6224593312018546,0.6224593312018546,0.6513548646660542,0.6791787121629466,0.7310585727705126,0.6791786926816161,0.6791786926816161,0.7057850154599562,0.7057850402140659,0.7549149923816048,0.7549149758396752,0.754914997895581,0.7549149868676283,0.7549149923816048,0.7549149758396752,0.7549149868676284,0.7549149923816048,0.7772998611746911,0.7981867849406659,0.817574471748733,0.817574471748733
0.7310585727705127,0.7310585727705126,0.7549149868676284,0.7981867681382279,0.7772998663336158,0.7549149978955811,0.7772998560157665,0.7981867849406659,0.7981867681382279,0.8175744695262775,0.8354835289107309,0.8354835411997897,0.7981867681382279,0.798186775339273,0.7981867849406659,0.798186768138228,0.8354835330070839,0.8670357580842941,0.8670357494949105,0.8807970873650401,0.8519527963298946
0.7981867825403177,0.7981867825403177,0.8175744673038222,0.817574471748733,0.798186768138228,0.7981867801399695,0.798186775339273,0.7772998663336157,0.7772998714925403,0.7772998611746912,0.7549149978955811,0.7772998714925403,0.7772998611746911,0.7310585844894971,0.7310585903489892,0.7549149978955811,0.7772998508568416,0.7772998611746911,0.8354835391516133,0.8354835371034368,0.817574471748733
0.9525741244662868,0.8807970873650401,0.8354835350552603,0.8175744695262775,0.7772998663336158,0.7549149868676283,0.7549149868676283,0.8175744673038222,0.8175744828610095,0.7981867801399694,0.7549149758396752,0.7772998508568416,0.7981867825403177,0.7981867729389246,0.7981867825403177,0.8175744673038222,0.798186768138228,0.7981867801399694,0.7772998714925403,0.7310585786300049,0.7981867729389246
0.7981867825403177,0.7549149923816048,0.7549149923816048,0.8354835371034368,0.7981867825403177,0.798186775339273,0.8354835289107309,0.8519528076067262,0.8670357598021707,0.8670357477770337,0.8354835391516133,0.8354835309589074,0.8354835309589074,0.817574478416099,0.8670357529306639,0.8670357529306639,0.8933094124452287,0.8933094017937621,0.8670357683915538,0.8807970826714614,0.8807970764133561
0.880797071719777,0.8354835371034368,0.8807970811069351,0.9241418225903234,0.8933093989533708,0.9046505286741726,0.9046505267461572,0.9149009555730611,0.914900959053549,0.9241418147556224,0.9241418241572635,0.9149009520925732,0.8807970701552505,0.8807970764133561,0.880797076413356,0.8933094067644466,0.914900959053549,0.9046505286741726,0.9324533130837862,0.9241418147556224,0.9241418215456966
0.7057850216484838,0.7549149758396752,0.7981867825403177,0.7981867753392728,0.7981867753392728,0.7981867825403177,0.817574471748733,0.8519528076067262,0.8519528019683105,0.8354835371034368,0.8175744828610095,0.8175744739711883,0.817574478416099,0.8354835391516133,0.867035771827307,0.8519528038477825,0.8519528057272543,0.8670357649558006,0.8519528076067262,0.8670357615200475,0.8670357529306639
0.7981867825403176,0.7981867753392728,0.7549149813536518,0.8175744673038222,0.7981867825403177,0.7549149868676283,0.7310585786300049,0.7772998560157665,0.7981867729389246,0.817574471748733,0.7772998714925403,0.7549149923816048,0.731058584489497,0.7549149923816048,0.7310585727705126,0.7310585903489891,0.7772998560157665,0.7981867801399694,0.8354835289107309,0.8519528076067262,0.8354835289107309
0.9399133481428691,0.8670357649558006,0.8354835452961425,0.8519527944504227,0.8175744761936437,0.817574471748733,0.8519528076067262,0.8519528019683105,0.8354835371034368,0.817574478416099,0.8175744828610095,0.8175744761936437,0.8354835350552603,0.8670357615200475,0.8354835289107309,0.8354835350552603,0.7981867825403177,0.7981867801399694,0.8354835432479661,0.8519528038477825,0.8519527982093666
0.8670357494949105,0.9241418252018901,0.9241418205010697,0.9324533079218341,0.9324533069832973,0.9241418215456966,0.9324533130837861,0.9399133491948212,0.9324533069832973,0.9324533051062237,0.9241418215456966,0.9149009613738741,0.9149009509324104,0.9324533140223229,0.9149009526726545,0.9046505338155469,0.9241418126663686,0.9241418225903233,0.9324533163686646,0.9324533088603709,0.9465966707651318
0.8933094025038598,0.867035771827307,0.8807970826714614,0.9149009462917594,0.9149009462917594,0.9241418252018901,0.9241418189341296,0.9324533097989076,0.9399133529818484,0.9399133475116979,0.9465966656805269,0.9399133466701362,0.9241418189341296,0.9149009549929797,0.9241418178895029,0.946596670011857,0.9579122731357119,0.9579122735862823,0.9669140237564794,0.9579122744874229,0.9626731098447462
0.7549149813536518,0.679178692681616,0.7057850402140659,0.7057850216484838,0.7057850340255386,0.679178699175393,0.6791786926816161,0.6513548511303338,0.6513548646660543,0.7057850402140659,0.7057850278370112,0.6791787056691698,0.651354857898194,0.651354857898194,0.6224593312018546,0.6224593312018546,0.6791787056691698,0.6513548714339144,0.7057850278370112,0.7057850278370112,0.7057850154599563
0.8175744806385542,0.7981867801399694,0.7981867801399695,0.8175744761936437,0.817574478416099,0.8175744806385542,0.8354835432479661,0.817574471748733,0.8175744695262775,0.8175744828610095,0.7772998508568417,0.8175744828610095,0.8175744828610095,0.817574471748733,0.8175744761936437,0.798186768138228,0.7981867801399694,0.7981867825403177,0.8175744806385542,0.817574478416099,0.817574478416099
0.8670357615200475,0.8807970795424088,0.8933094152856196,0.9046505428129514,0.8807970764133561,0.8933094145755219,0.8933094096048376,0.8670357683915538,0.8933094124452287,0.8807970685907242,0.8933094096048376,0.8933094145755219,0.8933094167058151,0.867035771827307,0.8670357683915538,0.8670357494949105,0.8807970654616711,0.8933093968230773,0.9149009509324104,0.9241418215456966,0.9149009509324104
0.731058584489497,0.7549149978955811,0.7549149978955811,0.7772998611746911,0.7772998508568417,0.7981867825403177,0.8354835330070838,0.8519528057272544,0.8354835371034368,0.8933094096048376,0.8670357494949105,0.8670357529306639,0.8519527944504227,0.8354835391516133,0.8933093968230773,0.9046505293168445,0.9149009549929797,0.9149009462917594,0.8933094145755219,0.8933093968230773,0.9046505428129514
0.7549149813536518,0.7772998560157665,0.7310585727705127,0.7981867801399695,0.817574471748733,0.8175744695262777,0.817574471748733,0.817574471748733,0.8519528076067262,0.8519528076067262,0.8519528019683105,0.8519527963298947,0.8670357546485407,0.8354835452961425,0.817574478416099,0.8354835309589074,0.8670357563664174,0.8670357598021707,0.8933094167058151,0.9046505280315008,0.8807970826714614
0.8519528000888386,0.8354835432479661,0.8807970889295664,0.9046505351008906,0.8933094046341533,0.9046505331728752,0.9241418267688303,0.9241418178895029,0.9324533097989076,0.9465966718950439,0.9399133466701362,0.9324533107374443,0.9324533097989076,0.9241418189341296,0.9149009532527358,0.9149009549929797,0.9465966669987579,0.9465966669987579,0.9525741239613982,0.9626731156008577,0.9465966726483187
0.9706877684536753,0.9149009486120849,0.8933094152856196,0.8519528076067262,0.8175744761936437,0.7772998611746912,0.7981867825403177,0.8354835350552604,0.867035771827307,0.8175744761936437,0.817574471748733,0.7981867825403177,0.8175744828610095,0.798186768138228,0.8354835391516133,0.8175744828610095,0.8175744761936437,0.7981867729389246,0.798186768138228,0.8354835289107309,0.8354835350552604
0.9149009503523291,0.867035771827307,0.880797071719777,0.9149009619539554,0.9241418163225626,0.9149009619539554,0.9149009619539554,0.9149009619539554,0.9324533149608595,0.9399133529818484,0.9324533018213449,0.9465966707651318,0.9324533097989076,0.9046505447409666,0.9046505312448597,0.9149009549929797,0.9399133458285746,0.946596664927252,0.9579122740368526,0.9465966707651318,0.9465966707651318
0.6513548511303338,0.6513548646660542,0.7057850278370112,0.7310585669110203,0.679178699175393,0.7057850216484839,0.731058584489497,0.7549149813536518,0.7772998560157665,0.817574471748733,0.7549149758396752,0.7549149978955811,0.7549149813536518,0.7772998663336158,0.7981867825403177,0.7981867801399694,0.8354835289107309,0.7981867825403177,0.8175744673038222,0.817574478416099,0.8175744673038222
0.6224593382055109,0.5926665999540698,0.6224593241981982,0.6791786861878392,0.6513548511303338,0.6224593312018545,0.6513548511303338,0.651354857898194,0.679178699175393,0.7310585727705127,0.679178699175393,0.6791786861878392,0.679178699175393,0.6513548646660543,0.679178699175393,0.6791787056691698,0.7772998560157665,0.7310585786300049,0.7057850278370112,0.7310585786300049,0.7057850154599563
0.7310585727705127,0.7549149813536518,0.7549149813536518,0.8175744739711883,0.8354835330070838,0.7981867801399694,0.7981867849406659,0.8354835330070839,0.8175744695262775,0.8519527963298947,0.8354835309589074,0.7981867681382279,0.7772998560157665,0.7549149813536518,0.7772998611746911,0.7981867729389246,0.8354835330070839,0.867035771827307,0.8670357683915538,0.8519528094861981,0.8354835391516133
0.7310585727705126,0.7549149813536518,0.7310585786300049,0.7549149923816048,0.7981867825403177,0.7772998611746912,0.7549149813536518,0.7549149868676283,0.798186768138228,0.8175744828610095,0.8175744828610095,0.8175744739711883,0.7772998663336157,0.7549149923816048,0.7772998560157665,0.7549149923816048,0.7772998560157665,0.817574471748733,0.8519528076067262,0.8670357632379241,0.8519528038477824
0.7772998663336158,0.7549149813536518,0.7772998714925403,0.8175744828610095,0.7549149813536518,0.7310585786300049,0.7549149813536518,0.7772998560157665,0.7549149813536518,0.7981867825403177,0.7981867825403177,0.7549149813536518,0.7310585727705127,0.7549149813536518,0.7310585786300049,0.731058584489497,0.7772998663336157,0.7772998611746912,0.798186775339273,0.8354835452961425,0.8175744828610095
0.7057850216484838,0.6791786861878392,0.6513548646660543,0.731058584489497,0.6791786926816161,0.6224593312018545,0.6224593312018546,0.6513548714339145,0.6513548714339145,0.7057850216484838,0.7057850278370112,0.6791787056691697,0.6513548714339145,0.651354857898194,0.7057850278370112,0.679178699175393,0.7057850340255386,0.7549149923816048,0.731058584489497,0.731058584489497,0.7057850154599563
0.8670357477770337,0.880797071719777,0.8670357512127872,0.8807970842359877,0.8670357632379241,0.880797076413356,0.8670357546485407,0.8175744806385543,0.8519528038477824,0.8519527982093668,0.8175744739711883,0.8519528000888386,0.8519528076067262,0.817574478416099,0.817574478416099,0.8519527982093668,0.8175744806385543,0.8175744828610095,0.8519528019683105,0.8670357666736773,0.893309411735131
0.9046505447409666,0.9324533018213449,0.9241418137109956,0.9324533140223229,0.9149009555730611,0.904650541527608,0.9149009555730611,0.9324533060447605,0.9324533060447605,0.9324533069832973,0.9324533140223229,0.9324533140223229,0.9324533158993963,0.9399133523506772,0.9399133515091156,0.9241418252018901,0.9324533018213449,0.939913350667554,0.9399133443558416,0.9465966702001757,0.9579122675786776
0.7057850278370112,0.7310585903489892,0.7310585786300049,0.7549149978955811,0.7057850154599562,0.6791787056691698,0.7057850154599562,0.7057850278370112,0.731058584489497,0.7549149868676284,0.7057850216484838,0.679178699175393,0.6513548714339145,0.6513548714339145,0.7057850340255386,0.6513548714339144,0.7549149923816048,0.731058584489497,0.7310585727705127,0.7772998663336157,0.7549149868676283
0.9241418215456966,0.7981867801399695,0.7310585786300049,0.7057850216484838,0.6224593312018545,0.5621765008857981,0.5621765008857981,0.5621765008857982,0.5926665999540698,0.6791786861878392,0.5926665999540698,0.5312093733737563,0.5621765008857981,0.5312093733737563,0.5312093733737563,0.5312093733737563,0.5312093733737563,0.5621765008857982,0.5621765008857982,0.5312093733737563,0.5312093733737563
0.7310585786300049,0.7772998663336158,0.7310585786300049,0.7772998663336157,0.817574478416099,0.7981867825403177,0.7772998663336158,0.7772998560157665,0.798186775339273,0.8354835391516133,0.7981867825403177,0.7981867729389246,0.7772998560157665,0.7772998611746912,0.7772998663336157,0.7549149813536518,0.8175744673038222,0.8354835371034368,0.8354835371034368,0.8670357477770337,0.8354835309589074
0.8519528019683105,0.817574471748733,0.8519528076067262,0.8807970889295664,0.8670357529306639,0.8807970654616711,0.9149009561531424,0.9149009462917594,0.9149009526726545,0.9149009578933863,0.9046505447409666,0.8807970654616711,0.8807970889295664,0.9046505261034854,0.9046505331728752,0.9241418267688303,0.9324533107374443,0.9241418189341296,0.9399133458285746,0.9324533097989076,0.9149009480320036
0.957912276139514,0.8933094124452287,0.8519528076067262,0.8519527944504227,0.8175744695262775,0.7981867801399694,0.7981867825403177,0.8175744761936437,0.8519527944504227,0.8670357494949105,0.817574471748733,0.8354835309589074,0.8175744828610095,0.8175744673038222,0.8354835452961425,0.7772998714925403,0.7772998611746912,0.7772998663336157,0.7772998560157665,0.7981867801399694,0.7981867825403177
0.8519528000888386,0.7981867729389246,0.8354835309589074,0.8933094145755219,0.8807970654616711,0.867035771827307,0.8807970654616711,0.8933094124452287,0.9046505447409666,0.9149009497722477,0.8807970795424087,0.8670357598021707,0.8670357529306639,0.8670357494949105,0.8933094096048376,0.8933094124452287,0.9046505351008906,0.9241418215456966,0.9241418205010697,0.9149009532527358,0.9149009561531424
0.9706877725345124,0.8519527982093666,0.7549149813536518,0.7549149868676283,0.6791787056691698,0.6513548646660543,0.5926665999540698,0.6224593241981982,0.7310585786300049,0.7310585786300049,0.679178699175393,0.6513548646660543,0.7057850340255386,0.7057850402140659,0.7057850402140659,0.6791786926816161,0.6791786926816161,0.6513548646660543,0.6513548782017745,0.5926665999540698,0.6224593382055109
0.7981867705385762,0.7772998560157665,0.7549149868676283,0.8175744761936437,0.8354835350552604,0.7981867825403177,0.8354835432479661,0.8354835432479661,0.8670357494949105,0.880797071719777,0.8807970748488297,0.8670357683915538,0.8354835289107309,0.8354835391516133,0.8354835391516133,0.8670357615200475,0.880797071719777,0.8933094074745443,0.9046505331728752,0.8933093968230773,0.8670357494949105
0.6791787056691698,0.6791786861878392,0.6224593312018546,0.6791787056691697,0.7549149923816048,0.6513548511303338,0.6224593312018546,0.6791786861878392,0.7057850216484839,0.7310585786300049,0.7310585727705126,0.7310585786300049,0.7057850278370112,0.6791786861878392,0.6513548646660543,0.7057850402140659,0.7310585844894971,0.7549149813536518,0.7981867729389246,0.7549149923816048,0.7310585903489891
0.6513548511303338,0.6791787056691698,0.6224593312018546,0.7057850340255386,0.679178699175393,0.5926665999540698,0.5926665999540698,0.6513548511303338,0.6513548714339145,0.7057850340255386,0.6791786991753931,0.679178699175393,0.651354857898194,0.651354857898194,0.6224593312018546,0.6224593312018546,0.7057850278370111,0.7310585786300049,0.7772998508568416,0.7772998560157665,0.7549149758396752
0.9740426405416756,0.8670357598021707,0.7772998663336158,0.7310585727705127,0.7310585786300049,0.6224593312018546,0.6791787056691698,0.7057850278370112,0.7057850278370112,0.6513548782017745,0.6513548646660542,0.6791787056691698,0.6791786926816161,0.6791786926816161,0.6513548782017745,0.6513548714339144,0.6224593312018545,0.5621765008857981,0.5621765008857981,0.6513548646660542,0.6513548646660543
0.679178686187839,0.651354857898194,0.6791787056691698,0.7310585727705127,0.705785040214066,0.679178686187839,0.7057850216484838,0.7310585727705127,0.7549149758396752,0.8175744806385542,0.7549149868676283,0.7310585727705127,0.7310585727705127,0.7310585727705127,0.7772998663336158,0.798186768138228,0.8354835452961425,0.798186768138228,0.8175744806385542,0.8175744806385542,0.7981867801399694
0.867035758084294,0.8519528019683105,0.8354835371034368,0.8519528038477825,0.8175744695262777,0.7981867849406659,0.8175744673038222,0.7981867681382279,0.798186775339273,0.7981867681382279,0.7981867681382279,0.7981867705385762,0.8175744739711883,0.8354835432479661,0.7981867729389245,0.8175744850834648,0.8175744806385543,0.7981867705385763,0.7981867801399695,0.8354835411997897,0.8519527963298947
0.6224593312018546,0.6513548511303338,0.6224593312018546,0.6513548646660543,0.6791786991753931,0.5926665999540698,0.5926665999540698,0.6224593312018546,0.6791786861878392,0.7310585786300049,0.7310585786300049,0.7057850216484838,0.679178692681616,0.6224593312018546,0.7057850216484838,0.7057850154599563,0.7549149923816048,0.7772998611746912,0.7310585844894971,0.7310585727705127,0.7057850402140659
0.5621765008857981,0.5,0.5312093733737563,0.5312093733737563,0.5,0.4378234991142019,0.5,0.4687906266262437,0.5,0.5312093733737563,0.46879062662624377,0.4378234991142019,0.5,0.5,0.5,0.5312093733737563,0.5926665999540698,0.6224593382055109,0.5621765008857981,0.6224593312018546,0.5926665999540698
0.9626731126558705,0.8933094174159127,0.8670357494949105,0.8807970826714614,0.8354835371034368,0.7772998611746912,0.7981867801399694,0.817574471748733,0.8670357632379241,0.8519528000888387,0.8354835452961425,0.7981867825403177,0.8175744806385543,0.8354835391516133,0.817574471748733,0.8354835350552604,0.798186768138228,0.798186775339273,0.817574478416099,0.7772998611746912,0.7772998508568416
0.9740426405416756,0.8519528038477824,0.7057850154599563,0.7057850216484838,0.6791787121629466,0.5926665999540698,0.6513548714339145,0.6513548646660542,0.7057850154599563,0.7310585669110202,0.6513548714339145,0.6791787056691698,0.7057850278370112,0.7057850216484838,0.7057850216484838,0.7057850278370112,0.6513548714339145,0.6224593312018545,0.5926665999540698,0.5621765008857981,0.5312093733737563
0.7310585903489892,0.731058584489497,0.7549149923816048,0.7772998663336157,0.7772998663336157,0.7772998663336157,0.7772998611746912,0.7772998663336157,0.7981867705385762,0.8354835432479661,0.8354835371034368,0.8175744739711883,0.8175744850834648,0.8354835452961425,0.817574471748733,0.7981867825403176,0.8354835350552604,0.8670357494949105,0.8807970873650401,0.8933094152856196,0.8670357649558006
0.7057850340255386,0.7057850216484839,0.7310585669110203,0.7772998663336158,0.731058584489497,0.7549149923816048,0.798186768138228,0.7981867801399695,0.8175744761936437,0.8354835371034368,0.8354835350552603,0.8175744828610095,0.8354835432479661,0.8175744761936437,0.8175744806385542,0.8519528076067262,0.8807970795424088,0.8933093968230773,0.8933093968230773,0.8807970685907242,0.8670357494949105
0.9399133458285746,0.9399133521402868,0.9324533018213449,0.9465966656805269,0.9399133555065331,0.9465966718950439,0.9465966656805269,0.9525741229516211,0.9465966718950439,0.9579122693809591,0.9525741229516211,0.9465966688819449,0.9579122710330504,0.9465966681286702,0.939913350667554,0.9399133498259924,0.9399133563480947,0.9465966718950439,0.9626731149315424,0.9626731153331316,0.9740426413422791
0.7057850278370111,0.7772998663336158,0.7981867705385762,0.8354835330070838,0.7981867801399695,0.7981867801399695,0.8354835411997897,0.8354835411997897,0.8670357529306639,0.8807970826714614,0.8670357615200475,0.8519528057272543,0.8354835330070838,0.8354835371034368,0.8670357615200475,0.8807970685907242,0.9046505331728752,0.8933093996634686,0.880797085800514,0.8933094074745443,0.9149009602137116
0.5621765008857981,0.5312093733737563,0.5621765008857981,0.6224593241981982,0.5312093733737562,0.4687906266262437,0.5312093733737562,0.5312093733737563,0.5312093733737563,0.5621765008857982,0.5312093733737563,0.5,0.5312093733737563,0.5621765008857981,0.5312093733737563,0.5621765008857982,0.5926665999540698,0.6513548511303338,0.6513548511303338,0.5926665999540698,0.6224593312018545
0.8175744828610095,0.7310585727705127,0.6791787056691697,0.7057850154599563,0.7057850278370112,0.6513548782017745,0.7057850216484838,0.7310585727705127,0.7772998611746912,0.817574478416099,0.7772998508568416,0.7310585727705127,0.7549149868676284,0.7549149813536518,0.7549149923816048,0.7772998611746912,0.7772998560157665,0.7772998560157665,0.7310585844894971,0.7549149868676284,0.7549149978955811
0.679178692681616,0.6224593312018546,0.5926665999540697,0.6513548782017745,0.5621765008857981,0.5,0.5312093733737563,0.5621765008857982,0.5312093733737563,0.5926665999540698,0.5312093733737562,0.4687906266262437,0.4687906266262437,0.4687906266262437,0.5,0.5312093733737563,0.5,0.5621765008857981,0.6224593241981982,0.6224593312018546,0.5621765008857981
0.7981867801399695,0.7057850340255386,0.7310585727705127,0.7772998508568416,0.7057850340255386,0.7310585844894971,0.7549149813536518,0.7549149813536518,0.7772998560157665,0.7772998611746911,0.7057850216484838,0.7057850154599563,0.651354857898194,0.679178699175393,0.7310585844894971,0.7057850216484838,0.7549149868676283,0.7772998663336158,0.7549149923816048,0.7549149923816048,0.754914997895581
0.8354835289107309,0.7981867825403177,0.817574478416099,0.8175744806385543,0.8354835432479661,0.8354835391516133,0.8175744739711883,0.7772998714925403,0.7772998663336157,0.8175744761936437,0.7772998714925403,0.7981867729389246,0.7549149868676284,0.7549149868676284,0.7772998663336157,0.7549149813536518,0.798186775339273,0.8354835371034368,0.8519528076067262,0.8354835432479661,0.8519528057272543
0.9669140235181256,0.8670357529306639,0.817574478416099,0.7549149813536518,0.7057850340255386,0.6791786926816161,0.651354857898194,0.7549149813536518,0.7310585786300049,0.6791786926816161,0.7057850216484838,0.7057850216484838,0.679178699175393,0.7057850278370112,0.6791787121629466,0.651354857898194,0.6513548782017745,0.6224593312018545,0.5926665999540698,0.5926665999540698,0.6513548714339145
0.6791787056691698,0.6791787056691698,0.6791786861878392,0.7549149923816048,0.7057850278370112,0.6224593312018546,0.6513548511303338,0.7057850340255386,0.7310585669110203,0.7310585786300049,0.7310585669110202,0.7057850278370112,0.6513548646660542,0.6224593312018546,0.651354857898194,0.651354857898194,0.7057850278370112,0.7549149813536518,0.7549149868676283,0.7057850278370112,0.7057850216484839
0.7772998663336158,0.798186768138228,0.7981867753392728,0.8519528076067262,0.8670357598021707,0.8354835371034368,0.8354835309589074,0.8519528057272543,0.880797071719777,0.8670357649558006,0.880797085800514,0.8933094145755219,0.8933094145755219,0.8807970764133561,0.880797085800514,0.8354835309589074,0.8519527982093666,0.8933094017937621,0.8933094124452287,0.9046505351008906,0.8807970654616711
0.8354835289107309,0.7310585669110202,0.651354857898194,0.7057850340255386,0.7549149868676284,0.7057850216484838,0.6791786861878392,0.7549149978955811,0.7772998508568416,0.7981867825403177,0.8175744739711883,0.8175744828610095,0.7772998714925403,0.7310585786300049,0.7310585903489891,0.7549149758396752,0.7772998714925403,0.7772998714925403,0.817574478416099,0.7981867825403177,0.7772998611746912
0.8933094152856196,0.9149009619539554,0.904650538956921,0.9046505428129514,0.9046505261034854,0.8933094167058151,0.8933093989533708,0.8933094067644466,0.8933094145755219,0.9046505351008906,0.8933093996634686,0.9046505447409666,0.9149009509324104,0.9046505299595162,0.8933094167058151,0.9046505351008906,0.8933094167058151,0.8933093996634686,0.9149009509324104,0.9241418137109956,0.9241418225903233
0.8519528057272543,0.8933094096048376,0.8933094124452287,0.8933094067644466,0.8670357632379241,0.8807970748488297,0.8807970748488297,0.880797071719777,0.8807970858005139,0.8933094145755219,0.8933094067644466,0.893309411735131,0.9046505434556231,0.8933094138654242,0.8807970858005139,0.9046505370289057,0.8933094017937621,0.9149009509324104,0.9241418137109956,0.9241418126663686,0.9399133483532596
0.6791787056691698,0.6791786926816161,0.731058584489497,0.731058584489497,0.7057850278370111,0.731058584489497,0.7772998663336158,0.7549149758396752,0.7772998560157665,0.8175744739711883,0.7772998663336158,0.7772998611746911,0.7772998560157665,0.7549149868676283,0.7981867801399695,0.8354835452961425,0.867035771827307,0.8354835432479661,0.8519528000888386,0.8519527944504227,0.8175744695262775
0.9241418137109955,0.8175744828610095,0.7310585669110203,0.7057850278370111,0.5926665999540698,0.5621765008857982,0.5926665999540698,0.6224593312018546,0.5926665999540698,0.5621765008857981,0.5312093733737563,0.5312093733737562,0.5926665999540698,0.5621765008857981,0.5621765008857981,0.46879062662624377,0.5312093733737563,0.5621765008857981,0.5621765008857981,0.5926665999540698,0.6224593312018546
0.6791786926816161,0.7057850278370112,0.7549149923816048,0.817574471748733,0.7549149813536518,0.7549149923816048,0.7772998508568417,0.7772998663336158,0.8175744739711883,0.7549149868676283,0.7549149813536518,0.7549149978955811,0.7549149868676283,0.7772998663336158,0.7981867825403177,0.8175744695262775,0.8175744673038222,0.8519527944504227,0.817574478416099,0.8354835432479661,0.8519528076067262
0.946596664927252,0.9324533060447605,0.914900950352329,0.9241418278134569,0.914900959053549,0.9149009468718409,0.9399133435142799,0.9241418257242036,0.924141819456443,0.9324533083911025,0.92414182363495,0.9324533112067128,0.9465966677520327,0.9399133433038894,0.932453310268176,0.9149009596336303,0.9241418210233832,0.9149009555730611,0.9149009474519223,0.9465966658688457,0.9525741244662868
0.8354835371034368,0.7772998663336158,0.7981867729389246,0.8354835350552604,0.8354835371034368,0.8175744761936437,0.8354835309589074,0.8354835432479661,0.8519528000888386,0.867035771827307,0.8670357563664174,0.8354835309589074,0.8354835391516133,0.817574478416099,0.8175744828610095,0.8354835309589074,0.8519528057272543,0.8933093968230773,0.8933093996634686,0.8670357649558006,0.8807970826714614
0.5621765008857981,0.5926665999540698,0.6513548714339145,0.7310585727705127,0.679178686187839,0.679178686187839,0.679178699175393,0.731058584489497,0.7549149923816048,0.7981867825403176,0.7772998663336158,0.7549149923816048,0.7549149758396752,0.7981867801399695,0.7772998611746912,0.8175744850834648,0.8354835371034368,0.8519528076067262,0.8519527944504227,0.8519528076067262,0.8519528057272544
0.6224593312018546,0.5926665999540698,0.651354857898194,0.7057850340255386,0.6513548646660543,0.6224593312018546,0.6791786926816161,0.6513548782017745,0.679178686187839,0.731058584489497,0.7549149978955811,0.7057850154599562,0.7310585903489892,0.7310585727705126,0.7310585786300049,0.731058584489497,0.7549149813536518,0.7772998560157665,0.7772998560157665,0.7772998663336157,0.7549149868676283
0.9706877719515358,0.9465966681286702,0.9324533069832973,0.9324533097989076,0.9241418205010697,0.9149009462917594,0.946596671330088,0.952574121941844,0.9324533158993963,0.9324533018213449,0.9324533158993963,0.9324533149608595,0.9399133458285746,0.946596664927252,0.9399133512987252,0.9241418189341296,0.914900963114118,0.9046505293168445,0.9149009532527358,0.9241418252018901,0.9241418189341296
0.7549149813536518,0.8175744828610095,0.7772998508568416,0.817574478416099,0.8519528000888386,0.8354835309589074,0.8354835309589074,0.8519528057272543,0.8670357632379241,0.8807970685907242,0.8670357666736773,0.851952809486198,0.8354835289107307,0.7981867825403177,0.817574478416099,0.8519528057272543,0.867035771827307,0.8933094096048377,0.8933094017937621,0.8807970858005139,0.851952809486198
0.798186775339273,0.7981867825403177,0.7981867729389246,0.7772998611746912,0.7981867849406659,0.7772998611746911,0.7772998560157665,0.7310585786300048,0.7772998560157665,0.7772998611746911,0.7981867681382279,0.8175744806385542,0.7310585903489891,0.7772998508568417,0.7549149923816048,0.7772998663336158,0.7772998611746911,0.7981867801399695,0.817574478416099,0.817574471748733,0.8354835452961425
0.5,0.5621765008857981,0.5312093733737562,0.5926665999540698,0.6224593382055109,0.5312093733737562,0.5621765008857981,0.5926665999540698,0.6513548646660543,0.6791786861878392,0.6791787056691698,0.6224593312018545,0.6513548511303338,0.679178686187839,0.6224593312018546,0.6791787056691698,0.679178686187839,0.7057850340255386,0.7310585727705127,0.7310585669110203,0.7549149813536518
0.9241418137109955,0.9046505293168445,0.914900963114118,0.9149009480320036,0.9241418205010697,0.9324533027598817,0.9324533097989076,0.9324533018213449,0.946596664927252,0.9465966718950439,0.9465966718950439,0.9465966718950439,0.9399133483532596,0.9465966681286702,0.9525741249711753,0.9465966726483187,0.9399133451974032,0.9399133498259924,0.9465966726483187,0.9465966718950439,0.9525741244662868
0.731058584489497,0.7057850278370112,0.7057850216484838,0.7549149758396752,0.7057850278370112,0.7057850340255386,0.7057850340255386,0.7057850340255386,0.7310585727705127,0.7549149758396752,0.7549149868676283,0.7310585786300049,0.7057850278370112,0.6513548646660543,0.6513548782017745,0.6513548646660543,0.7057850278370112,0.7057850278370112,0.7549149923816048,0.7549149923816048,0.7057850402140659
0.6513548511303338,0.679178692681616,0.6513548511303338,0.7772998560157665,0.7310585844894971,0.679178699175393,0.6791787056691697,0.7310585786300049,0.7549149813536518,0.7772998714925403,0.7772998560157665,0.7549149923816048,0.7057850278370112,0.7310585669110202,0.731058584489497,0.7310585786300049,0.7549149923816048,0.7772998611746911,0.817574471748733,0.8175744761936437,0.7772998560157665
0.8175744695262775,0.7981867825403177,0.8354835371034368,0.8519528038477824,0.8175744828610095,0.8354835350552604,0.8670357649558006,0.8670357683915538,0.8807970685907242,0.8670357598021707,0.8519528019683105,0.8354835391516133,0.8175744828610095,0.817574471748733,0.8354835432479661,0.8519528000888386,0.8670357615200475,0.8807970748488297,0.9046505331728752,0.8933094096048376,0.8670357529306639
0.8354835330070838,0.8175744761936437,0.8354835330070838,0.8807970826714614,0.9046505408849362,0.904650527388829,0.8933094152856196,0.8933094046341532,0.9241418137109955,0.9241418137109955,0.9241418152779358,0.9399133512987252,0.9399133521402868,0.9324533079218341,0.9241418152779358,0.9241418215456966,0.9241418126663686,0.9399133529818484,0.9399133538234099,0.9465966718950439,0.9465966656805269
0.9399133498259924,0.9241418231126367,0.9241418241572635,0.9399133458285746,0.9324533121452495,0.9399133483532596,0.9465966656805269,0.946596664927252,0.9525741269907293,0.9626731146638163,0.946596671330088,0.9399133555065331,0.9465966662454831,0.9525741290102834,0.9399133475116979,0.9399133555065331,0.946596671330088,0.9399133483532596,0.9324533121452495,0.9399133491948212,0.9525741295151718
0.880797071719777,0.9149009532527358,0.9046505312448597,0.9241418225903234,0.9149009573133051,0.9149009607937928,0.9149009538328171,0.9149009457116781,0.9046505395995927,0.9149009532527358,0.9046505440982948,0.9046505254608136,0.9149009497722477,0.9149009602137116,0.9149009613738741,0.904650541527608,0.9149009515124917,0.904650536386234,0.9149009602137116,0.9324533022906133,0.9324533069832973
0.6224593241981982,0.6791786861878392,0.6224593312018546,0.7057850216484838,0.7057850278370112,0.6513548511303338,0.6513548511303338,0.679178699175393,0.7057850278370112,0.7310585727705126,0.7057850216484839,0.7057850278370112,0.6791786861878392,0.6513548511303338,0.6224593312018546,0.5926665999540698,0.6513548646660543,0.679178699175393,0.7057850402140659,0.7549149868676283,0.7057850402140659
0.9241418231126367,0.7772998508568417,0.7310585786300049,0.6791786861878392,0.5926665999540697,0.5312093733737563,0.5621765008857981,0.6513548714339145,0.5621765008857981,0.5312093733737563,0.5621765008857982,0.5312093733737563,0.5312093733737563,0.5312093733737563,0.5312093733737563,0.5,0.46879062662624377,0.5,0.5312093733737563,0.5,0.5312093733737563
0.8519528038477825,0.8670357683915538,0.8670357563664174,0.8933094081846421,0.8807970732843033,0.8670357701094303,0.8670357701094303,0.8807970779778824,0.880797071719777,0.8807970826714614,0.8670357477770337,0.8670357512127872,0.8807970748488297,0.8933094138654242,0.8807970779778824,0.8670357512127872,0.880797071719777,0.8807970795424087,0.8933094145755219,0.9046505434556231,0.9149009613738741
0.8670357649558006,0.8175744761936437,0.8354835432479661,0.8519528038477824,0.8670357683915538,0.8670357563664174,0.8354835391516133,0.8519528076067262,0.8670357649558006,0.8933094167058151,0.8807970685907242,0.8519528038477824,0.8519527944504227,0.8354835350552604,0.8354835432479661,0.8670357649558006,0.8933093996634686,0.8807970654616711,0.8933094017937621,0.8933094017937621,0.8807970685907242
0.9626731123881445,0.8670357683915538,0.817574471748733,0.817574471748733,0.7310585786300049,0.7057850154599562,0.7772998611746912,0.8354835371034368,0.7981867801399694,0.7549149758396752,0.7310585903489891,0.7310585903489891,0.7772998508568416,0.7981867825403177,0.7772998560157665,0.7549149758396752,0.7310585786300049,0.7549149923816048,0.7057850216484838,0.7772998611746912,0.7772998663336157
0.8807970889295664,0.9149009532527358,0.9241418267688303,0.9149009596336303,0.9241418215456966,0.9241418137109956,0.9241418126663686,0.9149009480320036,0.9241418137109956,0.9324533036984185,0.9149009509324104,0.9241418225903233,0.9241418241572634,0.9241418241572634,0.9324533121452495,0.9149009578933863,0.9241418205010697,0.9324533018213449,0.9399133466701362,0.9324533069832973,0.9525741295151718
0.817574478416099,0.7549149758396752,0.7549149758396752,0.817574471748733,0.7981867681382279,0.7549149813536518,0.7772998560157665,0.7981867729389246,0.798186768138228,0.8175744761936437,0.817574471748733,0.7549149923816048,0.7549149923816048,0.7057850340255386,0.7549149978955811,0.7772998663336158,0.7772998560157665,0.817574471748733,0.7981867729389246,0.7549149813536518,0.7549149813536518
0.651354857898194,0.651354857898194,0.6224593312018546,0.6791787056691698,0.7057850154599563,0.679178699175393,0.6513548714339144,0.6513548511303338,0.7057850278370112,0.7310585903489891,0.7310585786300049,0.7549149813536518,0.7057850154599562,0.6791786861878392,0.6791787056691697,0.6224593312018546,0.7057850216484838,0.7310585669110202,0.7549149813536518,0.7772998508568416,0.7772998714925403
0.7549149813536518,0.7310585786300049,0.7310585844894971,0.7549149978955811,0.798186775339273,0.7057850340255386,0.7310585903489891,0.7310585903489891,0.7772998560157665,0.7981867753392728,0.7981867801399694,0.7772998508568416,0.7549149813536518,0.7057850216484838,0.7057850278370112,0.7057850278370112,0.7549149868676283,0.7549149868676283,0.7772998663336157,0.7772998663336158,0.7981867825403177
0.7057850340255386,0.7057850278370112,0.7057850154599562,0.8175744850834648,0.7981867825403176,0.7772998663336157,0.798186768138228,0.7981867801399695,0.817574471748733,0.8519528000888386,0.8354835371034368,0.8519528057272544,0.8519528038477825,0.8175744850834648,0.8354835330070838,0.8175744761936437,0.8670357494949105,0.8670357494949105,0.8807970764133561,0.9046505254608136,0.8670357529306639
0.6791787056691697,0.5312093733737563,0.5312093733737563,0.5621765008857981,0.5312093733737563,0.5312093733737563,0.5312093733737563,0.5926665999540697,0.6224593382055109,0.6513548714339145,0.651354857898194,0.5926665999540698,0.6224593312018546,0.5621765008857981,0.6224593312018546,0.6513548714339144,0.651354857898194,0.6791786926816161,0.731058584489497,0.7057850154599562,0.6513548646660543
0.6224593312018546,0.6224593241981982,0.679178699175393,0.7057850340255386,0.651354857898194,0.6224593382055109,0.6224593241981982,0.731058584489497,0.731058584489497,0.7549149813536518,0.731058584489497,0.7057850216484838,0.7057850216484838,0.731058584489497,0.7057850216484838,0.7310585727705126,0.7772998560157665,0.8354835289107309,0.8354835289107309,0.7772998663336158,0.7981867825403176
0.7057850340255386,0.7057850402140659,0.798186768138228,0.7772998560157665,0.7549149813536518,0.7772998663336158,0.798186768138228,0.8175744695262775,0.8519528076067262,0.8175744673038222,0.7981867801399694,0.8175744695262775,0.7981867729389246,0.8175744739711883,0.8354835330070838,0.8354835350552603,0.8670357683915538,0.8933094046341532,0.8807970795424088,0.867035771827307,0.8670357649558006
0.6224593382055109,0.5926665999540698,0.6224593312018545,0.6224593382055109,0.5312093733737562,0.5312093733737562,0.5621765008857981,0.6224593241981982,0.6513548714339144,0.651354857898194,0.6513548646660543,0.5621765008857981,0.6224593312018546,0.6224593312018546,0.5926665999540698,0.679178699175393,0.7057850154599562,0.7057850216484838,0.7057850278370112,0.6791787056691698,0.7057850278370112
0.9626731126558705,0.8807970826714614,0.8354835350552604,0.8175744739711883,0.7549149923816048,0.7549149923816048,0.7981867681382279,0.7772998663336158,0.7549149868676283,0.7310585727705127,0.7310585669110202,0.7549149868676283,0.7310585669110202,0.7772998611746911,0.7981867849406659,0.7549149923816048,0.731058584489497,0.7310585727705127,0.7310585786300049,0.7310585786300049,0.7310585786300049
0.7057850216484838,0.6791787056691698,0.7057850278370112,0.7772998663336157,0.7549149813536518,0.7057850278370112,0.7057850278370112,0.7310585786300049,0.7772998663336158,0.7981867753392728,0.798186768138228,0.8175744739711883,0.8175744850834648,0.7981867705385762,0.7981867825403176,0.7981867753392728,0.8354835371034368,0.8519527982093666,0.8807970842359877,0.8519527982093666,0.8670357580842941
0.679178699175393,0.6791787056691697,0.6791786991753931,0.7310585786300049,0.6791786926816161,0.651354857898194,0.6791786926816161,0.6791787056691698,0.6791786991753931,0.7057850340255386,0.7057850154599563,0.6791786926816161,0.6224593312018546,0.6224593312018546,0.7057850340255386,0.6513548782017745,0.731058584489497,0.7310585669110202,0.7057850340255386,0.7057850340255386,0.7057850278370112
0.5926665999540698,0.5621765008857981,0.5,0.5,0.46879062662624377,0.40733340004593027,0.5,0.5312093733737563,0.5621765008857981,0.5621765008857981,0.5926665999540698,0.5621765008857981,0.5312093733737563,0.5621765008857981,0.5312093733737563,0.5926665999540697,0.5926665999540698,0.6513548646660542,0.6513548646660543,0.5926665999540697,0.6513548714339145
0.8354835371034368,0.7772998663336158,0.7549149813536518,0.7981867753392728,0.8175744673038222,0.8175744761936437,0.7772998508568416,0.7772998663336157,0.817574471748733,0.8354835391516133,0.8354835309589074,0.8354835391516133,0.7772998714925403,0.7772998714925403,0.7310585844894971,0.7549149813536518,0.7549149813536518,0.7981867729389246,0.8354835432479661,0.8519528076067262,0.8354835309589074
0.8933094174159127,0.9324533079218341,0.9324533027598817,0.9324533069832973,0.9324533140223229,0.9324533088603709,0.9399133435142799,0.9324533088603709,0.9399133563480947,0.9324533140223229,0.9324533140223229,0.9324533069832973,0.9324533112067128,0.9149009607937929,0.924141827813457,0.9324533060447605,0.9241418215456966,0.9324533069832973,0.9465966681286702,0.9465966688819449,0.962673111451103
0.6513548714339145,0.5926665999540698,0.6224593312018546,0.6224593312018545,0.5621765008857981,0.5926665999540698,0.6224593312018546,0.6791786861878392,0.7057850216484838,0.7310585727705126,0.6791787056691697,0.6791786926816161,0.6513548646660542,0.6791786861878392,0.7057850340255386,0.7057850340255386,0.7310585786300049,0.7310585669110202,0.6791786861878392,0.7310585786300049,0.7310585669110202
0.9579122728353318,0.8354835289107309,0.7981867825403177,0.7057850402140659,0.6791787056691698,0.6513548714339144,0.6224593312018545,0.7057850340255386,0.7310585903489892,0.7057850278370112,0.679178699175393,0.6791786926816161,0.7057850402140659,0.7057850340255386,0.7057850278370112,0.6791786926816161,0.7057850340255386,0.6224593312018545,0.5926665999540698,0.5621765008857981,0.5926665999540698
0.9324533140223229,0.7981867753392728,0.7772998714925403,0.7310585786300049,0.6513548782017745,0.6224593312018546,0.7057850340255386,0.7057850340255386,0.6224593312018546,0.5926665999540698,0.5621765008857981,0.5312093733737562,0.6224593312018546,0.5621765008857981,0.5,0.5,0.5621765008857981,0.5312093733737563,0.5621765008857981,0.5926665999540698,0.6224593312018546
0.8354835350552603,0.8354835289107309,0.7981867753392728,0.8354835289107309,0.817574478416099,0.7981867801399694,0.8354835371034368,0.8354835350552604,0.8175744828610095,0.798186768138228,0.817574471748733,0.7981867801399694,0.8354835432479661,0.8354835371034368,0.7981867825403177,0.7772998560157665,0.8175744673038222,0.8354835391516133,0.7981867825403177,0.7981867825403177,0.8175744739711883
0.8670357563664174,0.8670357666736773,0.8519528057272543,0.8807970732843033,0.8519528019683105,0.8519528000888386,0.8354835391516133,0.817574471748733,0.7981867825403177,0.8175744828610095,0.798186768138228,0.7981867801399695,0.8519528000888386,0.7772998663336158,0.817574478416099,0.7981867801399695,0.7772998663336158,0.8354835309589074,0.8670357546485407,0.8807970904940926,0.8670357666736772
0.880797071719777,0.8933094174159127,0.8670357563664174,0.8807970795424087,0.8670357701094303,0.8807970811069351,0.8807970842359877,0.8670357460591569,0.8933094039240554,0.8933094067644466,0.8933093989533708,0.8807970701552505,0.8807970873650401,0.8670357529306639,0.8670357683915538,0.8519528000888386,0.8807970858005139,0.9149009474519223,0.9324533060447605,0.9046505293168444,0.9046505267461572
0.8354835432479661,0.7310585786300049,0.705785040214066,0.7772998611746912,0.7549149813536518,0.7057850154599562,0.7549149868676283,0.7981867801399695,0.8175744828610095,0.8354835289107307,0.817574478416099,0.7772998714925403,0.7549149923816048,0.7549149923816048,0.7549149868676284,0.7549149923816048,0.798186775339273,0.7981867729389246,0.8175744739711883,0.7981867849406659,0.798186768138228
0.8807970764133561,0.9149009602137116,0.904650527388829,0.9149009503523291,0.9241418189341296,0.9149009549929797,0.9241418163225626,0.9241418267688303,0.9149009549929797,0.9046505447409666,0.9046505428129514,0.9046505428129514,0.9324533018213449,0.9324533088603709,0.9241418178895029,0.914900963114118,0.9324533079218341,0.9149009619539554,0.9324533088603709,0.9399133529818484,0.946596671330088
0.5926665999540698,0.5926665999540698,0.6224593312018546,0.6224593312018546,0.6224593312018546,0.6224593312018545,0.6791787056691698,0.6791786926816161,0.7057850216484838,0.7057850340255386,0.6513548782017745,0.6791786861878392,0.6791786861878392,0.6513548714339145,0.7310585786300049,0.7057850278370112,0.7549149813536518,0.7549149758396752,0.7310585903489892,0.7310585903489892,0.731058584489497
0.7057850154599563,0.731058584489497,0.7310585786300049,0.7549149758396752,0.7772998663336158,0.7549149758396752,0.7057850402140659,0.7549149923816048,0.7772998663336158,0.7772998560157665,0.7981867825403177,0.7772998663336158,0.7310585786300049,0.7310585727705126,0.7549149978955811,0.7772998560157665,0.7772998508568417,0.7981867825403177,0.8175744828610095,0.8354835371034368,0.7772998663336158
0.7981867753392728,0.7310585786300049,0.7310585786300049,0.7981867753392728,0.817574471748733,0.7772998663336158,0.7549149813536518,0.7772998508568417,0.7981867753392728,0.817574471748733,0.798186768138228,0.7549149813536518,0.7549149813536518,0.7549149813536518,0.7310585727705126,0.7549149923816048,0.7772998663336158,0.8354835432479661,0.8175744761936437,0.7981867801399694,0.7981867801399694
0.9796676474364818,0.9241418137109955,0.9046505370289059,0.8807970889295664,0.8519527982093666,0.8354835309589074,0.8354835452961425,0.8807970795424087,0.9149009497722477,0.9046505395995927,0.8807970889295664,0.8807970889295664,0.8519528038477824,0.8670357546485407,0.8807970779778824,0.8519528076067262,0.8354835289107309,0.8519528057272543,0.8519527982093666,0.8807970795424088,0.9046505434556231
0.679178692681616,0.6791786926816161,0.7057850278370112,0.731058584489497,0.6791787056691697,0.6513548714339145,0.6791787121629466,0.679178699175393,0.705785040214066,0.7057850340255386,0.6791787121629466,0.651354857898194,0.5926665999540697,0.6224593312018546,0.7057850154599562,0.679178699175393,0.6791786926816161,0.7057850216484838,0.7310585786300049,0.7057850340255386,0.6791787056691698
0.679178699175393,0.6224593241981982,0.651354857898194,0.7057850278370111,0.5926665999540698,0.5926665999540698,0.7057850340255386,0.7310585727705127,0.7549149923816048,0.7310585727705127,0.7057850340255386,0.6791786861878392,0.7057850278370112,0.679178699175393,0.7310585727705127,0.7549149758396752,0.7772998714925403,0.798186775339273,0.7772998663336158,0.7772998611746911,0.7549149758396752
0.679178692681616,0.5926665999540698,0.5621765008857981,0.651354857898194,0.6224593312018546,0.5,0.5,0.5,0.5312093733737563,0.5312093733737563,0.5,0.4687906266262437,0.40733340004593027,0.4687906266262437,0.46879062662624377,0.46879062662624377,0.5312093733737563,0.5312093733737563,0.5621765008857982,0.6224593312018546,0.5621765008857981
0.8354835371034368,0.867035771827307,0.8354835432479661,0.8670357477770337,0.8519528000888386,0.8807970858005139,0.8519528038477824,0.8519527963298947,0.8519528038477824,0.8519528038477824,0.8670357512127872,0.8807970795424087,0.8670357649558007,0.8670357598021707,0.8519528094861981,0.8354835411997897,0.8670357683915538,0.8807970889295664,0.904650536386234,0.9149009520925732,0.9149009567332237
0.6224593312018546,0.6224593312018546,0.6224593312018546,0.679178699175393,0.5926665999540698,0.6224593241981982,0.6224593312018546,0.6513548646660543,0.6791786861878392,0.6791786861878392,0.7310585727705126,0.7057850278370112,0.7057850216484839,0.679178699175393,0.7057850278370112,0.7549149978955811,0.7772998611746911,0.7981867753392728,0.7981867825403177,0.7772998663336158,0.7772998663336158
0.9399133458285746,0.9241418178895029,0.9046505351008906,0.8933093989533708,0.8807970748488297,0.9046505248181418,0.8933094067644466,0.9046505261034854,0.8933094046341533,0.9046505261034854,0.9149009462917594,0.9046505351008906,0.9149009497722477,0.9149009596336303,0.9149009596336303,0.8807970654616711,0.8933094046341533,0.880797085800514,0.9046505261034854,0.9149009578933863,0.9241418152779357
0.9579122765900843,0.8807970764133561,0.8519528000888386,0.8354835371034368,0.8175744761936437,0.7772998560157665,0.7772998663336158,0.8354835391516133,0.8354835391516133,0.8175744673038222,0.798186775339273,0.7772998560157665,0.7772998611746912,0.8175744673038222,0.8175744739711883,0.7981867825403177,0.7772998560157665,0.7549149813536518,0.7310585786300049,0.7981867801399694,0.7981867801399694
0.8519528019683105,0.8933093996634686,0.8807970858005139,0.8933093989533708,0.893309411735131,0.8933094138654242,0.9046505318875316,0.8807970748488297,0.8807970811069351,0.880797071719777,0.8670357701094303,0.8807970811069351,0.8933094167058151,0.8670357701094303,0.8807970889295664,0.8670357701094303,0.8933093961129794,0.9046505286741726,0.9046505376715775,0.9241418189341296,0.9149009474519222
0.6224593382055109,0.5621765008857982,0.6224593312018546,0.6791786861878392,0.6791786861878392,0.651354857898194,0.6224593312018546,0.6513548646660543,0.679178699175393,0.7310585786300049,0.7310585669110203,0.7310585727705127,0.7310585727705127,0.7310585903489892,0.7310585727705127,0.731058584489497,0.7549149868676283,0.8175744739711883,0.7549149868676284,0.7981867753392728,0.7981867825403177
0.8519528076067262,0.7772998560157665,0.7772998611746911,0.817574471748733,0.8175744828610095,0.7772998508568416,0.7772998508568416,0.7772998611746911,0.7981867801399694,0.8354835309589074,0.8175744673038222,0.7981867801399694,0.7549149868676283,0.7310585786300049,0.7057850278370112,0.7981867801399694,0.817574478416099,0.8354835350552604,0.8519527944504227,0.8354835432479661,0.8354835309589074
0.6513548646660543,0.6513548511303338,0.6224593312018546,0.6791786861878392,0.679178699175393,0.6224593312018546,0.6513548714339145,0.679178692681616,0.7057850154599563,0.7310585669110202,0.6791786861878392,0.679178699175393,0.622459338205511,0.6513548646660542,0.7057850278370112,0.7057850340255386,0.7310585669110202,0.7310585786300049,0.731058584489497,0.7310585844894971,0.7310585669110202
0.9669140188702279,0.9465966681286702,0.9241418163225626,0.9324533018213449,0.9241418278134569,0.9149009578933863,0.9399133475116979,0.9465966656805269,0.9399133475116979,0.9324533121452495,0.9324533036984185,0.9324533036984185,0.9324533130837861,0.9399133555065331,0.9241418215456966,0.9149009561531424,0.9149009497722477,0.8807970654616711,0.8933094046341533,0.9241418278134569,0.9241418215456966
0.8519528019683105,0.7549149868676284,0.7057850402140659,0.7772998663336158,0.7549149813536518,0.7310585727705127,0.7549149813536518,0.7981867825403177,0.817574478416099,0.8519528038477824,0.8354835391516133,0.8175744828610095,0.7981867729389246,0.798186775339273,0.7772998663336158,0.7981867801399694,0.817574471748733,0.817574471748733,0.8519528019683105,0.8175744806385543,0.7981867801399694
0.9626731126558705,0.8807970764133561,0.8670357649558006,0.8670357683915538,0.8354835289107309,0.8175744739711883,0.7981867825403177,0.8354835350552604,0.8807970654616711,0.8519528076067262,0.8354835371034368,0.8354835350552604,0.8354835309589074,0.817574478416099,0.8175744828610095,0.8354835289107309,0.8519527944504227,0.817574471748733,0.8519527982093666,0.7772998611746912,0.817574471748733
0.957912271934191,0.9046505312448597,0.8933093968230773,0.8933094017937621,0.867035771827307,0.7981867825403177,0.8354835330070838,0.8670357683915538,0.8807970873650401,0.8354835391516133,0.8354835330070839,0.8354835289107307,0.8354835411997897,0.8519528038477824,0.8354835309589074,0.8175744850834649,0.8354835371034368,0.8354835391516133,0.817574471748733,0.7772998663336158,0.8175744850834649
0.7981867753392728,0.7310585727705127,0.7549149813536518,0.8175744739711883,0.8175744761936437,0.7981867729389246,0.7772998560157665,0.798186768138228,0.7981867729389246,0.817574478416099,0.798186775339273,0.798186768138228,0.7549149923816048,0.7549149813536518,0.7549149813536518,0.7310585786300049,0.7772998663336158,0.7772998714925403,0.7981867825403177,0.8175744695262777,0.7772998508568416
0.5926665999540698,0.6224593312018546,0.6224593382055109,0.679178699175393,0.6513548646660543,0.6224593312018546,0.6224593312018546,0.651354857898194,0.7057850278370112,0.7310585903489891,0.7310585727705126,0.7057850278370112,0.7310585669110203,0.6791787056691698,0.7057850340255386,0.7549149923816048,0.7772998508568416,0.7772998508568416,0.7549149813536518,0.7310585786300049,0.7549149813536518
0.9465966681286702,0.8670357546485407,0.8175744828610095,0.7549149868676283,0.7549149868676284,0.6791787121629465,0.7057850402140659,0.7549149813536518,0.7310585844894971,0.7057850278370112,0.679178692681616,0.679178699175393,0.6791786926816161,0.7310585786300049,0.731058584489497,0.6791786926816161,0.6791786926816161,0.6791786991753931,0.7057850154599562,0.6513548646660543,0.7057850340255386
0.6791786926816161,0.6791786861878392,0.6513548714339145,0.7057850278370112,0.6513548714339145,0.5621765008857981,0.5621765008857981,0.5621765008857981,0.5621765008857981,0.6224593312018546,0.5926665999540698,0.5926665999540698,0.5621765008857982,0.5312093733737563,0.5621765008857981,0.5,0.5621765008857981,0.5926665999540698,0.6791787121629466,0.6513548646660543,0.6224593312018546
0.8354835371034368,0.8807970826714614,0.8807970685907242,0.8933093968230773,0.8807970670261976,0.8807970858005139,0.8933094096048377,0.8933094167058151,0.8933094167058151,0.8807970764133561,0.8807970654616711,0.8933094145755219,0.9046505261034854,0.9046505280315008,0.8933094067644466,0.8933094145755219,0.8933094145755219,0.9046505261034854,0.8933094046341533,0.9241418137109956,0.9324533121452495
0.6224593312018546,0.5621765008857981,0.5312093733737563,0.5926665999540697,0.5312093733737563,0.5312093733737563,0.5926665999540698,0.5926665999540698,0.6513548511303338,0.6513548714339145,0.6224593312018546,0.6224593312018546,0.6224593312018546,0.5926665999540698,0.6791786926816161,0.6791787056691698,0.6791787121629465,0.7310585727705127,0.7057850278370112,0.6791787056691698,0.7057850340255386
0.9399133443558416,0.9324533149608595,0.9399133521402868,0.9399133466701362,0.9324533027598817,0.9399133521402868,0.9399133458285746,0.9525741214369554,0.9525741269907293,0.952574121941844,0.9465966656805269,0.9525741234565096,0.9525741269907294,0.9324533130837862,0.9324533112067128,0.9399133443558416,0.9465966745315055,0.9579122672782974,0.9706877671287282,0.9626731117188292,0.9669140211345885
0.8519527944504227,0.8519528019683105,0.8519528057272543,0.8519527982093666,0.8354835391516133,0.8354835289107307,0.8354835289107309,0.8354835411997897,0.8519527982093666,0.8175744850834648,0.8175744739711883,0.8175744761936437,0.8175744761936437,0.817574471748733,0.8519528038477824,0.8354835350552603,0.7981867801399695,0.8354835330070839,0.8175744739711883,0.7981867873410141,0.8175744850834649
0.8175744828610095,0.7772998560157665,0.7981867753392728,0.8670357512127872,0.8519527982093666,0.8519527963298947,0.8519528057272543,0.8807970654616711,0.8807970654616711,0.8933093968230773,0.9046505434556231,0.893309411735131,0.8670357512127872,0.8670357546485407,0.8670357546485407,0.8519528019683105,0.8519528019683105,0.8670357701094303,0.8670357477770337,0.8933093989533708,0.8933094096048377
0.8175744806385543,0.7057850216484838,0.7057850278370112,0.7057850340255386,0.6791787056691698,0.7057850402140659,0.7549149923816048,0.7981867801399695,0.817574471748733,0.8175744806385543,0.7981867681382279,0.7772998611746911,0.7549149923816048,0.7310585786300049,0.7772998508568416,0.7772998663336158,0.7772998508568416,0.8175744850834648,0.817574478416099,0.798186768138228,0.7981867801399695
0.8807970654616711,0.8670357615200475,0.8807970826714614,0.9149009549929797,0.9046505434556231,0.9241418163225626,0.9241418137109955,0.9324533032291501,0.9324533060447606,0.9399133555065331,0.9324533112067128,0.924141827813457,0.9149009607937929,0.9046505325302034,0.9399133443558416,0.9465966758497363,0.9525741300200604,0.9465966702001757,0.9465966752847802,0.9465966688819449,0.9399133451974032
0.5312093733737563,0.5312093733737563,0.5,0.5621765008857981,0.4687906266262437,0.5,0.5,0.5,0.5,0.5312093733737563,0.4378234991142019,0.46879062662624377,0.4687906266262437,0.5,0.5,0.5621765008857981,0.5621765008857981,0.5926665999540698,0.5926665999540698,0.5621765008857981,0.5621765008857981
0.5621765008857982,0.5,0.5,0.5312093733737563,0.5,0.5312093733737563,0.622459338205511,0.5926665999540697,0.5926665999540697,0.6513548646660543,0.6224593312018546,0.5621765008857982,0.5926665999540698,0.6224593312018546,0.6513548646660542,0.6791787056691697,0.731058584489497,0.6791786861878392,0.679178699175393,0.7057850216484838,0.6791786861878392
0.8354835452961425,0.8670357615200475,0.8519528019683105,0.880797076413356,0.8807970873650401,0.8807970858005139,0.8933094081846421,0.8807970904940926,0.880797068590724,0.8670357683915537,0.8807970764133561,0.880797071719777,0.8670357615200475,0.8933094159957174,0.904650527388829,0.8807970842359877,0.9046505434556231,0.9046505357435622,0.8933093961129794,0.914900959053549,0.9241418215456966
0.9324533121452495,0.9324533107374443,0.9149009613738741,0.9324533018213449,0.9241418173671894,0.914900945711678,0.9241418252018901,0.9046505318875316,0.8933094067644466,0.9149009625340366,0.9149009625340366,0.9046505248181418,0.9241418252018901,0.9149009555730611,0.8670357546485407,0.867035758084294,0.8807970889295664,0.8807970858005139,0.8933093961129794,0.9149009636941992,0.9324533149608596
0.817574471748733,0.7981867825403177,0.7981867825403177,0.8354835371034368,0.7981867801399695,0.8175744828610095,0.8354835432479661,0.8519528038477824,0.8519528038477824,0.8807970795424087,0.8807970670261976,0.8807970889295664,0.8670357666736773,0.8354835371034368,0.851952809486198,0.8175744806385543,0.8670357477770337,0.8670357632379241,0.8807970670261976,0.8807970748488297,0.8519528076067262
0.9740426429905804,0.9241418205010699,0.9046505254608136,0.8807970654616711,0.8175744828610095,0.7981867729389246,0.8354835432479661,0.8670357683915538,0.8354835391516133,0.817574478416099,0.8175744739711883,0.817574471748733,0.8175744695262777,0.8519528019683105,0.851952809486198,0.7981867825403177,0.7981867825403177,0.7549149923816048,0.7772998714925403,0.817574471748733,0.8354835350552604
0.7981867825403177,0.7772998663336158,0.798186768138228,0.8354835350552604,0.8519528000888387,0.8175744761936437,0.817574478416099,0.8519527963298947,0.8670357615200475,0.880797085800514,0.8670357494949105,0.8519528019683105,0.817574471748733,0.8175744828610095,0.8175744828610095,0.8354835350552603,0.8519528000888386,0.8670357529306639,0.8670357477770337,0.8670357598021707,0.8519528076067262
0.8807970732843033,0.904650527388829,0.8933094046341532,0.8933094096048376,0.8670357649558006,0.8807970889295664,0.8519528019683105,0.8670357615200475,0.8670357615200475,0.8519528019683105,0.8807970685907242,0.880797085800514,0.8670357529306639,0.8519528038477825,0.8519528038477825,0.8519527963298947,0.8670357615200475,0.9149009619539554,0.9149009619539554,0.9149009549929797,0.9046505312448597
0.6224593312018546,0.5621765008857982,0.5312093733737563,0.5312093733737563,0.5621765008857981,0.5,0.4378234991142019,0.46879062662624377,0.46879062662624377,0.5312093733737563,0.5312093733737563,0.5621765008857981,0.5,0.4378234991142019,0.46879062662624377,0.43782349911420193,0.46879062662624377,0.5312093733737563,0.5926665999540697,0.5926665999540697,0.5312093733737563
0.9626731168056251,0.9149009503523291,0.8807970826714614,0.8519527944504227,0.8175744828610095,0.7772998714925403,0.8354835391516133,0.8670357649558006,0.8519528057272543,0.817574471748733,0.7981867729389246,0.8175744673038222,0.8354835371034368,0.8519528038477824,0.8519527982093666,0.817574471748733,0.7772998611746911,0.7981867825403177,0.8354835330070839,0.8175744850834648,0.8519528000888386
0.9626731168056251,0.8807970764133561,0.851952809486198,0.8354835309589074,0.8175744850834648,0.7772998508568416,0.798186768138228,0.8175744695262777,0.8807970685907242,0.851952809486198,0.817574478416099,0.8175744828610095,0.8354835432479661,0.8354835452961425,0.8670357683915538,0.880797071719777,0.8354835391516133,0.8354835309589074,0.8175744806385543,0.7981867681382279,0.8175744828610095
0.9149009619539554,0.8933094074745443,0.9046505447409666,0.9046505370289057,0.9046505395995927,0.9241418225903233,0.9241418205010697,0.9241418205010697,0.9324533097989076,0.9241418215456966,0.9324533027598817,0.9149009491921664,0.9399133531922388,0.9241418241572635,0.9046505395995927,0.9046505376715775,0.9241418252018901,0.9149009474519222,0.9324533032291501,0.946596664362296,0.9525741315347258
0.5621765008857981,0.5,0.46879062662624377,0.5,0.4378234991142019,0.40733340004593027,0.5,0.5312093733737563,0.5621765008857981,0.5926665999540698,0.5,0.4687906266262437,0.5312093733737563,0.5,0.5621765008857981,0.5621765008857982,0.5926665999540698,0.5621765008857981,0.5621765008857982,0.6513548646660543,0.5926665999540697
0.8807970889295664,0.8933093968230773,0.9046505331728752,0.9046505370289057,0.9046505261034854,0.9046505280315008,0.9149009480320036,0.9149009509324104,0.9149009596336303,0.9241418126663686,0.9149009578933863,0.9149009613738741,0.9324533140223229,0.9149009509324104,0.9149009480320036,0.9241418278134569,0.9149009549929797,0.9324533018213449,0.9465966707651318,0.9465966662454831,0.9626731149315424
0.7057850216484838,0.7057850402140659,0.6791787056691698,0.7549149868676284,0.7549149813536518,0.7057850340255386,0.7310585903489892,0.7057850278370112,0.7310585844894971,0.7549149813536518,0.7549149923816048,0.7549149813536518,0.7549149868676283,0.731058584489497,0.7057850402140659,0.6513548646660543,0.679178699175393,0.731058584489497,0.7549149923816048,0.7772998611746912,0.7772998663336157
0.9669140223263571,0.9046505331728752,0.8519528000888386,0.8354835371034368,0.7549149978955811,0.7310585669110203,0.7549149978955811,0.8175744828610095,0.7549149868676283,0.7772998611746911,0.7772998560157665,0.7549149923816048,0.7772998611746911,0.7772998611746912,0.7981867753392728,0.7310585786300049,0.7549149813536518,0.7549149923816048,0.7310585903489892,0.7981867681382279,0.8175744806385543
0.952574130693245,0.8933094046341532,0.867035771827307,0.8354835289107309,0.7981867825403177,0.7772998611746912,0.8519527944504227,0.8354835309589074,0.7981867825403177,0.7772998560157665,0.7772998508568416,0.7549149978955811,0.7981867729389246,0.7981867681382279,0.7772998663336157,0.7057850340255386,0.731058584489497,0.7310585903489891,0.7549149923816048,0.7549149923816048,0.798186768138228
0.7549149923816048,0.6224593312018546,0.6224593312018545,0.6224593312018545,0.6224593382055109,0.5926665999540698,0.5621765008857981,0.5926665999540697,0.6224593312018546,0.679178699175393,0.5926665999540698,0.5621765008857981,0.5621765008857981,0.5926665999540698,0.651354857898194,0.651354857898194,0.7057850278370112,0.7057850216484838,0.651354857898194,0.6791786861878392,0.679178699175393
0.679178686187839,0.651354857898194,0.7057850340255386,0.7549149923816048,0.7057850278370112,0.6791787056691698,0.7310585727705126,0.7310585903489892,0.7549149923816048,0.7772998663336157,0.7772998611746911,0.7981867705385762,0.7981867801399695,0.7981867825403176,0.7549149813536518,0.7772998663336157,0.817574471748733,0.8175744739711883,0.8670357683915538,0.8519527944504227,0.8354835371034368
0.9525741249711753,0.8670357649558006,0.8354835350552603,0.8175744695262775,0.7772998508568416,0.7057850154599563,0.7310585727705126,0.7549149923816048,0.7549149868676283,0.7057850278370112,0.7057850278370112,0.7057850278370112,0.7057850340255386,0.7310585786300049,0.7549149813536518,0.7057850154599562,0.6791786926816161,0.7057850216484838,0.6791786861878392,0.7057850216484838,0.7310585786300049
0.8354835289107309,0.8175744739711883,0.8354835452961425,0.8807970685907242,0.8670357563664174,0.8670357649558006,0.8933094003735664,0.9046505370289059,0.8933094152856196,0.9149009619539554,0.9046505293168445,0.8933094025038598,0.8933094152856196,0.8933094025038598,0.8807970873650401,0.8933094046341532,0.9241418231126367,0.9241418163225626,0.9324533158993963,0.9324533079218341,0.9241418241572635
0.7981867801399694,0.7057850154599562,0.7057850154599562,0.7549149923816048,0.7772998560157665,0.7772998560157665,0.7549149813536518,0.7772998611746912,0.7772998560157665,0.7772998560157665,0.7772998508568416,0.7772998663336158,0.7772998611746911,0.7310585786300049,0.6791787056691698,0.7057850402140659,0.7772998611746912,0.8175744828610095,0.8354835330070839,0.8354835371034368,0.8354835289107307
0.962673116537899,0.8670357649558006,0.8354835350552603,0.8175744828610095,0.798186768138228,0.7549149868676283,0.731058584489497,0.7772998663336158,0.8354835432479661,0.7981867825403177,0.7549149813536518,0.7310585786300049,0.7310585727705126,0.7310585786300049,0.7549149758396752,0.7549149813536518,0.731058584489497,0.731058584489497,0.7310585786300049,0.6791786926816161,0.731058584489497
0.8354835371034368,0.7549149923816048,0.7981867681382279,0.8519527963298947,0.817574471748733,0.7981867801399694,0.8175744673038222,0.8519528057272543,0.8354835309589074,0.8670357477770337,0.8807970795424087,0.8670357477770337,0.8354835452961425,0.8354835391516133,0.7981867801399694,0.7981867801399694,0.8519527982093666,0.8670357632379241,0.8807970858005139,0.8519528057272543,0.8519527982093666
0.6513548511303338,0.651354857898194,0.6513548714339144,0.7057850340255386,0.6513548714339145,0.6224593312018546,0.6224593312018546,0.6513548714339145,0.6791786926816161,0.7057850278370112,0.7057850216484838,0.6791787121629466,0.6513548511303338,0.6791787121629466,0.6224593312018545,0.6224593312018546,0.705785040214066,0.7310585786300049,0.7549149923816048,0.731058584489497,0.705785040214066
0.9241418267688303,0.8933094017937621,0.8670357529306639,0.8670357683915538,0.8519528057272543,0.8354835289107307,0.8519527963298947,0.8519528038477824,0.8354835350552604,0.8670357632379241,0.8670357598021707,0.8670357598021707,0.8933094167058151,0.8933094017937621,0.8933094145755219,0.8807970685907242,0.8807970795424087,0.867035771827307,0.880797085800514,0.8519527944504227,0.9046505447409666
0.651354857898194,0.6224593241981982,0.6224593312018545,0.6513548511303338,0.6224593312018545,0.5621765008857981,0.5926665999540698,0.6224593241981982,0.6513548646660543,0.679178699175393,0.6513548511303338,0.6224593241981982,0.6224593312018546,0.6224593382055109,0.5926665999540698,0.6224593312018546,0.6513548511303338,0.6791787056691698,0.7057850216484838,0.6791786926816161,0.6791786926816161
0.7772998611746911,0.7310585903489892,0.651354857898194,0.7310585786300049,0.7057850216484838,0.6513548646660543,0.6513548714339145,0.6513548714339145,0.679178699175393,0.7549149923816048,0.7310585727705127,0.7057850340255386,0.6513548782017745,0.6224593312018546,0.5926665999540698,0.6224593312018546,0.6791786861878392,0.7057850340255386,0.7772998663336158,0.7772998611746912,0.7057850340255386
0.5926665999540697,0.6224593312018546,0.6791787056691697,0.7057850216484838,0.6513548511303338,0.6224593312018546,0.6791786926816161,0.7057850216484838,0.679178699175393,0.7057850216484838,0.7310585786300049,0.7057850278370111,0.6791787056691698,0.7057850278370112,0.7057850402140659,0.7310585786300049,0.7772998663336158,0.7772998508568416,0.7981867729389246,0.7772998560157665,0.7772998663336158
0.9770226282919171,0.9149009584734676,0.904650538956921,0.8933094017937621,0.8670357477770337,0.8354835309589074,0.8519527944504227,0.8807970826714614,0.8807970779778824,0.8933094167058151,0.8807970889295664,0.8670357460591569,0.8670357701094303,0.8670357512127872,0.8354835289107307,0.8519528076067262,0.8933093989533708,0.8670357666736773,0.851952809486198,0.8175744828610095,0.8670357460591569
0.8933094003735664,0.9046505408849362,0.904650538956921,0.9046505331728752,0.9241418267688303,0.9241418215456966,0.9324533079218341,0.9241418267688303,0.9324533018213449,0.9241418189341296,0.9241418178895029,0.9324533107374443,0.9324533036984185,0.9241418205010697,0.9149009480320036,0.9149009561531424,0.9149009549929797,0.9149009462917594,0.9324533107374443,0.946596671330088,0.9465966726483187
0.8175744828610095,0.7057850216484838,0.6791787056691698,0.7310585727705127,0.7057850340255386,0.6791786926816161,0.7310585669110202,0.7549149813536518,0.798186775339273,0.7981867681382279,0.798186775339273,0.7549149923816048,0.7549149923816048,0.7310585903489891,0.7310585727705126,0.7772998508568416,0.7772998560157665,0.8175744828610095,0.7981867801399694,0.7549149813536518,0.7981867801399694
0.6791786926816161,0.7310585727705126,0.7310585669110203,0.7772998560157665,0.7549149923816048,0.7549149868676283,0.7981867729389246,0.7981867753392728,0.8175744761936437,0.8354835289107309,0.8519528038477825,0.8354835289107309,0.8354835432479661,0.7981867753392728,0.8354835432479661,0.8670357649558006,0.8807970764133561,0.9046505280315008,0.8933094145755219,0.8670357512127872,0.8933094046341533
0.8175744806385542,0.7057850278370112,0.7310585903489891,0.7981867801399694,0.8175744695262775,0.7772998508568417,0.7549149868676283,0.7981867705385762,0.8175744806385542,0.8519527944504227,0.867035771827307,0.8175744828610095,0.8175744761936437,0.7981867801399695,0.798186775339273,0.798186768138228,0.8354835432479661,0.8519527944504227,0.8670357615200475,0.8670357529306639,0.8354835350552603
0.5621765008857982,0.5,0.5312093733737563,0.5621765008857982,0.46879062662624377,0.46879062662624377,0.5312093733737563,0.5,0.5926665999540698,0.5312093733737563,0.5,0.5,0.5312093733737563,0.5312093733737562,0.5926665999540698,0.5621765008857982,0.6224593312018546,0.5926665999540698,0.5926665999540698,0.6224593312018546,0.5926665999540697
0.7981867729389246,0.7549149813536518,0.7772998611746911,0.8354835432479661,0.817574471748733,0.8175744761936437,0.8519527963298947,0.851952809486198,0.8354835309589074,0.8807970701552505,0.8807970701552505,0.8354835289107307,0.8519528019683105,0.817574478416099,0.817574478416099,0.8354835371034368,0.8670357477770337,0.8933093989533708,0.8933093968230773,0.880797071719777,0.8670357666736773
0.5621765008857981,0.5621765008857982,0.5621765008857981,0.5621765008857982,0.4687906266262437,0.5312093733737562,0.5621765008857982,0.5926665999540698,0.5926665999540698,0.6224593312018546,0.5312093733737563,0.5312093733737562,0.5312093733737563,0.5621765008857981,0.5621765008857981,0.6224593312018546,0.6791787056691698,0.6224593312018546,0.6224593312018546,0.6513548646660543,0.5926665999540698
0.798186768138228,0.7057850216484838,0.7549149813536518,0.8175744828610095,0.8175744828610095,0.7981867753392728,0.7981867753392728,0.8175744828610095,0.8354835391516133,0.8519527944504227,0.8933093968230773,0.8670357529306639,0.8519528057272543,0.8519528057272543,0.8354835330070838,0.8519528076067262,0.8670357649558006,0.8670357649558006,0.8933094124452287,0.8807970748488297,0.8519528038477825
0.9241418137109955,0.9241418152779358,0.8933093968230773,0.9046505351008906,0.9149009480320036,0.9046505261034854,0.9149009561531424,0.9241418178895029,0.9149009462917594,0.9241418267688303,0.9241418178895029,0.9324533097989076,0.9399133475116979,0.9241418178895029,0.9241418267688303,0.9149009462917594,0.9046505351008906,0.9241418205010697,0.9465966675637141,0.9525741290102834,0.9465966718950439
0.7772998560157665,0.7549149813536518,0.7549149923816048,0.7772998714925403,0.731058584489497,0.7310585903489891,0.7549149813536518,0.7772998663336158,0.7772998663336158,0.817574478416099,0.7772998611746912,0.7549149868676283,0.7310585669110203,0.7549149813536518,0.7772998508568416,0.7981867825403177,0.817574471748733,0.8354835309589074,0.7981867801399694,0.8175744761936437,0.7981867729389246
0.9820137891825251,0.946596664362296,0.9465966651155708,0.9525741280005063,0.9324533158993963,0.9324533112067128,0.9465966651155708,0.9525741234565097,0.939913344566232,0.9241418189341297,0.9324533121452495,0.9324533069832973,0.9324533130837862,0.9324533088603709,0.9241418225903234,0.9241418189341297,0.904650536386234,0.9046505383142492,0.9149009584734676,0.9324533022906133,0.9324533022906133
0.8933094003735664,0.8933094096048376,0.904650538956921,0.9046505408849362,0.9046505312448597,0.8933093996634686,0.9046505447409666,0.914900963114118,0.9046505428129514,0.8933093968230773,0.9046505331728752,0.9046505428129514,0.9241418163225626,0.9241418267688303,0.9046505351008906,0.9046505312448597,0.914900963114118,0.9046505293168445,0.9046505312448597,0.9241418252018901,0.946596669446901
0.5621765008857981,0.5312093733737563,0.5312093733737563,0.6224593312018546,0.5312093733737563,0.5,0.5312093733737563,0.5621765008857982,0.5926665999540698,0.5926665999540698,0.5926665999540698,0.5312093733737563,0.6224593312018546,0.5926665999540698,0.5926665999540698,0.5926665999540697,0.6513548511303338,0.6791787056691698,0.6791786861878392,0.6224593312018545,0.6791786861878392
0.9706877706265887,0.867035752930664,0.7981867801399694,0.7549149868676284,0.7057850154599562,0.6513548714339144,0.6513548714339144,0.731058584489497,0.7057850216484838,0.6791787121629466,0.679178699175393,0.6791787056691697,0.7057850278370112,0.6791786926816161,0.6791786861878392,0.6224593241981982,0.6513548782017745,0.5926665999540698,0.6791787056691697,0.6791787056691698,0.7057850340255386
0.8933093968230773,0.7310585786300048,0.6791787056691698,0.651354857898194,0.6513548646660542,0.5926665999540698,0.5621765008857982,0.6224593312018546,0.6224593312018546,0.5621765008857982,0.5621765008857982,0.5621765008857981,0.5621765008857982,0.5621765008857981,0.5312093733737563,0.43782349911420193,0.4687906266262437,0.4687906266262437,0.5312093733737563,0.5621765008857981,0.5926665999540698
0.7772998560157665,0.7549149758396752,0.7057850340255386,0.7549149923816048,0.7549149868676283,0.7057850154599563,0.6791787056691698,0.7057850340255386,0.7549149923816048,0.7981867681382279,0.7772998714925403,0.7549149923816048,0.7310585786300049,0.7310585786300049,0.6791787056691698,0.7310585727705126,0.7772998508568416,0.7772998611746912,0.8175744806385543,0.817574471748733,0.7772998611746912
0.7549149923816048,0.7549149923816048,0.7310585786300049,0.7772998560157665,0.7549149813536518,0.731058584489497,0.7057850278370112,0.7549149813536518,0.7772998508568416,0.7981867801399694,0.7772998714925403,0.7772998611746912,0.7310585786300049,0.7310585727705126,0.7310585786300049,0.7549149758396752,0.7772998663336158,0.817574478416099,0.8175744673038222,0.798186768138228,0.798186768138228
0.9324533126145179,0.9324533088603709,0.9324533107374443,0.9399133475116979,0.9324533036984185,0.9399133466701362,0.9525741274956179,0.9525741224467326,0.9579122681794381,0.9525741224467326,0.9579122689303887,0.9579122731357119,0.9579122731357119,0.9579122686300084,0.9626731139945011,0.9525741269907293,0.9399133529818484,0.9399133466701362,0.9465966707651318,0.9399133458285746,0.9525741280005064
0.9579122677288677,0.8354835350552604,0.7549149813536518,0.7057850402140659,0.6224593312018546,0.5621765008857981,0.5621765008857981,0.6513548646660543,0.6791786861878392,0.5926665999540697,0.651354857898194,0.6224593312018545,0.6791787056691698,0.6513548782017745,0.6791787056691698,0.6224593312018546,0.6224593312018546,0.5621765008857981,0.5312093733737562,0.6224593312018546,0.651354857898194
0.9669140193469353,0.8354835371034368,0.7981867825403177,0.7310585727705126,0.7057850216484838,0.6224593312018546,0.5926665999540698,0.679178699175393,0.7310585786300049,0.7057850216484838,0.679178692681616,0.7057850216484838,0.679178699175393,0.6791786926816161,0.7310585786300049,0.7057850340255386,0.679178699175393,0.6513548646660543,0.5926665999540698,0.6224593312018546,0.6791786861878392
0.7310585786300049,0.7549149813536518,0.7549149868676284,0.7772998663336157,0.7772998508568416,0.7549149923816048,0.7981867681382279,0.798186775339273,0.7981867801399695,0.8354835391516133,0.7981867801399695,0.7772998508568417,0.798186768138228,0.7772998714925403,0.7772998714925403,0.8175744828610095,0.8519527982093666,0.867035758084294,0.8807970748488297,0.8519527963298947,0.8519528057272543
0.8670357649558006,0.9149009515124917,0.9046505408849362,0.9241418241572635,0.9241418163225626,0.9241418178895029,0.9324533079218341,0.9149009619539554,0.9241418231126367,0.9241418241572635,0.9149009532527358,0.9324533018213449,0.9149009619539554,0.9046505312448597,0.9149009515124917,0.9046505293168445,0.9149009619539554,0.9241418278134569,0.9399133521402868,0.9399133458285746,0.9465966707651318
0.705785040214066,0.7057850216484838,0.7310585727705126,0.8175744739711883,0.8175744739711883,0.7981867825403176,0.7981867705385762,0.8175744784160989,0.8354835432479661,0.8519528000888386,0.8519528057272544,0.8670357563664174,0.8519527963298947,0.8519528057272544,0.8519528000888386,0.8175744739711883,0.8807970654616711,0.9046505254608136,0.9149009503523291,0.8933094152856196,0.8670357529306639
0.5926665999540698,0.5621765008857981,0.5926665999540698,0.5926665999540698,0.5,0.5,0.5,0.5926665999540698,0.5926665999540698,0.5926665999540698,0.5926665999540698,0.5312093733737563,0.5312093733737563,0.5926665999540698,0.5621765008857981,0.5926665999540698,0.6224593312018546,0.6513548714339145,0.651354857898194,0.6791786926816161,0.6791786991753931
